[ {
  "date" : "20170804",
  "summary" : [ {
    "activity" : "walking",
    "group" : "walking",
    "duration" : 3298.0,
    "distance" : 3544.0,
    "steps" : 4809,
    "calories" : 196
  }, {
    "activity" : "transport",
    "group" : "transport",
    "duration" : 143.0,
    "distance" : 640.0
  }, {
    "activity" : "cycling",
    "group" : "cycling",
    "duration" : 1876.0,
    "distance" : 7527.0,
    "calories" : 188
  } ],
  "segments" : [ {
    "type" : "place",
    "startTime" : "20170803T113515+0900",
    "endTime" : "20170804T100958+0900",
    "place" : {
      "id" : 257240275,
      "type" : "unknown",
      "location" : {
        "lat" : 43.084886,
        "lon" : 141.3453
      }
    },
    "activities" : [ {
      "activity" : "walking",
      "group" : "walking",
      "manual" : false,
      "startTime" : "20170804T100625+0900",
      "endTime" : "20170804T102037+0900",
      "duration" : 852.0,
      "distance" : 861.0,
      "steps" : 1148,
      "calories" : 48,
      "trackPoints" : [ ]
    } ],
    "lastUpdate" : "20170804T023517Z"
  }, {
    "type" : "move",
    "startTime" : "20170804T100958+0900",
    "endTime" : "20170804T101222+0900",
    "activities" : [ {
      "activity" : "transport",
      "group" : "transport",
      "manual" : false,
      "startTime" : "20170804T100958+0900",
      "endTime" : "20170804T101221+0900",
      "duration" : 143.0,
      "distance" : 640.0,
      "trackPoints" : [ {
        "lat" : 43.084886,
        "lon" : 141.3453,
        "time" : "20170804T100958+0900"
      }, {
        "lat" : 43.084498,
        "lon" : 141.34632,
        "time" : "20170804T101014+0900"
      }, {
        "lat" : 43.085326,
        "lon" : 141.34756,
        "time" : "20170804T101046+0900"
      }, {
        "lat" : 43.085465,
        "lon" : 141.34875,
        "time" : "20170804T101110+0900"
      }, {
        "lat" : 43.085507,
        "lon" : 141.34927,
        "time" : "20170804T101131+0900"
      }, {
        "lat" : 43.085883,
        "lon" : 141.34908,
        "time" : "20170804T101200+0900"
      }, {
        "lat" : 43.087099,
        "lon" : 141.35,
        "time" : "20170804T101222+0900"
      } ]
    } ],
    "lastUpdate" : "20170804T023517Z"
  }, {
    "type" : "place",
    "startTime" : "20170804T101222+0900",
    "endTime" : "20170804T114833+0900",
    "place" : {
      "id" : 194916953,
      "type" : "unknown",
      "location" : {
        "lat" : 43.0870986105,
        "lon" : 141.3500002739
      }
    },
    "activities" : [ {
      "activity" : "walking",
      "group" : "walking",
      "manual" : false,
      "startTime" : "20170804T101222+0900",
      "endTime" : "20170804T101726+0900",
      "duration" : 304.0,
      "distance" : 321.0,
      "steps" : 428,
      "calories" : 18,
      "trackPoints" : [ ]
    }, {
      "activity" : "walking",
      "group" : "walking",
      "manual" : false,
      "startTime" : "20170804T112349+0900",
      "endTime" : "20170804T113044+0900",
      "duration" : 415.0,
      "distance" : 499.0,
      "steps" : 666,
      "calories" : 28,
      "trackPoints" : [ ]
    } ],
    "lastUpdate" : "20170804T040616Z"
  }, {
    "type" : "move",
    "startTime" : "20170804T114833+0900",
    "endTime" : "20170804T115042+0900",
    "activities" : [ {
      "activity" : "cycling",
      "group" : "cycling",
      "manual" : false,
      "startTime" : "20170804T114833+0900",
      "endTime" : "20170804T115041+0900",
      "duration" : 128.0,
      "distance" : 517.0,
      "calories" : 13,
      "trackPoints" : [ {
        "lat" : 43.087099,
        "lon" : 141.35,
        "time" : "20170804T114833+0900"
      }, {
        "lat" : 43.086337,
        "lon" : 141.34893,
        "time" : "20170804T114850+0900"
      }, {
        "lat" : 43.085865,
        "lon" : 141.34896,
        "time" : "20170804T114906+0900"
      }, {
        "lat" : 43.085593,
        "lon" : 141.34898,
        "time" : "20170804T114921+0900"
      }, {
        "lat" : 43.085639,
        "lon" : 141.34883,
        "time" : "20170804T114936+0900"
      }, {
        "lat" : 43.085579,
        "lon" : 141.34819,
        "time" : "20170804T114953+0900"
      }, {
        "lat" : 43.085429,
        "lon" : 141.34729,
        "time" : "20170804T115012+0900"
      }, {
        "lat" : 43.084886,
        "lon" : 141.3453,
        "time" : "20170804T115042+0900"
      } ]
    } ],
    "lastUpdate" : "20170804T040616Z"
  }, {
    "type" : "place",
    "startTime" : "20170804T115042+0900",
    "endTime" : "20170804T121548+0900",
    "place" : {
      "id" : 257240275,
      "type" : "unknown",
      "location" : {
        "lat" : 43.084886,
        "lon" : 141.3453
      }
    },
    "activities" : [ {
      "activity" : "walking",
      "group" : "walking",
      "manual" : false,
      "startTime" : "20170804T115042+0900",
      "endTime" : "20170804T115218+0900",
      "duration" : 96.0,
      "distance" : 64.0,
      "steps" : 128,
      "calories" : 4,
      "trackPoints" : [ ]
    }, {
      "activity" : "walking",
      "group" : "walking",
      "manual" : false,
      "startTime" : "20170804T121441+0900",
      "endTime" : "20170804T121559+0900",
      "duration" : 78.0,
      "distance" : 52.0,
      "steps" : 104,
      "calories" : 3,
      "trackPoints" : [ ]
    } ],
    "lastUpdate" : "20170804T040616Z"
  }, {
    "type" : "move",
    "startTime" : "20170804T121548+0900",
    "endTime" : "20170804T121922+0900",
    "activities" : [ {
      "activity" : "cycling",
      "group" : "cycling",
      "manual" : false,
      "startTime" : "20170804T121548+0900",
      "endTime" : "20170804T121921+0900",
      "duration" : 213.0,
      "distance" : 571.0,
      "calories" : 15,
      "trackPoints" : [ {
        "lat" : 43.084886,
        "lon" : 141.3453,
        "time" : "20170804T121548+0900"
      }, {
        "lat" : 43.084529,
        "lon" : 141.34561,
        "time" : "20170804T121614+0900"
      }, {
        "lat" : 43.085074,
        "lon" : 141.34609,
        "time" : "20170804T121637+0900"
      }, {
        "lat" : 43.085276,
        "lon" : 141.34657,
        "time" : "20170804T121702+0900"
      }, {
        "lat" : 43.085427,
        "lon" : 141.34769,
        "time" : "20170804T121722+0900"
      }, {
        "lat" : 43.085572,
        "lon" : 141.34836,
        "time" : "20170804T121738+0900"
      }, {
        "lat" : 43.085786,
        "lon" : 141.34925,
        "time" : "20170804T121807+0900"
      }, {
        "lat" : 43.085884,
        "lon" : 141.34927,
        "time" : "20170804T121823+0900"
      }, {
        "lat" : 43.085979,
        "lon" : 141.34909,
        "time" : "20170804T121842+0900"
      }, {
        "lat" : 43.086289,
        "lon" : 141.34904,
        "time" : "20170804T121902+0900"
      }, {
        "lat" : 43.087099,
        "lon" : 141.35,
        "time" : "20170804T121922+0900"
      } ]
    } ],
    "lastUpdate" : "20170804T040616Z"
  }, {
    "type" : "place",
    "startTime" : "20170804T121922+0900",
    "endTime" : "20170804T182811+0900",
    "place" : {
      "id" : 194916953,
      "type" : "unknown",
      "location" : {
        "lat" : 43.0870986105,
        "lon" : 141.3500002739
      }
    },
    "activities" : [ {
      "activity" : "walking",
      "group" : "walking",
      "manual" : false,
      "startTime" : "20170804T121922+0900",
      "endTime" : "20170804T122125+0900",
      "duration" : 123.0,
      "distance" : 156.0,
      "steps" : 209,
      "calories" : 9,
      "trackPoints" : [ ]
    }, {
      "activity" : "walking",
      "group" : "walking",
      "manual" : false,
      "startTime" : "20170804T144444+0900",
      "endTime" : "20170804T144659+0900",
      "duration" : 135.0,
      "distance" : 151.0,
      "steps" : 202,
      "calories" : 8,
      "trackPoints" : [ ]
    }, {
      "activity" : "walking",
      "group" : "walking",
      "manual" : false,
      "startTime" : "20170804T181237+0900",
      "endTime" : "20170804T181946+0900",
      "duration" : 429.0,
      "distance" : 540.0,
      "steps" : 720,
      "calories" : 30,
      "trackPoints" : [ ]
    } ],
    "lastUpdate" : "20170804T103054Z"
  }, {
    "type" : "move",
    "startTime" : "20170804T182811+0900",
    "endTime" : "20170804T183148+0900",
    "activities" : [ {
      "activity" : "cycling",
      "group" : "cycling",
      "manual" : false,
      "startTime" : "20170804T182811+0900",
      "endTime" : "20170804T183148+0900",
      "duration" : 217.0,
      "distance" : 636.0,
      "calories" : 16,
      "trackPoints" : [ {
        "lat" : 43.087099,
        "lon" : 141.35,
        "time" : "20170804T182811+0900"
      }, {
        "lat" : 43.086245,
        "lon" : 141.34901,
        "time" : "20170804T182849+0900"
      }, {
        "lat" : 43.085771,
        "lon" : 141.34889,
        "time" : "20170804T182912+0900"
      }, {
        "lat" : 43.085659,
        "lon" : 141.34889,
        "time" : "20170804T182929+0900"
      }, {
        "lat" : 43.085585,
        "lon" : 141.34857,
        "time" : "20170804T182950+0900"
      }, {
        "lat" : 43.085455,
        "lon" : 141.34749,
        "time" : "20170804T183016+0900"
      }, {
        "lat" : 43.085379,
        "lon" : 141.34703,
        "time" : "20170804T183031+0900"
      }, {
        "lat" : 43.085265,
        "lon" : 141.34602,
        "time" : "20170804T183051+0900"
      }, {
        "lat" : 43.085273,
        "lon" : 141.3457,
        "time" : "20170804T183117+0900"
      }, {
        "lat" : 43.085093,
        "lon" : 141.34494,
        "time" : "20170804T183133+0900"
      }, {
        "lat" : 43.084841,
        "lon" : 141.34443,
        "time" : "20170804T183148+0900"
      } ]
    } ],
    "lastUpdate" : "20170804T103054Z"
  }, {
    "type" : "place",
    "startTime" : "20170804T183148+0900",
    "endTime" : "20170804T193000+0900",
    "place" : {
      "id" : 175650310,
      "type" : "unknown",
      "location" : {
        "lat" : 43.0848409544,
        "lon" : 141.3444336513
      }
    },
    "activities" : [ {
      "activity" : "walking",
      "group" : "walking",
      "manual" : false,
      "startTime" : "20170804T183148+0900",
      "endTime" : "20170804T183438+0900",
      "duration" : 170.0,
      "distance" : 166.0,
      "steps" : 221,
      "calories" : 9,
      "trackPoints" : [ ]
    }, {
      "activity" : "walking",
      "group" : "walking",
      "manual" : false,
      "startTime" : "20170804T192718+0900",
      "endTime" : "20170804T192734+0900",
      "duration" : 16.0,
      "distance" : 8.0,
      "steps" : 0,
      "calories" : 0,
      "trackPoints" : [ ]
    } ],
    "lastUpdate" : "20170804T133631Z"
  }, {
    "type" : "move",
    "startTime" : "20170804T193000+0900",
    "endTime" : "20170804T194048+0900",
    "activities" : [ {
      "activity" : "cycling",
      "group" : "cycling",
      "manual" : false,
      "startTime" : "20170804T193000+0900",
      "endTime" : "20170804T194047+0900",
      "duration" : 647.0,
      "distance" : 2945.0,
      "calories" : 73,
      "trackPoints" : [ {
        "lat" : 43.084841,
        "lon" : 141.34443,
        "time" : "20170804T193000+0900"
      }, {
        "lat" : 43.082539,
        "lon" : 141.34471,
        "time" : "20170804T193103+0900"
      }, {
        "lat" : 43.081705,
        "lon" : 141.3451,
        "time" : "20170804T193123+0900"
      }, {
        "lat" : 43.081358,
        "lon" : 141.34437,
        "time" : "20170804T193146+0900"
      }, {
        "lat" : 43.081175,
        "lon" : 141.34325,
        "time" : "20170804T193203+0900"
      }, {
        "lat" : 43.081035,
        "lon" : 141.34229,
        "time" : "20170804T193218+0900"
      }, {
        "lat" : 43.080848,
        "lon" : 141.34168,
        "time" : "20170804T193238+0900"
      }, {
        "lat" : 43.080071,
        "lon" : 141.34066,
        "time" : "20170804T193258+0900"
      }, {
        "lat" : 43.079533,
        "lon" : 141.34031,
        "time" : "20170804T193316+0900"
      }, {
        "lat" : 43.07895,
        "lon" : 141.33989,
        "time" : "20170804T193346+0900"
      }, {
        "lat" : 43.078742,
        "lon" : 141.33939,
        "time" : "20170804T193408+0900"
      }, {
        "lat" : 43.078803,
        "lon" : 141.3385,
        "time" : "20170804T193424+0900"
      }, {
        "lat" : 43.079097,
        "lon" : 141.33645,
        "time" : "20170804T193441+0900"
      }, {
        "lat" : 43.078717,
        "lon" : 141.33553,
        "time" : "20170804T193500+0900"
      }, {
        "lat" : 43.079117,
        "lon" : 141.33509,
        "time" : "20170804T193518+0900"
      }, {
        "lat" : 43.076896,
        "lon" : 141.33169,
        "time" : "20170804T193701+0900"
      }, {
        "lat" : 43.074406,
        "lon" : 141.33351,
        "time" : "20170804T193757+0900"
      }, {
        "lat" : 43.074004,
        "lon" : 141.33402,
        "time" : "20170804T193813+0900"
      }, {
        "lat" : 43.073288,
        "lon" : 141.33482,
        "time" : "20170804T193837+0900"
      }, {
        "lat" : 43.072905,
        "lon" : 141.33473,
        "time" : "20170804T193852+0900"
      }, {
        "lat" : 43.072856,
        "lon" : 141.33458,
        "time" : "20170804T193908+0900"
      }, {
        "lat" : 43.072052,
        "lon" : 141.33386,
        "time" : "20170804T193925+0900"
      }, {
        "lat" : 43.071392,
        "lon" : 141.33333,
        "time" : "20170804T193941+0900"
      }, {
        "lat" : 43.071031,
        "lon" : 141.33295,
        "time" : "20170804T193958+0900"
      }, {
        "lat" : 43.070416,
        "lon" : 141.33255,
        "time" : "20170804T194016+0900"
      }, {
        "lat" : 43.069602,
        "lon" : 141.33248,
        "time" : "20170804T194048+0900"
      } ]
    } ],
    "lastUpdate" : "20170804T133631Z"
  }, {
    "type" : "place",
    "startTime" : "20170804T194048+0900",
    "endTime" : "20170804T200507+0900",
    "place" : {
      "id" : 500443038,
      "type" : "unknown",
      "location" : {
        "lat" : 43.069602,
        "lon" : 141.33248
      }
    },
    "activities" : [ {
      "activity" : "walking",
      "group" : "walking",
      "manual" : false,
      "startTime" : "20170804T194054+0900",
      "endTime" : "20170804T194624+0900",
      "duration" : 330.0,
      "distance" : 352.0,
      "steps" : 469,
      "calories" : 20,
      "trackPoints" : [ ]
    }, {
      "activity" : "walking",
      "group" : "walking",
      "manual" : false,
      "startTime" : "20170804T200000+0900",
      "endTime" : "20170804T200517+0900",
      "duration" : 317.0,
      "distance" : 352.0,
      "steps" : 470,
      "calories" : 20,
      "trackPoints" : [ ]
    } ],
    "lastUpdate" : "20170804T133631Z"
  }, {
    "type" : "move",
    "startTime" : "20170804T200507+0900",
    "endTime" : "20170804T201618+0900",
    "activities" : [ {
      "activity" : "cycling",
      "group" : "cycling",
      "manual" : false,
      "startTime" : "20170804T200507+0900",
      "endTime" : "20170804T201618+0900",
      "duration" : 671.0,
      "distance" : 2858.0,
      "calories" : 71,
      "trackPoints" : [ {
        "lat" : 43.069602,
        "lon" : 141.33248,
        "time" : "20170804T200507+0900"
      }, {
        "lat" : 43.071097,
        "lon" : 141.33325,
        "time" : "20170804T200525+0900"
      }, {
        "lat" : 43.071689,
        "lon" : 141.33353,
        "time" : "20170804T200545+0900"
      }, {
        "lat" : 43.072788,
        "lon" : 141.33449,
        "time" : "20170804T200604+0900"
      }, {
        "lat" : 43.073303,
        "lon" : 141.33457,
        "time" : "20170804T200629+0900"
      }, {
        "lat" : 43.073996,
        "lon" : 141.33372,
        "time" : "20170804T200650+0900"
      }, {
        "lat" : 43.074691,
        "lon" : 141.33336,
        "time" : "20170804T200713+0900"
      }, {
        "lat" : 43.075395,
        "lon" : 141.33271,
        "time" : "20170804T200735+0900"
      }, {
        "lat" : 43.076106,
        "lon" : 141.33201,
        "time" : "20170804T200757+0900"
      }, {
        "lat" : 43.0765,
        "lon" : 141.33173,
        "time" : "20170804T200814+0900"
      }, {
        "lat" : 43.07689,
        "lon" : 141.33184,
        "time" : "20170804T200837+0900"
      }, {
        "lat" : 43.078447,
        "lon" : 141.33899,
        "time" : "20170804T201129+0900"
      }, {
        "lat" : 43.078985,
        "lon" : 141.33996,
        "time" : "20170804T201155+0900"
      }, {
        "lat" : 43.079135,
        "lon" : 141.34072,
        "time" : "20170804T201217+0900"
      }, {
        "lat" : 43.080782,
        "lon" : 141.34078,
        "time" : "20170804T201259+0900"
      }, {
        "lat" : 43.081033,
        "lon" : 141.34157,
        "time" : "20170804T201318+0900"
      }, {
        "lat" : 43.081085,
        "lon" : 141.34225,
        "time" : "20170804T201335+0900"
      }, {
        "lat" : 43.081109,
        "lon" : 141.34282,
        "time" : "20170804T201353+0900"
      }, {
        "lat" : 43.081251,
        "lon" : 141.34365,
        "time" : "20170804T201415+0900"
      }, {
        "lat" : 43.081483,
        "lon" : 141.34467,
        "time" : "20170804T201435+0900"
      }, {
        "lat" : 43.08231,
        "lon" : 141.34493,
        "time" : "20170804T201500+0900"
      }, {
        "lat" : 43.0832,
        "lon" : 141.34478,
        "time" : "20170804T201526+0900"
      }, {
        "lat" : 43.083979,
        "lon" : 141.34462,
        "time" : "20170804T201549+0900"
      }, {
        "lat" : 43.084886,
        "lon" : 141.3453,
        "time" : "20170804T201618+0900"
      } ]
    } ],
    "lastUpdate" : "20170804T133631Z"
  }, {
    "type" : "place",
    "startTime" : "20170804T201618+0900",
    "endTime" : "20170805T105628+0900",
    "place" : {
      "id" : 257240275,
      "type" : "unknown",
      "location" : {
        "lat" : 43.084886,
        "lon" : 141.3453
      }
    },
    "activities" : [ {
      "activity" : "walking",
      "group" : "walking",
      "manual" : false,
      "startTime" : "20170804T201618+0900",
      "endTime" : "20170804T201651+0900",
      "duration" : 33.0,
      "distance" : 22.0,
      "steps" : 44,
      "calories" : 1,
      "trackPoints" : [ ]
    } ],
    "lastUpdate" : "20170805T033746Z"
  } ],
  "caloriesIdle" : 1596,
  "lastUpdate" : "20170805T033746Z"
} ]