[ {
  "date" : "20150216",
  "summary" : [ {
    "activity" : "walking",
    "group" : "walking",
    "duration" : 60.0,
    "distance" : 35.0,
    "steps" : 71,
    "calories" : 2
  }, {
    "activity" : "running",
    "group" : "running",
    "duration" : 187.0,
    "distance" : 360.0,
    "steps" : 401,
    "calories" : 27
  } ],
  "segments" : [ {
    "type" : "place",
    "startTime" : "20150215T141302+0900",
    "endTime" : "20150216T215551+0900",
    "place" : {
      "id" : 98345442,
      "type" : "unknown",
      "location" : {
        "lat" : 35.7168392789,
        "lon" : 139.7283806079
      }
    },
    "activities" : [ {
      "activity" : "walking",
      "group" : "walking",
      "manual" : false,
      "startTime" : "20150216T012256+0900",
      "endTime" : "20150216T012326+0900",
      "duration" : 30.0,
      "distance" : 20.0,
      "steps" : 40,
      "calories" : 1,
      "trackPoints" : [ ]
    }, {
      "activity" : "walking",
      "group" : "walking",
      "manual" : false,
      "startTime" : "20150216T211243+0900",
      "endTime" : "20150216T211313+0900",
      "duration" : 30.0,
      "distance" : 15.0,
      "steps" : 31,
      "calories" : 1,
      "trackPoints" : [ ]
    } ],
    "lastUpdate" : "20150216T144145Z"
  }, {
    "type" : "move",
    "startTime" : "20150216T215551+0900",
    "endTime" : "20150216T215859+0900",
    "activities" : [ {
      "activity" : "running",
      "group" : "running",
      "manual" : false,
      "startTime" : "20150216T215551+0900",
      "endTime" : "20150216T215858+0900",
      "duration" : 187.0,
      "distance" : 360.0,
      "steps" : 401,
      "calories" : 27,
      "trackPoints" : [ {
        "lat" : 35.7168392789,
        "lon" : 139.7283806079,
        "time" : "20150216T215551+0900"
      }, {
        "lat" : 35.7169985726,
        "lon" : 139.7286009079,
        "time" : "20150216T215612+0900"
      }, {
        "lat" : 35.7170574047,
        "lon" : 139.728486864,
        "time" : "20150216T215629+0900"
      }, {
        "lat" : 35.7178144377,
        "lon" : 139.7279894569,
        "time" : "20150216T215724+0900"
      }, {
        "lat" : 35.7182521463,
        "lon" : 139.7277408668,
        "time" : "20150216T215753+0900"
      }, {
        "lat" : 35.7189786636,
        "lon" : 139.7274998711,
        "time" : "20150216T215824+0900"
      }, {
        "lat" : 35.7193770152,
        "lon" : 139.7273178152,
        "time" : "20150216T215841+0900"
      }, {
        "lat" : 35.7193335133,
        "lon" : 139.7273594442,
        "time" : "20150216T215859+0900"
      } ]
    } ],
    "lastUpdate" : "20150216T144145Z"
  }, {
    "type" : "place",
    "startTime" : "20150216T215859+0900",
    "endTime" : "20150217T085028+0900",
    "place" : {
      "id" : 117345858,
      "type" : "unknown",
      "location" : {
        "lat" : 35.7193335133,
        "lon" : 139.7273594442
      }
    },
    "lastUpdate" : "20150217T012913Z"
  } ],
  "caloriesIdle" : 1706,
  "lastUpdate" : "20150217T012913Z"
} ]