[ {
  "date" : "20150227",
  "summary" : [ {
    "activity" : "walking",
    "group" : "walking",
    "duration" : 2243.0,
    "distance" : 3469.0,
    "steps" : 3961,
    "calories" : 206
  }, {
    "activity" : "transport",
    "group" : "transport",
    "duration" : 6474.0,
    "distance" : 81127.0
  } ],
  "segments" : [ {
    "type" : "place",
    "startTime" : "20150225T233217+0900",
    "endTime" : "20150227T150128+0900",
    "place" : {
      "id" : 105416472,
      "type" : "unknown",
      "location" : {
        "lat" : 35.7167813087,
        "lon" : 139.7280424577
      }
    },
    "lastUpdate" : "20150301T023514Z"
  }, {
    "type" : "move",
    "startTime" : "20150227T150128+0900",
    "endTime" : "20150227T151554+0900",
    "activities" : [ {
      "activity" : "walking",
      "group" : "walking",
      "manual" : false,
      "startTime" : "20150227T150128+0900",
      "endTime" : "20150227T150539+0900",
      "duration" : 251.0,
      "distance" : 223.0,
      "steps" : 445,
      "calories" : 13,
      "trackPoints" : [ {
        "lat" : 35.7167813087,
        "lon" : 139.7280424577,
        "time" : "20150227T150128+0900"
      }, {
        "lat" : 35.7172805567,
        "lon" : 139.7283185606,
        "time" : "20150227T150159+0900"
      }, {
        "lat" : 35.7175124501,
        "lon" : 139.7282054102,
        "time" : "20150227T150215+0900"
      }, {
        "lat" : 35.7178675204,
        "lon" : 139.7280164143,
        "time" : "20150227T150251+0900"
      }, {
        "lat" : 35.7180215857,
        "lon" : 139.7279346861,
        "time" : "20150227T150326+0900"
      }, {
        "lat" : 35.7180278331,
        "lon" : 139.7279246989,
        "time" : "20150227T150346+0900"
      }, {
        "lat" : 35.7179999816,
        "lon" : 139.7279279117,
        "time" : "20150227T150412+0900"
      }, {
        "lat" : 35.7179127349,
        "lon" : 139.7279549536,
        "time" : "20150227T150443+0900"
      }, {
        "lat" : 35.7178024268,
        "lon" : 139.7279898255,
        "time" : "20150227T150539+0900"
      } ]
    }, {
      "activity" : "transport",
      "group" : "transport",
      "manual" : false,
      "startTime" : "20150227T150539+0900",
      "endTime" : "20150227T151246+0900",
      "duration" : 427.0,
      "distance" : 2603.0,
      "trackPoints" : [ {
        "lat" : 35.7178024268,
        "lon" : 139.7279898255,
        "time" : "20150227T150539+0900"
      }, {
        "lat" : 35.7173551684,
        "lon" : 139.7281312178,
        "time" : "20150227T150602+0900"
      }, {
        "lat" : 35.698050901,
        "lon" : 139.7340406155,
        "time" : "20150227T151246+0900"
      } ]
    }, {
      "activity" : "walking",
      "group" : "walking",
      "manual" : false,
      "startTime" : "20150227T151246+0900",
      "endTime" : "20150227T151554+0900",
      "duration" : 188.0,
      "distance" : 434.0,
      "steps" : 362,
      "calories" : 26,
      "trackPoints" : [ {
        "lat" : 35.698050901,
        "lon" : 139.7340406155,
        "time" : "20150227T151246+0900"
      }, {
        "lat" : 35.6919067318,
        "lon" : 139.7359256631,
        "time" : "20150227T151356+0900"
      }, {
        "lat" : 35.691705119,
        "lon" : 139.7360554382,
        "time" : "20150227T151413+0900"
      }, {
        "lat" : 35.6916847939,
        "lon" : 139.7360585617,
        "time" : "20150227T151438+0900"
      }, {
        "lat" : 35.6916778847,
        "lon" : 139.7360684826,
        "time" : "20150227T151456+0900"
      }, {
        "lat" : 35.6916734828,
        "lon" : 139.7361005865,
        "time" : "20150227T151537+0900"
      }, {
        "lat" : 35.6916321161,
        "lon" : 139.7362027687,
        "time" : "20150227T151554+0900"
      } ]
    } ],
    "lastUpdate" : "20150301T023514Z"
  }, {
    "type" : "place",
    "startTime" : "20150227T151554+0900",
    "endTime" : "20150227T152129+0900",
    "place" : {
      "id" : 138201219,
      "type" : "unknown",
      "location" : {
        "lat" : 35.6916321161,
        "lon" : 139.7362027687
      }
    },
    "lastUpdate" : "20150301T023514Z"
  }, {
    "type" : "move",
    "startTime" : "20150227T152129+0900",
    "endTime" : "20150227T162905+0900",
    "activities" : [ {
      "activity" : "transport",
      "group" : "transport",
      "manual" : false,
      "startTime" : "20150227T152129+0900",
      "endTime" : "20150227T154734+0900",
      "duration" : 1565.0,
      "distance" : 24303.0,
      "trackPoints" : [ {
        "lat" : 35.6916321161,
        "lon" : 139.7362027687,
        "time" : "20150227T152129+0900"
      }, {
        "lat" : 35.6915860528,
        "lon" : 139.7363271488,
        "time" : "20150227T152205+0900"
      }, {
        "lat" : 35.691365347,
        "lon" : 139.7368752158,
        "time" : "20150227T152229+0900"
      }, {
        "lat" : 35.6596432258,
        "lon" : 139.7709938684,
        "time" : "20150227T152808+0900"
      }, {
        "lat" : 35.690262123,
        "lon" : 139.8454663828,
        "time" : "20150227T153729+0900"
      }, {
        "lat" : 35.6897988136,
        "lon" : 139.8477476567,
        "time" : "20150227T153759+0900"
      }, {
        "lat" : 35.684565862,
        "lon" : 139.8602304969,
        "time" : "20150227T153844+0900"
      }, {
        "lat" : 35.6839185188,
        "lon" : 139.8629427537,
        "time" : "20150227T153909+0900"
      }, {
        "lat" : 35.6839176962,
        "lon" : 139.8640150485,
        "time" : "20150227T153943+0900"
      }, {
        "lat" : 35.6839536128,
        "lon" : 139.865463673,
        "time" : "20150227T154010+0900"
      }, {
        "lat" : 35.7217342701,
        "lon" : 139.9257740814,
        "time" : "20150227T154734+0900"
      } ]
    }, {
      "activity" : "walking",
      "group" : "walking",
      "manual" : false,
      "startTime" : "20150227T154734+0900",
      "endTime" : "20150227T155134+0900",
      "duration" : 240.0,
      "distance" : 372.0,
      "steps" : 547,
      "calories" : 22,
      "trackPoints" : [ {
        "lat" : 35.7217342701,
        "lon" : 139.9257740814,
        "time" : "20150227T154734+0900"
      }, {
        "lat" : 35.7220131103,
        "lon" : 139.9261749246,
        "time" : "20150227T154803+0900"
      }, {
        "lat" : 35.7236992026,
        "lon" : 139.9278799024,
        "time" : "20150227T155052+0900"
      }, {
        "lat" : 35.7237938574,
        "lon" : 139.928073332,
        "time" : "20150227T155115+0900"
      }, {
        "lat" : 35.7238121411,
        "lon" : 139.9282431074,
        "time" : "20150227T155134+0900"
      } ]
    }, {
      "activity" : "transport",
      "group" : "transport",
      "manual" : false,
      "startTime" : "20150227T155134+0900",
      "endTime" : "20150227T161602+0900",
      "duration" : 1468.0,
      "distance" : 14687.0,
      "trackPoints" : [ {
        "lat" : 35.7238121411,
        "lon" : 139.9282431074,
        "time" : "20150227T155134+0900"
      }, {
        "lat" : 35.7238328548,
        "lon" : 139.9285728029,
        "time" : "20150227T155158+0900"
      }, {
        "lat" : 35.723844029,
        "lon" : 139.9285725728,
        "time" : "20150227T155226+0900"
      }, {
        "lat" : 35.7238561896,
        "lon" : 139.92857325,
        "time" : "20150227T155311+0900"
      }, {
        "lat" : 35.723872044,
        "lon" : 139.9285207785,
        "time" : "20150227T155358+0900"
      }, {
        "lat" : 35.7238799054,
        "lon" : 139.9284942899,
        "time" : "20150227T155420+0900"
      }, {
        "lat" : 35.7238991791,
        "lon" : 139.9284360058,
        "time" : "20150227T155508+0900"
      }, {
        "lat" : 35.7239143681,
        "lon" : 139.9283996182,
        "time" : "20150227T155547+0900"
      }, {
        "lat" : 35.7239371613,
        "lon" : 139.9283670557,
        "time" : "20150227T155613+0900"
      }, {
        "lat" : 35.7239166287,
        "lon" : 139.9284501526,
        "time" : "20150227T155632+0900"
      }, {
        "lat" : 35.7238662475,
        "lon" : 139.9285102132,
        "time" : "20150227T155648+0900"
      }, {
        "lat" : 35.7238566126,
        "lon" : 139.9285048671,
        "time" : "20150227T155719+0900"
      }, {
        "lat" : 35.7238333043,
        "lon" : 139.928497264,
        "time" : "20150227T155748+0900"
      }, {
        "lat" : 35.7238023377,
        "lon" : 139.9284906383,
        "time" : "20150227T155822+0900"
      }, {
        "lat" : 35.7237865753,
        "lon" : 139.9284844549,
        "time" : "20150227T155838+0900"
      }, {
        "lat" : 35.7237686772,
        "lon" : 139.9284717806,
        "time" : "20150227T155855+0900"
      }, {
        "lat" : 35.7237605721,
        "lon" : 139.9284499572,
        "time" : "20150227T155913+0900"
      }, {
        "lat" : 35.7236940708,
        "lon" : 139.9285819499,
        "time" : "20150227T155934+0900"
      }, {
        "lat" : 35.7221701836,
        "lon" : 139.9314029779,
        "time" : "20150227T155954+0900"
      }, {
        "lat" : 35.7217672646,
        "lon" : 139.9325912198,
        "time" : "20150227T155959+0900"
      }, {
        "lat" : 35.7217665842,
        "lon" : 139.9325932265,
        "time" : "20150227T160000+0900"
      }, {
        "lat" : 35.7201832937,
        "lon" : 139.937262484,
        "time" : "20150227T160023+0900"
      }, {
        "lat" : 35.7184646505,
        "lon" : 139.9406741242,
        "time" : "20150227T160042+0900"
      }, {
        "lat" : 35.7170043806,
        "lon" : 139.9444215271,
        "time" : "20150227T160100+0900"
      }, {
        "lat" : 35.7155734761,
        "lon" : 139.9482849838,
        "time" : "20150227T160116+0900"
      }, {
        "lat" : 35.7143812448,
        "lon" : 139.953015663,
        "time" : "20150227T160140+0900"
      }, {
        "lat" : 35.7131719876,
        "lon" : 139.956185813,
        "time" : "20150227T160159+0900"
      }, {
        "lat" : 35.7110263316,
        "lon" : 139.9603234486,
        "time" : "20150227T160216+0900"
      }, {
        "lat" : 35.7108005584,
        "lon" : 139.9639698586,
        "time" : "20150227T160244+0900"
      }, {
        "lat" : 35.7070713992,
        "lon" : 139.969902755,
        "time" : "20150227T160315+0900"
      }, {
        "lat" : 35.7048688639,
        "lon" : 139.973815737,
        "time" : "20150227T160334+0900"
      }, {
        "lat" : 35.7038202832,
        "lon" : 139.9779677598,
        "time" : "20150227T160353+0900"
      }, {
        "lat" : 35.7019032957,
        "lon" : 139.9796598686,
        "time" : "20150227T160408+0900"
      }, {
        "lat" : 35.7002452793,
        "lon" : 139.9825134789,
        "time" : "20150227T160429+0900"
      }, {
        "lat" : 35.700215081,
        "lon" : 139.9857703962,
        "time" : "20150227T160504+0900"
      }, {
        "lat" : 35.7004178228,
        "lon" : 139.986265295,
        "time" : "20150227T160527+0900"
      }, {
        "lat" : 35.7003357622,
        "lon" : 139.9860365927,
        "time" : "20150227T160544+0900"
      }, {
        "lat" : 35.7010787222,
        "lon" : 139.9885225689,
        "time" : "20150227T160605+0900"
      }, {
        "lat" : 35.6988872136,
        "lon" : 139.9917672009,
        "time" : "20150227T160638+0900"
      }, {
        "lat" : 35.6944196366,
        "lon" : 139.9912148191,
        "time" : "20150227T160708+0900"
      }, {
        "lat" : 35.6907903935,
        "lon" : 139.9958191108,
        "time" : "20150227T160734+0900"
      }, {
        "lat" : 35.6886457069,
        "lon" : 140.001076603,
        "time" : "20150227T160759+0900"
      }, {
        "lat" : 35.6853972474,
        "lon" : 140.007182141,
        "time" : "20150227T160831+0900"
      }, {
        "lat" : 35.6844224956,
        "lon" : 140.0149922102,
        "time" : "20150227T160910+0900"
      }, {
        "lat" : 35.6837213514,
        "lon" : 140.0243333412,
        "time" : "20150227T161007+0900"
      }, {
        "lat" : 35.6835822948,
        "lon" : 140.0250487733,
        "time" : "20150227T161051+0900"
      }, {
        "lat" : 35.6835783356,
        "lon" : 140.0250729702,
        "time" : "20150227T161111+0900"
      }, {
        "lat" : 35.6835789625,
        "lon" : 140.0250794785,
        "time" : "20150227T161132+0900"
      }, {
        "lat" : 35.6835472114,
        "lon" : 140.0251539675,
        "time" : "20150227T161203+0900"
      }, {
        "lat" : 35.6835403301,
        "lon" : 140.0251915641,
        "time" : "20150227T161219+0900"
      }, {
        "lat" : 35.6835444814,
        "lon" : 140.025190939,
        "time" : "20150227T161240+0900"
      }, {
        "lat" : 35.6832865533,
        "lon" : 140.0264808891,
        "time" : "20150227T161306+0900"
      }, {
        "lat" : 35.6817151471,
        "lon" : 140.0346536833,
        "time" : "20150227T161411+0900"
      }, {
        "lat" : 35.6832014007,
        "lon" : 140.0383723889,
        "time" : "20150227T161426+0900"
      }, {
        "lat" : 35.6855360565,
        "lon" : 140.0435157432,
        "time" : "20150227T161450+0900"
      }, {
        "lat" : 35.6860153002,
        "lon" : 140.0468602394,
        "time" : "20150227T161505+0900"
      }, {
        "lat" : 35.6860203989,
        "lon" : 140.0492914748,
        "time" : "20150227T161531+0900"
      }, {
        "lat" : 35.686064964,
        "lon" : 140.0497878418,
        "time" : "20150227T161601+0900"
      } ]
    }, {
      "activity" : "walking",
      "group" : "walking",
      "manual" : false,
      "startTime" : "20150227T161601+0900",
      "endTime" : "20150227T162905+0900",
      "duration" : 784.0,
      "distance" : 1736.0,
      "steps" : 1447,
      "calories" : 103,
      "trackPoints" : [ {
        "lat" : 35.686064964,
        "lon" : 140.0497878418,
        "time" : "20150227T161601+0900"
      }, {
        "lat" : 35.6859472904,
        "lon" : 140.0530579991,
        "time" : "20150227T161626+0900"
      }, {
        "lat" : 35.6859320612,
        "lon" : 140.0551159865,
        "time" : "20150227T161642+0900"
      }, {
        "lat" : 35.6867119679,
        "lon" : 140.0671220731,
        "time" : "20150227T161721+0900"
      }, {
        "lat" : 35.6869169334,
        "lon" : 140.068294618,
        "time" : "20150227T161748+0900"
      }, {
        "lat" : 35.6869436836,
        "lon" : 140.068459716,
        "time" : "20150227T161822+0900"
      }, {
        "lat" : 35.6869874727,
        "lon" : 140.0685903441,
        "time" : "20150227T161837+0900"
      }, {
        "lat" : 35.6875894937,
        "lon" : 140.0689326365,
        "time" : "20150227T161856+0900"
      }, {
        "lat" : 35.6876493691,
        "lon" : 140.0689475494,
        "time" : "20150227T161921+0900"
      }, {
        "lat" : 35.6879768853,
        "lon" : 140.069023082,
        "time" : "20150227T161942+0900"
      }, {
        "lat" : 35.688287309,
        "lon" : 140.0690775348,
        "time" : "20150227T162009+0900"
      }, {
        "lat" : 35.6885506631,
        "lon" : 140.0691174402,
        "time" : "20150227T162029+0900"
      }, {
        "lat" : 35.6887992847,
        "lon" : 140.069138392,
        "time" : "20150227T162050+0900"
      }, {
        "lat" : 35.6893402605,
        "lon" : 140.0691739087,
        "time" : "20150227T162126+0900"
      }, {
        "lat" : 35.6896592351,
        "lon" : 140.0691907088,
        "time" : "20150227T162147+0900"
      }, {
        "lat" : 35.6901058421,
        "lon" : 140.069274498,
        "time" : "20150227T162213+0900"
      }, {
        "lat" : 35.6902885725,
        "lon" : 140.0692863249,
        "time" : "20150227T162235+0900"
      }, {
        "lat" : 35.6905539881,
        "lon" : 140.0694977123,
        "time" : "20150227T162258+0900"
      }, {
        "lat" : 35.6905894917,
        "lon" : 140.0698336209,
        "time" : "20150227T162320+0900"
      }, {
        "lat" : 35.6905101398,
        "lon" : 140.0703304892,
        "time" : "20150227T162343+0900"
      }, {
        "lat" : 35.6904073381,
        "lon" : 140.0708442719,
        "time" : "20150227T162418+0900"
      }, {
        "lat" : 35.6902988758,
        "lon" : 140.0712899094,
        "time" : "20150227T162440+0900"
      }, {
        "lat" : 35.6901619314,
        "lon" : 140.072027907,
        "time" : "20150227T162516+0900"
      }, {
        "lat" : 35.6901135351,
        "lon" : 140.0723959091,
        "time" : "20150227T162539+0900"
      }, {
        "lat" : 35.6901278576,
        "lon" : 140.0725087429,
        "time" : "20150227T162556+0900"
      }, {
        "lat" : 35.6900954771,
        "lon" : 140.0727821259,
        "time" : "20150227T162612+0900"
      }, {
        "lat" : 35.6902968912,
        "lon" : 140.0729869003,
        "time" : "20150227T162636+0900"
      }, {
        "lat" : 35.69041146,
        "lon" : 140.073082227,
        "time" : "20150227T162654+0900"
      }, {
        "lat" : 35.6905357495,
        "lon" : 140.0731596548,
        "time" : "20150227T162713+0900"
      }, {
        "lat" : 35.6907357421,
        "lon" : 140.0733104023,
        "time" : "20150227T162737+0900"
      }, {
        "lat" : 35.6909515219,
        "lon" : 140.0734205175,
        "time" : "20150227T162801+0900"
      }, {
        "lat" : 35.6911959319,
        "lon" : 140.0735233078,
        "time" : "20150227T162824+0900"
      }, {
        "lat" : 35.6913068883,
        "lon" : 140.0735826312,
        "time" : "20150227T162847+0900"
      }, {
        "lat" : 35.6913110976,
        "lon" : 140.0735591589,
        "time" : "20150227T162905+0900"
      } ]
    } ],
    "lastUpdate" : "20150301T023514Z"
  }, {
    "type" : "place",
    "startTime" : "20150227T162905+0900",
    "endTime" : "20150227T191226+0900",
    "place" : {
      "id" : 99571412,
      "type" : "unknown",
      "location" : {
        "lat" : 35.6913110976,
        "lon" : 140.0735591589
      }
    },
    "activities" : [ {
      "activity" : "walking",
      "group" : "walking",
      "manual" : false,
      "startTime" : "20150227T164232+0900",
      "endTime" : "20150227T164302+0900",
      "duration" : 30.0,
      "distance" : 25.0,
      "steps" : 50,
      "calories" : 1,
      "trackPoints" : [ ]
    } ],
    "lastUpdate" : "20150301T040522Z"
  }, {
    "type" : "move",
    "startTime" : "20150227T191226+0900",
    "endTime" : "20150227T193353+0900",
    "activities" : [ {
      "activity" : "transport",
      "group" : "transport",
      "manual" : false,
      "startTime" : "20150227T191226+0900",
      "endTime" : "20150227T191537+0900",
      "duration" : 191.0,
      "distance" : 727.0,
      "trackPoints" : [ {
        "lat" : 35.6913110976,
        "lon" : 140.0735591589,
        "time" : "20150227T191226+0900"
      }, {
        "lat" : 35.6899520094,
        "lon" : 140.0725010321,
        "time" : "20150227T191248+0900"
      }, {
        "lat" : 35.689552216,
        "lon" : 140.0719211971,
        "time" : "20150227T191303+0900"
      }, {
        "lat" : 35.688326992,
        "lon" : 140.0706176151,
        "time" : "20150227T191338+0900"
      }, {
        "lat" : 35.6872559405,
        "lon" : 140.0687727556,
        "time" : "20150227T191455+0900"
      }, {
        "lat" : 35.6872559405,
        "lon" : 140.0687727556,
        "time" : "20150227T191536+0900"
      } ]
    }, {
      "activity" : "walking",
      "group" : "walking",
      "manual" : false,
      "startTime" : "20150227T191536+0900",
      "endTime" : "20150227T191736+0900",
      "duration" : 120.0,
      "distance" : 76.0,
      "steps" : 152,
      "calories" : 5,
      "trackPoints" : [ {
        "lat" : 35.6872559405,
        "lon" : 140.0687727556,
        "time" : "20150227T191536+0900"
      }, {
        "lat" : 35.6871100591,
        "lon" : 140.0687033057,
        "time" : "20150227T191552+0900"
      }, {
        "lat" : 35.6872029233,
        "lon" : 140.068558926,
        "time" : "20150227T191608+0900"
      }, {
        "lat" : 35.6869593522,
        "lon" : 140.0685823444,
        "time" : "20150227T191632+0900"
      }, {
        "lat" : 35.6869733377,
        "lon" : 140.0685110487,
        "time" : "20150227T191657+0900"
      }, {
        "lat" : 35.6869725822,
        "lon" : 140.0684790989,
        "time" : "20150227T191720+0900"
      }, {
        "lat" : 35.6869766272,
        "lon" : 140.0684740292,
        "time" : "20150227T191737+0900"
      } ]
    }, {
      "activity" : "transport",
      "group" : "transport",
      "manual" : false,
      "startTime" : "20150227T191737+0900",
      "endTime" : "20150227T193008+0900",
      "duration" : 751.0,
      "distance" : 9337.0,
      "trackPoints" : [ {
        "lat" : 35.6869766272,
        "lon" : 140.0684740292,
        "time" : "20150227T191737+0900"
      }, {
        "lat" : 35.6869576798,
        "lon" : 140.0684138719,
        "time" : "20150227T191753+0900"
      }, {
        "lat" : 35.6869215866,
        "lon" : 140.0683007607,
        "time" : "20150227T191810+0900"
      }, {
        "lat" : 35.6868757479,
        "lon" : 140.0681354618,
        "time" : "20150227T191827+0900"
      }, {
        "lat" : 35.6868367938,
        "lon" : 140.0680075432,
        "time" : "20150227T191845+0900"
      }, {
        "lat" : 35.6868558794,
        "lon" : 140.0680810457,
        "time" : "20150227T191903+0900"
      }, {
        "lat" : 35.6861275618,
        "lon" : 140.0644416376,
        "time" : "20150227T191934+0900"
      }, {
        "lat" : 35.6860844742,
        "lon" : 140.0566002055,
        "time" : "20150227T192009+0900"
      }, {
        "lat" : 35.6860773738,
        "lon" : 140.0509229011,
        "time" : "20150227T192030+0900"
      }, {
        "lat" : 35.686004011,
        "lon" : 140.0489986727,
        "time" : "20150227T192055+0900"
      }, {
        "lat" : 35.6822954505,
        "lon" : 140.028287876,
        "time" : "20150227T192317+0900"
      }, {
        "lat" : 35.6831694121,
        "lon" : 140.0266693906,
        "time" : "20150227T192440+0900"
      }, {
        "lat" : 35.6860696334,
        "lon" : 140.0058981342,
        "time" : "20150227T192643+0900"
      }, {
        "lat" : 35.6883659476,
        "lon" : 140.0015702302,
        "time" : "20150227T192705+0900"
      }, {
        "lat" : 35.6893265978,
        "lon" : 139.9989708574,
        "time" : "20150227T192721+0900"
      }, {
        "lat" : 35.7001024324,
        "lon" : 139.9858978216,
        "time" : "20150227T193007+0900"
      } ]
    }, {
      "activity" : "walking",
      "group" : "walking",
      "manual" : false,
      "startTime" : "20150227T193007+0900",
      "endTime" : "20150227T193352+0900",
      "duration" : 225.0,
      "distance" : 211.0,
      "steps" : 421,
      "calories" : 13,
      "trackPoints" : [ {
        "lat" : 35.7001024324,
        "lon" : 139.9858978216,
        "time" : "20150227T193007+0900"
      }, {
        "lat" : 35.7002977749,
        "lon" : 139.9857669284,
        "time" : "20150227T193028+0900"
      }, {
        "lat" : 35.7003603592,
        "lon" : 139.9856267693,
        "time" : "20150227T193055+0900"
      }, {
        "lat" : 35.7004890326,
        "lon" : 139.9855695793,
        "time" : "20150227T193116+0900"
      }, {
        "lat" : 35.7015795165,
        "lon" : 139.9851586569,
        "time" : "20150227T193353+0900"
      } ]
    } ],
    "lastUpdate" : "20150301T040522Z"
  }, {
    "type" : "place",
    "startTime" : "20150227T193353+0900",
    "endTime" : "20150227T194008+0900",
    "place" : {
      "id" : 111554932,
      "type" : "unknown",
      "location" : {
        "lat" : 35.7015795165,
        "lon" : 139.9851586569
      }
    },
    "lastUpdate" : "20150301T114135Z"
  }, {
    "type" : "move",
    "startTime" : "20150227T194008+0900",
    "endTime" : "20150227T202124+0900",
    "activities" : [ {
      "activity" : "transport",
      "group" : "transport",
      "manual" : false,
      "startTime" : "20150227T194008+0900",
      "endTime" : "20150227T201440+0900",
      "duration" : 2072.0,
      "distance" : 29470.0,
      "trackPoints" : [ {
        "lat" : 35.7015795165,
        "lon" : 139.9851586569,
        "time" : "20150227T194008+0900"
      }, {
        "lat" : 35.7021620797,
        "lon" : 139.9797930638,
        "time" : "20150227T194138+0900"
      }, {
        "lat" : 35.7021687059,
        "lon" : 139.9761664855,
        "time" : "20150227T194154+0900"
      }, {
        "lat" : 35.7017716357,
        "lon" : 139.9732670342,
        "time" : "20150227T194209+0900"
      }, {
        "lat" : 35.7090676491,
        "lon" : 139.955360895,
        "time" : "20150227T194601+0900"
      }, {
        "lat" : 35.7096575913,
        "lon" : 139.9533731779,
        "time" : "20150227T194625+0900"
      }, {
        "lat" : 35.6866492152,
        "lon" : 139.9192677787,
        "time" : "20150227T194911+0900"
      }, {
        "lat" : 35.6829935186,
        "lon" : 139.9146782305,
        "time" : "20150227T194934+0900"
      }, {
        "lat" : 35.6800119567,
        "lon" : 139.911077705,
        "time" : "20150227T194952+0900"
      }, {
        "lat" : 35.664197289,
        "lon" : 139.8893606099,
        "time" : "20150227T195255+0900"
      }, {
        "lat" : 35.6635969601,
        "lon" : 139.8844367463,
        "time" : "20150227T195314+0900"
      }, {
        "lat" : 35.6758603678,
        "lon" : 139.7997853264,
        "time" : "20150227T195959+0900"
      }, {
        "lat" : 35.67586067,
        "lon" : 139.7997832403,
        "time" : "20150227T200000+0900"
      }, {
        "lat" : 35.6764345964,
        "lon" : 139.7958215609,
        "time" : "20150227T200018+0900"
      }, {
        "lat" : 35.7054017337,
        "lon" : 139.7338498799,
        "time" : "20150227T201440+0900"
      } ]
    }, {
      "activity" : "walking",
      "group" : "walking",
      "manual" : false,
      "startTime" : "20150227T201440+0900",
      "endTime" : "20150227T202125+0900",
      "duration" : 405.0,
      "distance" : 392.0,
      "steps" : 537,
      "calories" : 23,
      "trackPoints" : [ {
        "lat" : 35.7054017337,
        "lon" : 139.7338498799,
        "time" : "20150227T201440+0900"
      }, {
        "lat" : 35.7069272708,
        "lon" : 139.7305861781,
        "time" : "20150227T202020+0900"
      }, {
        "lat" : 35.7069318196,
        "lon" : 139.7305851361,
        "time" : "20150227T202124+0900"
      } ]
    } ],
    "lastUpdate" : "20150301T114135Z"
  } ],
  "caloriesIdle" : 1706,
  "lastUpdate" : "20150301T114135Z"
} ]