[ {
  "date" : "20150320",
  "summary" : [ {
    "activity" : "walking",
    "group" : "walking",
    "duration" : 2626.0,
    "distance" : 3495.0,
    "steps" : 4292,
    "calories" : 207
  } ],
  "segments" : [ {
    "type" : "move",
    "startTime" : "20150319T232124+0900",
    "endTime" : "20150320T003237+0900",
    "activities" : [ {
      "activity" : "walking",
      "group" : "walking",
      "manual" : false,
      "startTime" : "20150320T000000+0900",
      "endTime" : "20150320T003238+0900",
      "duration" : 1958.0,
      "distance" : 2893.0,
      "steps" : 3327,
      "calories" : 171,
      "trackPoints" : [ {
        "lat" : 35.7063113926,
        "lon" : 139.7534058441,
        "time" : "20150320T000000+0900"
      }, {
        "lat" : 35.7065443239,
        "lon" : 139.7531946836,
        "time" : "20150320T000023+0900"
      }, {
        "lat" : 35.7065264236,
        "lon" : 139.7529832232,
        "time" : "20150320T000040+0900"
      }, {
        "lat" : 35.7065987737,
        "lon" : 139.7529020426,
        "time" : "20150320T000058+0900"
      }, {
        "lat" : 35.7069225287,
        "lon" : 139.7527329327,
        "time" : "20150320T000250+0900"
      }, {
        "lat" : 35.7082680647,
        "lon" : 139.7521109638,
        "time" : "20150320T000419+0900"
      }, {
        "lat" : 35.7086544003,
        "lon" : 139.7513097707,
        "time" : "20150320T000449+0900"
      }, {
        "lat" : 35.7090610594,
        "lon" : 139.7500671555,
        "time" : "20150320T000634+0900"
      }, {
        "lat" : 35.7096048028,
        "lon" : 139.7487082529,
        "time" : "20150320T000828+0900"
      }, {
        "lat" : 35.709479655,
        "lon" : 139.7483890919,
        "time" : "20150320T000844+0900"
      }, {
        "lat" : 35.7096031864,
        "lon" : 139.7481957774,
        "time" : "20150320T000903+0900"
      }, {
        "lat" : 35.7110593959,
        "lon" : 139.7456642631,
        "time" : "20150320T001222+0900"
      }, {
        "lat" : 35.7111019154,
        "lon" : 139.7454214116,
        "time" : "20150320T001241+0900"
      }, {
        "lat" : 35.7111449616,
        "lon" : 139.745292965,
        "time" : "20150320T001257+0900"
      }, {
        "lat" : 35.712744633,
        "lon" : 139.743398244,
        "time" : "20150320T001603+0900"
      }, {
        "lat" : 35.71285494,
        "lon" : 139.7429885025,
        "time" : "20150320T001619+0900"
      }, {
        "lat" : 35.7129269832,
        "lon" : 139.742817583,
        "time" : "20150320T001634+0900"
      }, {
        "lat" : 35.7144611038,
        "lon" : 139.7405602168,
        "time" : "20150320T002000+0900"
      }, {
        "lat" : 35.7146218146,
        "lon" : 139.7404859826,
        "time" : "20150320T002015+0900"
      }, {
        "lat" : 35.7149345581,
        "lon" : 139.7403052586,
        "time" : "20150320T002051+0900"
      }, {
        "lat" : 35.7175407437,
        "lon" : 139.7388285522,
        "time" : "20150320T002356+0900"
      }, {
        "lat" : 35.7170984401,
        "lon" : 139.7382720597,
        "time" : "20150320T002413+0900"
      }, {
        "lat" : 35.7181347878,
        "lon" : 139.7357260268,
        "time" : "20150320T002735+0900"
      }, {
        "lat" : 35.7185736735,
        "lon" : 139.7356991513,
        "time" : "20150320T002754+0900"
      }, {
        "lat" : 35.7183246378,
        "lon" : 139.7348807323,
        "time" : "20150320T002929+0900"
      }, {
        "lat" : 35.7179708216,
        "lon" : 139.7336821026,
        "time" : "20150320T003118+0900"
      }, {
        "lat" : 35.7178215648,
        "lon" : 139.7336734681,
        "time" : "20150320T003133+0900"
      }, {
        "lat" : 35.7177528582,
        "lon" : 139.7337118417,
        "time" : "20150320T003149+0900"
      }, {
        "lat" : 35.7174171949,
        "lon" : 139.733392839,
        "time" : "20150320T003237+0900"
      } ]
    } ],
    "lastUpdate" : "20150319T171000Z"
  }, {
    "type" : "place",
    "startTime" : "20150320T003237+0900",
    "endTime" : "20150320T005023+0900",
    "place" : {
      "id" : 100824309,
      "type" : "unknown",
      "location" : {
        "lat" : 35.7174171949,
        "lon" : 139.733392839
      }
    },
    "activities" : [ {
      "activity" : "walking",
      "group" : "walking",
      "manual" : false,
      "startTime" : "20150320T003735+0900",
      "endTime" : "20150320T003805+0900",
      "duration" : 30.0,
      "distance" : 25.0,
      "steps" : 51,
      "calories" : 1,
      "trackPoints" : [ ]
    } ],
    "lastUpdate" : "20150319T171000Z"
  }, {
    "type" : "move",
    "startTime" : "20150320T005023+0900",
    "endTime" : "20150320T010030+0900",
    "activities" : [ {
      "activity" : "walking",
      "group" : "walking",
      "manual" : false,
      "startTime" : "20150320T005023+0900",
      "endTime" : "20150320T010031+0900",
      "duration" : 608.0,
      "distance" : 556.0,
      "steps" : 873,
      "calories" : 33,
      "trackPoints" : [ {
        "lat" : 35.7174171949,
        "lon" : 139.733392839,
        "time" : "20150320T005023+0900"
      }, {
        "lat" : 35.7175875861,
        "lon" : 139.7332156304,
        "time" : "20150320T005057+0900"
      }, {
        "lat" : 35.7175580018,
        "lon" : 139.7331885274,
        "time" : "20150320T005123+0900"
      }, {
        "lat" : 35.7175230954,
        "lon" : 139.7328467071,
        "time" : "20150320T005139+0900"
      }, {
        "lat" : 35.717482495,
        "lon" : 139.7325322451,
        "time" : "20150320T005158+0900"
      }, {
        "lat" : 35.7174415059,
        "lon" : 139.7321473868,
        "time" : "20150320T005223+0900"
      }, {
        "lat" : 35.7173997917,
        "lon" : 139.7318198093,
        "time" : "20150320T005248+0900"
      }, {
        "lat" : 35.7173749111,
        "lon" : 139.731517578,
        "time" : "20150320T005311+0900"
      }, {
        "lat" : 35.7173424815,
        "lon" : 139.7313133565,
        "time" : "20150320T005334+0900"
      }, {
        "lat" : 35.7172949194,
        "lon" : 139.7311297903,
        "time" : "20150320T005357+0900"
      }, {
        "lat" : 35.7172046101,
        "lon" : 139.7309289604,
        "time" : "20150320T005420+0900"
      }, {
        "lat" : 35.7171375918,
        "lon" : 139.7305539703,
        "time" : "20150320T005442+0900"
      }, {
        "lat" : 35.7170670394,
        "lon" : 139.730205203,
        "time" : "20150320T005504+0900"
      }, {
        "lat" : 35.7171400972,
        "lon" : 139.7296548697,
        "time" : "20150320T005527+0900"
      }, {
        "lat" : 35.7171963288,
        "lon" : 139.7292925424,
        "time" : "20150320T005553+0900"
      }, {
        "lat" : 35.7171861181,
        "lon" : 139.7290487287,
        "time" : "20150320T005616+0900"
      }, {
        "lat" : 35.7170929042,
        "lon" : 139.7287678976,
        "time" : "20150320T005639+0900"
      }, {
        "lat" : 35.7169562139,
        "lon" : 139.7286519388,
        "time" : "20150320T005703+0900"
      }, {
        "lat" : 35.7168987794,
        "lon" : 139.7286303585,
        "time" : "20150320T005726+0900"
      }, {
        "lat" : 35.7168846553,
        "lon" : 139.7286060548,
        "time" : "20150320T005750+0900"
      }, {
        "lat" : 35.7168433125,
        "lon" : 139.7286024534,
        "time" : "20150320T005810+0900"
      }, {
        "lat" : 35.7167087617,
        "lon" : 139.7286291274,
        "time" : "20150320T005830+0900"
      }, {
        "lat" : 35.7167481373,
        "lon" : 139.7283120953,
        "time" : "20150320T005854+0900"
      }, {
        "lat" : 35.716763933,
        "lon" : 139.7282518586,
        "time" : "20150320T005919+0900"
      }, {
        "lat" : 35.7168065932,
        "lon" : 139.7283247553,
        "time" : "20150320T005959+0900"
      }, {
        "lat" : 35.7168066037,
        "lon" : 139.7283247733,
        "time" : "20150320T010000+0900"
      }, {
        "lat" : 35.7168392789,
        "lon" : 139.7283806079,
        "time" : "20150320T010030+0900"
      } ]
    } ],
    "lastUpdate" : "20150319T171000Z"
  }, {
    "type" : "place",
    "startTime" : "20150320T010031+0900",
    "endTime" : "20150321T133134+0900",
    "place" : {
      "id" : 98345442,
      "type" : "unknown",
      "location" : {
        "lat" : 35.7168392789,
        "lon" : 139.7283806079
      }
    },
    "activities" : [ {
      "activity" : "walking",
      "group" : "walking",
      "manual" : false,
      "startTime" : "20150320T011636+0900",
      "endTime" : "20150320T011706+0900",
      "duration" : 30.0,
      "distance" : 21.0,
      "steps" : 41,
      "calories" : 1,
      "trackPoints" : [ ]
    } ],
    "lastUpdate" : "20150321T134846Z"
  } ],
  "caloriesIdle" : 1706,
  "lastUpdate" : "20150321T134846Z"
} ]