[ {
  "date" : "20150214",
  "summary" : [ {
    "activity" : "walking",
    "group" : "walking",
    "duration" : 721.0,
    "distance" : 837.0,
    "steps" : 1178,
    "calories" : 50
  } ],
  "segments" : [ {
    "type" : "place",
    "startTime" : "20150213T213441+0900",
    "endTime" : "20150214T220859+0900",
    "place" : {
      "id" : 126363238,
      "type" : "unknown",
      "location" : {
        "lat" : 35.7174566601,
        "lon" : 139.7278942126
      }
    },
    "activities" : [ {
      "activity" : "walking",
      "group" : "walking",
      "manual" : false,
      "startTime" : "20150214T035533+0900",
      "endTime" : "20150214T035603+0900",
      "duration" : 30.0,
      "distance" : 15.0,
      "steps" : 20,
      "calories" : 1,
      "trackPoints" : [ ]
    }, {
      "activity" : "walking",
      "group" : "walking",
      "manual" : false,
      "startTime" : "20150214T214815+0900",
      "endTime" : "20150214T215816+0900",
      "duration" : 601.0,
      "distance" : 731.0,
      "steps" : 975,
      "calories" : 43,
      "trackPoints" : [ ]
    }, {
      "activity" : "walking",
      "group" : "walking",
      "manual" : false,
      "startTime" : "20150214T220216+0900",
      "endTime" : "20150214T220246+0900",
      "duration" : 30.0,
      "distance" : 30.0,
      "steps" : 61,
      "calories" : 2,
      "trackPoints" : [ ]
    } ],
    "lastUpdate" : "20150214T145133Z"
  }, {
    "type" : "place",
    "startTime" : "20150214T220900+0900",
    "endTime" : "20150214T223252+0900",
    "place" : {
      "id" : 134338507,
      "type" : "unknown",
      "location" : {
        "lat" : 35.7188463825,
        "lon" : 139.7288664852
      }
    },
    "lastUpdate" : "20150214T145133Z"
  }, {
    "type" : "place",
    "startTime" : "20150214T223253+0900",
    "endTime" : "20150215T081644+0900",
    "place" : {
      "id" : 117345858,
      "type" : "unknown",
      "location" : {
        "lat" : 35.7193335133,
        "lon" : 139.7273594442
      }
    },
    "activities" : [ {
      "activity" : "walking",
      "group" : "walking",
      "manual" : false,
      "startTime" : "20150214T223400+0900",
      "endTime" : "20150214T223500+0900",
      "duration" : 60.0,
      "distance" : 61.0,
      "steps" : 122,
      "calories" : 4,
      "trackPoints" : [ ]
    } ],
    "lastUpdate" : "20150215T013310Z"
  } ],
  "caloriesIdle" : 1706,
  "lastUpdate" : "20150215T013310Z"
} ]