[ {
  "date" : "20141102",
  "summary" : [ {
    "activity" : "walking",
    "group" : "walking",
    "duration" : 60.0,
    "distance" : 30.0,
    "steps" : 60,
    "calories" : 2
  } ],
  "segments" : [ {
    "type" : "place",
    "startTime" : "20141101T201648+0900",
    "endTime" : "20141103T130559+0900",
    "place" : {
      "id" : 98345442,
      "type" : "unknown",
      "location" : {
        "lat" : 35.7168392789,
        "lon" : 139.7283806079
      }
    },
    "activities" : [ {
      "activity" : "walking",
      "group" : "walking",
      "manual" : false,
      "startTime" : "20141102T135013+0900",
      "endTime" : "20141102T135043+0900",
      "duration" : 30.0,
      "distance" : 15.0,
      "steps" : 30,
      "calories" : 1,
      "trackPoints" : [ ]
    }, {
      "activity" : "walking",
      "group" : "walking",
      "manual" : false,
      "startTime" : "20141102T142458+0900",
      "endTime" : "20141102T142528+0900",
      "duration" : 30.0,
      "distance" : 15.0,
      "steps" : 30,
      "calories" : 1,
      "trackPoints" : [ ]
    } ],
    "lastUpdate" : "20141103T073346Z"
  } ],
  "caloriesIdle" : 1711,
  "lastUpdate" : "20141103T073346Z"
} ]