[ {
  "date" : "20150330",
  "summary" : [ {
    "activity" : "walking",
    "group" : "walking",
    "duration" : 2455.0,
    "distance" : 3595.0,
    "steps" : 4369,
    "calories" : 213
  }, {
    "activity" : "transport",
    "group" : "transport",
    "duration" : 8583.0,
    "distance" : 113282.0
  } ],
  "segments" : [ {
    "type" : "place",
    "startTime" : "20150329T001511+0900",
    "endTime" : "20150330T093455+0900",
    "place" : {
      "id" : 98345442,
      "type" : "unknown",
      "location" : {
        "lat" : 35.7168392789,
        "lon" : 139.7283806079
      }
    },
    "lastUpdate" : "20150330T111856Z"
  }, {
    "type" : "move",
    "startTime" : "20150330T093455+0900",
    "endTime" : "20150330T105204+0900",
    "activities" : [ {
      "activity" : "transport",
      "group" : "transport",
      "manual" : false,
      "startTime" : "20150330T093455+0900",
      "endTime" : "20150330T104603+0900",
      "duration" : 4268.0,
      "distance" : 55692.0,
      "trackPoints" : [ {
        "lat" : 35.7168392789,
        "lon" : 139.7283806079,
        "time" : "20150330T093455+0900"
      }, {
        "lat" : 35.7166190779,
        "lon" : 139.7260696475,
        "time" : "20150330T093514+0900"
      }, {
        "lat" : 35.7165937833,
        "lon" : 139.7258740776,
        "time" : "20150330T093531+0900"
      }, {
        "lat" : 35.7257183901,
        "lon" : 139.7197967297,
        "time" : "20150330T093803+0900"
      }, {
        "lat" : 35.7258807564,
        "lon" : 139.7196415372,
        "time" : "20150330T093838+0900"
      }, {
        "lat" : 35.7166874664,
        "lon" : 139.7374732535,
        "time" : "20150330T094014+0900"
      }, {
        "lat" : 35.7293508957,
        "lon" : 139.7109579852,
        "time" : "20150330T094114+0900"
      }, {
        "lat" : 35.72960435,
        "lon" : 139.7106872778,
        "time" : "20150330T094132+0900"
      }, {
        "lat" : 35.7296002568,
        "lon" : 139.7107051799,
        "time" : "20150330T094150+0900"
      }, {
        "lat" : 35.729562863,
        "lon" : 139.7106967318,
        "time" : "20150330T094209+0900"
      }, {
        "lat" : 35.7297292868,
        "lon" : 139.7106217004,
        "time" : "20150330T094228+0900"
      }, {
        "lat" : 35.7297292868,
        "lon" : 139.7106217004,
        "time" : "20150330T094259+0900"
      }, {
        "lat" : 35.7297292868,
        "lon" : 139.7106217004,
        "time" : "20150330T094322+0900"
      }, {
        "lat" : 35.7300430165,
        "lon" : 139.710861369,
        "time" : "20150330T094345+0900"
      }, {
        "lat" : 35.7309209161,
        "lon" : 139.7114378218,
        "time" : "20150330T094408+0900"
      }, {
        "lat" : 35.7344952658,
        "lon" : 139.7169668794,
        "time" : "20150330T094444+0900"
      }, {
        "lat" : 35.7321117912,
        "lon" : 139.7266417806,
        "time" : "20150330T094524+0900"
      }, {
        "lat" : 35.7319034831,
        "lon" : 139.7276981694,
        "time" : "20150330T094557+0900"
      }, {
        "lat" : 35.7318847776,
        "lon" : 139.7278516161,
        "time" : "20150330T094624+0900"
      }, {
        "lat" : 35.7307621665,
        "lon" : 139.731667872,
        "time" : "20150330T094646+0900"
      }, {
        "lat" : 35.7318383157,
        "lon" : 139.7358209249,
        "time" : "20150330T094709+0900"
      }, {
        "lat" : 35.7333966655,
        "lon" : 139.7395979409,
        "time" : "20150330T094739+0900"
      }, {
        "lat" : 35.7335682254,
        "lon" : 139.7400115905,
        "time" : "20150330T094803+0900"
      }, {
        "lat" : 35.7335655751,
        "lon" : 139.740021753,
        "time" : "20150330T094822+0900"
      }, {
        "lat" : 35.734570082,
        "lon" : 139.7423119994,
        "time" : "20150330T094843+0900"
      }, {
        "lat" : 35.7366903186,
        "lon" : 139.7475538817,
        "time" : "20150330T094909+0900"
      }, {
        "lat" : 35.7369522215,
        "lon" : 139.7480990446,
        "time" : "20150330T094932+0900"
      }, {
        "lat" : 35.7368955871,
        "lon" : 139.7479710192,
        "time" : "20150330T094947+0900"
      }, {
        "lat" : 35.7384433707,
        "lon" : 139.7512830471,
        "time" : "20150330T095021+0900"
      }, {
        "lat" : 35.7396451484,
        "lon" : 139.7536978662,
        "time" : "20150330T095037+0900"
      }, {
        "lat" : 35.7398634276,
        "lon" : 139.7584196954,
        "time" : "20150330T095059+0900"
      }, {
        "lat" : 35.7376634801,
        "lon" : 139.7614063665,
        "time" : "20150330T095144+0900"
      }, {
        "lat" : 35.7368130355,
        "lon" : 139.762343247,
        "time" : "20150330T095223+0900"
      }, {
        "lat" : 35.7326690282,
        "lon" : 139.766387966,
        "time" : "20150330T095302+0900"
      }, {
        "lat" : 35.732446989,
        "lon" : 139.7665806725,
        "time" : "20150330T095319+0900"
      }, {
        "lat" : 35.732217507,
        "lon" : 139.7667274875,
        "time" : "20150330T095344+0900"
      }, {
        "lat" : 35.7319117305,
        "lon" : 139.7669334827,
        "time" : "20150330T095359+0900"
      }, {
        "lat" : 35.728124719,
        "lon" : 139.7705863382,
        "time" : "20150330T095442+0900"
      }, {
        "lat" : 35.7280063881,
        "lon" : 139.7707997228,
        "time" : "20150330T095514+0900"
      }, {
        "lat" : 35.7279883471,
        "lon" : 139.7708233946,
        "time" : "20150330T095529+0900"
      }, {
        "lat" : 35.727972587,
        "lon" : 139.7708411407,
        "time" : "20150330T095552+0900"
      }, {
        "lat" : 35.7279638895,
        "lon" : 139.7708539741,
        "time" : "20150330T095613+0900"
      }, {
        "lat" : 35.7279595152,
        "lon" : 139.7708612336,
        "time" : "20150330T095632+0900"
      }, {
        "lat" : 35.7279661027,
        "lon" : 139.7708546518,
        "time" : "20150330T095659+0900"
      }, {
        "lat" : 35.7297133526,
        "lon" : 139.7696483839,
        "time" : "20150330T095752+0900"
      }, {
        "lat" : 35.7338054694,
        "lon" : 139.7733198614,
        "time" : "20150330T095837+0900"
      }, {
        "lat" : 35.733401899,
        "lon" : 139.7773535411,
        "time" : "20150330T095919+0900"
      }, {
        "lat" : 35.7333235509,
        "lon" : 139.7778922813,
        "time" : "20150330T095935+0900"
      }, {
        "lat" : 35.7330273499,
        "lon" : 139.778669564,
        "time" : "20150330T095952+0900"
      }, {
        "lat" : 35.7330115529,
        "lon" : 139.7790682035,
        "time" : "20150330T095959+0900"
      }, {
        "lat" : 35.7330115308,
        "lon" : 139.7790687596,
        "time" : "20150330T100000+0900"
      }, {
        "lat" : 35.7329940719,
        "lon" : 139.7795093405,
        "time" : "20150330T100007+0900"
      }, {
        "lat" : 35.7320540608,
        "lon" : 139.7855264152,
        "time" : "20150330T100026+0900"
      }, {
        "lat" : 35.7317664796,
        "lon" : 139.7891975483,
        "time" : "20150330T100042+0900"
      }, {
        "lat" : 35.731026772,
        "lon" : 139.794773042,
        "time" : "20150330T100113+0900"
      }, {
        "lat" : 35.7324693194,
        "lon" : 139.7984990413,
        "time" : "20150330T100130+0900"
      }, {
        "lat" : 35.7341498542,
        "lon" : 139.7995025687,
        "time" : "20150330T100149+0900"
      }, {
        "lat" : 35.7344203324,
        "lon" : 139.7998219127,
        "time" : "20150330T100216+0900"
      }, {
        "lat" : 35.7344679197,
        "lon" : 139.7998776503,
        "time" : "20150330T100239+0900"
      }, {
        "lat" : 35.7344438819,
        "lon" : 139.7998372645,
        "time" : "20150330T100258+0900"
      }, {
        "lat" : 35.737744882,
        "lon" : 139.8010299998,
        "time" : "20150330T100330+0900"
      }, {
        "lat" : 35.7430995627,
        "lon" : 139.8026777689,
        "time" : "20150330T100404+0900"
      }, {
        "lat" : 35.7448682894,
        "lon" : 139.8032926204,
        "time" : "20150330T100419+0900"
      }, {
        "lat" : 35.7470460559,
        "lon" : 139.8039927827,
        "time" : "20150330T100442+0900"
      }, {
        "lat" : 35.7488265181,
        "lon" : 139.8047388824,
        "time" : "20150330T100504+0900"
      }, {
        "lat" : 35.7497263858,
        "lon" : 139.8051930724,
        "time" : "20150330T100533+0900"
      }, {
        "lat" : 35.7498513286,
        "lon" : 139.8052339041,
        "time" : "20150330T100558+0900"
      }, {
        "lat" : 35.7498643774,
        "lon" : 139.8052431367,
        "time" : "20150330T100617+0900"
      }, {
        "lat" : 35.7498663362,
        "lon" : 139.8052491235,
        "time" : "20150330T100638+0900"
      }, {
        "lat" : 35.749867503,
        "lon" : 139.8052517116,
        "time" : "20150330T100656+0900"
      }, {
        "lat" : 35.7498681996,
        "lon" : 139.8052532858,
        "time" : "20150330T100723+0900"
      }, {
        "lat" : 35.7498691506,
        "lon" : 139.8052548264,
        "time" : "20150330T100742+0900"
      }, {
        "lat" : 35.7498698384,
        "lon" : 139.8052558462,
        "time" : "20150330T100808+0900"
      }, {
        "lat" : 35.7498713866,
        "lon" : 139.805256247,
        "time" : "20150330T100841+0900"
      }, {
        "lat" : 35.7517147901,
        "lon" : 139.8055034624,
        "time" : "20150330T100909+0900"
      }, {
        "lat" : 35.7545223642,
        "lon" : 139.8068789094,
        "time" : "20150330T100945+0900"
      }, {
        "lat" : 35.7595585727,
        "lon" : 139.812104383,
        "time" : "20150330T101018+0900"
      }, {
        "lat" : 35.7612173548,
        "lon" : 139.8190645775,
        "time" : "20150330T101044+0900"
      }, {
        "lat" : 35.7622827479,
        "lon" : 139.827090606,
        "time" : "20150330T101114+0900"
      }, {
        "lat" : 35.7627891824,
        "lon" : 139.8321335865,
        "time" : "20150330T101130+0900"
      }, {
        "lat" : 35.7633326094,
        "lon" : 139.8361063827,
        "time" : "20150330T101146+0900"
      }, {
        "lat" : 35.7662569774,
        "lon" : 139.8474602792,
        "time" : "20150330T101225+0900"
      }, {
        "lat" : 35.7671282265,
        "lon" : 139.8502883792,
        "time" : "20150330T101242+0900"
      }, {
        "lat" : 35.7678898124,
        "lon" : 139.8555987798,
        "time" : "20150330T101307+0900"
      }, {
        "lat" : 35.7694794274,
        "lon" : 139.8690904998,
        "time" : "20150330T101353+0900"
      }, {
        "lat" : 35.7694817097,
        "lon" : 139.8735968195,
        "time" : "20150330T101409+0900"
      }, {
        "lat" : 35.7687524991,
        "lon" : 139.8829671842,
        "time" : "20150330T101445+0900"
      }, {
        "lat" : 35.769157074,
        "lon" : 139.8875367928,
        "time" : "20150330T101501+0900"
      }, {
        "lat" : 35.7704174727,
        "lon" : 139.8918547943,
        "time" : "20150330T101516+0900"
      }, {
        "lat" : 35.7756478062,
        "lon" : 139.8974676785,
        "time" : "20150330T101548+0900"
      }, {
        "lat" : 35.7773618892,
        "lon" : 139.8980795741,
        "time" : "20150330T101603+0900"
      }, {
        "lat" : 35.7837199382,
        "lon" : 139.9001544455,
        "time" : "20150330T101626+0900"
      }, {
        "lat" : 35.7851078631,
        "lon" : 139.9009972183,
        "time" : "20150330T101650+0900"
      }, {
        "lat" : 35.7851078631,
        "lon" : 139.9009972183,
        "time" : "20150330T101711+0900"
      }, {
        "lat" : 35.7851078631,
        "lon" : 139.9009972183,
        "time" : "20150330T101745+0900"
      }, {
        "lat" : 35.7851078631,
        "lon" : 139.9009972183,
        "time" : "20150330T101808+0900"
      }, {
        "lat" : 35.7876860415,
        "lon" : 139.9017520122,
        "time" : "20150330T101835+0900"
      }, {
        "lat" : 35.7907014306,
        "lon" : 139.9032715569,
        "time" : "20150330T101854+0900"
      }, {
        "lat" : 35.7950055207,
        "lon" : 139.9064148132,
        "time" : "20150330T101911+0900"
      }, {
        "lat" : 35.802389291,
        "lon" : 139.9134220626,
        "time" : "20150330T101946+0900"
      }, {
        "lat" : 35.8082770571,
        "lon" : 139.9162927917,
        "time" : "20150330T102020+0900"
      }, {
        "lat" : 35.8152872163,
        "lon" : 139.9182128915,
        "time" : "20150330T102047+0900"
      }, {
        "lat" : 35.8197881656,
        "lon" : 139.9194363397,
        "time" : "20150330T102105+0900"
      }, {
        "lat" : 35.8309390823,
        "lon" : 139.9254375258,
        "time" : "20150330T102154+0900"
      }, {
        "lat" : 35.8370054924,
        "lon" : 139.9381825422,
        "time" : "20150330T102244+0900"
      }, {
        "lat" : 35.8390303582,
        "lon" : 139.9425710557,
        "time" : "20150330T102302+0900"
      }, {
        "lat" : 35.8427301233,
        "lon" : 139.9499616183,
        "time" : "20150330T102330+0900"
      }, {
        "lat" : 35.8446032068,
        "lon" : 139.9542068711,
        "time" : "20150330T102347+0900"
      }, {
        "lat" : 35.8475111418,
        "lon" : 139.9583597606,
        "time" : "20150330T102404+0900"
      }, {
        "lat" : 35.8534096692,
        "lon" : 139.9639423347,
        "time" : "20150330T102433+0900"
      }, {
        "lat" : 35.862214385,
        "lon" : 139.9709404567,
        "time" : "20150330T102538+0900"
      }, {
        "lat" : 35.8622003138,
        "lon" : 139.9707522682,
        "time" : "20150330T102557+0900"
      }, {
        "lat" : 35.8621800625,
        "lon" : 139.9706904063,
        "time" : "20150330T102617+0900"
      }, {
        "lat" : 35.8621724822,
        "lon" : 139.9706693477,
        "time" : "20150330T102634+0900"
      }, {
        "lat" : 35.8621724822,
        "lon" : 139.9706693477,
        "time" : "20150330T102707+0900"
      }, {
        "lat" : 35.8621744743,
        "lon" : 139.9706671343,
        "time" : "20150330T102734+0900"
      }, {
        "lat" : 35.8621793754,
        "lon" : 139.970659462,
        "time" : "20150330T102755+0900"
      }, {
        "lat" : 35.8622328283,
        "lon" : 139.9705789614,
        "time" : "20150330T102820+0900"
      }, {
        "lat" : 35.8622726482,
        "lon" : 139.9704951469,
        "time" : "20150330T102837+0900"
      }, {
        "lat" : 35.8622441224,
        "lon" : 139.9703648305,
        "time" : "20150330T102908+0900"
      }, {
        "lat" : 35.862185719,
        "lon" : 139.9703405426,
        "time" : "20150330T102929+0900"
      }, {
        "lat" : 35.8621777113,
        "lon" : 139.9703354434,
        "time" : "20150330T103001+0900"
      }, {
        "lat" : 35.8621554895,
        "lon" : 139.9703209029,
        "time" : "20150330T103020+0900"
      }, {
        "lat" : 35.8621133745,
        "lon" : 139.9702809793,
        "time" : "20150330T103200+0900"
      }, {
        "lat" : 35.8621117026,
        "lon" : 139.970279559,
        "time" : "20150330T103234+0900"
      }, {
        "lat" : 35.8621147307,
        "lon" : 139.9702820752,
        "time" : "20150330T103307+0900"
      }, {
        "lat" : 35.8609974635,
        "lon" : 139.9698861296,
        "time" : "20150330T103344+0900"
      }, {
        "lat" : 35.8597853337,
        "lon" : 139.9689153453,
        "time" : "20150330T103400+0900"
      }, {
        "lat" : 35.8588965768,
        "lon" : 139.967122693,
        "time" : "20150330T103419+0900"
      }, {
        "lat" : 35.860424785,
        "lon" : 139.9594912168,
        "time" : "20150330T103452+0900"
      }, {
        "lat" : 35.8615910229,
        "lon" : 139.9542934487,
        "time" : "20150330T103511+0900"
      }, {
        "lat" : 35.8633383554,
        "lon" : 139.9482643025,
        "time" : "20150330T103538+0900"
      }, {
        "lat" : 35.865493528,
        "lon" : 139.9412833105,
        "time" : "20150330T103604+0900"
      }, {
        "lat" : 35.866502378,
        "lon" : 139.9394002648,
        "time" : "20150330T103623+0900"
      }, {
        "lat" : 35.8665572178,
        "lon" : 139.9393509594,
        "time" : "20150330T103658+0900"
      }, {
        "lat" : 35.8670605674,
        "lon" : 139.9379222131,
        "time" : "20150330T103724+0900"
      }, {
        "lat" : 35.8682971869,
        "lon" : 139.9351158817,
        "time" : "20150330T103740+0900"
      }, {
        "lat" : 35.870067227,
        "lon" : 139.9309285817,
        "time" : "20150330T103803+0900"
      }, {
        "lat" : 35.8712475268,
        "lon" : 139.9276042084,
        "time" : "20150330T103823+0900"
      }, {
        "lat" : 35.8719509767,
        "lon" : 139.9260888845,
        "time" : "20150330T103853+0900"
      }, {
        "lat" : 35.8719911451,
        "lon" : 139.9259212974,
        "time" : "20150330T103918+0900"
      }, {
        "lat" : 35.8747916905,
        "lon" : 139.9231153985,
        "time" : "20150330T103953+0900"
      }, {
        "lat" : 35.8791067923,
        "lon" : 139.9205114998,
        "time" : "20150330T104020+0900"
      }, {
        "lat" : 35.8825957592,
        "lon" : 139.9188958788,
        "time" : "20150330T104040+0900"
      }, {
        "lat" : 35.8834669449,
        "lon" : 139.918158796,
        "time" : "20150330T104104+0900"
      }, {
        "lat" : 35.8837090974,
        "lon" : 139.9179083926,
        "time" : "20150330T104119+0900"
      }, {
        "lat" : 35.8840014376,
        "lon" : 139.9178152795,
        "time" : "20150330T104145+0900"
      }, {
        "lat" : 35.888072525,
        "lon" : 139.9155324144,
        "time" : "20150330T104219+0900"
      }, {
        "lat" : 35.8917386324,
        "lon" : 139.9135144675,
        "time" : "20150330T104239+0900"
      }, {
        "lat" : 35.8950085196,
        "lon" : 139.9117977922,
        "time" : "20150330T104257+0900"
      }, {
        "lat" : 35.8968304568,
        "lon" : 139.9106606514,
        "time" : "20150330T104315+0900"
      }, {
        "lat" : 35.8971584843,
        "lon" : 139.9105677044,
        "time" : "20150330T104348+0900"
      }, {
        "lat" : 35.8974109745,
        "lon" : 139.9104240925,
        "time" : "20150330T104406+0900"
      }, {
        "lat" : 35.8985669044,
        "lon" : 139.9097918643,
        "time" : "20150330T104422+0900"
      }, {
        "lat" : 35.903289821,
        "lon" : 139.908096061,
        "time" : "20150330T104453+0900"
      }, {
        "lat" : 35.9084447097,
        "lon" : 139.9070885416,
        "time" : "20150330T104518+0900"
      }, {
        "lat" : 35.9110144248,
        "lon" : 139.9066885837,
        "time" : "20150330T104535+0900"
      }, {
        "lat" : 35.9120749455,
        "lon" : 139.906346948,
        "time" : "20150330T104603+0900"
      } ]
    }, {
      "activity" : "walking",
      "group" : "walking",
      "manual" : false,
      "startTime" : "20150330T104603+0900",
      "endTime" : "20150330T105204+0900",
      "duration" : 361.0,
      "distance" : 794.0,
      "steps" : 731,
      "calories" : 47,
      "trackPoints" : [ {
        "lat" : 35.9120749455,
        "lon" : 139.906346948,
        "time" : "20150330T104603+0900"
      }, {
        "lat" : 35.9140289105,
        "lon" : 139.9061727048,
        "time" : "20150330T104649+0900"
      }, {
        "lat" : 35.9143970066,
        "lon" : 139.9062110406,
        "time" : "20150330T104712+0900"
      }, {
        "lat" : 35.914974426,
        "lon" : 139.9061008122,
        "time" : "20150330T104746+0900"
      }, {
        "lat" : 35.9154497733,
        "lon" : 139.9060883432,
        "time" : "20150330T104809+0900"
      }, {
        "lat" : 35.915618544,
        "lon" : 139.9061685838,
        "time" : "20150330T104836+0900"
      }, {
        "lat" : 35.915859112,
        "lon" : 139.9061008266,
        "time" : "20150330T104851+0900"
      }, {
        "lat" : 35.9161677731,
        "lon" : 139.9061129294,
        "time" : "20150330T104907+0900"
      }, {
        "lat" : 35.9164305735,
        "lon" : 139.9060876744,
        "time" : "20150330T104930+0900"
      }, {
        "lat" : 35.9162944185,
        "lon" : 139.9061025895,
        "time" : "20150330T105001+0900"
      }, {
        "lat" : 35.9164810269,
        "lon" : 139.906200202,
        "time" : "20150330T105021+0900"
      }, {
        "lat" : 35.9173194966,
        "lon" : 139.9080992452,
        "time" : "20150330T105204+0900"
      } ]
    } ],
    "lastUpdate" : "20150330T111856Z"
  }, {
    "type" : "place",
    "startTime" : "20150330T105204+0900",
    "endTime" : "20150330T113813+0900",
    "place" : {
      "id" : 109280695,
      "type" : "unknown",
      "location" : {
        "lat" : 35.9173194966,
        "lon" : 139.9080992452
      }
    },
    "activities" : [ {
      "activity" : "walking",
      "group" : "walking",
      "manual" : false,
      "startTime" : "20150330T105633+0900",
      "endTime" : "20150330T105729+0900",
      "duration" : 56.0,
      "distance" : 51.0,
      "steps" : 102,
      "calories" : 3,
      "trackPoints" : [ ]
    }, {
      "activity" : "walking",
      "group" : "walking",
      "manual" : false,
      "startTime" : "20150330T110000+0900",
      "endTime" : "20150330T110447+0900",
      "duration" : 287.0,
      "distance" : 381.0,
      "steps" : 508,
      "calories" : 23,
      "trackPoints" : [ ]
    } ],
    "lastUpdate" : "20150330T111856Z"
  }, {
    "type" : "move",
    "startTime" : "20150330T113813+0900",
    "endTime" : "20150330T114019+0900",
    "activities" : [ {
      "activity" : "walking",
      "group" : "walking",
      "manual" : false,
      "startTime" : "20150330T113813+0900",
      "endTime" : "20150330T114018+0900",
      "duration" : 125.0,
      "distance" : 276.0,
      "steps" : 244,
      "calories" : 16,
      "trackPoints" : [ {
        "lat" : 35.9173194966,
        "lon" : 139.9080992452,
        "time" : "20150330T113813+0900"
      }, {
        "lat" : 35.9183044504,
        "lon" : 139.9087133342,
        "time" : "20150330T113845+0900"
      }, {
        "lat" : 35.9182106959,
        "lon" : 139.9087073729,
        "time" : "20150330T113902+0900"
      }, {
        "lat" : 35.9183186956,
        "lon" : 139.9088384272,
        "time" : "20150330T113919+0900"
      }, {
        "lat" : 35.9184119872,
        "lon" : 139.9090771683,
        "time" : "20150330T113944+0900"
      }, {
        "lat" : 35.9178679324,
        "lon" : 139.9086242624,
        "time" : "20150330T114019+0900"
      } ]
    } ],
    "lastUpdate" : "20150330T111856Z"
  }, {
    "type" : "place",
    "startTime" : "20150330T114019+0900",
    "endTime" : "20150330T121157+0900",
    "place" : {
      "id" : 99211785,
      "type" : "unknown",
      "location" : {
        "lat" : 35.9178679324,
        "lon" : 139.9086242624
      }
    },
    "activities" : [ {
      "activity" : "walking",
      "group" : "walking",
      "manual" : false,
      "startTime" : "20150330T120733+0900",
      "endTime" : "20150330T120933+0900",
      "duration" : 120.0,
      "distance" : 168.0,
      "steps" : 224,
      "calories" : 10,
      "trackPoints" : [ ]
    } ],
    "lastUpdate" : "20150330T111856Z"
  }, {
    "type" : "move",
    "startTime" : "20150330T121157+0900",
    "endTime" : "20150330T121502+0900",
    "activities" : [ {
      "activity" : "walking",
      "group" : "walking",
      "manual" : false,
      "startTime" : "20150330T121157+0900",
      "endTime" : "20150330T121501+0900",
      "duration" : 184.0,
      "distance" : 214.0,
      "steps" : 239,
      "calories" : 13,
      "trackPoints" : [ {
        "lat" : 35.9178679324,
        "lon" : 139.9086242624,
        "time" : "20150330T121157+0900"
      }, {
        "lat" : 35.9175491178,
        "lon" : 139.9082499986,
        "time" : "20150330T121220+0900"
      }, {
        "lat" : 35.9174624704,
        "lon" : 139.9080553281,
        "time" : "20150330T121243+0900"
      }, {
        "lat" : 35.9174011589,
        "lon" : 139.9079977051,
        "time" : "20150330T121259+0900"
      }, {
        "lat" : 35.9173451018,
        "lon" : 139.9078009576,
        "time" : "20150330T121316+0900"
      }, {
        "lat" : 35.9174347269,
        "lon" : 139.9076016078,
        "time" : "20150330T121339+0900"
      }, {
        "lat" : 35.9175872425,
        "lon" : 139.9075796455,
        "time" : "20150330T121400+0900"
      }, {
        "lat" : 35.9177021936,
        "lon" : 139.9075137246,
        "time" : "20150330T121429+0900"
      }, {
        "lat" : 35.9174253603,
        "lon" : 139.9069776825,
        "time" : "20150330T121502+0900"
      } ]
    } ],
    "lastUpdate" : "20150330T111856Z"
  }, {
    "type" : "place",
    "startTime" : "20150330T121502+0900",
    "endTime" : "20150330T122231+0900",
    "place" : {
      "id" : 122003219,
      "type" : "unknown",
      "location" : {
        "lat" : 35.9174253603,
        "lon" : 139.9069776825
      }
    },
    "activities" : [ {
      "activity" : "walking",
      "group" : "walking",
      "manual" : false,
      "startTime" : "20150330T121810+0900",
      "endTime" : "20150330T121910+0900",
      "duration" : 60.0,
      "distance" : 41.0,
      "steps" : 81,
      "calories" : 2,
      "trackPoints" : [ ]
    } ],
    "lastUpdate" : "20150330T111856Z"
  }, {
    "type" : "move",
    "startTime" : "20150330T122231+0900",
    "endTime" : "20150330T134435+0900",
    "activities" : [ {
      "activity" : "walking",
      "group" : "walking",
      "manual" : false,
      "startTime" : "20150330T122231+0900",
      "endTime" : "20150330T122911+0900",
      "duration" : 400.0,
      "distance" : 619.0,
      "steps" : 771,
      "calories" : 37,
      "trackPoints" : [ {
        "lat" : 35.9174253603,
        "lon" : 139.9069776825,
        "time" : "20150330T122231+0900"
      }, {
        "lat" : 35.9167769225,
        "lon" : 139.906802856,
        "time" : "20150330T122300+0900"
      }, {
        "lat" : 35.9166142635,
        "lon" : 139.9066337723,
        "time" : "20150330T122324+0900"
      }, {
        "lat" : 35.9163731845,
        "lon" : 139.9062081999,
        "time" : "20150330T122342+0900"
      }, {
        "lat" : 35.9165024387,
        "lon" : 139.9060324777,
        "time" : "20150330T122411+0900"
      }, {
        "lat" : 35.9166873475,
        "lon" : 139.905930098,
        "time" : "20150330T122430+0900"
      }, {
        "lat" : 35.9167153809,
        "lon" : 139.9057564856,
        "time" : "20150330T122450+0900"
      }, {
        "lat" : 35.9161546885,
        "lon" : 139.9058451969,
        "time" : "20150330T122513+0900"
      }, {
        "lat" : 35.9158932549,
        "lon" : 139.9060046503,
        "time" : "20150330T122531+0900"
      }, {
        "lat" : 35.9155541009,
        "lon" : 139.9059878721,
        "time" : "20150330T122606+0900"
      }, {
        "lat" : 35.915320583,
        "lon" : 139.9059639746,
        "time" : "20150330T122631+0900"
      }, {
        "lat" : 35.9147818416,
        "lon" : 139.9060107505,
        "time" : "20150330T122712+0900"
      }, {
        "lat" : 35.9145158932,
        "lon" : 139.9060732699,
        "time" : "20150330T122734+0900"
      }, {
        "lat" : 35.9141621763,
        "lon" : 139.9060369923,
        "time" : "20150330T122800+0900"
      }, {
        "lat" : 35.9138981308,
        "lon" : 139.9058110764,
        "time" : "20150330T122816+0900"
      }, {
        "lat" : 35.9135569264,
        "lon" : 139.9059469604,
        "time" : "20150330T122848+0900"
      }, {
        "lat" : 35.9136322168,
        "lon" : 139.9060942221,
        "time" : "20150330T122911+0900"
      } ]
    }, {
      "activity" : "transport",
      "group" : "transport",
      "manual" : false,
      "startTime" : "20150330T122911+0900",
      "endTime" : "20150330T124843+0900",
      "duration" : 1172.0,
      "distance" : 10972.0,
      "trackPoints" : [ {
        "lat" : 35.9136322168,
        "lon" : 139.9060942221,
        "time" : "20150330T122911+0900"
      }, {
        "lat" : 35.913681761,
        "lon" : 139.9061985296,
        "time" : "20150330T122929+0900"
      }, {
        "lat" : 35.9136965589,
        "lon" : 139.906279316,
        "time" : "20150330T123005+0900"
      }, {
        "lat" : 35.9136969334,
        "lon" : 139.9063133528,
        "time" : "20150330T123025+0900"
      }, {
        "lat" : 35.9137427225,
        "lon" : 139.906275874,
        "time" : "20150330T123044+0900"
      }, {
        "lat" : 35.9139250418,
        "lon" : 139.9063323868,
        "time" : "20150330T123102+0900"
      }, {
        "lat" : 35.9138723549,
        "lon" : 139.9063031189,
        "time" : "20150330T123119+0900"
      }, {
        "lat" : 35.9138178055,
        "lon" : 139.906287662,
        "time" : "20150330T123136+0900"
      }, {
        "lat" : 35.9137923551,
        "lon" : 139.9062814561,
        "time" : "20150330T123152+0900"
      }, {
        "lat" : 35.9137877186,
        "lon" : 139.9062804053,
        "time" : "20150330T123224+0900"
      }, {
        "lat" : 35.9137830746,
        "lon" : 139.9062770047,
        "time" : "20150330T123244+0900"
      }, {
        "lat" : 35.9137743986,
        "lon" : 139.9062715605,
        "time" : "20150330T123346+0900"
      }, {
        "lat" : 35.9137945818,
        "lon" : 139.9063183725,
        "time" : "20150330T123415+0900"
      }, {
        "lat" : 35.9137672205,
        "lon" : 139.906255713,
        "time" : "20150330T123435+0900"
      }, {
        "lat" : 35.9137385016,
        "lon" : 139.9061892263,
        "time" : "20150330T123454+0900"
      }, {
        "lat" : 35.9137080905,
        "lon" : 139.9061166644,
        "time" : "20150330T123517+0900"
      }, {
        "lat" : 35.9136690395,
        "lon" : 139.9060331859,
        "time" : "20150330T123537+0900"
      }, {
        "lat" : 35.9120303554,
        "lon" : 139.906260158,
        "time" : "20150330T123603+0900"
      }, {
        "lat" : 35.9090890791,
        "lon" : 139.9073008913,
        "time" : "20150330T123627+0900"
      }, {
        "lat" : 35.9036836088,
        "lon" : 139.9079240321,
        "time" : "20150330T123651+0900"
      }, {
        "lat" : 35.9001628129,
        "lon" : 139.9088825145,
        "time" : "20150330T123710+0900"
      }, {
        "lat" : 35.8975672784,
        "lon" : 139.9102634258,
        "time" : "20150330T123726+0900"
      }, {
        "lat" : 35.8969745651,
        "lon" : 139.910602259,
        "time" : "20150330T123743+0900"
      }, {
        "lat" : 35.8970382323,
        "lon" : 139.910584489,
        "time" : "20150330T123809+0900"
      }, {
        "lat" : 35.8959593218,
        "lon" : 139.9111984791,
        "time" : "20150330T123832+0900"
      }, {
        "lat" : 35.8941579388,
        "lon" : 139.9122552567,
        "time" : "20150330T123850+0900"
      }, {
        "lat" : 35.8906873331,
        "lon" : 139.9139410703,
        "time" : "20150330T123909+0900"
      }, {
        "lat" : 35.8856263906,
        "lon" : 139.916576031,
        "time" : "20150330T123936+0900"
      }, {
        "lat" : 35.8839171917,
        "lon" : 139.9178380956,
        "time" : "20150330T123959+0900"
      }, {
        "lat" : 35.8837696129,
        "lon" : 139.9178795341,
        "time" : "20150330T124022+0900"
      }, {
        "lat" : 35.8833641112,
        "lon" : 139.9179061225,
        "time" : "20150330T124054+0900"
      }, {
        "lat" : 35.8800675451,
        "lon" : 139.9199321609,
        "time" : "20150330T124113+0900"
      }, {
        "lat" : 35.8764200374,
        "lon" : 139.9219130774,
        "time" : "20150330T124133+0900"
      }, {
        "lat" : 35.8726518206,
        "lon" : 139.9247224544,
        "time" : "20150330T124151+0900"
      }, {
        "lat" : 35.8719336994,
        "lon" : 139.9258940433,
        "time" : "20150330T124207+0900"
      }, {
        "lat" : 35.8718569918,
        "lon" : 139.9264047841,
        "time" : "20150330T124231+0900"
      }, {
        "lat" : 35.8718751865,
        "lon" : 139.926902582,
        "time" : "20150330T124311+0900"
      }, {
        "lat" : 35.8688784866,
        "lon" : 139.9332529729,
        "time" : "20150330T124402+0900"
      }, {
        "lat" : 35.8671269424,
        "lon" : 139.9380983124,
        "time" : "20150330T124423+0900"
      }, {
        "lat" : 35.8663226743,
        "lon" : 139.9394778182,
        "time" : "20150330T124507+0900"
      }, {
        "lat" : 35.8663300133,
        "lon" : 139.9398856441,
        "time" : "20150330T124524+0900"
      }, {
        "lat" : 35.8654359114,
        "lon" : 139.9413466827,
        "time" : "20150330T124543+0900"
      }, {
        "lat" : 35.8638440824,
        "lon" : 139.9465146065,
        "time" : "20150330T124606+0900"
      }, {
        "lat" : 35.861190544,
        "lon" : 139.9563993422,
        "time" : "20150330T124642+0900"
      }, {
        "lat" : 35.8593661339,
        "lon" : 139.9640484836,
        "time" : "20150330T124717+0900"
      }, {
        "lat" : 35.8603211716,
        "lon" : 139.9691685769,
        "time" : "20150330T124748+0900"
      }, {
        "lat" : 35.8618215477,
        "lon" : 139.9704483858,
        "time" : "20150330T124818+0900"
      }, {
        "lat" : 35.8621169508,
        "lon" : 139.9705983692,
        "time" : "20150330T124843+0900"
      } ]
    }, {
      "activity" : "walking",
      "group" : "walking",
      "manual" : false,
      "startTime" : "20150330T124843+0900",
      "endTime" : "20150330T125043+0900",
      "duration" : 120.0,
      "distance" : 101.0,
      "steps" : 203,
      "calories" : 6,
      "trackPoints" : [ {
        "lat" : 35.8621169508,
        "lon" : 139.9705983692,
        "time" : "20150330T124843+0900"
      }, {
        "lat" : 35.8621880793,
        "lon" : 139.9706291961,
        "time" : "20150330T124902+0900"
      }, {
        "lat" : 35.8619971279,
        "lon" : 139.9705529824,
        "time" : "20150330T124928+0900"
      }, {
        "lat" : 35.8617905355,
        "lon" : 139.9704187617,
        "time" : "20150330T124953+0900"
      }, {
        "lat" : 35.8617068895,
        "lon" : 139.9704726391,
        "time" : "20150330T125019+0900"
      }, {
        "lat" : 35.8616964558,
        "lon" : 139.9705367181,
        "time" : "20150330T125043+0900"
      } ]
    }, {
      "activity" : "transport",
      "group" : "transport",
      "manual" : false,
      "startTime" : "20150330T125043+0900",
      "endTime" : "20150330T131715+0900",
      "duration" : 1592.0,
      "distance" : 30721.0,
      "trackPoints" : [ {
        "lat" : 35.8616964558,
        "lon" : 139.9705367181,
        "time" : "20150330T125043+0900"
      }, {
        "lat" : 35.8614349615,
        "lon" : 139.970276154,
        "time" : "20150330T125121+0900"
      }, {
        "lat" : 35.8614349615,
        "lon" : 139.970276154,
        "time" : "20150330T125143+0900"
      }, {
        "lat" : 35.8614346579,
        "lon" : 139.970274921,
        "time" : "20150330T125204+0900"
      }, {
        "lat" : 35.8614349128,
        "lon" : 139.9702747617,
        "time" : "20150330T125221+0900"
      }, {
        "lat" : 35.861436063,
        "lon" : 139.9702769894,
        "time" : "20150330T125236+0900"
      }, {
        "lat" : 35.8614252701,
        "lon" : 139.9702549833,
        "time" : "20150330T125251+0900"
      }, {
        "lat" : 35.8614252701,
        "lon" : 139.9702549833,
        "time" : "20150330T125314+0900"
      }, {
        "lat" : 35.8592997852,
        "lon" : 139.9686851171,
        "time" : "20150330T125353+0900"
      }, {
        "lat" : 35.8554482426,
        "lon" : 139.9656606275,
        "time" : "20150330T125413+0900"
      }, {
        "lat" : 35.8512118863,
        "lon" : 139.9622949827,
        "time" : "20150330T125432+0900"
      }, {
        "lat" : 35.8479075484,
        "lon" : 139.9587694123,
        "time" : "20150330T125450+0900"
      }, {
        "lat" : 35.8438236232,
        "lon" : 139.9523792773,
        "time" : "20150330T125517+0900"
      }, {
        "lat" : 35.8408268998,
        "lon" : 139.9460371665,
        "time" : "20150330T125541+0900"
      }, {
        "lat" : 35.8365455368,
        "lon" : 139.9374644335,
        "time" : "20150330T125614+0900"
      }, {
        "lat" : 35.833368123,
        "lon" : 139.9308553954,
        "time" : "20150330T125640+0900"
      }, {
        "lat" : 35.8307035266,
        "lon" : 139.9255618107,
        "time" : "20150330T125701+0900"
      }, {
        "lat" : 35.8262628072,
        "lon" : 139.9215638659,
        "time" : "20150330T125720+0900"
      }, {
        "lat" : 35.8220702001,
        "lon" : 139.9202819025,
        "time" : "20150330T125742+0900"
      }, {
        "lat" : 35.8174915636,
        "lon" : 139.9185650139,
        "time" : "20150330T125801+0900"
      }, {
        "lat" : 35.8114284187,
        "lon" : 139.9171340085,
        "time" : "20150330T125827+0900"
      }, {
        "lat" : 35.8064526836,
        "lon" : 139.9159863587,
        "time" : "20150330T125846+0900"
      }, {
        "lat" : 35.8022205118,
        "lon" : 139.9130628717,
        "time" : "20150330T125905+0900"
      }, {
        "lat" : 35.7990168206,
        "lon" : 139.9102182971,
        "time" : "20150330T125931+0900"
      }, {
        "lat" : 35.7943640091,
        "lon" : 139.9057467716,
        "time" : "20150330T125953+0900"
      }, {
        "lat" : 35.7930370449,
        "lon" : 139.9048943549,
        "time" : "20150330T125959+0900"
      }, {
        "lat" : 35.7930350034,
        "lon" : 139.9048930435,
        "time" : "20150330T130000+0900"
      }, {
        "lat" : 35.7905521486,
        "lon" : 139.9032981045,
        "time" : "20150330T130012+0900"
      }, {
        "lat" : 35.7858868393,
        "lon" : 139.9014329964,
        "time" : "20150330T130035+0900"
      }, {
        "lat" : 35.7842100747,
        "lon" : 139.9007508229,
        "time" : "20150330T130054+0900"
      }, {
        "lat" : 35.7839557973,
        "lon" : 139.9004720974,
        "time" : "20150330T130113+0900"
      }, {
        "lat" : 35.7839016306,
        "lon" : 139.9004545487,
        "time" : "20150330T130136+0900"
      }, {
        "lat" : 35.7839248739,
        "lon" : 139.9004655672,
        "time" : "20150330T130154+0900"
      }, {
        "lat" : 35.7821699709,
        "lon" : 139.8999606821,
        "time" : "20150330T130224+0900"
      }, {
        "lat" : 35.7780919951,
        "lon" : 139.8982747955,
        "time" : "20150330T130245+0900"
      }, {
        "lat" : 35.7712826996,
        "lon" : 139.8930079986,
        "time" : "20150330T130321+0900"
      }, {
        "lat" : 35.7689577632,
        "lon" : 139.8879235173,
        "time" : "20150330T130342+0900"
      }, {
        "lat" : 35.7691775457,
        "lon" : 139.8706476642,
        "time" : "20150330T130443+0900"
      }, {
        "lat" : 35.7682749635,
        "lon" : 139.8639267108,
        "time" : "20150330T130504+0900"
      }, {
        "lat" : 35.76793438,
        "lon" : 139.8564565589,
        "time" : "20150330T130533+0900"
      }, {
        "lat" : 35.7677279464,
        "lon" : 139.8540339191,
        "time" : "20150330T130548+0900"
      }, {
        "lat" : 35.765482462,
        "lon" : 139.8465713278,
        "time" : "20150330T130612+0900"
      }, {
        "lat" : 35.7636444286,
        "lon" : 139.841554066,
        "time" : "20150330T130630+0900"
      }, {
        "lat" : 35.7630564269,
        "lon" : 139.8354958485,
        "time" : "20150330T130653+0900"
      }, {
        "lat" : 35.7624058101,
        "lon" : 139.828170139,
        "time" : "20150330T130712+0900"
      }, {
        "lat" : 35.7616829698,
        "lon" : 139.8220939846,
        "time" : "20150330T130730+0900"
      }, {
        "lat" : 35.7607426226,
        "lon" : 139.8139534922,
        "time" : "20150330T130801+0900"
      }, {
        "lat" : 35.7583144597,
        "lon" : 139.8113038658,
        "time" : "20150330T130824+0900"
      }, {
        "lat" : 35.7533564415,
        "lon" : 139.8068017003,
        "time" : "20150330T130851+0900"
      }, {
        "lat" : 35.7487467539,
        "lon" : 139.8049054782,
        "time" : "20150330T130918+0900"
      }, {
        "lat" : 35.7486671073,
        "lon" : 139.8048412928,
        "time" : "20150330T130951+0900"
      }, {
        "lat" : 35.7484654502,
        "lon" : 139.8046164705,
        "time" : "20150330T131019+0900"
      }, {
        "lat" : 35.7454714632,
        "lon" : 139.8035302962,
        "time" : "20150330T131046+0900"
      }, {
        "lat" : 35.7399791836,
        "lon" : 139.8019148342,
        "time" : "20150330T131111+0900"
      }, {
        "lat" : 35.7365987447,
        "lon" : 139.8011730989,
        "time" : "20150330T131131+0900"
      }, {
        "lat" : 35.7343645326,
        "lon" : 139.7999070496,
        "time" : "20150330T131148+0900"
      }, {
        "lat" : 35.733052482,
        "lon" : 139.7991142839,
        "time" : "20150330T131218+0900"
      }, {
        "lat" : 35.7309229253,
        "lon" : 139.794791258,
        "time" : "20150330T131323+0900"
      }, {
        "lat" : 35.7310747013,
        "lon" : 139.7921688914,
        "time" : "20150330T131339+0900"
      }, {
        "lat" : 35.7322662637,
        "lon" : 139.7830554632,
        "time" : "20150330T131413+0900"
      }, {
        "lat" : 35.7329201269,
        "lon" : 139.7791469935,
        "time" : "20150330T131429+0900"
      }, {
        "lat" : 35.7334655312,
        "lon" : 139.7765462367,
        "time" : "20150330T131457+0900"
      }, {
        "lat" : 35.7334339647,
        "lon" : 139.7766883659,
        "time" : "20150330T131519+0900"
      }, {
        "lat" : 35.7334951309,
        "lon" : 139.7761180973,
        "time" : "20150330T131542+0900"
      }, {
        "lat" : 35.7333959159,
        "lon" : 139.7715864129,
        "time" : "20150330T131616+0900"
      }, {
        "lat" : 35.7297880366,
        "lon" : 139.7695474243,
        "time" : "20150330T131644+0900"
      }, {
        "lat" : 35.7275772476,
        "lon" : 139.7712430492,
        "time" : "20150330T131714+0900"
      } ]
    }, {
      "activity" : "walking",
      "group" : "walking",
      "manual" : false,
      "startTime" : "20150330T131714+0900",
      "endTime" : "20150330T131914+0900",
      "duration" : 120.0,
      "distance" : 117.0,
      "steps" : 234,
      "calories" : 7,
      "trackPoints" : [ {
        "lat" : 35.7275772476,
        "lon" : 139.7712430492,
        "time" : "20150330T131714+0900"
      }, {
        "lat" : 35.727445564,
        "lon" : 139.7713060473,
        "time" : "20150330T131741+0900"
      }, {
        "lat" : 35.7272661269,
        "lon" : 139.7714846893,
        "time" : "20150330T131802+0900"
      }, {
        "lat" : 35.7273536041,
        "lon" : 139.7715091513,
        "time" : "20150330T131824+0900"
      }, {
        "lat" : 35.7273134257,
        "lon" : 139.7714413674,
        "time" : "20150330T131849+0900"
      }, {
        "lat" : 35.7273268862,
        "lon" : 139.7714052884,
        "time" : "20150330T131914+0900"
      } ]
    }, {
      "activity" : "transport",
      "group" : "transport",
      "manual" : false,
      "startTime" : "20150330T131914+0900",
      "endTime" : "20150330T133115+0900",
      "duration" : 721.0,
      "distance" : 7685.0,
      "trackPoints" : [ {
        "lat" : 35.7273268862,
        "lon" : 139.7714052884,
        "time" : "20150330T131914+0900"
      }, {
        "lat" : 35.7274433528,
        "lon" : 139.771268494,
        "time" : "20150330T131934+0900"
      }, {
        "lat" : 35.7276908973,
        "lon" : 139.7710206642,
        "time" : "20150330T131953+0900"
      }, {
        "lat" : 35.7314718239,
        "lon" : 139.7678530448,
        "time" : "20150330T132013+0900"
      }, {
        "lat" : 35.7319725569,
        "lon" : 139.7668349712,
        "time" : "20150330T132036+0900"
      }, {
        "lat" : 35.7320169218,
        "lon" : 139.7668191578,
        "time" : "20150330T132055+0900"
      }, {
        "lat" : 35.7322552087,
        "lon" : 139.7666722448,
        "time" : "20150330T132115+0900"
      }, {
        "lat" : 35.7352122493,
        "lon" : 139.7643029031,
        "time" : "20150330T132139+0900"
      }, {
        "lat" : 35.7371944133,
        "lon" : 139.76211919,
        "time" : "20150330T132158+0900"
      }, {
        "lat" : 35.7372287027,
        "lon" : 139.7619690426,
        "time" : "20150330T132222+0900"
      }, {
        "lat" : 35.7372893961,
        "lon" : 139.7618480709,
        "time" : "20150330T132247+0900"
      }, {
        "lat" : 35.7387658016,
        "lon" : 139.759937681,
        "time" : "20150330T132312+0900"
      }, {
        "lat" : 35.7404829651,
        "lon" : 139.756638703,
        "time" : "20150330T132331+0900"
      }, {
        "lat" : 35.739200946,
        "lon" : 139.7529454492,
        "time" : "20150330T132351+0900"
      }, {
        "lat" : 35.7381730443,
        "lon" : 139.7508272655,
        "time" : "20150330T132408+0900"
      }, {
        "lat" : 35.7371504344,
        "lon" : 139.7485659616,
        "time" : "20150330T132430+0900"
      }, {
        "lat" : 35.737160108,
        "lon" : 139.7484973357,
        "time" : "20150330T132446+0900"
      }, {
        "lat" : 35.737847442,
        "lon" : 139.7472240881,
        "time" : "20150330T132505+0900"
      }, {
        "lat" : 35.735901887,
        "lon" : 139.7455713183,
        "time" : "20150330T132539+0900"
      }, {
        "lat" : 35.7341570619,
        "lon" : 139.7414365407,
        "time" : "20150330T132557+0900"
      }, {
        "lat" : 35.7336217369,
        "lon" : 139.7401282614,
        "time" : "20150330T132613+0900"
      }, {
        "lat" : 35.7335376924,
        "lon" : 139.7398903418,
        "time" : "20150330T132644+0900"
      }, {
        "lat" : 35.7330259,
        "lon" : 139.7385208805,
        "time" : "20150330T132717+0900"
      }, {
        "lat" : 35.7312558782,
        "lon" : 139.7303296369,
        "time" : "20150330T132758+0900"
      }, {
        "lat" : 35.7316210245,
        "lon" : 139.7285911544,
        "time" : "20150330T132826+0900"
      }, {
        "lat" : 35.7317749276,
        "lon" : 139.7282804971,
        "time" : "20150330T132842+0900"
      }, {
        "lat" : 35.7324353705,
        "lon" : 139.7253074248,
        "time" : "20150330T132928+0900"
      }, {
        "lat" : 35.733798775,
        "lon" : 139.720328267,
        "time" : "20150330T132956+0900"
      }, {
        "lat" : 35.7345527102,
        "lon" : 139.7164358831,
        "time" : "20150330T133015+0900"
      }, {
        "lat" : 35.7314060142,
        "lon" : 139.7114499787,
        "time" : "20150330T133055+0900"
      }, {
        "lat" : 35.7302111055,
        "lon" : 139.7111019877,
        "time" : "20150330T133115+0900"
      } ]
    }, {
      "activity" : "walking",
      "group" : "walking",
      "manual" : false,
      "startTime" : "20150330T133115+0900",
      "endTime" : "20150330T133415+0900",
      "duration" : 180.0,
      "distance" : 437.0,
      "steps" : 364,
      "calories" : 26,
      "trackPoints" : [ {
        "lat" : 35.7302111055,
        "lon" : 139.7111019877,
        "time" : "20150330T133115+0900"
      }, {
        "lat" : 35.7301101624,
        "lon" : 139.711040064,
        "time" : "20150330T133131+0900"
      }, {
        "lat" : 35.7297953405,
        "lon" : 139.7108160278,
        "time" : "20150330T133203+0900"
      }, {
        "lat" : 35.7296345602,
        "lon" : 139.7107256004,
        "time" : "20150330T133222+0900"
      }, {
        "lat" : 35.717101958,
        "lon" : 139.7366287314,
        "time" : "20150330T133352+0900"
      }, {
        "lat" : 35.7170268353,
        "lon" : 139.7367806716,
        "time" : "20150330T133415+0900"
      } ]
    }, {
      "activity" : "transport",
      "group" : "transport",
      "manual" : false,
      "startTime" : "20150330T133415+0900",
      "endTime" : "20150330T134434+0900",
      "duration" : 619.0,
      "distance" : 7046.0,
      "trackPoints" : [ {
        "lat" : 35.7170268353,
        "lon" : 139.7367806716,
        "time" : "20150330T133415+0900"
      }, {
        "lat" : 35.7166544589,
        "lon" : 139.7375281404,
        "time" : "20150330T133449+0900"
      }, {
        "lat" : 35.7166566647,
        "lon" : 139.7375220998,
        "time" : "20150330T133508+0900"
      }, {
        "lat" : 35.7166580128,
        "lon" : 139.7375191784,
        "time" : "20150330T133527+0900"
      }, {
        "lat" : 35.7166465729,
        "lon" : 139.7375435839,
        "time" : "20150330T133547+0900"
      }, {
        "lat" : 35.7294356316,
        "lon" : 139.7100386679,
        "time" : "20150330T133748+0900"
      }, {
        "lat" : 35.7267104702,
        "lon" : 139.7186547649,
        "time" : "20150330T133926+0900"
      }, {
        "lat" : 35.7094486922,
        "lon" : 139.7336469579,
        "time" : "20150330T134435+0900"
      } ]
    } ],
    "lastUpdate" : "20150330T111856Z"
  }, {
    "type" : "place",
    "startTime" : "20150330T134435+0900",
    "endTime" : "20150330T135546+0900",
    "place" : {
      "id" : 146492708,
      "type" : "unknown",
      "location" : {
        "lat" : 35.7094486922,
        "lon" : 139.7336469579
      }
    },
    "activities" : [ {
      "activity" : "walking",
      "group" : "walking",
      "manual" : false,
      "startTime" : "20150330T134435+0900",
      "endTime" : "20150330T134546+0900",
      "duration" : 71.0,
      "distance" : 76.0,
      "steps" : 153,
      "calories" : 5,
      "trackPoints" : [ ]
    } ],
    "lastUpdate" : "20150330T111857Z"
  }, {
    "type" : "move",
    "startTime" : "20150330T135546+0900",
    "endTime" : "20150330T140257+0900",
    "activities" : [ {
      "activity" : "transport",
      "group" : "transport",
      "manual" : false,
      "startTime" : "20150330T135546+0900",
      "endTime" : "20150330T135917+0900",
      "duration" : 211.0,
      "distance" : 1166.0,
      "trackPoints" : [ {
        "lat" : 35.7094486922,
        "lon" : 139.7336469579,
        "time" : "20150330T135546+0900"
      }, {
        "lat" : 35.7171240599,
        "lon" : 139.727585975,
        "time" : "20150330T135917+0900"
      } ]
    }, {
      "activity" : "walking",
      "group" : "walking",
      "manual" : false,
      "startTime" : "20150330T135917+0900",
      "endTime" : "20150330T140258+0900",
      "duration" : 221.0,
      "distance" : 244.0,
      "steps" : 383,
      "calories" : 14,
      "trackPoints" : [ {
        "lat" : 35.7171240599,
        "lon" : 139.727585975,
        "time" : "20150330T135917+0900"
      }, {
        "lat" : 35.7180033623,
        "lon" : 139.7278421917,
        "time" : "20150330T135932+0900"
      }, {
        "lat" : 35.7180542515,
        "lon" : 139.7278784147,
        "time" : "20150330T135957+0900"
      }, {
        "lat" : 35.7180555467,
        "lon" : 139.7278804333,
        "time" : "20150330T135959+0900"
      }, {
        "lat" : 35.7180555516,
        "lon" : 139.7278804409,
        "time" : "20150330T140000+0900"
      }, {
        "lat" : 35.7180653698,
        "lon" : 139.7278957437,
        "time" : "20150330T140020+0900"
      }, {
        "lat" : 35.7180247457,
        "lon" : 139.7279176216,
        "time" : "20150330T140039+0900"
      }, {
        "lat" : 35.7179691671,
        "lon" : 139.7279462022,
        "time" : "20150330T140100+0900"
      }, {
        "lat" : 35.7176530943,
        "lon" : 139.7281388933,
        "time" : "20150330T140126+0900"
      }, {
        "lat" : 35.7173612069,
        "lon" : 139.7282952181,
        "time" : "20150330T140149+0900"
      }, {
        "lat" : 35.7171604146,
        "lon" : 139.7284271309,
        "time" : "20150330T140212+0900"
      }, {
        "lat" : 35.7170182347,
        "lon" : 139.7284982278,
        "time" : "20150330T140235+0900"
      }, {
        "lat" : 35.7168392789,
        "lon" : 139.7283806079,
        "time" : "20150330T140257+0900"
      } ]
    } ],
    "lastUpdate" : "20150330T111857Z"
  }, {
    "type" : "place",
    "startTime" : "20150330T140257+0900",
    "endTime" : "20150331T102349+0900",
    "place" : {
      "id" : 98345442,
      "type" : "unknown",
      "location" : {
        "lat" : 35.7168392789,
        "lon" : 139.7283806079
      }
    },
    "activities" : [ {
      "activity" : "walking",
      "group" : "walking",
      "manual" : false,
      "startTime" : "20150330T140417+0900",
      "endTime" : "20150330T140547+0900",
      "duration" : 90.0,
      "distance" : 46.0,
      "steps" : 91,
      "calories" : 3,
      "trackPoints" : [ ]
    }, {
      "activity" : "walking",
      "group" : "walking",
      "manual" : false,
      "startTime" : "20150330T191731+0900",
      "endTime" : "20150330T191801+0900",
      "duration" : 30.0,
      "distance" : 15.0,
      "steps" : 21,
      "calories" : 1,
      "trackPoints" : [ ]
    }, {
      "activity" : "walking",
      "group" : "walking",
      "manual" : false,
      "startTime" : "20150330T200835+0900",
      "endTime" : "20150330T200905+0900",
      "duration" : 30.0,
      "distance" : 15.0,
      "steps" : 20,
      "calories" : 1,
      "trackPoints" : [ ]
    } ],
    "lastUpdate" : "20150331T055841Z"
  } ],
  "caloriesIdle" : 1706,
  "lastUpdate" : "20150331T055841Z"
} ]