[ {
  "date" : "20180216",
  "summary" : [ {
    "activity" : "walking",
    "group" : "walking",
    "duration" : 3294.0,
    "distance" : 3769.0,
    "steps" : 5342,
    "calories" : 208
  } ],
  "segments" : [ {
    "type" : "place",
    "startTime" : "20180215T141829+0900",
    "endTime" : "20180216T124226+0900",
    "place" : {
      "id" : 257240275,
      "type" : "unknown",
      "location" : {
        "lat" : 43.084886,
        "lon" : 141.3453
      }
    },
    "activities" : [ {
      "activity" : "walking",
      "group" : "walking",
      "manual" : false,
      "startTime" : "20180216T085757+0900",
      "endTime" : "20180216T085802+0900",
      "duration" : 5.0,
      "distance" : 4.0,
      "steps" : 8,
      "calories" : 0,
      "trackPoints" : [ ]
    }, {
      "activity" : "walking",
      "group" : "walking",
      "manual" : false,
      "startTime" : "20180216T124019+0900",
      "endTime" : "20180216T124225+0900",
      "duration" : 126.0,
      "distance" : 133.0,
      "steps" : 178,
      "calories" : 7,
      "trackPoints" : [ ]
    } ],
    "lastUpdate" : "20180216T051941Z"
  }, {
    "type" : "move",
    "startTime" : "20180216T124226+0900",
    "endTime" : "20180216T130038+0900",
    "activities" : [ {
      "activity" : "walking",
      "group" : "walking",
      "manual" : false,
      "startTime" : "20180216T124226+0900",
      "endTime" : "20180216T130038+0900",
      "duration" : 1092.0,
      "distance" : 1430.0,
      "steps" : 1769,
      "calories" : 79,
      "trackPoints" : [ {
        "lat" : 43.084886,
        "lon" : 141.3453,
        "time" : "20180216T124226+0900"
      }, {
        "lat" : 43.082699,
        "lon" : 141.34485,
        "time" : "20180216T124433+0900"
      }, {
        "lat" : 43.081927,
        "lon" : 141.34493,
        "time" : "20180216T124537+0900"
      }, {
        "lat" : 43.081682,
        "lon" : 141.345,
        "time" : "20180216T124554+0900"
      }, {
        "lat" : 43.081458,
        "lon" : 141.34501,
        "time" : "20180216T124615+0900"
      }, {
        "lat" : 43.081389,
        "lon" : 141.34483,
        "time" : "20180216T124638+0900"
      }, {
        "lat" : 43.081317,
        "lon" : 141.34447,
        "time" : "20180216T124705+0900"
      }, {
        "lat" : 43.081269,
        "lon" : 141.34419,
        "time" : "20180216T124723+0900"
      }, {
        "lat" : 43.081196,
        "lon" : 141.3438,
        "time" : "20180216T124742+0900"
      }, {
        "lat" : 43.081061,
        "lon" : 141.34334,
        "time" : "20180216T124803+0900"
      }, {
        "lat" : 43.081034,
        "lon" : 141.34305,
        "time" : "20180216T124824+0900"
      }, {
        "lat" : 43.081094,
        "lon" : 141.34287,
        "time" : "20180216T124846+0900"
      }, {
        "lat" : 43.081097,
        "lon" : 141.3428,
        "time" : "20180216T124903+0900"
      }, {
        "lat" : 43.081087,
        "lon" : 141.34271,
        "time" : "20180216T124921+0900"
      }, {
        "lat" : 43.081087,
        "lon" : 141.34255,
        "time" : "20180216T124940+0900"
      }, {
        "lat" : 43.081056,
        "lon" : 141.34234,
        "time" : "20180216T124955+0900"
      }, {
        "lat" : 43.080977,
        "lon" : 141.34203,
        "time" : "20180216T125018+0900"
      }, {
        "lat" : 43.080865,
        "lon" : 141.34177,
        "time" : "20180216T125034+0900"
      }, {
        "lat" : 43.080289,
        "lon" : 141.34118,
        "time" : "20180216T125111+0900"
      }, {
        "lat" : 43.080211,
        "lon" : 141.34102,
        "time" : "20180216T125128+0900"
      }, {
        "lat" : 43.080014,
        "lon" : 141.34075,
        "time" : "20180216T125151+0900"
      }, {
        "lat" : 43.079765,
        "lon" : 141.34064,
        "time" : "20180216T125213+0900"
      }, {
        "lat" : 43.079606,
        "lon" : 141.34057,
        "time" : "20180216T125233+0900"
      }, {
        "lat" : 43.079356,
        "lon" : 141.34048,
        "time" : "20180216T125302+0900"
      }, {
        "lat" : 43.079041,
        "lon" : 141.34046,
        "time" : "20180216T125324+0900"
      }, {
        "lat" : 43.078784,
        "lon" : 141.34035,
        "time" : "20180216T125344+0900"
      }, {
        "lat" : 43.078548,
        "lon" : 141.34023,
        "time" : "20180216T125400+0900"
      }, {
        "lat" : 43.078012,
        "lon" : 141.33994,
        "time" : "20180216T125444+0900"
      }, {
        "lat" : 43.077478,
        "lon" : 141.33978,
        "time" : "20180216T125544+0900"
      }, {
        "lat" : 43.077334,
        "lon" : 141.33976,
        "time" : "20180216T125601+0900"
      }, {
        "lat" : 43.076812,
        "lon" : 141.33987,
        "time" : "20180216T125637+0900"
      }, {
        "lat" : 43.076552,
        "lon" : 141.33988,
        "time" : "20180216T125657+0900"
      }, {
        "lat" : 43.076408,
        "lon" : 141.33978,
        "time" : "20180216T125720+0900"
      }, {
        "lat" : 43.076431,
        "lon" : 141.3394,
        "time" : "20180216T125804+0900"
      }, {
        "lat" : 43.076374,
        "lon" : 141.33926,
        "time" : "20180216T125822+0900"
      }, {
        "lat" : 43.076326,
        "lon" : 141.33912,
        "time" : "20180216T125843+0900"
      }, {
        "lat" : 43.076298,
        "lon" : 141.33904,
        "time" : "20180216T125907+0900"
      }, {
        "lat" : 43.076267,
        "lon" : 141.33915,
        "time" : "20180216T125937+0900"
      }, {
        "lat" : 43.076251,
        "lon" : 141.33927,
        "time" : "20180216T125953+0900"
      }, {
        "lat" : 43.076211,
        "lon" : 141.33923,
        "time" : "20180216T125959+0900"
      }, {
        "lat" : 43.076211,
        "lon" : 141.33923,
        "time" : "20180216T130000+0900"
      }, {
        "lat" : 43.076103,
        "lon" : 141.33911,
        "time" : "20180216T130016+0900"
      }, {
        "lat" : 43.075982,
        "lon" : 141.33887,
        "time" : "20180216T130038+0900"
      } ]
    } ],
    "lastUpdate" : "20180216T051941Z"
  }, {
    "type" : "place",
    "startTime" : "20180216T130038+0900",
    "endTime" : "20180216T165217+0900",
    "place" : {
      "id" : 270822334,
      "type" : "unknown",
      "location" : {
        "lat" : 43.075982,
        "lon" : 141.33887
      }
    },
    "activities" : [ {
      "activity" : "walking",
      "group" : "walking",
      "manual" : false,
      "startTime" : "20180216T130044+0900",
      "endTime" : "20180216T130047+0900",
      "duration" : 3.0,
      "distance" : 2.0,
      "steps" : 5,
      "calories" : 0,
      "trackPoints" : [ ]
    }, {
      "activity" : "walking",
      "group" : "walking",
      "manual" : false,
      "startTime" : "20180216T161739+0900",
      "endTime" : "20180216T161834+0900",
      "duration" : 55.0,
      "distance" : 41.0,
      "steps" : 82,
      "calories" : 2,
      "trackPoints" : [ ]
    } ],
    "lastUpdate" : "20180216T082913Z"
  }, {
    "type" : "move",
    "startTime" : "20180216T165217+0900",
    "endTime" : "20180216T170131+0900",
    "activities" : [ {
      "activity" : "walking",
      "group" : "walking",
      "manual" : false,
      "startTime" : "20180216T165217+0900",
      "endTime" : "20180216T170131+0900",
      "duration" : 554.0,
      "distance" : 519.0,
      "steps" : 894,
      "calories" : 29,
      "trackPoints" : [ {
        "lat" : 43.075982,
        "lon" : 141.33887,
        "time" : "20180216T165217+0900"
      }, {
        "lat" : 43.076271,
        "lon" : 141.3394,
        "time" : "20180216T165240+0900"
      }, {
        "lat" : 43.076328,
        "lon" : 141.33935,
        "time" : "20180216T165256+0900"
      }, {
        "lat" : 43.076417,
        "lon" : 141.33945,
        "time" : "20180216T165318+0900"
      }, {
        "lat" : 43.076402,
        "lon" : 141.33956,
        "time" : "20180216T165337+0900"
      }, {
        "lat" : 43.076327,
        "lon" : 141.33958,
        "time" : "20180216T165406+0900"
      }, {
        "lat" : 43.076164,
        "lon" : 141.33967,
        "time" : "20180216T165436+0900"
      }, {
        "lat" : 43.076153,
        "lon" : 141.33975,
        "time" : "20180216T165454+0900"
      }, {
        "lat" : 43.076236,
        "lon" : 141.33972,
        "time" : "20180216T165510+0900"
      }, {
        "lat" : 43.076467,
        "lon" : 141.33971,
        "time" : "20180216T165531+0900"
      }, {
        "lat" : 43.076815,
        "lon" : 141.3398,
        "time" : "20180216T165557+0900"
      }, {
        "lat" : 43.076997,
        "lon" : 141.33982,
        "time" : "20180216T165614+0900"
      }, {
        "lat" : 43.077224,
        "lon" : 141.33976,
        "time" : "20180216T165637+0900"
      }, {
        "lat" : 43.077342,
        "lon" : 141.33979,
        "time" : "20180216T165655+0900"
      }, {
        "lat" : 43.077768,
        "lon" : 141.33997,
        "time" : "20180216T165729+0900"
      }, {
        "lat" : 43.077919,
        "lon" : 141.34014,
        "time" : "20180216T165752+0900"
      }, {
        "lat" : 43.077942,
        "lon" : 141.34026,
        "time" : "20180216T165811+0900"
      }, {
        "lat" : 43.07823,
        "lon" : 141.34025,
        "time" : "20180216T165832+0900"
      }, {
        "lat" : 43.078458,
        "lon" : 141.34049,
        "time" : "20180216T165859+0900"
      }, {
        "lat" : 43.078498,
        "lon" : 141.34083,
        "time" : "20180216T165919+0900"
      }, {
        "lat" : 43.078521,
        "lon" : 141.34096,
        "time" : "20180216T165959+0900"
      }, {
        "lat" : 43.078521,
        "lon" : 141.34096,
        "time" : "20180216T170000+0900"
      }, {
        "lat" : 43.078532,
        "lon" : 141.34102,
        "time" : "20180216T170017+0900"
      }, {
        "lat" : 43.078532,
        "lon" : 141.34103,
        "time" : "20180216T170036+0900"
      }, {
        "lat" : 43.078509,
        "lon" : 141.34106,
        "time" : "20180216T170106+0900"
      }, {
        "lat" : 43.078545,
        "lon" : 141.34109,
        "time" : "20180216T170131+0900"
      } ]
    } ],
    "lastUpdate" : "20180216T082913Z"
  }, {
    "type" : "place",
    "startTime" : "20180216T170131+0900",
    "endTime" : "20180216T175134+0900",
    "place" : {
      "id" : 149467634,
      "type" : "unknown",
      "location" : {
        "lat" : 43.0785451373,
        "lon" : 141.341093201
      }
    },
    "activities" : [ {
      "activity" : "walking",
      "group" : "walking",
      "manual" : false,
      "startTime" : "20180216T170131+0900",
      "endTime" : "20180216T170547+0900",
      "duration" : 256.0,
      "distance" : 288.0,
      "steps" : 384,
      "calories" : 16,
      "trackPoints" : [ ]
    } ],
    "lastUpdate" : "20180216T100127Z"
  }, {
    "type" : "move",
    "startTime" : "20180216T175134+0900",
    "endTime" : "20180216T180703+0900",
    "activities" : [ {
      "activity" : "walking",
      "group" : "walking",
      "manual" : false,
      "startTime" : "20180216T175134+0900",
      "endTime" : "20180216T180703+0900",
      "duration" : 929.0,
      "distance" : 1141.0,
      "steps" : 1645,
      "calories" : 63,
      "trackPoints" : [ {
        "lat" : 43.078545,
        "lon" : 141.34109,
        "time" : "20180216T175134+0900"
      }, {
        "lat" : 43.078527,
        "lon" : 141.34093,
        "time" : "20180216T175205+0900"
      }, {
        "lat" : 43.078603,
        "lon" : 141.34091,
        "time" : "20180216T175239+0900"
      }, {
        "lat" : 43.078943,
        "lon" : 141.3409,
        "time" : "20180216T175312+0900"
      }, {
        "lat" : 43.079279,
        "lon" : 141.34085,
        "time" : "20180216T175344+0900"
      }, {
        "lat" : 43.079471,
        "lon" : 141.34085,
        "time" : "20180216T175400+0900"
      }, {
        "lat" : 43.079794,
        "lon" : 141.34092,
        "time" : "20180216T175422+0900"
      }, {
        "lat" : 43.080959,
        "lon" : 141.34131,
        "time" : "20180216T175552+0900"
      }, {
        "lat" : 43.081114,
        "lon" : 141.34115,
        "time" : "20180216T175612+0900"
      }, {
        "lat" : 43.081098,
        "lon" : 141.34123,
        "time" : "20180216T175636+0900"
      }, {
        "lat" : 43.081121,
        "lon" : 141.3415,
        "time" : "20180216T175652+0900"
      }, {
        "lat" : 43.081101,
        "lon" : 141.3421,
        "time" : "20180216T175717+0900"
      }, {
        "lat" : 43.081104,
        "lon" : 141.34247,
        "time" : "20180216T175736+0900"
      }, {
        "lat" : 43.081145,
        "lon" : 141.34287,
        "time" : "20180216T175801+0900"
      }, {
        "lat" : 43.081202,
        "lon" : 141.34355,
        "time" : "20180216T175836+0900"
      }, {
        "lat" : 43.081215,
        "lon" : 141.3439,
        "time" : "20180216T175858+0900"
      }, {
        "lat" : 43.081276,
        "lon" : 141.34424,
        "time" : "20180216T175921+0900"
      }, {
        "lat" : 43.08132,
        "lon" : 141.3445,
        "time" : "20180216T175944+0900"
      }, {
        "lat" : 43.081361,
        "lon" : 141.34462,
        "time" : "20180216T175959+0900"
      }, {
        "lat" : 43.081361,
        "lon" : 141.34462,
        "time" : "20180216T180000+0900"
      }, {
        "lat" : 43.081386,
        "lon" : 141.3447,
        "time" : "20180216T180008+0900"
      }, {
        "lat" : 43.081516,
        "lon" : 141.34492,
        "time" : "20180216T180024+0900"
      }, {
        "lat" : 43.081639,
        "lon" : 141.34515,
        "time" : "20180216T180041+0900"
      }, {
        "lat" : 43.081867,
        "lon" : 141.3451,
        "time" : "20180216T180102+0900"
      }, {
        "lat" : 43.082172,
        "lon" : 141.34509,
        "time" : "20180216T180125+0900"
      }, {
        "lat" : 43.082672,
        "lon" : 141.34489,
        "time" : "20180216T180201+0900"
      }, {
        "lat" : 43.082847,
        "lon" : 141.34483,
        "time" : "20180216T180218+0900"
      }, {
        "lat" : 43.083162,
        "lon" : 141.34473,
        "time" : "20180216T180252+0900"
      }, {
        "lat" : 43.083392,
        "lon" : 141.34466,
        "time" : "20180216T180311+0900"
      }, {
        "lat" : 43.083613,
        "lon" : 141.34462,
        "time" : "20180216T180327+0900"
      }, {
        "lat" : 43.083858,
        "lon" : 141.34458,
        "time" : "20180216T180348+0900"
      }, {
        "lat" : 43.08401,
        "lon" : 141.34453,
        "time" : "20180216T180405+0900"
      }, {
        "lat" : 43.084331,
        "lon" : 141.34442,
        "time" : "20180216T180428+0900"
      }, {
        "lat" : 43.08457,
        "lon" : 141.34437,
        "time" : "20180216T180446+0900"
      }, {
        "lat" : 43.084792,
        "lon" : 141.34429,
        "time" : "20180216T180507+0900"
      }, {
        "lat" : 43.084941,
        "lon" : 141.34426,
        "time" : "20180216T180530+0900"
      }, {
        "lat" : 43.085003,
        "lon" : 141.34425,
        "time" : "20180216T180606+0900"
      }, {
        "lat" : 43.084986,
        "lon" : 141.34426,
        "time" : "20180216T180640+0900"
      }, {
        "lat" : 43.084854,
        "lon" : 141.34483,
        "time" : "20180216T180703+0900"
      } ]
    } ],
    "lastUpdate" : "20180216T100127Z"
  }, {
    "type" : "place",
    "startTime" : "20180216T180703+0900",
    "endTime" : "20180216T181343+0900",
    "place" : {
      "id" : 175650310,
      "type" : "unknown",
      "location" : {
        "lat" : 43.0848409544,
        "lon" : 141.3444336513
      }
    },
    "activities" : [ {
      "activity" : "walking",
      "group" : "walking",
      "manual" : false,
      "startTime" : "20180216T180718+0900",
      "endTime" : "20180216T180757+0900",
      "duration" : 39.0,
      "distance" : 29.0,
      "steps" : 59,
      "calories" : 2,
      "trackPoints" : [ ]
    } ],
    "lastUpdate" : "20180216T113627Z"
  }, {
    "type" : "move",
    "startTime" : "20180216T181343+0900",
    "endTime" : "20180216T181712+0900",
    "activities" : [ {
      "activity" : "walking",
      "group" : "walking",
      "manual" : false,
      "startTime" : "20180216T181343+0900",
      "endTime" : "20180216T181711+0900",
      "duration" : 208.0,
      "distance" : 161.0,
      "steps" : 276,
      "calories" : 9,
      "trackPoints" : [ {
        "lat" : 43.084841,
        "lon" : 141.34443,
        "time" : "20180216T181343+0900"
      }, {
        "lat" : 43.084923,
        "lon" : 141.34436,
        "time" : "20180216T181407+0900"
      }, {
        "lat" : 43.084902,
        "lon" : 141.34442,
        "time" : "20180216T181440+0900"
      }, {
        "lat" : 43.084731,
        "lon" : 141.34449,
        "time" : "20180216T181511+0900"
      }, {
        "lat" : 43.084493,
        "lon" : 141.34458,
        "time" : "20180216T181535+0900"
      }, {
        "lat" : 43.084351,
        "lon" : 141.34468,
        "time" : "20180216T181552+0900"
      }, {
        "lat" : 43.084313,
        "lon" : 141.34483,
        "time" : "20180216T181614+0900"
      }, {
        "lat" : 43.084342,
        "lon" : 141.34488,
        "time" : "20180216T181629+0900"
      }, {
        "lat" : 43.084409,
        "lon" : 141.34493,
        "time" : "20180216T181647+0900"
      }, {
        "lat" : 43.084854,
        "lon" : 141.34483,
        "time" : "20180216T181712+0900"
      } ]
    } ],
    "lastUpdate" : "20180216T113627Z"
  }, {
    "type" : "place",
    "startTime" : "20180216T181712+0900",
    "endTime" : "20180217T110825+0900",
    "place" : {
      "id" : 257240275,
      "type" : "unknown",
      "location" : {
        "lat" : 43.084886,
        "lon" : 141.3453
      }
    },
    "activities" : [ {
      "activity" : "walking",
      "group" : "walking",
      "manual" : false,
      "startTime" : "20180216T181728+0900",
      "endTime" : "20180216T181755+0900",
      "duration" : 27.0,
      "distance" : 21.0,
      "steps" : 42,
      "calories" : 1,
      "trackPoints" : [ ]
    } ],
    "lastUpdate" : "20180217T030558Z"
  } ],
  "caloriesIdle" : 1591,
  "lastUpdate" : "20180217T030558Z"
} ]