[ {
  "date" : "20180223",
  "summary" : [ {
    "activity" : "walking",
    "group" : "walking",
    "duration" : 20899.0,
    "distance" : 20578.0,
    "steps" : 30687,
    "calories" : 1137
  }, {
    "activity" : "transport",
    "group" : "transport",
    "duration" : 2810.0,
    "distance" : 30195.0
  } ],
  "segments" : [ {
    "type" : "place",
    "startTime" : "20180222T212953+0900",
    "endTime" : "20180223T092822+0900",
    "place" : {
      "id" : 550882133,
      "type" : "unknown",
      "location" : {
        "lat" : 33.88741,
        "lon" : 130.88432
      }
    },
    "activities" : [ {
      "activity" : "walking",
      "group" : "walking",
      "manual" : false,
      "startTime" : "20180223T073507+0900",
      "endTime" : "20180223T073648+0900",
      "duration" : 101.0,
      "distance" : 59.0,
      "steps" : 118,
      "calories" : 3,
      "trackPoints" : [ ]
    }, {
      "activity" : "walking",
      "group" : "walking",
      "manual" : false,
      "startTime" : "20180223T080334+0900",
      "endTime" : "20180223T080536+0900",
      "duration" : 122.0,
      "distance" : 125.0,
      "steps" : 167,
      "calories" : 7,
      "trackPoints" : [ ]
    }, {
      "activity" : "walking",
      "group" : "walking",
      "manual" : false,
      "startTime" : "20180223T090503+0900",
      "endTime" : "20180223T090730+0900",
      "duration" : 147.0,
      "distance" : 148.0,
      "steps" : 198,
      "calories" : 8,
      "trackPoints" : [ ]
    } ],
    "lastUpdate" : "20180223T013701Z"
  }, {
    "type" : "move",
    "startTime" : "20180223T092823+0900",
    "endTime" : "20180223T094323+0900",
    "activities" : [ {
      "activity" : "walking",
      "group" : "walking",
      "manual" : false,
      "startTime" : "20180223T092823+0900",
      "endTime" : "20180223T094323+0900",
      "duration" : 900.0,
      "distance" : 589.0,
      "steps" : 1179,
      "calories" : 33,
      "trackPoints" : [ {
        "lat" : 33.88741,
        "lon" : 130.88432,
        "time" : "20180223T092823+0900"
      }, {
        "lat" : 33.887437,
        "lon" : 130.88434,
        "time" : "20180223T092842+0900"
      }, {
        "lat" : 33.887435,
        "lon" : 130.88433,
        "time" : "20180223T092919+0900"
      }, {
        "lat" : 33.887421,
        "lon" : 130.88429,
        "time" : "20180223T093032+0900"
      }, {
        "lat" : 33.887406,
        "lon" : 130.88424,
        "time" : "20180223T093148+0900"
      }, {
        "lat" : 33.887494,
        "lon" : 130.88399,
        "time" : "20180223T093215+0900"
      }, {
        "lat" : 33.887501,
        "lon" : 130.8837,
        "time" : "20180223T093233+0900"
      }, {
        "lat" : 33.887559,
        "lon" : 130.88333,
        "time" : "20180223T093254+0900"
      }, {
        "lat" : 33.887618,
        "lon" : 130.88305,
        "time" : "20180223T093311+0900"
      }, {
        "lat" : 33.88751,
        "lon" : 130.88282,
        "time" : "20180223T093401+0900"
      }, {
        "lat" : 33.887463,
        "lon" : 130.88277,
        "time" : "20180223T093422+0900"
      }, {
        "lat" : 33.887439,
        "lon" : 130.88274,
        "time" : "20180223T093443+0900"
      }, {
        "lat" : 33.887336,
        "lon" : 130.88266,
        "time" : "20180223T093508+0900"
      }, {
        "lat" : 33.88607,
        "lon" : 130.88165,
        "time" : "20180223T093726+0900"
      }, {
        "lat" : 33.885996,
        "lon" : 130.88163,
        "time" : "20180223T093744+0900"
      }, {
        "lat" : 33.886639,
        "lon" : 130.88224,
        "time" : "20180223T094024+0900"
      }, {
        "lat" : 33.887082,
        "lon" : 130.88288,
        "time" : "20180223T094323+0900"
      } ]
    } ],
    "lastUpdate" : "20180223T013701Z"
  }, {
    "type" : "place",
    "startTime" : "20180223T094324+0900",
    "endTime" : "20180223T095403+0900",
    "place" : {
      "id" : 550936444,
      "type" : "unknown",
      "location" : {
        "lat" : 33.887082,
        "lon" : 130.88288
      }
    },
    "lastUpdate" : "20180223T013701Z"
  }, {
    "type" : "move",
    "startTime" : "20180223T095403+0900",
    "endTime" : "20180223T095801+0900",
    "activities" : [ {
      "activity" : "walking",
      "group" : "walking",
      "manual" : false,
      "startTime" : "20180223T095403+0900",
      "endTime" : "20180223T095801+0900",
      "duration" : 238.0,
      "distance" : 361.0,
      "steps" : 333,
      "calories" : 20,
      "trackPoints" : [ {
        "lat" : 33.887082,
        "lon" : 130.88288,
        "time" : "20180223T095403+0900"
      }, {
        "lat" : 33.885942,
        "lon" : 130.88234,
        "time" : "20180223T095519+0900"
      }, {
        "lat" : 33.885488,
        "lon" : 130.88216,
        "time" : "20180223T095546+0900"
      }, {
        "lat" : 33.885769,
        "lon" : 130.88195,
        "time" : "20180223T095702+0900"
      }, {
        "lat" : 33.886319,
        "lon" : 130.88127,
        "time" : "20180223T095801+0900"
      } ]
    } ],
    "lastUpdate" : "20180223T013701Z"
  }, {
    "type" : "place",
    "startTime" : "20180223T095802+0900",
    "endTime" : "20180223T100426+0900",
    "place" : {
      "id" : 573396737,
      "type" : "unknown",
      "location" : {
        "lat" : 33.886319,
        "lon" : 130.88127
      }
    },
    "activities" : [ {
      "activity" : "walking",
      "group" : "walking",
      "manual" : false,
      "startTime" : "20180223T095923+0900",
      "endTime" : "20180223T100347+0900",
      "duration" : 264.0,
      "distance" : 278.0,
      "steps" : 389,
      "calories" : 15,
      "trackPoints" : [ ]
    } ],
    "lastUpdate" : "20180223T013701Z"
  }, {
    "type" : "move",
    "startTime" : "20180223T100426+0900",
    "endTime" : "20180223T101614+0900",
    "activities" : [ {
      "activity" : "walking",
      "group" : "walking",
      "manual" : false,
      "startTime" : "20180223T100426+0900",
      "endTime" : "20180223T101614+0900",
      "duration" : 708.0,
      "distance" : 490.0,
      "steps" : 981,
      "calories" : 27,
      "trackPoints" : [ {
        "lat" : 33.886319,
        "lon" : 130.88127,
        "time" : "20180223T100426+0900"
      }, {
        "lat" : 33.886321,
        "lon" : 130.88146,
        "time" : "20180223T100648+0900"
      }, {
        "lat" : 33.886491,
        "lon" : 130.88145,
        "time" : "20180223T100709+0900"
      }, {
        "lat" : 33.886326,
        "lon" : 130.88164,
        "time" : "20180223T101019+0900"
      }, {
        "lat" : 33.885879,
        "lon" : 130.88179,
        "time" : "20180223T101151+0900"
      }, {
        "lat" : 33.885357,
        "lon" : 130.88182,
        "time" : "20180223T101405+0900"
      }, {
        "lat" : 33.885733,
        "lon" : 130.88167,
        "time" : "20180223T101420+0900"
      }, {
        "lat" : 33.88581,
        "lon" : 130.88156,
        "time" : "20180223T101502+0900"
      }, {
        "lat" : 33.88604,
        "lon" : 130.88143,
        "time" : "20180223T101614+0900"
      } ]
    } ],
    "lastUpdate" : "20180223T013701Z"
  }, {
    "type" : "place",
    "startTime" : "20180223T101615+0900",
    "endTime" : "20180223T101720+0900",
    "place" : {
      "id" : 573148508,
      "type" : "unknown",
      "location" : {
        "lat" : 33.88604,
        "lon" : 130.88143
      }
    },
    "activities" : [ {
      "activity" : "walking",
      "group" : "walking",
      "manual" : false,
      "startTime" : "20180223T101615+0900",
      "endTime" : "20180223T101642+0900",
      "duration" : 27.0,
      "distance" : 20.0,
      "steps" : 41,
      "calories" : 1,
      "trackPoints" : [ ]
    } ],
    "lastUpdate" : "20180223T030657Z"
  }, {
    "type" : "move",
    "startTime" : "20180223T101720+0900",
    "endTime" : "20180223T105628+0900",
    "activities" : [ {
      "activity" : "walking",
      "group" : "walking",
      "manual" : false,
      "startTime" : "20180223T101720+0900",
      "endTime" : "20180223T102536+0900",
      "duration" : 496.0,
      "distance" : 452.0,
      "steps" : 820,
      "calories" : 25,
      "trackPoints" : [ {
        "lat" : 33.88604,
        "lon" : 130.88143,
        "time" : "20180223T101720+0900"
      }, {
        "lat" : 33.885997,
        "lon" : 130.8811,
        "time" : "20180223T101834+0900"
      }, {
        "lat" : 33.885996,
        "lon" : 130.8812,
        "time" : "20180223T101859+0900"
      }, {
        "lat" : 33.885997,
        "lon" : 130.88159,
        "time" : "20180223T101941+0900"
      }, {
        "lat" : 33.886969,
        "lon" : 130.88191,
        "time" : "20180223T102315+0900"
      }, {
        "lat" : 33.887365,
        "lon" : 130.8841,
        "time" : "20180223T102536+0900"
      } ]
    }, {
      "activity" : "transport",
      "group" : "transport",
      "manual" : false,
      "startTime" : "20180223T102536+0900",
      "endTime" : "20180223T103935+0900",
      "duration" : 839.0,
      "distance" : 11700.0,
      "trackPoints" : [ {
        "lat" : 33.887365,
        "lon" : 130.8841,
        "time" : "20180223T102536+0900"
      }, {
        "lat" : 33.892395,
        "lon" : 130.91475,
        "time" : "20180223T102929+0900"
      }, {
        "lat" : 33.893129,
        "lon" : 130.91833,
        "time" : "20180223T102945+0900"
      }, {
        "lat" : 33.907636,
        "lon" : 130.93482,
        "time" : "20180223T103305+0900"
      }, {
        "lat" : 33.911827,
        "lon" : 130.93712,
        "time" : "20180223T103331+0900"
      }, {
        "lat" : 33.935924,
        "lon" : 130.94686,
        "time" : "20180223T103703+0900"
      }, {
        "lat" : 33.937929,
        "lon" : 130.94866,
        "time" : "20180223T103719+0900"
      }, {
        "lat" : 33.941962,
        "lon" : 130.95805,
        "time" : "20180223T103834+0900"
      }, {
        "lat" : 33.943864,
        "lon" : 130.96018,
        "time" : "20180223T103936+0900"
      } ]
    }, {
      "activity" : "walking",
      "group" : "walking",
      "manual" : false,
      "startTime" : "20180223T103936+0900",
      "endTime" : "20180223T105628+0900",
      "duration" : 1012.0,
      "distance" : 984.0,
      "steps" : 1416,
      "calories" : 54,
      "trackPoints" : [ {
        "lat" : 33.943864,
        "lon" : 130.96018,
        "time" : "20180223T103936+0900"
      }, {
        "lat" : 33.94442,
        "lon" : 130.96066,
        "time" : "20180223T104014+0900"
      }, {
        "lat" : 33.944594,
        "lon" : 130.96084,
        "time" : "20180223T104030+0900"
      }, {
        "lat" : 33.94481,
        "lon" : 130.96102,
        "time" : "20180223T104052+0900"
      }, {
        "lat" : 33.94498,
        "lon" : 130.96137,
        "time" : "20180223T104152+0900"
      }, {
        "lat" : 33.945026,
        "lon" : 130.96149,
        "time" : "20180223T104216+0900"
      }, {
        "lat" : 33.945542,
        "lon" : 130.96258,
        "time" : "20180223T104423+0900"
      }, {
        "lat" : 33.945603,
        "lon" : 130.96256,
        "time" : "20180223T104445+0900"
      }, {
        "lat" : 33.945723,
        "lon" : 130.96272,
        "time" : "20180223T104509+0900"
      }, {
        "lat" : 33.946012,
        "lon" : 130.96324,
        "time" : "20180223T104611+0900"
      }, {
        "lat" : 33.946665,
        "lon" : 130.96447,
        "time" : "20180223T104854+0900"
      }, {
        "lat" : 33.946773,
        "lon" : 130.96449,
        "time" : "20180223T104911+0900"
      }, {
        "lat" : 33.947306,
        "lon" : 130.96429,
        "time" : "20180223T105050+0900"
      }, {
        "lat" : 33.947777,
        "lon" : 130.96392,
        "time" : "20180223T105216+0900"
      }, {
        "lat" : 33.947881,
        "lon" : 130.96358,
        "time" : "20180223T105235+0900"
      }, {
        "lat" : 33.948049,
        "lon" : 130.96338,
        "time" : "20180223T105255+0900"
      }, {
        "lat" : 33.948257,
        "lon" : 130.96319,
        "time" : "20180223T105320+0900"
      }, {
        "lat" : 33.948228,
        "lon" : 130.96311,
        "time" : "20180223T105336+0900"
      }, {
        "lat" : 33.948183,
        "lon" : 130.96306,
        "time" : "20180223T105353+0900"
      }, {
        "lat" : 33.947898,
        "lon" : 130.96278,
        "time" : "20180223T105429+0900"
      }, {
        "lat" : 33.947749,
        "lon" : 130.96266,
        "time" : "20180223T105446+0900"
      }, {
        "lat" : 33.947591,
        "lon" : 130.96254,
        "time" : "20180223T105502+0900"
      }, {
        "lat" : 33.947417,
        "lon" : 130.96239,
        "time" : "20180223T105518+0900"
      }, {
        "lat" : 33.947435,
        "lon" : 130.96232,
        "time" : "20180223T105534+0900"
      }, {
        "lat" : 33.947491,
        "lon" : 130.96258,
        "time" : "20180223T105628+0900"
      } ]
    } ],
    "lastUpdate" : "20180223T030657Z"
  }, {
    "type" : "place",
    "startTime" : "20180223T105629+0900",
    "endTime" : "20180223T110437+0900",
    "place" : {
      "id" : 573406963,
      "type" : "unknown",
      "location" : {
        "lat" : 33.947491,
        "lon" : 130.96258
      }
    },
    "activities" : [ {
      "activity" : "walking",
      "group" : "walking",
      "manual" : false,
      "startTime" : "20180223T105629+0900",
      "endTime" : "20180223T105645+0900",
      "duration" : 16.0,
      "distance" : 12.0,
      "steps" : 24,
      "calories" : 1,
      "trackPoints" : [ ]
    } ],
    "lastUpdate" : "20180223T030657Z"
  }, {
    "type" : "move",
    "startTime" : "20180223T110437+0900",
    "endTime" : "20180223T111008+0900",
    "activities" : [ {
      "activity" : "walking",
      "group" : "walking",
      "manual" : false,
      "startTime" : "20180223T110437+0900",
      "endTime" : "20180223T111008+0900",
      "duration" : 331.0,
      "distance" : 362.0,
      "steps" : 463,
      "calories" : 20,
      "trackPoints" : [ {
        "lat" : 33.947491,
        "lon" : 130.96258,
        "time" : "20180223T110437+0900"
      }, {
        "lat" : 33.947329,
        "lon" : 130.96239,
        "time" : "20180223T110606+0900"
      }, {
        "lat" : 33.946412,
        "lon" : 130.96167,
        "time" : "20180223T110739+0900"
      }, {
        "lat" : 33.946191,
        "lon" : 130.96155,
        "time" : "20180223T110757+0900"
      }, {
        "lat" : 33.946068,
        "lon" : 130.96138,
        "time" : "20180223T110813+0900"
      }, {
        "lat" : 33.94598,
        "lon" : 130.96094,
        "time" : "20180223T110835+0900"
      }, {
        "lat" : 33.945936,
        "lon" : 130.96084,
        "time" : "20180223T110852+0900"
      }, {
        "lat" : 33.945876,
        "lon" : 130.96086,
        "time" : "20180223T110909+0900"
      }, {
        "lat" : 33.94595,
        "lon" : 130.96097,
        "time" : "20180223T110927+0900"
      }, {
        "lat" : 33.945994,
        "lon" : 130.96119,
        "time" : "20180223T110943+0900"
      }, {
        "lat" : 33.945842,
        "lon" : 130.96173,
        "time" : "20180223T111008+0900"
      } ]
    } ],
    "lastUpdate" : "20180223T030657Z"
  }, {
    "type" : "place",
    "startTime" : "20180223T111008+0900",
    "endTime" : "20180223T115010+0900",
    "place" : {
      "id" : 573406964,
      "type" : "unknown",
      "location" : {
        "lat" : 33.945842,
        "lon" : 130.96173
      }
    },
    "activities" : [ {
      "activity" : "walking",
      "group" : "walking",
      "manual" : false,
      "startTime" : "20180223T111008+0900",
      "endTime" : "20180223T111107+0900",
      "duration" : 59.0,
      "distance" : 45.0,
      "steps" : 90,
      "calories" : 2,
      "trackPoints" : [ ]
    } ],
    "lastUpdate" : "20180223T043738Z"
  }, {
    "type" : "move",
    "startTime" : "20180223T115010+0900",
    "endTime" : "20180223T122028+0900",
    "activities" : [ {
      "activity" : "walking",
      "group" : "walking",
      "manual" : false,
      "startTime" : "20180223T115010+0900",
      "endTime" : "20180223T122028+0900",
      "duration" : 1818.0,
      "distance" : 2376.0,
      "steps" : 3256,
      "calories" : 131,
      "trackPoints" : [ {
        "lat" : 33.945842,
        "lon" : 130.96173,
        "time" : "20180223T115010+0900"
      }, {
        "lat" : 33.945917,
        "lon" : 130.9616,
        "time" : "20180223T115055+0900"
      }, {
        "lat" : 33.945941,
        "lon" : 130.96129,
        "time" : "20180223T115206+0900"
      }, {
        "lat" : 33.946346,
        "lon" : 130.96151,
        "time" : "20180223T115234+0900"
      }, {
        "lat" : 33.946756,
        "lon" : 130.96187,
        "time" : "20180223T115323+0900"
      }, {
        "lat" : 33.946918,
        "lon" : 130.96206,
        "time" : "20180223T115340+0900"
      }, {
        "lat" : 33.947471,
        "lon" : 130.96252,
        "time" : "20180223T115435+0900"
      }, {
        "lat" : 33.947774,
        "lon" : 130.96251,
        "time" : "20180223T115511+0900"
      }, {
        "lat" : 33.948034,
        "lon" : 130.96251,
        "time" : "20180223T115534+0900"
      }, {
        "lat" : 33.948267,
        "lon" : 130.96252,
        "time" : "20180223T115554+0900"
      }, {
        "lat" : 33.948601,
        "lon" : 130.96253,
        "time" : "20180223T115622+0900"
      }, {
        "lat" : 33.94883,
        "lon" : 130.96258,
        "time" : "20180223T115644+0900"
      }, {
        "lat" : 33.949027,
        "lon" : 130.96264,
        "time" : "20180223T115703+0900"
      }, {
        "lat" : 33.949348,
        "lon" : 130.96275,
        "time" : "20180223T115735+0900"
      }, {
        "lat" : 33.949994,
        "lon" : 130.96295,
        "time" : "20180223T115842+0900"
      }, {
        "lat" : 33.950322,
        "lon" : 130.96301,
        "time" : "20180223T115905+0900"
      }, {
        "lat" : 33.950418,
        "lon" : 130.96338,
        "time" : "20180223T115939+0900"
      }, {
        "lat" : 33.950241,
        "lon" : 130.96352,
        "time" : "20180223T115959+0900"
      }, {
        "lat" : 33.950241,
        "lon" : 130.96352,
        "time" : "20180223T120000+0900"
      }, {
        "lat" : 33.950197,
        "lon" : 130.96355,
        "time" : "20180223T120005+0900"
      }, {
        "lat" : 33.950223,
        "lon" : 130.96429,
        "time" : "20180223T120121+0900"
      }, {
        "lat" : 33.951692,
        "lon" : 130.96563,
        "time" : "20180223T120407+0900"
      }, {
        "lat" : 33.95183,
        "lon" : 130.96579,
        "time" : "20180223T120436+0900"
      }, {
        "lat" : 33.951776,
        "lon" : 130.96576,
        "time" : "20180223T120454+0900"
      }, {
        "lat" : 33.952378,
        "lon" : 130.96582,
        "time" : "20180223T120600+0900"
      }, {
        "lat" : 33.95255,
        "lon" : 130.96581,
        "time" : "20180223T120616+0900"
      }, {
        "lat" : 33.954681,
        "lon" : 130.96463,
        "time" : "20180223T120920+0900"
      }, {
        "lat" : 33.955037,
        "lon" : 130.96453,
        "time" : "20180223T120950+0900"
      }, {
        "lat" : 33.955194,
        "lon" : 130.96448,
        "time" : "20180223T121006+0900"
      }, {
        "lat" : 33.955419,
        "lon" : 130.96441,
        "time" : "20180223T121028+0900"
      }, {
        "lat" : 33.957135,
        "lon" : 130.96386,
        "time" : "20180223T121245+0900"
      }, {
        "lat" : 33.957197,
        "lon" : 130.96364,
        "time" : "20180223T121301+0900"
      }, {
        "lat" : 33.95721,
        "lon" : 130.96254,
        "time" : "20180223T121416+0900"
      }, {
        "lat" : 33.957554,
        "lon" : 130.96185,
        "time" : "20180223T121534+0900"
      }, {
        "lat" : 33.957961,
        "lon" : 130.96198,
        "time" : "20180223T121603+0900"
      }, {
        "lat" : 33.958315,
        "lon" : 130.96195,
        "time" : "20180223T121630+0900"
      }, {
        "lat" : 33.958697,
        "lon" : 130.96196,
        "time" : "20180223T121659+0900"
      }, {
        "lat" : 33.959036,
        "lon" : 130.96206,
        "time" : "20180223T121723+0900"
      }, {
        "lat" : 33.959308,
        "lon" : 130.96213,
        "time" : "20180223T121744+0900"
      }, {
        "lat" : 33.959526,
        "lon" : 130.96217,
        "time" : "20180223T121801+0900"
      }, {
        "lat" : 33.959783,
        "lon" : 130.96211,
        "time" : "20180223T121817+0900"
      }, {
        "lat" : 33.96002,
        "lon" : 130.96216,
        "time" : "20180223T121839+0900"
      }, {
        "lat" : 33.960228,
        "lon" : 130.96225,
        "time" : "20180223T121904+0900"
      }, {
        "lat" : 33.960321,
        "lon" : 130.96224,
        "time" : "20180223T121938+0900"
      }, {
        "lat" : 33.960377,
        "lon" : 130.96222,
        "time" : "20180223T122009+0900"
      }, {
        "lat" : 33.960838,
        "lon" : 130.96216,
        "time" : "20180223T122028+0900"
      } ]
    } ],
    "lastUpdate" : "20180223T043738Z"
  }, {
    "type" : "place",
    "startTime" : "20180223T122028+0900",
    "endTime" : "20180223T122953+0900",
    "place" : {
      "id" : 573417271,
      "type" : "unknown",
      "location" : {
        "lat" : 33.960838,
        "lon" : 130.96216
      }
    },
    "activities" : [ {
      "activity" : "walking",
      "group" : "walking",
      "manual" : false,
      "startTime" : "20180223T122028+0900",
      "endTime" : "20180223T122518+0900",
      "duration" : 290.0,
      "distance" : 326.0,
      "steps" : 435,
      "calories" : 18,
      "trackPoints" : [ ]
    } ],
    "lastUpdate" : "20180223T043738Z"
  }, {
    "type" : "move",
    "startTime" : "20180223T122953+0900",
    "endTime" : "20180223T124444+0900",
    "activities" : [ {
      "activity" : "walking",
      "group" : "walking",
      "manual" : false,
      "startTime" : "20180223T122953+0900",
      "endTime" : "20180223T124444+0900",
      "duration" : 891.0,
      "distance" : 849.0,
      "steps" : 1118,
      "calories" : 47,
      "trackPoints" : [ {
        "lat" : 33.960838,
        "lon" : 130.96216,
        "time" : "20180223T122953+0900"
      }, {
        "lat" : 33.961187,
        "lon" : 130.96088,
        "time" : "20180223T123049+0900"
      }, {
        "lat" : 33.961234,
        "lon" : 130.96075,
        "time" : "20180223T123117+0900"
      }, {
        "lat" : 33.961234,
        "lon" : 130.96075,
        "time" : "20180223T123204+0900"
      }, {
        "lat" : 33.961342,
        "lon" : 130.96064,
        "time" : "20180223T123224+0900"
      }, {
        "lat" : 33.961495,
        "lon" : 130.96049,
        "time" : "20180223T123250+0900"
      }, {
        "lat" : 33.961607,
        "lon" : 130.96038,
        "time" : "20180223T123311+0900"
      }, {
        "lat" : 33.961722,
        "lon" : 130.96026,
        "time" : "20180223T123334+0900"
      }, {
        "lat" : 33.961855,
        "lon" : 130.96013,
        "time" : "20180223T123402+0900"
      }, {
        "lat" : 33.961855,
        "lon" : 130.96013,
        "time" : "20180223T123458+0900"
      }, {
        "lat" : 33.962504,
        "lon" : 130.95945,
        "time" : "20180223T123634+0900"
      }, {
        "lat" : 33.962504,
        "lon" : 130.95945,
        "time" : "20180223T124025+0900"
      }, {
        "lat" : 33.965502,
        "lon" : 130.95675,
        "time" : "20180223T124444+0900"
      } ]
    } ],
    "lastUpdate" : "20180223T043738Z"
  }, {
    "type" : "place",
    "startTime" : "20180223T124445+0900",
    "endTime" : "20180223T132121+0900",
    "place" : {
      "id" : 573417272,
      "type" : "unknown",
      "location" : {
        "lat" : 33.965502,
        "lon" : 130.95675
      }
    },
    "activities" : [ {
      "activity" : "walking",
      "group" : "walking",
      "manual" : false,
      "startTime" : "20180223T124445+0900",
      "endTime" : "20180223T124822+0900",
      "duration" : 217.0,
      "distance" : 245.0,
      "steps" : 327,
      "calories" : 14,
      "trackPoints" : [ ]
    }, {
      "activity" : "walking",
      "group" : "walking",
      "manual" : false,
      "startTime" : "20180223T131020+0900",
      "endTime" : "20180223T131514+0900",
      "duration" : 294.0,
      "distance" : 329.0,
      "steps" : 439,
      "calories" : 18,
      "trackPoints" : [ ]
    } ],
    "lastUpdate" : "20180223T043738Z"
  }, {
    "type" : "move",
    "startTime" : "20180223T132121+0900",
    "endTime" : "20180223T133004+0900",
    "activities" : [ {
      "activity" : "walking",
      "group" : "walking",
      "manual" : false,
      "startTime" : "20180223T132121+0900",
      "endTime" : "20180223T133003+0900",
      "duration" : 522.0,
      "distance" : 499.0,
      "steps" : 737,
      "calories" : 28,
      "trackPoints" : [ {
        "lat" : 33.965502,
        "lon" : 130.95675,
        "time" : "20180223T132121+0900"
      }, {
        "lat" : 33.96541,
        "lon" : 130.95669,
        "time" : "20180223T132151+0900"
      }, {
        "lat" : 33.96452,
        "lon" : 130.95616,
        "time" : "20180223T132259+0900"
      }, {
        "lat" : 33.964369,
        "lon" : 130.9561,
        "time" : "20180223T132319+0900"
      }, {
        "lat" : 33.964315,
        "lon" : 130.95605,
        "time" : "20180223T132339+0900"
      }, {
        "lat" : 33.964137,
        "lon" : 130.95553,
        "time" : "20180223T132444+0900"
      }, {
        "lat" : 33.964073,
        "lon" : 130.95549,
        "time" : "20180223T132500+0900"
      }, {
        "lat" : 33.964022,
        "lon" : 130.95531,
        "time" : "20180223T132527+0900"
      }, {
        "lat" : 33.963934,
        "lon" : 130.95505,
        "time" : "20180223T132602+0900"
      }, {
        "lat" : 33.963709,
        "lon" : 130.95535,
        "time" : "20180223T132720+0900"
      }, {
        "lat" : 33.963221,
        "lon" : 130.95499,
        "time" : "20180223T132746+0900"
      }, {
        "lat" : 33.963032,
        "lon" : 130.95472,
        "time" : "20180223T132822+0900"
      }, {
        "lat" : 33.962993,
        "lon" : 130.95456,
        "time" : "20180223T132844+0900"
      }, {
        "lat" : 33.962911,
        "lon" : 130.95425,
        "time" : "20180223T132941+0900"
      }, {
        "lat" : 33.962741,
        "lon" : 130.95442,
        "time" : "20180223T133004+0900"
      } ]
    } ],
    "lastUpdate" : "20180223T043738Z"
  }, {
    "type" : "place",
    "startTime" : "20180223T133004+0900",
    "endTime" : "20180223T133410+0900",
    "place" : {
      "id" : 573417273,
      "type" : "unknown",
      "location" : {
        "lat" : 33.962741,
        "lon" : 130.95442
      }
    },
    "activities" : [ {
      "activity" : "walking",
      "group" : "walking",
      "manual" : false,
      "startTime" : "20180223T133318+0900",
      "endTime" : "20180223T133353+0900",
      "duration" : 35.0,
      "distance" : 26.0,
      "steps" : 53,
      "calories" : 1,
      "trackPoints" : [ ]
    } ],
    "lastUpdate" : "20180223T060937Z"
  }, {
    "type" : "move",
    "startTime" : "20180223T133410+0900",
    "endTime" : "20180223T134935+0900",
    "activities" : [ {
      "activity" : "walking",
      "group" : "walking",
      "manual" : false,
      "startTime" : "20180223T133410+0900",
      "endTime" : "20180223T134935+0900",
      "duration" : 925.0,
      "distance" : 929.0,
      "steps" : 1295,
      "calories" : 51,
      "trackPoints" : [ {
        "lat" : 33.962741,
        "lon" : 130.95442,
        "time" : "20180223T133410+0900"
      }, {
        "lat" : 33.962546,
        "lon" : 130.95442,
        "time" : "20180223T133523+0900"
      }, {
        "lat" : 33.961014,
        "lon" : 130.95269,
        "time" : "20180223T133755+0900"
      }, {
        "lat" : 33.960631,
        "lon" : 130.9522,
        "time" : "20180223T133903+0900"
      }, {
        "lat" : 33.960389,
        "lon" : 130.95191,
        "time" : "20180223T133957+0900"
      }, {
        "lat" : 33.960466,
        "lon" : 130.95181,
        "time" : "20180223T134012+0900"
      }, {
        "lat" : 33.960399,
        "lon" : 130.95146,
        "time" : "20180223T134042+0900"
      }, {
        "lat" : 33.959587,
        "lon" : 130.95028,
        "time" : "20180223T134233+0900"
      }, {
        "lat" : 33.95886,
        "lon" : 130.94921,
        "time" : "20180223T134402+0900"
      }, {
        "lat" : 33.958886,
        "lon" : 130.9492,
        "time" : "20180223T134419+0900"
      }, {
        "lat" : 33.958958,
        "lon" : 130.94918,
        "time" : "20180223T134458+0900"
      }, {
        "lat" : 33.95915,
        "lon" : 130.94896,
        "time" : "20180223T134526+0900"
      }, {
        "lat" : 33.959401,
        "lon" : 130.94889,
        "time" : "20180223T134622+0900"
      }, {
        "lat" : 33.959464,
        "lon" : 130.9487,
        "time" : "20180223T134647+0900"
      }, {
        "lat" : 33.959512,
        "lon" : 130.94875,
        "time" : "20180223T134706+0900"
      }, {
        "lat" : 33.959613,
        "lon" : 130.94866,
        "time" : "20180223T134724+0900"
      }, {
        "lat" : 33.959695,
        "lon" : 130.94862,
        "time" : "20180223T134742+0900"
      }, {
        "lat" : 33.959703,
        "lon" : 130.94865,
        "time" : "20180223T134813+0900"
      }, {
        "lat" : 33.959633,
        "lon" : 130.9487,
        "time" : "20180223T134833+0900"
      }, {
        "lat" : 33.959631,
        "lon" : 130.94853,
        "time" : "20180223T134849+0900"
      }, {
        "lat" : 33.959615,
        "lon" : 130.94843,
        "time" : "20180223T134905+0900"
      }, {
        "lat" : 33.959582,
        "lon" : 130.94846,
        "time" : "20180223T134935+0900"
      } ]
    } ],
    "lastUpdate" : "20180223T060937Z"
  }, {
    "type" : "place",
    "startTime" : "20180223T134935+0900",
    "endTime" : "20180223T134948+0900",
    "place" : {
      "id" : 573427937,
      "type" : "unknown",
      "location" : {
        "lat" : 33.959582,
        "lon" : 130.94846
      }
    },
    "lastUpdate" : "20180223T060937Z"
  }, {
    "type" : "move",
    "startTime" : "20180223T134948+0900",
    "endTime" : "20180223T140441+0900",
    "activities" : [ {
      "activity" : "walking",
      "group" : "walking",
      "manual" : false,
      "startTime" : "20180223T134948+0900",
      "endTime" : "20180223T140441+0900",
      "duration" : 893.0,
      "distance" : 900.0,
      "steps" : 1236,
      "calories" : 50,
      "trackPoints" : [ {
        "lat" : 33.959582,
        "lon" : 130.94846,
        "time" : "20180223T134948+0900"
      }, {
        "lat" : 33.959606,
        "lon" : 130.94865,
        "time" : "20180223T135011+0900"
      }, {
        "lat" : 33.960001,
        "lon" : 130.94929,
        "time" : "20180223T135148+0900"
      }, {
        "lat" : 33.960289,
        "lon" : 130.94898,
        "time" : "20180223T135230+0900"
      }, {
        "lat" : 33.960357,
        "lon" : 130.94887,
        "time" : "20180223T135251+0900"
      }, {
        "lat" : 33.960568,
        "lon" : 130.94883,
        "time" : "20180223T135426+0900"
      }, {
        "lat" : 33.960172,
        "lon" : 130.94881,
        "time" : "20180223T135509+0900"
      }, {
        "lat" : 33.959953,
        "lon" : 130.94884,
        "time" : "20180223T135532+0900"
      }, {
        "lat" : 33.959732,
        "lon" : 130.94882,
        "time" : "20180223T135601+0900"
      }, {
        "lat" : 33.959432,
        "lon" : 130.94875,
        "time" : "20180223T135632+0900"
      }, {
        "lat" : 33.9593,
        "lon" : 130.94882,
        "time" : "20180223T135653+0900"
      }, {
        "lat" : 33.959172,
        "lon" : 130.94879,
        "time" : "20180223T135714+0900"
      }, {
        "lat" : 33.958097,
        "lon" : 130.94833,
        "time" : "20180223T135953+0900"
      }, {
        "lat" : 33.958108,
        "lon" : 130.94822,
        "time" : "20180223T135959+0900"
      }, {
        "lat" : 33.958108,
        "lon" : 130.94822,
        "time" : "20180223T140000+0900"
      }, {
        "lat" : 33.958137,
        "lon" : 130.94795,
        "time" : "20180223T140017+0900"
      }, {
        "lat" : 33.958014,
        "lon" : 130.94767,
        "time" : "20180223T140036+0900"
      }, {
        "lat" : 33.957811,
        "lon" : 130.94737,
        "time" : "20180223T140342+0900"
      }, {
        "lat" : 33.956301,
        "lon" : 130.94556,
        "time" : "20180223T140441+0900"
      } ]
    } ],
    "lastUpdate" : "20180223T060937Z"
  }, {
    "type" : "place",
    "startTime" : "20180223T140442+0900",
    "endTime" : "20180223T141902+0900",
    "place" : {
      "id" : 573427938,
      "type" : "unknown",
      "location" : {
        "lat" : 33.956301,
        "lon" : 130.94556
      }
    },
    "activities" : [ {
      "activity" : "walking",
      "group" : "walking",
      "manual" : false,
      "startTime" : "20180223T140442+0900",
      "endTime" : "20180223T141143+0900",
      "duration" : 421.0,
      "distance" : 474.0,
      "steps" : 632,
      "calories" : 26,
      "trackPoints" : [ ]
    } ],
    "lastUpdate" : "20180223T060937Z"
  }, {
    "type" : "move",
    "startTime" : "20180223T141902+0900",
    "endTime" : "20180223T142317+0900",
    "activities" : [ {
      "activity" : "walking",
      "group" : "walking",
      "manual" : false,
      "startTime" : "20180223T141902+0900",
      "endTime" : "20180223T142317+0900",
      "duration" : 255.0,
      "distance" : 188.0,
      "steps" : 377,
      "calories" : 10,
      "trackPoints" : [ {
        "lat" : 33.956301,
        "lon" : 130.94556,
        "time" : "20180223T141902+0900"
      }, {
        "lat" : 33.956192,
        "lon" : 130.94473,
        "time" : "20180223T141917+0900"
      }, {
        "lat" : 33.956188,
        "lon" : 130.94459,
        "time" : "20180223T141943+0900"
      }, {
        "lat" : 33.956227,
        "lon" : 130.94443,
        "time" : "20180223T142002+0900"
      }, {
        "lat" : 33.956222,
        "lon" : 130.944,
        "time" : "20180223T142227+0900"
      }, {
        "lat" : 33.956344,
        "lon" : 130.94373,
        "time" : "20180223T142317+0900"
      } ]
    } ],
    "lastUpdate" : "20180223T060937Z"
  }, {
    "type" : "place",
    "startTime" : "20180223T142317+0900",
    "endTime" : "20180223T143000+0900",
    "place" : {
      "id" : 573427939,
      "type" : "unknown",
      "location" : {
        "lat" : 33.956344,
        "lon" : 130.94373
      }
    },
    "activities" : [ {
      "activity" : "walking",
      "group" : "walking",
      "manual" : false,
      "startTime" : "20180223T142320+0900",
      "endTime" : "20180223T142633+0900",
      "duration" : 193.0,
      "distance" : 218.0,
      "steps" : 291,
      "calories" : 12,
      "trackPoints" : [ ]
    } ],
    "lastUpdate" : "20180223T060937Z"
  }, {
    "type" : "move",
    "startTime" : "20180223T143000+0900",
    "endTime" : "20180223T143609+0900",
    "activities" : [ {
      "activity" : "walking",
      "group" : "walking",
      "manual" : false,
      "startTime" : "20180223T143000+0900",
      "endTime" : "20180223T143609+0900",
      "duration" : 369.0,
      "distance" : 262.0,
      "steps" : 389,
      "calories" : 14,
      "trackPoints" : [ {
        "lat" : 33.956344,
        "lon" : 130.94373,
        "time" : "20180223T143000+0900"
      }, {
        "lat" : 33.956263,
        "lon" : 130.94411,
        "time" : "20180223T143102+0900"
      }, {
        "lat" : 33.95628,
        "lon" : 130.94409,
        "time" : "20180223T143118+0900"
      }, {
        "lat" : 33.956286,
        "lon" : 130.94402,
        "time" : "20180223T143143+0900"
      }, {
        "lat" : 33.956359,
        "lon" : 130.9435,
        "time" : "20180223T143416+0900"
      }, {
        "lat" : 33.956288,
        "lon" : 130.9432,
        "time" : "20180223T143435+0900"
      }, {
        "lat" : 33.956187,
        "lon" : 130.94303,
        "time" : "20180223T143500+0900"
      }, {
        "lat" : 33.956065,
        "lon" : 130.94285,
        "time" : "20180223T143542+0900"
      }, {
        "lat" : 33.956769,
        "lon" : 130.94314,
        "time" : "20180223T143609+0900"
      } ]
    } ],
    "lastUpdate" : "20180223T060937Z"
  }, {
    "type" : "place",
    "startTime" : "20180223T143609+0900",
    "endTime" : "20180223T144903+0900",
    "place" : {
      "id" : 573427940,
      "type" : "unknown",
      "location" : {
        "lat" : 33.956769,
        "lon" : 130.94314
      }
    },
    "activities" : [ {
      "activity" : "walking",
      "group" : "walking",
      "manual" : false,
      "startTime" : "20180223T143609+0900",
      "endTime" : "20180223T144223+0900",
      "duration" : 374.0,
      "distance" : 421.0,
      "steps" : 561,
      "calories" : 23,
      "trackPoints" : [ ]
    } ],
    "lastUpdate" : "20180223T060937Z"
  }, {
    "type" : "move",
    "startTime" : "20180223T144903+0900",
    "endTime" : "20180223T145242+0900",
    "activities" : [ {
      "activity" : "walking",
      "group" : "walking",
      "manual" : false,
      "startTime" : "20180223T144903+0900",
      "endTime" : "20180223T145242+0900",
      "duration" : 219.0,
      "distance" : 204.0,
      "steps" : 408,
      "calories" : 11,
      "trackPoints" : [ {
        "lat" : 33.956769,
        "lon" : 130.94314,
        "time" : "20180223T144903+0900"
      }, {
        "lat" : 33.956793,
        "lon" : 130.94288,
        "time" : "20180223T145027+0900"
      }, {
        "lat" : 33.956774,
        "lon" : 130.94284,
        "time" : "20180223T145059+0900"
      }, {
        "lat" : 33.956758,
        "lon" : 130.94281,
        "time" : "20180223T145132+0900"
      }, {
        "lat" : 33.956596,
        "lon" : 130.94266,
        "time" : "20180223T145226+0900"
      }, {
        "lat" : 33.955865,
        "lon" : 130.9431,
        "time" : "20180223T145242+0900"
      } ]
    } ],
    "lastUpdate" : "20180223T060937Z"
  }, {
    "type" : "place",
    "startTime" : "20180223T145243+0900",
    "endTime" : "20180223T150828+0900",
    "place" : {
      "id" : 573427941,
      "type" : "unknown",
      "location" : {
        "lat" : 33.955865,
        "lon" : 130.9431
      }
    },
    "activities" : [ {
      "activity" : "walking",
      "group" : "walking",
      "manual" : false,
      "startTime" : "20180223T145243+0900",
      "endTime" : "20180223T145353+0900",
      "duration" : 70.0,
      "distance" : 52.0,
      "steps" : 105,
      "calories" : 3,
      "trackPoints" : [ ]
    }, {
      "activity" : "walking",
      "group" : "walking",
      "manual" : false,
      "startTime" : "20180223T150337+0900",
      "endTime" : "20180223T150401+0900",
      "duration" : 24.0,
      "distance" : 18.0,
      "steps" : 37,
      "calories" : 1,
      "trackPoints" : [ ]
    } ],
    "lastUpdate" : "20180223T074804Z"
  }, {
    "type" : "move",
    "startTime" : "20180223T150828+0900",
    "endTime" : "20180223T152558+0900",
    "activities" : [ {
      "activity" : "transport",
      "group" : "transport",
      "manual" : false,
      "startTime" : "20180223T150828+0900",
      "endTime" : "20180223T151428+0900",
      "duration" : 360.0,
      "distance" : 2951.0,
      "trackPoints" : [ {
        "lat" : 33.955865,
        "lon" : 130.9431,
        "time" : "20180223T150828+0900"
      }, {
        "lat" : 33.954935,
        "lon" : 130.94464,
        "time" : "20180223T150855+0900"
      }, {
        "lat" : 33.954083,
        "lon" : 130.94467,
        "time" : "20180223T150911+0900"
      }, {
        "lat" : 33.953223,
        "lon" : 130.94417,
        "time" : "20180223T150927+0900"
      }, {
        "lat" : 33.952374,
        "lon" : 130.94358,
        "time" : "20180223T150943+0900"
      }, {
        "lat" : 33.94827,
        "lon" : 130.94047,
        "time" : "20180223T151058+0900"
      }, {
        "lat" : 33.942562,
        "lon" : 130.93509,
        "time" : "20180223T151258+0900"
      }, {
        "lat" : 33.936966,
        "lon" : 130.92965,
        "time" : "20180223T151429+0900"
      } ]
    }, {
      "activity" : "walking",
      "group" : "walking",
      "manual" : false,
      "startTime" : "20180223T151429+0900",
      "endTime" : "20180223T152557+0900",
      "duration" : 688.0,
      "distance" : 721.0,
      "steps" : 963,
      "calories" : 40,
      "trackPoints" : [ {
        "lat" : 33.936966,
        "lon" : 130.92965,
        "time" : "20180223T151429+0900"
      }, {
        "lat" : 33.935606,
        "lon" : 130.92837,
        "time" : "20180223T151726+0900"
      }, {
        "lat" : 33.935685,
        "lon" : 130.92841,
        "time" : "20180223T151743+0900"
      }, {
        "lat" : 33.935822,
        "lon" : 130.92855,
        "time" : "20180223T151759+0900"
      }, {
        "lat" : 33.935923,
        "lon" : 130.92892,
        "time" : "20180223T151844+0900"
      }, {
        "lat" : 33.935906,
        "lon" : 130.92903,
        "time" : "20180223T151907+0900"
      }, {
        "lat" : 33.935846,
        "lon" : 130.92912,
        "time" : "20180223T151922+0900"
      }, {
        "lat" : 33.935879,
        "lon" : 130.9294,
        "time" : "20180223T152050+0900"
      }, {
        "lat" : 33.935742,
        "lon" : 130.9298,
        "time" : "20180223T152126+0900"
      }, {
        "lat" : 33.935734,
        "lon" : 130.92995,
        "time" : "20180223T152146+0900"
      }, {
        "lat" : 33.935412,
        "lon" : 130.93027,
        "time" : "20180223T152226+0900"
      }, {
        "lat" : 33.93525,
        "lon" : 130.93046,
        "time" : "20180223T152256+0900"
      }, {
        "lat" : 33.935169,
        "lon" : 130.93066,
        "time" : "20180223T152312+0900"
      }, {
        "lat" : 33.935003,
        "lon" : 130.93102,
        "time" : "20180223T152343+0900"
      }, {
        "lat" : 33.934828,
        "lon" : 130.93133,
        "time" : "20180223T152413+0900"
      }, {
        "lat" : 33.934367,
        "lon" : 130.9316,
        "time" : "20180223T152507+0900"
      }, {
        "lat" : 33.933859,
        "lon" : 130.93143,
        "time" : "20180223T152558+0900"
      } ]
    } ],
    "lastUpdate" : "20180223T074804Z"
  }, {
    "type" : "place",
    "startTime" : "20180223T152558+0900",
    "endTime" : "20180223T152839+0900",
    "place" : {
      "id" : 573441119,
      "type" : "unknown",
      "location" : {
        "lat" : 33.933859,
        "lon" : 130.93143
      }
    },
    "activities" : [ {
      "activity" : "walking",
      "group" : "walking",
      "manual" : false,
      "startTime" : "20180223T152558+0900",
      "endTime" : "20180223T152602+0900",
      "duration" : 4.0,
      "distance" : 3.0,
      "steps" : 6,
      "calories" : 0,
      "trackPoints" : [ ]
    } ],
    "lastUpdate" : "20180223T074804Z"
  }, {
    "type" : "move",
    "startTime" : "20180223T152839+0900",
    "endTime" : "20180223T154831+0900",
    "activities" : [ {
      "activity" : "walking",
      "group" : "walking",
      "manual" : false,
      "startTime" : "20180223T152839+0900",
      "endTime" : "20180223T154831+0900",
      "duration" : 1192.0,
      "distance" : 1215.0,
      "steps" : 1817,
      "calories" : 67,
      "trackPoints" : [ {
        "lat" : 33.933859,
        "lon" : 130.93143,
        "time" : "20180223T152839+0900"
      }, {
        "lat" : 33.933862,
        "lon" : 130.93142,
        "time" : "20180223T152916+0900"
      }, {
        "lat" : 33.933873,
        "lon" : 130.93137,
        "time" : "20180223T153002+0900"
      }, {
        "lat" : 33.9338,
        "lon" : 130.93125,
        "time" : "20180223T153035+0900"
      }, {
        "lat" : 33.933686,
        "lon" : 130.93118,
        "time" : "20180223T153105+0900"
      }, {
        "lat" : 33.933549,
        "lon" : 130.93115,
        "time" : "20180223T153141+0900"
      }, {
        "lat" : 33.933439,
        "lon" : 130.9312,
        "time" : "20180223T153157+0900"
      }, {
        "lat" : 33.933341,
        "lon" : 130.93122,
        "time" : "20180223T153214+0900"
      }, {
        "lat" : 33.933256,
        "lon" : 130.9312,
        "time" : "20180223T153243+0900"
      }, {
        "lat" : 33.933218,
        "lon" : 130.93109,
        "time" : "20180223T153314+0900"
      }, {
        "lat" : 33.933167,
        "lon" : 130.93084,
        "time" : "20180223T153408+0900"
      }, {
        "lat" : 33.932666,
        "lon" : 130.93097,
        "time" : "20180223T153442+0900"
      }, {
        "lat" : 33.932347,
        "lon" : 130.93097,
        "time" : "20180223T153502+0900"
      }, {
        "lat" : 33.930978,
        "lon" : 130.93063,
        "time" : "20180223T153641+0900"
      }, {
        "lat" : 33.930835,
        "lon" : 130.9305,
        "time" : "20180223T153657+0900"
      }, {
        "lat" : 33.930904,
        "lon" : 130.9304,
        "time" : "20180223T153716+0900"
      }, {
        "lat" : 33.934568,
        "lon" : 130.92989,
        "time" : "20180223T154228+0900"
      }, {
        "lat" : 33.934511,
        "lon" : 130.92965,
        "time" : "20180223T154244+0900"
      }, {
        "lat" : 33.934634,
        "lon" : 130.92961,
        "time" : "20180223T154304+0900"
      }, {
        "lat" : 33.934991,
        "lon" : 130.92953,
        "time" : "20180223T154345+0900"
      }, {
        "lat" : 33.935192,
        "lon" : 130.92941,
        "time" : "20180223T154414+0900"
      }, {
        "lat" : 33.935329,
        "lon" : 130.92952,
        "time" : "20180223T154437+0900"
      }, {
        "lat" : 33.935291,
        "lon" : 130.92942,
        "time" : "20180223T154458+0900"
      }, {
        "lat" : 33.935374,
        "lon" : 130.92961,
        "time" : "20180223T154620+0900"
      }, {
        "lat" : 33.935416,
        "lon" : 130.92971,
        "time" : "20180223T154703+0900"
      }, {
        "lat" : 33.935438,
        "lon" : 130.92977,
        "time" : "20180223T154729+0900"
      }, {
        "lat" : 33.935772,
        "lon" : 130.92872,
        "time" : "20180223T154831+0900"
      } ]
    } ],
    "lastUpdate" : "20180223T074804Z"
  }, {
    "type" : "place",
    "startTime" : "20180223T154832+0900",
    "endTime" : "20180223T155909+0900",
    "place" : {
      "id" : 573441120,
      "type" : "unknown",
      "location" : {
        "lat" : 33.935772,
        "lon" : 130.92872
      }
    },
    "activities" : [ {
      "activity" : "walking",
      "group" : "walking",
      "manual" : false,
      "startTime" : "20180223T154832+0900",
      "endTime" : "20180223T155153+0900",
      "duration" : 201.0,
      "distance" : 226.0,
      "steps" : 302,
      "calories" : 12,
      "trackPoints" : [ ]
    } ],
    "lastUpdate" : "20180223T074804Z"
  }, {
    "type" : "move",
    "startTime" : "20180223T155909+0900",
    "endTime" : "20180223T161330+0900",
    "activities" : [ {
      "activity" : "transport",
      "group" : "transport",
      "manual" : false,
      "startTime" : "20180223T155909+0900",
      "endTime" : "20180223T160829+0900",
      "duration" : 560.0,
      "distance" : 3802.0,
      "trackPoints" : [ {
        "lat" : 33.935772,
        "lon" : 130.92872,
        "time" : "20180223T155909+0900"
      }, {
        "lat" : 33.936777,
        "lon" : 130.93014,
        "time" : "20180223T155959+0900"
      }, {
        "lat" : 33.936777,
        "lon" : 130.93014,
        "time" : "20180223T160000+0900"
      }, {
        "lat" : 33.939951,
        "lon" : 130.93462,
        "time" : "20180223T160241+0900"
      }, {
        "lat" : 33.940425,
        "lon" : 130.94549,
        "time" : "20180223T160428+0900"
      }, {
        "lat" : 33.947049,
        "lon" : 130.95948,
        "time" : "20180223T160717+0900"
      }, {
        "lat" : 33.946865,
        "lon" : 130.95976,
        "time" : "20180223T160740+0900"
      }, {
        "lat" : 33.946486,
        "lon" : 130.96034,
        "time" : "20180223T160829+0900"
      } ]
    }, {
      "activity" : "walking",
      "group" : "walking",
      "manual" : false,
      "startTime" : "20180223T160829+0900",
      "endTime" : "20180223T161330+0900",
      "duration" : 301.0,
      "distance" : 361.0,
      "steps" : 413,
      "calories" : 20,
      "trackPoints" : [ {
        "lat" : 33.946486,
        "lon" : 130.96034,
        "time" : "20180223T160829+0900"
      }, {
        "lat" : 33.946433,
        "lon" : 130.96041,
        "time" : "20180223T160845+0900"
      }, {
        "lat" : 33.946082,
        "lon" : 130.96071,
        "time" : "20180223T160933+0900"
      }, {
        "lat" : 33.946134,
        "lon" : 130.96081,
        "time" : "20180223T160949+0900"
      }, {
        "lat" : 33.946794,
        "lon" : 130.96164,
        "time" : "20180223T161151+0900"
      }, {
        "lat" : 33.947283,
        "lon" : 130.96227,
        "time" : "20180223T161314+0900"
      }, {
        "lat" : 33.947782,
        "lon" : 130.96276,
        "time" : "20180223T161330+0900"
      } ]
    } ],
    "lastUpdate" : "20180223T074804Z"
  }, {
    "type" : "place",
    "startTime" : "20180223T161330+0900",
    "endTime" : "20180223T162315+0900",
    "place" : {
      "id" : 573441122,
      "type" : "unknown",
      "location" : {
        "lat" : 33.947782,
        "lon" : 130.96276
      }
    },
    "activities" : [ {
      "activity" : "walking",
      "group" : "walking",
      "manual" : false,
      "startTime" : "20180223T161330+0900",
      "endTime" : "20180223T161624+0900",
      "duration" : 174.0,
      "distance" : 196.0,
      "steps" : 261,
      "calories" : 11,
      "trackPoints" : [ ]
    } ],
    "lastUpdate" : "20180223T074804Z"
  }, {
    "type" : "place",
    "startTime" : "20180223T162316+0900",
    "endTime" : "20180223T164146+0900",
    "place" : {
      "id" : 573441123,
      "type" : "unknown",
      "location" : {
        "lat" : 33.948126,
        "lon" : 130.96364
      }
    },
    "activities" : [ {
      "activity" : "walking",
      "group" : "walking",
      "manual" : false,
      "startTime" : "20180223T162322+0900",
      "endTime" : "20180223T162822+0900",
      "duration" : 300.0,
      "distance" : 337.0,
      "steps" : 450,
      "calories" : 19,
      "trackPoints" : [ ]
    } ],
    "lastUpdate" : "20180223T082302Z"
  }, {
    "type" : "move",
    "startTime" : "20180223T164146+0900",
    "endTime" : "20180223T164801+0900",
    "activities" : [ {
      "activity" : "walking",
      "group" : "walking",
      "manual" : false,
      "startTime" : "20180223T164146+0900",
      "endTime" : "20180223T164801+0900",
      "duration" : 375.0,
      "distance" : 248.0,
      "steps" : 459,
      "calories" : 14,
      "trackPoints" : [ {
        "lat" : 33.948126,
        "lon" : 130.96364,
        "time" : "20180223T164146+0900"
      }, {
        "lat" : 33.948057,
        "lon" : 130.96382,
        "time" : "20180223T164226+0900"
      }, {
        "lat" : 33.948057,
        "lon" : 130.96383,
        "time" : "20180223T164407+0900"
      }, {
        "lat" : 33.947774,
        "lon" : 130.96393,
        "time" : "20180223T164425+0900"
      }, {
        "lat" : 33.947668,
        "lon" : 130.96405,
        "time" : "20180223T164447+0900"
      }, {
        "lat" : 33.947474,
        "lon" : 130.9642,
        "time" : "20180223T164519+0900"
      }, {
        "lat" : 33.947445,
        "lon" : 130.96422,
        "time" : "20180223T164536+0900"
      }, {
        "lat" : 33.947347,
        "lon" : 130.96424,
        "time" : "20180223T164601+0900"
      }, {
        "lat" : 33.947239,
        "lon" : 130.96424,
        "time" : "20180223T164626+0900"
      }, {
        "lat" : 33.947073,
        "lon" : 130.96424,
        "time" : "20180223T164702+0900"
      }, {
        "lat" : 33.946314,
        "lon" : 130.96423,
        "time" : "20180223T164801+0900"
      } ]
    } ],
    "lastUpdate" : "20180223T082302Z"
  }, {
    "type" : "place",
    "startTime" : "20180223T164802+0900",
    "endTime" : "20180223T165424+0900",
    "place" : {
      "id" : 573446650,
      "type" : "unknown",
      "location" : {
        "lat" : 33.946314,
        "lon" : 130.96423
      }
    },
    "activities" : [ {
      "activity" : "walking",
      "group" : "walking",
      "manual" : false,
      "startTime" : "20180223T164802+0900",
      "endTime" : "20180223T164813+0900",
      "duration" : 11.0,
      "distance" : 8.0,
      "steps" : 17,
      "calories" : 0,
      "trackPoints" : [ ]
    } ],
    "lastUpdate" : "20180223T082302Z"
  }, {
    "type" : "move",
    "startTime" : "20180223T165424+0900",
    "endTime" : "20180223T170237+0900",
    "activities" : [ {
      "activity" : "walking",
      "group" : "walking",
      "manual" : false,
      "startTime" : "20180223T165424+0900",
      "endTime" : "20180223T170237+0900",
      "duration" : 493.0,
      "distance" : 394.0,
      "steps" : 685,
      "calories" : 22,
      "trackPoints" : [ {
        "lat" : 33.946314,
        "lon" : 130.96423,
        "time" : "20180223T165424+0900"
      }, {
        "lat" : 33.946297,
        "lon" : 130.96425,
        "time" : "20180223T165629+0900"
      }, {
        "lat" : 33.946287,
        "lon" : 130.96417,
        "time" : "20180223T165646+0900"
      }, {
        "lat" : 33.946301,
        "lon" : 130.96411,
        "time" : "20180223T165715+0900"
      }, {
        "lat" : 33.94664,
        "lon" : 130.9643,
        "time" : "20180223T165827+0900"
      }, {
        "lat" : 33.94736,
        "lon" : 130.9646,
        "time" : "20180223T165959+0900"
      }, {
        "lat" : 33.94736,
        "lon" : 130.9646,
        "time" : "20180223T170000+0900"
      }, {
        "lat" : 33.947383,
        "lon" : 130.96461,
        "time" : "20180223T170003+0900"
      }, {
        "lat" : 33.947526,
        "lon" : 130.96439,
        "time" : "20180223T170021+0900"
      }, {
        "lat" : 33.947601,
        "lon" : 130.96423,
        "time" : "20180223T170036+0900"
      }, {
        "lat" : 33.947712,
        "lon" : 130.96409,
        "time" : "20180223T170102+0900"
      }, {
        "lat" : 33.947805,
        "lon" : 130.96409,
        "time" : "20180223T170129+0900"
      }, {
        "lat" : 33.948468,
        "lon" : 130.96399,
        "time" : "20180223T170237+0900"
      } ]
    } ],
    "lastUpdate" : "20180223T082302Z"
  }, {
    "type" : "place",
    "startTime" : "20180223T170238+0900",
    "endTime" : "20180223T185401+0900",
    "place" : {
      "id" : 573446651,
      "type" : "unknown",
      "location" : {
        "lat" : 33.948468,
        "lon" : 130.96399
      }
    },
    "activities" : [ {
      "activity" : "walking",
      "group" : "walking",
      "manual" : false,
      "startTime" : "20180223T170327+0900",
      "endTime" : "20180223T170637+0900",
      "duration" : 190.0,
      "distance" : 214.0,
      "steps" : 286,
      "calories" : 12,
      "trackPoints" : [ ]
    }, {
      "activity" : "walking",
      "group" : "walking",
      "manual" : false,
      "startTime" : "20180223T183218+0900",
      "endTime" : "20180223T183538+0900",
      "duration" : 200.0,
      "distance" : 224.0,
      "steps" : 299,
      "calories" : 12,
      "trackPoints" : [ ]
    } ],
    "lastUpdate" : "20180223T112953Z"
  }, {
    "type" : "move",
    "startTime" : "20180223T185401+0900",
    "endTime" : "20180223T185802+0900",
    "activities" : [ {
      "activity" : "walking",
      "group" : "walking",
      "manual" : false,
      "startTime" : "20180223T185401+0900",
      "endTime" : "20180223T185802+0900",
      "duration" : 241.0,
      "distance" : 205.0,
      "steps" : 238,
      "calories" : 11,
      "trackPoints" : [ {
        "lat" : 33.948468,
        "lon" : 130.96399,
        "time" : "20180223T185401+0900"
      }, {
        "lat" : 33.948487,
        "lon" : 130.96391,
        "time" : "20180223T185428+0900"
      }, {
        "lat" : 33.949885,
        "lon" : 130.9643,
        "time" : "20180223T185627+0900"
      }, {
        "lat" : 33.9499,
        "lon" : 130.96428,
        "time" : "20180223T185740+0900"
      }, {
        "lat" : 33.949801,
        "lon" : 130.96432,
        "time" : "20180223T185802+0900"
      } ]
    } ],
    "lastUpdate" : "20180223T112953Z"
  }, {
    "type" : "place",
    "startTime" : "20180223T185802+0900",
    "endTime" : "20180223T192156+0900",
    "place" : {
      "id" : 573483841,
      "type" : "unknown",
      "location" : {
        "lat" : 33.949801,
        "lon" : 130.96432
      }
    },
    "lastUpdate" : "20180223T112953Z"
  }, {
    "type" : "move",
    "startTime" : "20180223T192156+0900",
    "endTime" : "20180223T200244+0900",
    "activities" : [ {
      "activity" : "walking",
      "group" : "walking",
      "manual" : false,
      "startTime" : "20180223T192156+0900",
      "endTime" : "20180223T194316+0900",
      "duration" : 1280.0,
      "distance" : 997.0,
      "steps" : 1808,
      "calories" : 55,
      "trackPoints" : [ {
        "lat" : 33.949801,
        "lon" : 130.96432,
        "time" : "20180223T192156+0900"
      }, {
        "lat" : 33.949747,
        "lon" : 130.96433,
        "time" : "20180223T192300+0900"
      }, {
        "lat" : 33.948304,
        "lon" : 130.96361,
        "time" : "20180223T192530+0900"
      }, {
        "lat" : 33.947582,
        "lon" : 130.96412,
        "time" : "20180223T192656+0900"
      }, {
        "lat" : 33.946889,
        "lon" : 130.96458,
        "time" : "20180223T192821+0900"
      }, {
        "lat" : 33.946374,
        "lon" : 130.96419,
        "time" : "20180223T192921+0900"
      }, {
        "lat" : 33.946279,
        "lon" : 130.96412,
        "time" : "20180223T192945+0900"
      }, {
        "lat" : 33.945801,
        "lon" : 130.9637,
        "time" : "20180223T193300+0900"
      }, {
        "lat" : 33.945781,
        "lon" : 130.96354,
        "time" : "20180223T193316+0900"
      }, {
        "lat" : 33.945766,
        "lon" : 130.96344,
        "time" : "20180223T193333+0900"
      }, {
        "lat" : 33.946058,
        "lon" : 130.96328,
        "time" : "20180223T193703+0900"
      }, {
        "lat" : 33.946088,
        "lon" : 130.96229,
        "time" : "20180223T193910+0900"
      }, {
        "lat" : 33.946059,
        "lon" : 130.9618,
        "time" : "20180223T194008+0900"
      }, {
        "lat" : 33.945899,
        "lon" : 130.96166,
        "time" : "20180223T194023+0900"
      }, {
        "lat" : 33.945802,
        "lon" : 130.96155,
        "time" : "20180223T194044+0900"
      }, {
        "lat" : 33.945139,
        "lon" : 130.96117,
        "time" : "20180223T194221+0900"
      }, {
        "lat" : 33.944725,
        "lon" : 130.96132,
        "time" : "20180223T194301+0900"
      }, {
        "lat" : 33.944682,
        "lon" : 130.96127,
        "time" : "20180223T194317+0900"
      } ]
    }, {
      "activity" : "transport",
      "group" : "transport",
      "manual" : false,
      "startTime" : "20180223T194317+0900",
      "endTime" : "20180223T200048+0900",
      "duration" : 1051.0,
      "distance" : 11742.0,
      "trackPoints" : [ {
        "lat" : 33.944682,
        "lon" : 130.96127,
        "time" : "20180223T194317+0900"
      }, {
        "lat" : 33.944407,
        "lon" : 130.96116,
        "time" : "20180223T194636+0900"
      }, {
        "lat" : 33.944391,
        "lon" : 130.96114,
        "time" : "20180223T194700+0900"
      }, {
        "lat" : 33.921998,
        "lon" : 130.94162,
        "time" : "20180223T195040+0900"
      }, {
        "lat" : 33.919773,
        "lon" : 130.94036,
        "time" : "20180223T195055+0900"
      }, {
        "lat" : 33.904679,
        "lon" : 130.93339,
        "time" : "20180223T195356+0900"
      }, {
        "lat" : 33.894971,
        "lon" : 130.92225,
        "time" : "20180223T195602+0900"
      }, {
        "lat" : 33.892585,
        "lon" : 130.91932,
        "time" : "20180223T195618+0900"
      }, {
        "lat" : 33.892122,
        "lon" : 130.91549,
        "time" : "20180223T195634+0900"
      }, {
        "lat" : 33.892166,
        "lon" : 130.90987,
        "time" : "20180223T195657+0900"
      }, {
        "lat" : 33.888272,
        "lon" : 130.88909,
        "time" : "20180223T195959+0900"
      }, {
        "lat" : 33.888272,
        "lon" : 130.88909,
        "time" : "20180223T200000+0900"
      }, {
        "lat" : 33.887241,
        "lon" : 130.88359,
        "time" : "20180223T200048+0900"
      } ]
    }, {
      "activity" : "walking",
      "group" : "walking",
      "manual" : false,
      "startTime" : "20180223T200048+0900",
      "endTime" : "20180223T200244+0900",
      "duration" : 116.0,
      "distance" : 136.0,
      "steps" : 209,
      "calories" : 8,
      "trackPoints" : [ {
        "lat" : 33.887241,
        "lon" : 130.88359,
        "time" : "20180223T200048+0900"
      }, {
        "lat" : 33.88705,
        "lon" : 130.88253,
        "time" : "20180223T200217+0900"
      }, {
        "lat" : 33.886856,
        "lon" : 130.88248,
        "time" : "20180223T200244+0900"
      } ]
    } ],
    "lastUpdate" : "20180223T112953Z"
  }, {
    "type" : "move",
    "startTime" : "20180223T200244+0900",
    "endTime" : "20180223T200634+0900",
    "activities" : [ {
      "activity" : "walking",
      "group" : "walking",
      "manual" : false,
      "startTime" : "20180223T200244+0900",
      "endTime" : "20180223T200634+0900",
      "duration" : 230.0,
      "distance" : 178.0,
      "steps" : 356,
      "calories" : 10,
      "trackPoints" : [ {
        "lat" : 33.887004,
        "lon" : 130.88263,
        "time" : "20180223T200244+0900"
      }, {
        "lat" : 33.886983,
        "lon" : 130.88274,
        "time" : "20180223T200304+0900"
      }, {
        "lat" : 33.88707,
        "lon" : 130.88324,
        "time" : "20180223T200424+0900"
      }, {
        "lat" : 33.887154,
        "lon" : 130.8837,
        "time" : "20180223T200535+0900"
      }, {
        "lat" : 33.887223,
        "lon" : 130.88408,
        "time" : "20180223T200634+0900"
      } ]
    } ],
    "lastUpdate" : "20180223T130137Z"
  }, {
    "type" : "place",
    "startTime" : "20180223T200635+0900",
    "endTime" : "20180223T213052+0900",
    "place" : {
      "id" : 573506941,
      "type" : "unknown",
      "location" : {
        "lat" : 33.887223,
        "lon" : 130.88408
      }
    },
    "activities" : [ {
      "activity" : "walking",
      "group" : "walking",
      "manual" : false,
      "startTime" : "20180223T201522+0900",
      "endTime" : "20180223T201522+0900",
      "duration" : 0.0,
      "distance" : 0.0,
      "steps" : 0,
      "calories" : 0,
      "trackPoints" : [ ]
    } ],
    "lastUpdate" : "20180223T130137Z"
  }, {
    "type" : "place",
    "startTime" : "20180223T213052+0900",
    "endTime" : "20180223T214031+0900",
    "place" : {
      "id" : 573506942,
      "type" : "unknown",
      "location" : {
        "lat" : 33.886374,
        "lon" : 130.88301
      }
    },
    "activities" : [ {
      "activity" : "walking",
      "group" : "walking",
      "manual" : false,
      "startTime" : "20180223T213126+0900",
      "endTime" : "20180223T214030+0900",
      "duration" : 544.0,
      "distance" : 761.0,
      "steps" : 1015,
      "calories" : 42,
      "trackPoints" : [ ]
    } ],
    "lastUpdate" : "20180223T130137Z"
  }, {
    "type" : "move",
    "startTime" : "20180223T214031+0900",
    "endTime" : "20180223T214345+0900",
    "activities" : [ {
      "activity" : "walking",
      "group" : "walking",
      "manual" : false,
      "startTime" : "20180223T214031+0900",
      "endTime" : "20180223T214345+0900",
      "duration" : 194.0,
      "distance" : 239.0,
      "steps" : 235,
      "calories" : 13,
      "trackPoints" : [ {
        "lat" : 33.886374,
        "lon" : 130.88301,
        "time" : "20180223T214031+0900"
      }, {
        "lat" : 33.886664,
        "lon" : 130.88078,
        "time" : "20180223T214345+0900"
      } ]
    } ],
    "lastUpdate" : "20180223T130137Z"
  }, {
    "type" : "place",
    "startTime" : "20180223T214346+0900",
    "endTime" : "20180223T225726+0900",
    "place" : {
      "id" : 573396737,
      "type" : "unknown",
      "location" : {
        "lat" : 33.886319,
        "lon" : 130.88127
      }
    },
    "activities" : [ {
      "activity" : "walking",
      "group" : "walking",
      "manual" : false,
      "startTime" : "20180223T214346+0900",
      "endTime" : "20180223T214752+0900",
      "duration" : 246.0,
      "distance" : 277.0,
      "steps" : 369,
      "calories" : 15,
      "trackPoints" : [ ]
    }, {
      "activity" : "walking",
      "group" : "walking",
      "manual" : false,
      "startTime" : "20180223T222753+0900",
      "endTime" : "20180223T222812+0900",
      "duration" : 19.0,
      "distance" : 14.0,
      "steps" : 28,
      "calories" : 1,
      "trackPoints" : [ ]
    } ],
    "lastUpdate" : "20180223T145857Z"
  }, {
    "type" : "move",
    "startTime" : "20180223T225726+0900",
    "endTime" : "20180223T231204+0900",
    "activities" : [ {
      "activity" : "walking",
      "group" : "walking",
      "manual" : false,
      "startTime" : "20180223T225726+0900",
      "endTime" : "20180223T231204+0900",
      "duration" : 878.0,
      "distance" : 706.0,
      "steps" : 1413,
      "calories" : 39,
      "trackPoints" : [ {
        "lat" : 33.886319,
        "lon" : 130.88127,
        "time" : "20180223T225726+0900"
      }, {
        "lat" : 33.886471,
        "lon" : 130.88108,
        "time" : "20180223T225746+0900"
      }, {
        "lat" : 33.886293,
        "lon" : 130.88161,
        "time" : "20180223T225959+0900"
      }, {
        "lat" : 33.886293,
        "lon" : 130.88161,
        "time" : "20180223T230000+0900"
      }, {
        "lat" : 33.886203,
        "lon" : 130.88188,
        "time" : "20180223T230107+0900"
      }, {
        "lat" : 33.88628,
        "lon" : 130.88151,
        "time" : "20180223T230130+0900"
      }, {
        "lat" : 33.886464,
        "lon" : 130.8816,
        "time" : "20180223T230403+0900"
      }, {
        "lat" : 33.886663,
        "lon" : 130.88166,
        "time" : "20180223T230502+0900"
      }, {
        "lat" : 33.886811,
        "lon" : 130.88167,
        "time" : "20180223T230519+0900"
      }, {
        "lat" : 33.886889,
        "lon" : 130.88201,
        "time" : "20180223T230546+0900"
      }, {
        "lat" : 33.886991,
        "lon" : 130.88253,
        "time" : "20180223T230625+0900"
      }, {
        "lat" : 33.887039,
        "lon" : 130.88277,
        "time" : "20180223T230644+0900"
      }, {
        "lat" : 33.887084,
        "lon" : 130.883,
        "time" : "20180223T230701+0900"
      }, {
        "lat" : 33.887315,
        "lon" : 130.88414,
        "time" : "20180223T230830+0900"
      }, {
        "lat" : 33.887323,
        "lon" : 130.88433,
        "time" : "20180223T230900+0900"
      }, {
        "lat" : 33.887324,
        "lon" : 130.88436,
        "time" : "20180223T231031+0900"
      }, {
        "lat" : 33.887313,
        "lon" : 130.88436,
        "time" : "20180223T231105+0900"
      }, {
        "lat" : 33.88741,
        "lon" : 130.88432,
        "time" : "20180223T231204+0900"
      } ]
    } ],
    "lastUpdate" : "20180223T145857Z"
  }, {
    "type" : "place",
    "startTime" : "20180223T231205+0900",
    "endTime" : "20180223T232026+0900",
    "place" : {
      "id" : 550882133,
      "type" : "unknown",
      "location" : {
        "lat" : 33.88741,
        "lon" : 130.88432
      }
    },
    "activities" : [ {
      "activity" : "walking",
      "group" : "walking",
      "manual" : false,
      "startTime" : "20180223T231246+0900",
      "endTime" : "20180223T231409+0900",
      "duration" : 83.0,
      "distance" : 63.0,
      "steps" : 126,
      "calories" : 3,
      "trackPoints" : [ ]
    } ],
    "lastUpdate" : "20180223T145857Z"
  }, {
    "type" : "move",
    "startTime" : "20180223T232026+0900",
    "endTime" : "20180223T232732+0900",
    "activities" : [ {
      "activity" : "walking",
      "group" : "walking",
      "manual" : false,
      "startTime" : "20180223T232026+0900",
      "endTime" : "20180223T232732+0900",
      "duration" : 426.0,
      "distance" : 297.0,
      "steps" : 594,
      "calories" : 16,
      "trackPoints" : [ {
        "lat" : 33.88741,
        "lon" : 130.88432,
        "time" : "20180223T232026+0900"
      }, {
        "lat" : 33.887253,
        "lon" : 130.88437,
        "time" : "20180223T232101+0900"
      }, {
        "lat" : 33.887233,
        "lon" : 130.88434,
        "time" : "20180223T232139+0900"
      }, {
        "lat" : 33.887214,
        "lon" : 130.88432,
        "time" : "20180223T232253+0900"
      }, {
        "lat" : 33.887265,
        "lon" : 130.8844,
        "time" : "20180223T232338+0900"
      }, {
        "lat" : 33.887328,
        "lon" : 130.88434,
        "time" : "20180223T232400+0900"
      }, {
        "lat" : 33.887361,
        "lon" : 130.88427,
        "time" : "20180223T232416+0900"
      }, {
        "lat" : 33.887391,
        "lon" : 130.88421,
        "time" : "20180223T232432+0900"
      }, {
        "lat" : 33.887429,
        "lon" : 130.88415,
        "time" : "20180223T232450+0900"
      }, {
        "lat" : 33.887511,
        "lon" : 130.88403,
        "time" : "20180223T232518+0900"
      }, {
        "lat" : 33.88757,
        "lon" : 130.88393,
        "time" : "20180223T232535+0900"
      }, {
        "lat" : 33.887649,
        "lon" : 130.88377,
        "time" : "20180223T232555+0900"
      }, {
        "lat" : 33.887741,
        "lon" : 130.88356,
        "time" : "20180223T232619+0900"
      }, {
        "lat" : 33.887852,
        "lon" : 130.88325,
        "time" : "20180223T232648+0900"
      }, {
        "lat" : 33.88762,
        "lon" : 130.88312,
        "time" : "20180223T232732+0900"
      } ]
    } ],
    "lastUpdate" : "20180223T145857Z"
  }, {
    "type" : "place",
    "startTime" : "20180223T232733+0900",
    "endTime" : "20180224T000445+0900",
    "place" : {
      "id" : 573537513,
      "type" : "unknown",
      "location" : {
        "lat" : 33.88762,
        "lon" : 130.88312
      }
    },
    "activities" : [ {
      "activity" : "walking",
      "group" : "walking",
      "manual" : false,
      "startTime" : "20180223T232733+0900",
      "endTime" : "20180223T233215+0900",
      "duration" : 282.0,
      "distance" : 317.0,
      "steps" : 423,
      "calories" : 18,
      "trackPoints" : [ ]
    } ],
    "lastUpdate" : "20180223T163300Z"
  } ],
  "caloriesIdle" : 1591,
  "lastUpdate" : "20180223T163300Z"
} ]