[ {
  "date" : "20160816",
  "summary" : [ {
    "activity" : "walking",
    "group" : "walking",
    "duration" : 8.0,
    "distance" : 4.0,
    "steps" : 0,
    "calories" : 0
  }, {
    "activity" : "transport",
    "group" : "transport",
    "duration" : 2909.0,
    "distance" : 0.0
  } ],
  "segments" : [ {
    "type" : "off",
    "startTime" : "20160816T163843+0900",
    "endTime" : "20160817T150814+0900",
    "activities" : [ {
      "activity" : "walking",
      "group" : "walking",
      "manual" : false,
      "startTime" : "20160816T170356+0900",
      "endTime" : "20160816T170404+0900",
      "duration" : 8.0,
      "distance" : 4.0,
      "steps" : 0,
      "calories" : 0,
      "trackPoints" : [ {
        "lat" : 35.713174,
        "lon" : 139.7293,
        "time" : "20160816T170356+0900"
      }, {
        "lat" : 35.713174,
        "lon" : 139.7293,
        "time" : "20160816T170405+0900"
      } ]
    }, {
      "activity" : "transport",
      "group" : "transport",
      "manual" : false,
      "startTime" : "20160816T170405+0900",
      "endTime" : "20160816T173629+0900",
      "duration" : 1944.0,
      "distance" : 0.0,
      "trackPoints" : [ {
        "lat" : 35.713174,
        "lon" : 139.7293,
        "time" : "20160816T170405+0900"
      }, {
        "lat" : 35.713174,
        "lon" : 139.7293,
        "time" : "20160816T173629+0900"
      } ]
    }, {
      "activity" : "transport",
      "group" : "transport",
      "manual" : false,
      "startTime" : "20160816T192023+0900",
      "endTime" : "20160816T192447+0900",
      "duration" : 264.0,
      "distance" : 0.0,
      "trackPoints" : [ {
        "lat" : 35.713174,
        "lon" : 139.7293,
        "time" : "20160816T192023+0900"
      }, {
        "lat" : 35.713174,
        "lon" : 139.7293,
        "time" : "20160816T192447+0900"
      } ]
    }, {
      "activity" : "transport",
      "group" : "transport",
      "manual" : false,
      "startTime" : "20160816T210237+0900",
      "endTime" : "20160816T210729+0900",
      "duration" : 292.0,
      "distance" : 0.0,
      "trackPoints" : [ {
        "lat" : 35.713174,
        "lon" : 139.7293,
        "time" : "20160816T210237+0900"
      }, {
        "lat" : 35.713174,
        "lon" : 139.7293,
        "time" : "20160816T210729+0900"
      } ]
    }, {
      "activity" : "transport",
      "group" : "transport",
      "manual" : false,
      "startTime" : "20160816T232813+0900",
      "endTime" : "20160816T233502+0900",
      "duration" : 409.0,
      "distance" : 0.0,
      "trackPoints" : [ {
        "lat" : 35.713174,
        "lon" : 139.7293,
        "time" : "20160816T232813+0900"
      }, {
        "lat" : 35.713174,
        "lon" : 139.7293,
        "time" : "20160816T233502+0900"
      } ]
    } ],
    "lastUpdate" : "20160817T073845Z"
  } ],
  "caloriesIdle" : 1601,
  "lastUpdate" : "20160817T073845Z"
} ]