[ {
  "date" : "20160704",
  "summary" : [ {
    "activity" : "walking",
    "group" : "walking",
    "duration" : 679.0,
    "distance" : 539.0,
    "steps" : 786,
    "calories" : 30
  }, {
    "activity" : "transport",
    "group" : "transport",
    "duration" : 149.0,
    "distance" : 0.0
  }, {
    "activity" : "cycling",
    "group" : "cycling",
    "duration" : 591.0,
    "distance" : 2388.0,
    "calories" : 60
  } ],
  "segments" : [ {
    "type" : "off",
    "startTime" : "20160703T160724+0900",
    "endTime" : "20160704T143238+0900",
    "activities" : [ {
      "activity" : "walking",
      "group" : "walking",
      "manual" : false,
      "startTime" : "20160704T021311+0900",
      "endTime" : "20160704T021311+0900",
      "duration" : 0.0,
      "distance" : 0.0,
      "steps" : 1,
      "calories" : 0,
      "trackPoints" : [ {
        "lat" : 43.082854,
        "lon" : 141.3448,
        "time" : "20160704T021311+0900"
      }, {
        "lat" : 43.082854,
        "lon" : 141.3448,
        "time" : "20160704T021312+0900"
      } ]
    }, {
      "activity" : "walking",
      "group" : "walking",
      "manual" : false,
      "startTime" : "20160704T045711+0900",
      "endTime" : "20160704T045711+0900",
      "duration" : 0.0,
      "distance" : 0.0,
      "steps" : 1,
      "calories" : 0,
      "trackPoints" : [ {
        "lat" : 43.082854,
        "lon" : 141.3448,
        "time" : "20160704T045711+0900"
      }, {
        "lat" : 43.082854,
        "lon" : 141.3448,
        "time" : "20160704T045712+0900"
      } ]
    }, {
      "activity" : "walking",
      "group" : "walking",
      "manual" : false,
      "startTime" : "20160704T052828+0900",
      "endTime" : "20160704T053100+0900",
      "duration" : 152.0,
      "distance" : 76.0,
      "steps" : 0,
      "calories" : 4,
      "trackPoints" : [ {
        "lat" : 43.082854,
        "lon" : 141.3448,
        "time" : "20160704T052828+0900"
      }, {
        "lat" : 43.082854,
        "lon" : 141.3448,
        "time" : "20160704T053101+0900"
      } ]
    }, {
      "activity" : "walking",
      "group" : "walking",
      "manual" : false,
      "startTime" : "20160704T074111+0900",
      "endTime" : "20160704T074111+0900",
      "duration" : 0.0,
      "distance" : 0.0,
      "steps" : 1,
      "calories" : 0,
      "trackPoints" : [ {
        "lat" : 43.082854,
        "lon" : 141.3448,
        "time" : "20160704T074111+0900"
      }, {
        "lat" : 43.082854,
        "lon" : 141.3448,
        "time" : "20160704T074112+0900"
      } ]
    }, {
      "activity" : "walking",
      "group" : "walking",
      "manual" : false,
      "startTime" : "20160704T102511+0900",
      "endTime" : "20160704T102511+0900",
      "duration" : 0.0,
      "distance" : 0.0,
      "steps" : 1,
      "calories" : 0,
      "trackPoints" : [ {
        "lat" : 43.082854,
        "lon" : 141.3448,
        "time" : "20160704T102511+0900"
      }, {
        "lat" : 43.082854,
        "lon" : 141.3448,
        "time" : "20160704T102512+0900"
      } ]
    }, {
      "activity" : "walking",
      "group" : "walking",
      "manual" : false,
      "startTime" : "20160704T130911+0900",
      "endTime" : "20160704T130911+0900",
      "duration" : 0.0,
      "distance" : 0.0,
      "steps" : 1,
      "calories" : 0,
      "trackPoints" : [ {
        "lat" : 43.082854,
        "lon" : 141.3448,
        "time" : "20160704T130911+0900"
      }, {
        "lat" : 43.082854,
        "lon" : 141.3448,
        "time" : "20160704T130912+0900"
      } ]
    }, {
      "activity" : "transport",
      "group" : "transport",
      "manual" : false,
      "startTime" : "20160704T131017+0900",
      "endTime" : "20160704T131246+0900",
      "duration" : 149.0,
      "distance" : 0.0,
      "trackPoints" : [ {
        "lat" : 43.082854,
        "lon" : 141.3448,
        "time" : "20160704T131017+0900"
      }, {
        "lat" : 43.082854,
        "lon" : 141.3448,
        "time" : "20160704T131247+0900"
      } ]
    }, {
      "activity" : "walking",
      "group" : "walking",
      "manual" : false,
      "startTime" : "20160704T143101+0900",
      "endTime" : "20160704T143121+0900",
      "duration" : 20.0,
      "distance" : 13.0,
      "steps" : 27,
      "calories" : 1,
      "trackPoints" : [ {
        "lat" : 43.082854,
        "lon" : 141.3448,
        "time" : "20160704T143101+0900"
      }, {
        "lat" : 43.082854,
        "lon" : 141.3448,
        "time" : "20160704T143122+0900"
      } ]
    }, {
      "activity" : "walking",
      "group" : "walking",
      "manual" : false,
      "startTime" : "20160704T143143+0900",
      "endTime" : "20160704T143229+0900",
      "duration" : 46.0,
      "distance" : 31.0,
      "steps" : 62,
      "calories" : 2,
      "trackPoints" : [ {
        "lat" : 43.082854,
        "lon" : 141.3448,
        "time" : "20160704T143143+0900"
      }, {
        "lat" : 43.082854,
        "lon" : 141.3448,
        "time" : "20160704T143230+0900"
      } ]
    }, {
      "activity" : "walking",
      "group" : "walking",
      "manual" : false,
      "startTime" : "20160704T143234+0900",
      "endTime" : "20160704T143417+0900",
      "duration" : 103.0,
      "distance" : 86.0,
      "steps" : 172,
      "calories" : 5,
      "trackPoints" : [ {
        "lat" : 43.082854,
        "lon" : 141.3448,
        "time" : "20160704T143234+0900"
      }, {
        "lat" : 43.082854,
        "lon" : 141.3448,
        "time" : "20160704T143238+0900"
      } ]
    } ],
    "lastUpdate" : "20160704T070726Z"
  }, {
    "type" : "move",
    "startTime" : "20160704T143238+0900",
    "endTime" : "20160704T143655+0900",
    "activities" : [ {
      "activity" : "cycling",
      "group" : "cycling",
      "manual" : false,
      "startTime" : "20160704T143238+0900",
      "endTime" : "20160704T143654+0900",
      "duration" : 256.0,
      "distance" : 1040.0,
      "calories" : 26,
      "trackPoints" : [ {
        "lat" : 43.082854,
        "lon" : 141.3448,
        "time" : "20160704T143238+0900"
      }, {
        "lat" : 43.081479,
        "lon" : 141.34481,
        "time" : "20160704T143303+0900"
      }, {
        "lat" : 43.081181,
        "lon" : 141.34293,
        "time" : "20160704T143356+0900"
      }, {
        "lat" : 43.081196,
        "lon" : 141.34279,
        "time" : "20160704T143422+0900"
      }, {
        "lat" : 43.081155,
        "lon" : 141.34259,
        "time" : "20160704T143444+0900"
      }, {
        "lat" : 43.080848,
        "lon" : 141.34195,
        "time" : "20160704T143501+0900"
      }, {
        "lat" : 43.079756,
        "lon" : 141.34076,
        "time" : "20160704T143526+0900"
      }, {
        "lat" : 43.078564,
        "lon" : 141.34044,
        "time" : "20160704T143556+0900"
      }, {
        "lat" : 43.077788,
        "lon" : 141.33983,
        "time" : "20160704T143620+0900"
      }, {
        "lat" : 43.076962,
        "lon" : 141.33952,
        "time" : "20160704T143639+0900"
      }, {
        "lat" : 43.076435,
        "lon" : 141.33918,
        "time" : "20160704T143655+0900"
      } ]
    } ],
    "lastUpdate" : "20160704T070726Z"
  }, {
    "type" : "place",
    "startTime" : "20160704T143655+0900",
    "endTime" : "20160704T161440+0900",
    "place" : {
      "id" : 259240182,
      "type" : "unknown",
      "location" : {
        "lat" : 43.076435,
        "lon" : 141.33918
      }
    },
    "activities" : [ {
      "activity" : "walking",
      "group" : "walking",
      "manual" : false,
      "startTime" : "20160704T143655+0900",
      "endTime" : "20160704T143835+0900",
      "duration" : 100.0,
      "distance" : 73.0,
      "steps" : 147,
      "calories" : 4,
      "trackPoints" : [ ]
    }, {
      "activity" : "walking",
      "group" : "walking",
      "manual" : false,
      "startTime" : "20160704T161138+0900",
      "endTime" : "20160704T161458+0900",
      "duration" : 200.0,
      "distance" : 221.0,
      "steps" : 295,
      "calories" : 12,
      "trackPoints" : [ ]
    } ],
    "lastUpdate" : "20160704T083745Z"
  }, {
    "type" : "move",
    "startTime" : "20160704T161440+0900",
    "endTime" : "20160704T162016+0900",
    "activities" : [ {
      "activity" : "cycling",
      "group" : "cycling",
      "manual" : false,
      "startTime" : "20160704T161440+0900",
      "endTime" : "20160704T162015+0900",
      "duration" : 335.0,
      "distance" : 1348.0,
      "calories" : 34,
      "trackPoints" : [ {
        "lat" : 43.076435,
        "lon" : 141.33918,
        "time" : "20160704T161440+0900"
      }, {
        "lat" : 43.078188,
        "lon" : 141.34114,
        "time" : "20160704T161525+0900"
      }, {
        "lat" : 43.078849,
        "lon" : 141.34105,
        "time" : "20160704T161545+0900"
      }, {
        "lat" : 43.07924,
        "lon" : 141.34132,
        "time" : "20160704T161603+0900"
      }, {
        "lat" : 43.081564,
        "lon" : 141.34257,
        "time" : "20160704T161741+0900"
      }, {
        "lat" : 43.081803,
        "lon" : 141.34225,
        "time" : "20160704T161757+0900"
      }, {
        "lat" : 43.082118,
        "lon" : 141.34187,
        "time" : "20160704T161813+0900"
      }, {
        "lat" : 43.082898,
        "lon" : 141.34193,
        "time" : "20160704T161838+0900"
      }, {
        "lat" : 43.083248,
        "lon" : 141.34247,
        "time" : "20160704T161856+0900"
      }, {
        "lat" : 43.083609,
        "lon" : 141.34301,
        "time" : "20160704T161915+0900"
      }, {
        "lat" : 43.083561,
        "lon" : 141.34375,
        "time" : "20160704T161933+0900"
      }, {
        "lat" : 43.083961,
        "lon" : 141.34455,
        "time" : "20160704T161952+0900"
      }, {
        "lat" : 43.084886,
        "lon" : 141.3453,
        "time" : "20160704T162016+0900"
      } ]
    } ],
    "lastUpdate" : "20160704T083745Z"
  }, {
    "type" : "place",
    "startTime" : "20160704T162016+0900",
    "endTime" : "20160705T102520+0900",
    "place" : {
      "id" : 257240275,
      "type" : "unknown",
      "location" : {
        "lat" : 43.084886,
        "lon" : 141.3453
      }
    },
    "activities" : [ {
      "activity" : "walking",
      "group" : "walking",
      "manual" : false,
      "startTime" : "20160704T162034+0900",
      "endTime" : "20160704T162132+0900",
      "duration" : 58.0,
      "distance" : 39.0,
      "steps" : 78,
      "calories" : 2,
      "trackPoints" : [ ]
    } ],
    "lastUpdate" : "20160705T014216Z"
  } ],
  "caloriesIdle" : 1601,
  "lastUpdate" : "20160705T014216Z"
} ]