[ {
  "date" : "20141003",
  "summary" : [ {
    "activity" : "walking",
    "group" : "walking",
    "duration" : 5218.0,
    "distance" : 6650.0,
    "steps" : 8772,
    "calories" : 395
  }, {
    "activity" : "transport",
    "group" : "transport",
    "duration" : 13712.0,
    "distance" : 153732.0
  } ],
  "segments" : [ {
    "type" : "place",
    "startTime" : "20141002T193031+0900",
    "endTime" : "20141003T113235+0900",
    "place" : {
      "id" : 98345442,
      "type" : "unknown",
      "location" : {
        "lat" : 35.7168392789,
        "lon" : 139.7283806079
      }
    },
    "activities" : [ {
      "activity" : "walking",
      "group" : "walking",
      "manual" : false,
      "startTime" : "20141003T063434+0900",
      "endTime" : "20141003T063504+0900",
      "duration" : 30.0,
      "distance" : 15.0,
      "steps" : 20,
      "calories" : 1,
      "trackPoints" : [ ]
    }, {
      "activity" : "walking",
      "group" : "walking",
      "manual" : false,
      "startTime" : "20141003T110038+0900",
      "endTime" : "20141003T110138+0900",
      "duration" : 60.0,
      "distance" : 46.0,
      "steps" : 91,
      "calories" : 3,
      "trackPoints" : [ ]
    } ],
    "lastUpdate" : "20141003T094159Z"
  }, {
    "type" : "move",
    "startTime" : "20141003T113235+0900",
    "endTime" : "20141003T125821+0900",
    "activities" : [ {
      "activity" : "walking",
      "group" : "walking",
      "manual" : false,
      "startTime" : "20141003T113235+0900",
      "endTime" : "20141003T113819+0900",
      "duration" : 344.0,
      "distance" : 228.0,
      "steps" : 457,
      "calories" : 14,
      "trackPoints" : [ {
        "lat" : 35.7168392789,
        "lon" : 139.7283806079,
        "time" : "20141003T113235+0900"
      }, {
        "lat" : 35.7168382222,
        "lon" : 139.7285213065,
        "time" : "20141003T113429+0900"
      }, {
        "lat" : 35.7168661456,
        "lon" : 139.7285320179,
        "time" : "20141003T113444+0900"
      }, {
        "lat" : 35.7169456976,
        "lon" : 139.7285591912,
        "time" : "20141003T113507+0900"
      }, {
        "lat" : 35.717077625,
        "lon" : 139.7285183872,
        "time" : "20141003T113527+0900"
      }, {
        "lat" : 35.7172333371,
        "lon" : 139.728461596,
        "time" : "20141003T113544+0900"
      }, {
        "lat" : 35.7177392884,
        "lon" : 139.7281189218,
        "time" : "20141003T113607+0900"
      }, {
        "lat" : 35.7178781818,
        "lon" : 139.7280876744,
        "time" : "20141003T113626+0900"
      }, {
        "lat" : 35.7179922713,
        "lon" : 139.7280497199,
        "time" : "20141003T113644+0900"
      }, {
        "lat" : 35.7179821884,
        "lon" : 139.7280729565,
        "time" : "20141003T113713+0900"
      }, {
        "lat" : 35.717961729,
        "lon" : 139.7281009,
        "time" : "20141003T113740+0900"
      }, {
        "lat" : 35.7178146862,
        "lon" : 139.7282392465,
        "time" : "20141003T113819+0900"
      } ]
    }, {
      "activity" : "transport",
      "group" : "transport",
      "manual" : false,
      "startTime" : "20141003T113819+0900",
      "endTime" : "20141003T114755+0900",
      "duration" : 576.0,
      "distance" : 2580.0,
      "trackPoints" : [ {
        "lat" : 35.7178146862,
        "lon" : 139.7282392465,
        "time" : "20141003T113819+0900"
      }, {
        "lat" : 35.7161890643,
        "lon" : 139.7297200679,
        "time" : "20141003T114309+0900"
      }, {
        "lat" : 35.7016119516,
        "lon" : 139.7430426344,
        "time" : "20141003T114755+0900"
      } ]
    }, {
      "activity" : "walking",
      "group" : "walking",
      "manual" : false,
      "startTime" : "20141003T114755+0900",
      "endTime" : "20141003T115156+0900",
      "duration" : 241.0,
      "distance" : 372.0,
      "steps" : 451,
      "calories" : 22,
      "trackPoints" : [ {
        "lat" : 35.7016119516,
        "lon" : 139.7430426344,
        "time" : "20141003T114755+0900"
      }, {
        "lat" : 35.701389044,
        "lon" : 139.7432463881,
        "time" : "20141003T114816+0900"
      }, {
        "lat" : 35.7020873042,
        "lon" : 139.7442268406,
        "time" : "20141003T114834+0900"
      }, {
        "lat" : 35.7021676895,
        "lon" : 139.7443193536,
        "time" : "20141003T114908+0900"
      }, {
        "lat" : 35.7021742412,
        "lon" : 139.7444981199,
        "time" : "20141003T114929+0900"
      }, {
        "lat" : 35.7020681753,
        "lon" : 139.7451840742,
        "time" : "20141003T114955+0900"
      }, {
        "lat" : 35.7020113884,
        "lon" : 139.7454838371,
        "time" : "20141003T115011+0900"
      }, {
        "lat" : 35.702001684,
        "lon" : 139.7455491189,
        "time" : "20141003T115032+0900"
      }, {
        "lat" : 35.7020640102,
        "lon" : 139.7453294434,
        "time" : "20141003T115056+0900"
      }, {
        "lat" : 35.7019467459,
        "lon" : 139.745098468,
        "time" : "20141003T115132+0900"
      }, {
        "lat" : 35.7021275566,
        "lon" : 139.7451862744,
        "time" : "20141003T115156+0900"
      } ]
    }, {
      "activity" : "transport",
      "group" : "transport",
      "manual" : false,
      "startTime" : "20141003T115156+0900",
      "endTime" : "20141003T115956+0900",
      "duration" : 480.0,
      "distance" : 2675.0,
      "trackPoints" : [ {
        "lat" : 35.7021275566,
        "lon" : 139.7451862744,
        "time" : "20141003T115156+0900"
      }, {
        "lat" : 35.7023184729,
        "lon" : 139.7451654042,
        "time" : "20141003T115225+0900"
      }, {
        "lat" : 35.7022217213,
        "lon" : 139.7454084791,
        "time" : "20141003T115410+0900"
      }, {
        "lat" : 35.7024950334,
        "lon" : 139.7481847826,
        "time" : "20141003T115433+0900"
      }, {
        "lat" : 35.7022608769,
        "lon" : 139.7510836952,
        "time" : "20141003T115449+0900"
      }, {
        "lat" : 35.7020740899,
        "lon" : 139.75350683,
        "time" : "20141003T115505+0900"
      }, {
        "lat" : 35.7020137231,
        "lon" : 139.7541217658,
        "time" : "20141003T115526+0900"
      }, {
        "lat" : 35.7020252011,
        "lon" : 139.7542833903,
        "time" : "20141003T115546+0900"
      }, {
        "lat" : 35.7020152737,
        "lon" : 139.7543532656,
        "time" : "20141003T115602+0900"
      }, {
        "lat" : 35.7014090675,
        "lon" : 139.7580573821,
        "time" : "20141003T115631+0900"
      }, {
        "lat" : 35.7011271104,
        "lon" : 139.7616789286,
        "time" : "20141003T115657+0900"
      }, {
        "lat" : 35.6999814051,
        "lon" : 139.7636746055,
        "time" : "20141003T115716+0900"
      }, {
        "lat" : 35.6996148889,
        "lon" : 139.765377021,
        "time" : "20141003T115738+0900"
      }, {
        "lat" : 35.6995395453,
        "lon" : 139.7655444255,
        "time" : "20141003T115755+0900"
      }, {
        "lat" : 35.6994905676,
        "lon" : 139.7655411409,
        "time" : "20141003T115816+0900"
      }, {
        "lat" : 35.6994511732,
        "lon" : 139.7655650963,
        "time" : "20141003T115832+0900"
      }, {
        "lat" : 35.6991006439,
        "lon" : 139.7669686019,
        "time" : "20141003T115852+0900"
      }, {
        "lat" : 35.6985763638,
        "lon" : 139.7712849581,
        "time" : "20141003T115917+0900"
      }, {
        "lat" : 35.6983723633,
        "lon" : 139.7733211258,
        "time" : "20141003T115941+0900"
      }, {
        "lat" : 35.6984303478,
        "lon" : 139.773539302,
        "time" : "20141003T115956+0900"
      } ]
    }, {
      "activity" : "walking",
      "group" : "walking",
      "manual" : false,
      "startTime" : "20141003T115956+0900",
      "endTime" : "20141003T120357+0900",
      "duration" : 241.0,
      "distance" : 616.0,
      "steps" : 518,
      "calories" : 37,
      "trackPoints" : [ {
        "lat" : 35.6984303478,
        "lon" : 139.773539302,
        "time" : "20141003T115956+0900"
      }, {
        "lat" : 35.6984304668,
        "lon" : 139.7735644649,
        "time" : "20141003T115959+0900"
      }, {
        "lat" : 35.6984304671,
        "lon" : 139.7735645368,
        "time" : "20141003T120000+0900"
      }, {
        "lat" : 35.6984309847,
        "lon" : 139.7736740249,
        "time" : "20141003T120015+0900"
      }, {
        "lat" : 35.6984088871,
        "lon" : 139.7737014863,
        "time" : "20141003T120030+0900"
      }, {
        "lat" : 35.6983622154,
        "lon" : 139.7737595063,
        "time" : "20141003T120056+0900"
      }, {
        "lat" : 35.6981337439,
        "lon" : 139.7739217436,
        "time" : "20141003T120126+0900"
      }, {
        "lat" : 35.6982950746,
        "lon" : 139.7738785051,
        "time" : "20141003T120144+0900"
      }, {
        "lat" : 35.6986723378,
        "lon" : 139.7737488743,
        "time" : "20141003T120205+0900"
      }, {
        "lat" : 35.6988333396,
        "lon" : 139.7737019314,
        "time" : "20141003T120232+0900"
      }, {
        "lat" : 35.6988761163,
        "lon" : 139.7737128524,
        "time" : "20141003T120248+0900"
      }, {
        "lat" : 35.6989462488,
        "lon" : 139.7737918519,
        "time" : "20141003T120306+0900"
      }, {
        "lat" : 35.7046293464,
        "lon" : 139.7786336883,
        "time" : "20141003T120356+0900"
      } ]
    }, {
      "activity" : "transport",
      "group" : "transport",
      "manual" : false,
      "startTime" : "20141003T120356+0900",
      "endTime" : "20141003T124549+0900",
      "duration" : 2513.0,
      "distance" : 56219.0,
      "trackPoints" : [ {
        "lat" : 35.7046293464,
        "lon" : 139.7786336883,
        "time" : "20141003T120356+0900"
      }, {
        "lat" : 35.8086608382,
        "lon" : 139.8684140249,
        "time" : "20141003T120828+0900"
      }, {
        "lat" : 35.7332888134,
        "lon" : 139.799062084,
        "time" : "20141003T121133+0900"
      }, {
        "lat" : 35.7333044116,
        "lon" : 139.7989073707,
        "time" : "20141003T121159+0900"
      }, {
        "lat" : 35.7333606614,
        "lon" : 139.7989286495,
        "time" : "20141003T121223+0900"
      }, {
        "lat" : 35.7331823646,
        "lon" : 139.7988438647,
        "time" : "20141003T121241+0900"
      }, {
        "lat" : 35.7335500269,
        "lon" : 139.7990120685,
        "time" : "20141003T121302+0900"
      }, {
        "lat" : 35.74051715,
        "lon" : 139.802030479,
        "time" : "20141003T121320+0900"
      }, {
        "lat" : 35.7455974669,
        "lon" : 139.8036698091,
        "time" : "20141003T121340+0900"
      }, {
        "lat" : 35.7495424552,
        "lon" : 139.8053604504,
        "time" : "20141003T121358+0900"
      }, {
        "lat" : 35.7495424552,
        "lon" : 139.8053604504,
        "time" : "20141003T121421+0900"
      }, {
        "lat" : 35.7495424552,
        "lon" : 139.8053604504,
        "time" : "20141003T121444+0900"
      }, {
        "lat" : 35.7495424552,
        "lon" : 139.8053604504,
        "time" : "20141003T121506+0900"
      }, {
        "lat" : 35.7498109005,
        "lon" : 139.8054233827,
        "time" : "20141003T121526+0900"
      }, {
        "lat" : 35.7536596012,
        "lon" : 139.8064228663,
        "time" : "20141003T121542+0900"
      }, {
        "lat" : 35.7597438224,
        "lon" : 139.8121418266,
        "time" : "20141003T121622+0900"
      }, {
        "lat" : 35.7601106179,
        "lon" : 139.8127480033,
        "time" : "20141003T121641+0900"
      }, {
        "lat" : 35.8030493336,
        "lon" : 139.8371369448,
        "time" : "20141003T122234+0900"
      }, {
        "lat" : 35.8052484041,
        "lon" : 139.8412584955,
        "time" : "20141003T122254+0900"
      }, {
        "lat" : 35.8071298351,
        "lon" : 139.8434380785,
        "time" : "20141003T122309+0900"
      }, {
        "lat" : 35.8078019096,
        "lon" : 139.8447050929,
        "time" : "20141003T122328+0900"
      }, {
        "lat" : 35.807973842,
        "lon" : 139.8449060189,
        "time" : "20141003T122351+0900"
      }, {
        "lat" : 35.8080570511,
        "lon" : 139.8450043933,
        "time" : "20141003T122409+0900"
      }, {
        "lat" : 35.8118809023,
        "lon" : 139.8503537053,
        "time" : "20141003T122441+0900"
      }, {
        "lat" : 35.8150709678,
        "lon" : 139.8554816653,
        "time" : "20141003T122456+0900"
      }, {
        "lat" : 35.8180381251,
        "lon" : 139.8612520208,
        "time" : "20141003T122515+0900"
      }, {
        "lat" : 35.8194322286,
        "lon" : 139.8671332254,
        "time" : "20141003T122531+0900"
      }, {
        "lat" : 35.8206920261,
        "lon" : 139.8728663041,
        "time" : "20141003T122547+0900"
      }, {
        "lat" : 35.8219523115,
        "lon" : 139.8755978808,
        "time" : "20141003T122602+0900"
      }, {
        "lat" : 35.824295831,
        "lon" : 139.8781929706,
        "time" : "20141003T122635+0900"
      }, {
        "lat" : 35.8245822162,
        "lon" : 139.878415747,
        "time" : "20141003T122710+0900"
      }, {
        "lat" : 35.8258602298,
        "lon" : 139.8792440442,
        "time" : "20141003T122725+0900"
      }, {
        "lat" : 35.8293086995,
        "lon" : 139.8818773803,
        "time" : "20141003T122743+0900"
      }, {
        "lat" : 35.8311838592,
        "lon" : 139.8863404478,
        "time" : "20141003T122759+0900"
      }, {
        "lat" : 35.8327340726,
        "lon" : 139.894830809,
        "time" : "20141003T122824+0900"
      }, {
        "lat" : 35.8340999119,
        "lon" : 139.8974322211,
        "time" : "20141003T122843+0900"
      }, {
        "lat" : 35.8379623405,
        "lon" : 139.9034304984,
        "time" : "20141003T122915+0900"
      }, {
        "lat" : 35.8381662094,
        "lon" : 139.9036543982,
        "time" : "20141003T122935+0900"
      }, {
        "lat" : 35.8381214598,
        "lon" : 139.903630828,
        "time" : "20141003T123001+0900"
      }, {
        "lat" : 35.8546935962,
        "lon" : 139.9152361175,
        "time" : "20141003T123135+0900"
      }, {
        "lat" : 35.8546935962,
        "lon" : 139.9152361175,
        "time" : "20141003T123203+0900"
      }, {
        "lat" : 35.8546935962,
        "lon" : 139.9152361175,
        "time" : "20141003T123244+0900"
      }, {
        "lat" : 35.8582639076,
        "lon" : 139.9156290022,
        "time" : "20141003T123309+0900"
      }, {
        "lat" : 35.8667196449,
        "lon" : 139.9192905229,
        "time" : "20141003T123340+0900"
      }, {
        "lat" : 35.8695418642,
        "lon" : 139.9222705514,
        "time" : "20141003T123359+0900"
      }, {
        "lat" : 35.8717325322,
        "lon" : 139.9248430766,
        "time" : "20141003T123433+0900"
      }, {
        "lat" : 35.8718063337,
        "lon" : 139.9248583579,
        "time" : "20141003T123457+0900"
      }, {
        "lat" : 35.871836522,
        "lon" : 139.9249194734,
        "time" : "20141003T123521+0900"
      }, {
        "lat" : 35.8719349085,
        "lon" : 139.9252113137,
        "time" : "20141003T123543+0900"
      }, {
        "lat" : 35.8720856473,
        "lon" : 139.9255695448,
        "time" : "20141003T123608+0900"
      }, {
        "lat" : 35.8720901405,
        "lon" : 139.9256826673,
        "time" : "20141003T123634+0900"
      }, {
        "lat" : 35.8720783996,
        "lon" : 139.9257352288,
        "time" : "20141003T123652+0900"
      }, {
        "lat" : 35.872072294,
        "lon" : 139.9257830215,
        "time" : "20141003T123708+0900"
      }, {
        "lat" : 35.8720751932,
        "lon" : 139.9258259826,
        "time" : "20141003T123734+0900"
      }, {
        "lat" : 35.8720771212,
        "lon" : 139.9258594905,
        "time" : "20141003T123758+0900"
      }, {
        "lat" : 35.8720818392,
        "lon" : 139.9258853181,
        "time" : "20141003T123821+0900"
      }, {
        "lat" : 35.8720890157,
        "lon" : 139.9259072547,
        "time" : "20141003T123845+0900"
      }, {
        "lat" : 35.8720948538,
        "lon" : 139.9259203091,
        "time" : "20141003T123902+0900"
      }, {
        "lat" : 35.8739232533,
        "lon" : 139.9234330175,
        "time" : "20141003T123939+0900"
      }, {
        "lat" : 35.8770091753,
        "lon" : 139.921647013,
        "time" : "20141003T123956+0900"
      }, {
        "lat" : 35.8799809745,
        "lon" : 139.9200072067,
        "time" : "20141003T124013+0900"
      }, {
        "lat" : 35.882290054,
        "lon" : 139.9187591083,
        "time" : "20141003T124031+0900"
      }, {
        "lat" : 35.8838826544,
        "lon" : 139.917883634,
        "time" : "20141003T124052+0900"
      }, {
        "lat" : 35.8839380198,
        "lon" : 139.9178467813,
        "time" : "20141003T124108+0900"
      }, {
        "lat" : 35.8839792421,
        "lon" : 139.9178246236,
        "time" : "20141003T124124+0900"
      }, {
        "lat" : 35.8852342335,
        "lon" : 139.9171344183,
        "time" : "20141003T124143+0900"
      }, {
        "lat" : 35.8885594257,
        "lon" : 139.9153007733,
        "time" : "20141003T124204+0900"
      }, {
        "lat" : 35.891320144,
        "lon" : 139.9137844968,
        "time" : "20141003T124220+0900"
      }, {
        "lat" : 35.8939980921,
        "lon" : 139.912276544,
        "time" : "20141003T124236+0900"
      }, {
        "lat" : 35.896588049,
        "lon" : 139.9108434434,
        "time" : "20141003T124255+0900"
      }, {
        "lat" : 35.8972577216,
        "lon" : 139.9104755089,
        "time" : "20141003T124310+0900"
      }, {
        "lat" : 35.8974319286,
        "lon" : 139.9103835134,
        "time" : "20141003T124331+0900"
      }, {
        "lat" : 35.8982195362,
        "lon" : 139.9098783894,
        "time" : "20141003T124404+0900"
      }, {
        "lat" : 35.9030497993,
        "lon" : 139.9080127926,
        "time" : "20141003T124431+0900"
      }, {
        "lat" : 35.9062788311,
        "lon" : 139.9074179326,
        "time" : "20141003T124448+0900"
      }, {
        "lat" : 35.9104923508,
        "lon" : 139.9066898836,
        "time" : "20141003T124510+0900"
      }, {
        "lat" : 35.9136715901,
        "lon" : 139.9060985685,
        "time" : "20141003T124534+0900"
      }, {
        "lat" : 35.9140745298,
        "lon" : 139.9061008962,
        "time" : "20141003T124549+0900"
      } ]
    }, {
      "activity" : "walking",
      "group" : "walking",
      "manual" : false,
      "startTime" : "20141003T124549+0900",
      "endTime" : "20141003T125821+0900",
      "duration" : 752.0,
      "distance" : 1145.0,
      "steps" : 1234,
      "calories" : 68,
      "trackPoints" : [ {
        "lat" : 35.9140745298,
        "lon" : 139.9061008962,
        "time" : "20141003T124549+0900"
      }, {
        "lat" : 35.914234034,
        "lon" : 139.9060311102,
        "time" : "20141003T124605+0900"
      }, {
        "lat" : 35.9141708402,
        "lon" : 139.9060812671,
        "time" : "20141003T124625+0900"
      }, {
        "lat" : 35.9142068895,
        "lon" : 139.9061611759,
        "time" : "20141003T124643+0900"
      }, {
        "lat" : 35.914619023,
        "lon" : 139.9060707459,
        "time" : "20141003T124715+0900"
      }, {
        "lat" : 35.9148820919,
        "lon" : 139.9060093107,
        "time" : "20141003T124734+0900"
      }, {
        "lat" : 35.9155772692,
        "lon" : 139.9059906423,
        "time" : "20141003T124804+0900"
      }, {
        "lat" : 35.9157106593,
        "lon" : 139.9060087747,
        "time" : "20141003T124831+0900"
      }, {
        "lat" : 35.9162158507,
        "lon" : 139.905971174,
        "time" : "20141003T124854+0900"
      }, {
        "lat" : 35.9164264925,
        "lon" : 139.905961042,
        "time" : "20141003T124910+0900"
      }, {
        "lat" : 35.916664583,
        "lon" : 139.905977715,
        "time" : "20141003T124934+0900"
      }, {
        "lat" : 35.916750992,
        "lon" : 139.9059981801,
        "time" : "20141003T124949+0900"
      }, {
        "lat" : 35.9169571116,
        "lon" : 139.9061265825,
        "time" : "20141003T125012+0900"
      }, {
        "lat" : 35.9173851802,
        "lon" : 139.9063994885,
        "time" : "20141003T125035+0900"
      }, {
        "lat" : 35.9175483408,
        "lon" : 139.9067670015,
        "time" : "20141003T125053+0900"
      }, {
        "lat" : 35.9174918309,
        "lon" : 139.9069890059,
        "time" : "20141003T125109+0900"
      }, {
        "lat" : 35.9175391967,
        "lon" : 139.9076097847,
        "time" : "20141003T125136+0900"
      }, {
        "lat" : 35.917550048,
        "lon" : 139.9079472887,
        "time" : "20141003T125153+0900"
      }, {
        "lat" : 35.9175724683,
        "lon" : 139.9081735534,
        "time" : "20141003T125215+0900"
      }, {
        "lat" : 35.9177827862,
        "lon" : 139.9085102372,
        "time" : "20141003T125248+0900"
      }, {
        "lat" : 35.9177820695,
        "lon" : 139.9087191619,
        "time" : "20141003T125306+0900"
      }, {
        "lat" : 35.9177529954,
        "lon" : 139.9088758592,
        "time" : "20141003T125323+0900"
      }, {
        "lat" : 35.9177016463,
        "lon" : 139.9089774993,
        "time" : "20141003T125340+0900"
      }, {
        "lat" : 35.917895946,
        "lon" : 139.9090111231,
        "time" : "20141003T125400+0900"
      }, {
        "lat" : 35.9179824131,
        "lon" : 139.9090663644,
        "time" : "20141003T125423+0900"
      }, {
        "lat" : 35.9179830747,
        "lon" : 139.9091202554,
        "time" : "20141003T125439+0900"
      }, {
        "lat" : 35.9179905024,
        "lon" : 139.9091899024,
        "time" : "20141003T125455+0900"
      }, {
        "lat" : 35.9180100436,
        "lon" : 139.9092371613,
        "time" : "20141003T125511+0900"
      }, {
        "lat" : 35.9180228274,
        "lon" : 139.9092806696,
        "time" : "20141003T125531+0900"
      }, {
        "lat" : 35.9177159358,
        "lon" : 139.908992661,
        "time" : "20141003T125551+0900"
      }, {
        "lat" : 35.9177274634,
        "lon" : 139.9090081466,
        "time" : "20141003T125608+0900"
      }, {
        "lat" : 35.9178360877,
        "lon" : 139.9091377133,
        "time" : "20141003T125623+0900"
      }, {
        "lat" : 35.9181139215,
        "lon" : 139.9094966157,
        "time" : "20141003T125643+0900"
      }, {
        "lat" : 35.9187826401,
        "lon" : 139.9101718949,
        "time" : "20141003T125709+0900"
      }, {
        "lat" : 35.917968532,
        "lon" : 139.9094119749,
        "time" : "20141003T125733+0900"
      }, {
        "lat" : 35.9177421755,
        "lon" : 139.9092125599,
        "time" : "20141003T125803+0900"
      }, {
        "lat" : 35.917873525,
        "lon" : 139.9090083035,
        "time" : "20141003T125821+0900"
      } ]
    } ],
    "lastUpdate" : "20141003T094159Z"
  }, {
    "type" : "place",
    "startTime" : "20141003T125821+0900",
    "endTime" : "20141003T150309+0900",
    "place" : {
      "id" : 99523782,
      "type" : "unknown",
      "location" : {
        "lat" : 35.917873525,
        "lon" : 139.9090083035
      }
    },
    "activities" : [ {
      "activity" : "walking",
      "group" : "walking",
      "manual" : false,
      "startTime" : "20141003T130120+0900",
      "endTime" : "20141003T130220+0900",
      "duration" : 60.0,
      "distance" : 66.0,
      "steps" : 132,
      "calories" : 4,
      "trackPoints" : [ ]
    }, {
      "activity" : "walking",
      "group" : "walking",
      "manual" : false,
      "startTime" : "20141003T143912+0900",
      "endTime" : "20141003T144155+0900",
      "duration" : 163.0,
      "distance" : 181.0,
      "steps" : 242,
      "calories" : 11,
      "trackPoints" : [ ]
    } ],
    "lastUpdate" : "20141003T094159Z"
  }, {
    "type" : "move",
    "startTime" : "20141003T150309+0900",
    "endTime" : "20141003T160435+0900",
    "activities" : [ {
      "activity" : "walking",
      "group" : "walking",
      "manual" : false,
      "startTime" : "20141003T150309+0900",
      "endTime" : "20141003T151206+0900",
      "duration" : 537.0,
      "distance" : 778.0,
      "steps" : 994,
      "calories" : 46,
      "trackPoints" : [ {
        "lat" : 35.917873525,
        "lon" : 139.9090083035,
        "time" : "20141003T150309+0900"
      }, {
        "lat" : 35.9183144922,
        "lon" : 139.9091978141,
        "time" : "20141003T150327+0900"
      }, {
        "lat" : 35.9181845494,
        "lon" : 139.9089690896,
        "time" : "20141003T150402+0900"
      }, {
        "lat" : 35.9179554686,
        "lon" : 139.9088410652,
        "time" : "20141003T150434+0900"
      }, {
        "lat" : 35.917777765,
        "lon" : 139.9085344949,
        "time" : "20141003T150457+0900"
      }, {
        "lat" : 35.9175075517,
        "lon" : 139.9081280341,
        "time" : "20141003T150529+0900"
      }, {
        "lat" : 35.9173701374,
        "lon" : 139.9079050282,
        "time" : "20141003T150548+0900"
      }, {
        "lat" : 35.9173845343,
        "lon" : 139.9076634868,
        "time" : "20141003T150605+0900"
      }, {
        "lat" : 35.9173350012,
        "lon" : 139.9073783104,
        "time" : "20141003T150623+0900"
      }, {
        "lat" : 35.9169353881,
        "lon" : 139.9068319482,
        "time" : "20141003T150648+0900"
      }, {
        "lat" : 35.9166966827,
        "lon" : 139.9064061857,
        "time" : "20141003T150703+0900"
      }, {
        "lat" : 35.9168527051,
        "lon" : 139.9063115557,
        "time" : "20141003T150719+0900"
      }, {
        "lat" : 35.9166634415,
        "lon" : 139.9059296487,
        "time" : "20141003T150745+0900"
      }, {
        "lat" : 35.9163237204,
        "lon" : 139.9058893785,
        "time" : "20141003T150812+0900"
      }, {
        "lat" : 35.9159963122,
        "lon" : 139.905918754,
        "time" : "20141003T150833+0900"
      }, {
        "lat" : 35.9156626896,
        "lon" : 139.9058742614,
        "time" : "20141003T150908+0900"
      }, {
        "lat" : 35.9153794496,
        "lon" : 139.9058495012,
        "time" : "20141003T150931+0900"
      }, {
        "lat" : 35.9151378138,
        "lon" : 139.9059089324,
        "time" : "20141003T150946+0900"
      }, {
        "lat" : 35.9147656449,
        "lon" : 139.9059759081,
        "time" : "20141003T151003+0900"
      }, {
        "lat" : 35.9144072194,
        "lon" : 139.9061245164,
        "time" : "20141003T151023+0900"
      }, {
        "lat" : 35.9142007774,
        "lon" : 139.906170705,
        "time" : "20141003T151049+0900"
      }, {
        "lat" : 35.9140183106,
        "lon" : 139.9061433936,
        "time" : "20141003T151107+0900"
      }, {
        "lat" : 35.9139992723,
        "lon" : 139.9061188976,
        "time" : "20141003T151140+0900"
      }, {
        "lat" : 35.9141418691,
        "lon" : 139.9063088036,
        "time" : "20141003T151206+0900"
      } ]
    }, {
      "activity" : "transport",
      "group" : "transport",
      "manual" : false,
      "startTime" : "20141003T151206+0900",
      "endTime" : "20141003T152851+0900",
      "duration" : 1005.0,
      "distance" : 10347.0,
      "trackPoints" : [ {
        "lat" : 35.9141418691,
        "lon" : 139.9063088036,
        "time" : "20141003T151206+0900"
      }, {
        "lat" : 35.9142153823,
        "lon" : 139.9062595529,
        "time" : "20141003T151240+0900"
      }, {
        "lat" : 35.9141124644,
        "lon" : 139.9063058723,
        "time" : "20141003T151303+0900"
      }, {
        "lat" : 35.9141366767,
        "lon" : 139.9062963365,
        "time" : "20141003T151321+0900"
      }, {
        "lat" : 35.9141366767,
        "lon" : 139.9062963365,
        "time" : "20141003T151346+0900"
      }, {
        "lat" : 35.9141366267,
        "lon" : 139.9062962406,
        "time" : "20141003T151404+0900"
      }, {
        "lat" : 35.9141365985,
        "lon" : 139.906296128,
        "time" : "20141003T151422+0900"
      }, {
        "lat" : 35.9140235059,
        "lon" : 139.9062356235,
        "time" : "20141003T151454+0900"
      }, {
        "lat" : 35.8971429192,
        "lon" : 139.9105567345,
        "time" : "20141003T151751+0900"
      }, {
        "lat" : 35.8969165702,
        "lon" : 139.9106501379,
        "time" : "20141003T151822+0900"
      }, {
        "lat" : 35.8963541605,
        "lon" : 139.9109289308,
        "time" : "20141003T151838+0900"
      }, {
        "lat" : 35.8945962122,
        "lon" : 139.9119925358,
        "time" : "20141003T151854+0900"
      }, {
        "lat" : 35.8901383799,
        "lon" : 139.9144054137,
        "time" : "20141003T151920+0900"
      }, {
        "lat" : 35.8871912794,
        "lon" : 139.9160820749,
        "time" : "20141003T151937+0900"
      }, {
        "lat" : 35.8850272712,
        "lon" : 139.9172674486,
        "time" : "20141003T151953+0900"
      }, {
        "lat" : 35.8837100438,
        "lon" : 139.9179790968,
        "time" : "20141003T152012+0900"
      }, {
        "lat" : 35.8835749525,
        "lon" : 139.9180506967,
        "time" : "20141003T152036+0900"
      }, {
        "lat" : 35.8835420734,
        "lon" : 139.9181073867,
        "time" : "20141003T152052+0900"
      }, {
        "lat" : 35.882634117,
        "lon" : 139.9186193692,
        "time" : "20141003T152108+0900"
      }, {
        "lat" : 35.8807606221,
        "lon" : 139.9196109349,
        "time" : "20141003T152124+0900"
      }, {
        "lat" : 35.8781095568,
        "lon" : 139.9211115357,
        "time" : "20141003T152140+0900"
      }, {
        "lat" : 35.8752204489,
        "lon" : 139.9227312186,
        "time" : "20141003T152156+0900"
      }, {
        "lat" : 35.8722849382,
        "lon" : 139.9255111501,
        "time" : "20141003T152222+0900"
      }, {
        "lat" : 35.8717595462,
        "lon" : 139.9265680479,
        "time" : "20141003T152242+0900"
      }, {
        "lat" : 35.8717671288,
        "lon" : 139.9265743616,
        "time" : "20141003T152258+0900"
      }, {
        "lat" : 35.8717867971,
        "lon" : 139.9266641779,
        "time" : "20141003T152316+0900"
      }, {
        "lat" : 35.8711327841,
        "lon" : 139.9282963429,
        "time" : "20141003T152341+0900"
      }, {
        "lat" : 35.8700178525,
        "lon" : 139.9309987608,
        "time" : "20141003T152357+0900"
      }, {
        "lat" : 35.8598055328,
        "lon" : 139.9690135846,
        "time" : "20141003T152758+0900"
      }, {
        "lat" : 35.861556677,
        "lon" : 139.9701141109,
        "time" : "20141003T152822+0900"
      }, {
        "lat" : 35.8620487522,
        "lon" : 139.9706540945,
        "time" : "20141003T152851+0900"
      } ]
    }, {
      "activity" : "walking",
      "group" : "walking",
      "manual" : false,
      "startTime" : "20141003T152851+0900",
      "endTime" : "20141003T153051+0900",
      "duration" : 120.0,
      "distance" : 91.0,
      "steps" : 183,
      "calories" : 5,
      "trackPoints" : [ {
        "lat" : 35.8620487522,
        "lon" : 139.9706540945,
        "time" : "20141003T152851+0900"
      }, {
        "lat" : 35.862099621,
        "lon" : 139.9707107079,
        "time" : "20141003T152908+0900"
      }, {
        "lat" : 35.8622319555,
        "lon" : 139.9708747107,
        "time" : "20141003T152929+0900"
      }, {
        "lat" : 35.8622227059,
        "lon" : 139.9709013882,
        "time" : "20141003T152953+0900"
      }, {
        "lat" : 35.861951103,
        "lon" : 139.9706552354,
        "time" : "20141003T153032+0900"
      }, {
        "lat" : 35.8619284673,
        "lon" : 139.9706407118,
        "time" : "20141003T153051+0900"
      } ]
    }, {
      "activity" : "transport",
      "group" : "transport",
      "manual" : false,
      "startTime" : "20141003T153051+0900",
      "endTime" : "20141003T160436+0900",
      "duration" : 2025.0,
      "distance" : 20750.0,
      "trackPoints" : [ {
        "lat" : 35.8619284673,
        "lon" : 139.9706407118,
        "time" : "20141003T153051+0900"
      }, {
        "lat" : 35.8619007158,
        "lon" : 139.9706349451,
        "time" : "20141003T153107+0900"
      }, {
        "lat" : 35.8618687169,
        "lon" : 139.9706309451,
        "time" : "20141003T153124+0900"
      }, {
        "lat" : 35.8381600374,
        "lon" : 139.9670598167,
        "time" : "20141003T153806+0900"
      }, {
        "lat" : 35.8380789837,
        "lon" : 139.967129775,
        "time" : "20141003T153825+0900"
      }, {
        "lat" : 35.7247948392,
        "lon" : 139.9822497915,
        "time" : "20141003T155959+0900"
      }, {
        "lat" : 35.724793964,
        "lon" : 139.9822499083,
        "time" : "20141003T160000+0900"
      }, {
        "lat" : 35.7006393566,
        "lon" : 139.9854738199,
        "time" : "20141003T160435+0900"
      } ]
    } ],
    "lastUpdate" : "20141003T094159Z"
  }, {
    "type" : "place",
    "startTime" : "20141003T160436+0900",
    "endTime" : "20141003T161445+0900",
    "place" : {
      "id" : 99542035,
      "type" : "unknown",
      "location" : {
        "lat" : 35.7006393566,
        "lon" : 139.9854738199
      }
    },
    "activities" : [ {
      "activity" : "walking",
      "group" : "walking",
      "manual" : false,
      "startTime" : "20141003T160706+0900",
      "endTime" : "20141003T161437+0900",
      "duration" : 451.0,
      "distance" : 424.0,
      "steps" : 566,
      "calories" : 25,
      "trackPoints" : [ ]
    } ],
    "lastUpdate" : "20141003T094159Z"
  }, {
    "type" : "place",
    "startTime" : "20141003T161445+0900",
    "endTime" : "20141003T162934+0900",
    "place" : {
      "id" : 99551702,
      "type" : "unknown",
      "location" : {
        "lat" : 35.7002045413,
        "lon" : 139.9854606578
      }
    },
    "activities" : [ {
      "activity" : "walking",
      "group" : "walking",
      "manual" : false,
      "startTime" : "20141003T161907+0900",
      "endTime" : "20141003T162137+0900",
      "duration" : 150.0,
      "distance" : 145.0,
      "steps" : 193,
      "calories" : 9,
      "trackPoints" : [ ]
    } ],
    "lastUpdate" : "20141003T094159Z"
  }, {
    "type" : "move",
    "startTime" : "20141003T162934+0900",
    "endTime" : "20141003T173713+0900",
    "activities" : [ {
      "activity" : "transport",
      "group" : "transport",
      "manual" : false,
      "startTime" : "20141003T162934+0900",
      "endTime" : "20141003T165640+0900",
      "duration" : 1626.0,
      "distance" : 9080.0,
      "trackPoints" : [ {
        "lat" : 35.7002045413,
        "lon" : 139.9854606578,
        "time" : "20141003T162934+0900"
      }, {
        "lat" : 35.7007195125,
        "lon" : 139.9872300743,
        "time" : "20141003T163048+0900"
      }, {
        "lat" : 35.7004039362,
        "lon" : 139.9912694518,
        "time" : "20141003T163115+0900"
      }, {
        "lat" : 35.6983891862,
        "lon" : 139.9916733767,
        "time" : "20141003T163131+0900"
      }, {
        "lat" : 35.6968656743,
        "lon" : 139.9913491775,
        "time" : "20141003T163148+0900"
      }, {
        "lat" : 35.6944032838,
        "lon" : 139.9912108766,
        "time" : "20141003T163210+0900"
      }, {
        "lat" : 35.6942988344,
        "lon" : 139.9912738002,
        "time" : "20141003T163236+0900"
      }, {
        "lat" : 35.6925806178,
        "lon" : 139.9928336996,
        "time" : "20141003T163255+0900"
      }, {
        "lat" : 35.6903662796,
        "lon" : 139.996022104,
        "time" : "20141003T163320+0900"
      }, {
        "lat" : 35.6896377876,
        "lon" : 139.9980537594,
        "time" : "20141003T163336+0900"
      }, {
        "lat" : 35.6896220897,
        "lon" : 139.9980737077,
        "time" : "20141003T163353+0900"
      }, {
        "lat" : 35.6895484244,
        "lon" : 139.9982557933,
        "time" : "20141003T163409+0900"
      }, {
        "lat" : 35.6884087054,
        "lon" : 140.0012229484,
        "time" : "20141003T163424+0900"
      }, {
        "lat" : 35.6870143529,
        "lon" : 140.0041906173,
        "time" : "20141003T163440+0900"
      }, {
        "lat" : 35.6856785236,
        "lon" : 140.0067128308,
        "time" : "20141003T163456+0900"
      }, {
        "lat" : 35.6853386306,
        "lon" : 140.0071564226,
        "time" : "20141003T163528+0900"
      }, {
        "lat" : 35.6853056958,
        "lon" : 140.0072279592,
        "time" : "20141003T163544+0900"
      }, {
        "lat" : 35.6844501289,
        "lon" : 140.0117670125,
        "time" : "20141003T163609+0900"
      }, {
        "lat" : 35.6844937784,
        "lon" : 140.0156471751,
        "time" : "20141003T163624+0900"
      }, {
        "lat" : 35.684458315,
        "lon" : 140.0198861667,
        "time" : "20141003T163643+0900"
      }, {
        "lat" : 35.6839120105,
        "lon" : 140.0231401581,
        "time" : "20141003T163709+0900"
      }, {
        "lat" : 35.683703716,
        "lon" : 140.024410622,
        "time" : "20141003T163730+0900"
      }, {
        "lat" : 35.6837019116,
        "lon" : 140.0244336238,
        "time" : "20141003T163748+0900"
      }, {
        "lat" : 35.6836981894,
        "lon" : 140.0244372922,
        "time" : "20141003T163819+0900"
      }, {
        "lat" : 35.6836981894,
        "lon" : 140.0244372922,
        "time" : "20141003T163843+0900"
      }, {
        "lat" : 35.6837450418,
        "lon" : 140.0245272322,
        "time" : "20141003T163941+0900"
      }, {
        "lat" : 35.6837450418,
        "lon" : 140.0245272322,
        "time" : "20141003T164012+0900"
      }, {
        "lat" : 35.6837553119,
        "lon" : 140.0245224037,
        "time" : "20141003T164030+0900"
      }, {
        "lat" : 35.683756905,
        "lon" : 140.0245253245,
        "time" : "20141003T164048+0900"
      }, {
        "lat" : 35.6837591557,
        "lon" : 140.0245403546,
        "time" : "20141003T164106+0900"
      }, {
        "lat" : 35.6837611978,
        "lon" : 140.0245555912,
        "time" : "20141003T164124+0900"
      }, {
        "lat" : 35.6837615632,
        "lon" : 140.0245599465,
        "time" : "20141003T164140+0900"
      }, {
        "lat" : 35.6837615392,
        "lon" : 140.024559811,
        "time" : "20141003T164204+0900"
      }, {
        "lat" : 35.6837615637,
        "lon" : 140.024559643,
        "time" : "20141003T164222+0900"
      }, {
        "lat" : 35.683761904,
        "lon" : 140.0245567016,
        "time" : "20141003T164239+0900"
      }, {
        "lat" : 35.6837243437,
        "lon" : 140.0245018975,
        "time" : "20141003T164310+0900"
      }, {
        "lat" : 35.6836789333,
        "lon" : 140.0245065006,
        "time" : "20141003T164327+0900"
      }, {
        "lat" : 35.68365512,
        "lon" : 140.0245097815,
        "time" : "20141003T164347+0900"
      }, {
        "lat" : 35.6836763413,
        "lon" : 140.0245119906,
        "time" : "20141003T164404+0900"
      }, {
        "lat" : 35.6837183591,
        "lon" : 140.0245408657,
        "time" : "20141003T164424+0900"
      }, {
        "lat" : 35.6837261473,
        "lon" : 140.024555467,
        "time" : "20141003T164442+0900"
      }, {
        "lat" : 35.68371851,
        "lon" : 140.0245815016,
        "time" : "20141003T164500+0900"
      }, {
        "lat" : 35.6833907354,
        "lon" : 140.0255870631,
        "time" : "20141003T164516+0900"
      }, {
        "lat" : 35.6832249177,
        "lon" : 140.0268924933,
        "time" : "20141003T164534+0900"
      }, {
        "lat" : 35.6824314594,
        "lon" : 140.0300577714,
        "time" : "20141003T164556+0900"
      }, {
        "lat" : 35.6803652717,
        "lon" : 140.0329573001,
        "time" : "20141003T164612+0900"
      }, {
        "lat" : 35.6779817903,
        "lon" : 140.0357979299,
        "time" : "20141003T164627+0900"
      }, {
        "lat" : 35.6740444797,
        "lon" : 140.0404286632,
        "time" : "20141003T164655+0900"
      }, {
        "lat" : 35.672923149,
        "lon" : 140.0418383713,
        "time" : "20141003T164723+0900"
      }, {
        "lat" : 35.6729303508,
        "lon" : 140.0418343897,
        "time" : "20141003T164739+0900"
      }, {
        "lat" : 35.6729540107,
        "lon" : 140.0417794356,
        "time" : "20141003T164757+0900"
      }, {
        "lat" : 35.672963681,
        "lon" : 140.0417478409,
        "time" : "20141003T164814+0900"
      }, {
        "lat" : 35.6729884588,
        "lon" : 140.0416925838,
        "time" : "20141003T164831+0900"
      }, {
        "lat" : 35.672976654,
        "lon" : 140.0416194212,
        "time" : "20141003T164854+0900"
      }, {
        "lat" : 35.6729664995,
        "lon" : 140.0415919769,
        "time" : "20141003T164918+0900"
      }, {
        "lat" : 35.6729413335,
        "lon" : 140.0415500504,
        "time" : "20141003T164946+0900"
      }, {
        "lat" : 35.6729238224,
        "lon" : 140.0415577459,
        "time" : "20141003T165006+0900"
      }, {
        "lat" : 35.6729341512,
        "lon" : 140.041585222,
        "time" : "20141003T165025+0900"
      }, {
        "lat" : 35.6729125931,
        "lon" : 140.041537734,
        "time" : "20141003T165042+0900"
      }, {
        "lat" : 35.6729501292,
        "lon" : 140.0415746964,
        "time" : "20141003T165108+0900"
      }, {
        "lat" : 35.6729656785,
        "lon" : 140.0415847184,
        "time" : "20141003T165129+0900"
      }, {
        "lat" : 35.672981371,
        "lon" : 140.0415701388,
        "time" : "20141003T165147+0900"
      }, {
        "lat" : 35.6729845253,
        "lon" : 140.0415682342,
        "time" : "20141003T165211+0900"
      }, {
        "lat" : 35.6729821218,
        "lon" : 140.041574412,
        "time" : "20141003T165229+0900"
      }, {
        "lat" : 35.6729796577,
        "lon" : 140.0415804337,
        "time" : "20141003T165247+0900"
      }, {
        "lat" : 35.6729756069,
        "lon" : 140.0415836919,
        "time" : "20141003T165304+0900"
      }, {
        "lat" : 35.6729850425,
        "lon" : 140.0416046921,
        "time" : "20141003T165334+0900"
      }, {
        "lat" : 35.6729866859,
        "lon" : 140.0416070979,
        "time" : "20141003T165351+0900"
      }, {
        "lat" : 35.6729875962,
        "lon" : 140.0416088675,
        "time" : "20141003T165415+0900"
      }, {
        "lat" : 35.6731822021,
        "lon" : 140.0413147719,
        "time" : "20141003T165431+0900"
      }, {
        "lat" : 35.6747966487,
        "lon" : 140.0395913991,
        "time" : "20141003T165447+0900"
      }, {
        "lat" : 35.6782470631,
        "lon" : 140.0355317307,
        "time" : "20141003T165509+0900"
      }, {
        "lat" : 35.6812538881,
        "lon" : 140.0321674465,
        "time" : "20141003T165532+0900"
      }, {
        "lat" : 35.6826064268,
        "lon" : 140.0298006151,
        "time" : "20141003T165549+0900"
      }, {
        "lat" : 35.6831299774,
        "lon" : 140.0277007277,
        "time" : "20141003T165607+0900"
      }, {
        "lat" : 35.6836717759,
        "lon" : 140.0247730294,
        "time" : "20141003T165640+0900"
      } ]
    }, {
      "activity" : "walking",
      "group" : "walking",
      "manual" : false,
      "startTime" : "20141003T165640+0900",
      "endTime" : "20141003T165910+0900",
      "duration" : 150.0,
      "distance" : 93.0,
      "steps" : 185,
      "calories" : 6,
      "trackPoints" : [ {
        "lat" : 35.6836717759,
        "lon" : 140.0247730294,
        "time" : "20141003T165640+0900"
      }, {
        "lat" : 35.6837356648,
        "lon" : 140.0245873414,
        "time" : "20141003T165700+0900"
      }, {
        "lat" : 35.6837824812,
        "lon" : 140.0244928028,
        "time" : "20141003T165725+0900"
      }, {
        "lat" : 35.6837669471,
        "lon" : 140.0245169474,
        "time" : "20141003T165742+0900"
      }, {
        "lat" : 35.6837576567,
        "lon" : 140.024586816,
        "time" : "20141003T165758+0900"
      }, {
        "lat" : 35.6837389534,
        "lon" : 140.0246452915,
        "time" : "20141003T165815+0900"
      }, {
        "lat" : 35.6836580149,
        "lon" : 140.0246468164,
        "time" : "20141003T165831+0900"
      }, {
        "lat" : 35.6836362421,
        "lon" : 140.0246050536,
        "time" : "20141003T165850+0900"
      }, {
        "lat" : 35.6834791587,
        "lon" : 140.024646694,
        "time" : "20141003T165910+0900"
      } ]
    }, {
      "activity" : "transport",
      "group" : "transport",
      "manual" : false,
      "startTime" : "20141003T165910+0900",
      "endTime" : "20141003T172701+0900",
      "duration" : 1671.0,
      "distance" : 14868.0,
      "trackPoints" : [ {
        "lat" : 35.6834791587,
        "lon" : 140.024646694,
        "time" : "20141003T165910+0900"
      }, {
        "lat" : 35.6834816011,
        "lon" : 140.0246519203,
        "time" : "20141003T165927+0900"
      }, {
        "lat" : 35.6835147233,
        "lon" : 140.0246539015,
        "time" : "20141003T165944+0900"
      }, {
        "lat" : 35.6835626883,
        "lon" : 140.0246650668,
        "time" : "20141003T165959+0900"
      }, {
        "lat" : 35.6835627198,
        "lon" : 140.0246650741,
        "time" : "20141003T170000+0900"
      }, {
        "lat" : 35.6835779029,
        "lon" : 140.0246686084,
        "time" : "20141003T170004+0900"
      }, {
        "lat" : 35.6836170151,
        "lon" : 140.0246356092,
        "time" : "20141003T170027+0900"
      }, {
        "lat" : 35.6843113371,
        "lon" : 140.0213819614,
        "time" : "20141003T170117+0900"
      }, {
        "lat" : 35.6844765906,
        "lon" : 140.0160552489,
        "time" : "20141003T170143+0900"
      }, {
        "lat" : 35.6850462851,
        "lon" : 140.0080862289,
        "time" : "20141003T170215+0900"
      }, {
        "lat" : 35.6860923279,
        "lon" : 140.0062721703,
        "time" : "20141003T170238+0900"
      }, {
        "lat" : 35.6895331381,
        "lon" : 139.9983329584,
        "time" : "20141003T170303+0900"
      }, {
        "lat" : 35.6897987298,
        "lon" : 139.9977669989,
        "time" : "20141003T170323+0900"
      }, {
        "lat" : 35.6929745671,
        "lon" : 139.9925981227,
        "time" : "20141003T170426+0900"
      }, {
        "lat" : 35.6960119166,
        "lon" : 139.9912924077,
        "time" : "20141003T170444+0900"
      }, {
        "lat" : 35.7001346472,
        "lon" : 139.9854139797,
        "time" : "20141003T170623+0900"
      }, {
        "lat" : 35.7000975806,
        "lon" : 139.9851721385,
        "time" : "20141003T170645+0900"
      }, {
        "lat" : 35.7000887892,
        "lon" : 139.9852568753,
        "time" : "20141003T170705+0900"
      }, {
        "lat" : 35.7000863776,
        "lon" : 139.9853798224,
        "time" : "20141003T170727+0900"
      }, {
        "lat" : 35.700103571,
        "lon" : 139.9855532661,
        "time" : "20141003T170749+0900"
      }, {
        "lat" : 35.7001499859,
        "lon" : 139.9855623284,
        "time" : "20141003T170817+0900"
      }, {
        "lat" : 35.7001584938,
        "lon" : 139.9855508692,
        "time" : "20141003T170835+0900"
      }, {
        "lat" : 35.6999829575,
        "lon" : 139.9852232238,
        "time" : "20141003T171144+0900"
      }, {
        "lat" : 35.6999655942,
        "lon" : 139.9852158477,
        "time" : "20141003T171200+0900"
      }, {
        "lat" : 35.7000578592,
        "lon" : 139.9854987497,
        "time" : "20141003T171225+0900"
      }, {
        "lat" : 35.7001569705,
        "lon" : 139.9854619475,
        "time" : "20141003T171241+0900"
      }, {
        "lat" : 35.70021626,
        "lon" : 139.9855185815,
        "time" : "20141003T171256+0900"
      }, {
        "lat" : 35.7002589573,
        "lon" : 139.9856738885,
        "time" : "20141003T171318+0900"
      }, {
        "lat" : 35.7002806617,
        "lon" : 139.9857603762,
        "time" : "20141003T171334+0900"
      }, {
        "lat" : 35.7002911578,
        "lon" : 139.9858040392,
        "time" : "20141003T171400+0900"
      }, {
        "lat" : 35.7002983478,
        "lon" : 139.9858364279,
        "time" : "20141003T171425+0900"
      }, {
        "lat" : 35.7003052296,
        "lon" : 139.9858634052,
        "time" : "20141003T171448+0900"
      }, {
        "lat" : 35.7003097688,
        "lon" : 139.9858808246,
        "time" : "20141003T171515+0900"
      }, {
        "lat" : 35.7003109407,
        "lon" : 139.9858739208,
        "time" : "20141003T171537+0900"
      }, {
        "lat" : 35.7007688178,
        "lon" : 139.9874778084,
        "time" : "20141003T171556+0900"
      }, {
        "lat" : 35.7009760309,
        "lon" : 139.9899984313,
        "time" : "20141003T171612+0900"
      }, {
        "lat" : 35.6987806614,
        "lon" : 139.991715493,
        "time" : "20141003T171633+0900"
      }, {
        "lat" : 35.6958898253,
        "lon" : 139.9912348784,
        "time" : "20141003T171656+0900"
      }, {
        "lat" : 35.6928313501,
        "lon" : 139.9923623907,
        "time" : "20141003T171713+0900"
      }, {
        "lat" : 35.6898130966,
        "lon" : 139.9976396769,
        "time" : "20141003T171742+0900"
      }, {
        "lat" : 35.689612089,
        "lon" : 139.9982105303,
        "time" : "20141003T171806+0900"
      }, {
        "lat" : 35.6881069589,
        "lon" : 140.0019902955,
        "time" : "20141003T171852+0900"
      }, {
        "lat" : 35.6850469664,
        "lon" : 140.008138102,
        "time" : "20141003T171923+0900"
      }, {
        "lat" : 35.6844364114,
        "lon" : 140.0117208863,
        "time" : "20141003T171941+0900"
      }, {
        "lat" : 35.6844514382,
        "lon" : 140.0196008515,
        "time" : "20141003T172015+0900"
      }, {
        "lat" : 35.6836722026,
        "lon" : 140.0243657276,
        "time" : "20141003T172049+0900"
      }, {
        "lat" : 35.683615173,
        "lon" : 140.0248855632,
        "time" : "20141003T172109+0900"
      }, {
        "lat" : 35.6835839839,
        "lon" : 140.025057586,
        "time" : "20141003T172127+0900"
      }, {
        "lat" : 35.683579093,
        "lon" : 140.0250958046,
        "time" : "20141003T172148+0900"
      }, {
        "lat" : 35.6835639586,
        "lon" : 140.0252000437,
        "time" : "20141003T172211+0900"
      }, {
        "lat" : 35.6830053537,
        "lon" : 140.0274508538,
        "time" : "20141003T172235+0900"
      }, {
        "lat" : 35.6809800503,
        "lon" : 140.031845738,
        "time" : "20141003T172311+0900"
      }, {
        "lat" : 35.6860487297,
        "lon" : 140.0454719024,
        "time" : "20141003T172427+0900"
      }, {
        "lat" : 35.6860181829,
        "lon" : 140.0487404097,
        "time" : "20141003T172455+0900"
      }, {
        "lat" : 35.6860536387,
        "lon" : 140.0487180252,
        "time" : "20141003T172522+0900"
      }, {
        "lat" : 35.6858211591,
        "lon" : 140.0491385854,
        "time" : "20141003T172537+0900"
      }, {
        "lat" : 35.6861047001,
        "lon" : 140.0522577971,
        "time" : "20141003T172555+0900"
      }, {
        "lat" : 35.6861786572,
        "lon" : 140.0638099949,
        "time" : "20141003T172641+0900"
      }, {
        "lat" : 35.6868864743,
        "lon" : 140.0679564309,
        "time" : "20141003T172701+0900"
      } ]
    }, {
      "activity" : "walking",
      "group" : "walking",
      "manual" : false,
      "startTime" : "20141003T172701+0900",
      "endTime" : "20141003T173713+0900",
      "duration" : 612.0,
      "distance" : 1015.0,
      "steps" : 1247,
      "calories" : 60,
      "trackPoints" : [ {
        "lat" : 35.6868864743,
        "lon" : 140.0679564309,
        "time" : "20141003T172701+0900"
      }, {
        "lat" : 35.6869728167,
        "lon" : 140.0682936689,
        "time" : "20141003T172723+0900"
      }, {
        "lat" : 35.6870402924,
        "lon" : 140.0684962291,
        "time" : "20141003T172748+0900"
      }, {
        "lat" : 35.6873527449,
        "lon" : 140.0688083695,
        "time" : "20141003T172823+0900"
      }, {
        "lat" : 35.6876227241,
        "lon" : 140.0689630581,
        "time" : "20141003T172839+0900"
      }, {
        "lat" : 35.6878775471,
        "lon" : 140.0689282063,
        "time" : "20141003T172854+0900"
      }, {
        "lat" : 35.6881644728,
        "lon" : 140.0690269826,
        "time" : "20141003T172915+0900"
      }, {
        "lat" : 35.6884729756,
        "lon" : 140.0690752882,
        "time" : "20141003T172934+0900"
      }, {
        "lat" : 35.6887887872,
        "lon" : 140.0691096674,
        "time" : "20141003T172959+0900"
      }, {
        "lat" : 35.6890878852,
        "lon" : 140.0691343159,
        "time" : "20141003T173022+0900"
      }, {
        "lat" : 35.6896220989,
        "lon" : 140.0691671568,
        "time" : "20141003T173056+0900"
      }, {
        "lat" : 35.6899221751,
        "lon" : 140.0691957424,
        "time" : "20141003T173114+0900"
      }, {
        "lat" : 35.6906249767,
        "lon" : 140.0693634243,
        "time" : "20141003T173150+0900"
      }, {
        "lat" : 35.6907827218,
        "lon" : 140.0694412332,
        "time" : "20141003T173210+0900"
      }, {
        "lat" : 35.6908096138,
        "lon" : 140.0693383643,
        "time" : "20141003T173231+0900"
      }, {
        "lat" : 35.6906755365,
        "lon" : 140.0698352182,
        "time" : "20141003T173249+0900"
      }, {
        "lat" : 35.6905165282,
        "lon" : 140.0704564788,
        "time" : "20141003T173311+0900"
      }, {
        "lat" : 35.6903983602,
        "lon" : 140.070915702,
        "time" : "20141003T173334+0900"
      }, {
        "lat" : 35.6903117132,
        "lon" : 140.0712822345,
        "time" : "20141003T173350+0900"
      }, {
        "lat" : 35.6901458816,
        "lon" : 140.0721394169,
        "time" : "20141003T173420+0900"
      }, {
        "lat" : 35.6900617827,
        "lon" : 140.0725620253,
        "time" : "20141003T173435+0900"
      }, {
        "lat" : 35.6900702466,
        "lon" : 140.0727958828,
        "time" : "20141003T173457+0900"
      }, {
        "lat" : 35.6901456569,
        "lon" : 140.073053578,
        "time" : "20141003T173513+0900"
      }, {
        "lat" : 35.6903826935,
        "lon" : 140.073216796,
        "time" : "20141003T173538+0900"
      }, {
        "lat" : 35.6905606057,
        "lon" : 140.0732925557,
        "time" : "20141003T173601+0900"
      }, {
        "lat" : 35.6909758691,
        "lon" : 140.0734513276,
        "time" : "20141003T173626+0900"
      }, {
        "lat" : 35.6912310106,
        "lon" : 140.0735433247,
        "time" : "20141003T173651+0900"
      }, {
        "lat" : 35.6913110976,
        "lon" : 140.0735591589,
        "time" : "20141003T173713+0900"
      } ]
    } ],
    "lastUpdate" : "20141003T094159Z"
  }, {
    "type" : "place",
    "startTime" : "20141003T173713+0900",
    "endTime" : "20141003T195526+0900",
    "place" : {
      "id" : 99571412,
      "type" : "unknown",
      "location" : {
        "lat" : 35.6913110976,
        "lon" : 140.0735591589
      }
    },
    "activities" : [ {
      "activity" : "walking",
      "group" : "walking",
      "manual" : false,
      "startTime" : "20141003T195443+0900",
      "endTime" : "20141003T195513+0900",
      "duration" : 30.0,
      "distance" : 15.0,
      "steps" : 20,
      "calories" : 1,
      "trackPoints" : [ ]
    } ],
    "lastUpdate" : "20141003T141326Z"
  }, {
    "type" : "move",
    "startTime" : "20141003T195526+0900",
    "endTime" : "20141003T195916+0900",
    "activities" : [ {
      "activity" : "transport",
      "group" : "transport",
      "manual" : false,
      "startTime" : "20141003T195526+0900",
      "endTime" : "20141003T195916+0900",
      "duration" : 230.0,
      "distance" : 1002.0,
      "trackPoints" : [ {
        "lat" : 35.6913110976,
        "lon" : 140.0735591589,
        "time" : "20141003T195526+0900"
      }, {
        "lat" : 35.6903359684,
        "lon" : 140.0731984232,
        "time" : "20141003T195549+0900"
      }, {
        "lat" : 35.6902705509,
        "lon" : 140.0716831212,
        "time" : "20141003T195624+0900"
      }, {
        "lat" : 35.6906398742,
        "lon" : 140.0700929827,
        "time" : "20141003T195641+0900"
      }, {
        "lat" : 35.6906280632,
        "lon" : 140.0695083382,
        "time" : "20141003T195706+0900"
      }, {
        "lat" : 35.690018696,
        "lon" : 140.0691791082,
        "time" : "20141003T195743+0900"
      }, {
        "lat" : 35.6887698829,
        "lon" : 140.0691222278,
        "time" : "20141003T195805+0900"
      }, {
        "lat" : 35.6883131844,
        "lon" : 140.0690813065,
        "time" : "20141003T195821+0900"
      }, {
        "lat" : 35.6872239488,
        "lon" : 140.0687329854,
        "time" : "20141003T195859+0900"
      }, {
        "lat" : 35.6869611597,
        "lon" : 140.0686755719,
        "time" : "20141003T195916+0900"
      } ]
    } ],
    "lastUpdate" : "20141003T141327Z"
  }, {
    "type" : "place",
    "startTime" : "20141003T195917+0900",
    "endTime" : "20141003T200434+0900",
    "place" : {
      "id" : 99609386,
      "type" : "unknown",
      "location" : {
        "lat" : 35.6869611597,
        "lon" : 140.0686755719
      }
    },
    "activities" : [ {
      "activity" : "walking",
      "group" : "walking",
      "manual" : false,
      "startTime" : "20141003T195917+0900",
      "endTime" : "20141003T200044+0900",
      "duration" : 87.0,
      "distance" : 79.0,
      "steps" : 159,
      "calories" : 5,
      "trackPoints" : [ ]
    } ],
    "lastUpdate" : "20141003T141327Z"
  }, {
    "type" : "move",
    "startTime" : "20141003T200434+0900",
    "endTime" : "20141003T211350+0900",
    "activities" : [ {
      "activity" : "transport",
      "group" : "transport",
      "manual" : false,
      "startTime" : "20141003T200434+0900",
      "endTime" : "20141003T202113+0900",
      "duration" : 999.0,
      "distance" : 9059.0,
      "trackPoints" : [ {
        "lat" : 35.6869611597,
        "lon" : 140.0686755719,
        "time" : "20141003T200434+0900"
      }, {
        "lat" : 35.6869772161,
        "lon" : 140.0688670088,
        "time" : "20141003T200456+0900"
      }, {
        "lat" : 35.6869761418,
        "lon" : 140.0688229185,
        "time" : "20141003T200513+0900"
      }, {
        "lat" : 35.6869738794,
        "lon" : 140.0687537929,
        "time" : "20141003T200539+0900"
      }, {
        "lat" : 35.6869723121,
        "lon" : 140.0686993033,
        "time" : "20141003T200557+0900"
      }, {
        "lat" : 35.6869759335,
        "lon" : 140.0686237903,
        "time" : "20141003T200622+0900"
      }, {
        "lat" : 35.6869784172,
        "lon" : 140.0685479338,
        "time" : "20141003T200645+0900"
      }, {
        "lat" : 35.6868435031,
        "lon" : 140.0679534788,
        "time" : "20141003T200739+0900"
      }, {
        "lat" : 35.6860207341,
        "lon" : 140.0633507538,
        "time" : "20141003T200759+0900"
      }, {
        "lat" : 35.6859639653,
        "lon" : 140.0587716036,
        "time" : "20141003T200816+0900"
      }, {
        "lat" : 35.6859409163,
        "lon" : 140.0545959526,
        "time" : "20141003T200832+0900"
      }, {
        "lat" : 35.6859470041,
        "lon" : 140.0500551712,
        "time" : "20141003T200852+0900"
      }, {
        "lat" : 35.6859886241,
        "lon" : 140.0491640315,
        "time" : "20141003T200911+0900"
      }, {
        "lat" : 35.6859805156,
        "lon" : 140.0490993326,
        "time" : "20141003T200928+0900"
      }, {
        "lat" : 35.6859399564,
        "lon" : 140.0481890805,
        "time" : "20141003T200944+0900"
      }, {
        "lat" : 35.6858848533,
        "lon" : 140.0450593822,
        "time" : "20141003T201000+0900"
      }, {
        "lat" : 35.6844748439,
        "lon" : 140.04151141,
        "time" : "20141003T201016+0900"
      }, {
        "lat" : 35.6815829888,
        "lon" : 140.0345211814,
        "time" : "20141003T201046+0900"
      }, {
        "lat" : 35.6809306913,
        "lon" : 140.0321552848,
        "time" : "20141003T201104+0900"
      }, {
        "lat" : 35.681077768,
        "lon" : 140.0300941916,
        "time" : "20141003T201125+0900"
      }, {
        "lat" : 35.6815144205,
        "lon" : 140.0294211504,
        "time" : "20141003T201141+0900"
      }, {
        "lat" : 35.6823457734,
        "lon" : 140.0280051384,
        "time" : "20141003T201158+0900"
      }, {
        "lat" : 35.6831489265,
        "lon" : 140.0265000227,
        "time" : "20141003T201216+0900"
      }, {
        "lat" : 35.6833973553,
        "lon" : 140.0251901473,
        "time" : "20141003T201237+0900"
      }, {
        "lat" : 35.6833863246,
        "lon" : 140.0250967006,
        "time" : "20141003T201300+0900"
      }, {
        "lat" : 35.6832852193,
        "lon" : 140.0251087795,
        "time" : "20141003T201323+0900"
      }, {
        "lat" : 35.683305509,
        "lon" : 140.0249729482,
        "time" : "20141003T201340+0900"
      }, {
        "lat" : 35.6840577009,
        "lon" : 140.0227553744,
        "time" : "20141003T201404+0900"
      }, {
        "lat" : 35.6844517665,
        "lon" : 140.0169320081,
        "time" : "20141003T201435+0900"
      }, {
        "lat" : 35.6844287458,
        "lon" : 140.0123242135,
        "time" : "20141003T201454+0900"
      }, {
        "lat" : 35.684636149,
        "lon" : 140.00903425,
        "time" : "20141003T201510+0900"
      }, {
        "lat" : 35.6850089406,
        "lon" : 140.0078814465,
        "time" : "20141003T201526+0900"
      }, {
        "lat" : 35.684974473,
        "lon" : 140.0078104248,
        "time" : "20141003T201547+0900"
      }, {
        "lat" : 35.6857914281,
        "lon" : 140.0065271848,
        "time" : "20141003T201603+0900"
      }, {
        "lat" : 35.6885113533,
        "lon" : 140.0013148765,
        "time" : "20141003T201630+0900"
      }, {
        "lat" : 35.6894095126,
        "lon" : 139.9986370645,
        "time" : "20141003T201649+0900"
      }, {
        "lat" : 35.6894271183,
        "lon" : 139.9983190412,
        "time" : "20141003T201706+0900"
      }, {
        "lat" : 35.6895280873,
        "lon" : 139.9982311028,
        "time" : "20141003T201723+0900"
      }, {
        "lat" : 35.6904467636,
        "lon" : 139.9964685039,
        "time" : "20141003T201739+0900"
      }, {
        "lat" : 35.6920641438,
        "lon" : 139.9935967508,
        "time" : "20141003T201755+0900"
      }, {
        "lat" : 35.6936643225,
        "lon" : 139.9915246304,
        "time" : "20141003T201811+0900"
      }, {
        "lat" : 35.6940132948,
        "lon" : 139.9913292237,
        "time" : "20141003T201827+0900"
      }, {
        "lat" : 35.6941058106,
        "lon" : 139.9912452685,
        "time" : "20141003T201847+0900"
      }, {
        "lat" : 35.6961296033,
        "lon" : 139.9910706997,
        "time" : "20141003T201902+0900"
      }, {
        "lat" : 35.699109991,
        "lon" : 139.9917234865,
        "time" : "20141003T201922+0900"
      }, {
        "lat" : 35.7008517534,
        "lon" : 139.9905276253,
        "time" : "20141003T201938+0900"
      }, {
        "lat" : 35.7009739756,
        "lon" : 139.987879882,
        "time" : "20141003T201954+0900"
      }, {
        "lat" : 35.7003416751,
        "lon" : 139.9858159106,
        "time" : "20141003T202012+0900"
      }, {
        "lat" : 35.7003689208,
        "lon" : 139.9856214663,
        "time" : "20141003T202028+0900"
      }, {
        "lat" : 35.7003364884,
        "lon" : 139.9856802388,
        "time" : "20141003T202045+0900"
      }, {
        "lat" : 35.7003329431,
        "lon" : 139.9856807085,
        "time" : "20141003T202113+0900"
      } ]
    }, {
      "activity" : "walking",
      "group" : "walking",
      "manual" : false,
      "startTime" : "20141003T202113+0900",
      "endTime" : "20141003T202413+0900",
      "duration" : 180.0,
      "distance" : 177.0,
      "steps" : 340,
      "calories" : 11,
      "trackPoints" : [ {
        "lat" : 35.7003329431,
        "lon" : 139.9856807085,
        "time" : "20141003T202113+0900"
      }, {
        "lat" : 35.7003988221,
        "lon" : 139.9856521775,
        "time" : "20141003T202133+0900"
      }, {
        "lat" : 35.7005995748,
        "lon" : 139.9856750396,
        "time" : "20141003T202149+0900"
      }, {
        "lat" : 35.70115135,
        "lon" : 139.9856122777,
        "time" : "20141003T202214+0900"
      }, {
        "lat" : 35.7014274153,
        "lon" : 139.9854904585,
        "time" : "20141003T202239+0900"
      }, {
        "lat" : 35.7015362369,
        "lon" : 139.9853421259,
        "time" : "20141003T202302+0900"
      }, {
        "lat" : 35.7017160972,
        "lon" : 139.9853155003,
        "time" : "20141003T202324+0900"
      }, {
        "lat" : 35.7017023788,
        "lon" : 139.985258232,
        "time" : "20141003T202340+0900"
      }, {
        "lat" : 35.7016525196,
        "lon" : 139.9851950665,
        "time" : "20141003T202356+0900"
      }, {
        "lat" : 35.7016394375,
        "lon" : 139.9851930686,
        "time" : "20141003T202413+0900"
      } ]
    }, {
      "activity" : "transport",
      "group" : "transport",
      "manual" : false,
      "startTime" : "20141003T202413+0900",
      "endTime" : "20141003T210216+0900",
      "duration" : 2283.0,
      "distance" : 24632.0,
      "trackPoints" : [ {
        "lat" : 35.7016394375,
        "lon" : 139.9851930686,
        "time" : "20141003T202413+0900"
      }, {
        "lat" : 35.701632902,
        "lon" : 139.9851586871,
        "time" : "20141003T202430+0900"
      }, {
        "lat" : 35.7016329049,
        "lon" : 139.9851587069,
        "time" : "20141003T202459+0900"
      }, {
        "lat" : 35.7016373135,
        "lon" : 139.9851068563,
        "time" : "20141003T202516+0900"
      }, {
        "lat" : 35.7019508227,
        "lon" : 139.982830835,
        "time" : "20141003T202532+0900"
      }, {
        "lat" : 35.7022587741,
        "lon" : 139.9789030717,
        "time" : "20141003T202550+0900"
      }, {
        "lat" : 35.7020341498,
        "lon" : 139.9752533634,
        "time" : "20141003T202606+0900"
      }, {
        "lat" : 35.7023326267,
        "lon" : 139.9714140552,
        "time" : "20141003T202622+0900"
      }, {
        "lat" : 35.703834209,
        "lon" : 139.9672135131,
        "time" : "20141003T202642+0900"
      }, {
        "lat" : 35.7061336634,
        "lon" : 139.9621879406,
        "time" : "20141003T202707+0900"
      }, {
        "lat" : 35.7072254084,
        "lon" : 139.9599161399,
        "time" : "20141003T202723+0900"
      }, {
        "lat" : 35.7074597508,
        "lon" : 139.9587421257,
        "time" : "20141003T202800+0900"
      }, {
        "lat" : 35.7077667002,
        "lon" : 139.9579909273,
        "time" : "20141003T202829+0900"
      }, {
        "lat" : 35.7095370253,
        "lon" : 139.9547141859,
        "time" : "20141003T202848+0900"
      }, {
        "lat" : 35.7116079117,
        "lon" : 139.9497583374,
        "time" : "20141003T202910+0900"
      }, {
        "lat" : 35.7137781853,
        "lon" : 139.9443883897,
        "time" : "20141003T202934+0900"
      }, {
        "lat" : 35.7142579836,
        "lon" : 139.94314074,
        "time" : "20141003T202952+0900"
      }, {
        "lat" : 35.7141977702,
        "lon" : 139.9431534225,
        "time" : "20141003T203007+0900"
      }, {
        "lat" : 35.7142800558,
        "lon" : 139.9429656227,
        "time" : "20141003T203025+0900"
      }, {
        "lat" : 35.715201519,
        "lon" : 139.9411676179,
        "time" : "20141003T203041+0900"
      }, {
        "lat" : 35.7167848772,
        "lon" : 139.9374530707,
        "time" : "20141003T203100+0900"
      }, {
        "lat" : 35.7186587942,
        "lon" : 139.9329795584,
        "time" : "20141003T203119+0900"
      }, {
        "lat" : 35.7207875023,
        "lon" : 139.9277717359,
        "time" : "20141003T203150+0900"
      }, {
        "lat" : 35.7208766051,
        "lon" : 139.9275137119,
        "time" : "20141003T203205+0900"
      }, {
        "lat" : 35.7208766147,
        "lon" : 139.9274667567,
        "time" : "20141003T203222+0900"
      }, {
        "lat" : 35.7209934809,
        "lon" : 139.9271364067,
        "time" : "20141003T203238+0900"
      }, {
        "lat" : 35.7219588701,
        "lon" : 139.9249423513,
        "time" : "20141003T203254+0900"
      }, {
        "lat" : 35.7236648513,
        "lon" : 139.9208316005,
        "time" : "20141003T203316+0900"
      }, {
        "lat" : 35.7257247723,
        "lon" : 139.915860315,
        "time" : "20141003T203343+0900"
      }, {
        "lat" : 35.7270608829,
        "lon" : 139.9126713044,
        "time" : "20141003T203403+0900"
      }, {
        "lat" : 35.7278104627,
        "lon" : 139.9106035979,
        "time" : "20141003T203419+0900"
      }, {
        "lat" : 35.7285390254,
        "lon" : 139.9086744922,
        "time" : "20141003T203436+0900"
      }, {
        "lat" : 35.7288137505,
        "lon" : 139.907982479,
        "time" : "20141003T203458+0900"
      }, {
        "lat" : 35.7288600839,
        "lon" : 139.9079639711,
        "time" : "20141003T203515+0900"
      }, {
        "lat" : 35.7288843147,
        "lon" : 139.9079242126,
        "time" : "20141003T203536+0900"
      }, {
        "lat" : 35.7290073955,
        "lon" : 139.907709159,
        "time" : "20141003T203552+0900"
      }, {
        "lat" : 35.7300269696,
        "lon" : 139.9057074768,
        "time" : "20141003T203608+0900"
      }, {
        "lat" : 35.7317275949,
        "lon" : 139.9012506629,
        "time" : "20141003T203629+0900"
      }, {
        "lat" : 35.7337801833,
        "lon" : 139.896211865,
        "time" : "20141003T203651+0900"
      }, {
        "lat" : 35.7359168031,
        "lon" : 139.8902794623,
        "time" : "20141003T203717+0900"
      }, {
        "lat" : 35.7356490114,
        "lon" : 139.8862833243,
        "time" : "20141003T203734+0900"
      }, {
        "lat" : 35.7343024976,
        "lon" : 139.8832732303,
        "time" : "20141003T203750+0900"
      }, {
        "lat" : 35.7335102545,
        "lon" : 139.8822743058,
        "time" : "20141003T203806+0900"
      }, {
        "lat" : 35.733448277,
        "lon" : 139.8821184812,
        "time" : "20141003T203842+0900"
      }, {
        "lat" : 35.732909882,
        "lon" : 139.8813576272,
        "time" : "20141003T203858+0900"
      }, {
        "lat" : 35.7295587283,
        "lon" : 139.87650928,
        "time" : "20141003T203927+0900"
      }, {
        "lat" : 35.7261064944,
        "lon" : 139.8715188766,
        "time" : "20141003T203953+0900"
      }, {
        "lat" : 35.7222610993,
        "lon" : 139.8662357885,
        "time" : "20141003T204020+0900"
      }, {
        "lat" : 35.7187595479,
        "lon" : 139.861170317,
        "time" : "20141003T204048+0900"
      }, {
        "lat" : 35.7170248742,
        "lon" : 139.8583443986,
        "time" : "20141003T204115+0900"
      }, {
        "lat" : 35.7169430366,
        "lon" : 139.8581895609,
        "time" : "20141003T204133+0900"
      }, {
        "lat" : 35.7166610153,
        "lon" : 139.857815457,
        "time" : "20141003T204156+0900"
      }, {
        "lat" : 35.7154290886,
        "lon" : 139.8556894145,
        "time" : "20141003T204213+0900"
      }, {
        "lat" : 35.7136970104,
        "lon" : 139.8529372764,
        "time" : "20141003T204229+0900"
      }, {
        "lat" : 35.7117079903,
        "lon" : 139.8498233359,
        "time" : "20141003T204245+0900"
      }, {
        "lat" : 35.7097348098,
        "lon" : 139.8471168895,
        "time" : "20141003T204301+0900"
      }, {
        "lat" : 35.7069867496,
        "lon" : 139.8432850344,
        "time" : "20141003T204324+0900"
      }, {
        "lat" : 35.7065259297,
        "lon" : 139.8428583801,
        "time" : "20141003T204340+0900"
      }, {
        "lat" : 35.7063541903,
        "lon" : 139.8426284704,
        "time" : "20141003T204356+0900"
      }, {
        "lat" : 35.706289221,
        "lon" : 139.8424819327,
        "time" : "20141003T204412+0900"
      }, {
        "lat" : 35.7054913076,
        "lon" : 139.8411692436,
        "time" : "20141003T204427+0900"
      }, {
        "lat" : 35.7016490056,
        "lon" : 139.8380223534,
        "time" : "20141003T204454+0900"
      }, {
        "lat" : 35.6980540384,
        "lon" : 139.8341810394,
        "time" : "20141003T204520+0900"
      }, {
        "lat" : 35.6975430306,
        "lon" : 139.8306292596,
        "time" : "20141003T204536+0900"
      }, {
        "lat" : 35.6973405189,
        "lon" : 139.8273443181,
        "time" : "20141003T204554+0900"
      }, {
        "lat" : 35.6973146988,
        "lon" : 139.8266251409,
        "time" : "20141003T204610+0900"
      }, {
        "lat" : 35.697292531,
        "lon" : 139.8265861946,
        "time" : "20141003T204626+0900"
      }, {
        "lat" : 35.6972461724,
        "lon" : 139.8264774622,
        "time" : "20141003T204643+0900"
      }, {
        "lat" : 35.6971440401,
        "lon" : 139.8247110369,
        "time" : "20141003T204659+0900"
      }, {
        "lat" : 35.6970368543,
        "lon" : 139.8217881254,
        "time" : "20141003T204716+0900"
      }, {
        "lat" : 35.6968409769,
        "lon" : 139.819339897,
        "time" : "20141003T204731+0900"
      }, {
        "lat" : 35.6968673939,
        "lon" : 139.8160218309,
        "time" : "20141003T204753+0900"
      }, {
        "lat" : 35.6966830998,
        "lon" : 139.8143754693,
        "time" : "20141003T204816+0900"
      }, {
        "lat" : 35.6966423136,
        "lon" : 139.8142756917,
        "time" : "20141003T204832+0900"
      }, {
        "lat" : 35.6966142686,
        "lon" : 139.814230448,
        "time" : "20141003T204850+0900"
      }, {
        "lat" : 35.6966382563,
        "lon" : 139.813770363,
        "time" : "20141003T204906+0900"
      }, {
        "lat" : 35.6964763951,
        "lon" : 139.807644081,
        "time" : "20141003T204937+0900"
      }, {
        "lat" : 35.6963253309,
        "lon" : 139.8041434928,
        "time" : "20141003T204953+0900"
      }, {
        "lat" : 35.6960709705,
        "lon" : 139.8004644333,
        "time" : "20141003T205010+0900"
      }, {
        "lat" : 35.6958369059,
        "lon" : 139.794770699,
        "time" : "20141003T205038+0900"
      }, {
        "lat" : 35.6957350297,
        "lon" : 139.7933655332,
        "time" : "20141003T205110+0900"
      }, {
        "lat" : 35.6957230085,
        "lon" : 139.7933230395,
        "time" : "20141003T205128+0900"
      }, {
        "lat" : 35.6958354183,
        "lon" : 139.7926961748,
        "time" : "20141003T205145+0900"
      }, {
        "lat" : 35.6971551991,
        "lon" : 139.7881568341,
        "time" : "20141003T205209+0900"
      }, {
        "lat" : 35.6973149855,
        "lon" : 139.7858367215,
        "time" : "20141003T205225+0900"
      }, {
        "lat" : 35.6973957393,
        "lon" : 139.7843882355,
        "time" : "20141003T205241+0900"
      }, {
        "lat" : 35.6974932848,
        "lon" : 139.7843098759,
        "time" : "20141003T205259+0900"
      }, {
        "lat" : 35.6975280481,
        "lon" : 139.7842637568,
        "time" : "20141003T205315+0900"
      }, {
        "lat" : 35.697518239,
        "lon" : 139.7838931102,
        "time" : "20141003T205336+0900"
      }, {
        "lat" : 35.697734222,
        "lon" : 139.7807592931,
        "time" : "20141003T205358+0900"
      }, {
        "lat" : 35.6980396895,
        "lon" : 139.777920395,
        "time" : "20141003T205415+0900"
      }, {
        "lat" : 35.697981933,
        "lon" : 139.7753493368,
        "time" : "20141003T205433+0900"
      }, {
        "lat" : 35.698382482,
        "lon" : 139.7732187607,
        "time" : "20141003T205509+0900"
      }, {
        "lat" : 35.6983813554,
        "lon" : 139.7732199901,
        "time" : "20141003T205527+0900"
      }, {
        "lat" : 35.6985351973,
        "lon" : 139.7720834284,
        "time" : "20141003T205548+0900"
      }, {
        "lat" : 35.698789763,
        "lon" : 139.7690739077,
        "time" : "20141003T205612+0900"
      }, {
        "lat" : 35.6996047367,
        "lon" : 139.7660784094,
        "time" : "20141003T205641+0900"
      }, {
        "lat" : 35.6999158089,
        "lon" : 139.7653548032,
        "time" : "20141003T205709+0900"
      }, {
        "lat" : 35.699776053,
        "lon" : 139.7652887606,
        "time" : "20141003T205728+0900"
      }, {
        "lat" : 35.699704058,
        "lon" : 139.7652125685,
        "time" : "20141003T205748+0900"
      }, {
        "lat" : 35.6997289947,
        "lon" : 139.7649296992,
        "time" : "20141003T205804+0900"
      }, {
        "lat" : 35.7003309705,
        "lon" : 139.7627565049,
        "time" : "20141003T205822+0900"
      }, {
        "lat" : 35.7010802862,
        "lon" : 139.7606062008,
        "time" : "20141003T205840+0900"
      }, {
        "lat" : 35.7013894237,
        "lon" : 139.7586884446,
        "time" : "20141003T205901+0900"
      }, {
        "lat" : 35.7013135827,
        "lon" : 139.7575923367,
        "time" : "20141003T205917+0900"
      }, {
        "lat" : 35.701618188,
        "lon" : 139.7565438443,
        "time" : "20141003T205933+0900"
      }, {
        "lat" : 35.7019033343,
        "lon" : 139.7546392722,
        "time" : "20141003T205951+0900"
      }, {
        "lat" : 35.7019224054,
        "lon" : 139.7542207383,
        "time" : "20141003T205959+0900"
      }, {
        "lat" : 35.701922428,
        "lon" : 139.7542202415,
        "time" : "20141003T210000+0900"
      }, {
        "lat" : 35.701937521,
        "lon" : 139.7538890109,
        "time" : "20141003T210006+0900"
      }, {
        "lat" : 35.7020059373,
        "lon" : 139.7538402204,
        "time" : "20141003T210022+0900"
      }, {
        "lat" : 35.7020146083,
        "lon" : 139.7537788993,
        "time" : "20141003T210039+0900"
      }, {
        "lat" : 35.7020138682,
        "lon" : 139.7537131744,
        "time" : "20141003T210055+0900"
      }, {
        "lat" : 35.7021713322,
        "lon" : 139.7501709955,
        "time" : "20141003T210122+0900"
      }, {
        "lat" : 35.7024593613,
        "lon" : 139.7467034939,
        "time" : "20141003T210142+0900"
      }, {
        "lat" : 35.7019844174,
        "lon" : 139.7451646732,
        "time" : "20141003T210200+0900"
      }, {
        "lat" : 35.7019353344,
        "lon" : 139.7451116379,
        "time" : "20141003T210215+0900"
      } ]
    }, {
      "activity" : "walking",
      "group" : "walking",
      "manual" : false,
      "startTime" : "20141003T210215+0900",
      "endTime" : "20141003T210545+0900",
      "duration" : 210.0,
      "distance" : 220.0,
      "steps" : 416,
      "calories" : 13,
      "trackPoints" : [ {
        "lat" : 35.7019353344,
        "lon" : 139.7451116379,
        "time" : "20141003T210215+0900"
      }, {
        "lat" : 35.7019635991,
        "lon" : 139.7451836349,
        "time" : "20141003T210238+0900"
      }, {
        "lat" : 35.7019869802,
        "lon" : 139.7452531224,
        "time" : "20141003T210259+0900"
      }, {
        "lat" : 35.7020047145,
        "lon" : 139.7453444163,
        "time" : "20141003T210320+0900"
      }, {
        "lat" : 35.702011998,
        "lon" : 139.7454359164,
        "time" : "20141003T210335+0900"
      }, {
        "lat" : 35.7021617722,
        "lon" : 139.7446413376,
        "time" : "20141003T210406+0900"
      }, {
        "lat" : 35.7022031467,
        "lon" : 139.7443888815,
        "time" : "20141003T210422+0900"
      }, {
        "lat" : 35.7022098235,
        "lon" : 139.7441771418,
        "time" : "20141003T210448+0900"
      }, {
        "lat" : 35.7021746244,
        "lon" : 139.7439761494,
        "time" : "20141003T210509+0900"
      }, {
        "lat" : 35.7024209652,
        "lon" : 139.7437286278,
        "time" : "20141003T210545+0900"
      } ]
    }, {
      "activity" : "transport",
      "group" : "transport",
      "manual" : false,
      "startTime" : "20141003T210545+0900",
      "endTime" : "20141003T211049+0900",
      "duration" : 304.0,
      "distance" : 2520.0,
      "trackPoints" : [ {
        "lat" : 35.7024209652,
        "lon" : 139.7437286278,
        "time" : "20141003T210545+0900"
      }, {
        "lat" : 35.7176904111,
        "lon" : 139.7283859855,
        "time" : "20141003T211049+0900"
      } ]
    }, {
      "activity" : "walking",
      "group" : "walking",
      "manual" : false,
      "startTime" : "20141003T211049+0900",
      "endTime" : "20141003T211350+0900",
      "duration" : 181.0,
      "distance" : 145.0,
      "steps" : 291,
      "calories" : 9,
      "trackPoints" : [ {
        "lat" : 35.7176904111,
        "lon" : 139.7283859855,
        "time" : "20141003T211049+0900"
      }, {
        "lat" : 35.7180370686,
        "lon" : 139.7280401227,
        "time" : "20141003T211148+0900"
      }, {
        "lat" : 35.7180516001,
        "lon" : 139.7280277223,
        "time" : "20141003T211207+0900"
      }, {
        "lat" : 35.7180684155,
        "lon" : 139.7280122343,
        "time" : "20141003T211225+0900"
      }, {
        "lat" : 35.7181143046,
        "lon" : 139.7279694034,
        "time" : "20141003T211312+0900"
      }, {
        "lat" : 35.7181834668,
        "lon" : 139.7278342624,
        "time" : "20141003T211333+0900"
      }, {
        "lat" : 35.7184377077,
        "lon" : 139.7277267191,
        "time" : "20141003T211350+0900"
      } ]
    } ],
    "lastUpdate" : "20141003T141327Z"
  }, {
    "type" : "place",
    "startTime" : "20141003T211350+0900",
    "endTime" : "20141003T212015+0900",
    "place" : {
      "id" : 99617337,
      "type" : "unknown",
      "location" : {
        "lat" : 35.7184377077,
        "lon" : 139.7277267191
      }
    },
    "lastUpdate" : "20141003T141327Z"
  }, {
    "type" : "move",
    "startTime" : "20141003T212015+0900",
    "endTime" : "20141003T212520+0900",
    "activities" : [ {
      "activity" : "walking",
      "group" : "walking",
      "manual" : false,
      "startTime" : "20141003T212015+0900",
      "endTime" : "20141003T212520+0900",
      "duration" : 305.0,
      "distance" : 350.0,
      "steps" : 454,
      "calories" : 21,
      "trackPoints" : [ {
        "lat" : 35.7184377077,
        "lon" : 139.7277267191,
        "time" : "20141003T212015+0900"
      }, {
        "lat" : 35.7185411516,
        "lon" : 139.727694761,
        "time" : "20141003T212031+0900"
      }, {
        "lat" : 35.7187270464,
        "lon" : 139.7275711669,
        "time" : "20141003T212047+0900"
      }, {
        "lat" : 35.7190846186,
        "lon" : 139.7273796144,
        "time" : "20141003T212117+0900"
      }, {
        "lat" : 35.7193067494,
        "lon" : 139.727196003,
        "time" : "20141003T212133+0900"
      }, {
        "lat" : 35.7195345685,
        "lon" : 139.7271554388,
        "time" : "20141003T212149+0900"
      }, {
        "lat" : 35.7197272719,
        "lon" : 139.7270295717,
        "time" : "20141003T212205+0900"
      }, {
        "lat" : 35.7200405251,
        "lon" : 139.7269785072,
        "time" : "20141003T212227+0900"
      }, {
        "lat" : 35.7201258007,
        "lon" : 139.727207409,
        "time" : "20141003T212251+0900"
      }, {
        "lat" : 35.7202594825,
        "lon" : 139.7276364179,
        "time" : "20141003T212315+0900"
      }, {
        "lat" : 35.720246413,
        "lon" : 139.7276496468,
        "time" : "20141003T212336+0900"
      }, {
        "lat" : 35.7202418907,
        "lon" : 139.7276462199,
        "time" : "20141003T212354+0900"
      }, {
        "lat" : 35.7202069877,
        "lon" : 139.7275620434,
        "time" : "20141003T212426+0900"
      }, {
        "lat" : 35.720079542,
        "lon" : 139.7274382726,
        "time" : "20141003T212442+0900"
      }, {
        "lat" : 35.7200110737,
        "lon" : 139.7270354852,
        "time" : "20141003T212502+0900"
      }, {
        "lat" : 35.7200949427,
        "lon" : 139.7268577393,
        "time" : "20141003T212520+0900"
      } ]
    } ],
    "lastUpdate" : "20141003T141327Z"
  }, {
    "type" : "place",
    "startTime" : "20141003T212520+0900",
    "endTime" : "20141003T212744+0900",
    "place" : {
      "id" : 99617338,
      "type" : "unknown",
      "location" : {
        "lat" : 35.7200949427,
        "lon" : 139.7268577393
      }
    },
    "lastUpdate" : "20141003T141327Z"
  }, {
    "type" : "move",
    "startTime" : "20141003T212744+0900",
    "endTime" : "20141003T213023+0900",
    "activities" : [ {
      "activity" : "walking",
      "group" : "walking",
      "manual" : false,
      "startTime" : "20141003T212744+0900",
      "endTime" : "20141003T213023+0900",
      "duration" : 159.0,
      "distance" : 237.0,
      "steps" : 297,
      "calories" : 14,
      "trackPoints" : [ {
        "lat" : 35.7200949427,
        "lon" : 139.7268577393,
        "time" : "20141003T212744+0900"
      }, {
        "lat" : 35.7199045093,
        "lon" : 139.7270337586,
        "time" : "20141003T212800+0900"
      }, {
        "lat" : 35.7196705853,
        "lon" : 139.7271015686,
        "time" : "20141003T212823+0900"
      }, {
        "lat" : 35.7195018779,
        "lon" : 139.7272502402,
        "time" : "20141003T212846+0900"
      }, {
        "lat" : 35.7192811,
        "lon" : 139.7274361961,
        "time" : "20141003T212904+0900"
      }, {
        "lat" : 35.7189386481,
        "lon" : 139.727637924,
        "time" : "20141003T212931+0900"
      }, {
        "lat" : 35.7187219354,
        "lon" : 139.7277411825,
        "time" : "20141003T212947+0900"
      }, {
        "lat" : 35.7186607582,
        "lon" : 139.7277556802,
        "time" : "20141003T213007+0900"
      }, {
        "lat" : 35.7181698898,
        "lon" : 139.7278969272,
        "time" : "20141003T213023+0900"
      } ]
    } ],
    "lastUpdate" : "20141003T141327Z"
  }, {
    "type" : "place",
    "startTime" : "20141003T213023+0900",
    "endTime" : "20141004T123345+0900",
    "place" : {
      "id" : 99619254,
      "type" : "unknown",
      "location" : {
        "lat" : 35.7181698898,
        "lon" : 139.7278969272
      }
    },
    "activities" : [ {
      "activity" : "walking",
      "group" : "walking",
      "manual" : false,
      "startTime" : "20141003T213150+0900",
      "endTime" : "20141003T213425+0900",
      "duration" : 155.0,
      "distance" : 212.0,
      "steps" : 282,
      "calories" : 13,
      "trackPoints" : [ ]
    } ],
    "lastUpdate" : "20141004T065605Z"
  } ],
  "caloriesIdle" : 1711,
  "lastUpdate" : "20141004T065605Z"
} ]