[ {
  "date" : "20150602",
  "summary" : [ {
    "activity" : "walking",
    "group" : "walking",
    "duration" : 1385.0,
    "distance" : 1398.0,
    "steps" : 2057,
    "calories" : 83
  }, {
    "activity" : "cycling",
    "group" : "cycling",
    "duration" : 183.0,
    "distance" : 731.0,
    "calories" : 20
  }, {
    "activity" : "transport",
    "group" : "transport",
    "duration" : 478.0,
    "distance" : 545.0
  } ],
  "segments" : [ {
    "type" : "place",
    "startTime" : "20150601T211419+0900",
    "endTime" : "20150602T083842+0900",
    "place" : {
      "id" : 141435006,
      "type" : "unknown",
      "location" : {
        "lat" : 43.0843685253,
        "lon" : 141.345080654
      }
    },
    "activities" : [ {
      "activity" : "walking",
      "group" : "walking",
      "manual" : false,
      "startTime" : "20150602T083753+0900",
      "endTime" : "20150602T083823+0900",
      "duration" : 30.0,
      "distance" : 31.0,
      "steps" : 61,
      "calories" : 2,
      "trackPoints" : [ ]
    } ],
    "lastUpdate" : "20150602T042506Z"
  }, {
    "type" : "move",
    "startTime" : "20150602T083842+0900",
    "endTime" : "20150602T084145+0900",
    "activities" : [ {
      "activity" : "cycling",
      "group" : "cycling",
      "manual" : false,
      "startTime" : "20150602T083842+0900",
      "endTime" : "20150602T084145+0900",
      "duration" : 183.0,
      "distance" : 731.0,
      "calories" : 20,
      "trackPoints" : [ {
        "lat" : 43.0843685253,
        "lon" : 141.345080654,
        "time" : "20150602T083842+0900"
      }, {
        "lat" : 43.0798974576,
        "lon" : 141.3401985712,
        "time" : "20150602T084145+0900"
      } ]
    } ],
    "lastUpdate" : "20150602T042506Z"
  }, {
    "type" : "place",
    "startTime" : "20150602T084145+0900",
    "endTime" : "20150602T121302+0900",
    "place" : {
      "id" : 141367537,
      "type" : "unknown",
      "location" : {
        "lat" : 43.0794932905,
        "lon" : 141.3403872229
      }
    },
    "activities" : [ {
      "activity" : "walking",
      "group" : "walking",
      "manual" : false,
      "startTime" : "20150602T084145+0900",
      "endTime" : "20150602T084224+0900",
      "duration" : 39.0,
      "distance" : 35.0,
      "steps" : 70,
      "calories" : 2,
      "trackPoints" : [ ]
    }, {
      "activity" : "walking",
      "group" : "walking",
      "manual" : false,
      "startTime" : "20150602T101939+0900",
      "endTime" : "20150602T102238+0900",
      "duration" : 179.0,
      "distance" : 204.0,
      "steps" : 272,
      "calories" : 12,
      "trackPoints" : [ ]
    }, {
      "activity" : "walking",
      "group" : "walking",
      "manual" : false,
      "startTime" : "20150602T120830+0900",
      "endTime" : "20150602T121118+0900",
      "duration" : 168.0,
      "distance" : 206.0,
      "steps" : 275,
      "calories" : 12,
      "trackPoints" : [ ]
    } ],
    "lastUpdate" : "20150602T042508Z"
  }, {
    "type" : "place",
    "startTime" : "20150602T121303+0900",
    "endTime" : "20150602T142949+0900",
    "place" : {
      "id" : 167387701,
      "type" : "unknown",
      "location" : {
        "lat" : 43.0813104377,
        "lon" : 141.3441980782
      }
    },
    "activities" : [ {
      "activity" : "walking",
      "group" : "walking",
      "manual" : false,
      "startTime" : "20150602T121549+0900",
      "endTime" : "20150602T121649+0900",
      "duration" : 60.0,
      "distance" : 56.0,
      "steps" : 112,
      "calories" : 3,
      "trackPoints" : [ ]
    } ],
    "lastUpdate" : "20150602T073025Z"
  }, {
    "type" : "place",
    "startTime" : "20150602T142950+0900",
    "endTime" : "20150602T143426+0900",
    "place" : {
      "id" : 148006119,
      "type" : "unknown",
      "location" : {
        "lat" : 43.0835941285,
        "lon" : 141.3448409624
      }
    },
    "activities" : [ {
      "activity" : "walking",
      "group" : "walking",
      "manual" : false,
      "startTime" : "20150602T143154+0900",
      "endTime" : "20150602T143224+0900",
      "duration" : 30.0,
      "distance" : 15.0,
      "steps" : 30,
      "calories" : 1,
      "trackPoints" : [ ]
    } ],
    "lastUpdate" : "20150602T073028Z"
  }, {
    "type" : "move",
    "startTime" : "20150602T143426+0900",
    "endTime" : "20150602T144522+0900",
    "activities" : [ {
      "activity" : "walking",
      "group" : "walking",
      "manual" : false,
      "startTime" : "20150602T143426+0900",
      "endTime" : "20150602T143725+0900",
      "duration" : 179.0,
      "distance" : 126.0,
      "steps" : 172,
      "calories" : 7,
      "trackPoints" : [ {
        "lat" : 43.0835941285,
        "lon" : 141.3448409624,
        "time" : "20150602T143426+0900"
      }, {
        "lat" : 43.0828906792,
        "lon" : 141.3439022115,
        "time" : "20150602T143724+0900"
      } ]
    }, {
      "activity" : "transport",
      "group" : "transport",
      "manual" : false,
      "startTime" : "20150602T143724+0900",
      "endTime" : "20150602T144522+0900",
      "duration" : 478.0,
      "distance" : 545.0,
      "trackPoints" : [ {
        "lat" : 43.0828906792,
        "lon" : 141.3439022115,
        "time" : "20150602T143724+0900"
      }, {
        "lat" : 43.0794932905,
        "lon" : 141.3403872229,
        "time" : "20150602T144522+0900"
      } ]
    } ],
    "lastUpdate" : "20150602T073028Z"
  }, {
    "type" : "place",
    "startTime" : "20150602T144523+0900",
    "endTime" : "20150602T181450+0900",
    "place" : {
      "id" : 141367537,
      "type" : "unknown",
      "location" : {
        "lat" : 43.0794932905,
        "lon" : 141.3403872229
      }
    },
    "activities" : [ {
      "activity" : "walking",
      "group" : "walking",
      "manual" : false,
      "startTime" : "20150602T161128+0900",
      "endTime" : "20150602T161358+0900",
      "duration" : 150.0,
      "distance" : 206.0,
      "steps" : 274,
      "calories" : 12,
      "trackPoints" : [ ]
    } ],
    "lastUpdate" : "20150602T103605Z"
  }, {
    "type" : "move",
    "startTime" : "20150602T181450+0900",
    "endTime" : "20150602T182059+0900",
    "activities" : [ {
      "activity" : "walking",
      "group" : "walking",
      "manual" : false,
      "startTime" : "20150602T181450+0900",
      "endTime" : "20150602T182100+0900",
      "duration" : 370.0,
      "distance" : 382.0,
      "steps" : 518,
      "calories" : 23,
      "trackPoints" : [ {
        "lat" : 43.0794932905,
        "lon" : 141.3403872229,
        "time" : "20150602T181450+0900"
      }, {
        "lat" : 43.0793621978,
        "lon" : 141.3405156974,
        "time" : "20150602T181544+0900"
      }, {
        "lat" : 43.0793566918,
        "lon" : 141.3405167224,
        "time" : "20150602T181723+0900"
      }, {
        "lat" : 43.0795430536,
        "lon" : 141.340364562,
        "time" : "20150602T181745+0900"
      }, {
        "lat" : 43.0797196258,
        "lon" : 141.3405181248,
        "time" : "20150602T181811+0900"
      }, {
        "lat" : 43.0813147003,
        "lon" : 141.3430077658,
        "time" : "20150602T182059+0900"
      } ]
    } ],
    "lastUpdate" : "20150602T103605Z"
  }, {
    "type" : "place",
    "startTime" : "20150602T182059+0900",
    "endTime" : "20150602T183403+0900",
    "place" : {
      "id" : 158119545,
      "type" : "unknown",
      "location" : {
        "lat" : 43.0813147003,
        "lon" : 141.3430077658
      }
    },
    "activities" : [ {
      "activity" : "walking",
      "group" : "walking",
      "manual" : false,
      "startTime" : "20150602T182332+0900",
      "endTime" : "20150602T182532+0900",
      "duration" : 120.0,
      "distance" : 86.0,
      "steps" : 172,
      "calories" : 5,
      "trackPoints" : [ ]
    } ],
    "lastUpdate" : "20150602T103605Z"
  }, {
    "type" : "place",
    "startTime" : "20150602T183404+0900",
    "endTime" : "20150603T084159+0900",
    "place" : {
      "id" : 147930617,
      "type" : "unknown",
      "location" : {
        "lat" : 43.0839664558,
        "lon" : 141.3445236816
      }
    },
    "activities" : [ {
      "activity" : "walking",
      "group" : "walking",
      "manual" : false,
      "startTime" : "20150602T200047+0900",
      "endTime" : "20150602T200147+0900",
      "duration" : 60.0,
      "distance" : 51.0,
      "steps" : 101,
      "calories" : 3,
      "trackPoints" : [ ]
    } ],
    "lastUpdate" : "20150603T033240Z"
  } ],
  "caloriesIdle" : 1706,
  "lastUpdate" : "20150603T033240Z"
} ]