[ {
  "date" : "20160625",
  "summary" : [ {
    "activity" : "walking",
    "group" : "walking",
    "duration" : 289.0,
    "distance" : 261.0,
    "steps" : 407,
    "calories" : 15
  } ],
  "segments" : [ {
    "type" : "place",
    "startTime" : "20160625T114114+0900",
    "endTime" : "20160626T100403+0900",
    "place" : {
      "id" : 283964410,
      "type" : "unknown",
      "location" : {
        "lat" : 42.992697,
        "lon" : 141.43784
      }
    },
    "activities" : [ {
      "activity" : "walking",
      "group" : "walking",
      "manual" : false,
      "startTime" : "20160625T130622+0900",
      "endTime" : "20160625T130903+0900",
      "duration" : 161.0,
      "distance" : 176.0,
      "steps" : 235,
      "calories" : 10,
      "trackPoints" : [ ]
    }, {
      "activity" : "walking",
      "group" : "walking",
      "manual" : false,
      "startTime" : "20160625T185326+0900",
      "endTime" : "20160625T185429+0900",
      "duration" : 63.0,
      "distance" : 42.0,
      "steps" : 85,
      "calories" : 2,
      "trackPoints" : [ ]
    }, {
      "activity" : "walking",
      "group" : "walking",
      "manual" : false,
      "startTime" : "20160625T192951+0900",
      "endTime" : "20160625T193056+0900",
      "duration" : 65.0,
      "distance" : 43.0,
      "steps" : 87,
      "calories" : 2,
      "trackPoints" : [ ]
    } ],
    "lastUpdate" : "20160626T024118Z"
  } ],
  "caloriesIdle" : 1601,
  "lastUpdate" : "20160626T024118Z"
} ]