[ {
  "date" : "20151023",
  "summary" : [ {
    "activity" : "walking",
    "group" : "walking",
    "duration" : 2261.0,
    "distance" : 2569.0,
    "steps" : 3494,
    "calories" : 152
  }, {
    "activity" : "cycling",
    "group" : "cycling",
    "duration" : 518.0,
    "distance" : 2087.0,
    "calories" : 56
  } ],
  "segments" : [ {
    "type" : "place",
    "startTime" : "20151022T180410+0900",
    "endTime" : "20151023T084157+0900",
    "place" : {
      "id" : 152143834,
      "type" : "unknown",
      "location" : {
        "lat" : 43.0846321394,
        "lon" : 141.3451669726
      }
    },
    "activities" : [ {
      "activity" : "walking",
      "group" : "walking",
      "manual" : false,
      "startTime" : "20151023T084032+0900",
      "endTime" : "20151023T085929+0900",
      "duration" : 1137.0,
      "distance" : 1442.0,
      "steps" : 1923,
      "calories" : 85,
      "trackPoints" : [ ]
    }, {
      "activity" : "walking",
      "group" : "walking",
      "manual" : false,
      "startTime" : "20151023T090000+0900",
      "endTime" : "20151023T090514+0900",
      "duration" : 314.0,
      "distance" : 400.0,
      "steps" : 534,
      "calories" : 24,
      "trackPoints" : [ ]
    } ],
    "lastUpdate" : "20151023T034320Z"
  }, {
    "type" : "move",
    "startTime" : "20151023T084157+0900",
    "endTime" : "20151023T084514+0900",
    "activities" : [ {
      "activity" : "cycling",
      "group" : "cycling",
      "manual" : false,
      "startTime" : "20151023T084157+0900",
      "endTime" : "20151023T084514+0900",
      "duration" : 197.0,
      "distance" : 1036.0,
      "calories" : 27,
      "trackPoints" : [ {
        "lat" : 43.0846321394,
        "lon" : 141.3451669726,
        "time" : "20151023T084157+0900"
      }, {
        "lat" : 43.0839586228,
        "lon" : 141.3444991295,
        "time" : "20151023T084227+0900"
      }, {
        "lat" : 43.0819946114,
        "lon" : 141.3449016149,
        "time" : "20151023T084300+0900"
      }, {
        "lat" : 43.0815065193,
        "lon" : 141.3449377431,
        "time" : "20151023T084317+0900"
      }, {
        "lat" : 43.081230404,
        "lon" : 141.3441096681,
        "time" : "20151023T084336+0900"
      }, {
        "lat" : 43.0812612255,
        "lon" : 141.3426112354,
        "time" : "20151023T084354+0900"
      }, {
        "lat" : 43.0811161766,
        "lon" : 141.3418092659,
        "time" : "20151023T084411+0900"
      }, {
        "lat" : 43.080838992,
        "lon" : 141.3407771133,
        "time" : "20151023T084433+0900"
      }, {
        "lat" : 43.0808290661,
        "lon" : 141.3414444099,
        "time" : "20151023T084457+0900"
      }, {
        "lat" : 43.0794932905,
        "lon" : 141.3403872229,
        "time" : "20151023T084514+0900"
      } ]
    } ],
    "lastUpdate" : "20151023T034320Z"
  }, {
    "type" : "place",
    "startTime" : "20151023T084514+0900",
    "endTime" : "20151023T115837+0900",
    "place" : {
      "id" : 141367537,
      "type" : "unknown",
      "location" : {
        "lat" : 43.0794932905,
        "lon" : 141.3403872229
      }
    },
    "activities" : [ {
      "activity" : "walking",
      "group" : "walking",
      "manual" : false,
      "startTime" : "20151023T084514+0900",
      "endTime" : "20151023T084637+0900",
      "duration" : 83.0,
      "distance" : 60.0,
      "steps" : 120,
      "calories" : 4,
      "trackPoints" : [ ]
    }, {
      "activity" : "walking",
      "group" : "walking",
      "manual" : false,
      "startTime" : "20151023T101242+0900",
      "endTime" : "20151023T101642+0900",
      "duration" : 240.0,
      "distance" : 180.0,
      "steps" : 235,
      "calories" : 11,
      "trackPoints" : [ ]
    } ],
    "lastUpdate" : "20151023T052627Z"
  }, {
    "type" : "move",
    "startTime" : "20151023T115837+0900",
    "endTime" : "20151023T120112+0900",
    "activities" : [ {
      "activity" : "walking",
      "group" : "walking",
      "manual" : false,
      "startTime" : "20151023T115837+0900",
      "endTime" : "20151023T120113+0900",
      "duration" : 156.0,
      "distance" : 203.0,
      "steps" : 294,
      "calories" : 12,
      "trackPoints" : [ {
        "lat" : 43.0794932905,
        "lon" : 141.3403872229,
        "time" : "20151023T115837+0900"
      }, {
        "lat" : 43.0797001407,
        "lon" : 141.3402682692,
        "time" : "20151023T115909+0900"
      }, {
        "lat" : 43.0796558748,
        "lon" : 141.3403755365,
        "time" : "20151023T115927+0900"
      }, {
        "lat" : 43.0795146278,
        "lon" : 141.3405086051,
        "time" : "20151023T115948+0900"
      }, {
        "lat" : 43.0794113815,
        "lon" : 141.3405212558,
        "time" : "20151023T115959+0900"
      }, {
        "lat" : 43.079411295,
        "lon" : 141.3405212664,
        "time" : "20151023T120000+0900"
      }, {
        "lat" : 43.0792880096,
        "lon" : 141.3405363725,
        "time" : "20151023T120014+0900"
      }, {
        "lat" : 43.0791027421,
        "lon" : 141.3406181893,
        "time" : "20151023T120031+0900"
      }, {
        "lat" : 43.078808745,
        "lon" : 141.339776401,
        "time" : "20151023T120112+0900"
      } ]
    } ],
    "lastUpdate" : "20151023T052627Z"
  }, {
    "type" : "place",
    "startTime" : "20151023T120112+0900",
    "endTime" : "20151023T121057+0900",
    "place" : {
      "id" : 173111003,
      "type" : "unknown",
      "location" : {
        "lat" : 43.078808745,
        "lon" : 141.339776401
      }
    },
    "activities" : [ {
      "activity" : "walking",
      "group" : "walking",
      "manual" : false,
      "startTime" : "20151023T120739+0900",
      "endTime" : "20151023T120809+0900",
      "duration" : 30.0,
      "distance" : 15.0,
      "steps" : 30,
      "calories" : 1,
      "trackPoints" : [ ]
    } ],
    "lastUpdate" : "20151023T052627Z"
  }, {
    "type" : "place",
    "startTime" : "20151023T124325+0900",
    "endTime" : "20151023T142451+0900",
    "place" : {
      "id" : 173111003,
      "type" : "unknown",
      "location" : {
        "lat" : 43.078808745,
        "lon" : 141.339776401
      }
    },
    "activities" : [ {
      "activity" : "walking",
      "group" : "walking",
      "manual" : false,
      "startTime" : "20151023T124604+0900",
      "endTime" : "20151023T125105+0900",
      "duration" : 301.0,
      "distance" : 269.0,
      "steps" : 358,
      "calories" : 16,
      "trackPoints" : [ ]
    } ],
    "lastUpdate" : "20151023T113440Z"
  }, {
    "type" : "move",
    "startTime" : "20151023T142451+0900",
    "endTime" : "20151023T143012+0900",
    "activities" : [ {
      "activity" : "cycling",
      "group" : "cycling",
      "manual" : false,
      "startTime" : "20151023T142451+0900",
      "endTime" : "20151023T143012+0900",
      "duration" : 321.0,
      "distance" : 1051.0,
      "calories" : 29,
      "trackPoints" : [ {
        "lat" : 43.078808745,
        "lon" : 141.339776401,
        "time" : "20151023T142451+0900"
      }, {
        "lat" : 43.0809301789,
        "lon" : 141.3421670167,
        "time" : "20151023T142633+0900"
      }, {
        "lat" : 43.0812247998,
        "lon" : 141.3438514838,
        "time" : "20151023T142708+0900"
      }, {
        "lat" : 43.0812830848,
        "lon" : 141.3446659017,
        "time" : "20151023T142731+0900"
      }, {
        "lat" : 43.0813805009,
        "lon" : 141.3453029964,
        "time" : "20151023T142754+0900"
      }, {
        "lat" : 43.0814977034,
        "lon" : 141.3453420179,
        "time" : "20151023T142832+0900"
      }, {
        "lat" : 43.0821098233,
        "lon" : 141.345078262,
        "time" : "20151023T142855+0900"
      }, {
        "lat" : 43.0827920868,
        "lon" : 141.3449496153,
        "time" : "20151023T142918+0900"
      }, {
        "lat" : 43.0834047558,
        "lon" : 141.3448522094,
        "time" : "20151023T142938+0900"
      }, {
        "lat" : 43.0840084065,
        "lon" : 141.344708528,
        "time" : "20151023T142956+0900"
      }, {
        "lat" : 43.0846321394,
        "lon" : 141.3451669726,
        "time" : "20151023T143012+0900"
      } ]
    } ],
    "lastUpdate" : "20151023T113440Z"
  }, {
    "type" : "place",
    "startTime" : "20151023T143012+0900",
    "endTime" : "20151024T151543+0900",
    "place" : {
      "id" : 152143834,
      "type" : "unknown",
      "location" : {
        "lat" : 43.0846321394,
        "lon" : 141.3451669726
      }
    },
    "lastUpdate" : "20151025T070145Z"
  } ],
  "caloriesIdle" : 1706,
  "lastUpdate" : "20151025T070145Z"
} ]