[ {
  "date" : "20160914",
  "summary" : [ {
    "activity" : "walking",
    "group" : "walking",
    "duration" : 2235.0,
    "distance" : 2043.0,
    "steps" : 2881,
    "calories" : 114
  }, {
    "activity" : "cycling",
    "group" : "cycling",
    "duration" : 3983.0,
    "distance" : 15873.0,
    "calories" : 399
  } ],
  "segments" : [ {
    "type" : "place",
    "startTime" : "20160913T194614+0900",
    "endTime" : "20160914T110838+0900",
    "place" : {
      "id" : 257240275,
      "type" : "unknown",
      "location" : {
        "lat" : 43.084886,
        "lon" : 141.3453
      }
    },
    "activities" : [ {
      "activity" : "walking",
      "group" : "walking",
      "manual" : false,
      "startTime" : "20160914T110732+0900",
      "endTime" : "20160914T111708+0900",
      "duration" : 576.0,
      "distance" : 590.0,
      "steps" : 787,
      "calories" : 33,
      "trackPoints" : [ ]
    } ],
    "lastUpdate" : "20160914T052727Z"
  }, {
    "type" : "move",
    "startTime" : "20160914T110838+0900",
    "endTime" : "20160914T111356+0900",
    "activities" : [ {
      "activity" : "cycling",
      "group" : "cycling",
      "manual" : false,
      "startTime" : "20160914T110838+0900",
      "endTime" : "20160914T111355+0900",
      "duration" : 317.0,
      "distance" : 1329.0,
      "calories" : 33,
      "trackPoints" : [ {
        "lat" : 43.084886,
        "lon" : 141.3453,
        "time" : "20160914T110838+0900"
      }, {
        "lat" : 43.083836,
        "lon" : 141.34464,
        "time" : "20160914T110853+0900"
      }, {
        "lat" : 43.08307,
        "lon" : 141.34478,
        "time" : "20160914T110909+0900"
      }, {
        "lat" : 43.082234,
        "lon" : 141.34499,
        "time" : "20160914T110926+0900"
      }, {
        "lat" : 43.081628,
        "lon" : 141.34519,
        "time" : "20160914T110942+0900"
      }, {
        "lat" : 43.081471,
        "lon" : 141.34535,
        "time" : "20160914T111005+0900"
      }, {
        "lat" : 43.08151,
        "lon" : 141.34538,
        "time" : "20160914T111035+0900"
      }, {
        "lat" : 43.081458,
        "lon" : 141.34534,
        "time" : "20160914T111101+0900"
      }, {
        "lat" : 43.081416,
        "lon" : 141.34499,
        "time" : "20160914T111119+0900"
      }, {
        "lat" : 43.081279,
        "lon" : 141.34381,
        "time" : "20160914T111137+0900"
      }, {
        "lat" : 43.081092,
        "lon" : 141.34251,
        "time" : "20160914T111157+0900"
      }, {
        "lat" : 43.080452,
        "lon" : 141.34144,
        "time" : "20160914T111216+0900"
      }, {
        "lat" : 43.079737,
        "lon" : 141.34099,
        "time" : "20160914T111232+0900"
      }, {
        "lat" : 43.076284,
        "lon" : 141.34186,
        "time" : "20160914T111356+0900"
      } ]
    } ],
    "lastUpdate" : "20160914T052727Z"
  }, {
    "type" : "place",
    "startTime" : "20160914T111356+0900",
    "endTime" : "20160914T125825+0900",
    "place" : {
      "id" : 168440696,
      "type" : "unknown",
      "location" : {
        "lat" : 43.0765262342,
        "lon" : 141.3416395208
      }
    },
    "activities" : [ {
      "activity" : "walking",
      "group" : "walking",
      "manual" : false,
      "startTime" : "20160914T111409+0900",
      "endTime" : "20160914T111527+0900",
      "duration" : 78.0,
      "distance" : 52.0,
      "steps" : 104,
      "calories" : 3,
      "trackPoints" : [ ]
    }, {
      "activity" : "walking",
      "group" : "walking",
      "manual" : false,
      "startTime" : "20160914T125534+0900",
      "endTime" : "20160914T125804+0900",
      "duration" : 150.0,
      "distance" : 155.0,
      "steps" : 206,
      "calories" : 9,
      "trackPoints" : [ ]
    } ],
    "lastUpdate" : "20160914T052729Z"
  }, {
    "type" : "move",
    "startTime" : "20160914T125825+0900",
    "endTime" : "20160914T131656+0900",
    "activities" : [ {
      "activity" : "cycling",
      "group" : "cycling",
      "manual" : false,
      "startTime" : "20160914T125825+0900",
      "endTime" : "20160914T130232+0900",
      "duration" : 247.0,
      "distance" : 1032.0,
      "calories" : 26,
      "trackPoints" : [ {
        "lat" : 43.076526,
        "lon" : 141.34164,
        "time" : "20160914T125825+0900"
      }, {
        "lat" : 43.078251,
        "lon" : 141.34125,
        "time" : "20160914T125852+0900"
      }, {
        "lat" : 43.078778,
        "lon" : 141.34107,
        "time" : "20160914T125908+0900"
      }, {
        "lat" : 43.07914,
        "lon" : 141.34099,
        "time" : "20160914T125925+0900"
      }, {
        "lat" : 43.08097,
        "lon" : 141.34142,
        "time" : "20160914T125959+0900"
      }, {
        "lat" : 43.080971,
        "lon" : 141.34142,
        "time" : "20160914T130000+0900"
      }, {
        "lat" : 43.081014,
        "lon" : 141.34143,
        "time" : "20160914T130000+0900"
      }, {
        "lat" : 43.081163,
        "lon" : 141.34256,
        "time" : "20160914T130018+0900"
      }, {
        "lat" : 43.081187,
        "lon" : 141.3427,
        "time" : "20160914T130040+0900"
      }, {
        "lat" : 43.081158,
        "lon" : 141.34268,
        "time" : "20160914T130059+0900"
      }, {
        "lat" : 43.081141,
        "lon" : 141.34275,
        "time" : "20160914T130122+0900"
      }, {
        "lat" : 43.081249,
        "lon" : 141.34354,
        "time" : "20160914T130141+0900"
      }, {
        "lat" : 43.081531,
        "lon" : 141.34454,
        "time" : "20160914T130200+0900"
      }, {
        "lat" : 43.082841,
        "lon" : 141.34486,
        "time" : "20160914T130232+0900"
      } ]
    }, {
      "activity" : "walking",
      "group" : "walking",
      "manual" : false,
      "startTime" : "20160914T130232+0900",
      "endTime" : "20160914T130610+0900",
      "duration" : 218.0,
      "distance" : 295.0,
      "steps" : 305,
      "calories" : 16,
      "trackPoints" : [ {
        "lat" : 43.082841,
        "lon" : 141.34486,
        "time" : "20160914T130232+0900"
      }, {
        "lat" : 43.083616,
        "lon" : 141.3447,
        "time" : "20160914T130252+0900"
      }, {
        "lat" : 43.084261,
        "lon" : 141.34492,
        "time" : "20160914T130318+0900"
      }, {
        "lat" : 43.084287,
        "lon" : 141.34498,
        "time" : "20160914T130341+0900"
      }, {
        "lat" : 43.084293,
        "lon" : 141.34484,
        "time" : "20160914T130357+0900"
      }, {
        "lat" : 43.084699,
        "lon" : 141.34512,
        "time" : "20160914T130439+0900"
      }, {
        "lat" : 43.084655,
        "lon" : 141.34505,
        "time" : "20160914T130511+0900"
      }, {
        "lat" : 43.084398,
        "lon" : 141.34497,
        "time" : "20160914T130555+0900"
      }, {
        "lat" : 43.084375,
        "lon" : 141.34493,
        "time" : "20160914T130611+0900"
      } ]
    }, {
      "activity" : "cycling",
      "group" : "cycling",
      "manual" : false,
      "startTime" : "20160914T130611+0900",
      "endTime" : "20160914T131237+0900",
      "duration" : 386.0,
      "distance" : 1243.0,
      "calories" : 32,
      "trackPoints" : [ {
        "lat" : 43.084375,
        "lon" : 141.34493,
        "time" : "20160914T130611+0900"
      }, {
        "lat" : 43.084182,
        "lon" : 141.34464,
        "time" : "20160914T130635+0900"
      }, {
        "lat" : 43.082817,
        "lon" : 141.34499,
        "time" : "20160914T130710+0900"
      }, {
        "lat" : 43.081824,
        "lon" : 141.34527,
        "time" : "20160914T130733+0900"
      }, {
        "lat" : 43.081452,
        "lon" : 141.34473,
        "time" : "20160914T130755+0900"
      }, {
        "lat" : 43.081256,
        "lon" : 141.34374,
        "time" : "20160914T130816+0900"
      }, {
        "lat" : 43.081168,
        "lon" : 141.34296,
        "time" : "20160914T130843+0900"
      }, {
        "lat" : 43.081143,
        "lon" : 141.34282,
        "time" : "20160914T130859+0900"
      }, {
        "lat" : 43.081123,
        "lon" : 141.34278,
        "time" : "20160914T130920+0900"
      }, {
        "lat" : 43.081019,
        "lon" : 141.34261,
        "time" : "20160914T130945+0900"
      }, {
        "lat" : 43.079951,
        "lon" : 141.3413,
        "time" : "20160914T131029+0900"
      }, {
        "lat" : 43.079316,
        "lon" : 141.34095,
        "time" : "20160914T131049+0900"
      }, {
        "lat" : 43.078176,
        "lon" : 141.34115,
        "time" : "20160914T131115+0900"
      }, {
        "lat" : 43.07751,
        "lon" : 141.34141,
        "time" : "20160914T131134+0900"
      }, {
        "lat" : 43.076747,
        "lon" : 141.34163,
        "time" : "20160914T131156+0900"
      }, {
        "lat" : 43.076544,
        "lon" : 141.34176,
        "time" : "20160914T131217+0900"
      }, {
        "lat" : 43.076169,
        "lon" : 141.34182,
        "time" : "20160914T131237+0900"
      } ]
    }, {
      "activity" : "walking",
      "group" : "walking",
      "manual" : false,
      "startTime" : "20160914T131237+0900",
      "endTime" : "20160914T131656+0900",
      "duration" : 259.0,
      "distance" : 129.0,
      "steps" : 147,
      "calories" : 7,
      "trackPoints" : [ {
        "lat" : 43.076169,
        "lon" : 141.34182,
        "time" : "20160914T131237+0900"
      }, {
        "lat" : 43.076336,
        "lon" : 141.34197,
        "time" : "20160914T131257+0900"
      }, {
        "lat" : 43.076348,
        "lon" : 141.34203,
        "time" : "20160914T131317+0900"
      }, {
        "lat" : 43.076349,
        "lon" : 141.34205,
        "time" : "20160914T131338+0900"
      }, {
        "lat" : 43.076348,
        "lon" : 141.34205,
        "time" : "20160914T131407+0900"
      }, {
        "lat" : 43.076349,
        "lon" : 141.34206,
        "time" : "20160914T131438+0900"
      }, {
        "lat" : 43.07635,
        "lon" : 141.34208,
        "time" : "20160914T131531+0900"
      }, {
        "lat" : 43.07635,
        "lon" : 141.34213,
        "time" : "20160914T131557+0900"
      }, {
        "lat" : 43.076284,
        "lon" : 141.34186,
        "time" : "20160914T131656+0900"
      } ]
    } ],
    "lastUpdate" : "20160914T052729Z"
  }, {
    "type" : "place",
    "startTime" : "20160914T131657+0900",
    "endTime" : "20160914T132020+0900",
    "place" : {
      "id" : 336249736,
      "type" : "unknown",
      "location" : {
        "lat" : 43.076284,
        "lon" : 141.34186
      }
    },
    "activities" : [ {
      "activity" : "walking",
      "group" : "walking",
      "manual" : false,
      "startTime" : "20160914T131749+0900",
      "endTime" : "20160914T131854+0900",
      "duration" : 65.0,
      "distance" : 43.0,
      "steps" : 87,
      "calories" : 2,
      "trackPoints" : [ ]
    } ],
    "lastUpdate" : "20160914T052729Z"
  }, {
    "type" : "move",
    "startTime" : "20160914T132020+0900",
    "endTime" : "20160914T132607+0900",
    "activities" : [ {
      "activity" : "cycling",
      "group" : "cycling",
      "manual" : false,
      "startTime" : "20160914T132020+0900",
      "endTime" : "20160914T132607+0900",
      "duration" : 347.0,
      "distance" : 1500.0,
      "calories" : 37,
      "trackPoints" : [ {
        "lat" : 43.076284,
        "lon" : 141.34186,
        "time" : "20160914T132020+0900"
      }, {
        "lat" : 43.07622,
        "lon" : 141.34174,
        "time" : "20160914T132054+0900"
      }, {
        "lat" : 43.075411,
        "lon" : 141.34179,
        "time" : "20160914T132115+0900"
      }, {
        "lat" : 43.076214,
        "lon" : 141.34178,
        "time" : "20160914T132138+0900"
      }, {
        "lat" : 43.077033,
        "lon" : 141.34159,
        "time" : "20160914T132156+0900"
      }, {
        "lat" : 43.077695,
        "lon" : 141.34141,
        "time" : "20160914T132212+0900"
      }, {
        "lat" : 43.078602,
        "lon" : 141.34113,
        "time" : "20160914T132229+0900"
      }, {
        "lat" : 43.079344,
        "lon" : 141.34094,
        "time" : "20160914T132248+0900"
      }, {
        "lat" : 43.080867,
        "lon" : 141.34115,
        "time" : "20160914T132323+0900"
      }, {
        "lat" : 43.08109,
        "lon" : 141.3424,
        "time" : "20160914T132353+0900"
      }, {
        "lat" : 43.081114,
        "lon" : 141.3427,
        "time" : "20160914T132409+0900"
      }, {
        "lat" : 43.081212,
        "lon" : 141.34304,
        "time" : "20160914T132426+0900"
      }, {
        "lat" : 43.081432,
        "lon" : 141.34451,
        "time" : "20160914T132450+0900"
      }, {
        "lat" : 43.081843,
        "lon" : 141.34508,
        "time" : "20160914T132512+0900"
      }, {
        "lat" : 43.082357,
        "lon" : 141.34496,
        "time" : "20160914T132528+0900"
      }, {
        "lat" : 43.083266,
        "lon" : 141.34474,
        "time" : "20160914T132545+0900"
      }, {
        "lat" : 43.084886,
        "lon" : 141.3453,
        "time" : "20160914T132607+0900"
      } ]
    } ],
    "lastUpdate" : "20160914T052729Z"
  }, {
    "type" : "place",
    "startTime" : "20160914T132607+0900",
    "endTime" : "20160914T180552+0900",
    "place" : {
      "id" : 257240275,
      "type" : "unknown",
      "location" : {
        "lat" : 43.084886,
        "lon" : 141.3453
      }
    },
    "activities" : [ {
      "activity" : "walking",
      "group" : "walking",
      "manual" : false,
      "startTime" : "20160914T132607+0900",
      "endTime" : "20160914T132709+0900",
      "duration" : 62.0,
      "distance" : 42.0,
      "steps" : 84,
      "calories" : 2,
      "trackPoints" : [ ]
    }, {
      "activity" : "walking",
      "group" : "walking",
      "manual" : false,
      "startTime" : "20160914T180445+0900",
      "endTime" : "20160914T180812+0900",
      "duration" : 207.0,
      "distance" : 207.0,
      "steps" : 277,
      "calories" : 12,
      "trackPoints" : [ ]
    } ],
    "lastUpdate" : "20160914T100722Z"
  }, {
    "type" : "move",
    "startTime" : "20160914T180552+0900",
    "endTime" : "20160914T183108+0900",
    "activities" : [ {
      "activity" : "cycling",
      "group" : "cycling",
      "manual" : false,
      "startTime" : "20160914T180552+0900",
      "endTime" : "20160914T183108+0900",
      "duration" : 1516.0,
      "distance" : 5335.0,
      "calories" : 136,
      "trackPoints" : [ {
        "lat" : 43.084886,
        "lon" : 141.3453,
        "time" : "20160914T180552+0900"
      }, {
        "lat" : 43.084328,
        "lon" : 141.34481,
        "time" : "20160914T180612+0900"
      }, {
        "lat" : 43.085149,
        "lon" : 141.34438,
        "time" : "20160914T180639+0900"
      }, {
        "lat" : 43.085798,
        "lon" : 141.34421,
        "time" : "20160914T180656+0900"
      }, {
        "lat" : 43.086296,
        "lon" : 141.34408,
        "time" : "20160914T180712+0900"
      }, {
        "lat" : 43.087386,
        "lon" : 141.34381,
        "time" : "20160914T180737+0900"
      }, {
        "lat" : 43.08826,
        "lon" : 141.3436,
        "time" : "20160914T180756+0900"
      }, {
        "lat" : 43.088457,
        "lon" : 141.3437,
        "time" : "20160914T180812+0900"
      }, {
        "lat" : 43.088678,
        "lon" : 141.34498,
        "time" : "20160914T180837+0900"
      }, {
        "lat" : 43.089083,
        "lon" : 141.3464,
        "time" : "20160914T180904+0900"
      }, {
        "lat" : 43.089701,
        "lon" : 141.3466,
        "time" : "20160914T180924+0900"
      }, {
        "lat" : 43.089887,
        "lon" : 141.3477,
        "time" : "20160914T180948+0900"
      }, {
        "lat" : 43.090567,
        "lon" : 141.34754,
        "time" : "20160914T181005+0900"
      }, {
        "lat" : 43.090699,
        "lon" : 141.34804,
        "time" : "20160914T181020+0900"
      }, {
        "lat" : 43.090923,
        "lon" : 141.34915,
        "time" : "20160914T181038+0900"
      }, {
        "lat" : 43.091073,
        "lon" : 141.35041,
        "time" : "20160914T181101+0900"
      }, {
        "lat" : 43.091135,
        "lon" : 141.35127,
        "time" : "20160914T181118+0900"
      }, {
        "lat" : 43.091212,
        "lon" : 141.35172,
        "time" : "20160914T181141+0900"
      }, {
        "lat" : 43.091441,
        "lon" : 141.35308,
        "time" : "20160914T181210+0900"
      }, {
        "lat" : 43.09163,
        "lon" : 141.35458,
        "time" : "20160914T181241+0900"
      }, {
        "lat" : 43.091773,
        "lon" : 141.35542,
        "time" : "20160914T181257+0900"
      }, {
        "lat" : 43.091916,
        "lon" : 141.35658,
        "time" : "20160914T181319+0900"
      }, {
        "lat" : 43.092139,
        "lon" : 141.35827,
        "time" : "20160914T181350+0900"
      }, {
        "lat" : 43.09223,
        "lon" : 141.35911,
        "time" : "20160914T181405+0900"
      }, {
        "lat" : 43.092417,
        "lon" : 141.36017,
        "time" : "20160914T181425+0900"
      }, {
        "lat" : 43.092593,
        "lon" : 141.36124,
        "time" : "20160914T181445+0900"
      }, {
        "lat" : 43.092732,
        "lon" : 141.36287,
        "time" : "20160914T181513+0900"
      }, {
        "lat" : 43.092931,
        "lon" : 141.36433,
        "time" : "20160914T181540+0900"
      }, {
        "lat" : 43.093076,
        "lon" : 141.36557,
        "time" : "20160914T181603+0900"
      }, {
        "lat" : 43.093231,
        "lon" : 141.3665,
        "time" : "20160914T181619+0900"
      }, {
        "lat" : 43.093307,
        "lon" : 141.36727,
        "time" : "20160914T181642+0900"
      }, {
        "lat" : 43.093367,
        "lon" : 141.36757,
        "time" : "20160914T181711+0900"
      }, {
        "lat" : 43.093471,
        "lon" : 141.3683,
        "time" : "20160914T181727+0900"
      }, {
        "lat" : 43.093651,
        "lon" : 141.36935,
        "time" : "20160914T181749+0900"
      }, {
        "lat" : 43.093737,
        "lon" : 141.37035,
        "time" : "20160914T181813+0900"
      }, {
        "lat" : 43.09387,
        "lon" : 141.3715,
        "time" : "20160914T181837+0900"
      }, {
        "lat" : 43.094085,
        "lon" : 141.37268,
        "time" : "20160914T181900+0900"
      }, {
        "lat" : 43.094154,
        "lon" : 141.37368,
        "time" : "20160914T181921+0900"
      }, {
        "lat" : 43.094275,
        "lon" : 141.37457,
        "time" : "20160914T181941+0900"
      }, {
        "lat" : 43.09431,
        "lon" : 141.37522,
        "time" : "20160914T182000+0900"
      }, {
        "lat" : 43.094486,
        "lon" : 141.37671,
        "time" : "20160914T182028+0900"
      }, {
        "lat" : 43.094536,
        "lon" : 141.37761,
        "time" : "20160914T182044+0900"
      }, {
        "lat" : 43.094529,
        "lon" : 141.37852,
        "time" : "20160914T182102+0900"
      }, {
        "lat" : 43.094548,
        "lon" : 141.3794,
        "time" : "20160914T182120+0900"
      }, {
        "lat" : 43.094535,
        "lon" : 141.38053,
        "time" : "20160914T182145+0900"
      }, {
        "lat" : 43.094493,
        "lon" : 141.38082,
        "time" : "20160914T182239+0900"
      }, {
        "lat" : 43.094439,
        "lon" : 141.38148,
        "time" : "20160914T182255+0900"
      }, {
        "lat" : 43.094376,
        "lon" : 141.38219,
        "time" : "20160914T182311+0900"
      }, {
        "lat" : 43.094318,
        "lon" : 141.38301,
        "time" : "20160914T182334+0900"
      }, {
        "lat" : 43.094109,
        "lon" : 141.38414,
        "time" : "20160914T182403+0900"
      }, {
        "lat" : 43.093983,
        "lon" : 141.38507,
        "time" : "20160914T182422+0900"
      }, {
        "lat" : 43.093793,
        "lon" : 141.38588,
        "time" : "20160914T182442+0900"
      }, {
        "lat" : 43.093537,
        "lon" : 141.38656,
        "time" : "20160914T182505+0900"
      }, {
        "lat" : 43.093202,
        "lon" : 141.38797,
        "time" : "20160914T182533+0900"
      }, {
        "lat" : 43.092942,
        "lon" : 141.3887,
        "time" : "20160914T182549+0900"
      }, {
        "lat" : 43.092772,
        "lon" : 141.38939,
        "time" : "20160914T182605+0900"
      }, {
        "lat" : 43.092457,
        "lon" : 141.39032,
        "time" : "20160914T182628+0900"
      }, {
        "lat" : 43.092083,
        "lon" : 141.39125,
        "time" : "20160914T182649+0900"
      }, {
        "lat" : 43.091798,
        "lon" : 141.39195,
        "time" : "20160914T182705+0900"
      }, {
        "lat" : 43.091499,
        "lon" : 141.39266,
        "time" : "20160914T182808+0900"
      }, {
        "lat" : 43.091364,
        "lon" : 141.39358,
        "time" : "20160914T182832+0900"
      }, {
        "lat" : 43.090848,
        "lon" : 141.39436,
        "time" : "20160914T182851+0900"
      }, {
        "lat" : 43.09053,
        "lon" : 141.39499,
        "time" : "20160914T182910+0900"
      }, {
        "lat" : 43.090424,
        "lon" : 141.39568,
        "time" : "20160914T182933+0900"
      }, {
        "lat" : 43.090172,
        "lon" : 141.39624,
        "time" : "20160914T182949+0900"
      }, {
        "lat" : 43.089803,
        "lon" : 141.3971,
        "time" : "20160914T183011+0900"
      }, {
        "lat" : 43.089676,
        "lon" : 141.39771,
        "time" : "20160914T183028+0900"
      }, {
        "lat" : 43.089661,
        "lon" : 141.39782,
        "time" : "20160914T183044+0900"
      }, {
        "lat" : 43.089548,
        "lon" : 141.39792,
        "time" : "20160914T183108+0900"
      } ]
    } ],
    "lastUpdate" : "20160914T100722Z"
  }, {
    "type" : "place",
    "startTime" : "20160914T183108+0900",
    "endTime" : "20160914T184426+0900",
    "place" : {
      "id" : 333849664,
      "type" : "unknown",
      "location" : {
        "lat" : 43.089548,
        "lon" : 141.39792
      }
    },
    "activities" : [ {
      "activity" : "walking",
      "group" : "walking",
      "manual" : false,
      "startTime" : "20160914T183111+0900",
      "endTime" : "20160914T183236+0900",
      "duration" : 85.0,
      "distance" : 57.0,
      "steps" : 114,
      "calories" : 3,
      "trackPoints" : [ ]
    } ],
    "lastUpdate" : "20160914T100722Z"
  }, {
    "type" : "move",
    "startTime" : "20160914T184426+0900",
    "endTime" : "20160914T184753+0900",
    "activities" : [ {
      "activity" : "walking",
      "group" : "walking",
      "manual" : false,
      "startTime" : "20160914T184426+0900",
      "endTime" : "20160914T184753+0900",
      "duration" : 207.0,
      "distance" : 179.0,
      "steps" : 293,
      "calories" : 10,
      "trackPoints" : [ {
        "lat" : 43.089548,
        "lon" : 141.39792,
        "time" : "20160914T184426+0900"
      }, {
        "lat" : 43.089656,
        "lon" : 141.39965,
        "time" : "20160914T184738+0900"
      }, {
        "lat" : 43.089779,
        "lon" : 141.39977,
        "time" : "20160914T184753+0900"
      } ]
    } ],
    "lastUpdate" : "20160914T100722Z"
  }, {
    "type" : "move",
    "startTime" : "20160914T184754+0900",
    "endTime" : "20160914T184952+0900",
    "activities" : [ {
      "activity" : "walking",
      "group" : "walking",
      "manual" : false,
      "startTime" : "20160914T184754+0900",
      "endTime" : "20160914T184952+0900",
      "duration" : 118.0,
      "distance" : 129.0,
      "steps" : 144,
      "calories" : 7,
      "trackPoints" : [ {
        "lat" : 43.089781,
        "lon" : 141.39977,
        "time" : "20160914T184754+0900"
      }, {
        "lat" : 43.089657,
        "lon" : 141.3984,
        "time" : "20160914T184952+0900"
      } ]
    } ],
    "lastUpdate" : "20160914T131425Z"
  }, {
    "type" : "place",
    "startTime" : "20160914T184953+0900",
    "endTime" : "20160914T212613+0900",
    "place" : {
      "id" : 336437478,
      "type" : "unknown",
      "location" : {
        "lat" : 43.089657,
        "lon" : 141.3984
      }
    },
    "activities" : [ {
      "activity" : "walking",
      "group" : "walking",
      "manual" : false,
      "startTime" : "20160914T202221+0900",
      "endTime" : "20160914T202245+0900",
      "duration" : 24.0,
      "distance" : 16.0,
      "steps" : 32,
      "calories" : 1,
      "trackPoints" : [ ]
    }, {
      "activity" : "walking",
      "group" : "walking",
      "manual" : false,
      "startTime" : "20160914T212237+0900",
      "endTime" : "20160914T212416+0900",
      "duration" : 99.0,
      "distance" : 91.0,
      "steps" : 183,
      "calories" : 5,
      "trackPoints" : [ ]
    } ],
    "lastUpdate" : "20160914T131425Z"
  }, {
    "type" : "move",
    "startTime" : "20160914T212613+0900",
    "endTime" : "20160914T214544+0900",
    "activities" : [ {
      "activity" : "cycling",
      "group" : "cycling",
      "manual" : false,
      "startTime" : "20160914T212613+0900",
      "endTime" : "20160914T214543+0900",
      "duration" : 1170.0,
      "distance" : 5434.0,
      "calories" : 135,
      "trackPoints" : [ {
        "lat" : 43.089657,
        "lon" : 141.3984,
        "time" : "20160914T212613+0900"
      }, {
        "lat" : 43.093117,
        "lon" : 141.38859,
        "time" : "20160914T212956+0900"
      }, {
        "lat" : 43.093342,
        "lon" : 141.38779,
        "time" : "20160914T213012+0900"
      }, {
        "lat" : 43.094542,
        "lon" : 141.37931,
        "time" : "20160914T213246+0900"
      }, {
        "lat" : 43.09273,
        "lon" : 141.3635,
        "time" : "20160914T213748+0900"
      }, {
        "lat" : 43.092736,
        "lon" : 141.36244,
        "time" : "20160914T213808+0900"
      }, {
        "lat" : 43.091961,
        "lon" : 141.35315,
        "time" : "20160914T214114+0900"
      }, {
        "lat" : 43.091446,
        "lon" : 141.35145,
        "time" : "20160914T214145+0900"
      }, {
        "lat" : 43.088683,
        "lon" : 141.34313,
        "time" : "20160914T214528+0900"
      }, {
        "lat" : 43.088185,
        "lon" : 141.3435,
        "time" : "20160914T214544+0900"
      } ]
    } ],
    "lastUpdate" : "20160914T131425Z"
  }, {
    "type" : "place",
    "startTime" : "20160914T214753+0900",
    "endTime" : "20160915T145948+0900",
    "place" : {
      "id" : 336820244,
      "type" : "unknown",
      "location" : {
        "lat" : 43.087456,
        "lon" : 141.34367
      }
    },
    "activities" : [ {
      "activity" : "walking",
      "group" : "walking",
      "manual" : false,
      "startTime" : "20160914T214753+0900",
      "endTime" : "20160914T214902+0900",
      "duration" : 69.0,
      "distance" : 46.0,
      "steps" : 93,
      "calories" : 3,
      "trackPoints" : [ ]
    }, {
      "activity" : "walking",
      "group" : "walking",
      "manual" : false,
      "startTime" : "20160914T220633+0900",
      "endTime" : "20160914T220651+0900",
      "duration" : 18.0,
      "distance" : 12.0,
      "steps" : 25,
      "calories" : 1,
      "trackPoints" : [ ]
    } ],
    "lastUpdate" : "20160915T074938Z"
  } ],
  "caloriesIdle" : 1601,
  "lastUpdate" : "20160915T074938Z"
} ]