[ {
  "date" : "20151204",
  "summary" : [ {
    "activity" : "walking",
    "group" : "walking",
    "duration" : 2277.0,
    "distance" : 2923.0,
    "steps" : 3514,
    "calories" : 173
  } ],
  "segments" : [ {
    "type" : "place",
    "startTime" : "20151203T143950+0900",
    "endTime" : "20151204T083514+0900",
    "place" : {
      "id" : 152143834,
      "type" : "unknown",
      "location" : {
        "lat" : 43.0846321394,
        "lon" : 141.3451669726
      }
    },
    "lastUpdate" : "20151204T013158Z"
  }, {
    "type" : "move",
    "startTime" : "20151204T083514+0900",
    "endTime" : "20151204T084506+0900",
    "activities" : [ {
      "activity" : "walking",
      "group" : "walking",
      "manual" : false,
      "startTime" : "20151204T083514+0900",
      "endTime" : "20151204T084506+0900",
      "duration" : 592.0,
      "distance" : 924.0,
      "steps" : 1076,
      "calories" : 55,
      "trackPoints" : [ {
        "lat" : 43.0846321394,
        "lon" : 141.3451669726,
        "time" : "20151204T083514+0900"
      }, {
        "lat" : 43.0841975975,
        "lon" : 141.3447027007,
        "time" : "20151204T083542+0900"
      }, {
        "lat" : 43.0840119092,
        "lon" : 141.3445797179,
        "time" : "20151204T083601+0900"
      }, {
        "lat" : 43.0835502083,
        "lon" : 141.344658176,
        "time" : "20151204T083628+0900"
      }, {
        "lat" : 43.0832758318,
        "lon" : 141.3447233059,
        "time" : "20151204T083649+0900"
      }, {
        "lat" : 43.083058418,
        "lon" : 141.3447636363,
        "time" : "20151204T083709+0900"
      }, {
        "lat" : 43.0826732401,
        "lon" : 141.3448253378,
        "time" : "20151204T083731+0900"
      }, {
        "lat" : 43.0823969368,
        "lon" : 141.3448143171,
        "time" : "20151204T083747+0900"
      }, {
        "lat" : 43.0819418874,
        "lon" : 141.344600141,
        "time" : "20151204T083821+0900"
      }, {
        "lat" : 43.0818076815,
        "lon" : 141.3447165707,
        "time" : "20151204T083838+0900"
      }, {
        "lat" : 43.0815357587,
        "lon" : 141.3447360101,
        "time" : "20151204T083858+0900"
      }, {
        "lat" : 43.0814005142,
        "lon" : 141.3445965422,
        "time" : "20151204T083915+0900"
      }, {
        "lat" : 43.0813406643,
        "lon" : 141.3442424843,
        "time" : "20151204T083931+0900"
      }, {
        "lat" : 43.0812944861,
        "lon" : 141.3438564776,
        "time" : "20151204T083951+0900"
      }, {
        "lat" : 43.081220128,
        "lon" : 141.3432953205,
        "time" : "20151204T084014+0900"
      }, {
        "lat" : 43.081211719,
        "lon" : 141.3427166307,
        "time" : "20151204T084036+0900"
      }, {
        "lat" : 43.0811331774,
        "lon" : 141.3424536622,
        "time" : "20151204T084055+0900"
      }, {
        "lat" : 43.0810865789,
        "lon" : 141.3421109764,
        "time" : "20151204T084114+0900"
      }, {
        "lat" : 43.0811306132,
        "lon" : 141.3417072468,
        "time" : "20151204T084142+0900"
      }, {
        "lat" : 43.0811277258,
        "lon" : 141.3411410582,
        "time" : "20151204T084158+0900"
      }, {
        "lat" : 43.0808861205,
        "lon" : 141.3409588363,
        "time" : "20151204T084215+0900"
      }, {
        "lat" : 43.0805766784,
        "lon" : 141.340829222,
        "time" : "20151204T084231+0900"
      }, {
        "lat" : 43.0798668122,
        "lon" : 141.3406362452,
        "time" : "20151204T084309+0900"
      }, {
        "lat" : 43.0797192254,
        "lon" : 141.3406326405,
        "time" : "20151204T084332+0900"
      }, {
        "lat" : 43.0796117677,
        "lon" : 141.3406571848,
        "time" : "20151204T084353+0900"
      }, {
        "lat" : 43.0794531772,
        "lon" : 141.3408169528,
        "time" : "20151204T084416+0900"
      }, {
        "lat" : 43.0794461473,
        "lon" : 141.3405618217,
        "time" : "20151204T084445+0900"
      }, {
        "lat" : 43.0794932905,
        "lon" : 141.3403872229,
        "time" : "20151204T084506+0900"
      } ]
    } ],
    "lastUpdate" : "20151204T013158Z"
  }, {
    "type" : "place",
    "startTime" : "20151204T084506+0900",
    "endTime" : "20151204T101156+0900",
    "place" : {
      "id" : 141367537,
      "type" : "unknown",
      "location" : {
        "lat" : 43.0794932905,
        "lon" : 141.3403872229
      }
    },
    "activities" : [ {
      "activity" : "walking",
      "group" : "walking",
      "manual" : false,
      "startTime" : "20151204T095956+0900",
      "endTime" : "20151204T100330+0900",
      "duration" : 214.0,
      "distance" : 225.0,
      "steps" : 301,
      "calories" : 13,
      "trackPoints" : [ ]
    } ],
    "lastUpdate" : "20151204T013158Z"
  }, {
    "type" : "move",
    "startTime" : "20151204T101156+0900",
    "endTime" : "20151204T101442+0900",
    "activities" : [ {
      "activity" : "walking",
      "group" : "walking",
      "manual" : false,
      "startTime" : "20151204T101156+0900",
      "endTime" : "20151204T101441+0900",
      "duration" : 165.0,
      "distance" : 266.0,
      "steps" : 259,
      "calories" : 16,
      "trackPoints" : [ {
        "lat" : 43.0794932905,
        "lon" : 141.3403872229,
        "time" : "20151204T101156+0900"
      }, {
        "lat" : 43.0786622231,
        "lon" : 141.3408439092,
        "time" : "20151204T101216+0900"
      }, {
        "lat" : 43.0790390407,
        "lon" : 141.3407885213,
        "time" : "20151204T101252+0900"
      }, {
        "lat" : 43.0794092109,
        "lon" : 141.3406010935,
        "time" : "20151204T101324+0900"
      }, {
        "lat" : 43.0796162178,
        "lon" : 141.3405083734,
        "time" : "20151204T101340+0900"
      }, {
        "lat" : 43.0797530888,
        "lon" : 141.34034582,
        "time" : "20151204T101404+0900"
      }, {
        "lat" : 43.0798974576,
        "lon" : 141.3401985712,
        "time" : "20151204T101442+0900"
      } ]
    } ],
    "lastUpdate" : "20151204T013158Z"
  }, {
    "type" : "place",
    "startTime" : "20151204T101442+0900",
    "endTime" : "20151204T120805+0900",
    "place" : {
      "id" : 150878933,
      "type" : "unknown",
      "location" : {
        "lat" : 43.0798974576,
        "lon" : 141.3401985712
      }
    },
    "activities" : [ {
      "activity" : "walking",
      "group" : "walking",
      "manual" : false,
      "startTime" : "20151204T101604+0900",
      "endTime" : "20151204T101704+0900",
      "duration" : 60.0,
      "distance" : 41.0,
      "steps" : 82,
      "calories" : 2,
      "trackPoints" : [ ]
    }, {
      "activity" : "walking",
      "group" : "walking",
      "manual" : false,
      "startTime" : "20151204T120209+0900",
      "endTime" : "20151204T120539+0900",
      "duration" : 210.0,
      "distance" : 191.0,
      "steps" : 255,
      "calories" : 11,
      "trackPoints" : [ ]
    } ],
    "lastUpdate" : "20151204T044050Z"
  }, {
    "type" : "move",
    "startTime" : "20151204T120805+0900",
    "endTime" : "20151204T121849+0900",
    "activities" : [ {
      "activity" : "walking",
      "group" : "walking",
      "manual" : false,
      "startTime" : "20151204T120805+0900",
      "endTime" : "20151204T121849+0900",
      "duration" : 644.0,
      "distance" : 982.0,
      "steps" : 1156,
      "calories" : 58,
      "trackPoints" : [ {
        "lat" : 43.0798974576,
        "lon" : 141.3401985712,
        "time" : "20151204T120805+0900"
      }, {
        "lat" : 43.0796003443,
        "lon" : 141.3404294871,
        "time" : "20151204T120826+0900"
      }, {
        "lat" : 43.079575078,
        "lon" : 141.3404176479,
        "time" : "20151204T120844+0900"
      }, {
        "lat" : 43.0797112823,
        "lon" : 141.3405308958,
        "time" : "20151204T120909+0900"
      }, {
        "lat" : 43.0800911512,
        "lon" : 141.34088558,
        "time" : "20151204T120953+0900"
      }, {
        "lat" : 43.0803298008,
        "lon" : 141.3410554369,
        "time" : "20151204T121021+0900"
      }, {
        "lat" : 43.0804458398,
        "lon" : 141.3410254843,
        "time" : "20151204T121042+0900"
      }, {
        "lat" : 43.0808678947,
        "lon" : 141.3415909756,
        "time" : "20151204T121121+0900"
      }, {
        "lat" : 43.0809532779,
        "lon" : 141.3417589968,
        "time" : "20151204T121144+0900"
      }, {
        "lat" : 43.0810602435,
        "lon" : 141.3416889317,
        "time" : "20151204T121209+0900"
      }, {
        "lat" : 43.0811666883,
        "lon" : 141.3420954453,
        "time" : "20151204T121224+0900"
      }, {
        "lat" : 43.081166046,
        "lon" : 141.3426833238,
        "time" : "20151204T121250+0900"
      }, {
        "lat" : 43.0811743511,
        "lon" : 141.3432352635,
        "time" : "20151204T121314+0900"
      }, {
        "lat" : 43.0812092637,
        "lon" : 141.343728788,
        "time" : "20151204T121333+0900"
      }, {
        "lat" : 43.0812508234,
        "lon" : 141.3441380654,
        "time" : "20151204T121356+0900"
      }, {
        "lat" : 43.0814053092,
        "lon" : 141.3446654681,
        "time" : "20151204T121431+0900"
      }, {
        "lat" : 43.081617905,
        "lon" : 141.3449625953,
        "time" : "20151204T121454+0900"
      }, {
        "lat" : 43.0819441081,
        "lon" : 141.3451076357,
        "time" : "20151204T121517+0900"
      }, {
        "lat" : 43.0825287859,
        "lon" : 141.3451193197,
        "time" : "20151204T121540+0900"
      }, {
        "lat" : 43.0826495122,
        "lon" : 141.3449267406,
        "time" : "20151204T121559+0900"
      }, {
        "lat" : 43.0828779787,
        "lon" : 141.3448669478,
        "time" : "20151204T121615+0900"
      }, {
        "lat" : 43.0832319449,
        "lon" : 141.3447384707,
        "time" : "20151204T121638+0900"
      }, {
        "lat" : 43.0834812911,
        "lon" : 141.3446772227,
        "time" : "20151204T121658+0900"
      }, {
        "lat" : 43.0837401558,
        "lon" : 141.3446323183,
        "time" : "20151204T121721+0900"
      }, {
        "lat" : 43.0841066077,
        "lon" : 141.3445828994,
        "time" : "20151204T121748+0900"
      }, {
        "lat" : 43.0843212272,
        "lon" : 141.3445157439,
        "time" : "20151204T121804+0900"
      }, {
        "lat" : 43.0847292466,
        "lon" : 141.344391539,
        "time" : "20151204T121831+0900"
      }, {
        "lat" : 43.0846321394,
        "lon" : 141.3451669726,
        "time" : "20151204T121849+0900"
      } ]
    } ],
    "lastUpdate" : "20151204T044050Z"
  }, {
    "type" : "place",
    "startTime" : "20151204T121849+0900",
    "endTime" : "20151205T142651+0900",
    "place" : {
      "id" : 152143834,
      "type" : "unknown",
      "location" : {
        "lat" : 43.0846321394,
        "lon" : 141.3451669726
      }
    },
    "activities" : [ {
      "activity" : "walking",
      "group" : "walking",
      "manual" : false,
      "startTime" : "20151204T122513+0900",
      "endTime" : "20151204T123145+0900",
      "duration" : 392.0,
      "distance" : 294.0,
      "steps" : 385,
      "calories" : 17,
      "trackPoints" : [ ]
    } ],
    "lastUpdate" : "20151206T073515Z"
  } ],
  "caloriesIdle" : 1706,
  "lastUpdate" : "20151206T073515Z"
} ]