[ {
  "date" : "20150913",
  "summary" : [ {
    "activity" : "walking",
    "group" : "walking",
    "duration" : 1899.0,
    "distance" : 2596.0,
    "steps" : 3417,
    "calories" : 154
  }, {
    "activity" : "transport",
    "group" : "transport",
    "duration" : 8263.0,
    "distance" : 84459.0
  } ],
  "segments" : [ {
    "type" : "place",
    "startTime" : "20150911T225946+0900",
    "endTime" : "20150913T133120+0900",
    "place" : {
      "id" : 98345442,
      "type" : "unknown",
      "location" : {
        "lat" : 35.7168392789,
        "lon" : 139.7283806079
      }
    },
    "activities" : [ {
      "activity" : "walking",
      "group" : "walking",
      "manual" : false,
      "startTime" : "20150913T123111+0900",
      "endTime" : "20150913T123141+0900",
      "duration" : 30.0,
      "distance" : 15.0,
      "steps" : 20,
      "calories" : 1,
      "trackPoints" : [ ]
    } ],
    "lastUpdate" : "20150913T093253Z"
  }, {
    "type" : "move",
    "startTime" : "20150913T133120+0900",
    "endTime" : "20150913T145658+0900",
    "activities" : [ {
      "activity" : "walking",
      "group" : "walking",
      "manual" : false,
      "startTime" : "20150913T133120+0900",
      "endTime" : "20150913T133333+0900",
      "duration" : 133.0,
      "distance" : 147.0,
      "steps" : 294,
      "calories" : 9,
      "trackPoints" : [ {
        "lat" : 35.7168392789,
        "lon" : 139.7283806079,
        "time" : "20150913T133120+0900"
      }, {
        "lat" : 35.717187578,
        "lon" : 139.7284737513,
        "time" : "20150913T133147+0900"
      }, {
        "lat" : 35.7175386078,
        "lon" : 139.7282200977,
        "time" : "20150913T133217+0900"
      }, {
        "lat" : 35.7175226639,
        "lon" : 139.7281433168,
        "time" : "20150913T133310+0900"
      }, {
        "lat" : 35.7174992318,
        "lon" : 139.7281421595,
        "time" : "20150913T133333+0900"
      } ]
    }, {
      "activity" : "transport",
      "group" : "transport",
      "manual" : false,
      "startTime" : "20150913T133333+0900",
      "endTime" : "20150913T134334+0900",
      "duration" : 601.0,
      "distance" : 3381.0,
      "trackPoints" : [ {
        "lat" : 35.7174992318,
        "lon" : 139.7281421595,
        "time" : "20150913T133333+0900"
      }, {
        "lat" : 35.7170956373,
        "lon" : 139.7281482543,
        "time" : "20150913T133616+0900"
      }, {
        "lat" : 35.691854885,
        "lon" : 139.7360320277,
        "time" : "20150913T134333+0900"
      } ]
    }, {
      "activity" : "walking",
      "group" : "walking",
      "manual" : false,
      "startTime" : "20150913T134333+0900",
      "endTime" : "20150913T134533+0900",
      "duration" : 120.0,
      "distance" : 257.0,
      "steps" : 214,
      "calories" : 15,
      "trackPoints" : [ {
        "lat" : 35.691854885,
        "lon" : 139.7360320277,
        "time" : "20150913T134333+0900"
      }, {
        "lat" : 35.6917090239,
        "lon" : 139.7363429999,
        "time" : "20150913T134404+0900"
      }, {
        "lat" : 35.6923608048,
        "lon" : 139.7385463301,
        "time" : "20150913T134534+0900"
      } ]
    }, {
      "activity" : "transport",
      "group" : "transport",
      "manual" : false,
      "startTime" : "20150913T134534+0900",
      "endTime" : "20150913T142212+0900",
      "duration" : 2198.0,
      "distance" : 22530.0,
      "trackPoints" : [ {
        "lat" : 35.6923608048,
        "lon" : 139.7385463301,
        "time" : "20150913T134534+0900"
      }, {
        "lat" : 35.7099780435,
        "lon" : 139.7784101533,
        "time" : "20150913T135959+0900"
      }, {
        "lat" : 35.7099782469,
        "lon" : 139.7784106137,
        "time" : "20150913T140000+0900"
      }, {
        "lat" : 35.7121967359,
        "lon" : 139.7834305521,
        "time" : "20150913T140149+0900"
      }, {
        "lat" : 35.6901839316,
        "lon" : 139.8466269456,
        "time" : "20150913T140812+0900"
      }, {
        "lat" : 35.689828239,
        "lon" : 139.8476332073,
        "time" : "20150913T140831+0900"
      }, {
        "lat" : 35.6897338527,
        "lon" : 139.8478726911,
        "time" : "20150913T140905+0900"
      }, {
        "lat" : 35.6897151345,
        "lon" : 139.8479153874,
        "time" : "20150913T140927+0900"
      }, {
        "lat" : 35.689714433,
        "lon" : 139.8479171123,
        "time" : "20150913T140949+0900"
      }, {
        "lat" : 35.6896990796,
        "lon" : 139.8479512895,
        "time" : "20150913T141008+0900"
      }, {
        "lat" : 35.6894576817,
        "lon" : 139.8485226185,
        "time" : "20150913T141023+0900"
      }, {
        "lat" : 35.684030547,
        "lon" : 139.864065743,
        "time" : "20150913T141048+0900"
      }, {
        "lat" : 35.6839624187,
        "lon" : 139.8646022419,
        "time" : "20150913T141153+0900"
      }, {
        "lat" : 35.6839351716,
        "lon" : 139.8645706289,
        "time" : "20150913T141230+0900"
      }, {
        "lat" : 35.7056636883,
        "lon" : 139.8993394203,
        "time" : "20150913T141814+0900"
      }, {
        "lat" : 35.7224496513,
        "lon" : 139.9258536936,
        "time" : "20150913T142212+0900"
      } ]
    }, {
      "activity" : "walking",
      "group" : "walking",
      "manual" : false,
      "startTime" : "20150913T142212+0900",
      "endTime" : "20150913T142542+0900",
      "duration" : 210.0,
      "distance" : 276.0,
      "steps" : 429,
      "calories" : 16,
      "trackPoints" : [ {
        "lat" : 35.7224496513,
        "lon" : 139.9258536936,
        "time" : "20150913T142212+0900"
      }, {
        "lat" : 35.723098748,
        "lon" : 139.9268757445,
        "time" : "20150913T142257+0900"
      }, {
        "lat" : 35.7231261312,
        "lon" : 139.926914871,
        "time" : "20150913T142326+0900"
      }, {
        "lat" : 35.7235099498,
        "lon" : 139.9272781194,
        "time" : "20150913T142352+0900"
      }, {
        "lat" : 35.723760505,
        "lon" : 139.9275577251,
        "time" : "20150913T142416+0900"
      }, {
        "lat" : 35.7238151066,
        "lon" : 139.9278356407,
        "time" : "20150913T142454+0900"
      }, {
        "lat" : 35.723826193,
        "lon" : 139.9279855944,
        "time" : "20150913T142542+0900"
      } ]
    }, {
      "activity" : "transport",
      "group" : "transport",
      "manual" : false,
      "startTime" : "20150913T142542+0900",
      "endTime" : "20150913T144718+0900",
      "duration" : 1296.0,
      "distance" : 16389.0,
      "trackPoints" : [ {
        "lat" : 35.723826193,
        "lon" : 139.9279855944,
        "time" : "20150913T142542+0900"
      }, {
        "lat" : 35.7238699012,
        "lon" : 139.9283926004,
        "time" : "20150913T142621+0900"
      }, {
        "lat" : 35.7238442474,
        "lon" : 139.9283934355,
        "time" : "20150913T142649+0900"
      }, {
        "lat" : 35.7238265835,
        "lon" : 139.9283989393,
        "time" : "20150913T142715+0900"
      }, {
        "lat" : 35.7238073741,
        "lon" : 139.9284079839,
        "time" : "20150913T142736+0900"
      }, {
        "lat" : 35.7237929388,
        "lon" : 139.928420432,
        "time" : "20150913T142810+0900"
      }, {
        "lat" : 35.7237682484,
        "lon" : 139.9284520686,
        "time" : "20150913T142841+0900"
      }, {
        "lat" : 35.7235964448,
        "lon" : 139.9288222029,
        "time" : "20150913T142902+0900"
      }, {
        "lat" : 35.7205748547,
        "lon" : 139.9364203195,
        "time" : "20150913T142947+0900"
      }, {
        "lat" : 35.7187601618,
        "lon" : 139.9404000134,
        "time" : "20150913T143006+0900"
      }, {
        "lat" : 35.7145251954,
        "lon" : 139.9524908669,
        "time" : "20150913T143116+0900"
      }, {
        "lat" : 35.7144264588,
        "lon" : 139.9528970017,
        "time" : "20150913T143140+0900"
      }, {
        "lat" : 35.7136421563,
        "lon" : 139.9557634944,
        "time" : "20150913T143215+0900"
      }, {
        "lat" : 35.7110172053,
        "lon" : 139.9602322372,
        "time" : "20150913T143238+0900"
      }, {
        "lat" : 35.708626877,
        "lon" : 139.9682913851,
        "time" : "20150913T143320+0900"
      }, {
        "lat" : 35.7059416522,
        "lon" : 139.9718546514,
        "time" : "20150913T143339+0900"
      }, {
        "lat" : 35.7039475215,
        "lon" : 139.9775613381,
        "time" : "20150913T143408+0900"
      }, {
        "lat" : 35.7028180652,
        "lon" : 139.9788638831,
        "time" : "20150913T143429+0900"
      }, {
        "lat" : 35.7005187567,
        "lon" : 139.9825071487,
        "time" : "20150913T143448+0900"
      }, {
        "lat" : 35.7002270097,
        "lon" : 139.9855580834,
        "time" : "20150913T143508+0900"
      }, {
        "lat" : 35.7002910138,
        "lon" : 139.985795985,
        "time" : "20150913T143527+0900"
      }, {
        "lat" : 35.7002984063,
        "lon" : 139.9857530114,
        "time" : "20150913T143550+0900"
      }, {
        "lat" : 35.6969996891,
        "lon" : 139.9914043403,
        "time" : "20150913T143659+0900"
      }, {
        "lat" : 35.6944428161,
        "lon" : 139.9912871192,
        "time" : "20150913T143715+0900"
      }, {
        "lat" : 35.6912830514,
        "lon" : 139.9949228454,
        "time" : "20150913T143741+0900"
      }, {
        "lat" : 35.6898756948,
        "lon" : 139.9975281498,
        "time" : "20150913T143759+0900"
      }, {
        "lat" : 35.689539682,
        "lon" : 139.9983338167,
        "time" : "20150913T143817+0900"
      }, {
        "lat" : 35.689467217,
        "lon" : 139.9984955911,
        "time" : "20150913T143838+0900"
      }, {
        "lat" : 35.6894392898,
        "lon" : 139.9985715923,
        "time" : "20150913T143856+0900"
      }, {
        "lat" : 35.6882447068,
        "lon" : 140.0016793283,
        "time" : "20150913T143912+0900"
      }, {
        "lat" : 35.6850804732,
        "lon" : 140.0077041346,
        "time" : "20150913T143937+0900"
      }, {
        "lat" : 35.6844959286,
        "lon" : 140.0117225181,
        "time" : "20150913T143956+0900"
      }, {
        "lat" : 35.6843426439,
        "lon" : 140.0176469151,
        "time" : "20150913T144022+0900"
      }, {
        "lat" : 35.684413895,
        "lon" : 140.0209263252,
        "time" : "20150913T144039+0900"
      }, {
        "lat" : 35.6839550604,
        "lon" : 140.0233280024,
        "time" : "20150913T144057+0900"
      }, {
        "lat" : 35.6836869283,
        "lon" : 140.0246397346,
        "time" : "20150913T144118+0900"
      }, {
        "lat" : 35.6835876425,
        "lon" : 140.0250430509,
        "time" : "20150913T144141+0900"
      }, {
        "lat" : 35.6835719302,
        "lon" : 140.0251239289,
        "time" : "20150913T144203+0900"
      }, {
        "lat" : 35.682861088,
        "lon" : 140.0273509329,
        "time" : "20150913T144242+0900"
      }, {
        "lat" : 35.681934957,
        "lon" : 140.0353980168,
        "time" : "20150913T144347+0900"
      }, {
        "lat" : 35.6854474753,
        "lon" : 140.0433978328,
        "time" : "20150913T144419+0900"
      }, {
        "lat" : 35.6856175928,
        "lon" : 140.0439500927,
        "time" : "20150913T144434+0900"
      }, {
        "lat" : 35.6858644094,
        "lon" : 140.0554529612,
        "time" : "20150913T144602+0900"
      }, {
        "lat" : 35.685974371,
        "lon" : 140.0597961867,
        "time" : "20150913T144619+0900"
      }, {
        "lat" : 35.6864622113,
        "lon" : 140.0639910177,
        "time" : "20150913T144635+0900"
      }, {
        "lat" : 35.6868843975,
        "lon" : 140.0681357664,
        "time" : "20150913T144656+0900"
      }, {
        "lat" : 35.6870280578,
        "lon" : 140.068544105,
        "time" : "20150913T144718+0900"
      } ]
    }, {
      "activity" : "walking",
      "group" : "walking",
      "manual" : false,
      "startTime" : "20150913T144718+0900",
      "endTime" : "20150913T145658+0900",
      "duration" : 580.0,
      "distance" : 919.0,
      "steps" : 1080,
      "calories" : 54,
      "trackPoints" : [ {
        "lat" : 35.6870280578,
        "lon" : 140.068544105,
        "time" : "20150913T144718+0900"
      }, {
        "lat" : 35.6870266724,
        "lon" : 140.0685558501,
        "time" : "20150913T144743+0900"
      }, {
        "lat" : 35.6870762289,
        "lon" : 140.0686158467,
        "time" : "20150913T144803+0900"
      }, {
        "lat" : 35.6871867581,
        "lon" : 140.0687375234,
        "time" : "20150913T144820+0900"
      }, {
        "lat" : 35.6873106756,
        "lon" : 140.068821718,
        "time" : "20150913T144837+0900"
      }, {
        "lat" : 35.687685194,
        "lon" : 140.0689349315,
        "time" : "20150913T144903+0900"
      }, {
        "lat" : 35.6879982028,
        "lon" : 140.0689862397,
        "time" : "20150913T144922+0900"
      }, {
        "lat" : 35.6883503472,
        "lon" : 140.0690632612,
        "time" : "20150913T144940+0900"
      }, {
        "lat" : 35.6888114665,
        "lon" : 140.0691449449,
        "time" : "20150913T145013+0900"
      }, {
        "lat" : 35.689023622,
        "lon" : 140.0691680468,
        "time" : "20150913T145029+0900"
      }, {
        "lat" : 35.6898449016,
        "lon" : 140.069211187,
        "time" : "20150913T145120+0900"
      }, {
        "lat" : 35.6899910205,
        "lon" : 140.0692699063,
        "time" : "20150913T145136+0900"
      }, {
        "lat" : 35.6905044003,
        "lon" : 140.0694432119,
        "time" : "20150913T145202+0900"
      }, {
        "lat" : 35.6907024466,
        "lon" : 140.0697704051,
        "time" : "20150913T145223+0900"
      }, {
        "lat" : 35.6905958745,
        "lon" : 140.0701484276,
        "time" : "20150913T145244+0900"
      }, {
        "lat" : 35.6905072473,
        "lon" : 140.0702836369,
        "time" : "20150913T145259+0900"
      }, {
        "lat" : 35.6903799677,
        "lon" : 140.0708346263,
        "time" : "20150913T145322+0900"
      }, {
        "lat" : 35.6902964329,
        "lon" : 140.0712357916,
        "time" : "20150913T145344+0900"
      }, {
        "lat" : 35.6902412913,
        "lon" : 140.0715237638,
        "time" : "20150913T145404+0900"
      }, {
        "lat" : 35.6901590515,
        "lon" : 140.0720411189,
        "time" : "20150913T145434+0900"
      }, {
        "lat" : 35.6901254001,
        "lon" : 140.0724686286,
        "time" : "20150913T145451+0900"
      }, {
        "lat" : 35.6901700985,
        "lon" : 140.072749935,
        "time" : "20150913T145508+0900"
      }, {
        "lat" : 35.6903999459,
        "lon" : 140.0730478172,
        "time" : "20150913T145541+0900"
      }, {
        "lat" : 35.6906537416,
        "lon" : 140.0731052325,
        "time" : "20150913T145602+0900"
      }, {
        "lat" : 35.6909118145,
        "lon" : 140.0730811808,
        "time" : "20150913T145625+0900"
      }, {
        "lat" : 35.6913110976,
        "lon" : 140.0735591589,
        "time" : "20150913T145658+0900"
      } ]
    } ],
    "lastUpdate" : "20150913T093253Z"
  }, {
    "type" : "place",
    "startTime" : "20150913T145658+0900",
    "endTime" : "20150913T183109+0900",
    "place" : {
      "id" : 99571412,
      "type" : "unknown",
      "location" : {
        "lat" : 35.6913110976,
        "lon" : 140.0735591589
      }
    },
    "activities" : [ {
      "activity" : "walking",
      "group" : "walking",
      "manual" : false,
      "startTime" : "20150913T145849+0900",
      "endTime" : "20150913T145919+0900",
      "duration" : 30.0,
      "distance" : 15.0,
      "steps" : 20,
      "calories" : 1,
      "trackPoints" : [ ]
    }, {
      "activity" : "walking",
      "group" : "walking",
      "manual" : false,
      "startTime" : "20150913T182932+0900",
      "endTime" : "20150913T183002+0900",
      "duration" : 30.0,
      "distance" : 25.0,
      "steps" : 51,
      "calories" : 1,
      "trackPoints" : [ ]
    } ],
    "lastUpdate" : "20150913T124052Z"
  }, {
    "type" : "move",
    "startTime" : "20150913T183109+0900",
    "endTime" : "20150913T194923+0900",
    "activities" : [ {
      "activity" : "transport",
      "group" : "transport",
      "manual" : false,
      "startTime" : "20150913T183109+0900",
      "endTime" : "20150913T185405+0900",
      "duration" : 1376.0,
      "distance" : 17350.0,
      "trackPoints" : [ {
        "lat" : 35.6913110976,
        "lon" : 140.0735591589,
        "time" : "20150913T183109+0900"
      }, {
        "lat" : 35.690160668,
        "lon" : 140.0719855315,
        "time" : "20150913T183202+0900"
      }, {
        "lat" : 35.6896557709,
        "lon" : 140.0694441342,
        "time" : "20150913T183240+0900"
      }, {
        "lat" : 35.6887309092,
        "lon" : 140.0691201056,
        "time" : "20150913T183256+0900"
      }, {
        "lat" : 35.6871158979,
        "lon" : 140.0685313804,
        "time" : "20150913T183326+0900"
      }, {
        "lat" : 35.686930299,
        "lon" : 140.0680865152,
        "time" : "20150913T183350+0900"
      }, {
        "lat" : 35.6869093102,
        "lon" : 140.0680219858,
        "time" : "20150913T183409+0900"
      }, {
        "lat" : 35.6868961801,
        "lon" : 140.0679768984,
        "time" : "20150913T183433+0900"
      }, {
        "lat" : 35.6868832698,
        "lon" : 140.0679257673,
        "time" : "20150913T183453+0900"
      }, {
        "lat" : 35.6868629256,
        "lon" : 140.0678243204,
        "time" : "20150913T183517+0900"
      }, {
        "lat" : 35.6862016227,
        "lon" : 140.0628765076,
        "time" : "20150913T183543+0900"
      }, {
        "lat" : 35.6860877722,
        "lon" : 140.0553590986,
        "time" : "20150913T183608+0900"
      }, {
        "lat" : 35.6858515473,
        "lon" : 140.0511216661,
        "time" : "20150913T183628+0900"
      }, {
        "lat" : 35.6859814481,
        "lon" : 140.049156218,
        "time" : "20150913T183655+0900"
      }, {
        "lat" : 35.6860149416,
        "lon" : 140.0483314626,
        "time" : "20150913T183724+0900"
      }, {
        "lat" : 35.6860417079,
        "lon" : 140.0460001155,
        "time" : "20150913T183741+0900"
      }, {
        "lat" : 35.6844471911,
        "lon" : 140.0413847376,
        "time" : "20150913T183758+0900"
      }, {
        "lat" : 35.6811014269,
        "lon" : 140.0305051825,
        "time" : "20150913T183859+0900"
      }, {
        "lat" : 35.6832989613,
        "lon" : 140.0260456543,
        "time" : "20150913T183941+0900"
      }, {
        "lat" : 35.6832262948,
        "lon" : 140.0253678249,
        "time" : "20150913T183957+0900"
      }, {
        "lat" : 35.6833270898,
        "lon" : 140.0252462212,
        "time" : "20150913T184015+0900"
      }, {
        "lat" : 35.6834823633,
        "lon" : 140.0250871113,
        "time" : "20150913T184031+0900"
      }, {
        "lat" : 35.6835585306,
        "lon" : 140.025016978,
        "time" : "20150913T184051+0900"
      }, {
        "lat" : 35.6835939196,
        "lon" : 140.0249640953,
        "time" : "20150913T184110+0900"
      }, {
        "lat" : 35.6836046485,
        "lon" : 140.0248384792,
        "time" : "20150913T184126+0900"
      }, {
        "lat" : 35.6837724081,
        "lon" : 140.0236963639,
        "time" : "20150913T184147+0900"
      }, {
        "lat" : 35.6841961922,
        "lon" : 140.0220668208,
        "time" : "20150913T184206+0900"
      }, {
        "lat" : 35.6844735634,
        "lon" : 140.0163578442,
        "time" : "20150913T184226+0900"
      }, {
        "lat" : 35.6845510572,
        "lon" : 140.0119610519,
        "time" : "20150913T184244+0900"
      }, {
        "lat" : 35.6845407844,
        "lon" : 140.0105726361,
        "time" : "20150913T184301+0900"
      }, {
        "lat" : 35.6876870517,
        "lon" : 140.0030628344,
        "time" : "20150913T184328+0900"
      }, {
        "lat" : 35.6891522544,
        "lon" : 139.9992883503,
        "time" : "20150913T184349+0900"
      }, {
        "lat" : 35.6894392658,
        "lon" : 139.9985065955,
        "time" : "20150913T184409+0900"
      }, {
        "lat" : 35.6895571763,
        "lon" : 139.9982474603,
        "time" : "20150913T184433+0900"
      }, {
        "lat" : 35.6902069317,
        "lon" : 139.9968424496,
        "time" : "20150913T184454+0900"
      }, {
        "lat" : 35.692074142,
        "lon" : 139.9935413694,
        "time" : "20150913T184509+0900"
      }, {
        "lat" : 35.695831863,
        "lon" : 139.9913599591,
        "time" : "20150913T184536+0900"
      }, {
        "lat" : 35.6992741368,
        "lon" : 139.9914271383,
        "time" : "20150913T184600+0900"
      }, {
        "lat" : 35.700696618,
        "lon" : 139.9898301163,
        "time" : "20150913T184619+0900"
      }, {
        "lat" : 35.700290542,
        "lon" : 139.9861871158,
        "time" : "20150913T184640+0900"
      }, {
        "lat" : 35.7002480067,
        "lon" : 139.9858556571,
        "time" : "20150913T184700+0900"
      }, {
        "lat" : 35.7003095678,
        "lon" : 139.985824523,
        "time" : "20150913T184726+0900"
      }, {
        "lat" : 35.7001673031,
        "lon" : 139.9847840547,
        "time" : "20150913T184749+0900"
      }, {
        "lat" : 35.7009794778,
        "lon" : 139.9811389644,
        "time" : "20150913T184806+0900"
      }, {
        "lat" : 35.7044240461,
        "lon" : 139.9766230675,
        "time" : "20150913T184834+0900"
      }, {
        "lat" : 35.7051668734,
        "lon" : 139.9732845105,
        "time" : "20150913T184901+0900"
      }, {
        "lat" : 35.7076270408,
        "lon" : 139.9693852275,
        "time" : "20150913T184920+0900"
      }, {
        "lat" : 35.7096497114,
        "lon" : 139.9660556675,
        "time" : "20150913T184941+0900"
      }, {
        "lat" : 35.7115607464,
        "lon" : 139.9592995946,
        "time" : "20150913T185020+0900"
      }, {
        "lat" : 35.7134720483,
        "lon" : 139.9557207568,
        "time" : "20150913T185040+0900"
      }, {
        "lat" : 35.7142296286,
        "lon" : 139.9533194928,
        "time" : "20150913T185057+0900"
      }, {
        "lat" : 35.7144072234,
        "lon" : 139.9527734789,
        "time" : "20150913T185114+0900"
      }, {
        "lat" : 35.7145633785,
        "lon" : 139.9523170239,
        "time" : "20150913T185136+0900"
      }, {
        "lat" : 35.7151704722,
        "lon" : 139.9502287293,
        "time" : "20150913T185200+0900"
      }, {
        "lat" : 35.7165963617,
        "lon" : 139.9455552319,
        "time" : "20150913T185217+0900"
      }, {
        "lat" : 35.7183533904,
        "lon" : 139.9413210215,
        "time" : "20150913T185238+0900"
      }, {
        "lat" : 35.7219164885,
        "lon" : 139.9325127855,
        "time" : "20150913T185319+0900"
      }, {
        "lat" : 35.723048533,
        "lon" : 139.9295265025,
        "time" : "20150913T185338+0900"
      }, {
        "lat" : 35.7238721768,
        "lon" : 139.9283233195,
        "time" : "20150913T185405+0900"
      } ]
    }, {
      "activity" : "walking",
      "group" : "walking",
      "manual" : false,
      "startTime" : "20150913T185405+0900",
      "endTime" : "20150913T185805+0900",
      "duration" : 240.0,
      "distance" : 322.0,
      "steps" : 473,
      "calories" : 19,
      "trackPoints" : [ {
        "lat" : 35.7238721768,
        "lon" : 139.9283233195,
        "time" : "20150913T185405+0900"
      }, {
        "lat" : 35.7237409031,
        "lon" : 139.9281392653,
        "time" : "20150913T185429+0900"
      }, {
        "lat" : 35.7238611192,
        "lon" : 139.9279037241,
        "time" : "20150913T185451+0900"
      }, {
        "lat" : 35.723912032,
        "lon" : 139.9277902877,
        "time" : "20150913T185510+0900"
      }, {
        "lat" : 35.7239204893,
        "lon" : 139.9276899799,
        "time" : "20150913T185529+0900"
      }, {
        "lat" : 35.7238587559,
        "lon" : 139.927586869,
        "time" : "20150913T185558+0900"
      }, {
        "lat" : 35.7237645827,
        "lon" : 139.9274905755,
        "time" : "20150913T185615+0900"
      }, {
        "lat" : 35.7231577213,
        "lon" : 139.9268932963,
        "time" : "20150913T185655+0900"
      }, {
        "lat" : 35.7229647277,
        "lon" : 139.9266652273,
        "time" : "20150913T185714+0900"
      }, {
        "lat" : 35.7226026277,
        "lon" : 139.9261358991,
        "time" : "20150913T185746+0900"
      }, {
        "lat" : 35.7225063451,
        "lon" : 139.9259888415,
        "time" : "20150913T185805+0900"
      } ]
    }, {
      "activity" : "transport",
      "group" : "transport",
      "manual" : false,
      "startTime" : "20150913T185805+0900",
      "endTime" : "20150913T193438+0900",
      "duration" : 2193.0,
      "distance" : 21376.0,
      "trackPoints" : [ {
        "lat" : 35.7225063451,
        "lon" : 139.9259888415,
        "time" : "20150913T185805+0900"
      }, {
        "lat" : 35.7169574641,
        "lon" : 139.9174603471,
        "time" : "20150913T185959+0900"
      }, {
        "lat" : 35.7169569788,
        "lon" : 139.9174596011,
        "time" : "20150913T190000+0900"
      }, {
        "lat" : 35.6984281536,
        "lon" : 139.8889812501,
        "time" : "20150913T190621+0900"
      }, {
        "lat" : 35.683895857,
        "lon" : 139.866050946,
        "time" : "20150913T191105+0900"
      }, {
        "lat" : 35.683876119,
        "lon" : 139.8639887477,
        "time" : "20150913T191126+0900"
      }, {
        "lat" : 35.6838436504,
        "lon" : 139.8637576085,
        "time" : "20150913T191150+0900"
      }, {
        "lat" : 35.6843242259,
        "lon" : 139.8598919529,
        "time" : "20150913T191224+0900"
      }, {
        "lat" : 35.6850080379,
        "lon" : 139.8591121582,
        "time" : "20150913T191243+0900"
      }, {
        "lat" : 35.6854025705,
        "lon" : 139.8580926554,
        "time" : "20150913T191258+0900"
      }, {
        "lat" : 35.6889632636,
        "lon" : 139.8498979447,
        "time" : "20150913T191329+0900"
      }, {
        "lat" : 35.6900223804,
        "lon" : 139.8470590729,
        "time" : "20150913T191359+0900"
      }, {
        "lat" : 35.6900200819,
        "lon" : 139.8470363434,
        "time" : "20150913T191418+0900"
      }, {
        "lat" : 35.6901134066,
        "lon" : 139.8466122079,
        "time" : "20150913T191434+0900"
      }, {
        "lat" : 35.6903706785,
        "lon" : 139.8440326663,
        "time" : "20150913T191503+0900"
      }, {
        "lat" : 35.6907760683,
        "lon" : 139.8057076671,
        "time" : "20150913T192318+0900"
      }, {
        "lat" : 35.6916792219,
        "lon" : 139.7386209104,
        "time" : "20150913T193437+0900"
      } ]
    }, {
      "activity" : "walking",
      "group" : "walking",
      "manual" : false,
      "startTime" : "20150913T193437+0900",
      "endTime" : "20150913T193708+0900",
      "duration" : 151.0,
      "distance" : 187.0,
      "steps" : 287,
      "calories" : 11,
      "trackPoints" : [ {
        "lat" : 35.6916792219,
        "lon" : 139.7386209104,
        "time" : "20150913T193437+0900"
      }, {
        "lat" : 35.6917034801,
        "lon" : 139.7368192353,
        "time" : "20150913T193709+0900"
      } ]
    }, {
      "activity" : "transport",
      "group" : "transport",
      "manual" : false,
      "startTime" : "20150913T193709+0900",
      "endTime" : "20150913T194708+0900",
      "duration" : 599.0,
      "distance" : 3433.0,
      "trackPoints" : [ {
        "lat" : 35.6917034801,
        "lon" : 139.7368192353,
        "time" : "20150913T193709+0900"
      }, {
        "lat" : 35.6917132525,
        "lon" : 139.7360978761,
        "time" : "20150913T193850+0900"
      }, {
        "lat" : 35.7104096448,
        "lon" : 139.7301231036,
        "time" : "20150913T194528+0900"
      }, {
        "lat" : 35.7171758972,
        "lon" : 139.728191505,
        "time" : "20150913T194708+0900"
      } ]
    }, {
      "activity" : "walking",
      "group" : "walking",
      "manual" : false,
      "startTime" : "20150913T194708+0900",
      "endTime" : "20150913T194923+0900",
      "duration" : 135.0,
      "distance" : 204.0,
      "steps" : 234,
      "calories" : 12,
      "trackPoints" : [ {
        "lat" : 35.7171758972,
        "lon" : 139.728191505,
        "time" : "20150913T194708+0900"
      }, {
        "lat" : 35.7175605866,
        "lon" : 139.7280816856,
        "time" : "20150913T194751+0900"
      }, {
        "lat" : 35.7177383677,
        "lon" : 139.728039913,
        "time" : "20150913T194817+0900"
      }, {
        "lat" : 35.7177695875,
        "lon" : 139.7280307328,
        "time" : "20150913T194837+0900"
      }, {
        "lat" : 35.7167813087,
        "lon" : 139.7280424577,
        "time" : "20150913T194923+0900"
      } ]
    } ],
    "lastUpdate" : "20150913T124052Z"
  }, {
    "type" : "place",
    "startTime" : "20150913T194923+0900",
    "endTime" : "20150915T115046+0900",
    "place" : {
      "id" : 98345442,
      "type" : "unknown",
      "location" : {
        "lat" : 35.7168392789,
        "lon" : 139.7283806079
      }
    },
    "activities" : [ {
      "activity" : "walking",
      "group" : "walking",
      "manual" : false,
      "startTime" : "20150913T195039+0900",
      "endTime" : "20150913T195339+0900",
      "duration" : 180.0,
      "distance" : 199.0,
      "steps" : 265,
      "calories" : 12,
      "trackPoints" : [ ]
    }, {
      "activity" : "walking",
      "group" : "walking",
      "manual" : false,
      "startTime" : "20150913T223636+0900",
      "endTime" : "20150913T223736+0900",
      "duration" : 60.0,
      "distance" : 30.0,
      "steps" : 50,
      "calories" : 2,
      "trackPoints" : [ ]
    } ],
    "lastUpdate" : "20150915T094221Z"
  } ],
  "caloriesIdle" : 1706,
  "lastUpdate" : "20150915T094221Z"
} ]