[ {
  "date" : "20180328",
  "summary" : [ {
    "activity" : "walking",
    "group" : "walking",
    "duration" : 5192.0,
    "distance" : 5586.0,
    "steps" : 7884,
    "calories" : 309
  }, {
    "activity" : "transport",
    "group" : "transport",
    "duration" : 2003.0,
    "distance" : 8926.0
  } ],
  "segments" : [ {
    "type" : "place",
    "startTime" : "20180327T201720+0900",
    "endTime" : "20180328T061528+0900",
    "place" : {
      "id" : 581734003,
      "type" : "unknown",
      "location" : {
        "lat" : 38.234998,
        "lon" : 140.32673
      }
    },
    "activities" : [ {
      "activity" : "walking",
      "group" : "walking",
      "manual" : false,
      "startTime" : "20180328T010119+0900",
      "endTime" : "20180328T010154+0900",
      "duration" : 35.0,
      "distance" : 17.0,
      "steps" : 9,
      "calories" : 1,
      "trackPoints" : [ ]
    } ],
    "lastUpdate" : "20180327T222551Z"
  }, {
    "type" : "place",
    "startTime" : "20180328T061528+0900",
    "endTime" : "20180328T062615+0900",
    "place" : {
      "id" : 581823500,
      "type" : "unknown",
      "location" : {
        "lat" : 38.235166,
        "lon" : 140.32573
      }
    },
    "activities" : [ {
      "activity" : "walking",
      "group" : "walking",
      "manual" : false,
      "startTime" : "20180328T061626+0900",
      "endTime" : "20180328T062121+0900",
      "duration" : 295.0,
      "distance" : 333.0,
      "steps" : 444,
      "calories" : 18,
      "trackPoints" : [ ]
    } ],
    "lastUpdate" : "20180327T222551Z"
  }, {
    "type" : "move",
    "startTime" : "20180328T062615+0900",
    "endTime" : "20180328T065313+0900",
    "activities" : [ {
      "activity" : "transport",
      "group" : "transport",
      "manual" : false,
      "startTime" : "20180328T062615+0900",
      "endTime" : "20180328T065003+0900",
      "duration" : 1428.0,
      "distance" : 5960.0,
      "trackPoints" : [ {
        "lat" : 38.235166,
        "lon" : 140.32573,
        "time" : "20180328T062615+0900"
      }, {
        "lat" : 38.235394,
        "lon" : 140.32351,
        "time" : "20180328T062728+0900"
      }, {
        "lat" : 38.238244,
        "lon" : 140.32227,
        "time" : "20180328T062853+0900"
      }, {
        "lat" : 38.242818,
        "lon" : 140.32703,
        "time" : "20180328T063016+0900"
      }, {
        "lat" : 38.242933,
        "lon" : 140.32717,
        "time" : "20180328T063041+0900"
      }, {
        "lat" : 38.242943,
        "lon" : 140.32719,
        "time" : "20180328T063056+0900"
      }, {
        "lat" : 38.242945,
        "lon" : 140.32719,
        "time" : "20180328T063118+0900"
      }, {
        "lat" : 38.242944,
        "lon" : 140.32719,
        "time" : "20180328T063239+0900"
      }, {
        "lat" : 38.244756,
        "lon" : 140.32855,
        "time" : "20180328T063416+0900"
      }, {
        "lat" : 38.245002,
        "lon" : 140.32869,
        "time" : "20180328T063436+0900"
      }, {
        "lat" : 38.246674,
        "lon" : 140.32801,
        "time" : "20180328T063552+0900"
      }, {
        "lat" : 38.246939,
        "lon" : 140.32849,
        "time" : "20180328T063624+0900"
      }, {
        "lat" : 38.246885,
        "lon" : 140.32862,
        "time" : "20180328T063643+0900"
      }, {
        "lat" : 38.246869,
        "lon" : 140.3286,
        "time" : "20180328T063803+0900"
      }, {
        "lat" : 38.246591,
        "lon" : 140.32843,
        "time" : "20180328T063900+0900"
      }, {
        "lat" : 38.247094,
        "lon" : 140.33041,
        "time" : "20180328T064050+0900"
      }, {
        "lat" : 38.247159,
        "lon" : 140.33097,
        "time" : "20180328T064130+0900"
      }, {
        "lat" : 38.246813,
        "lon" : 140.33217,
        "time" : "20180328T064212+0900"
      }, {
        "lat" : 38.245598,
        "lon" : 140.33634,
        "time" : "20180328T064243+0900"
      }, {
        "lat" : 38.243903,
        "lon" : 140.34172,
        "time" : "20180328T064413+0900"
      }, {
        "lat" : 38.242782,
        "lon" : 140.34537,
        "time" : "20180328T064431+0900"
      }, {
        "lat" : 38.24323,
        "lon" : 140.35274,
        "time" : "20180328T064633+0900"
      }, {
        "lat" : 38.246385,
        "lon" : 140.35401,
        "time" : "20180328T064650+0900"
      }, {
        "lat" : 38.246591,
        "lon" : 140.35859,
        "time" : "20180328T064805+0900"
      }, {
        "lat" : 38.247847,
        "lon" : 140.36315,
        "time" : "20180328T065003+0900"
      } ]
    }, {
      "activity" : "walking",
      "group" : "walking",
      "manual" : false,
      "startTime" : "20180328T065003+0900",
      "endTime" : "20180328T065313+0900",
      "duration" : 190.0,
      "distance" : 98.0,
      "steps" : 196,
      "calories" : 5,
      "trackPoints" : [ {
        "lat" : 38.247847,
        "lon" : 140.36315,
        "time" : "20180328T065003+0900"
      }, {
        "lat" : 38.247756,
        "lon" : 140.36293,
        "time" : "20180328T065313+0900"
      } ]
    } ],
    "lastUpdate" : "20180327T222551Z"
  }, {
    "type" : "place",
    "startTime" : "20180328T065314+0900",
    "endTime" : "20180328T140707+0900",
    "place" : {
      "id" : 581687884,
      "type" : "unknown",
      "location" : {
        "lat" : 38.247756,
        "lon" : 140.36293
      }
    },
    "activities" : [ {
      "activity" : "walking",
      "group" : "walking",
      "manual" : false,
      "startTime" : "20180328T065314+0900",
      "endTime" : "20180328T065328+0900",
      "duration" : 14.0,
      "distance" : 10.0,
      "steps" : 21,
      "calories" : 1,
      "trackPoints" : [ ]
    }, {
      "activity" : "walking",
      "group" : "walking",
      "manual" : false,
      "startTime" : "20180328T071546+0900",
      "endTime" : "20180328T072130+0900",
      "duration" : 344.0,
      "distance" : 384.0,
      "steps" : 512,
      "calories" : 21,
      "trackPoints" : [ ]
    }, {
      "activity" : "walking",
      "group" : "walking",
      "manual" : false,
      "startTime" : "20180328T080023+0900",
      "endTime" : "20180328T080234+0900",
      "duration" : 131.0,
      "distance" : 145.0,
      "steps" : 194,
      "calories" : 8,
      "trackPoints" : [ ]
    }, {
      "activity" : "walking",
      "group" : "walking",
      "manual" : false,
      "startTime" : "20180328T090205+0900",
      "endTime" : "20180328T090434+0900",
      "duration" : 149.0,
      "distance" : 160.0,
      "steps" : 214,
      "calories" : 9,
      "trackPoints" : [ ]
    }, {
      "activity" : "walking",
      "group" : "walking",
      "manual" : false,
      "startTime" : "20180328T100117+0900",
      "endTime" : "20180328T100406+0900",
      "duration" : 169.0,
      "distance" : 188.0,
      "steps" : 251,
      "calories" : 10,
      "trackPoints" : [ ]
    }, {
      "activity" : "walking",
      "group" : "walking",
      "manual" : false,
      "startTime" : "20180328T110051+0900",
      "endTime" : "20180328T110323+0900",
      "duration" : 152.0,
      "distance" : 142.0,
      "steps" : 190,
      "calories" : 8,
      "trackPoints" : [ ]
    }, {
      "activity" : "walking",
      "group" : "walking",
      "manual" : false,
      "startTime" : "20180328T120132+0900",
      "endTime" : "20180328T120209+0900",
      "duration" : 37.0,
      "distance" : 18.0,
      "steps" : 12,
      "calories" : 1,
      "trackPoints" : [ ]
    }, {
      "activity" : "walking",
      "group" : "walking",
      "manual" : false,
      "startTime" : "20180328T130212+0900",
      "endTime" : "20180328T130722+0900",
      "duration" : 310.0,
      "distance" : 324.0,
      "steps" : 432,
      "calories" : 18,
      "trackPoints" : [ ]
    }, {
      "activity" : "walking",
      "group" : "walking",
      "manual" : false,
      "startTime" : "20180328T140034+0900",
      "endTime" : "20180328T140121+0900",
      "duration" : 47.0,
      "distance" : 35.0,
      "steps" : 70,
      "calories" : 2,
      "trackPoints" : [ ]
    } ],
    "lastUpdate" : "20180328T065610Z"
  }, {
    "type" : "move",
    "startTime" : "20180328T140707+0900",
    "endTime" : "20180328T143007+0900",
    "activities" : [ {
      "activity" : "transport",
      "group" : "transport",
      "manual" : false,
      "startTime" : "20180328T140707+0900",
      "endTime" : "20180328T141642+0900",
      "duration" : 575.0,
      "distance" : 2966.0,
      "trackPoints" : [ {
        "lat" : 38.247756,
        "lon" : 140.36293,
        "time" : "20180328T140707+0900"
      }, {
        "lat" : 38.24766,
        "lon" : 140.36128,
        "time" : "20180328T140739+0900"
      }, {
        "lat" : 38.24766,
        "lon" : 140.36128,
        "time" : "20180328T140833+0900"
      }, {
        "lat" : 38.246601,
        "lon" : 140.35731,
        "time" : "20180328T141019+0900"
      }, {
        "lat" : 38.246876,
        "lon" : 140.35631,
        "time" : "20180328T141039+0900"
      }, {
        "lat" : 38.250273,
        "lon" : 140.34499,
        "time" : "20180328T141241+0900"
      }, {
        "lat" : 38.249331,
        "lon" : 140.33623,
        "time" : "20180328T141553+0900"
      }, {
        "lat" : 38.24945,
        "lon" : 140.33505,
        "time" : "20180328T141611+0900"
      }, {
        "lat" : 38.249678,
        "lon" : 140.33492,
        "time" : "20180328T141627+0900"
      }, {
        "lat" : 38.249628,
        "lon" : 140.33471,
        "time" : "20180328T141642+0900"
      } ]
    }, {
      "activity" : "walking",
      "group" : "walking",
      "manual" : false,
      "startTime" : "20180328T141642+0900",
      "endTime" : "20180328T143006+0900",
      "duration" : 804.0,
      "distance" : 978.0,
      "steps" : 1424,
      "calories" : 54,
      "trackPoints" : [ {
        "lat" : 38.249628,
        "lon" : 140.33471,
        "time" : "20180328T141642+0900"
      }, {
        "lat" : 38.249575,
        "lon" : 140.3346,
        "time" : "20180328T141701+0900"
      }, {
        "lat" : 38.249459,
        "lon" : 140.33455,
        "time" : "20180328T141719+0900"
      }, {
        "lat" : 38.248941,
        "lon" : 140.33425,
        "time" : "20180328T141752+0900"
      }, {
        "lat" : 38.248128,
        "lon" : 140.33389,
        "time" : "20180328T141832+0900"
      }, {
        "lat" : 38.247974,
        "lon" : 140.33385,
        "time" : "20180328T141848+0900"
      }, {
        "lat" : 38.247578,
        "lon" : 140.33346,
        "time" : "20180328T141941+0900"
      }, {
        "lat" : 38.247284,
        "lon" : 140.33323,
        "time" : "20180328T142000+0900"
      }, {
        "lat" : 38.247091,
        "lon" : 140.3331,
        "time" : "20180328T142023+0900"
      }, {
        "lat" : 38.246732,
        "lon" : 140.33271,
        "time" : "20180328T142112+0900"
      }, {
        "lat" : 38.246843,
        "lon" : 140.33214,
        "time" : "20180328T142149+0900"
      }, {
        "lat" : 38.246892,
        "lon" : 140.33194,
        "time" : "20180328T142205+0900"
      }, {
        "lat" : 38.246966,
        "lon" : 140.33165,
        "time" : "20180328T142226+0900"
      }, {
        "lat" : 38.247045,
        "lon" : 140.33139,
        "time" : "20180328T142244+0900"
      }, {
        "lat" : 38.247086,
        "lon" : 140.33123,
        "time" : "20180328T142303+0900"
      }, {
        "lat" : 38.247127,
        "lon" : 140.33102,
        "time" : "20180328T142326+0900"
      }, {
        "lat" : 38.247185,
        "lon" : 140.33075,
        "time" : "20180328T142347+0900"
      }, {
        "lat" : 38.247267,
        "lon" : 140.33054,
        "time" : "20180328T142406+0900"
      }, {
        "lat" : 38.247493,
        "lon" : 140.32997,
        "time" : "20180328T142455+0900"
      }, {
        "lat" : 38.247588,
        "lon" : 140.32981,
        "time" : "20180328T142523+0900"
      }, {
        "lat" : 38.247662,
        "lon" : 140.32962,
        "time" : "20180328T142541+0900"
      }, {
        "lat" : 38.247747,
        "lon" : 140.32941,
        "time" : "20180328T142559+0900"
      }, {
        "lat" : 38.247888,
        "lon" : 140.32904,
        "time" : "20180328T142625+0900"
      }, {
        "lat" : 38.247844,
        "lon" : 140.32886,
        "time" : "20180328T142646+0900"
      }, {
        "lat" : 38.24797,
        "lon" : 140.32883,
        "time" : "20180328T142710+0900"
      }, {
        "lat" : 38.248107,
        "lon" : 140.32863,
        "time" : "20180328T142728+0900"
      }, {
        "lat" : 38.248575,
        "lon" : 140.32794,
        "time" : "20180328T142828+0900"
      }, {
        "lat" : 38.248634,
        "lon" : 140.32782,
        "time" : "20180328T142844+0900"
      }, {
        "lat" : 38.248679,
        "lon" : 140.32775,
        "time" : "20180328T142916+0900"
      }, {
        "lat" : 38.248708,
        "lon" : 140.32774,
        "time" : "20180328T142934+0900"
      }, {
        "lat" : 38.248746,
        "lon" : 140.32801,
        "time" : "20180328T143007+0900"
      } ]
    } ],
    "lastUpdate" : "20180328T065610Z"
  }, {
    "type" : "place",
    "startTime" : "20180328T143007+0900",
    "endTime" : "20180328T150220+0900",
    "place" : {
      "id" : 581881550,
      "type" : "unknown",
      "location" : {
        "lat" : 38.248746,
        "lon" : 140.32801
      }
    },
    "activities" : [ {
      "activity" : "walking",
      "group" : "walking",
      "manual" : false,
      "startTime" : "20180328T144410+0900",
      "endTime" : "20180328T145136+0900",
      "duration" : 446.0,
      "distance" : 502.0,
      "steps" : 670,
      "calories" : 28,
      "trackPoints" : [ ]
    }, {
      "activity" : "walking",
      "group" : "walking",
      "manual" : false,
      "startTime" : "20180328T150209+0900",
      "endTime" : "20180328T150219+0900",
      "duration" : 10.0,
      "distance" : 7.0,
      "steps" : 14,
      "calories" : 0,
      "trackPoints" : [ ]
    } ],
    "lastUpdate" : "20180328T065610Z"
  }, {
    "type" : "move",
    "startTime" : "20180328T150220+0900",
    "endTime" : "20180328T153305+0900",
    "activities" : [ {
      "activity" : "walking",
      "group" : "walking",
      "manual" : false,
      "startTime" : "20180328T150220+0900",
      "endTime" : "20180328T153305+0900",
      "duration" : 1845.0,
      "distance" : 2092.0,
      "steps" : 2953,
      "calories" : 116,
      "trackPoints" : [ {
        "lat" : 38.248746,
        "lon" : 140.32801,
        "time" : "20180328T150220+0900"
      }, {
        "lat" : 38.2485,
        "lon" : 140.32852,
        "time" : "20180328T150256+0900"
      }, {
        "lat" : 38.248226,
        "lon" : 140.32846,
        "time" : "20180328T150312+0900"
      }, {
        "lat" : 38.248021,
        "lon" : 140.32835,
        "time" : "20180328T150330+0900"
      }, {
        "lat" : 38.247955,
        "lon" : 140.32844,
        "time" : "20180328T150419+0900"
      }, {
        "lat" : 38.24791,
        "lon" : 140.32845,
        "time" : "20180328T150442+0900"
      }, {
        "lat" : 38.247884,
        "lon" : 140.32844,
        "time" : "20180328T150458+0900"
      }, {
        "lat" : 38.247896,
        "lon" : 140.3286,
        "time" : "20180328T150545+0900"
      }, {
        "lat" : 38.247901,
        "lon" : 140.32888,
        "time" : "20180328T150607+0900"
      }, {
        "lat" : 38.247733,
        "lon" : 140.32935,
        "time" : "20180328T150632+0900"
      }, {
        "lat" : 38.247651,
        "lon" : 140.32962,
        "time" : "20180328T150702+0900"
      }, {
        "lat" : 38.247363,
        "lon" : 140.33027,
        "time" : "20180328T150809+0900"
      }, {
        "lat" : 38.247278,
        "lon" : 140.33017,
        "time" : "20180328T150828+0900"
      }, {
        "lat" : 38.247094,
        "lon" : 140.32998,
        "time" : "20180328T150850+0900"
      }, {
        "lat" : 38.246835,
        "lon" : 140.3298,
        "time" : "20180328T150908+0900"
      }, {
        "lat" : 38.2466,
        "lon" : 140.32962,
        "time" : "20180328T150925+0900"
      }, {
        "lat" : 38.246393,
        "lon" : 140.32949,
        "time" : "20180328T150942+0900"
      }, {
        "lat" : 38.246057,
        "lon" : 140.32909,
        "time" : "20180328T151016+0900"
      }, {
        "lat" : 38.245726,
        "lon" : 140.3289,
        "time" : "20180328T151050+0900"
      }, {
        "lat" : 38.245461,
        "lon" : 140.32892,
        "time" : "20180328T151113+0900"
      }, {
        "lat" : 38.245361,
        "lon" : 140.3288,
        "time" : "20180328T151128+0900"
      }, {
        "lat" : 38.245417,
        "lon" : 140.32889,
        "time" : "20180328T151144+0900"
      }, {
        "lat" : 38.245578,
        "lon" : 140.32895,
        "time" : "20180328T151206+0900"
      }, {
        "lat" : 38.24551,
        "lon" : 140.32895,
        "time" : "20180328T151227+0900"
      }, {
        "lat" : 38.245167,
        "lon" : 140.32889,
        "time" : "20180328T151248+0900"
      }, {
        "lat" : 38.244925,
        "lon" : 140.32875,
        "time" : "20180328T151310+0900"
      }, {
        "lat" : 38.244735,
        "lon" : 140.32862,
        "time" : "20180328T151328+0900"
      }, {
        "lat" : 38.244397,
        "lon" : 140.3284,
        "time" : "20180328T151400+0900"
      }, {
        "lat" : 38.244288,
        "lon" : 140.32829,
        "time" : "20180328T151419+0900"
      }, {
        "lat" : 38.243835,
        "lon" : 140.32808,
        "time" : "20180328T151500+0900"
      }, {
        "lat" : 38.243681,
        "lon" : 140.32798,
        "time" : "20180328T151520+0900"
      }, {
        "lat" : 38.243263,
        "lon" : 140.32779,
        "time" : "20180328T151556+0900"
      }, {
        "lat" : 38.242681,
        "lon" : 140.3276,
        "time" : "20180328T151653+0900"
      }, {
        "lat" : 38.242032,
        "lon" : 140.32741,
        "time" : "20180328T151752+0900"
      }, {
        "lat" : 38.241821,
        "lon" : 140.32736,
        "time" : "20180328T151809+0900"
      }, {
        "lat" : 38.241577,
        "lon" : 140.32729,
        "time" : "20180328T151835+0900"
      }, {
        "lat" : 38.241312,
        "lon" : 140.3273,
        "time" : "20180328T151914+0900"
      }, {
        "lat" : 38.241176,
        "lon" : 140.32729,
        "time" : "20180328T151929+0900"
      }, {
        "lat" : 38.240937,
        "lon" : 140.32722,
        "time" : "20180328T151947+0900"
      }, {
        "lat" : 38.240581,
        "lon" : 140.32723,
        "time" : "20180328T152007+0900"
      }, {
        "lat" : 38.239949,
        "lon" : 140.32719,
        "time" : "20180328T152050+0900"
      }, {
        "lat" : 38.239266,
        "lon" : 140.32713,
        "time" : "20180328T152141+0900"
      }, {
        "lat" : 38.239057,
        "lon" : 140.32713,
        "time" : "20180328T152200+0900"
      }, {
        "lat" : 38.238794,
        "lon" : 140.32716,
        "time" : "20180328T152231+0900"
      }, {
        "lat" : 38.238548,
        "lon" : 140.32715,
        "time" : "20180328T152253+0900"
      }, {
        "lat" : 38.237971,
        "lon" : 140.32709,
        "time" : "20180328T152334+0900"
      }, {
        "lat" : 38.236818,
        "lon" : 140.32704,
        "time" : "20180328T152509+0900"
      }, {
        "lat" : 38.236661,
        "lon" : 140.32703,
        "time" : "20180328T152529+0900"
      }, {
        "lat" : 38.236435,
        "lon" : 140.32716,
        "time" : "20180328T152556+0900"
      }, {
        "lat" : 38.236267,
        "lon" : 140.3274,
        "time" : "20180328T152724+0900"
      }, {
        "lat" : 38.236235,
        "lon" : 140.32743,
        "time" : "20180328T152749+0900"
      }, {
        "lat" : 38.236135,
        "lon" : 140.32749,
        "time" : "20180328T152856+0900"
      }, {
        "lat" : 38.236007,
        "lon" : 140.32756,
        "time" : "20180328T152925+0900"
      }, {
        "lat" : 38.235857,
        "lon" : 140.32767,
        "time" : "20180328T152943+0900"
      }, {
        "lat" : 38.23569,
        "lon" : 140.32771,
        "time" : "20180328T152959+0900"
      }, {
        "lat" : 38.23541,
        "lon" : 140.32777,
        "time" : "20180328T153015+0900"
      }, {
        "lat" : 38.235125,
        "lon" : 140.3278,
        "time" : "20180328T153042+0900"
      }, {
        "lat" : 38.235105,
        "lon" : 140.32757,
        "time" : "20180328T153114+0900"
      }, {
        "lat" : 38.235067,
        "lon" : 140.32745,
        "time" : "20180328T153136+0900"
      }, {
        "lat" : 38.235134,
        "lon" : 140.32712,
        "time" : "20180328T153156+0900"
      }, {
        "lat" : 38.235196,
        "lon" : 140.32691,
        "time" : "20180328T153214+0900"
      }, {
        "lat" : 38.235264,
        "lon" : 140.32678,
        "time" : "20180328T153232+0900"
      }, {
        "lat" : 38.235096,
        "lon" : 140.3264,
        "time" : "20180328T153305+0900"
      } ]
    } ],
    "lastUpdate" : "20180328T065610Z"
  }, {
    "type" : "place",
    "startTime" : "20180328T153305+0900",
    "endTime" : "20180329T121505+0900",
    "place" : {
      "id" : 581687885,
      "type" : "unknown",
      "location" : {
        "lat" : 38.235096,
        "lon" : 140.3264
      }
    },
    "activities" : [ {
      "activity" : "walking",
      "group" : "walking",
      "manual" : false,
      "startTime" : "20180328T153306+0900",
      "endTime" : "20180328T153457+0900",
      "duration" : 111.0,
      "distance" : 84.0,
      "steps" : 168,
      "calories" : 5,
      "trackPoints" : [ ]
    }, {
      "activity" : "walking",
      "group" : "walking",
      "manual" : false,
      "startTime" : "20180328T200559+0900",
      "endTime" : "20180328T200713+0900",
      "duration" : 74.0,
      "distance" : 55.0,
      "steps" : 110,
      "calories" : 3,
      "trackPoints" : [ ]
    }, {
      "activity" : "walking",
      "group" : "walking",
      "manual" : false,
      "startTime" : "20180328T214105+0900",
      "endTime" : "20180328T214134+0900",
      "duration" : 29.0,
      "distance" : 14.0,
      "steps" : 0,
      "calories" : 1,
      "trackPoints" : [ ]
    } ],
    "lastUpdate" : "20180329T043500Z"
  } ],
  "caloriesIdle" : 1591,
  "lastUpdate" : "20180329T043500Z"
} ]