[ {
  "date" : "20180713",
  "summary" : [ {
    "activity" : "walking",
    "group" : "walking",
    "duration" : 2174.0,
    "distance" : 2249.0,
    "steps" : 2730,
    "calories" : 124
  }, {
    "activity" : "cycling",
    "group" : "cycling",
    "duration" : 218.0,
    "distance" : 990.0,
    "calories" : 24
  }, {
    "activity" : "running",
    "group" : "running",
    "duration" : 110.0,
    "distance" : 116.0,
    "steps" : 166,
    "calories" : 9
  }, {
    "activity" : "transport",
    "group" : "transport",
    "duration" : 769.0,
    "distance" : 1215.0
  } ],
  "segments" : [ {
    "type" : "place",
    "startTime" : "20180712T214430+0900",
    "endTime" : "20180713T142342+0900",
    "place" : {
      "id" : 152143834,
      "type" : "unknown",
      "location" : {
        "lat" : 43.0846321394,
        "lon" : 141.3451669726
      }
    },
    "activities" : [ {
      "activity" : "walking",
      "group" : "walking",
      "manual" : false,
      "startTime" : "20180713T142152+0900",
      "endTime" : "20180713T142230+0900",
      "duration" : 38.0,
      "distance" : 28.0,
      "steps" : 57,
      "calories" : 2,
      "trackPoints" : [ ]
    } ],
    "lastUpdate" : "20180713T120828Z"
  }, {
    "type" : "move",
    "startTime" : "20180713T142342+0900",
    "endTime" : "20180713T142910+0900",
    "activities" : [ {
      "activity" : "walking",
      "group" : "walking",
      "manual" : false,
      "startTime" : "20180713T142342+0900",
      "endTime" : "20180713T142531+0900",
      "duration" : 109.0,
      "distance" : 131.0,
      "steps" : 57,
      "calories" : 7,
      "trackPoints" : [ {
        "lat" : 43.084632,
        "lon" : 141.34517,
        "time" : "20180713T142342+0900"
      }, {
        "lat" : 43.082133,
        "lon" : 141.34482,
        "time" : "20180713T142531+0900"
      } ]
    }, {
      "activity" : "cycling",
      "group" : "cycling",
      "manual" : false,
      "startTime" : "20180713T142532+0900",
      "endTime" : "20180713T142910+0900",
      "duration" : 218.0,
      "distance" : 990.0,
      "calories" : 24,
      "trackPoints" : [ {
        "lat" : 43.082133,
        "lon" : 141.34482,
        "time" : "20180713T142532+0900"
      }, {
        "lat" : 43.081626,
        "lon" : 141.34486,
        "time" : "20180713T142549+0900"
      }, {
        "lat" : 43.081157,
        "lon" : 141.34359,
        "time" : "20180713T142631+0900"
      }, {
        "lat" : 43.081027,
        "lon" : 141.34249,
        "time" : "20180713T142657+0900"
      }, {
        "lat" : 43.080544,
        "lon" : 141.34142,
        "time" : "20180713T142714+0900"
      }, {
        "lat" : 43.079926,
        "lon" : 141.34081,
        "time" : "20180713T142732+0900"
      }, {
        "lat" : 43.078808,
        "lon" : 141.34082,
        "time" : "20180713T142757+0900"
      }, {
        "lat" : 43.077244,
        "lon" : 141.33968,
        "time" : "20180713T142851+0900"
      }, {
        "lat" : 43.076435,
        "lon" : 141.33918,
        "time" : "20180713T142910+0900"
      } ]
    } ],
    "lastUpdate" : "20180713T120828Z"
  }, {
    "type" : "place",
    "startTime" : "20180713T142911+0900",
    "endTime" : "20180713T150613+0900",
    "place" : {
      "id" : 245014239,
      "type" : "unknown",
      "location" : {
        "lat" : 43.076271,
        "lon" : 141.33948
      }
    },
    "activities" : [ {
      "activity" : "walking",
      "group" : "walking",
      "manual" : false,
      "startTime" : "20180713T142911+0900",
      "endTime" : "20180713T143045+0900",
      "duration" : 94.0,
      "distance" : 71.0,
      "steps" : 142,
      "calories" : 4,
      "trackPoints" : [ ]
    }, {
      "activity" : "walking",
      "group" : "walking",
      "manual" : false,
      "startTime" : "20180713T150359+0900",
      "endTime" : "20180713T150613+0900",
      "duration" : 134.0,
      "distance" : 135.0,
      "steps" : 180,
      "calories" : 7,
      "trackPoints" : [ ]
    } ],
    "lastUpdate" : "20180713T120833Z"
  }, {
    "type" : "move",
    "startTime" : "20180713T150613+0900",
    "endTime" : "20180713T151350+0900",
    "activities" : [ {
      "activity" : "walking",
      "group" : "walking",
      "manual" : false,
      "startTime" : "20180713T150613+0900",
      "endTime" : "20180713T151350+0900",
      "duration" : 457.0,
      "distance" : 459.0,
      "steps" : 653,
      "calories" : 25,
      "trackPoints" : [ {
        "lat" : 43.076271,
        "lon" : 141.33948,
        "time" : "20180713T150613+0900"
      }, {
        "lat" : 43.075618,
        "lon" : 141.34135,
        "time" : "20180713T150827+0900"
      }, {
        "lat" : 43.075636,
        "lon" : 141.34134,
        "time" : "20180713T150847+0900"
      }, {
        "lat" : 43.075794,
        "lon" : 141.34081,
        "time" : "20180713T151010+0900"
      }, {
        "lat" : 43.07585,
        "lon" : 141.34057,
        "time" : "20180713T151036+0900"
      }, {
        "lat" : 43.075921,
        "lon" : 141.34022,
        "time" : "20180713T151054+0900"
      }, {
        "lat" : 43.076092,
        "lon" : 141.33984,
        "time" : "20180713T151115+0900"
      }, {
        "lat" : 43.076222,
        "lon" : 141.3396,
        "time" : "20180713T151133+0900"
      }, {
        "lat" : 43.076422,
        "lon" : 141.3394,
        "time" : "20180713T151158+0900"
      }, {
        "lat" : 43.076322,
        "lon" : 141.3391,
        "time" : "20180713T151216+0900"
      }, {
        "lat" : 43.076255,
        "lon" : 141.33906,
        "time" : "20180713T151246+0900"
      }, {
        "lat" : 43.076218,
        "lon" : 141.33905,
        "time" : "20180713T151308+0900"
      }, {
        "lat" : 43.076172,
        "lon" : 141.33906,
        "time" : "20180713T151323+0900"
      }, {
        "lat" : 43.075982,
        "lon" : 141.33887,
        "time" : "20180713T151350+0900"
      } ]
    } ],
    "lastUpdate" : "20180713T120833Z"
  }, {
    "type" : "place",
    "startTime" : "20180713T151350+0900",
    "endTime" : "20180713T210632+0900",
    "place" : {
      "id" : 268906914,
      "type" : "unknown",
      "location" : {
        "lat" : 43.075967,
        "lon" : 141.3395
      }
    },
    "activities" : [ {
      "activity" : "walking",
      "group" : "walking",
      "manual" : false,
      "startTime" : "20180713T151350+0900",
      "endTime" : "20180713T151354+0900",
      "duration" : 4.0,
      "distance" : 3.0,
      "steps" : 7,
      "calories" : 0,
      "trackPoints" : [ ]
    }, {
      "activity" : "walking",
      "group" : "walking",
      "manual" : false,
      "startTime" : "20180713T162825+0900",
      "endTime" : "20180713T163053+0900",
      "duration" : 148.0,
      "distance" : 111.0,
      "steps" : 0,
      "calories" : 6,
      "trackPoints" : [ ]
    }, {
      "activity" : "walking",
      "group" : "walking",
      "manual" : false,
      "startTime" : "20180713T181956+0900",
      "endTime" : "20180713T182522+0900",
      "duration" : 326.0,
      "distance" : 366.0,
      "steps" : 488,
      "calories" : 20,
      "trackPoints" : [ ]
    }, {
      "activity" : "walking",
      "group" : "walking",
      "manual" : false,
      "startTime" : "20180713T192453+0900",
      "endTime" : "20180713T192607+0900",
      "duration" : 74.0,
      "distance" : 54.0,
      "steps" : 109,
      "calories" : 3,
      "trackPoints" : [ ]
    }, {
      "activity" : "walking",
      "group" : "walking",
      "manual" : false,
      "startTime" : "20180713T210154+0900",
      "endTime" : "20180713T210414+0900",
      "duration" : 140.0,
      "distance" : 145.0,
      "steps" : 193,
      "calories" : 8,
      "trackPoints" : [ ]
    }, {
      "activity" : "running",
      "group" : "running",
      "manual" : false,
      "startTime" : "20180713T210312+0900",
      "endTime" : "20180713T210502+0900",
      "duration" : 110.0,
      "distance" : 116.0,
      "steps" : 166,
      "calories" : 9,
      "trackPoints" : [ ]
    } ],
    "lastUpdate" : "20180713T133749Z"
  }, {
    "type" : "move",
    "startTime" : "20180713T210632+0900",
    "endTime" : "20180713T212110+0900",
    "activities" : [ {
      "activity" : "walking",
      "group" : "walking",
      "manual" : false,
      "startTime" : "20180713T210632+0900",
      "endTime" : "20180713T210820+0900",
      "duration" : 108.0,
      "distance" : 130.0,
      "steps" : 94,
      "calories" : 7,
      "trackPoints" : [ {
        "lat" : 43.075967,
        "lon" : 141.3395,
        "time" : "20180713T210632+0900"
      }, {
        "lat" : 43.076858,
        "lon" : 141.34133,
        "time" : "20180713T210820+0900"
      } ]
    }, {
      "activity" : "transport",
      "group" : "transport",
      "manual" : false,
      "startTime" : "20180713T210820+0900",
      "endTime" : "20180713T212109+0900",
      "duration" : 769.0,
      "distance" : 1215.0,
      "trackPoints" : [ {
        "lat" : 43.076858,
        "lon" : 141.34133,
        "time" : "20180713T210820+0900"
      }, {
        "lat" : 43.076978,
        "lon" : 141.34145,
        "time" : "20180713T210836+0900"
      }, {
        "lat" : 43.078117,
        "lon" : 141.34132,
        "time" : "20180713T210948+0900"
      }, {
        "lat" : 43.079603,
        "lon" : 141.34066,
        "time" : "20180713T211105+0900"
      }, {
        "lat" : 43.079829,
        "lon" : 141.34063,
        "time" : "20180713T211121+0900"
      }, {
        "lat" : 43.080181,
        "lon" : 141.34063,
        "time" : "20180713T211143+0900"
      }, {
        "lat" : 43.08098,
        "lon" : 141.34068,
        "time" : "20180713T211249+0900"
      }, {
        "lat" : 43.080906,
        "lon" : 141.34071,
        "time" : "20180713T211315+0900"
      }, {
        "lat" : 43.080797,
        "lon" : 141.34159,
        "time" : "20180713T211445+0900"
      }, {
        "lat" : 43.080902,
        "lon" : 141.34189,
        "time" : "20180713T211502+0900"
      }, {
        "lat" : 43.080932,
        "lon" : 141.34206,
        "time" : "20180713T211518+0900"
      }, {
        "lat" : 43.080964,
        "lon" : 141.34222,
        "time" : "20180713T211540+0900"
      }, {
        "lat" : 43.08099,
        "lon" : 141.34234,
        "time" : "20180713T211556+0900"
      }, {
        "lat" : 43.081076,
        "lon" : 141.34296,
        "time" : "20180713T211630+0900"
      }, {
        "lat" : 43.081203,
        "lon" : 141.34388,
        "time" : "20180713T211758+0900"
      }, {
        "lat" : 43.081314,
        "lon" : 141.34499,
        "time" : "20180713T211840+0900"
      }, {
        "lat" : 43.081225,
        "lon" : 141.34513,
        "time" : "20180713T211856+0900"
      }, {
        "lat" : 43.080286,
        "lon" : 141.34602,
        "time" : "20180713T212030+0900"
      }, {
        "lat" : 43.080927,
        "lon" : 141.34683,
        "time" : "20180713T212110+0900"
      } ]
    } ],
    "lastUpdate" : "20180713T133749Z"
  }, {
    "type" : "place",
    "startTime" : "20180713T212110+0900",
    "endTime" : "20180713T223128+0900",
    "place" : {
      "id" : 478625229,
      "type" : "unknown",
      "location" : {
        "lat" : 43.080643,
        "lon" : 141.34726
      }
    },
    "activities" : [ {
      "activity" : "walking",
      "group" : "walking",
      "manual" : false,
      "startTime" : "20180713T212315+0900",
      "endTime" : "20180713T212527+0900",
      "duration" : 132.0,
      "distance" : 149.0,
      "steps" : 199,
      "calories" : 8,
      "trackPoints" : [ ]
    } ],
    "lastUpdate" : "20180713T143808Z"
  }, {
    "type" : "move",
    "startTime" : "20180713T223128+0900",
    "endTime" : "20180713T223804+0900",
    "activities" : [ {
      "activity" : "walking",
      "group" : "walking",
      "manual" : false,
      "startTime" : "20180713T223128+0900",
      "endTime" : "20180713T223804+0900",
      "duration" : 396.0,
      "distance" : 456.0,
      "steps" : 528,
      "calories" : 25,
      "trackPoints" : [ {
        "lat" : 43.080643,
        "lon" : 141.34726,
        "time" : "20180713T223128+0900"
      }, {
        "lat" : 43.077114,
        "lon" : 141.34797,
        "time" : "20180713T223805+0900"
      } ]
    } ],
    "lastUpdate" : "20180713T143808Z"
  }, {
    "type" : "place",
    "startTime" : "20180713T223855+0900",
    "endTime" : "20180714T023414+0900",
    "place" : {
      "id" : 611298859,
      "type" : "unknown",
      "location" : {
        "lat" : 43.077114,
        "lon" : 141.34797
      }
    },
    "activities" : [ {
      "activity" : "walking",
      "group" : "walking",
      "manual" : false,
      "startTime" : "20180713T223916+0900",
      "endTime" : "20180713T223929+0900",
      "duration" : 13.0,
      "distance" : 10.0,
      "steps" : 21,
      "calories" : 1,
      "trackPoints" : [ ]
    }, {
      "activity" : "walking",
      "group" : "walking",
      "manual" : false,
      "startTime" : "20180713T233839+0900",
      "endTime" : "20180713T233840+0900",
      "duration" : 1.0,
      "distance" : 1.0,
      "steps" : 2,
      "calories" : 0,
      "trackPoints" : [ ]
    } ],
    "lastUpdate" : "20180713T173416Z"
  } ],
  "caloriesIdle" : 1591,
  "lastUpdate" : "20180713T173416Z"
} ]