[ {
  "date" : "20150122",
  "summary" : [ {
    "activity" : "walking",
    "group" : "walking",
    "duration" : 2664.0,
    "distance" : 2863.0,
    "steps" : 4304,
    "calories" : 170
  }, {
    "activity" : "transport",
    "group" : "transport",
    "duration" : 7496.0,
    "distance" : 111717.0
  }, {
    "activity" : "running",
    "group" : "running",
    "duration" : 240.0,
    "distance" : 579.0,
    "steps" : 629,
    "calories" : 42
  } ],
  "segments" : [ {
    "type" : "place",
    "startTime" : "20150121T214503+0900",
    "endTime" : "20150122T113511+0900",
    "place" : {
      "id" : 98345442,
      "type" : "unknown",
      "location" : {
        "lat" : 35.7168392789,
        "lon" : 139.7283806079
      }
    },
    "activities" : [ {
      "activity" : "walking",
      "group" : "walking",
      "manual" : false,
      "startTime" : "20150122T113411+0900",
      "endTime" : "20150122T113441+0900",
      "duration" : 30.0,
      "distance" : 25.0,
      "steps" : 51,
      "calories" : 1,
      "trackPoints" : [ ]
    } ],
    "lastUpdate" : "20150122T075617Z"
  }, {
    "type" : "move",
    "startTime" : "20150122T113511+0900",
    "endTime" : "20150122T115908+0900",
    "activities" : [ {
      "activity" : "running",
      "group" : "running",
      "manual" : false,
      "startTime" : "20150122T113511+0900",
      "endTime" : "20150122T113711+0900",
      "duration" : 120.0,
      "distance" : 207.0,
      "steps" : 296,
      "calories" : 15,
      "trackPoints" : [ {
        "lat" : 35.7168392789,
        "lon" : 139.7283806079,
        "time" : "20150122T113511+0900"
      }, {
        "lat" : 35.7171743625,
        "lon" : 139.7283944678,
        "time" : "20150122T113526+0900"
      }, {
        "lat" : 35.717544639,
        "lon" : 139.7282043991,
        "time" : "20150122T113545+0900"
      }, {
        "lat" : 35.7179976111,
        "lon" : 139.7279831448,
        "time" : "20150122T113624+0900"
      }, {
        "lat" : 35.7181089543,
        "lon" : 139.7279187801,
        "time" : "20150122T113639+0900"
      }, {
        "lat" : 35.718245154,
        "lon" : 139.7278248093,
        "time" : "20150122T113711+0900"
      } ]
    }, {
      "activity" : "transport",
      "group" : "transport",
      "manual" : false,
      "startTime" : "20150122T113711+0900",
      "endTime" : "20150122T115908+0900",
      "duration" : 1317.0,
      "distance" : 14741.0,
      "trackPoints" : [ {
        "lat" : 35.718245154,
        "lon" : 139.7278248093,
        "time" : "20150122T113711+0900"
      }, {
        "lat" : 35.7267135871,
        "lon" : 139.7187246139,
        "time" : "20150122T114248+0900"
      }, {
        "lat" : 35.716925449,
        "lon" : 139.7369683455,
        "time" : "20150122T114438+0900"
      }, {
        "lat" : 35.7296844175,
        "lon" : 139.7103290381,
        "time" : "20150122T114528+0900"
      }, {
        "lat" : 35.7297548067,
        "lon" : 139.7106210348,
        "time" : "20150122T114550+0900"
      }, {
        "lat" : 35.7297630902,
        "lon" : 139.7106447826,
        "time" : "20150122T114611+0900"
      }, {
        "lat" : 35.729768632,
        "lon" : 139.7106667963,
        "time" : "20150122T114629+0900"
      }, {
        "lat" : 35.7297023815,
        "lon" : 139.7107105717,
        "time" : "20150122T114650+0900"
      }, {
        "lat" : 35.7295314134,
        "lon" : 139.7107235228,
        "time" : "20150122T114706+0900"
      }, {
        "lat" : 35.729665106,
        "lon" : 139.7107314398,
        "time" : "20150122T114724+0900"
      }, {
        "lat" : 35.7297621677,
        "lon" : 139.7107442949,
        "time" : "20150122T114751+0900"
      }, {
        "lat" : 35.7302871063,
        "lon" : 139.7110395257,
        "time" : "20150122T114822+0900"
      }, {
        "lat" : 35.7344919002,
        "lon" : 139.7156447401,
        "time" : "20150122T114908+0900"
      }, {
        "lat" : 35.7337686417,
        "lon" : 139.720463199,
        "time" : "20150122T114926+0900"
      }, {
        "lat" : 35.7327161556,
        "lon" : 139.7243789574,
        "time" : "20150122T114942+0900"
      }, {
        "lat" : 35.7324000393,
        "lon" : 139.7273813653,
        "time" : "20150122T115003+0900"
      }, {
        "lat" : 35.7318514108,
        "lon" : 139.7275137513,
        "time" : "20150122T115023+0900"
      }, {
        "lat" : 35.7317938535,
        "lon" : 139.7274777105,
        "time" : "20150122T115038+0900"
      }, {
        "lat" : 35.7318400085,
        "lon" : 139.728304306,
        "time" : "20150122T115055+0900"
      }, {
        "lat" : 35.7307323755,
        "lon" : 139.7324707475,
        "time" : "20150122T115120+0900"
      }, {
        "lat" : 35.7319597145,
        "lon" : 139.7360266121,
        "time" : "20150122T115138+0900"
      }, {
        "lat" : 35.7330551096,
        "lon" : 139.7387579709,
        "time" : "20150122T115157+0900"
      }, {
        "lat" : 35.7336737688,
        "lon" : 139.7401966594,
        "time" : "20150122T115301+0900"
      }, {
        "lat" : 35.7352444425,
        "lon" : 139.7439250748,
        "time" : "20150122T115318+0900"
      }, {
        "lat" : 35.73693085,
        "lon" : 139.7480729314,
        "time" : "20150122T115359+0900"
      }, {
        "lat" : 35.7367001286,
        "lon" : 139.7477106054,
        "time" : "20150122T115417+0900"
      }, {
        "lat" : 35.7371602346,
        "lon" : 139.7485220573,
        "time" : "20150122T115436+0900"
      }, {
        "lat" : 35.7390823351,
        "lon" : 139.7527805893,
        "time" : "20150122T115506+0900"
      }, {
        "lat" : 35.7402843126,
        "lon" : 139.7560740932,
        "time" : "20150122T115524+0900"
      }, {
        "lat" : 35.7376690377,
        "lon" : 139.7613842132,
        "time" : "20150122T115604+0900"
      }, {
        "lat" : 35.7375834735,
        "lon" : 139.7615129917,
        "time" : "20150122T115637+0900"
      }, {
        "lat" : 35.736585713,
        "lon" : 139.7627079444,
        "time" : "20150122T115704+0900"
      }, {
        "lat" : 35.7332149158,
        "lon" : 139.7659970413,
        "time" : "20150122T115724+0900"
      }, {
        "lat" : 35.732649598,
        "lon" : 139.7663516047,
        "time" : "20150122T115749+0900"
      }, {
        "lat" : 35.7324563673,
        "lon" : 139.766497858,
        "time" : "20150122T115813+0900"
      }, {
        "lat" : 35.732107135,
        "lon" : 139.7667632603,
        "time" : "20150122T115832+0900"
      }, {
        "lat" : 35.7278522227,
        "lon" : 139.770977746,
        "time" : "20150122T115908+0900"
      } ]
    } ],
    "lastUpdate" : "20150122T075617Z"
  }, {
    "type" : "place",
    "startTime" : "20150122T115908+0900",
    "endTime" : "20150122T121305+0900",
    "place" : {
      "id" : 128799812,
      "type" : "unknown",
      "location" : {
        "lat" : 35.7278522227,
        "lon" : 139.770977746
      }
    },
    "activities" : [ {
      "activity" : "walking",
      "group" : "walking",
      "manual" : false,
      "startTime" : "20150122T115913+0900",
      "endTime" : "20150122T120043+0900",
      "duration" : 90.0,
      "distance" : 96.0,
      "steps" : 193,
      "calories" : 6,
      "trackPoints" : [ ]
    } ],
    "lastUpdate" : "20150122T075617Z"
  }, {
    "type" : "move",
    "startTime" : "20150122T121305+0900",
    "endTime" : "20150122T130405+0900",
    "activities" : [ {
      "activity" : "transport",
      "group" : "transport",
      "manual" : false,
      "startTime" : "20150122T121305+0900",
      "endTime" : "20150122T123249+0900",
      "duration" : 1184.0,
      "distance" : 30379.0,
      "trackPoints" : [ {
        "lat" : 35.7278522227,
        "lon" : 139.770977746,
        "time" : "20150122T121305+0900"
      }, {
        "lat" : 35.729274842,
        "lon" : 139.7699293583,
        "time" : "20150122T121343+0900"
      }, {
        "lat" : 35.7323264507,
        "lon" : 139.7705766322,
        "time" : "20150122T121402+0900"
      }, {
        "lat" : 35.7313853176,
        "lon" : 139.7936584188,
        "time" : "20150122T121552+0900"
      }, {
        "lat" : 35.7315818578,
        "lon" : 139.7948313515,
        "time" : "20150122T121612+0900"
      }, {
        "lat" : 35.7341755898,
        "lon" : 139.7995074586,
        "time" : "20150122T121630+0900"
      }, {
        "lat" : 35.7415181132,
        "lon" : 139.8022831827,
        "time" : "20150122T121702+0900"
      }, {
        "lat" : 35.7458179214,
        "lon" : 139.8037514319,
        "time" : "20150122T121721+0900"
      }, {
        "lat" : 35.7519013013,
        "lon" : 139.8058786255,
        "time" : "20150122T121752+0900"
      }, {
        "lat" : 35.7549662918,
        "lon" : 139.8070901698,
        "time" : "20150122T121813+0900"
      }, {
        "lat" : 35.7610638898,
        "lon" : 139.8163930814,
        "time" : "20150122T121847+0900"
      }, {
        "lat" : 35.7618924669,
        "lon" : 139.8226084687,
        "time" : "20150122T121910+0900"
      }, {
        "lat" : 35.7630671754,
        "lon" : 139.8334164802,
        "time" : "20150122T121944+0900"
      }, {
        "lat" : 35.7636956432,
        "lon" : 139.8378968577,
        "time" : "20150122T122015+0900"
      }, {
        "lat" : 35.7673358938,
        "lon" : 139.8521731611,
        "time" : "20150122T122047+0900"
      }, {
        "lat" : 35.768225144,
        "lon" : 139.8593388622,
        "time" : "20150122T122108+0900"
      }, {
        "lat" : 35.7695767348,
        "lon" : 139.8695828959,
        "time" : "20150122T122140+0900"
      }, {
        "lat" : 35.769875556,
        "lon" : 139.8730581633,
        "time" : "20150122T122158+0900"
      }, {
        "lat" : 35.7709532907,
        "lon" : 139.8917299362,
        "time" : "20150122T122257+0900"
      }, {
        "lat" : 35.780505662,
        "lon" : 139.8990195042,
        "time" : "20150122T122350+0900"
      }, {
        "lat" : 35.7842124739,
        "lon" : 139.9005224561,
        "time" : "20150122T122410+0900"
      }, {
        "lat" : 35.7866968069,
        "lon" : 139.9015016041,
        "time" : "20150122T122439+0900"
      }, {
        "lat" : 35.7866968069,
        "lon" : 139.9015016041,
        "time" : "20150122T122506+0900"
      }, {
        "lat" : 35.7866968069,
        "lon" : 139.9015016041,
        "time" : "20150122T122552+0900"
      }, {
        "lat" : 35.7892282016,
        "lon" : 139.9022537852,
        "time" : "20150122T122611+0900"
      }, {
        "lat" : 35.7919170345,
        "lon" : 139.9040963354,
        "time" : "20150122T122628+0900"
      }, {
        "lat" : 35.7968131373,
        "lon" : 139.9081060067,
        "time" : "20150122T122654+0900"
      }, {
        "lat" : 35.8007907277,
        "lon" : 139.9117385233,
        "time" : "20150122T122712+0900"
      }, {
        "lat" : 35.8054850831,
        "lon" : 139.9151148831,
        "time" : "20150122T122733+0900"
      }, {
        "lat" : 35.8081426607,
        "lon" : 139.9163781998,
        "time" : "20150122T122749+0900"
      }, {
        "lat" : 35.8157133299,
        "lon" : 139.9181385535,
        "time" : "20150122T122812+0900"
      }, {
        "lat" : 35.8208085149,
        "lon" : 139.9197090178,
        "time" : "20150122T122832+0900"
      }, {
        "lat" : 35.8260688837,
        "lon" : 139.9213385142,
        "time" : "20150122T122856+0900"
      }, {
        "lat" : 35.830174148,
        "lon" : 139.9246232058,
        "time" : "20150122T122921+0900"
      }, {
        "lat" : 35.8326050784,
        "lon" : 139.9293897037,
        "time" : "20150122T122944+0900"
      }, {
        "lat" : 35.8328449675,
        "lon" : 139.9299467098,
        "time" : "20150122T123000+0900"
      }, {
        "lat" : 35.8414020871,
        "lon" : 139.9472177603,
        "time" : "20150122T123037+0900"
      }, {
        "lat" : 35.8446779791,
        "lon" : 139.9541562815,
        "time" : "20150122T123058+0900"
      }, {
        "lat" : 35.8471411334,
        "lon" : 139.9579872475,
        "time" : "20150122T123119+0900"
      }, {
        "lat" : 35.851178625,
        "lon" : 139.9622680661,
        "time" : "20150122T123135+0900"
      }, {
        "lat" : 35.8548417255,
        "lon" : 139.9650434454,
        "time" : "20150122T123155+0900"
      }, {
        "lat" : 35.8605443434,
        "lon" : 139.9697881944,
        "time" : "20150122T123214+0900"
      }, {
        "lat" : 35.862407772,
        "lon" : 139.9711405042,
        "time" : "20150122T123250+0900"
      } ]
    }, {
      "activity" : "walking",
      "group" : "walking",
      "manual" : false,
      "startTime" : "20150122T123250+0900",
      "endTime" : "20150122T123520+0900",
      "duration" : 150.0,
      "distance" : 131.0,
      "steps" : 263,
      "calories" : 8,
      "trackPoints" : [ {
        "lat" : 35.862407772,
        "lon" : 139.9711405042,
        "time" : "20150122T123250+0900"
      }, {
        "lat" : 35.8624695675,
        "lon" : 139.9713073593,
        "time" : "20150122T123316+0900"
      }, {
        "lat" : 35.8624586489,
        "lon" : 139.9712954078,
        "time" : "20150122T123336+0900"
      }, {
        "lat" : 35.8624164659,
        "lon" : 139.9712360136,
        "time" : "20150122T123359+0900"
      }, {
        "lat" : 35.8623893639,
        "lon" : 139.9711304276,
        "time" : "20150122T123416+0900"
      }, {
        "lat" : 35.8623489426,
        "lon" : 139.9709134301,
        "time" : "20150122T123432+0900"
      }, {
        "lat" : 35.8622814567,
        "lon" : 139.9705180992,
        "time" : "20150122T123503+0900"
      }, {
        "lat" : 35.8621845118,
        "lon" : 139.9705704867,
        "time" : "20150122T123520+0900"
      } ]
    }, {
      "activity" : "transport",
      "group" : "transport",
      "manual" : false,
      "startTime" : "20150122T123520+0900",
      "endTime" : "20150122T125704+0900",
      "duration" : 1304.0,
      "distance" : 11001.0,
      "trackPoints" : [ {
        "lat" : 35.8621845118,
        "lon" : 139.9705704867,
        "time" : "20150122T123520+0900"
      }, {
        "lat" : 35.8621140512,
        "lon" : 139.9705015683,
        "time" : "20150122T123535+0900"
      }, {
        "lat" : 35.8620104974,
        "lon" : 139.9703168238,
        "time" : "20150122T123607+0900"
      }, {
        "lat" : 35.8597925667,
        "lon" : 139.9687942569,
        "time" : "20150122T123749+0900"
      }, {
        "lat" : 35.8597925667,
        "lon" : 139.9687942569,
        "time" : "20150122T123822+0900"
      }, {
        "lat" : 35.8597925667,
        "lon" : 139.9687942569,
        "time" : "20150122T123909+0900"
      }, {
        "lat" : 35.8597925667,
        "lon" : 139.9687942569,
        "time" : "20150122T123929+0900"
      }, {
        "lat" : 35.8597925667,
        "lon" : 139.9687942569,
        "time" : "20150122T124102+0900"
      }, {
        "lat" : 35.8597925667,
        "lon" : 139.9687942569,
        "time" : "20150122T124225+0900"
      }, {
        "lat" : 35.8597925667,
        "lon" : 139.9687942569,
        "time" : "20150122T124329+0900"
      }, {
        "lat" : 35.8597925667,
        "lon" : 139.9687942569,
        "time" : "20150122T124350+0900"
      }, {
        "lat" : 35.8590177764,
        "lon" : 139.9673364838,
        "time" : "20150122T124408+0900"
      }, {
        "lat" : 35.8591103514,
        "lon" : 139.964144226,
        "time" : "20150122T124425+0900"
      }, {
        "lat" : 35.860487527,
        "lon" : 139.9587496109,
        "time" : "20150122T124443+0900"
      }, {
        "lat" : 35.8612671336,
        "lon" : 139.9556402051,
        "time" : "20150122T124503+0900"
      }, {
        "lat" : 35.8644824771,
        "lon" : 139.9441830082,
        "time" : "20150122T124542+0900"
      }, {
        "lat" : 35.8660469314,
        "lon" : 139.9403157099,
        "time" : "20150122T124604+0900"
      }, {
        "lat" : 35.8705068009,
        "lon" : 139.9298048049,
        "time" : "20150122T124800+0900"
      }, {
        "lat" : 35.8718134359,
        "lon" : 139.9268776227,
        "time" : "20150122T124823+0900"
      }, {
        "lat" : 35.8718781705,
        "lon" : 139.9262290218,
        "time" : "20150122T124843+0900"
      }, {
        "lat" : 35.8718768592,
        "lon" : 139.9261683243,
        "time" : "20150122T124911+0900"
      }, {
        "lat" : 35.872149528,
        "lon" : 139.9256085273,
        "time" : "20150122T124938+0900"
      }, {
        "lat" : 35.8758298256,
        "lon" : 139.9223445898,
        "time" : "20150122T125007+0900"
      }, {
        "lat" : 35.8770339851,
        "lon" : 139.9219030862,
        "time" : "20150122T125025+0900"
      }, {
        "lat" : 35.8833777143,
        "lon" : 139.918204058,
        "time" : "20150122T125056+0900"
      }, {
        "lat" : 35.8838603543,
        "lon" : 139.9178549893,
        "time" : "20150122T125135+0900"
      }, {
        "lat" : 35.8840600354,
        "lon" : 139.9177754193,
        "time" : "20150122T125151+0900"
      }, {
        "lat" : 35.894967723,
        "lon" : 139.9118691984,
        "time" : "20150122T125303+0900"
      }, {
        "lat" : 35.8966236762,
        "lon" : 139.9110584129,
        "time" : "20150122T125319+0900"
      }, {
        "lat" : 35.8971831596,
        "lon" : 139.9105481257,
        "time" : "20150122T125342+0900"
      }, {
        "lat" : 35.8972958208,
        "lon" : 139.9104768811,
        "time" : "20150122T125407+0900"
      }, {
        "lat" : 35.897997997,
        "lon" : 139.9100934864,
        "time" : "20150122T125429+0900"
      }, {
        "lat" : 35.9011172489,
        "lon" : 139.9083803647,
        "time" : "20150122T125454+0900"
      }, {
        "lat" : 35.9055331363,
        "lon" : 139.9075354306,
        "time" : "20150122T125514+0900"
      }, {
        "lat" : 35.9088703504,
        "lon" : 139.9067547265,
        "time" : "20150122T125531+0900"
      }, {
        "lat" : 35.9140469878,
        "lon" : 139.9057657495,
        "time" : "20150122T125608+0900"
      }, {
        "lat" : 35.9140469878,
        "lon" : 139.9057657495,
        "time" : "20150122T125633+0900"
      }, {
        "lat" : 35.9140416867,
        "lon" : 139.9059065388,
        "time" : "20150122T125649+0900"
      }, {
        "lat" : 35.9143875734,
        "lon" : 139.9060214713,
        "time" : "20150122T125704+0900"
      } ]
    }, {
      "activity" : "running",
      "group" : "running",
      "manual" : false,
      "startTime" : "20150122T125704+0900",
      "endTime" : "20150122T125904+0900",
      "duration" : 120.0,
      "distance" : 372.0,
      "steps" : 333,
      "calories" : 27,
      "trackPoints" : [ {
        "lat" : 35.9143875734,
        "lon" : 139.9060214713,
        "time" : "20150122T125704+0900"
      }, {
        "lat" : 35.915277571,
        "lon" : 139.9058623463,
        "time" : "20150122T125755+0900"
      }, {
        "lat" : 35.91553844,
        "lon" : 139.9060989747,
        "time" : "20150122T125811+0900"
      }, {
        "lat" : 35.9165322069,
        "lon" : 139.9061041374,
        "time" : "20150122T125843+0900"
      }, {
        "lat" : 35.91716469,
        "lon" : 139.906449478,
        "time" : "20150122T125904+0900"
      } ]
    }, {
      "activity" : "walking",
      "group" : "walking",
      "manual" : false,
      "startTime" : "20150122T125904+0900",
      "endTime" : "20150122T130405+0900",
      "duration" : 301.0,
      "distance" : 360.0,
      "steps" : 519,
      "calories" : 21,
      "trackPoints" : [ {
        "lat" : 35.91716469,
        "lon" : 139.906449478,
        "time" : "20150122T125904+0900"
      }, {
        "lat" : 35.9174899026,
        "lon" : 139.9069481447,
        "time" : "20150122T125956+0900"
      }, {
        "lat" : 35.9174900976,
        "lon" : 139.9069740761,
        "time" : "20150122T125959+0900"
      }, {
        "lat" : 35.9174900981,
        "lon" : 139.9069741414,
        "time" : "20150122T130000+0900"
      }, {
        "lat" : 35.9174907972,
        "lon" : 139.9070670925,
        "time" : "20150122T130014+0900"
      }, {
        "lat" : 35.9174751098,
        "lon" : 139.907375148,
        "time" : "20150122T130029+0900"
      }, {
        "lat" : 35.917542599,
        "lon" : 139.9078562735,
        "time" : "20150122T130051+0900"
      }, {
        "lat" : 35.9177012826,
        "lon" : 139.9083296287,
        "time" : "20150122T130114+0900"
      }, {
        "lat" : 35.9178650334,
        "lon" : 139.908612543,
        "time" : "20150122T130130+0900"
      }, {
        "lat" : 35.9179375443,
        "lon" : 139.9087585482,
        "time" : "20150122T130148+0900"
      }, {
        "lat" : 35.9180455812,
        "lon" : 139.9088160642,
        "time" : "20150122T130211+0900"
      }, {
        "lat" : 35.9177702548,
        "lon" : 139.909365534,
        "time" : "20150122T130338+0900"
      }, {
        "lat" : 35.9174271171,
        "lon" : 139.9093273051,
        "time" : "20150122T130405+0900"
      } ]
    } ],
    "lastUpdate" : "20150122T075617Z"
  }, {
    "type" : "place",
    "startTime" : "20150122T130405+0900",
    "endTime" : "20150122T203444+0900",
    "place" : {
      "id" : 109280694,
      "type" : "unknown",
      "location" : {
        "lat" : 35.9181617411,
        "lon" : 139.9090048253
      }
    },
    "activities" : [ {
      "activity" : "walking",
      "group" : "walking",
      "manual" : false,
      "startTime" : "20150122T142758+0900",
      "endTime" : "20150122T143328+0900",
      "duration" : 330.0,
      "distance" : 312.0,
      "steps" : 415,
      "calories" : 18,
      "trackPoints" : [ ]
    }, {
      "activity" : "walking",
      "group" : "walking",
      "manual" : false,
      "startTime" : "20150122T150513+0900",
      "endTime" : "20150122T150843+0900",
      "duration" : 210.0,
      "distance" : 213.0,
      "steps" : 284,
      "calories" : 13,
      "trackPoints" : [ ]
    }, {
      "activity" : "walking",
      "group" : "walking",
      "manual" : false,
      "startTime" : "20150122T202111+0900",
      "endTime" : "20150122T202359+0900",
      "duration" : 168.0,
      "distance" : 154.0,
      "steps" : 205,
      "calories" : 9,
      "trackPoints" : [ ]
    } ],
    "lastUpdate" : "20150122T154345Z"
  }, {
    "type" : "move",
    "startTime" : "20150122T203444+0900",
    "endTime" : "20150122T204533+0900",
    "activities" : [ {
      "activity" : "walking",
      "group" : "walking",
      "manual" : false,
      "startTime" : "20150122T203444+0900",
      "endTime" : "20150122T204533+0900",
      "duration" : 649.0,
      "distance" : 764.0,
      "steps" : 1184,
      "calories" : 45,
      "trackPoints" : [ {
        "lat" : 35.9181617411,
        "lon" : 139.9090048253,
        "time" : "20150122T203444+0900"
      }, {
        "lat" : 35.918043124,
        "lon" : 139.9087491824,
        "time" : "20150122T203530+0900"
      }, {
        "lat" : 35.9180245119,
        "lon" : 139.9087228838,
        "time" : "20150122T203548+0900"
      }, {
        "lat" : 35.917983097,
        "lon" : 139.9086803293,
        "time" : "20150122T203613+0900"
      }, {
        "lat" : 35.9178485137,
        "lon" : 139.9085012279,
        "time" : "20150122T203631+0900"
      }, {
        "lat" : 35.9176090843,
        "lon" : 139.9085301868,
        "time" : "20150122T203649+0900"
      }, {
        "lat" : 35.9173636447,
        "lon" : 139.9083972327,
        "time" : "20150122T203709+0900"
      }, {
        "lat" : 35.917451037,
        "lon" : 139.9082315011,
        "time" : "20150122T203725+0900"
      }, {
        "lat" : 35.9175968323,
        "lon" : 139.9075949329,
        "time" : "20150122T203818+0900"
      }, {
        "lat" : 35.9177073212,
        "lon" : 139.9069363983,
        "time" : "20150122T203902+0900"
      }, {
        "lat" : 35.917532709,
        "lon" : 139.9065270488,
        "time" : "20150122T203927+0900"
      }, {
        "lat" : 35.9172767033,
        "lon" : 139.9059992926,
        "time" : "20150122T203952+0900"
      }, {
        "lat" : 35.9172260743,
        "lon" : 139.9059889371,
        "time" : "20150122T204014+0900"
      }, {
        "lat" : 35.9169972633,
        "lon" : 139.9059849161,
        "time" : "20150122T204033+0900"
      }, {
        "lat" : 35.9168282306,
        "lon" : 139.905860796,
        "time" : "20150122T204049+0900"
      }, {
        "lat" : 35.9164531879,
        "lon" : 139.9058281564,
        "time" : "20150122T204110+0900"
      }, {
        "lat" : 35.9157686429,
        "lon" : 139.9058763538,
        "time" : "20150122T204216+0900"
      }, {
        "lat" : 35.9155867919,
        "lon" : 139.9059909612,
        "time" : "20150122T204238+0900"
      }, {
        "lat" : 35.9154532261,
        "lon" : 139.9060582751,
        "time" : "20150122T204258+0900"
      }, {
        "lat" : 35.9152909235,
        "lon" : 139.9061535575,
        "time" : "20150122T204320+0900"
      }, {
        "lat" : 35.9150710436,
        "lon" : 139.9062670904,
        "time" : "20150122T204340+0900"
      }, {
        "lat" : 35.9148873602,
        "lon" : 139.9064102992,
        "time" : "20150122T204401+0900"
      }, {
        "lat" : 35.9147877202,
        "lon" : 139.906406707,
        "time" : "20150122T204422+0900"
      }, {
        "lat" : 35.9146938196,
        "lon" : 139.9064964597,
        "time" : "20150122T204440+0900"
      }, {
        "lat" : 35.9145423815,
        "lon" : 139.9066738685,
        "time" : "20150122T204503+0900"
      }, {
        "lat" : 35.9144756626,
        "lon" : 139.9060874544,
        "time" : "20150122T204533+0900"
      } ]
    } ],
    "lastUpdate" : "20150122T154345Z"
  }, {
    "type" : "place",
    "startTime" : "20150122T204533+0900",
    "endTime" : "20150122T205530+0900",
    "place" : {
      "id" : 113155441,
      "type" : "unknown",
      "location" : {
        "lat" : 35.9144756626,
        "lon" : 139.9060874544
      }
    },
    "activities" : [ {
      "activity" : "walking",
      "group" : "walking",
      "manual" : false,
      "startTime" : "20150122T204731+0900",
      "endTime" : "20150122T205001+0900",
      "duration" : 150.0,
      "distance" : 198.0,
      "steps" : 264,
      "calories" : 12,
      "trackPoints" : [ ]
    } ],
    "lastUpdate" : "20150122T154345Z"
  }, {
    "type" : "move",
    "startTime" : "20150122T205530+0900",
    "endTime" : "20150122T220646+0900",
    "activities" : [ {
      "activity" : "transport",
      "group" : "transport",
      "manual" : false,
      "startTime" : "20150122T205530+0900",
      "endTime" : "20150122T210903+0900",
      "duration" : 813.0,
      "distance" : 10790.0,
      "trackPoints" : [ {
        "lat" : 35.9144756626,
        "lon" : 139.9060874544,
        "time" : "20150122T205530+0900"
      }, {
        "lat" : 35.9133572,
        "lon" : 139.9060253166,
        "time" : "20150122T205549+0900"
      }, {
        "lat" : 35.9102180067,
        "lon" : 139.9061292329,
        "time" : "20150122T205615+0900"
      }, {
        "lat" : 35.9065159896,
        "lon" : 139.9073649461,
        "time" : "20150122T205638+0900"
      }, {
        "lat" : 35.9004670778,
        "lon" : 139.9086735085,
        "time" : "20150122T205710+0900"
      }, {
        "lat" : 35.8974852552,
        "lon" : 139.9103787448,
        "time" : "20150122T205745+0900"
      }, {
        "lat" : 35.8975171801,
        "lon" : 139.9103904752,
        "time" : "20150122T205803+0900"
      }, {
        "lat" : 35.8967782571,
        "lon" : 139.9107924595,
        "time" : "20150122T205825+0900"
      }, {
        "lat" : 35.8931668449,
        "lon" : 139.9127807756,
        "time" : "20150122T205848+0900"
      }, {
        "lat" : 35.8898862776,
        "lon" : 139.9145266103,
        "time" : "20150122T205907+0900"
      }, {
        "lat" : 35.8864019875,
        "lon" : 139.9165536285,
        "time" : "20150122T205931+0900"
      }, {
        "lat" : 35.8842514113,
        "lon" : 139.9175680668,
        "time" : "20150122T205946+0900"
      }, {
        "lat" : 35.884201596,
        "lon" : 139.9176289705,
        "time" : "20150122T205959+0900"
      }, {
        "lat" : 35.8842015598,
        "lon" : 139.9176290147,
        "time" : "20150122T210000+0900"
      }, {
        "lat" : 35.884109558,
        "lon" : 139.9177414953,
        "time" : "20150122T210025+0900"
      }, {
        "lat" : 35.8804912772,
        "lon" : 139.9197369724,
        "time" : "20150122T210102+0900"
      }, {
        "lat" : 35.8756010559,
        "lon" : 139.9225688551,
        "time" : "20150122T210129+0900"
      }, {
        "lat" : 35.8722310937,
        "lon" : 139.9251153576,
        "time" : "20150122T210152+0900"
      }, {
        "lat" : 35.8719779021,
        "lon" : 139.9260875299,
        "time" : "20150122T210215+0900"
      }, {
        "lat" : 35.8719335278,
        "lon" : 139.9261871677,
        "time" : "20150122T210250+0900"
      }, {
        "lat" : 35.8718265188,
        "lon" : 139.9264287977,
        "time" : "20150122T210319+0900"
      }, {
        "lat" : 35.869205976,
        "lon" : 139.9328486025,
        "time" : "20150122T210335+0900"
      }, {
        "lat" : 35.8657279915,
        "lon" : 139.9411858906,
        "time" : "20150122T210424+0900"
      }, {
        "lat" : 35.8657279915,
        "lon" : 139.9411858906,
        "time" : "20150122T210445+0900"
      }, {
        "lat" : 35.8657279915,
        "lon" : 139.9411858906,
        "time" : "20150122T210509+0900"
      }, {
        "lat" : 35.8657279915,
        "lon" : 139.9411858906,
        "time" : "20150122T210536+0900"
      }, {
        "lat" : 35.8624789733,
        "lon" : 139.9513366136,
        "time" : "20150122T210608+0900"
      }, {
        "lat" : 35.8624007622,
        "lon" : 139.9517520339,
        "time" : "20150122T210642+0900"
      }, {
        "lat" : 35.861589687,
        "lon" : 139.9700936991,
        "time" : "20150122T210822+0900"
      }, {
        "lat" : 35.8619058598,
        "lon" : 139.9705446618,
        "time" : "20150122T210845+0900"
      }, {
        "lat" : 35.8620118281,
        "lon" : 139.9706855183,
        "time" : "20150122T210902+0900"
      } ]
    }, {
      "activity" : "walking",
      "group" : "walking",
      "manual" : false,
      "startTime" : "20150122T210902+0900",
      "endTime" : "20150122T211132+0900",
      "duration" : 150.0,
      "distance" : 152.0,
      "steps" : 305,
      "calories" : 9,
      "trackPoints" : [ {
        "lat" : 35.8620118281,
        "lon" : 139.9706855183,
        "time" : "20150122T210902+0900"
      }, {
        "lat" : 35.8621923523,
        "lon" : 139.9708911691,
        "time" : "20150122T210934+0900"
      }, {
        "lat" : 35.8622831249,
        "lon" : 139.9709969413,
        "time" : "20150122T210953+0900"
      }, {
        "lat" : 35.862344395,
        "lon" : 139.9711500121,
        "time" : "20150122T211012+0900"
      }, {
        "lat" : 35.8623749987,
        "lon" : 139.9712691348,
        "time" : "20150122T211034+0900"
      }, {
        "lat" : 35.8624454226,
        "lon" : 139.9712952789,
        "time" : "20150122T211056+0900"
      }, {
        "lat" : 35.8624723916,
        "lon" : 139.9713117342,
        "time" : "20150122T211113+0900"
      }, {
        "lat" : 35.86244867,
        "lon" : 139.97128271,
        "time" : "20150122T211132+0900"
      } ]
    }, {
      "activity" : "transport",
      "group" : "transport",
      "manual" : false,
      "startTime" : "20150122T211132+0900",
      "endTime" : "20150122T215429+0900",
      "duration" : 2577.0,
      "distance" : 38144.0,
      "trackPoints" : [ {
        "lat" : 35.86244867,
        "lon" : 139.97128271,
        "time" : "20150122T211132+0900"
      }, {
        "lat" : 35.8623693363,
        "lon" : 139.9712014236,
        "time" : "20150122T211151+0900"
      }, {
        "lat" : 35.8597209321,
        "lon" : 139.9688132965,
        "time" : "20150122T211218+0900"
      }, {
        "lat" : 35.8565534465,
        "lon" : 139.9656380309,
        "time" : "20150122T211245+0900"
      }, {
        "lat" : 35.8511342702,
        "lon" : 139.9622298744,
        "time" : "20150122T211306+0900"
      }, {
        "lat" : 35.845244226,
        "lon" : 139.9553491842,
        "time" : "20150122T211332+0900"
      }, {
        "lat" : 35.8421294563,
        "lon" : 139.9489584307,
        "time" : "20150122T211354+0900"
      }, {
        "lat" : 35.8402017946,
        "lon" : 139.9451479112,
        "time" : "20150122T211410+0900"
      }, {
        "lat" : 35.8350293803,
        "lon" : 139.9344608258,
        "time" : "20150122T211441+0900"
      }, {
        "lat" : 35.8308915073,
        "lon" : 139.9262317809,
        "time" : "20150122T211513+0900"
      }, {
        "lat" : 35.8260447354,
        "lon" : 139.9214360466,
        "time" : "20150122T211538+0900"
      }, {
        "lat" : 35.8226908307,
        "lon" : 139.9204366862,
        "time" : "20150122T211554+0900"
      }, {
        "lat" : 35.81898428,
        "lon" : 139.9193261342,
        "time" : "20150122T211612+0900"
      }, {
        "lat" : 35.813252903,
        "lon" : 139.9174896779,
        "time" : "20150122T211630+0900"
      }, {
        "lat" : 35.8049281874,
        "lon" : 139.9149769046,
        "time" : "20150122T211706+0900"
      }, {
        "lat" : 35.7999695284,
        "lon" : 139.9111047398,
        "time" : "20150122T211729+0900"
      }, {
        "lat" : 35.7933060789,
        "lon" : 139.9049672026,
        "time" : "20150122T211802+0900"
      }, {
        "lat" : 35.7897207096,
        "lon" : 139.9027824067,
        "time" : "20150122T211834+0900"
      }, {
        "lat" : 35.7875567392,
        "lon" : 139.9019515131,
        "time" : "20150122T211857+0900"
      }, {
        "lat" : 35.7850860841,
        "lon" : 139.9009847899,
        "time" : "20150122T211927+0900"
      }, {
        "lat" : 35.7854061368,
        "lon" : 139.9009885042,
        "time" : "20150122T211954+0900"
      }, {
        "lat" : 35.7849959951,
        "lon" : 139.9009652421,
        "time" : "20150122T212026+0900"
      }, {
        "lat" : 35.7849959951,
        "lon" : 139.9009652421,
        "time" : "20150122T212055+0900"
      }, {
        "lat" : 35.7838490052,
        "lon" : 139.9003949357,
        "time" : "20150122T212312+0900"
      }, {
        "lat" : 35.7821973371,
        "lon" : 139.9000185652,
        "time" : "20150122T212336+0900"
      }, {
        "lat" : 35.7807809541,
        "lon" : 139.8993305267,
        "time" : "20150122T212356+0900"
      }, {
        "lat" : 35.7779448371,
        "lon" : 139.8982794599,
        "time" : "20150122T212416+0900"
      }, {
        "lat" : 35.7743206439,
        "lon" : 139.8963824521,
        "time" : "20150122T212435+0900"
      }, {
        "lat" : 35.7687665401,
        "lon" : 139.884168049,
        "time" : "20150122T212527+0900"
      }, {
        "lat" : 35.7694506367,
        "lon" : 139.8704703059,
        "time" : "20150122T212617+0900"
      }, {
        "lat" : 35.7680924797,
        "lon" : 139.8589597023,
        "time" : "20150122T212657+0900"
      }, {
        "lat" : 35.7676612494,
        "lon" : 139.8543666981,
        "time" : "20150122T212713+0900"
      }, {
        "lat" : 35.7666455642,
        "lon" : 139.8482622864,
        "time" : "20150122T212739+0900"
      }, {
        "lat" : 35.7642570866,
        "lon" : 139.8426584376,
        "time" : "20150122T212801+0900"
      }, {
        "lat" : 35.7632721445,
        "lon" : 139.8366441225,
        "time" : "20150122T212821+0900"
      }, {
        "lat" : 35.7622569575,
        "lon" : 139.8275466336,
        "time" : "20150122T212849+0900"
      }, {
        "lat" : 35.7611587627,
        "lon" : 139.8174078652,
        "time" : "20150122T212922+0900"
      }, {
        "lat" : 35.7600966421,
        "lon" : 139.812430295,
        "time" : "20150122T212938+0900"
      }, {
        "lat" : 35.7577989459,
        "lon" : 139.81122231,
        "time" : "20150122T213002+0900"
      }, {
        "lat" : 35.7536461489,
        "lon" : 139.8064340534,
        "time" : "20150122T213023+0900"
      }, {
        "lat" : 35.7504135097,
        "lon" : 139.8054147367,
        "time" : "20150122T213046+0900"
      }, {
        "lat" : 35.7493928654,
        "lon" : 139.8051939789,
        "time" : "20150122T213112+0900"
      }, {
        "lat" : 35.7494719636,
        "lon" : 139.8052375553,
        "time" : "20150122T213132+0900"
      }, {
        "lat" : 35.7493457052,
        "lon" : 139.8052077832,
        "time" : "20150122T213217+0900"
      }, {
        "lat" : 35.7468956194,
        "lon" : 139.8040242365,
        "time" : "20150122T213241+0900"
      }, {
        "lat" : 35.7435925289,
        "lon" : 139.802970888,
        "time" : "20150122T213258+0900"
      }, {
        "lat" : 35.7406450851,
        "lon" : 139.8019789808,
        "time" : "20150122T213314+0900"
      }, {
        "lat" : 35.7363624645,
        "lon" : 139.801014982,
        "time" : "20150122T213332+0900"
      }, {
        "lat" : 35.7343482516,
        "lon" : 139.8000396828,
        "time" : "20150122T213353+0900"
      }, {
        "lat" : 35.7340983662,
        "lon" : 139.7996412011,
        "time" : "20150122T213416+0900"
      }, {
        "lat" : 35.7340765565,
        "lon" : 139.7995756978,
        "time" : "20150122T213441+0900"
      }, {
        "lat" : 35.7339515975,
        "lon" : 139.7995152954,
        "time" : "20150122T213456+0900"
      }, {
        "lat" : 35.732038832,
        "lon" : 139.798201015,
        "time" : "20150122T213533+0900"
      }, {
        "lat" : 35.7312308273,
        "lon" : 139.7930422212,
        "time" : "20150122T213553+0900"
      }, {
        "lat" : 35.7319370905,
        "lon" : 139.7872439801,
        "time" : "20150122T213619+0900"
      }, {
        "lat" : 35.7324374243,
        "lon" : 139.7840878756,
        "time" : "20150122T213638+0900"
      }, {
        "lat" : 35.7329327837,
        "lon" : 139.7784056765,
        "time" : "20150122T213706+0900"
      }, {
        "lat" : 35.7332952842,
        "lon" : 139.7770722358,
        "time" : "20150122T213727+0900"
      }, {
        "lat" : 35.7334020367,
        "lon" : 139.7765969238,
        "time" : "20150122T213755+0900"
      }, {
        "lat" : 35.7334076778,
        "lon" : 139.7765453367,
        "time" : "20150122T213816+0900"
      }, {
        "lat" : 35.7333872052,
        "lon" : 139.7752835208,
        "time" : "20150122T213833+0900"
      }, {
        "lat" : 35.7336138085,
        "lon" : 139.7723698122,
        "time" : "20150122T213856+0900"
      }, {
        "lat" : 35.7318270935,
        "lon" : 139.7696834464,
        "time" : "20150122T213915+0900"
      }, {
        "lat" : 35.7286417006,
        "lon" : 139.770415588,
        "time" : "20150122T213938+0900"
      }, {
        "lat" : 35.7277165654,
        "lon" : 139.7710667671,
        "time" : "20150122T213956+0900"
      }, {
        "lat" : 35.7276845092,
        "lon" : 139.771048037,
        "time" : "20150122T214018+0900"
      }, {
        "lat" : 35.7276838053,
        "lon" : 139.771046771,
        "time" : "20150122T214044+0900"
      }, {
        "lat" : 35.7276841717,
        "lon" : 139.7710404816,
        "time" : "20150122T214122+0900"
      }, {
        "lat" : 35.7276879289,
        "lon" : 139.7710332423,
        "time" : "20150122T214142+0900"
      }, {
        "lat" : 35.7276932753,
        "lon" : 139.7710250774,
        "time" : "20150122T214201+0900"
      }, {
        "lat" : 35.7277016132,
        "lon" : 139.7710138553,
        "time" : "20150122T214227+0900"
      }, {
        "lat" : 35.7277099131,
        "lon" : 139.7710036784,
        "time" : "20150122T214251+0900"
      }, {
        "lat" : 35.7277104807,
        "lon" : 139.7710021941,
        "time" : "20150122T214307+0900"
      }, {
        "lat" : 35.7281698044,
        "lon" : 139.7705513481,
        "time" : "20150122T214326+0900"
      }, {
        "lat" : 35.7315692694,
        "lon" : 139.767252602,
        "time" : "20150122T214344+0900"
      }, {
        "lat" : 35.7320930836,
        "lon" : 139.7667553056,
        "time" : "20150122T214407+0900"
      }, {
        "lat" : 35.7323100598,
        "lon" : 139.7665946431,
        "time" : "20150122T214423+0900"
      }, {
        "lat" : 35.7322877492,
        "lon" : 139.7666273227,
        "time" : "20150122T214452+0900"
      }, {
        "lat" : 35.7373676875,
        "lon" : 139.761752779,
        "time" : "20150122T214539+0900"
      }, {
        "lat" : 35.7376095186,
        "lon" : 139.7615003512,
        "time" : "20150122T214601+0900"
      }, {
        "lat" : 35.7376321188,
        "lon" : 139.7614865818,
        "time" : "20150122T214620+0900"
      }, {
        "lat" : 35.7390202789,
        "lon" : 139.7600947718,
        "time" : "20150122T214645+0900"
      }, {
        "lat" : 35.7408650166,
        "lon" : 139.7565028851,
        "time" : "20150122T214703+0900"
      }, {
        "lat" : 35.7374796612,
        "lon" : 139.7492267606,
        "time" : "20150122T214746+0900"
      }, {
        "lat" : 35.7368833023,
        "lon" : 139.7479491592,
        "time" : "20150122T214818+0900"
      }, {
        "lat" : 35.73665682,
        "lon" : 139.7475045916,
        "time" : "20150122T214847+0900"
      }, {
        "lat" : 35.7358290719,
        "lon" : 139.7453613957,
        "time" : "20150122T214904+0900"
      }, {
        "lat" : 35.7335666287,
        "lon" : 139.7400747056,
        "time" : "20150122T214928+0900"
      }, {
        "lat" : 35.7333899753,
        "lon" : 139.7396958525,
        "time" : "20150122T214948+0900"
      }, {
        "lat" : 35.7333532002,
        "lon" : 139.739643293,
        "time" : "20150122T215006+0900"
      }, {
        "lat" : 35.733345296,
        "lon" : 139.7396085531,
        "time" : "20150122T215025+0900"
      }, {
        "lat" : 35.7327471406,
        "lon" : 139.7374837496,
        "time" : "20150122T215045+0900"
      }, {
        "lat" : 35.7314596137,
        "lon" : 139.734469437,
        "time" : "20150122T215101+0900"
      }, {
        "lat" : 35.7312606723,
        "lon" : 139.7306022574,
        "time" : "20150122T215124+0900"
      }, {
        "lat" : 35.731928591,
        "lon" : 139.727618035,
        "time" : "20150122T215152+0900"
      }, {
        "lat" : 35.7318877368,
        "lon" : 139.7273680567,
        "time" : "20150122T215225+0900"
      }, {
        "lat" : 35.7329627345,
        "lon" : 139.7234685794,
        "time" : "20150122T215258+0900"
      }, {
        "lat" : 35.7342904337,
        "lon" : 139.7186266281,
        "time" : "20150122T215320+0900"
      }, {
        "lat" : 35.7331895996,
        "lon" : 139.7129035726,
        "time" : "20150122T215350+0900"
      }, {
        "lat" : 35.7306155841,
        "lon" : 139.7111594696,
        "time" : "20150122T215411+0900"
      }, {
        "lat" : 35.7298451507,
        "lon" : 139.7108867071,
        "time" : "20150122T215430+0900"
      } ]
    }, {
      "activity" : "walking",
      "group" : "walking",
      "manual" : false,
      "startTime" : "20150122T215430+0900",
      "endTime" : "20150122T215630+0900",
      "duration" : 120.0,
      "distance" : 231.0,
      "steps" : 192,
      "calories" : 14,
      "trackPoints" : [ {
        "lat" : 35.7298451507,
        "lon" : 139.7108867071,
        "time" : "20150122T215430+0900"
      }, {
        "lat" : 35.729772551,
        "lon" : 139.7108728565,
        "time" : "20150122T215450+0900"
      }, {
        "lat" : 35.7297402357,
        "lon" : 139.7108709887,
        "time" : "20150122T215507+0900"
      }, {
        "lat" : 35.729671144,
        "lon" : 139.7107866835,
        "time" : "20150122T215530+0900"
      }, {
        "lat" : 35.7295737578,
        "lon" : 139.7106645244,
        "time" : "20150122T215550+0900"
      }, {
        "lat" : 35.7280644891,
        "lon" : 139.7136320804,
        "time" : "20150122T215630+0900"
      } ]
    }, {
      "activity" : "transport",
      "group" : "transport",
      "manual" : false,
      "startTime" : "20150122T215630+0900",
      "endTime" : "20150122T220131+0900",
      "duration" : 301.0,
      "distance" : 6662.0,
      "trackPoints" : [ {
        "lat" : 35.7280644891,
        "lon" : 139.7136320804,
        "time" : "20150122T215630+0900"
      }, {
        "lat" : 35.7166032658,
        "lon" : 139.7376358307,
        "time" : "20150122T215716+0900"
      }, {
        "lat" : 35.7166034159,
        "lon" : 139.7376373179,
        "time" : "20150122T215732+0900"
      }, {
        "lat" : 35.7267304026,
        "lon" : 139.7187470639,
        "time" : "20150122T215849+0900"
      }, {
        "lat" : 35.7230928484,
        "lon" : 139.7226741996,
        "time" : "20150122T215959+0900"
      }, {
        "lat" : 35.7230923291,
        "lon" : 139.7226747602,
        "time" : "20150122T220000+0900"
      }, {
        "lat" : 35.7183779003,
        "lon" : 139.7277644993,
        "time" : "20150122T220130+0900"
      } ]
    }, {
      "activity" : "walking",
      "group" : "walking",
      "manual" : false,
      "startTime" : "20150122T220130+0900",
      "endTime" : "20150122T220646+0900",
      "duration" : 316.0,
      "distance" : 227.0,
      "steps" : 429,
      "calories" : 13,
      "trackPoints" : [ {
        "lat" : 35.7183779003,
        "lon" : 139.7277644993,
        "time" : "20150122T220130+0900"
      }, {
        "lat" : 35.7182541185,
        "lon" : 139.7278679419,
        "time" : "20150122T220217+0900"
      }, {
        "lat" : 35.718194826,
        "lon" : 139.7278880583,
        "time" : "20150122T220244+0900"
      }, {
        "lat" : 35.7181479861,
        "lon" : 139.7279013999,
        "time" : "20150122T220302+0900"
      }, {
        "lat" : 35.7181029435,
        "lon" : 139.7279081345,
        "time" : "20150122T220319+0900"
      }, {
        "lat" : 35.7180363335,
        "lon" : 139.7279150375,
        "time" : "20150122T220337+0900"
      }, {
        "lat" : 35.7178836926,
        "lon" : 139.7280075697,
        "time" : "20150122T220356+0900"
      }, {
        "lat" : 35.7175545667,
        "lon" : 139.7282005554,
        "time" : "20150122T220421+0900"
      }, {
        "lat" : 35.7172792126,
        "lon" : 139.7283815375,
        "time" : "20150122T220442+0900"
      }, {
        "lat" : 35.7171280887,
        "lon" : 139.7286632225,
        "time" : "20150122T220501+0900"
      }, {
        "lat" : 35.7168864077,
        "lon" : 139.7286817104,
        "time" : "20150122T220520+0900"
      }, {
        "lat" : 35.7168604211,
        "lon" : 139.7285543311,
        "time" : "20150122T220546+0900"
      }, {
        "lat" : 35.7168392789,
        "lon" : 139.7283806079,
        "time" : "20150122T220646+0900"
      } ]
    } ],
    "lastUpdate" : "20150122T154345Z"
  }, {
    "type" : "place",
    "startTime" : "20150122T220646+0900",
    "endTime" : "20150123T113813+0900",
    "place" : {
      "id" : 98345442,
      "type" : "unknown",
      "location" : {
        "lat" : 35.7168392789,
        "lon" : 139.7283806079
      }
    },
    "lastUpdate" : "20150123T053939Z"
  } ],
  "caloriesIdle" : 1706,
  "lastUpdate" : "20150123T053939Z"
} ]