[ {
  "date" : "20151205",
  "summary" : [ {
    "activity" : "walking",
    "group" : "walking",
    "duration" : 30.0,
    "distance" : 20.0,
    "steps" : 41,
    "calories" : 1
  } ],
  "segments" : [ {
    "type" : "place",
    "startTime" : "20151204T121849+0900",
    "endTime" : "20151205T142651+0900",
    "place" : {
      "id" : 152143834,
      "type" : "unknown",
      "location" : {
        "lat" : 43.0846321394,
        "lon" : 141.3451669726
      }
    },
    "activities" : [ {
      "activity" : "walking",
      "group" : "walking",
      "manual" : false,
      "startTime" : "20151205T000035+0900",
      "endTime" : "20151205T000105+0900",
      "duration" : 30.0,
      "distance" : 20.0,
      "steps" : 41,
      "calories" : 1,
      "trackPoints" : [ ]
    } ],
    "lastUpdate" : "20151206T073515Z"
  }, {
    "type" : "place",
    "startTime" : "20151205T142651+0900",
    "endTime" : "20151206T150936+0900",
    "place" : {
      "id" : 152143834,
      "type" : "unknown",
      "location" : {
        "lat" : 43.0846321394,
        "lon" : 141.3451669726
      }
    },
    "lastUpdate" : "20151207T065235Z"
  } ],
  "caloriesIdle" : 1706,
  "lastUpdate" : "20151207T065235Z"
} ]