[ {
  "date" : "20150311",
  "summary" : null,
  "segments" : [ {
    "type" : "place",
    "startTime" : "20150310T231051+0900",
    "endTime" : "20150311T231215+0900",
    "place" : {
      "id" : 98345442,
      "type" : "unknown",
      "location" : {
        "lat" : 35.7168392789,
        "lon" : 139.7283806079
      }
    },
    "lastUpdate" : "20150312T154930Z"
  }, {
    "type" : "place",
    "startTime" : "20150311T231215+0900",
    "endTime" : "20150313T071006+0900",
    "place" : {
      "id" : 98345442,
      "type" : "unknown",
      "location" : {
        "lat" : 35.7168392789,
        "lon" : 139.7283806079
      }
    },
    "lastUpdate" : "20150313T005738Z"
  } ],
  "caloriesIdle" : 1706,
  "lastUpdate" : "20150313T005738Z"
} ]