[ {
  "date" : "20180116",
  "summary" : [ {
    "activity" : "walking",
    "group" : "walking",
    "duration" : 3456.0,
    "distance" : 3840.0,
    "steps" : 5813,
    "calories" : 212
  } ],
  "segments" : [ {
    "type" : "place",
    "startTime" : "20180115T193842+0900",
    "endTime" : "20180116T101028+0900",
    "place" : {
      "id" : 244211019,
      "type" : "unknown",
      "location" : {
        "lat" : 43.084539,
        "lon" : 141.34467
      }
    },
    "lastUpdate" : "20180116T013110Z"
  }, {
    "type" : "move",
    "startTime" : "20180116T101028+0900",
    "endTime" : "20180116T102600+0900",
    "activities" : [ {
      "activity" : "walking",
      "group" : "walking",
      "manual" : false,
      "startTime" : "20180116T101028+0900",
      "endTime" : "20180116T102600+0900",
      "duration" : 932.0,
      "distance" : 1218.0,
      "steps" : 1711,
      "calories" : 67,
      "trackPoints" : [ {
        "lat" : 43.084539,
        "lon" : 141.34467,
        "time" : "20180116T101028+0900"
      }, {
        "lat" : 43.084673,
        "lon" : 141.34486,
        "time" : "20180116T101137+0900"
      }, {
        "lat" : 43.084475,
        "lon" : 141.34494,
        "time" : "20180116T101215+0900"
      }, {
        "lat" : 43.083961,
        "lon" : 141.34488,
        "time" : "20180116T101304+0900"
      }, {
        "lat" : 43.083691,
        "lon" : 141.34484,
        "time" : "20180116T101330+0900"
      }, {
        "lat" : 43.082738,
        "lon" : 141.34471,
        "time" : "20180116T101443+0900"
      }, {
        "lat" : 43.082271,
        "lon" : 141.34484,
        "time" : "20180116T101509+0900"
      }, {
        "lat" : 43.081813,
        "lon" : 141.34412,
        "time" : "20180116T101625+0900"
      }, {
        "lat" : 43.081599,
        "lon" : 141.34373,
        "time" : "20180116T101705+0900"
      }, {
        "lat" : 43.081116,
        "lon" : 141.34275,
        "time" : "20180116T101850+0900"
      }, {
        "lat" : 43.081099,
        "lon" : 141.34269,
        "time" : "20180116T101905+0900"
      }, {
        "lat" : 43.080421,
        "lon" : 141.34184,
        "time" : "20180116T102025+0900"
      }, {
        "lat" : 43.079019,
        "lon" : 141.3403,
        "time" : "20180116T102258+0900"
      }, {
        "lat" : 43.078881,
        "lon" : 141.34035,
        "time" : "20180116T102518+0900"
      }, {
        "lat" : 43.076834,
        "lon" : 141.33979,
        "time" : "20180116T102540+0900"
      }, {
        "lat" : 43.076843,
        "lon" : 141.33968,
        "time" : "20180116T102600+0900"
      } ]
    } ],
    "lastUpdate" : "20180116T013110Z"
  }, {
    "type" : "move",
    "startTime" : "20180116T102600+0900",
    "endTime" : "20180116T102845+0900",
    "activities" : [ {
      "activity" : "walking",
      "group" : "walking",
      "manual" : false,
      "startTime" : "20180116T102600+0900",
      "endTime" : "20180116T102845+0900",
      "duration" : 165.0,
      "distance" : 122.0,
      "steps" : 214,
      "calories" : 7,
      "trackPoints" : [ {
        "lat" : 43.07679,
        "lon" : 141.3396,
        "time" : "20180116T102600+0900"
      }, {
        "lat" : 43.076575,
        "lon" : 141.33914,
        "time" : "20180116T102710+0900"
      }, {
        "lat" : 43.07646,
        "lon" : 141.3389,
        "time" : "20180116T102746+0900"
      }, {
        "lat" : 43.076409,
        "lon" : 141.33842,
        "time" : "20180116T102845+0900"
      } ]
    } ],
    "lastUpdate" : "20180116T030122Z"
  }, {
    "type" : "place",
    "startTime" : "20180116T102846+0900",
    "endTime" : "20180116T120454+0900",
    "place" : {
      "id" : 252154958,
      "type" : "unknown",
      "location" : {
        "lat" : 43.076117,
        "lon" : 141.33848
      }
    },
    "activities" : [ {
      "activity" : "walking",
      "group" : "walking",
      "manual" : false,
      "startTime" : "20180116T111656+0900",
      "endTime" : "20180116T111939+0900",
      "duration" : 163.0,
      "distance" : 187.0,
      "steps" : 250,
      "calories" : 10,
      "trackPoints" : [ ]
    } ],
    "lastUpdate" : "20180116T043543Z"
  }, {
    "type" : "move",
    "startTime" : "20180116T120454+0900",
    "endTime" : "20180116T121212+0900",
    "activities" : [ {
      "activity" : "walking",
      "group" : "walking",
      "manual" : false,
      "startTime" : "20180116T120454+0900",
      "endTime" : "20180116T121212+0900",
      "duration" : 438.0,
      "distance" : 365.0,
      "steps" : 676,
      "calories" : 20,
      "trackPoints" : [ {
        "lat" : 43.076117,
        "lon" : 141.33848,
        "time" : "20180116T120454+0900"
      }, {
        "lat" : 43.076242,
        "lon" : 141.33861,
        "time" : "20180116T120610+0900"
      }, {
        "lat" : 43.076207,
        "lon" : 141.33864,
        "time" : "20180116T120626+0900"
      }, {
        "lat" : 43.076147,
        "lon" : 141.33869,
        "time" : "20180116T120646+0900"
      }, {
        "lat" : 43.076149,
        "lon" : 141.33891,
        "time" : "20180116T120707+0900"
      }, {
        "lat" : 43.076183,
        "lon" : 141.33911,
        "time" : "20180116T120724+0900"
      }, {
        "lat" : 43.076257,
        "lon" : 141.33953,
        "time" : "20180116T120800+0900"
      }, {
        "lat" : 43.076139,
        "lon" : 141.33975,
        "time" : "20180116T120824+0900"
      }, {
        "lat" : 43.075776,
        "lon" : 141.34019,
        "time" : "20180116T120856+0900"
      }, {
        "lat" : 43.075545,
        "lon" : 141.34034,
        "time" : "20180116T120917+0900"
      }, {
        "lat" : 43.075493,
        "lon" : 141.34035,
        "time" : "20180116T120940+0900"
      }, {
        "lat" : 43.075403,
        "lon" : 141.33974,
        "time" : "20180116T121023+0900"
      }, {
        "lat" : 43.075281,
        "lon" : 141.33939,
        "time" : "20180116T121046+0900"
      }, {
        "lat" : 43.075259,
        "lon" : 141.33905,
        "time" : "20180116T121124+0900"
      }, {
        "lat" : 43.075228,
        "lon" : 141.33891,
        "time" : "20180116T121142+0900"
      }, {
        "lat" : 43.075198,
        "lon" : 141.33892,
        "time" : "20180116T121212+0900"
      } ]
    } ],
    "lastUpdate" : "20180116T043543Z"
  }, {
    "type" : "place",
    "startTime" : "20180116T121213+0900",
    "endTime" : "20180116T130014+0900",
    "place" : {
      "id" : 549566680,
      "type" : "unknown",
      "location" : {
        "lat" : 43.075198,
        "lon" : 141.33892
      }
    },
    "activities" : [ {
      "activity" : "walking",
      "group" : "walking",
      "manual" : false,
      "startTime" : "20180116T121229+0900",
      "endTime" : "20180116T121352+0900",
      "duration" : 83.0,
      "distance" : 55.0,
      "steps" : 111,
      "calories" : 3,
      "trackPoints" : [ ]
    }, {
      "activity" : "walking",
      "group" : "walking",
      "manual" : false,
      "startTime" : "20180116T130011+0900",
      "endTime" : "20180116T130053+0900",
      "duration" : 42.0,
      "distance" : 28.0,
      "steps" : 56,
      "calories" : 2,
      "trackPoints" : [ ]
    } ],
    "lastUpdate" : "20180116T043543Z"
  }, {
    "type" : "move",
    "startTime" : "20180116T130014+0900",
    "endTime" : "20180116T130427+0900",
    "activities" : [ {
      "activity" : "walking",
      "group" : "walking",
      "manual" : false,
      "startTime" : "20180116T130014+0900",
      "endTime" : "20180116T130427+0900",
      "duration" : 253.0,
      "distance" : 157.0,
      "steps" : 315,
      "calories" : 9,
      "trackPoints" : [ {
        "lat" : 43.075198,
        "lon" : 141.33892,
        "time" : "20180116T130014+0900"
      }, {
        "lat" : 43.075337,
        "lon" : 141.33893,
        "time" : "20180116T130040+0900"
      }, {
        "lat" : 43.075386,
        "lon" : 141.33896,
        "time" : "20180116T130120+0900"
      }, {
        "lat" : 43.076028,
        "lon" : 141.33879,
        "time" : "20180116T130222+0900"
      }, {
        "lat" : 43.076176,
        "lon" : 141.33868,
        "time" : "20180116T130241+0900"
      }, {
        "lat" : 43.076232,
        "lon" : 141.33864,
        "time" : "20180116T130303+0900"
      }, {
        "lat" : 43.076241,
        "lon" : 141.33866,
        "time" : "20180116T130326+0900"
      }, {
        "lat" : 43.076202,
        "lon" : 141.33857,
        "time" : "20180116T130401+0900"
      }, {
        "lat" : 43.076117,
        "lon" : 141.33848,
        "time" : "20180116T130427+0900"
      } ]
    } ],
    "lastUpdate" : "20180116T043543Z"
  }, {
    "type" : "place",
    "startTime" : "20180116T130427+0900",
    "endTime" : "20180116T151749+0900",
    "place" : {
      "id" : 252154958,
      "type" : "unknown",
      "location" : {
        "lat" : 43.076117,
        "lon" : 141.33848
      }
    },
    "activities" : [ {
      "activity" : "walking",
      "group" : "walking",
      "manual" : false,
      "startTime" : "20180116T142651+0900",
      "endTime" : "20180116T142906+0900",
      "duration" : 135.0,
      "distance" : 165.0,
      "steps" : 221,
      "calories" : 9,
      "trackPoints" : [ ]
    }, {
      "activity" : "walking",
      "group" : "walking",
      "manual" : false,
      "startTime" : "20180116T151645+0900",
      "endTime" : "20180116T151846+0900",
      "duration" : 121.0,
      "distance" : 121.0,
      "steps" : 161,
      "calories" : 7,
      "trackPoints" : [ ]
    } ],
    "lastUpdate" : "20180116T073947Z"
  }, {
    "type" : "move",
    "startTime" : "20180116T151749+0900",
    "endTime" : "20180116T153601+0900",
    "activities" : [ {
      "activity" : "walking",
      "group" : "walking",
      "manual" : false,
      "startTime" : "20180116T151749+0900",
      "endTime" : "20180116T153600+0900",
      "duration" : 1091.0,
      "distance" : 1400.0,
      "steps" : 2054,
      "calories" : 77,
      "trackPoints" : [ {
        "lat" : 43.076117,
        "lon" : 141.33848,
        "time" : "20180116T151749+0900"
      }, {
        "lat" : 43.076261,
        "lon" : 141.33877,
        "time" : "20180116T151806+0900"
      }, {
        "lat" : 43.07631,
        "lon" : 141.33888,
        "time" : "20180116T151823+0900"
      }, {
        "lat" : 43.076338,
        "lon" : 141.33902,
        "time" : "20180116T151848+0900"
      }, {
        "lat" : 43.076451,
        "lon" : 141.33924,
        "time" : "20180116T151903+0900"
      }, {
        "lat" : 43.076595,
        "lon" : 141.33944,
        "time" : "20180116T151928+0900"
      }, {
        "lat" : 43.076787,
        "lon" : 141.33967,
        "time" : "20180116T152001+0900"
      }, {
        "lat" : 43.076979,
        "lon" : 141.33987,
        "time" : "20180116T152027+0900"
      }, {
        "lat" : 43.077268,
        "lon" : 141.33988,
        "time" : "20180116T152058+0900"
      }, {
        "lat" : 43.077569,
        "lon" : 141.33985,
        "time" : "20180116T152122+0900"
      }, {
        "lat" : 43.077689,
        "lon" : 141.33991,
        "time" : "20180116T152138+0900"
      }, {
        "lat" : 43.077836,
        "lon" : 141.34004,
        "time" : "20180116T152156+0900"
      }, {
        "lat" : 43.078202,
        "lon" : 141.34027,
        "time" : "20180116T152223+0900"
      }, {
        "lat" : 43.078606,
        "lon" : 141.34034,
        "time" : "20180116T152300+0900"
      }, {
        "lat" : 43.07892,
        "lon" : 141.34042,
        "time" : "20180116T152323+0900"
      }, {
        "lat" : 43.07928,
        "lon" : 141.34048,
        "time" : "20180116T152346+0900"
      }, {
        "lat" : 43.079521,
        "lon" : 141.3405,
        "time" : "20180116T152408+0900"
      }, {
        "lat" : 43.07971,
        "lon" : 141.34057,
        "time" : "20180116T152436+0900"
      }, {
        "lat" : 43.079942,
        "lon" : 141.34065,
        "time" : "20180116T152505+0900"
      }, {
        "lat" : 43.08016,
        "lon" : 141.34058,
        "time" : "20180116T152521+0900"
      }, {
        "lat" : 43.080713,
        "lon" : 141.34101,
        "time" : "20180116T152600+0900"
      }, {
        "lat" : 43.080895,
        "lon" : 141.34137,
        "time" : "20180116T152618+0900"
      }, {
        "lat" : 43.08098,
        "lon" : 141.34159,
        "time" : "20180116T152649+0900"
      }, {
        "lat" : 43.081024,
        "lon" : 141.34191,
        "time" : "20180116T152711+0900"
      }, {
        "lat" : 43.08104,
        "lon" : 141.34219,
        "time" : "20180116T152737+0900"
      }, {
        "lat" : 43.081079,
        "lon" : 141.34244,
        "time" : "20180116T152759+0900"
      }, {
        "lat" : 43.081137,
        "lon" : 141.34256,
        "time" : "20180116T152817+0900"
      }, {
        "lat" : 43.081235,
        "lon" : 141.34264,
        "time" : "20180116T152835+0900"
      }, {
        "lat" : 43.08125,
        "lon" : 141.34267,
        "time" : "20180116T152900+0900"
      }, {
        "lat" : 43.0812,
        "lon" : 141.34343,
        "time" : "20180116T152943+0900"
      }, {
        "lat" : 43.081232,
        "lon" : 141.3437,
        "time" : "20180116T152959+0900"
      }, {
        "lat" : 43.081263,
        "lon" : 141.34396,
        "time" : "20180116T153021+0900"
      }, {
        "lat" : 43.081292,
        "lon" : 141.34429,
        "time" : "20180116T153039+0900"
      }, {
        "lat" : 43.081411,
        "lon" : 141.34481,
        "time" : "20180116T153112+0900"
      }, {
        "lat" : 43.081579,
        "lon" : 141.34504,
        "time" : "20180116T153136+0900"
      }, {
        "lat" : 43.081802,
        "lon" : 141.34503,
        "time" : "20180116T153151+0900"
      }, {
        "lat" : 43.082089,
        "lon" : 141.34517,
        "time" : "20180116T153212+0900"
      }, {
        "lat" : 43.082279,
        "lon" : 141.34507,
        "time" : "20180116T153238+0900"
      }, {
        "lat" : 43.082542,
        "lon" : 141.34494,
        "time" : "20180116T153259+0900"
      }, {
        "lat" : 43.08296,
        "lon" : 141.34487,
        "time" : "20180116T153324+0900"
      }, {
        "lat" : 43.083395,
        "lon" : 141.34478,
        "time" : "20180116T153403+0900"
      }, {
        "lat" : 43.083556,
        "lon" : 141.34482,
        "time" : "20180116T153422+0900"
      }, {
        "lat" : 43.083857,
        "lon" : 141.34456,
        "time" : "20180116T153442+0900"
      }, {
        "lat" : 43.084062,
        "lon" : 141.34451,
        "time" : "20180116T153506+0900"
      }, {
        "lat" : 43.084213,
        "lon" : 141.34462,
        "time" : "20180116T153533+0900"
      }, {
        "lat" : 43.084886,
        "lon" : 141.3453,
        "time" : "20180116T153601+0900"
      } ]
    } ],
    "lastUpdate" : "20180116T073947Z"
  }, {
    "type" : "place",
    "startTime" : "20180116T153601+0900",
    "endTime" : "20180117T114646+0900",
    "place" : {
      "id" : 257240275,
      "type" : "unknown",
      "location" : {
        "lat" : 43.084886,
        "lon" : 141.3453
      }
    },
    "activities" : [ {
      "activity" : "walking",
      "group" : "walking",
      "manual" : false,
      "startTime" : "20180116T153615+0900",
      "endTime" : "20180116T153648+0900",
      "duration" : 33.0,
      "distance" : 22.0,
      "steps" : 44,
      "calories" : 1,
      "trackPoints" : [ ]
    } ],
    "lastUpdate" : "20180117T034142Z"
  } ],
  "caloriesIdle" : 1591,
  "lastUpdate" : "20180117T034142Z"
} ]