[ {
  "date" : "20150710",
  "summary" : [ {
    "activity" : "walking",
    "group" : "walking",
    "duration" : 1129.0,
    "distance" : 1365.0,
    "steps" : 1752,
    "calories" : 81
  }, {
    "activity" : "cycling",
    "group" : "cycling",
    "duration" : 430.0,
    "distance" : 1291.0,
    "calories" : 36
  } ],
  "segments" : [ {
    "type" : "place",
    "startTime" : "20150709T174451+0900",
    "endTime" : "20150710T131112+0900",
    "place" : {
      "id" : 152143834,
      "type" : "unknown",
      "location" : {
        "lat" : 43.0846321394,
        "lon" : 141.3451669726
      }
    },
    "activities" : [ {
      "activity" : "walking",
      "group" : "walking",
      "manual" : false,
      "startTime" : "20150710T130634+0900",
      "endTime" : "20150710T130810+0900",
      "duration" : 96.0,
      "distance" : 77.0,
      "steps" : 154,
      "calories" : 5,
      "trackPoints" : [ ]
    } ],
    "lastUpdate" : "20150710T065446Z"
  }, {
    "type" : "move",
    "startTime" : "20150710T131112+0900",
    "endTime" : "20150710T131321+0900",
    "activities" : [ {
      "activity" : "cycling",
      "group" : "cycling",
      "manual" : false,
      "startTime" : "20150710T131112+0900",
      "endTime" : "20150710T131321+0900",
      "duration" : 129.0,
      "distance" : 845.0,
      "calories" : 22,
      "trackPoints" : [ {
        "lat" : 43.0846321394,
        "lon" : 141.3451669726,
        "time" : "20150710T131112+0900"
      }, {
        "lat" : 43.0822961485,
        "lon" : 141.34497098,
        "time" : "20150710T131139+0900"
      }, {
        "lat" : 43.0813381063,
        "lon" : 141.3446029052,
        "time" : "20150710T131211+0900"
      }, {
        "lat" : 43.0812126632,
        "lon" : 141.3431047996,
        "time" : "20150710T131228+0900"
      }, {
        "lat" : 43.0810864399,
        "lon" : 141.3416229304,
        "time" : "20150710T131246+0900"
      }, {
        "lat" : 43.080592003,
        "lon" : 141.3407888556,
        "time" : "20150710T131305+0900"
      }, {
        "lat" : 43.0794932905,
        "lon" : 141.3403872229,
        "time" : "20150710T131321+0900"
      } ]
    } ],
    "lastUpdate" : "20150710T065446Z"
  }, {
    "type" : "place",
    "startTime" : "20150710T131321+0900",
    "endTime" : "20150710T144542+0900",
    "place" : {
      "id" : 141367537,
      "type" : "unknown",
      "location" : {
        "lat" : 43.0794932905,
        "lon" : 141.3403872229
      }
    },
    "activities" : [ {
      "activity" : "walking",
      "group" : "walking",
      "manual" : false,
      "startTime" : "20150710T131321+0900",
      "endTime" : "20150710T131416+0900",
      "duration" : 55.0,
      "distance" : 39.0,
      "steps" : 79,
      "calories" : 2,
      "trackPoints" : [ ]
    }, {
      "activity" : "walking",
      "group" : "walking",
      "manual" : false,
      "startTime" : "20150710T143047+0900",
      "endTime" : "20150710T143417+0900",
      "duration" : 210.0,
      "distance" : 176.0,
      "steps" : 235,
      "calories" : 10,
      "trackPoints" : [ ]
    } ],
    "lastUpdate" : "20150710T095734Z"
  }, {
    "type" : "place",
    "startTime" : "20150710T155454+0900",
    "endTime" : "20150710T161336+0900",
    "place" : {
      "id" : 141367537,
      "type" : "unknown",
      "location" : {
        "lat" : 43.0794932905,
        "lon" : 141.3403872229
      }
    },
    "activities" : [ {
      "activity" : "walking",
      "group" : "walking",
      "manual" : false,
      "startTime" : "20150710T160740+0900",
      "endTime" : "20150710T160940+0900",
      "duration" : 120.0,
      "distance" : 160.0,
      "steps" : 214,
      "calories" : 9,
      "trackPoints" : [ ]
    } ],
    "lastUpdate" : "20150710T095734Z"
  }, {
    "type" : "move",
    "startTime" : "20150710T161336+0900",
    "endTime" : "20150710T161650+0900",
    "activities" : [ {
      "activity" : "walking",
      "group" : "walking",
      "manual" : false,
      "startTime" : "20150710T161336+0900",
      "endTime" : "20150710T161651+0900",
      "duration" : 195.0,
      "distance" : 437.0,
      "steps" : 364,
      "calories" : 26,
      "trackPoints" : [ {
        "lat" : 43.0794932905,
        "lon" : 141.3403872229,
        "time" : "20150710T161336+0900"
      }, {
        "lat" : 43.0828682748,
        "lon" : 141.3391491854,
        "time" : "20150710T161650+0900"
      } ]
    } ],
    "lastUpdate" : "20150710T095734Z"
  }, {
    "type" : "place",
    "startTime" : "20150710T161651+0900",
    "endTime" : "20150710T180358+0900",
    "place" : {
      "id" : 163610269,
      "type" : "unknown",
      "location" : {
        "lat" : 43.0828682748,
        "lon" : 141.3391491854
      }
    },
    "activities" : [ {
      "activity" : "walking",
      "group" : "walking",
      "manual" : false,
      "startTime" : "20150710T161811+0900",
      "endTime" : "20150710T162041+0900",
      "duration" : 150.0,
      "distance" : 207.0,
      "steps" : 275,
      "calories" : 12,
      "trackPoints" : [ ]
    } ],
    "lastUpdate" : "20150710T095735Z"
  }, {
    "type" : "move",
    "startTime" : "20150710T180358+0900",
    "endTime" : "20150710T180900+0900",
    "activities" : [ {
      "activity" : "cycling",
      "group" : "cycling",
      "manual" : false,
      "startTime" : "20150710T180358+0900",
      "endTime" : "20150710T180859+0900",
      "duration" : 301.0,
      "distance" : 446.0,
      "calories" : 14,
      "trackPoints" : [ {
        "lat" : 43.0828682748,
        "lon" : 141.3391491854,
        "time" : "20150710T180358+0900"
      }, {
        "lat" : 43.0845989442,
        "lon" : 141.3416815952,
        "time" : "20150710T180822+0900"
      }, {
        "lat" : 43.0848744415,
        "lon" : 141.3429211904,
        "time" : "20150710T180844+0900"
      }, {
        "lat" : 43.0848265644,
        "lon" : 141.343119719,
        "time" : "20150710T180900+0900"
      } ]
    } ],
    "lastUpdate" : "20150710T095735Z"
  }, {
    "type" : "place",
    "startTime" : "20150710T180900+0900",
    "endTime" : "20150710T204222+0900",
    "place" : {
      "id" : 180705469,
      "type" : "unknown",
      "location" : {
        "lat" : 43.084728167,
        "lon" : 141.3422672875
      }
    },
    "activities" : [ {
      "activity" : "walking",
      "group" : "walking",
      "manual" : false,
      "startTime" : "20150710T181028+0900",
      "endTime" : "20150710T181128+0900",
      "duration" : 60.0,
      "distance" : 51.0,
      "steps" : 102,
      "calories" : 3,
      "trackPoints" : [ ]
    } ],
    "lastUpdate" : "20150710T125935Z"
  }, {
    "type" : "place",
    "startTime" : "20150710T204223+0900",
    "endTime" : "20150712T044756+0900",
    "place" : {
      "id" : 173111011,
      "type" : "unknown",
      "location" : {
        "lat" : 43.0828213929,
        "lon" : 141.3445684504
      }
    },
    "activities" : [ {
      "activity" : "walking",
      "group" : "walking",
      "manual" : false,
      "startTime" : "20150710T204650+0900",
      "endTime" : "20150710T204823+0900",
      "duration" : 93.0,
      "distance" : 58.0,
      "steps" : 116,
      "calories" : 3,
      "trackPoints" : [ ]
    }, {
      "activity" : "walking",
      "group" : "walking",
      "manual" : false,
      "startTime" : "20150710T210251+0900",
      "endTime" : "20150710T210521+0900",
      "duration" : 150.0,
      "distance" : 160.0,
      "steps" : 213,
      "calories" : 9,
      "trackPoints" : [ ]
    } ],
    "lastUpdate" : "20150713T054802Z"
  } ],
  "caloriesIdle" : 1706,
  "lastUpdate" : "20150713T054802Z"
} ]