[ {
  "date" : "20180410",
  "summary" : [ {
    "activity" : "walking",
    "group" : "walking",
    "duration" : 1712.0,
    "distance" : 1673.0,
    "steps" : 2073,
    "calories" : 92
  }, {
    "activity" : "transport",
    "group" : "transport",
    "duration" : 6441.0,
    "distance" : 73722.0
  } ],
  "segments" : [ {
    "type" : "place",
    "startTime" : "20180409T175446+0900",
    "endTime" : "20180410T105311+0900",
    "place" : {
      "id" : 581734003,
      "type" : "unknown",
      "location" : {
        "lat" : 38.234998,
        "lon" : 140.32673
      }
    },
    "activities" : [ {
      "activity" : "walking",
      "group" : "walking",
      "manual" : false,
      "startTime" : "20180410T082618+0900",
      "endTime" : "20180410T082834+0900",
      "duration" : 136.0,
      "distance" : 151.0,
      "steps" : 202,
      "calories" : 8,
      "trackPoints" : [ ]
    } ],
    "lastUpdate" : "20180410T032044Z"
  }, {
    "type" : "move",
    "startTime" : "20180410T105311+0900",
    "endTime" : "20180410T110710+0900",
    "activities" : [ {
      "activity" : "walking",
      "group" : "walking",
      "manual" : false,
      "startTime" : "20180410T105311+0900",
      "endTime" : "20180410T105559+0900",
      "duration" : 168.0,
      "distance" : 171.0,
      "steps" : 300,
      "calories" : 9,
      "trackPoints" : [ {
        "lat" : 38.234998,
        "lon" : 140.32673,
        "time" : "20180410T105311+0900"
      }, {
        "lat" : 38.235004,
        "lon" : 140.3266,
        "time" : "20180410T105327+0900"
      }, {
        "lat" : 38.235059,
        "lon" : 140.32654,
        "time" : "20180410T105348+0900"
      }, {
        "lat" : 38.235126,
        "lon" : 140.32637,
        "time" : "20180410T105405+0900"
      }, {
        "lat" : 38.235141,
        "lon" : 140.32625,
        "time" : "20180410T105421+0900"
      }, {
        "lat" : 38.235215,
        "lon" : 140.32579,
        "time" : "20180410T105452+0900"
      }, {
        "lat" : 38.235239,
        "lon" : 140.32546,
        "time" : "20180410T105510+0900"
      }, {
        "lat" : 38.235251,
        "lon" : 140.32503,
        "time" : "20180410T105543+0900"
      }, {
        "lat" : 38.235254,
        "lon" : 140.32497,
        "time" : "20180410T105600+0900"
      } ]
    }, {
      "activity" : "transport",
      "group" : "transport",
      "manual" : false,
      "startTime" : "20180410T105600+0900",
      "endTime" : "20180410T110710+0900",
      "duration" : 670.0,
      "distance" : 4786.0,
      "trackPoints" : [ {
        "lat" : 38.235254,
        "lon" : 140.32497,
        "time" : "20180410T105600+0900"
      }, {
        "lat" : 38.235256,
        "lon" : 140.32493,
        "time" : "20180410T105623+0900"
      }, {
        "lat" : 38.235246,
        "lon" : 140.32495,
        "time" : "20180410T105705+0900"
      }, {
        "lat" : 38.235241,
        "lon" : 140.32497,
        "time" : "20180410T105735+0900"
      }, {
        "lat" : 38.234824,
        "lon" : 140.32781,
        "time" : "20180410T105836+0900"
      }, {
        "lat" : 38.234884,
        "lon" : 140.33399,
        "time" : "20180410T105959+0900"
      }, {
        "lat" : 38.234884,
        "lon" : 140.33399,
        "time" : "20180410T110000+0900"
      }, {
        "lat" : 38.234916,
        "lon" : 140.33719,
        "time" : "20180410T110043+0900"
      }, {
        "lat" : 38.235153,
        "lon" : 140.33886,
        "time" : "20180410T110104+0900"
      }, {
        "lat" : 38.235374,
        "lon" : 140.34246,
        "time" : "20180410T110159+0900"
      }, {
        "lat" : 38.23545,
        "lon" : 140.34801,
        "time" : "20180410T110228+0900"
      }, {
        "lat" : 38.236344,
        "lon" : 140.3506,
        "time" : "20180410T110306+0900"
      }, {
        "lat" : 38.238391,
        "lon" : 140.3524,
        "time" : "20180410T110321+0900"
      }, {
        "lat" : 38.242574,
        "lon" : 140.35448,
        "time" : "20180410T110351+0900"
      }, {
        "lat" : 38.243931,
        "lon" : 140.35479,
        "time" : "20180410T110416+0900"
      }, {
        "lat" : 38.246233,
        "lon" : 140.35605,
        "time" : "20180410T110436+0900"
      }, {
        "lat" : 38.247154,
        "lon" : 140.35642,
        "time" : "20180410T110501+0900"
      }, {
        "lat" : 38.247756,
        "lon" : 140.36293,
        "time" : "20180410T110710+0900"
      } ]
    } ],
    "lastUpdate" : "20180410T032044Z"
  }, {
    "type" : "place",
    "startTime" : "20180410T110711+0900",
    "endTime" : "20180410T125136+0900",
    "place" : {
      "id" : 584406358,
      "type" : "unknown",
      "location" : {
        "lat" : 38.248085,
        "lon" : 140.3629
      }
    },
    "activities" : [ {
      "activity" : "walking",
      "group" : "walking",
      "manual" : false,
      "startTime" : "20180410T110711+0900",
      "endTime" : "20180410T111108+0900",
      "duration" : 237.0,
      "distance" : 267.0,
      "steps" : 356,
      "calories" : 15,
      "trackPoints" : [ ]
    }, {
      "activity" : "walking",
      "group" : "walking",
      "manual" : false,
      "startTime" : "20180410T122348+0900",
      "endTime" : "20180410T122657+0900",
      "duration" : 189.0,
      "distance" : 213.0,
      "steps" : 284,
      "calories" : 12,
      "trackPoints" : [ ]
    } ],
    "lastUpdate" : "20180410T052507Z"
  }, {
    "type" : "move",
    "startTime" : "20180410T125136+0900",
    "endTime" : "20180410T141300+0900",
    "activities" : [ {
      "activity" : "transport",
      "group" : "transport",
      "manual" : false,
      "startTime" : "20180410T125136+0900",
      "endTime" : "20180410T141300+0900",
      "duration" : 4884.0,
      "distance" : 61608.0,
      "trackPoints" : [ {
        "lat" : 38.248085,
        "lon" : 140.3629,
        "time" : "20180410T125136+0900"
      }, {
        "lat" : 38.247372,
        "lon" : 140.36078,
        "time" : "20180410T125336+0900"
      }, {
        "lat" : 38.2466,
        "lon" : 140.36429,
        "time" : "20180410T125418+0900"
      }, {
        "lat" : 38.262978,
        "lon" : 140.34283,
        "time" : "20180410T125959+0900"
      }, {
        "lat" : 38.262979,
        "lon" : 140.34283,
        "time" : "20180410T130000+0900"
      }, {
        "lat" : 38.292893,
        "lon" : 140.30364,
        "time" : "20180410T131024+0900"
      }, {
        "lat" : 38.219313,
        "lon" : 140.28312,
        "time" : "20180410T131830+0900"
      }, {
        "lat" : 38.206632,
        "lon" : 140.29288,
        "time" : "20180410T132207+0900"
      }, {
        "lat" : 38.21723,
        "lon" : 140.2842,
        "time" : "20180410T133004+0900"
      }, {
        "lat" : 38.219329,
        "lon" : 140.28304,
        "time" : "20180410T133022+0900"
      }, {
        "lat" : 38.265473,
        "lon" : 140.29016,
        "time" : "20180410T133532+0900"
      }, {
        "lat" : 38.293759,
        "lon" : 140.30077,
        "time" : "20180410T133828+0900"
      }, {
        "lat" : 38.358369,
        "lon" : 140.29327,
        "time" : "20180410T135132+0900"
      }, {
        "lat" : 38.323876,
        "lon" : 140.29923,
        "time" : "20180410T135513+0900"
      }, {
        "lat" : 38.321305,
        "lon" : 140.30119,
        "time" : "20180410T135532+0900"
      }, {
        "lat" : 38.297998,
        "lon" : 140.33489,
        "time" : "20180410T135851+0900"
      }, {
        "lat" : 38.296215,
        "lon" : 140.33932,
        "time" : "20180410T135913+0900"
      }, {
        "lat" : 38.294583,
        "lon" : 140.35056,
        "time" : "20180410T135959+0900"
      }, {
        "lat" : 38.294582,
        "lon" : 140.35057,
        "time" : "20180410T140000+0900"
      }, {
        "lat" : 38.293706,
        "lon" : 140.3566,
        "time" : "20180410T140025+0900"
      }, {
        "lat" : 38.276034,
        "lon" : 140.37135,
        "time" : "20180410T140243+0900"
      }, {
        "lat" : 38.273438,
        "lon" : 140.37053,
        "time" : "20180410T140258+0900"
      }, {
        "lat" : 38.245887,
        "lon" : 140.38305,
        "time" : "20180410T140619+0900"
      }, {
        "lat" : 38.24544,
        "lon" : 140.38146,
        "time" : "20180410T140641+0900"
      }, {
        "lat" : 38.246381,
        "lon" : 140.36512,
        "time" : "20180410T140939+0900"
      }, {
        "lat" : 38.246397,
        "lon" : 140.36472,
        "time" : "20180410T140955+0900"
      }, {
        "lat" : 38.246661,
        "lon" : 140.3632,
        "time" : "20180410T141015+0900"
      }, {
        "lat" : 38.247104,
        "lon" : 140.36128,
        "time" : "20180410T141042+0900"
      }, {
        "lat" : 38.247612,
        "lon" : 140.35938,
        "time" : "20180410T141136+0900"
      }, {
        "lat" : 38.247836,
        "lon" : 140.35958,
        "time" : "20180410T141156+0900"
      }, {
        "lat" : 38.248131,
        "lon" : 140.36332,
        "time" : "20180410T141300+0900"
      } ]
    } ],
    "lastUpdate" : "20180410T052507Z"
  }, {
    "type" : "place",
    "startTime" : "20180410T141301+0900",
    "endTime" : "20180410T155926+0900",
    "place" : {
      "id" : 582711995,
      "type" : "unknown",
      "location" : {
        "lat" : 38.248131,
        "lon" : 140.36332
      }
    },
    "activities" : [ {
      "activity" : "walking",
      "group" : "walking",
      "manual" : false,
      "startTime" : "20180410T142111+0900",
      "endTime" : "20180410T142220+0900",
      "duration" : 69.0,
      "distance" : 52.0,
      "steps" : 104,
      "calories" : 3,
      "trackPoints" : [ ]
    }, {
      "activity" : "walking",
      "group" : "walking",
      "manual" : false,
      "startTime" : "20180410T153012+0900",
      "endTime" : "20180410T153246+0900",
      "duration" : 154.0,
      "distance" : 173.0,
      "steps" : 231,
      "calories" : 10,
      "trackPoints" : [ ]
    } ],
    "lastUpdate" : "20180410T235927Z"
  }, {
    "type" : "move",
    "startTime" : "20180410T155926+0900",
    "endTime" : "20180410T160458+0900",
    "activities" : [ {
      "activity" : "transport",
      "group" : "transport",
      "manual" : false,
      "startTime" : "20180410T155926+0900",
      "endTime" : "20180410T160458+0900",
      "duration" : 332.0,
      "distance" : 2353.0,
      "trackPoints" : [ {
        "lat" : 38.248131,
        "lon" : 140.36332,
        "time" : "20180410T155926+0900"
      }, {
        "lat" : 38.247439,
        "lon" : 140.36553,
        "time" : "20180410T155959+0900"
      }, {
        "lat" : 38.247439,
        "lon" : 140.36553,
        "time" : "20180410T160000+0900"
      }, {
        "lat" : 38.245161,
        "lon" : 140.37279,
        "time" : "20180410T160151+0900"
      }, {
        "lat" : 38.245158,
        "lon" : 140.37281,
        "time" : "20180410T160208+0900"
      }, {
        "lat" : 38.247205,
        "lon" : 140.36133,
        "time" : "20180410T160342+0900"
      }, {
        "lat" : 38.248295,
        "lon" : 140.36093,
        "time" : "20180410T160458+0900"
      } ]
    } ],
    "lastUpdate" : "20180410T235927Z"
  }, {
    "type" : "place",
    "startTime" : "20180410T160459+0900",
    "endTime" : "20180410T162614+0900",
    "place" : {
      "id" : 585780149,
      "type" : "unknown",
      "location" : {
        "lat" : 38.248295,
        "lon" : 140.36093
      }
    },
    "lastUpdate" : "20180410T235927Z"
  }, {
    "type" : "place",
    "startTime" : "20180410T162615+0900",
    "endTime" : "20180410T163724+0900",
    "place" : {
      "id" : 581602526,
      "type" : "unknown",
      "location" : {
        "lat" : 38.247535,
        "lon" : 140.36334
      }
    },
    "activities" : [ {
      "activity" : "walking",
      "group" : "walking",
      "manual" : false,
      "startTime" : "20180410T162730+0900",
      "endTime" : "20180410T163017+0900",
      "duration" : 167.0,
      "distance" : 189.0,
      "steps" : 252,
      "calories" : 10,
      "trackPoints" : [ ]
    } ],
    "lastUpdate" : "20180410T235927Z"
  }, {
    "type" : "move",
    "startTime" : "20180410T163724+0900",
    "endTime" : "20180410T164925+0900",
    "activities" : [ {
      "activity" : "transport",
      "group" : "transport",
      "manual" : false,
      "startTime" : "20180410T163724+0900",
      "endTime" : "20180410T164639+0900",
      "duration" : 555.0,
      "distance" : 4975.0,
      "trackPoints" : [ {
        "lat" : 38.247535,
        "lon" : 140.36334,
        "time" : "20180410T163724+0900"
      }, {
        "lat" : 38.247401,
        "lon" : 140.35906,
        "time" : "20180410T163744+0900"
      }, {
        "lat" : 38.24776,
        "lon" : 140.35773,
        "time" : "20180410T163811+0900"
      }, {
        "lat" : 38.247795,
        "lon" : 140.3576,
        "time" : "20180410T163850+0900"
      }, {
        "lat" : 38.248092,
        "lon" : 140.3571,
        "time" : "20180410T163916+0900"
      }, {
        "lat" : 38.248061,
        "lon" : 140.357,
        "time" : "20180410T163940+0900"
      }, {
        "lat" : 38.247519,
        "lon" : 140.35672,
        "time" : "20180410T163957+0900"
      }, {
        "lat" : 38.244329,
        "lon" : 140.35596,
        "time" : "20180410T164023+0900"
      }, {
        "lat" : 38.242242,
        "lon" : 140.35456,
        "time" : "20180410T164039+0900"
      }, {
        "lat" : 38.23869,
        "lon" : 140.35267,
        "time" : "20180410T164108+0900"
      }, {
        "lat" : 38.235195,
        "lon" : 140.3503,
        "time" : "20180410T164135+0900"
      }, {
        "lat" : 38.235436,
        "lon" : 140.34678,
        "time" : "20180410T164208+0900"
      }, {
        "lat" : 38.235432,
        "lon" : 140.34422,
        "time" : "20180410T164223+0900"
      }, {
        "lat" : 38.235267,
        "lon" : 140.34136,
        "time" : "20180410T164316+0900"
      }, {
        "lat" : 38.234583,
        "lon" : 140.33267,
        "time" : "20180410T164432+0900"
      }, {
        "lat" : 38.234622,
        "lon" : 140.33178,
        "time" : "20180410T164451+0900"
      }, {
        "lat" : 38.235251,
        "lon" : 140.32549,
        "time" : "20180410T164620+0900"
      }, {
        "lat" : 38.235242,
        "lon" : 140.32517,
        "time" : "20180410T164640+0900"
      } ]
    }, {
      "activity" : "walking",
      "group" : "walking",
      "manual" : false,
      "startTime" : "20180410T164640+0900",
      "endTime" : "20180410T164925+0900",
      "duration" : 165.0,
      "distance" : 138.0,
      "steps" : 207,
      "calories" : 8,
      "trackPoints" : [ {
        "lat" : 38.235242,
        "lon" : 140.32517,
        "time" : "20180410T164640+0900"
      }, {
        "lat" : 38.235216,
        "lon" : 140.32625,
        "time" : "20180410T164756+0900"
      }, {
        "lat" : 38.23516,
        "lon" : 140.32646,
        "time" : "20180410T164814+0900"
      }, {
        "lat" : 38.235096,
        "lon" : 140.3264,
        "time" : "20180410T164925+0900"
      } ]
    } ],
    "lastUpdate" : "20180410T235927Z"
  }, {
    "type" : "place",
    "startTime" : "20180410T164926+0900",
    "endTime" : "20180411T085724+0900",
    "place" : {
      "id" : 581687885,
      "type" : "unknown",
      "location" : {
        "lat" : 38.235096,
        "lon" : 140.3264
      }
    },
    "activities" : [ {
      "activity" : "walking",
      "group" : "walking",
      "manual" : false,
      "startTime" : "20180410T165001+0900",
      "endTime" : "20180410T165012+0900",
      "duration" : 11.0,
      "distance" : 8.0,
      "steps" : 17,
      "calories" : 0,
      "trackPoints" : [ ]
    }, {
      "activity" : "walking",
      "group" : "walking",
      "manual" : false,
      "startTime" : "20180410T201708+0900",
      "endTime" : "20180410T202026+0900",
      "duration" : 198.0,
      "distance" : 148.0,
      "steps" : 0,
      "calories" : 8,
      "trackPoints" : [ ]
    }, {
      "activity" : "walking",
      "group" : "walking",
      "manual" : false,
      "startTime" : "20180410T210751+0900",
      "endTime" : "20180410T210814+0900",
      "duration" : 23.0,
      "distance" : 17.0,
      "steps" : 34,
      "calories" : 1,
      "trackPoints" : [ ]
    }, {
      "activity" : "walking",
      "group" : "walking",
      "manual" : false,
      "startTime" : "20180410T230953+0900",
      "endTime" : "20180410T231308+0900",
      "duration" : 195.0,
      "distance" : 146.0,
      "steps" : 86,
      "calories" : 8,
      "trackPoints" : [ ]
    } ],
    "lastUpdate" : "20180411T011015Z"
  } ],
  "caloriesIdle" : 1591,
  "lastUpdate" : "20180411T011015Z"
} ]