[ {
  "date" : "20141012",
  "summary" : [ {
    "activity" : "walking",
    "group" : "walking",
    "duration" : 924.0,
    "distance" : 987.0,
    "steps" : 1485,
    "calories" : 59
  } ],
  "segments" : [ {
    "type" : "place",
    "startTime" : "20141010T235543+0900",
    "endTime" : "20141012T150120+0900",
    "place" : {
      "id" : 98345442,
      "type" : "unknown",
      "location" : {
        "lat" : 35.7168392789,
        "lon" : 139.7283806079
      }
    },
    "activities" : [ {
      "activity" : "walking",
      "group" : "walking",
      "manual" : false,
      "startTime" : "20141012T145720+0900",
      "endTime" : "20141012T145750+0900",
      "duration" : 30.0,
      "distance" : 30.0,
      "steps" : 61,
      "calories" : 2,
      "trackPoints" : [ ]
    } ],
    "lastUpdate" : "20141012T081011Z"
  }, {
    "type" : "move",
    "startTime" : "20141012T150120+0900",
    "endTime" : "20141012T150726+0900",
    "activities" : [ {
      "activity" : "walking",
      "group" : "walking",
      "manual" : false,
      "startTime" : "20141012T150120+0900",
      "endTime" : "20141012T150725+0900",
      "duration" : 365.0,
      "distance" : 437.0,
      "steps" : 632,
      "calories" : 26,
      "trackPoints" : [ {
        "lat" : 35.7168392789,
        "lon" : 139.7283806079,
        "time" : "20141012T150120+0900"
      }, {
        "lat" : 35.7165148497,
        "lon" : 139.7286574649,
        "time" : "20141012T150140+0900"
      }, {
        "lat" : 35.7162441711,
        "lon" : 139.7285876462,
        "time" : "20141012T150215+0900"
      }, {
        "lat" : 35.7161875796,
        "lon" : 139.7284072542,
        "time" : "20141012T150233+0900"
      }, {
        "lat" : 35.7158632726,
        "lon" : 139.7281021981,
        "time" : "20141012T150300+0900"
      }, {
        "lat" : 35.7158860205,
        "lon" : 139.7278896345,
        "time" : "20141012T150322+0900"
      }, {
        "lat" : 35.7158678331,
        "lon" : 139.7275771307,
        "time" : "20141012T150339+0900"
      }, {
        "lat" : 35.7156612562,
        "lon" : 139.7275232168,
        "time" : "20141012T150409+0900"
      }, {
        "lat" : 35.7154640887,
        "lon" : 139.7274560437,
        "time" : "20141012T150437+0900"
      }, {
        "lat" : 35.7152731129,
        "lon" : 139.7273849801,
        "time" : "20141012T150507+0900"
      }, {
        "lat" : 35.7152602489,
        "lon" : 139.7272154815,
        "time" : "20141012T150527+0900"
      }, {
        "lat" : 35.7152973759,
        "lon" : 139.7267747755,
        "time" : "20141012T150551+0900"
      }, {
        "lat" : 35.7152306471,
        "lon" : 139.7265080661,
        "time" : "20141012T150610+0900"
      }, {
        "lat" : 35.7152449679,
        "lon" : 139.7261710507,
        "time" : "20141012T150625+0900"
      }, {
        "lat" : 35.7152675695,
        "lon" : 139.7258230095,
        "time" : "20141012T150643+0900"
      }, {
        "lat" : 35.7152606586,
        "lon" : 139.725530798,
        "time" : "20141012T150703+0900"
      }, {
        "lat" : 35.7152134709,
        "lon" : 139.7254841412,
        "time" : "20141012T150726+0900"
      } ]
    } ],
    "lastUpdate" : "20141012T081011Z"
  }, {
    "type" : "place",
    "startTime" : "20141012T150726+0900",
    "endTime" : "20141012T181142+0900",
    "place" : {
      "id" : 98979181,
      "type" : "unknown",
      "location" : {
        "lat" : 35.7152134709,
        "lon" : 139.7254841412
      }
    },
    "activities" : [ {
      "activity" : "walking",
      "group" : "walking",
      "manual" : false,
      "startTime" : "20141012T160718+0900",
      "endTime" : "20141012T160748+0900",
      "duration" : 30.0,
      "distance" : 15.0,
      "steps" : 20,
      "calories" : 1,
      "trackPoints" : [ ]
    }, {
      "activity" : "walking",
      "group" : "walking",
      "manual" : false,
      "startTime" : "20141012T180336+0900",
      "endTime" : "20141012T180406+0900",
      "duration" : 30.0,
      "distance" : 25.0,
      "steps" : 51,
      "calories" : 1,
      "trackPoints" : [ ]
    } ],
    "lastUpdate" : "20141012T094532Z"
  }, {
    "type" : "move",
    "startTime" : "20141012T181142+0900",
    "endTime" : "20141012T181930+0900",
    "activities" : [ {
      "activity" : "walking",
      "group" : "walking",
      "manual" : false,
      "startTime" : "20141012T181142+0900",
      "endTime" : "20141012T181931+0900",
      "duration" : 469.0,
      "distance" : 480.0,
      "steps" : 721,
      "calories" : 29,
      "trackPoints" : [ {
        "lat" : 35.7152134709,
        "lon" : 139.7254841412,
        "time" : "20141012T181142+0900"
      }, {
        "lat" : 35.7152642226,
        "lon" : 139.7257414299,
        "time" : "20141012T181214+0900"
      }, {
        "lat" : 35.7152712311,
        "lon" : 139.7260761919,
        "time" : "20141012T181238+0900"
      }, {
        "lat" : 35.7152493653,
        "lon" : 139.7263472075,
        "time" : "20141012T181304+0900"
      }, {
        "lat" : 35.7152506484,
        "lon" : 139.7265523393,
        "time" : "20141012T181322+0900"
      }, {
        "lat" : 35.715245085,
        "lon" : 139.7268025416,
        "time" : "20141012T181342+0900"
      }, {
        "lat" : 35.7152968381,
        "lon" : 139.7271757628,
        "time" : "20141012T181407+0900"
      }, {
        "lat" : 35.7152990907,
        "lon" : 139.7274154772,
        "time" : "20141012T181426+0900"
      }, {
        "lat" : 35.7154691884,
        "lon" : 139.7274349083,
        "time" : "20141012T181450+0900"
      }, {
        "lat" : 35.7157159768,
        "lon" : 139.7274068664,
        "time" : "20141012T181515+0900"
      }, {
        "lat" : 35.7158250589,
        "lon" : 139.7275572539,
        "time" : "20141012T181531+0900"
      }, {
        "lat" : 35.7157995892,
        "lon" : 139.7277435553,
        "time" : "20141012T181547+0900"
      }, {
        "lat" : 35.7158689161,
        "lon" : 139.7281931856,
        "time" : "20141012T181613+0900"
      }, {
        "lat" : 35.7159474044,
        "lon" : 139.7284689674,
        "time" : "20141012T181629+0900"
      }, {
        "lat" : 35.7162364356,
        "lon" : 139.7286877987,
        "time" : "20141012T181648+0900"
      }, {
        "lat" : 35.7164928937,
        "lon" : 139.7287978856,
        "time" : "20141012T181711+0900"
      }, {
        "lat" : 35.7166877411,
        "lon" : 139.72884179,
        "time" : "20141012T181737+0900"
      }, {
        "lat" : 35.7168421789,
        "lon" : 139.7287993206,
        "time" : "20141012T181755+0900"
      }, {
        "lat" : 35.7168917664,
        "lon" : 139.7287335693,
        "time" : "20141012T181817+0900"
      }, {
        "lat" : 35.7168382839,
        "lon" : 139.7286242613,
        "time" : "20141012T181848+0900"
      }, {
        "lat" : 35.7168605331,
        "lon" : 139.7285198728,
        "time" : "20141012T181909+0900"
      }, {
        "lat" : 35.7168392789,
        "lon" : 139.7283806079,
        "time" : "20141012T181930+0900"
      } ]
    } ],
    "lastUpdate" : "20141012T094532Z"
  }, {
    "type" : "place",
    "startTime" : "20141012T181930+0900",
    "endTime" : "20141013T113259+0900",
    "place" : {
      "id" : 98345442,
      "type" : "unknown",
      "location" : {
        "lat" : 35.7168392789,
        "lon" : 139.7283806079
      }
    },
    "lastUpdate" : "20141013T100404Z"
  } ],
  "caloriesIdle" : 1711,
  "lastUpdate" : "20141013T100404Z"
} ]