[ {
  "date" : "20170326",
  "summary" : [ {
    "activity" : "walking",
    "group" : "walking",
    "duration" : 111.0,
    "distance" : 55.0,
    "steps" : 11,
    "calories" : 3
  } ],
  "segments" : [ {
    "type" : "place",
    "startTime" : "20170326T104646+0900",
    "endTime" : "20170327T093659+0900",
    "place" : {
      "id" : 105416472,
      "type" : "unknown",
      "location" : {
        "lat" : 35.7167813087,
        "lon" : 139.7280424577
      }
    },
    "activities" : [ {
      "activity" : "walking",
      "group" : "walking",
      "manual" : false,
      "startTime" : "20170326T132559+0900",
      "endTime" : "20170326T132630+0900",
      "duration" : 31.0,
      "distance" : 15.0,
      "steps" : 0,
      "calories" : 1,
      "trackPoints" : [ ]
    }, {
      "activity" : "walking",
      "group" : "walking",
      "manual" : false,
      "startTime" : "20170326T211228+0900",
      "endTime" : "20170326T211348+0900",
      "duration" : 80.0,
      "distance" : 40.0,
      "steps" : 11,
      "calories" : 2,
      "trackPoints" : [ ]
    } ],
    "lastUpdate" : "20170327T014649Z"
  } ],
  "caloriesIdle" : 1596,
  "lastUpdate" : "20170327T014649Z"
} ]