[ {
  "date" : "20151030",
  "summary" : [ {
    "activity" : "cycling",
    "group" : "cycling",
    "duration" : 675.0,
    "distance" : 2564.0,
    "calories" : 69
  }, {
    "activity" : "walking",
    "group" : "walking",
    "duration" : 1821.0,
    "distance" : 1761.0,
    "steps" : 2568,
    "calories" : 104
  }, {
    "activity" : "transport",
    "group" : "transport",
    "duration" : 865.0,
    "distance" : 1306.0
  } ],
  "segments" : [ {
    "type" : "place",
    "startTime" : "20151029T112352+0900",
    "endTime" : "20151030T083732+0900",
    "place" : {
      "id" : 152143834,
      "type" : "unknown",
      "location" : {
        "lat" : 43.0846321394,
        "lon" : 141.3451669726
      }
    },
    "lastUpdate" : "20151030T021007Z"
  }, {
    "type" : "move",
    "startTime" : "20151030T083732+0900",
    "endTime" : "20151030T084225+0900",
    "activities" : [ {
      "activity" : "cycling",
      "group" : "cycling",
      "manual" : false,
      "startTime" : "20151030T083732+0900",
      "endTime" : "20151030T084225+0900",
      "duration" : 293.0,
      "distance" : 961.0,
      "calories" : 26,
      "trackPoints" : [ {
        "lat" : 43.0846321394,
        "lon" : 141.3451669726,
        "time" : "20151030T083732+0900"
      }, {
        "lat" : 43.0836881242,
        "lon" : 141.3446041927,
        "time" : "20151030T083859+0900"
      }, {
        "lat" : 43.0826331612,
        "lon" : 141.3448023514,
        "time" : "20151030T083924+0900"
      }, {
        "lat" : 43.0820393036,
        "lon" : 141.3449586991,
        "time" : "20151030T083940+0900"
      }, {
        "lat" : 43.0813153481,
        "lon" : 141.3445542139,
        "time" : "20151030T084010+0900"
      }, {
        "lat" : 43.0811937912,
        "lon" : 141.342686325,
        "time" : "20151030T084044+0900"
      }, {
        "lat" : 43.0811250592,
        "lon" : 141.3430923178,
        "time" : "20151030T084102+0900"
      }, {
        "lat" : 43.0810449207,
        "lon" : 141.3425103313,
        "time" : "20151030T084122+0900"
      }, {
        "lat" : 43.0809189334,
        "lon" : 141.3417159894,
        "time" : "20151030T084149+0900"
      }, {
        "lat" : 43.0798974576,
        "lon" : 141.3401985712,
        "time" : "20151030T084225+0900"
      } ]
    } ],
    "lastUpdate" : "20151030T021007Z"
  }, {
    "type" : "place",
    "startTime" : "20151030T084225+0900",
    "endTime" : "20151030T115934+0900",
    "place" : {
      "id" : 150878933,
      "type" : "unknown",
      "location" : {
        "lat" : 43.0798974576,
        "lon" : 141.3401985712
      }
    },
    "activities" : [ {
      "activity" : "walking",
      "group" : "walking",
      "manual" : false,
      "startTime" : "20151030T084225+0900",
      "endTime" : "20151030T084352+0900",
      "duration" : 87.0,
      "distance" : 84.0,
      "steps" : 168,
      "calories" : 5,
      "trackPoints" : [ ]
    }, {
      "activity" : "walking",
      "group" : "walking",
      "manual" : false,
      "startTime" : "20151030T101621+0900",
      "endTime" : "20151030T101921+0900",
      "duration" : 180.0,
      "distance" : 145.0,
      "steps" : 194,
      "calories" : 9,
      "trackPoints" : [ ]
    } ],
    "lastUpdate" : "20151030T082946Z"
  }, {
    "type" : "move",
    "startTime" : "20151030T115934+0900",
    "endTime" : "20151030T120320+0900",
    "activities" : [ {
      "activity" : "walking",
      "group" : "walking",
      "manual" : false,
      "startTime" : "20151030T115934+0900",
      "endTime" : "20151030T120320+0900",
      "duration" : 226.0,
      "distance" : 257.0,
      "steps" : 422,
      "calories" : 15,
      "trackPoints" : [ {
        "lat" : 43.0798974576,
        "lon" : 141.3401985712,
        "time" : "20151030T115934+0900"
      }, {
        "lat" : 43.0797863596,
        "lon" : 141.3402705131,
        "time" : "20151030T115957+0900"
      }, {
        "lat" : 43.0797886389,
        "lon" : 141.3402739571,
        "time" : "20151030T115959+0900"
      }, {
        "lat" : 43.0797886501,
        "lon" : 141.340273974,
        "time" : "20151030T120000+0900"
      }, {
        "lat" : 43.07981822,
        "lon" : 141.3403186523,
        "time" : "20151030T120026+0900"
      }, {
        "lat" : 43.0798042215,
        "lon" : 141.3404155848,
        "time" : "20151030T120050+0900"
      }, {
        "lat" : 43.0796758266,
        "lon" : 141.3405213621,
        "time" : "20151030T120113+0900"
      }, {
        "lat" : 43.0792814691,
        "lon" : 141.3405631311,
        "time" : "20151030T120148+0900"
      }, {
        "lat" : 43.0790202623,
        "lon" : 141.3406152851,
        "time" : "20151030T120207+0900"
      }, {
        "lat" : 43.0788097328,
        "lon" : 141.3405314005,
        "time" : "20151030T120227+0900"
      }, {
        "lat" : 43.0784967947,
        "lon" : 141.3401867869,
        "time" : "20151030T120303+0900"
      }, {
        "lat" : 43.078808745,
        "lon" : 141.339776401,
        "time" : "20151030T120320+0900"
      } ]
    } ],
    "lastUpdate" : "20151030T082946Z"
  }, {
    "type" : "place",
    "startTime" : "20151030T120320+0900",
    "endTime" : "20151030T143254+0900",
    "place" : {
      "id" : 173111003,
      "type" : "unknown",
      "location" : {
        "lat" : 43.078808745,
        "lon" : 141.339776401
      }
    },
    "activities" : [ {
      "activity" : "walking",
      "group" : "walking",
      "manual" : false,
      "startTime" : "20151030T120853+0900",
      "endTime" : "20151030T121423+0900",
      "duration" : 330.0,
      "distance" : 291.0,
      "steps" : 388,
      "calories" : 17,
      "trackPoints" : [ ]
    }, {
      "activity" : "walking",
      "group" : "walking",
      "manual" : false,
      "startTime" : "20151030T142707+0900",
      "endTime" : "20151030T143227+0900",
      "duration" : 320.0,
      "distance" : 408.0,
      "steps" : 544,
      "calories" : 24,
      "trackPoints" : [ ]
    } ],
    "lastUpdate" : "20151030T082946Z"
  }, {
    "type" : "move",
    "startTime" : "20151030T143254+0900",
    "endTime" : "20151030T143602+0900",
    "activities" : [ {
      "activity" : "cycling",
      "group" : "cycling",
      "manual" : false,
      "startTime" : "20151030T143254+0900",
      "endTime" : "20151030T143602+0900",
      "duration" : 188.0,
      "distance" : 957.0,
      "calories" : 25,
      "trackPoints" : [ {
        "lat" : 43.078808745,
        "lon" : 141.339776401,
        "time" : "20151030T143254+0900"
      }, {
        "lat" : 43.0804422119,
        "lon" : 141.3417864159,
        "time" : "20151030T143333+0900"
      }, {
        "lat" : 43.0811572358,
        "lon" : 141.3431774864,
        "time" : "20151030T143407+0900"
      }, {
        "lat" : 43.0817180101,
        "lon" : 141.3449160561,
        "time" : "20151030T143441+0900"
      }, {
        "lat" : 43.0822332678,
        "lon" : 141.3450798812,
        "time" : "20151030T143502+0900"
      }, {
        "lat" : 43.0830994687,
        "lon" : 141.3447990797,
        "time" : "20151030T143518+0900"
      }, {
        "lat" : 43.083513856,
        "lon" : 141.3448914475,
        "time" : "20151030T143535+0900"
      }, {
        "lat" : 43.0846321394,
        "lon" : 141.3451669726,
        "time" : "20151030T143602+0900"
      } ]
    } ],
    "lastUpdate" : "20151030T082946Z"
  }, {
    "type" : "place",
    "startTime" : "20151030T143602+0900",
    "endTime" : "20151030T161052+0900",
    "place" : {
      "id" : 152143834,
      "type" : "unknown",
      "location" : {
        "lat" : 43.0846321394,
        "lon" : 141.3451669726
      }
    },
    "activities" : [ {
      "activity" : "walking",
      "group" : "walking",
      "manual" : false,
      "startTime" : "20151030T143857+0900",
      "endTime" : "20151030T144027+0900",
      "duration" : 90.0,
      "distance" : 71.0,
      "steps" : 143,
      "calories" : 4,
      "trackPoints" : [ ]
    } ],
    "lastUpdate" : "20151030T082946Z"
  }, {
    "type" : "move",
    "startTime" : "20151030T161052+0900",
    "endTime" : "20151030T161832+0900",
    "activities" : [ {
      "activity" : "transport",
      "group" : "transport",
      "manual" : false,
      "startTime" : "20151030T161052+0900",
      "endTime" : "20151030T161233+0900",
      "duration" : 101.0,
      "distance" : 427.0,
      "trackPoints" : [ {
        "lat" : 43.0846321394,
        "lon" : 141.3451669726,
        "time" : "20151030T161052+0900"
      }, {
        "lat" : 43.0822885664,
        "lon" : 141.3449792079,
        "time" : "20151030T161123+0900"
      }, {
        "lat" : 43.0814865434,
        "lon" : 141.3454319951,
        "time" : "20151030T161157+0900"
      }, {
        "lat" : 43.0815158254,
        "lon" : 141.3452518089,
        "time" : "20151030T161215+0900"
      }, {
        "lat" : 43.0815115806,
        "lon" : 141.3452492263,
        "time" : "20151030T161233+0900"
      } ]
    }, {
      "activity" : "walking",
      "group" : "walking",
      "manual" : false,
      "startTime" : "20151030T161233+0900",
      "endTime" : "20151030T161518+0900",
      "duration" : 165.0,
      "distance" : 83.0,
      "steps" : 112,
      "calories" : 5,
      "trackPoints" : [ {
        "lat" : 43.0815115806,
        "lon" : 141.3452492263,
        "time" : "20151030T161233+0900"
      }, {
        "lat" : 43.0814941381,
        "lon" : 141.3452433902,
        "time" : "20151030T161253+0900"
      }, {
        "lat" : 43.0814689931,
        "lon" : 141.3452341177,
        "time" : "20151030T161316+0900"
      }, {
        "lat" : 43.0814480187,
        "lon" : 141.3452274304,
        "time" : "20151030T161337+0900"
      }, {
        "lat" : 43.0814258003,
        "lon" : 141.3452228829,
        "time" : "20151030T161400+0900"
      }, {
        "lat" : 43.0813907917,
        "lon" : 141.3452208872,
        "time" : "20151030T161428+0900"
      }, {
        "lat" : 43.0813615346,
        "lon" : 141.3452228073,
        "time" : "20151030T161450+0900"
      }, {
        "lat" : 43.0814050514,
        "lon" : 141.3451989601,
        "time" : "20151030T161518+0900"
      } ]
    }, {
      "activity" : "cycling",
      "group" : "cycling",
      "manual" : false,
      "startTime" : "20151030T161518+0900",
      "endTime" : "20151030T161832+0900",
      "duration" : 194.0,
      "distance" : 646.0,
      "calories" : 18,
      "trackPoints" : [ {
        "lat" : 43.0814050514,
        "lon" : 141.3451989601,
        "time" : "20151030T161518+0900"
      }, {
        "lat" : 43.0814252659,
        "lon" : 141.3451878321,
        "time" : "20151030T161536+0900"
      }, {
        "lat" : 43.081371525,
        "lon" : 141.3444936544,
        "time" : "20151030T161559+0900"
      }, {
        "lat" : 43.081173592,
        "lon" : 141.3432054912,
        "time" : "20151030T161619+0900"
      }, {
        "lat" : 43.0797203976,
        "lon" : 141.3406362248,
        "time" : "20151030T161718+0900"
      }, {
        "lat" : 43.0795650373,
        "lon" : 141.3404967054,
        "time" : "20151030T161733+0900"
      }, {
        "lat" : 43.0793292518,
        "lon" : 141.3403772549,
        "time" : "20151030T161752+0900"
      }, {
        "lat" : 43.0784012398,
        "lon" : 141.340132137,
        "time" : "20151030T161832+0900"
      } ]
    } ],
    "lastUpdate" : "20151030T082946Z"
  }, {
    "type" : "place",
    "startTime" : "20151030T161832+0900",
    "endTime" : "20151030T180004+0900",
    "place" : {
      "id" : 141367536,
      "type" : "unknown",
      "location" : {
        "lat" : 43.0784012398,
        "lon" : 141.340132137
      }
    },
    "activities" : [ {
      "activity" : "walking",
      "group" : "walking",
      "manual" : false,
      "startTime" : "20151030T161832+0900",
      "endTime" : "20151030T162405+0900",
      "duration" : 333.0,
      "distance" : 371.0,
      "steps" : 495,
      "calories" : 22,
      "trackPoints" : [ ]
    } ],
    "lastUpdate" : "20151030T103252Z"
  }, {
    "type" : "move",
    "startTime" : "20151030T180004+0900",
    "endTime" : "20151030T181249+0900",
    "activities" : [ {
      "activity" : "transport",
      "group" : "transport",
      "manual" : false,
      "startTime" : "20151030T180004+0900",
      "endTime" : "20151030T181248+0900",
      "duration" : 764.0,
      "distance" : 879.0,
      "trackPoints" : [ {
        "lat" : 43.0784012398,
        "lon" : 141.340132137,
        "time" : "20151030T180004+0900"
      }, {
        "lat" : 43.0846500406,
        "lon" : 141.3440581038,
        "time" : "20151030T181249+0900"
      } ]
    } ],
    "lastUpdate" : "20151030T103252Z"
  }, {
    "type" : "place",
    "startTime" : "20151030T181249+0900",
    "endTime" : "20151031T184138+0900",
    "place" : {
      "id" : 152143834,
      "type" : "unknown",
      "location" : {
        "lat" : 43.0846321394,
        "lon" : 141.3451669726
      }
    },
    "activities" : [ {
      "activity" : "walking",
      "group" : "walking",
      "manual" : false,
      "startTime" : "20151030T182134+0900",
      "endTime" : "20151030T182304+0900",
      "duration" : 90.0,
      "distance" : 51.0,
      "steps" : 102,
      "calories" : 3,
      "trackPoints" : [ ]
    } ],
    "lastUpdate" : "20151101T101041Z"
  } ],
  "caloriesIdle" : 1706,
  "lastUpdate" : "20151101T101041Z"
} ]