[ {
  "date" : "20150117",
  "summary" : [ {
    "activity" : "walking",
    "group" : "walking",
    "duration" : 2772.0,
    "distance" : 2775.0,
    "steps" : 4589,
    "calories" : 164
  }, {
    "activity" : "transport",
    "group" : "transport",
    "duration" : 2964.0,
    "distance" : 27209.0
  } ],
  "segments" : [ {
    "type" : "place",
    "startTime" : "20150116T232732+0900",
    "endTime" : "20150117T085630+0900",
    "place" : {
      "id" : 98345442,
      "type" : "unknown",
      "location" : {
        "lat" : 35.7168392789,
        "lon" : 139.7283806079
      }
    },
    "lastUpdate" : "20150117T092243Z"
  }, {
    "type" : "move",
    "startTime" : "20150117T085630+0900",
    "endTime" : "20150117T094347+0900",
    "activities" : [ {
      "activity" : "walking",
      "group" : "walking",
      "manual" : false,
      "startTime" : "20150117T085630+0900",
      "endTime" : "20150117T090128+0900",
      "duration" : 298.0,
      "distance" : 269.0,
      "steps" : 538,
      "calories" : 16,
      "trackPoints" : [ {
        "lat" : 35.7168392789,
        "lon" : 139.7283806079,
        "time" : "20150117T085630+0900"
      }, {
        "lat" : 35.7169101153,
        "lon" : 139.7283930715,
        "time" : "20150117T085709+0900"
      }, {
        "lat" : 35.7167929168,
        "lon" : 139.728532808,
        "time" : "20150117T085739+0900"
      }, {
        "lat" : 35.7168082428,
        "lon" : 139.7285950991,
        "time" : "20150117T085802+0900"
      }, {
        "lat" : 35.716937812,
        "lon" : 139.728542567,
        "time" : "20150117T085822+0900"
      }, {
        "lat" : 35.7171348145,
        "lon" : 139.7283841487,
        "time" : "20150117T085841+0900"
      }, {
        "lat" : 35.7173686646,
        "lon" : 139.7280944016,
        "time" : "20150117T085900+0900"
      }, {
        "lat" : 35.7176726086,
        "lon" : 139.7281132542,
        "time" : "20150117T085915+0900"
      }, {
        "lat" : 35.7179971504,
        "lon" : 139.7280365249,
        "time" : "20150117T085956+0900"
      }, {
        "lat" : 35.7180096779,
        "lon" : 139.7280376189,
        "time" : "20150117T085959+0900"
      }, {
        "lat" : 35.7180097197,
        "lon" : 139.7280376226,
        "time" : "20150117T090000+0900"
      }, {
        "lat" : 35.7180654342,
        "lon" : 139.7280424878,
        "time" : "20150117T090013+0900"
      }, {
        "lat" : 35.7181009677,
        "lon" : 139.7280740903,
        "time" : "20150117T090028+0900"
      }, {
        "lat" : 35.7181283656,
        "lon" : 139.7281428797,
        "time" : "20150117T090053+0900"
      }, {
        "lat" : 35.7181302441,
        "lon" : 139.728213591,
        "time" : "20150117T090111+0900"
      }, {
        "lat" : 35.7181221641,
        "lon" : 139.7283011885,
        "time" : "20150117T090127+0900"
      } ]
    }, {
      "activity" : "transport",
      "group" : "transport",
      "manual" : false,
      "startTime" : "20150117T090127+0900",
      "endTime" : "20150117T092528+0900",
      "duration" : 1441.0,
      "distance" : 13718.0,
      "trackPoints" : [ {
        "lat" : 35.7181221641,
        "lon" : 139.7283011885,
        "time" : "20150117T090127+0900"
      }, {
        "lat" : 35.7166651131,
        "lon" : 139.7374692808,
        "time" : "20150117T090457+0900"
      }, {
        "lat" : 35.7289810061,
        "lon" : 139.7120476514,
        "time" : "20150117T090614+0900"
      }, {
        "lat" : 35.7295398128,
        "lon" : 139.710824672,
        "time" : "20150117T090641+0900"
      }, {
        "lat" : 35.7292993673,
        "lon" : 139.7108221178,
        "time" : "20150117T090700+0900"
      }, {
        "lat" : 35.7293191915,
        "lon" : 139.7108526385,
        "time" : "20150117T090716+0900"
      }, {
        "lat" : 35.7294523015,
        "lon" : 139.7108490145,
        "time" : "20150117T090732+0900"
      }, {
        "lat" : 35.7294523015,
        "lon" : 139.7108490145,
        "time" : "20150117T090750+0900"
      }, {
        "lat" : 35.7294523015,
        "lon" : 139.7108490145,
        "time" : "20150117T090822+0900"
      }, {
        "lat" : 35.7294523015,
        "lon" : 139.7108490145,
        "time" : "20150117T090845+0900"
      }, {
        "lat" : 35.7295135281,
        "lon" : 139.7108608527,
        "time" : "20150117T090910+0900"
      }, {
        "lat" : 35.7294813471,
        "lon" : 139.7108126956,
        "time" : "20150117T090933+0900"
      }, {
        "lat" : 35.7295269723,
        "lon" : 139.710806301,
        "time" : "20150117T091005+0900"
      }, {
        "lat" : 35.7295225091,
        "lon" : 139.7107504077,
        "time" : "20150117T091027+0900"
      }, {
        "lat" : 35.728655381,
        "lon" : 139.7098975545,
        "time" : "20150117T091045+0900"
      }, {
        "lat" : 35.7247115978,
        "lon" : 139.7083249163,
        "time" : "20150117T091103+0900"
      }, {
        "lat" : 35.721091865,
        "lon" : 139.7064218104,
        "time" : "20150117T091122+0900"
      }, {
        "lat" : 35.7198333076,
        "lon" : 139.7060187635,
        "time" : "20150117T091141+0900"
      }, {
        "lat" : 35.7196956181,
        "lon" : 139.7059858732,
        "time" : "20150117T091209+0900"
      }, {
        "lat" : 35.717840128,
        "lon" : 139.7053051352,
        "time" : "20150117T091244+0900"
      }, {
        "lat" : 35.7129892831,
        "lon" : 139.7035317717,
        "time" : "20150117T091312+0900"
      }, {
        "lat" : 35.7124070543,
        "lon" : 139.7036134077,
        "time" : "20150117T091339+0900"
      }, {
        "lat" : 35.7123970278,
        "lon" : 139.703626465,
        "time" : "20150117T091359+0900"
      }, {
        "lat" : 35.7122554111,
        "lon" : 139.7035096139,
        "time" : "20150117T091420+0900"
      }, {
        "lat" : 35.7016673053,
        "lon" : 139.7007602854,
        "time" : "20150117T091526+0900"
      }, {
        "lat" : 35.7003141915,
        "lon" : 139.7001813734,
        "time" : "20150117T091550+0900"
      }, {
        "lat" : 35.7002659774,
        "lon" : 139.7001987914,
        "time" : "20150117T091613+0900"
      }, {
        "lat" : 35.700324993,
        "lon" : 139.7002031287,
        "time" : "20150117T091629+0900"
      }, {
        "lat" : 35.6963097548,
        "lon" : 139.6999687542,
        "time" : "20150117T091705+0900"
      }, {
        "lat" : 35.6912641625,
        "lon" : 139.7001546377,
        "time" : "20150117T091740+0900"
      }, {
        "lat" : 35.6901521226,
        "lon" : 139.7001703222,
        "time" : "20150117T091801+0900"
      }, {
        "lat" : 35.6899439145,
        "lon" : 139.7001404756,
        "time" : "20150117T091828+0900"
      }, {
        "lat" : 35.6899439145,
        "lon" : 139.7001404756,
        "time" : "20150117T091900+0900"
      }, {
        "lat" : 35.6899439145,
        "lon" : 139.7001404756,
        "time" : "20150117T091916+0900"
      }, {
        "lat" : 35.6899465113,
        "lon" : 139.7001395918,
        "time" : "20150117T091944+0900"
      }, {
        "lat" : 35.6896105131,
        "lon" : 139.7002602105,
        "time" : "20150117T092006+0900"
      }, {
        "lat" : 35.6829871284,
        "lon" : 139.702218783,
        "time" : "20150117T092048+0900"
      }, {
        "lat" : 35.6829458879,
        "lon" : 139.702192178,
        "time" : "20150117T092113+0900"
      }, {
        "lat" : 35.6826495233,
        "lon" : 139.7024216709,
        "time" : "20150117T092136+0900"
      }, {
        "lat" : 35.6818677115,
        "lon" : 139.7028636498,
        "time" : "20150117T092155+0900"
      }, {
        "lat" : 35.6813374023,
        "lon" : 139.7030921455,
        "time" : "20150117T092214+0900"
      }, {
        "lat" : 35.6713491783,
        "lon" : 139.7028267469,
        "time" : "20150117T092300+0900"
      }, {
        "lat" : 35.6703944786,
        "lon" : 139.7026230806,
        "time" : "20150117T092318+0900"
      }, {
        "lat" : 35.6704457814,
        "lon" : 139.7026328544,
        "time" : "20150117T092338+0900"
      }, {
        "lat" : 35.6666352719,
        "lon" : 139.7015576759,
        "time" : "20150117T092421+0900"
      }, {
        "lat" : 35.659744877,
        "lon" : 139.7012985295,
        "time" : "20150117T092455+0900"
      }, {
        "lat" : 35.6577040027,
        "lon" : 139.7018156598,
        "time" : "20150117T092512+0900"
      }, {
        "lat" : 35.6574240781,
        "lon" : 139.7019287474,
        "time" : "20150117T092528+0900"
      } ]
    }, {
      "activity" : "walking",
      "group" : "walking",
      "manual" : false,
      "startTime" : "20150117T092528+0900",
      "endTime" : "20150117T093028+0900",
      "duration" : 300.0,
      "distance" : 346.0,
      "steps" : 598,
      "calories" : 20,
      "trackPoints" : [ {
        "lat" : 35.6574240781,
        "lon" : 139.7019287474,
        "time" : "20150117T092528+0900"
      }, {
        "lat" : 35.6575081658,
        "lon" : 139.7019294329,
        "time" : "20150117T092549+0900"
      }, {
        "lat" : 35.6576845161,
        "lon" : 139.7016341162,
        "time" : "20150117T092612+0900"
      }, {
        "lat" : 35.6577634851,
        "lon" : 139.7013311672,
        "time" : "20150117T092637+0900"
      }, {
        "lat" : 35.6577906035,
        "lon" : 139.7011386466,
        "time" : "20150117T092700+0900"
      }, {
        "lat" : 35.6578178192,
        "lon" : 139.7010392433,
        "time" : "20150117T092723+0900"
      }, {
        "lat" : 35.6578639962,
        "lon" : 139.700943296,
        "time" : "20150117T092740+0900"
      }, {
        "lat" : 35.6580963468,
        "lon" : 139.7008500342,
        "time" : "20150117T092803+0900"
      }, {
        "lat" : 35.658389703,
        "lon" : 139.7008095929,
        "time" : "20150117T092818+0900"
      }, {
        "lat" : 35.659052787,
        "lon" : 139.7005381295,
        "time" : "20150117T092849+0900"
      }, {
        "lat" : 35.659130835,
        "lon" : 139.7003172945,
        "time" : "20150117T092906+0900"
      }, {
        "lat" : 35.6591380405,
        "lon" : 139.7004046696,
        "time" : "20150117T092925+0900"
      }, {
        "lat" : 35.6590562086,
        "lon" : 139.7000316643,
        "time" : "20150117T092946+0900"
      }, {
        "lat" : 35.6590022912,
        "lon" : 139.6998177893,
        "time" : "20150117T093029+0900"
      } ]
    }, {
      "activity" : "transport",
      "group" : "transport",
      "manual" : false,
      "startTime" : "20150117T093029+0900",
      "endTime" : "20150117T093404+0900",
      "duration" : 215.0,
      "distance" : 1724.0,
      "trackPoints" : [ {
        "lat" : 35.6590022912,
        "lon" : 139.6998177893,
        "time" : "20150117T093029+0900"
      }, {
        "lat" : 35.6588383132,
        "lon" : 139.6991685727,
        "time" : "20150117T093047+0900"
      }, {
        "lat" : 35.6587813008,
        "lon" : 139.6989707211,
        "time" : "20150117T093107+0900"
      }, {
        "lat" : 35.6586720277,
        "lon" : 139.6986600705,
        "time" : "20150117T093132+0900"
      }, {
        "lat" : 35.6586006344,
        "lon" : 139.6984456676,
        "time" : "20150117T093149+0900"
      }, {
        "lat" : 35.6572950764,
        "lon" : 139.6939193927,
        "time" : "20150117T093221+0900"
      }, {
        "lat" : 35.6572515937,
        "lon" : 139.6936932397,
        "time" : "20150117T093236+0900"
      }, {
        "lat" : 35.6572531227,
        "lon" : 139.6937365764,
        "time" : "20150117T093256+0900"
      }, {
        "lat" : 35.6576564254,
        "lon" : 139.6871178115,
        "time" : "20150117T093330+0900"
      }, {
        "lat" : 35.6587399454,
        "lon" : 139.684308077,
        "time" : "20150117T093348+0900"
      }, {
        "lat" : 35.6588429569,
        "lon" : 139.6839216259,
        "time" : "20150117T093404+0900"
      } ]
    }, {
      "activity" : "walking",
      "group" : "walking",
      "manual" : false,
      "startTime" : "20150117T093404+0900",
      "endTime" : "20150117T094348+0900",
      "duration" : 584.0,
      "distance" : 420.0,
      "steps" : 840,
      "calories" : 25,
      "trackPoints" : [ {
        "lat" : 35.6588429569,
        "lon" : 139.6839216259,
        "time" : "20150117T093404+0900"
      }, {
        "lat" : 35.6588724087,
        "lon" : 139.6841429479,
        "time" : "20150117T093422+0900"
      }, {
        "lat" : 35.6589174009,
        "lon" : 139.6842154655,
        "time" : "20150117T093446+0900"
      }, {
        "lat" : 35.658982739,
        "lon" : 139.6842631665,
        "time" : "20150117T093509+0900"
      }, {
        "lat" : 35.6591640116,
        "lon" : 139.6845215352,
        "time" : "20150117T093540+0900"
      }, {
        "lat" : 35.6593033731,
        "lon" : 139.6846514682,
        "time" : "20150117T093558+0900"
      }, {
        "lat" : 35.6594088569,
        "lon" : 139.6847047832,
        "time" : "20150117T093618+0900"
      }, {
        "lat" : 35.6595434786,
        "lon" : 139.6845646284,
        "time" : "20150117T093652+0900"
      }, {
        "lat" : 35.6597461811,
        "lon" : 139.6844369856,
        "time" : "20150117T093715+0900"
      }, {
        "lat" : 35.6600703535,
        "lon" : 139.6843645138,
        "time" : "20150117T093737+0900"
      }, {
        "lat" : 35.6602819437,
        "lon" : 139.6844099655,
        "time" : "20150117T093755+0900"
      }, {
        "lat" : 35.6604467109,
        "lon" : 139.6844463711,
        "time" : "20150117T093811+0900"
      }, {
        "lat" : 35.6605728894,
        "lon" : 139.6844238128,
        "time" : "20150117T093830+0900"
      }, {
        "lat" : 35.6607362845,
        "lon" : 139.6843577374,
        "time" : "20150117T093916+0900"
      }, {
        "lat" : 35.6608487563,
        "lon" : 139.6844055004,
        "time" : "20150117T093939+0900"
      }, {
        "lat" : 35.6609384345,
        "lon" : 139.6843703957,
        "time" : "20150117T094002+0900"
      }, {
        "lat" : 35.6609152976,
        "lon" : 139.6843400296,
        "time" : "20150117T094036+0900"
      }, {
        "lat" : 35.6609419737,
        "lon" : 139.6843416015,
        "time" : "20150117T094056+0900"
      }, {
        "lat" : 35.6610328381,
        "lon" : 139.6843659763,
        "time" : "20150117T094120+0900"
      }, {
        "lat" : 35.6610610526,
        "lon" : 139.6843847822,
        "time" : "20150117T094146+0900"
      }, {
        "lat" : 35.661082779,
        "lon" : 139.6844152456,
        "time" : "20150117T094201+0900"
      }, {
        "lat" : 35.6611343663,
        "lon" : 139.684535253,
        "time" : "20150117T094224+0900"
      }, {
        "lat" : 35.6610403722,
        "lon" : 139.6844052368,
        "time" : "20150117T094310+0900"
      }, {
        "lat" : 35.661057759,
        "lon" : 139.6843742018,
        "time" : "20150117T094347+0900"
      } ]
    } ],
    "lastUpdate" : "20150117T092243Z"
  }, {
    "type" : "place",
    "startTime" : "20150117T094347+0900",
    "endTime" : "20150117T101802+0900",
    "place" : {
      "id" : 127645931,
      "type" : "unknown",
      "location" : {
        "lat" : 35.661057759,
        "lon" : 139.6843742018
      }
    },
    "activities" : [ {
      "activity" : "walking",
      "group" : "walking",
      "manual" : false,
      "startTime" : "20150117T094506+0900",
      "endTime" : "20150117T094606+0900",
      "duration" : 60.0,
      "distance" : 46.0,
      "steps" : 91,
      "calories" : 3,
      "trackPoints" : [ ]
    }, {
      "activity" : "walking",
      "group" : "walking",
      "manual" : false,
      "startTime" : "20150117T100241+0900",
      "endTime" : "20150117T100341+0900",
      "duration" : 60.0,
      "distance" : 50.0,
      "steps" : 101,
      "calories" : 3,
      "trackPoints" : [ ]
    } ],
    "lastUpdate" : "20150117T092243Z"
  }, {
    "type" : "place",
    "startTime" : "20150117T114915+0900",
    "endTime" : "20150117T124526+0900",
    "place" : {
      "id" : 127645931,
      "type" : "unknown",
      "location" : {
        "lat" : 35.661057759,
        "lon" : 139.6843742018
      }
    },
    "activities" : [ {
      "activity" : "walking",
      "group" : "walking",
      "manual" : false,
      "startTime" : "20150117T121101+0900",
      "endTime" : "20150117T121431+0900",
      "duration" : 210.0,
      "distance" : 243.0,
      "steps" : 324,
      "calories" : 14,
      "trackPoints" : [ ]
    } ],
    "lastUpdate" : "20150117T092243Z"
  }, {
    "type" : "place",
    "startTime" : "20150117T142922+0900",
    "endTime" : "20150117T145353+0900",
    "place" : {
      "id" : 127645931,
      "type" : "unknown",
      "location" : {
        "lat" : 35.661057759,
        "lon" : 139.6843742018
      }
    },
    "activities" : [ {
      "activity" : "walking",
      "group" : "walking",
      "manual" : false,
      "startTime" : "20150117T143429+0900",
      "endTime" : "20150117T143459+0900",
      "duration" : 30.0,
      "distance" : 25.0,
      "steps" : 51,
      "calories" : 1,
      "trackPoints" : [ ]
    } ],
    "lastUpdate" : "20150117T105502Z"
  }, {
    "type" : "place",
    "startTime" : "20150117T182144+0900",
    "endTime" : "20150117T185600+0900",
    "place" : {
      "id" : 127645931,
      "type" : "unknown",
      "location" : {
        "lat" : 35.661057759,
        "lon" : 139.6843742018
      }
    },
    "lastUpdate" : "20150117T135902Z"
  }, {
    "type" : "move",
    "startTime" : "20150117T185600+0900",
    "endTime" : "20150117T185959+0900",
    "activities" : [ {
      "activity" : "walking",
      "group" : "walking",
      "manual" : false,
      "startTime" : "20150117T185600+0900",
      "endTime" : "20150117T185959+0900",
      "duration" : 239.0,
      "distance" : 281.0,
      "steps" : 450,
      "calories" : 17,
      "trackPoints" : [ {
        "lat" : 35.661057759,
        "lon" : 139.6843742018,
        "time" : "20150117T185600+0900"
      }, {
        "lat" : 35.6609187262,
        "lon" : 139.6843470493,
        "time" : "20150117T185638+0900"
      }, {
        "lat" : 35.6609252545,
        "lon" : 139.6843477123,
        "time" : "20150117T185659+0900"
      }, {
        "lat" : 35.6597424108,
        "lon" : 139.6843137782,
        "time" : "20150117T185837+0900"
      }, {
        "lat" : 35.6595025267,
        "lon" : 139.6843841844,
        "time" : "20150117T185855+0900"
      }, {
        "lat" : 35.6593651871,
        "lon" : 139.6844971645,
        "time" : "20150117T185913+0900"
      }, {
        "lat" : 35.6591305447,
        "lon" : 139.6844510719,
        "time" : "20150117T185936+0900"
      }, {
        "lat" : 35.6587845014,
        "lon" : 139.6843869966,
        "time" : "20150117T185959+0900"
      } ]
    } ],
    "lastUpdate" : "20150117T135902Z"
  }, {
    "type" : "place",
    "startTime" : "20150117T185959+0900",
    "endTime" : "20150117T191009+0900",
    "place" : {
      "id" : 127720524,
      "type" : "unknown",
      "location" : {
        "lat" : 35.6587845014,
        "lon" : 139.6843869966
      }
    },
    "activities" : [ {
      "activity" : "walking",
      "group" : "walking",
      "manual" : false,
      "startTime" : "20150117T190355+0900",
      "endTime" : "20150117T190455+0900",
      "duration" : 60.0,
      "distance" : 41.0,
      "steps" : 81,
      "calories" : 2,
      "trackPoints" : [ ]
    } ],
    "lastUpdate" : "20150117T135902Z"
  }, {
    "type" : "move",
    "startTime" : "20150117T191009+0900",
    "endTime" : "20150117T194728+0900",
    "activities" : [ {
      "activity" : "transport",
      "group" : "transport",
      "manual" : false,
      "startTime" : "20150117T191009+0900",
      "endTime" : "20150117T191226+0900",
      "duration" : 137.0,
      "distance" : 1611.0,
      "trackPoints" : [ {
        "lat" : 35.6587845014,
        "lon" : 139.6843869966,
        "time" : "20150117T191009+0900"
      }, {
        "lat" : 35.65675749,
        "lon" : 139.6888437615,
        "time" : "20150117T191051+0900"
      }, {
        "lat" : 35.6571903914,
        "lon" : 139.6936897104,
        "time" : "20150117T191117+0900"
      }, {
        "lat" : 35.6587260416,
        "lon" : 139.6988028925,
        "time" : "20150117T191207+0900"
      }, {
        "lat" : 35.6587840598,
        "lon" : 139.6988121857,
        "time" : "20150117T191225+0900"
      } ]
    }, {
      "activity" : "walking",
      "group" : "walking",
      "manual" : false,
      "startTime" : "20150117T191225+0900",
      "endTime" : "20150117T191725+0900",
      "duration" : 300.0,
      "distance" : 290.0,
      "steps" : 579,
      "calories" : 17,
      "trackPoints" : [ {
        "lat" : 35.6587840598,
        "lon" : 139.6988121857,
        "time" : "20150117T191225+0900"
      }, {
        "lat" : 35.6588190367,
        "lon" : 139.6988285504,
        "time" : "20150117T191243+0900"
      }, {
        "lat" : 35.6590649989,
        "lon" : 139.6997243764,
        "time" : "20150117T191329+0900"
      }, {
        "lat" : 35.6592030909,
        "lon" : 139.7001121563,
        "time" : "20150117T191352+0900"
      }, {
        "lat" : 35.6592316004,
        "lon" : 139.7003443297,
        "time" : "20150117T191416+0900"
      }, {
        "lat" : 35.6592933963,
        "lon" : 139.7004744332,
        "time" : "20150117T191442+0900"
      }, {
        "lat" : 35.6593262549,
        "lon" : 139.7004731659,
        "time" : "20150117T191458+0900"
      }, {
        "lat" : 35.6593459934,
        "lon" : 139.7004771249,
        "time" : "20150117T191517+0900"
      }, {
        "lat" : 35.6593439536,
        "lon" : 139.7004961484,
        "time" : "20150117T191535+0900"
      }, {
        "lat" : 35.6593601779,
        "lon" : 139.7005089688,
        "time" : "20150117T191558+0900"
      }, {
        "lat" : 35.6594055033,
        "lon" : 139.7004981315,
        "time" : "20150117T191614+0900"
      }, {
        "lat" : 35.6594270094,
        "lon" : 139.7004314915,
        "time" : "20150117T191637+0900"
      }, {
        "lat" : 35.6594691526,
        "lon" : 139.7003794654,
        "time" : "20150117T191703+0900"
      }, {
        "lat" : 35.6595219384,
        "lon" : 139.7003219148,
        "time" : "20150117T191725+0900"
      } ]
    }, {
      "activity" : "transport",
      "group" : "transport",
      "manual" : false,
      "startTime" : "20150117T191725+0900",
      "endTime" : "20150117T192525+0900",
      "duration" : 480.0,
      "distance" : 3139.0,
      "trackPoints" : [ {
        "lat" : 35.6595219384,
        "lon" : 139.7003219148,
        "time" : "20150117T191725+0900"
      }, {
        "lat" : 35.6684525463,
        "lon" : 139.678834489,
        "time" : "20150117T192317+0900"
      }, {
        "lat" : 35.6685768076,
        "lon" : 139.678836933,
        "time" : "20150117T192336+0900"
      }, {
        "lat" : 35.6686062925,
        "lon" : 139.6788352012,
        "time" : "20150117T192401+0900"
      }, {
        "lat" : 35.6723042771,
        "lon" : 139.6825658488,
        "time" : "20150117T192526+0900"
      } ]
    }, {
      "activity" : "walking",
      "group" : "walking",
      "manual" : false,
      "startTime" : "20150117T192526+0900",
      "endTime" : "20150117T192956+0900",
      "duration" : 270.0,
      "distance" : 306.0,
      "steps" : 467,
      "calories" : 18,
      "trackPoints" : [ {
        "lat" : 35.6723042771,
        "lon" : 139.6825658488,
        "time" : "20150117T192526+0900"
      }, {
        "lat" : 35.67416457,
        "lon" : 139.684424827,
        "time" : "20150117T192956+0900"
      } ]
    }, {
      "activity" : "transport",
      "group" : "transport",
      "manual" : false,
      "startTime" : "20150117T192956+0900",
      "endTime" : "20150117T194127+0900",
      "duration" : 691.0,
      "distance" : 7017.0,
      "trackPoints" : [ {
        "lat" : 35.67416457,
        "lon" : 139.684424827,
        "time" : "20150117T192956+0900"
      }, {
        "lat" : 35.688309967,
        "lon" : 139.698560227,
        "time" : "20150117T193430+0900"
      }, {
        "lat" : 35.7169583354,
        "lon" : 139.726717769,
        "time" : "20150117T194127+0900"
      } ]
    }, {
      "activity" : "walking",
      "group" : "walking",
      "manual" : false,
      "startTime" : "20150117T194127+0900",
      "endTime" : "20150117T194728+0900",
      "duration" : 361.0,
      "distance" : 458.0,
      "steps" : 469,
      "calories" : 27,
      "trackPoints" : [ {
        "lat" : 35.7169583354,
        "lon" : 139.726717769,
        "time" : "20150117T194127+0900"
      }, {
        "lat" : 35.7179854284,
        "lon" : 139.7277282222,
        "time" : "20150117T194152+0900"
      }, {
        "lat" : 35.7181018695,
        "lon" : 139.7278827734,
        "time" : "20150117T194210+0900"
      }, {
        "lat" : 35.7181305147,
        "lon" : 139.7278843582,
        "time" : "20150117T194237+0900"
      }, {
        "lat" : 35.7181544066,
        "lon" : 139.7278924049,
        "time" : "20150117T194307+0900"
      }, {
        "lat" : 35.718158936,
        "lon" : 139.7279054608,
        "time" : "20150117T194338+0900"
      }, {
        "lat" : 35.718134487,
        "lon" : 139.7279188984,
        "time" : "20150117T194353+0900"
      }, {
        "lat" : 35.7180750963,
        "lon" : 139.7279427708,
        "time" : "20150117T194409+0900"
      }, {
        "lat" : 35.7179019853,
        "lon" : 139.7280272188,
        "time" : "20150117T194431+0900"
      }, {
        "lat" : 35.7167648868,
        "lon" : 139.7287895565,
        "time" : "20150117T194554+0900"
      }, {
        "lat" : 35.7169620926,
        "lon" : 139.7284571114,
        "time" : "20150117T194645+0900"
      }, {
        "lat" : 35.7168392789,
        "lon" : 139.7283806079,
        "time" : "20150117T194728+0900"
      } ]
    } ],
    "lastUpdate" : "20150117T135902Z"
  }, {
    "type" : "place",
    "startTime" : "20150117T194728+0900",
    "endTime" : "20150118T101118+0900",
    "place" : {
      "id" : 98345442,
      "type" : "unknown",
      "location" : {
        "lat" : 35.7168392789,
        "lon" : 139.7283806079
      }
    },
    "lastUpdate" : "20150118T102618Z"
  } ],
  "caloriesIdle" : 1706,
  "lastUpdate" : "20150118T102618Z"
} ]