[ {
  "date" : "20180416",
  "summary" : [ {
    "activity" : "walking",
    "group" : "walking",
    "duration" : 5534.0,
    "distance" : 5360.0,
    "steps" : 452,
    "calories" : 296
  }, {
    "activity" : "transport",
    "group" : "transport",
    "duration" : 8488.0,
    "distance" : 84679.0
  }, {
    "activity" : "running",
    "group" : "running",
    "duration" : 239.0,
    "distance" : 359.0,
    "steps" : 0,
    "calories" : 25
  } ],
  "segments" : [ {
    "type" : "move",
    "startTime" : "20180416T055259+0900",
    "endTime" : "20180416T055654+0900",
    "activities" : [ {
      "activity" : "transport",
      "group" : "transport",
      "manual" : false,
      "startTime" : "20180416T055259+0900",
      "endTime" : "20180416T055548+0900",
      "duration" : 169.0,
      "distance" : 636.0,
      "trackPoints" : [ {
        "lat" : 35.702201,
        "lon" : 139.74426,
        "time" : "20180416T055259+0900"
      }, {
        "lat" : 35.702211,
        "lon" : 139.74424,
        "time" : "20180416T055327+0900"
      }, {
        "lat" : 35.69863,
        "lon" : 139.74845,
        "time" : "20180416T055548+0900"
      } ]
    }, {
      "activity" : "walking",
      "group" : "walking",
      "manual" : false,
      "startTime" : "20180416T055548+0900",
      "endTime" : "20180416T055654+0900",
      "duration" : 66.0,
      "distance" : 43.0,
      "steps" : 66,
      "calories" : 2,
      "trackPoints" : [ {
        "lat" : 35.69863,
        "lon" : 139.74845,
        "time" : "20180416T055548+0900"
      }, {
        "lat" : 35.698382,
        "lon" : 139.74874,
        "time" : "20180416T055654+0900"
      } ]
    } ],
    "lastUpdate" : "20180416T013107Z"
  }, {
    "type" : "off",
    "startTime" : "20180416T055655+0900",
    "endTime" : "20180416T063346+0900",
    "activities" : [ {
      "activity" : "walking",
      "group" : "walking",
      "manual" : false,
      "startTime" : "20180416T055655+0900",
      "endTime" : "20180416T062631+0900",
      "duration" : 1776.0,
      "distance" : 2130.0,
      "steps" : 0,
      "calories" : 118,
      "trackPoints" : [ {
        "lat" : 35.698382,
        "lon" : 139.74874,
        "time" : "20180416T055655+0900"
      }, {
        "lat" : 35.695586,
        "lon" : 139.75198,
        "time" : "20180416T055918+0900"
      }, {
        "lat" : 35.695287,
        "lon" : 139.75233,
        "time" : "20180416T055959+0900"
      }, {
        "lat" : 35.695287,
        "lon" : 139.75233,
        "time" : "20180416T060000+0900"
      }, {
        "lat" : 35.683853,
        "lon" : 139.76577,
        "time" : "20180416T062631+0900"
      } ]
    } ],
    "lastUpdate" : "20180416T013107Z"
  }, {
    "type" : "move",
    "startTime" : "20180416T063346+0900",
    "endTime" : "20180416T070609+0900",
    "activities" : [ {
      "activity" : "transport",
      "group" : "transport",
      "manual" : false,
      "startTime" : "20180416T063346+0900",
      "endTime" : "20180416T070609+0900",
      "duration" : 1943.0,
      "distance" : 38207.0,
      "trackPoints" : [ {
        "lat" : 35.680956,
        "lon" : 139.76929,
        "time" : "20180416T063346+0900"
      }, {
        "lat" : 35.678224,
        "lon" : 139.77479,
        "time" : "20180416T063503+0900"
      }, {
        "lat" : 35.683066,
        "lon" : 139.77976,
        "time" : "20180416T063621+0900"
      }, {
        "lat" : 35.681292,
        "lon" : 139.78087,
        "time" : "20180416T063637+0900"
      }, {
        "lat" : 35.68677,
        "lon" : 139.79141,
        "time" : "20180416T063758+0900"
      }, {
        "lat" : 35.692568,
        "lon" : 139.80346,
        "time" : "20180416T063938+0900"
      }, {
        "lat" : 35.693673,
        "lon" : 139.82298,
        "time" : "20180416T064101+0900"
      }, {
        "lat" : 35.697675,
        "lon" : 139.85123,
        "time" : "20180416T064307+0900"
      }, {
        "lat" : 35.69843,
        "lon" : 139.85477,
        "time" : "20180416T064323+0900"
      }, {
        "lat" : 35.698718,
        "lon" : 139.87308,
        "time" : "20180416T064442+0900"
      }, {
        "lat" : 35.697518,
        "lon" : 139.89194,
        "time" : "20180416T064607+0900"
      }, {
        "lat" : 35.702969,
        "lon" : 139.90208,
        "time" : "20180416T064657+0900"
      }, {
        "lat" : 35.7045,
        "lon" : 139.90655,
        "time" : "20180416T064717+0900"
      }, {
        "lat" : 35.709044,
        "lon" : 139.92786,
        "time" : "20180416T064901+0900"
      }, {
        "lat" : 35.704797,
        "lon" : 139.94787,
        "time" : "20180416T065028+0900"
      }, {
        "lat" : 35.703044,
        "lon" : 139.95375,
        "time" : "20180416T065055+0900"
      }, {
        "lat" : 35.693912,
        "lon" : 139.97825,
        "time" : "20180416T065325+0900"
      }, {
        "lat" : 35.689496,
        "lon" : 139.99435,
        "time" : "20180416T065449+0900"
      }, {
        "lat" : 35.688204,
        "lon" : 139.99756,
        "time" : "20180416T065505+0900"
      }, {
        "lat" : 35.676955,
        "lon" : 140.01322,
        "time" : "20180416T065642+0900"
      }, {
        "lat" : 35.669782,
        "lon" : 140.03615,
        "time" : "20180416T065911+0900"
      }, {
        "lat" : 35.669739,
        "lon" : 140.0379,
        "time" : "20180416T065939+0900"
      }, {
        "lat" : 35.669234,
        "lon" : 140.04181,
        "time" : "20180416T065959+0900"
      }, {
        "lat" : 35.669234,
        "lon" : 140.04181,
        "time" : "20180416T070000+0900"
      }, {
        "lat" : 35.664112,
        "lon" : 140.08142,
        "time" : "20180416T070327+0900"
      }, {
        "lat" : 35.663198,
        "lon" : 140.08404,
        "time" : "20180416T070343+0900"
      }, {
        "lat" : 35.66246,
        "lon" : 140.08725,
        "time" : "20180416T070359+0900"
      }, {
        "lat" : 35.670654,
        "lon" : 140.11312,
        "time" : "20180416T070609+0900"
      } ]
    } ],
    "lastUpdate" : "20180416T013107Z"
  }, {
    "type" : "move",
    "startTime" : "20180416T071955+0900",
    "endTime" : "20180416T075515+0900",
    "activities" : [ {
      "activity" : "transport",
      "group" : "transport",
      "manual" : false,
      "startTime" : "20180416T071955+0900",
      "endTime" : "20180416T075514+0900",
      "duration" : 2119.0,
      "distance" : 14190.0,
      "trackPoints" : [ {
        "lat" : 35.741341,
        "lon" : 140.30812,
        "time" : "20180416T071955+0900"
      }, {
        "lat" : 35.75239,
        "lon" : 140.31774,
        "time" : "20180416T072051+0900"
      }, {
        "lat" : 35.759083,
        "lon" : 140.32107,
        "time" : "20180416T072121+0900"
      }, {
        "lat" : 35.782489,
        "lon" : 140.35577,
        "time" : "20180416T072436+0900"
      }, {
        "lat" : 35.783888,
        "lon" : 140.35955,
        "time" : "20180416T072452+0900"
      }, {
        "lat" : 35.777883,
        "lon" : 140.38285,
        "time" : "20180416T072656+0900"
      }, {
        "lat" : 35.775426,
        "lon" : 140.38582,
        "time" : "20180416T072747+0900"
      }, {
        "lat" : 35.768493,
        "lon" : 140.39057,
        "time" : "20180416T073241+0900"
      }, {
        "lat" : 35.768113,
        "lon" : 140.39041,
        "time" : "20180416T073341+0900"
      }, {
        "lat" : 35.764021,
        "lon" : 140.38613,
        "time" : "20180416T073633+0900"
      }, {
        "lat" : 35.764314,
        "lon" : 140.38602,
        "time" : "20180416T073747+0900"
      }, {
        "lat" : 35.769988,
        "lon" : 140.3851,
        "time" : "20180416T074101+0900"
      }, {
        "lat" : 35.769988,
        "lon" : 140.3851,
        "time" : "20180416T074101+0900"
      }, {
        "lat" : 35.772165,
        "lon" : 140.39418,
        "time" : "20180416T075515+0900"
      } ]
    } ],
    "lastUpdate" : "20180416T013107Z"
  }, {
    "type" : "place",
    "startTime" : "20180416T075515+0900",
    "endTime" : "20180416T105956+0900",
    "place" : {
      "id" : 587173267,
      "type" : "unknown",
      "location" : {
        "lat" : 42.787088,
        "lon" : 141.6768
      }
    },
    "activities" : [ {
      "activity" : "walking",
      "group" : "walking",
      "manual" : false,
      "startTime" : "20180416T075515+0900",
      "endTime" : "20180416T075515+0900",
      "duration" : 0.0,
      "distance" : 0.0,
      "steps" : 0,
      "calories" : 0,
      "trackPoints" : [ ]
    }, {
      "activity" : "walking",
      "group" : "walking",
      "manual" : false,
      "startTime" : "20180416T080000+0900",
      "endTime" : "20180416T083809+0900",
      "duration" : 2289.0,
      "distance" : 1717.0,
      "steps" : 0,
      "calories" : 95,
      "trackPoints" : [ ]
    }, {
      "activity" : "walking",
      "group" : "walking",
      "manual" : false,
      "startTime" : "20180416T090000+0900",
      "endTime" : "20180416T090633+0900",
      "duration" : 393.0,
      "distance" : 294.0,
      "steps" : 0,
      "calories" : 16,
      "trackPoints" : [ ]
    }, {
      "activity" : "walking",
      "group" : "walking",
      "manual" : false,
      "startTime" : "20180416T103703+0900",
      "endTime" : "20180416T104422+0900",
      "duration" : 439.0,
      "distance" : 329.0,
      "steps" : 6,
      "calories" : 18,
      "trackPoints" : [ ]
    } ],
    "lastUpdate" : "20180416T043742Z"
  }, {
    "type" : "move",
    "startTime" : "20180416T105956+0900",
    "endTime" : "20180416T111602+0900",
    "activities" : [ {
      "activity" : "transport",
      "group" : "transport",
      "manual" : false,
      "startTime" : "20180416T105956+0900",
      "endTime" : "20180416T110129+0900",
      "duration" : 93.0,
      "distance" : 846.0,
      "trackPoints" : [ {
        "lat" : 42.787088,
        "lon" : 141.6768,
        "time" : "20180416T105956+0900"
      }, {
        "lat" : 42.787269,
        "lon" : 141.67663,
        "time" : "20180416T105959+0900"
      }, {
        "lat" : 42.787269,
        "lon" : 141.67663,
        "time" : "20180416T110000+0900"
      }, {
        "lat" : 42.79255,
        "lon" : 141.6717,
        "time" : "20180416T110129+0900"
      } ]
    }, {
      "activity" : "walking",
      "group" : "walking",
      "manual" : false,
      "startTime" : "20180416T110129+0900",
      "endTime" : "20180416T110156+0900",
      "duration" : 27.0,
      "distance" : 33.0,
      "steps" : 27,
      "calories" : 2,
      "trackPoints" : [ {
        "lat" : 42.79255,
        "lon" : 141.6717,
        "time" : "20180416T110129+0900"
      }, {
        "lat" : 42.79278,
        "lon" : 141.67148,
        "time" : "20180416T110157+0900"
      } ]
    }, {
      "activity" : "transport",
      "group" : "transport",
      "manual" : false,
      "startTime" : "20180416T110157+0900",
      "endTime" : "20180416T111602+0900",
      "duration" : 845.0,
      "distance" : 9263.0,
      "trackPoints" : [ {
        "lat" : 42.79278,
        "lon" : 141.67148,
        "time" : "20180416T110157+0900"
      }, {
        "lat" : 42.803676,
        "lon" : 141.6612,
        "time" : "20180416T110454+0900"
      }, {
        "lat" : 42.817091,
        "lon" : 141.64835,
        "time" : "20180416T110908+0900"
      }, {
        "lat" : 42.812963,
        "lon" : 141.64197,
        "time" : "20180416T111039+0900"
      }, {
        "lat" : 42.819835,
        "lon" : 141.61755,
        "time" : "20180416T111457+0900"
      }, {
        "lat" : 42.83384,
        "lon" : 141.60355,
        "time" : "20180416T111602+0900"
      } ]
    } ],
    "lastUpdate" : "20180416T043742Z"
  }, {
    "type" : "move",
    "startTime" : "20180416T112622+0900",
    "endTime" : "20180416T113231+0900",
    "activities" : [ {
      "activity" : "transport",
      "group" : "transport",
      "manual" : false,
      "startTime" : "20180416T112622+0900",
      "endTime" : "20180416T112853+0900",
      "duration" : 151.0,
      "distance" : 3059.0,
      "trackPoints" : [ {
        "lat" : 42.951004,
        "lon" : 141.50379,
        "time" : "20180416T112622+0900"
      }, {
        "lat" : 42.969088,
        "lon" : 141.48238,
        "time" : "20180416T112853+0900"
      } ]
    }, {
      "activity" : "walking",
      "group" : "walking",
      "manual" : false,
      "startTime" : "20180416T112853+0900",
      "endTime" : "20180416T113231+0900",
      "duration" : 218.0,
      "distance" : 423.0,
      "steps" : 353,
      "calories" : 23,
      "trackPoints" : [ {
        "lat" : 42.969088,
        "lon" : 141.48238,
        "time" : "20180416T112853+0900"
      }, {
        "lat" : 42.971481,
        "lon" : 141.4786,
        "time" : "20180416T113231+0900"
      } ]
    } ],
    "lastUpdate" : "20180416T043742Z"
  }, {
    "type" : "off",
    "startTime" : "20180416T113232+0900",
    "endTime" : "20180416T124034+0900",
    "activities" : [ {
      "activity" : "transport",
      "group" : "transport",
      "manual" : false,
      "startTime" : "20180416T113232+0900",
      "endTime" : "20180416T122253+0900",
      "duration" : 3021.0,
      "distance" : 18083.0,
      "trackPoints" : [ {
        "lat" : 42.971481,
        "lon" : 141.47859,
        "time" : "20180416T113232+0900"
      }, {
        "lat" : 42.983823,
        "lon" : 141.45883,
        "time" : "20180416T113756+0900"
      }, {
        "lat" : 42.990951,
        "lon" : 141.44972,
        "time" : "20180416T114026+0900"
      }, {
        "lat" : 42.992539,
        "lon" : 141.44705,
        "time" : "20180416T114043+0900"
      }, {
        "lat" : 42.997324,
        "lon" : 141.44239,
        "time" : "20180416T114122+0900"
      }, {
        "lat" : 42.99822,
        "lon" : 141.44097,
        "time" : "20180416T114152+0900"
      }, {
        "lat" : 43.000054,
        "lon" : 141.4388,
        "time" : "20180416T114230+0900"
      }, {
        "lat" : 43.010332,
        "lon" : 141.42363,
        "time" : "20180416T114317+0900"
      }, {
        "lat" : 43.010412,
        "lon" : 141.42341,
        "time" : "20180416T114545+0900"
      }, {
        "lat" : 43.011338,
        "lon" : 141.42117,
        "time" : "20180416T114629+0900"
      }, {
        "lat" : 43.012866,
        "lon" : 141.41843,
        "time" : "20180416T114657+0900"
      }, {
        "lat" : 43.017218,
        "lon" : 141.40997,
        "time" : "20180416T114800+0900"
      }, {
        "lat" : 43.020438,
        "lon" : 141.40441,
        "time" : "20180416T115025+0900"
      }, {
        "lat" : 43.024692,
        "lon" : 141.39983,
        "time" : "20180416T115307+0900"
      }, {
        "lat" : 43.027302,
        "lon" : 141.39831,
        "time" : "20180416T115332+0900"
      }, {
        "lat" : 43.032704,
        "lon" : 141.39483,
        "time" : "20180416T115517+0900"
      }, {
        "lat" : 43.035536,
        "lon" : 141.39298,
        "time" : "20180416T115542+0900"
      }, {
        "lat" : 43.040697,
        "lon" : 141.38913,
        "time" : "20180416T115746+0900"
      }, {
        "lat" : 43.043791,
        "lon" : 141.38387,
        "time" : "20180416T115916+0900"
      }, {
        "lat" : 43.046117,
        "lon" : 141.38,
        "time" : "20180416T115950+0900"
      }, {
        "lat" : 43.046566,
        "lon" : 141.37927,
        "time" : "20180416T115959+0900"
      }, {
        "lat" : 43.046566,
        "lon" : 141.37927,
        "time" : "20180416T120000+0900"
      }, {
        "lat" : 43.047193,
        "lon" : 141.37825,
        "time" : "20180416T120012+0900"
      }, {
        "lat" : 43.048263,
        "lon" : 141.37645,
        "time" : "20180416T120052+0900"
      }, {
        "lat" : 43.055079,
        "lon" : 141.36596,
        "time" : "20180416T120438+0900"
      }, {
        "lat" : 43.0549,
        "lon" : 141.36573,
        "time" : "20180416T120546+0900"
      }, {
        "lat" : 43.056673,
        "lon" : 141.36126,
        "time" : "20180416T120649+0900"
      }, {
        "lat" : 43.056094,
        "lon" : 141.35627,
        "time" : "20180416T120719+0900"
      }, {
        "lat" : 43.059982,
        "lon" : 141.35365,
        "time" : "20180416T121202+0900"
      }, {
        "lat" : 43.061905,
        "lon" : 141.35426,
        "time" : "20180416T121517+0900"
      }, {
        "lat" : 43.063647,
        "lon" : 141.35653,
        "time" : "20180416T121645+0900"
      }, {
        "lat" : 43.064354,
        "lon" : 141.35624,
        "time" : "20180416T121718+0900"
      }, {
        "lat" : 43.066219,
        "lon" : 141.35442,
        "time" : "20180416T121940+0900"
      }, {
        "lat" : 43.065889,
        "lon" : 141.3523,
        "time" : "20180416T122043+0900"
      }, {
        "lat" : 43.067098,
        "lon" : 141.35092,
        "time" : "20180416T122253+0900"
      } ]
    }, {
      "activity" : "walking",
      "group" : "walking",
      "manual" : false,
      "startTime" : "20180416T122253+0900",
      "endTime" : "20180416T122819+0900",
      "duration" : 326.0,
      "distance" : 391.0,
      "steps" : 0,
      "calories" : 22,
      "trackPoints" : [ {
        "lat" : 43.067098,
        "lon" : 141.35092,
        "time" : "20180416T122253+0900"
      }, {
        "lat" : 43.069418,
        "lon" : 141.34821,
        "time" : "20180416T122655+0900"
      }, {
        "lat" : 43.07069,
        "lon" : 141.34733,
        "time" : "20180416T122819+0900"
      } ]
    }, {
      "activity" : "running",
      "group" : "running",
      "manual" : false,
      "startTime" : "20180416T122819+0900",
      "endTime" : "20180416T123218+0900",
      "duration" : 239.0,
      "distance" : 359.0,
      "steps" : 0,
      "calories" : 25,
      "trackPoints" : [ {
        "lat" : 43.07069,
        "lon" : 141.34733,
        "time" : "20180416T122819+0900"
      }, {
        "lat" : 43.070971,
        "lon" : 141.34691,
        "time" : "20180416T122850+0900"
      }, {
        "lat" : 43.07276,
        "lon" : 141.34278,
        "time" : "20180416T123218+0900"
      } ]
    }, {
      "activity" : "transport",
      "group" : "transport",
      "manual" : false,
      "startTime" : "20180416T123218+0900",
      "endTime" : "20180416T123445+0900",
      "duration" : 147.0,
      "distance" : 395.0,
      "trackPoints" : [ {
        "lat" : 43.07276,
        "lon" : 141.34278,
        "time" : "20180416T123218+0900"
      }, {
        "lat" : 43.075668,
        "lon" : 141.34133,
        "time" : "20180416T123446+0900"
      } ]
    } ],
    "lastUpdate" : "20180416T043742Z"
  }, {
    "type" : "place",
    "startTime" : "20180416T124034+0900",
    "endTime" : "20180416T133525+0900",
    "place" : {
      "id" : 245014239,
      "type" : "unknown",
      "location" : {
        "lat" : 43.076271,
        "lon" : 141.33948
      }
    },
    "lastUpdate" : "20180416T043742Z"
  } ],
  "caloriesIdle" : 1591,
  "lastUpdate" : "20180416T043742Z"
} ]