[ {
  "date" : "20160325",
  "summary" : [ {
    "activity" : "walking",
    "group" : "walking",
    "duration" : 6386.0,
    "distance" : 7380.0,
    "steps" : 10410,
    "calories" : 410
  }, {
    "activity" : "transport",
    "group" : "transport",
    "duration" : 3053.0,
    "distance" : 20047.0
  }, {
    "activity" : "running",
    "group" : "running",
    "duration" : 240.0,
    "distance" : 656.0,
    "steps" : 557,
    "calories" : 44
  } ],
  "segments" : [ {
    "type" : "place",
    "startTime" : "20160324T150810+0900",
    "endTime" : "20160325T134631+0900",
    "place" : {
      "id" : 98345442,
      "type" : "unknown",
      "location" : {
        "lat" : 35.7168392789,
        "lon" : 139.7283806079
      }
    },
    "activities" : [ {
      "activity" : "walking",
      "group" : "walking",
      "manual" : false,
      "startTime" : "20160325T133700+0900",
      "endTime" : "20160325T135441+0900",
      "duration" : 1061.0,
      "distance" : 1240.0,
      "steps" : 1654,
      "calories" : 69,
      "trackPoints" : [ ]
    } ],
    "lastUpdate" : "20160325T060814Z"
  }, {
    "type" : "move",
    "startTime" : "20160325T134631+0900",
    "endTime" : "20160325T141813+0900",
    "activities" : [ {
      "activity" : "transport",
      "group" : "transport",
      "manual" : false,
      "startTime" : "20160325T134631+0900",
      "endTime" : "20160325T141113+0900",
      "duration" : 1482.0,
      "distance" : 10140.0,
      "trackPoints" : [ {
        "lat" : 35.716839,
        "lon" : 139.72838,
        "time" : "20160325T134631+0900"
      }, {
        "lat" : 35.693922,
        "lon" : 139.73724,
        "time" : "20160325T135440+0900"
      }, {
        "lat" : 35.693727,
        "lon" : 139.73704,
        "time" : "20160325T135538+0900"
      }, {
        "lat" : 35.693411,
        "lon" : 139.73703,
        "time" : "20160325T135606+0900"
      }, {
        "lat" : 35.686306,
        "lon" : 139.73682,
        "time" : "20160325T135626+0900"
      }, {
        "lat" : 35.685917,
        "lon" : 139.73681,
        "time" : "20160325T135653+0900"
      }, {
        "lat" : 35.685876,
        "lon" : 139.73681,
        "time" : "20160325T135711+0900"
      }, {
        "lat" : 35.685848,
        "lon" : 139.73681,
        "time" : "20160325T135729+0900"
      }, {
        "lat" : 35.685798,
        "lon" : 139.7368,
        "time" : "20160325T135759+0900"
      }, {
        "lat" : 35.682476,
        "lon" : 139.74364,
        "time" : "20160325T135959+0900"
      }, {
        "lat" : 35.682475,
        "lon" : 139.74364,
        "time" : "20160325T140000+0900"
      }, {
        "lat" : 35.675192,
        "lon" : 139.75864,
        "time" : "20160325T140424+0900"
      }, {
        "lat" : 35.673781,
        "lon" : 139.75794,
        "time" : "20160325T140458+0900"
      }, {
        "lat" : 35.67067,
        "lon" : 139.75575,
        "time" : "20160325T140550+0900"
      }, {
        "lat" : 35.650032,
        "lon" : 139.74914,
        "time" : "20160325T141113+0900"
      } ]
    }, {
      "activity" : "walking",
      "group" : "walking",
      "manual" : false,
      "startTime" : "20160325T141113+0900",
      "endTime" : "20160325T141413+0900",
      "duration" : 180.0,
      "distance" : 324.0,
      "steps" : 274,
      "calories" : 18,
      "trackPoints" : [ {
        "lat" : 35.650032,
        "lon" : 139.74914,
        "time" : "20160325T141113+0900"
      }, {
        "lat" : 35.649345,
        "lon" : 139.74892,
        "time" : "20160325T141230+0900"
      }, {
        "lat" : 35.648567,
        "lon" : 139.74837,
        "time" : "20160325T141246+0900"
      }, {
        "lat" : 35.648464,
        "lon" : 139.74814,
        "time" : "20160325T141313+0900"
      }, {
        "lat" : 35.648417,
        "lon" : 139.74804,
        "time" : "20160325T141332+0900"
      }, {
        "lat" : 35.647998,
        "lon" : 139.74768,
        "time" : "20160325T141348+0900"
      }, {
        "lat" : 35.648155,
        "lon" : 139.74743,
        "time" : "20160325T141413+0900"
      } ]
    }, {
      "activity" : "running",
      "group" : "running",
      "manual" : false,
      "startTime" : "20160325T141413+0900",
      "endTime" : "20160325T141813+0900",
      "duration" : 240.0,
      "distance" : 656.0,
      "steps" : 557,
      "calories" : 44,
      "trackPoints" : [ {
        "lat" : 35.648155,
        "lon" : 139.74743,
        "time" : "20160325T141413+0900"
      }, {
        "lat" : 35.64872,
        "lon" : 139.7475,
        "time" : "20160325T141500+0900"
      }, {
        "lat" : 35.648954,
        "lon" : 139.7467,
        "time" : "20160325T141524+0900"
      }, {
        "lat" : 35.648967,
        "lon" : 139.74591,
        "time" : "20160325T141542+0900"
      }, {
        "lat" : 35.648932,
        "lon" : 139.74529,
        "time" : "20160325T141603+0900"
      }, {
        "lat" : 35.648743,
        "lon" : 139.74489,
        "time" : "20160325T141629+0900"
      }, {
        "lat" : 35.648333,
        "lon" : 139.74472,
        "time" : "20160325T141647+0900"
      }, {
        "lat" : 35.648114,
        "lon" : 139.74439,
        "time" : "20160325T141705+0900"
      }, {
        "lat" : 35.648001,
        "lon" : 139.74405,
        "time" : "20160325T141728+0900"
      }, {
        "lat" : 35.647878,
        "lon" : 139.74354,
        "time" : "20160325T141746+0900"
      }, {
        "lat" : 35.648024,
        "lon" : 139.74168,
        "time" : "20160325T141813+0900"
      } ]
    } ],
    "lastUpdate" : "20160325T060814Z"
  }, {
    "type" : "place",
    "startTime" : "20160325T141813+0900",
    "endTime" : "20160325T151550+0900",
    "place" : {
      "id" : 256216949,
      "type" : "unknown",
      "location" : {
        "lat" : 35.648024,
        "lon" : 139.74168
      }
    },
    "activities" : [ {
      "activity" : "walking",
      "group" : "walking",
      "manual" : false,
      "startTime" : "20160325T141813+0900",
      "endTime" : "20160325T142021+0900",
      "duration" : 128.0,
      "distance" : 177.0,
      "steps" : 236,
      "calories" : 10,
      "trackPoints" : [ ]
    }, {
      "activity" : "walking",
      "group" : "walking",
      "manual" : false,
      "startTime" : "20160325T151351+0900",
      "endTime" : "20160325T151358+0900",
      "duration" : 7.0,
      "distance" : 5.0,
      "steps" : 10,
      "calories" : 0,
      "trackPoints" : [ ]
    } ],
    "lastUpdate" : "20160325T074259Z"
  }, {
    "type" : "move",
    "startTime" : "20160325T151550+0900",
    "endTime" : "20160325T153035+0900",
    "activities" : [ {
      "activity" : "walking",
      "group" : "walking",
      "manual" : false,
      "startTime" : "20160325T151550+0900",
      "endTime" : "20160325T153034+0900",
      "duration" : 884.0,
      "distance" : 1057.0,
      "steps" : 1522,
      "calories" : 59,
      "trackPoints" : [ {
        "lat" : 35.648024,
        "lon" : 139.74168,
        "time" : "20160325T151550+0900"
      }, {
        "lat" : 35.647931,
        "lon" : 139.74216,
        "time" : "20160325T151613+0900"
      }, {
        "lat" : 35.647931,
        "lon" : 139.74257,
        "time" : "20160325T151638+0900"
      }, {
        "lat" : 35.647953,
        "lon" : 139.74276,
        "time" : "20160325T151703+0900"
      }, {
        "lat" : 35.647996,
        "lon" : 139.74285,
        "time" : "20160325T151725+0900"
      }, {
        "lat" : 35.648227,
        "lon" : 139.74296,
        "time" : "20160325T151819+0900"
      }, {
        "lat" : 35.648468,
        "lon" : 139.74304,
        "time" : "20160325T151842+0900"
      }, {
        "lat" : 35.648712,
        "lon" : 139.74315,
        "time" : "20160325T151905+0900"
      }, {
        "lat" : 35.648975,
        "lon" : 139.7433,
        "time" : "20160325T151927+0900"
      }, {
        "lat" : 35.649205,
        "lon" : 139.74335,
        "time" : "20160325T151944+0900"
      }, {
        "lat" : 35.649277,
        "lon" : 139.74357,
        "time" : "20160325T152006+0900"
      }, {
        "lat" : 35.649313,
        "lon" : 139.74383,
        "time" : "20160325T152034+0900"
      }, {
        "lat" : 35.6493,
        "lon" : 139.74378,
        "time" : "20160325T152059+0900"
      }, {
        "lat" : 35.649223,
        "lon" : 139.74354,
        "time" : "20160325T152124+0900"
      }, {
        "lat" : 35.649168,
        "lon" : 139.74327,
        "time" : "20160325T152147+0900"
      }, {
        "lat" : 35.64911,
        "lon" : 139.74306,
        "time" : "20160325T152208+0900"
      }, {
        "lat" : 35.64898,
        "lon" : 139.74282,
        "time" : "20160325T152240+0900"
      }, {
        "lat" : 35.648838,
        "lon" : 139.74289,
        "time" : "20160325T152302+0900"
      }, {
        "lat" : 35.648954,
        "lon" : 139.74298,
        "time" : "20160325T152320+0900"
      }, {
        "lat" : 35.648583,
        "lon" : 139.74301,
        "time" : "20160325T152342+0900"
      }, {
        "lat" : 35.648169,
        "lon" : 139.74294,
        "time" : "20160325T152418+0900"
      }, {
        "lat" : 35.648045,
        "lon" : 139.74293,
        "time" : "20160325T152439+0900"
      }, {
        "lat" : 35.647981,
        "lon" : 139.74304,
        "time" : "20160325T152459+0900"
      }, {
        "lat" : 35.647945,
        "lon" : 139.74332,
        "time" : "20160325T152522+0900"
      }, {
        "lat" : 35.647945,
        "lon" : 139.74386,
        "time" : "20160325T152545+0900"
      }, {
        "lat" : 35.647967,
        "lon" : 139.74418,
        "time" : "20160325T152603+0900"
      }, {
        "lat" : 35.64805,
        "lon" : 139.74449,
        "time" : "20160325T152630+0900"
      }, {
        "lat" : 35.648087,
        "lon" : 139.74471,
        "time" : "20160325T152659+0900"
      }, {
        "lat" : 35.647987,
        "lon" : 139.74476,
        "time" : "20160325T152720+0900"
      }, {
        "lat" : 35.647903,
        "lon" : 139.74501,
        "time" : "20160325T152745+0900"
      }, {
        "lat" : 35.647866,
        "lon" : 139.74548,
        "time" : "20160325T152812+0900"
      }, {
        "lat" : 35.647834,
        "lon" : 139.74587,
        "time" : "20160325T152835+0900"
      }, {
        "lat" : 35.647776,
        "lon" : 139.74617,
        "time" : "20160325T152858+0900"
      }, {
        "lat" : 35.64769,
        "lon" : 139.74647,
        "time" : "20160325T152920+0900"
      }, {
        "lat" : 35.647598,
        "lon" : 139.74667,
        "time" : "20160325T152943+0900"
      }, {
        "lat" : 35.647377,
        "lon" : 139.7469,
        "time" : "20160325T153009+0900"
      }, {
        "lat" : 35.646333,
        "lon" : 139.74737,
        "time" : "20160325T153035+0900"
      } ]
    } ],
    "lastUpdate" : "20160325T074259Z"
  }, {
    "type" : "place",
    "startTime" : "20160325T153035+0900",
    "endTime" : "20160325T154025+0900",
    "place" : {
      "id" : 256228292,
      "type" : "unknown",
      "location" : {
        "lat" : 35.646333,
        "lon" : 139.74737
      }
    },
    "activities" : [ {
      "activity" : "walking",
      "group" : "walking",
      "manual" : false,
      "startTime" : "20160325T153035+0900",
      "endTime" : "20160325T153436+0900",
      "duration" : 241.0,
      "distance" : 280.0,
      "steps" : 373,
      "calories" : 16,
      "trackPoints" : [ ]
    } ],
    "lastUpdate" : "20160325T074259Z"
  }, {
    "type" : "move",
    "startTime" : "20160325T154025+0900",
    "endTime" : "20160325T162412+0900",
    "activities" : [ {
      "activity" : "walking",
      "group" : "walking",
      "manual" : false,
      "startTime" : "20160325T154025+0900",
      "endTime" : "20160325T162412+0900",
      "duration" : 2627.0,
      "distance" : 3132.0,
      "steps" : 4303,
      "calories" : 174,
      "trackPoints" : [ {
        "lat" : 35.646333,
        "lon" : 139.74737,
        "time" : "20160325T154025+0900"
      }, {
        "lat" : 35.647425,
        "lon" : 139.74695,
        "time" : "20160325T154043+0900"
      }, {
        "lat" : 35.647625,
        "lon" : 139.74677,
        "time" : "20160325T154100+0900"
      }, {
        "lat" : 35.647887,
        "lon" : 139.74663,
        "time" : "20160325T154123+0900"
      }, {
        "lat" : 35.648208,
        "lon" : 139.74663,
        "time" : "20160325T154149+0900"
      }, {
        "lat" : 35.648441,
        "lon" : 139.7466,
        "time" : "20160325T154209+0900"
      }, {
        "lat" : 35.648752,
        "lon" : 139.74614,
        "time" : "20160325T154304+0900"
      }, {
        "lat" : 35.648784,
        "lon" : 139.74587,
        "time" : "20160325T154329+0900"
      }, {
        "lat" : 35.64879,
        "lon" : 139.74559,
        "time" : "20160325T154349+0900"
      }, {
        "lat" : 35.648937,
        "lon" : 139.74527,
        "time" : "20160325T154412+0900"
      }, {
        "lat" : 35.648876,
        "lon" : 139.74498,
        "time" : "20160325T154434+0900"
      }, {
        "lat" : 35.649129,
        "lon" : 139.74481,
        "time" : "20160325T154457+0900"
      }, {
        "lat" : 35.649705,
        "lon" : 139.74482,
        "time" : "20160325T154535+0900"
      }, {
        "lat" : 35.650018,
        "lon" : 139.74487,
        "time" : "20160325T154556+0900"
      }, {
        "lat" : 35.650144,
        "lon" : 139.74487,
        "time" : "20160325T154611+0900"
      }, {
        "lat" : 35.650379,
        "lon" : 139.74492,
        "time" : "20160325T154643+0900"
      }, {
        "lat" : 35.650518,
        "lon" : 139.74492,
        "time" : "20160325T154659+0900"
      }, {
        "lat" : 35.65087,
        "lon" : 139.745,
        "time" : "20160325T154729+0900"
      }, {
        "lat" : 35.651125,
        "lon" : 139.74512,
        "time" : "20160325T154749+0900"
      }, {
        "lat" : 35.65142,
        "lon" : 139.74502,
        "time" : "20160325T154814+0900"
      }, {
        "lat" : 35.651777,
        "lon" : 139.74493,
        "time" : "20160325T154841+0900"
      }, {
        "lat" : 35.652163,
        "lon" : 139.74488,
        "time" : "20160325T154906+0900"
      }, {
        "lat" : 35.652635,
        "lon" : 139.74472,
        "time" : "20160325T154932+0900"
      }, {
        "lat" : 35.652697,
        "lon" : 139.74487,
        "time" : "20160325T154948+0900"
      }, {
        "lat" : 35.652835,
        "lon" : 139.74497,
        "time" : "20160325T155005+0900"
      }, {
        "lat" : 35.653041,
        "lon" : 139.74501,
        "time" : "20160325T155028+0900"
      }, {
        "lat" : 35.653361,
        "lon" : 139.74505,
        "time" : "20160325T155054+0900"
      }, {
        "lat" : 35.653633,
        "lon" : 139.74508,
        "time" : "20160325T155114+0900"
      }, {
        "lat" : 35.65381,
        "lon" : 139.74514,
        "time" : "20160325T155131+0900"
      }, {
        "lat" : 35.654132,
        "lon" : 139.74524,
        "time" : "20160325T155158+0900"
      }, {
        "lat" : 35.654516,
        "lon" : 139.74526,
        "time" : "20160325T155226+0900"
      }, {
        "lat" : 35.654734,
        "lon" : 139.74536,
        "time" : "20160325T155253+0900"
      }, {
        "lat" : 35.65474,
        "lon" : 139.74551,
        "time" : "20160325T155309+0900"
      }, {
        "lat" : 35.654926,
        "lon" : 139.74529,
        "time" : "20160325T155342+0900"
      }, {
        "lat" : 35.655089,
        "lon" : 139.74543,
        "time" : "20160325T155411+0900"
      }, {
        "lat" : 35.655273,
        "lon" : 139.74541,
        "time" : "20160325T155434+0900"
      }, {
        "lat" : 35.655256,
        "lon" : 139.7453,
        "time" : "20160325T155450+0900"
      }, {
        "lat" : 35.655384,
        "lon" : 139.74519,
        "time" : "20160325T155507+0900"
      }, {
        "lat" : 35.655501,
        "lon" : 139.74512,
        "time" : "20160325T155525+0900"
      }, {
        "lat" : 35.655706,
        "lon" : 139.74502,
        "time" : "20160325T155548+0900"
      }, {
        "lat" : 35.655942,
        "lon" : 139.7449,
        "time" : "20160325T155610+0900"
      }, {
        "lat" : 35.656281,
        "lon" : 139.74475,
        "time" : "20160325T155635+0900"
      }, {
        "lat" : 35.65655,
        "lon" : 139.74456,
        "time" : "20160325T155711+0900"
      }, {
        "lat" : 35.657097,
        "lon" : 139.74433,
        "time" : "20160325T155740+0900"
      }, {
        "lat" : 35.657353,
        "lon" : 139.7441,
        "time" : "20160325T155801+0900"
      }, {
        "lat" : 35.657486,
        "lon" : 139.74403,
        "time" : "20160325T155819+0900"
      }, {
        "lat" : 35.65762,
        "lon" : 139.74397,
        "time" : "20160325T155834+0900"
      }, {
        "lat" : 35.657796,
        "lon" : 139.74404,
        "time" : "20160325T155857+0900"
      }, {
        "lat" : 35.657927,
        "lon" : 139.74419,
        "time" : "20160325T155920+0900"
      }, {
        "lat" : 35.658028,
        "lon" : 139.74444,
        "time" : "20160325T155939+0900"
      }, {
        "lat" : 35.658086,
        "lon" : 139.74457,
        "time" : "20160325T155959+0900"
      }, {
        "lat" : 35.658086,
        "lon" : 139.74457,
        "time" : "20160325T160000+0900"
      }, {
        "lat" : 35.658127,
        "lon" : 139.74466,
        "time" : "20160325T160014+0900"
      }, {
        "lat" : 35.658203,
        "lon" : 139.74493,
        "time" : "20160325T160036+0900"
      }, {
        "lat" : 35.65832,
        "lon" : 139.74519,
        "time" : "20160325T160053+0900"
      }, {
        "lat" : 35.658299,
        "lon" : 139.7454,
        "time" : "20160325T160118+0900"
      }, {
        "lat" : 35.658378,
        "lon" : 139.74554,
        "time" : "20160325T160148+0900"
      }, {
        "lat" : 35.658717,
        "lon" : 139.74567,
        "time" : "20160325T160222+0900"
      }, {
        "lat" : 35.658773,
        "lon" : 139.7457,
        "time" : "20160325T160237+0900"
      }, {
        "lat" : 35.658718,
        "lon" : 139.74566,
        "time" : "20160325T160258+0900"
      }, {
        "lat" : 35.658546,
        "lon" : 139.74561,
        "time" : "20160325T160321+0900"
      }, {
        "lat" : 35.658342,
        "lon" : 139.74557,
        "time" : "20160325T160343+0900"
      }, {
        "lat" : 35.658174,
        "lon" : 139.74557,
        "time" : "20160325T160403+0900"
      }, {
        "lat" : 35.65808,
        "lon" : 139.74561,
        "time" : "20160325T160418+0900"
      }, {
        "lat" : 35.657938,
        "lon" : 139.74562,
        "time" : "20160325T160437+0900"
      }, {
        "lat" : 35.657806,
        "lon" : 139.74569,
        "time" : "20160325T160457+0900"
      }, {
        "lat" : 35.657492,
        "lon" : 139.74568,
        "time" : "20160325T160519+0900"
      }, {
        "lat" : 35.657278,
        "lon" : 139.74566,
        "time" : "20160325T160540+0900"
      }, {
        "lat" : 35.656953,
        "lon" : 139.74581,
        "time" : "20160325T160616+0900"
      }, {
        "lat" : 35.656567,
        "lon" : 139.74597,
        "time" : "20160325T160638+0900"
      }, {
        "lat" : 35.656435,
        "lon" : 139.74595,
        "time" : "20160325T160658+0900"
      }, {
        "lat" : 35.656666,
        "lon" : 139.74595,
        "time" : "20160325T160715+0900"
      }, {
        "lat" : 35.656623,
        "lon" : 139.74589,
        "time" : "20160325T160731+0900"
      }, {
        "lat" : 35.656297,
        "lon" : 139.74582,
        "time" : "20160325T160755+0900"
      }, {
        "lat" : 35.655888,
        "lon" : 139.74565,
        "time" : "20160325T160823+0900"
      }, {
        "lat" : 35.655503,
        "lon" : 139.74546,
        "time" : "20160325T160843+0900"
      }, {
        "lat" : 35.655257,
        "lon" : 139.74538,
        "time" : "20160325T160900+0900"
      }, {
        "lat" : 35.655086,
        "lon" : 139.74532,
        "time" : "20160325T160919+0900"
      }, {
        "lat" : 35.655103,
        "lon" : 139.7453,
        "time" : "20160325T160938+0900"
      }, {
        "lat" : 35.655211,
        "lon" : 139.74522,
        "time" : "20160325T161039+0900"
      }, {
        "lat" : 35.655091,
        "lon" : 139.7452,
        "time" : "20160325T161055+0900"
      }, {
        "lat" : 35.654958,
        "lon" : 139.7452,
        "time" : "20160325T161114+0900"
      }, {
        "lat" : 35.654854,
        "lon" : 139.74519,
        "time" : "20160325T161139+0900"
      }, {
        "lat" : 35.654711,
        "lon" : 139.74515,
        "time" : "20160325T161155+0900"
      }, {
        "lat" : 35.654398,
        "lon" : 139.74506,
        "time" : "20160325T161225+0900"
      }, {
        "lat" : 35.654291,
        "lon" : 139.74499,
        "time" : "20160325T161245+0900"
      }, {
        "lat" : 35.65425,
        "lon" : 139.7449,
        "time" : "20160325T161303+0900"
      }, {
        "lat" : 35.653916,
        "lon" : 139.74496,
        "time" : "20160325T161325+0900"
      }, {
        "lat" : 35.653645,
        "lon" : 139.74502,
        "time" : "20160325T161343+0900"
      }, {
        "lat" : 35.653453,
        "lon" : 139.74504,
        "time" : "20160325T161359+0900"
      }, {
        "lat" : 35.653266,
        "lon" : 139.74502,
        "time" : "20160325T161418+0900"
      }, {
        "lat" : 35.653045,
        "lon" : 139.74497,
        "time" : "20160325T161436+0900"
      }, {
        "lat" : 35.652714,
        "lon" : 139.74496,
        "time" : "20160325T161503+0900"
      }, {
        "lat" : 35.652541,
        "lon" : 139.74493,
        "time" : "20160325T161519+0900"
      }, {
        "lat" : 35.652212,
        "lon" : 139.74492,
        "time" : "20160325T161652+0900"
      }, {
        "lat" : 35.652008,
        "lon" : 139.74492,
        "time" : "20160325T161708+0900"
      }, {
        "lat" : 35.651781,
        "lon" : 139.74497,
        "time" : "20160325T161726+0900"
      }, {
        "lat" : 35.651439,
        "lon" : 139.7449,
        "time" : "20160325T161756+0900"
      }, {
        "lat" : 35.651085,
        "lon" : 139.74485,
        "time" : "20160325T161821+0900"
      }, {
        "lat" : 35.650774,
        "lon" : 139.74492,
        "time" : "20160325T161843+0900"
      }, {
        "lat" : 35.650564,
        "lon" : 139.74492,
        "time" : "20160325T161901+0900"
      }, {
        "lat" : 35.650179,
        "lon" : 139.74484,
        "time" : "20160325T161938+0900"
      }, {
        "lat" : 35.649742,
        "lon" : 139.74472,
        "time" : "20160325T162001+0900"
      }, {
        "lat" : 35.649528,
        "lon" : 139.74474,
        "time" : "20160325T162023+0900"
      }, {
        "lat" : 35.649332,
        "lon" : 139.74474,
        "time" : "20160325T162042+0900"
      }, {
        "lat" : 35.649067,
        "lon" : 139.7447,
        "time" : "20160325T162102+0900"
      }, {
        "lat" : 35.648758,
        "lon" : 139.74463,
        "time" : "20160325T162125+0900"
      }, {
        "lat" : 35.648285,
        "lon" : 139.74452,
        "time" : "20160325T162151+0900"
      }, {
        "lat" : 35.648082,
        "lon" : 139.74447,
        "time" : "20160325T162214+0900"
      }, {
        "lat" : 35.648009,
        "lon" : 139.74446,
        "time" : "20160325T162248+0900"
      }, {
        "lat" : 35.647961,
        "lon" : 139.74448,
        "time" : "20160325T162311+0900"
      }, {
        "lat" : 35.647871,
        "lon" : 139.74455,
        "time" : "20160325T162327+0900"
      }, {
        "lat" : 35.647728,
        "lon" : 139.74456,
        "time" : "20160325T162344+0900"
      }, {
        "lat" : 35.647678,
        "lon" : 139.74444,
        "time" : "20160325T162412+0900"
      } ]
    } ],
    "lastUpdate" : "20160325T074259Z"
  }, {
    "type" : "place",
    "startTime" : "20160325T162412+0900",
    "endTime" : "20160325T171449+0900",
    "place" : {
      "id" : 256228293,
      "type" : "unknown",
      "location" : {
        "lat" : 35.647678,
        "lon" : 139.74444
      }
    },
    "activities" : [ {
      "activity" : "walking",
      "group" : "walking",
      "manual" : false,
      "startTime" : "20160325T162449+0900",
      "endTime" : "20160325T162608+0900",
      "duration" : 79.0,
      "distance" : 53.0,
      "steps" : 106,
      "calories" : 3,
      "trackPoints" : [ ]
    }, {
      "activity" : "walking",
      "group" : "walking",
      "manual" : false,
      "startTime" : "20160325T171257+0900",
      "endTime" : "20160325T171323+0900",
      "duration" : 26.0,
      "distance" : 17.0,
      "steps" : 35,
      "calories" : 1,
      "trackPoints" : [ ]
    } ],
    "lastUpdate" : "20160325T091754Z"
  }, {
    "type" : "move",
    "startTime" : "20160325T171449+0900",
    "endTime" : "20160325T175543+0900",
    "activities" : [ {
      "activity" : "walking",
      "group" : "walking",
      "manual" : false,
      "startTime" : "20160325T171449+0900",
      "endTime" : "20160325T172629+0900",
      "duration" : 700.0,
      "distance" : 550.0,
      "steps" : 1068,
      "calories" : 31,
      "trackPoints" : [ {
        "lat" : 35.647678,
        "lon" : 139.74444,
        "time" : "20160325T171449+0900"
      }, {
        "lat" : 35.647586,
        "lon" : 139.74444,
        "time" : "20160325T171513+0900"
      }, {
        "lat" : 35.647599,
        "lon" : 139.74444,
        "time" : "20160325T171536+0900"
      }, {
        "lat" : 35.647469,
        "lon" : 139.74449,
        "time" : "20160325T171624+0900"
      }, {
        "lat" : 35.64731,
        "lon" : 139.74464,
        "time" : "20160325T171643+0900"
      }, {
        "lat" : 35.64721,
        "lon" : 139.74528,
        "time" : "20160325T171715+0900"
      }, {
        "lat" : 35.647232,
        "lon" : 139.74562,
        "time" : "20160325T171737+0900"
      }, {
        "lat" : 35.647413,
        "lon" : 139.74589,
        "time" : "20160325T171755+0900"
      }, {
        "lat" : 35.647381,
        "lon" : 139.74613,
        "time" : "20160325T171817+0900"
      }, {
        "lat" : 35.647367,
        "lon" : 139.74637,
        "time" : "20160325T171840+0900"
      }, {
        "lat" : 35.647373,
        "lon" : 139.74661,
        "time" : "20160325T171856+0900"
      }, {
        "lat" : 35.647385,
        "lon" : 139.74688,
        "time" : "20160325T171911+0900"
      }, {
        "lat" : 35.647337,
        "lon" : 139.74712,
        "time" : "20160325T171927+0900"
      }, {
        "lat" : 35.647343,
        "lon" : 139.74723,
        "time" : "20160325T171944+0900"
      }, {
        "lat" : 35.647026,
        "lon" : 139.74722,
        "time" : "20160325T172004+0900"
      }, {
        "lat" : 35.646807,
        "lon" : 139.74708,
        "time" : "20160325T172028+0900"
      }, {
        "lat" : 35.646762,
        "lon" : 139.7471,
        "time" : "20160325T172045+0900"
      }, {
        "lat" : 35.646727,
        "lon" : 139.74714,
        "time" : "20160325T172102+0900"
      }, {
        "lat" : 35.646647,
        "lon" : 139.74713,
        "time" : "20160325T172129+0900"
      }, {
        "lat" : 35.64663,
        "lon" : 139.74713,
        "time" : "20160325T172147+0900"
      }, {
        "lat" : 35.646678,
        "lon" : 139.74716,
        "time" : "20160325T172256+0900"
      }, {
        "lat" : 35.646775,
        "lon" : 139.74721,
        "time" : "20160325T172330+0900"
      }, {
        "lat" : 35.64685,
        "lon" : 139.74724,
        "time" : "20160325T172346+0900"
      }, {
        "lat" : 35.647843,
        "lon" : 139.7476,
        "time" : "20160325T172630+0900"
      } ]
    }, {
      "activity" : "transport",
      "group" : "transport",
      "manual" : false,
      "startTime" : "20160325T172630+0900",
      "endTime" : "20160325T173600+0900",
      "duration" : 570.0,
      "distance" : 3790.0,
      "trackPoints" : [ {
        "lat" : 35.647843,
        "lon" : 139.7476,
        "time" : "20160325T172630+0900"
      }, {
        "lat" : 35.659462,
        "lon" : 139.75175,
        "time" : "20160325T173049+0900"
      }, {
        "lat" : 35.670582,
        "lon" : 139.7557,
        "time" : "20160325T173342+0900"
      }, {
        "lat" : 35.675357,
        "lon" : 139.76012,
        "time" : "20160325T173601+0900"
      } ]
    }, {
      "activity" : "walking",
      "group" : "walking",
      "manual" : false,
      "startTime" : "20160325T173601+0900",
      "endTime" : "20160325T173901+0900",
      "duration" : 180.0,
      "distance" : 189.0,
      "steps" : 331,
      "calories" : 11,
      "trackPoints" : [ {
        "lat" : 35.675357,
        "lon" : 139.76012,
        "time" : "20160325T173601+0900"
      }, {
        "lat" : 35.67545,
        "lon" : 139.7602,
        "time" : "20160325T173621+0900"
      }, {
        "lat" : 35.675418,
        "lon" : 139.75947,
        "time" : "20160325T173653+0900"
      }, {
        "lat" : 35.676064,
        "lon" : 139.75896,
        "time" : "20160325T173901+0900"
      } ]
    }, {
      "activity" : "transport",
      "group" : "transport",
      "manual" : false,
      "startTime" : "20160325T173901+0900",
      "endTime" : "20160325T175542+0900",
      "duration" : 1001.0,
      "distance" : 6117.0,
      "trackPoints" : [ {
        "lat" : 35.676064,
        "lon" : 139.75896,
        "time" : "20160325T173901+0900"
      }, {
        "lat" : 35.716781,
        "lon" : 139.72804,
        "time" : "20160325T175543+0900"
      } ]
    } ],
    "lastUpdate" : "20160325T091754Z"
  }, {
    "type" : "place",
    "startTime" : "20160325T175543+0900",
    "endTime" : "20160326T113221+0900",
    "place" : {
      "id" : 98345442,
      "type" : "unknown",
      "location" : {
        "lat" : 35.7168392789,
        "lon" : 139.7283806079
      }
    },
    "activities" : [ {
      "activity" : "walking",
      "group" : "walking",
      "manual" : false,
      "startTime" : "20160325T175549+0900",
      "endTime" : "20160325T175929+0900",
      "duration" : 220.0,
      "distance" : 321.0,
      "steps" : 428,
      "calories" : 18,
      "trackPoints" : [ ]
    }, {
      "activity" : "walking",
      "group" : "walking",
      "manual" : false,
      "startTime" : "20160325T180000+0900",
      "endTime" : "20160325T180053+0900",
      "duration" : 53.0,
      "distance" : 35.0,
      "steps" : 70,
      "calories" : 2,
      "trackPoints" : [ ]
    } ],
    "lastUpdate" : "20160326T040812Z"
  } ],
  "caloriesIdle" : 1601,
  "lastUpdate" : "20160326T040812Z"
} ]