[ {
  "date" : "20151016",
  "summary" : [ {
    "activity" : "cycling",
    "group" : "cycling",
    "duration" : 866.0,
    "distance" : 3701.0,
    "calories" : 98
  }, {
    "activity" : "walking",
    "group" : "walking",
    "duration" : 1393.0,
    "distance" : 1220.0,
    "steps" : 1792,
    "calories" : 72
  } ],
  "segments" : [ {
    "type" : "place",
    "startTime" : "20151015T165042+0900",
    "endTime" : "20151016T083025+0900",
    "place" : {
      "id" : 152143834,
      "type" : "unknown",
      "location" : {
        "lat" : 43.0846321394,
        "lon" : 141.3451669726
      }
    },
    "lastUpdate" : "20151016T022819Z"
  }, {
    "type" : "move",
    "startTime" : "20151016T083025+0900",
    "endTime" : "20151016T083504+0900",
    "activities" : [ {
      "activity" : "cycling",
      "group" : "cycling",
      "manual" : false,
      "startTime" : "20151016T083025+0900",
      "endTime" : "20151016T083504+0900",
      "duration" : 279.0,
      "distance" : 874.0,
      "calories" : 24,
      "trackPoints" : [ {
        "lat" : 43.0846321394,
        "lon" : 141.3451669726,
        "time" : "20151016T083025+0900"
      }, {
        "lat" : 43.0843396973,
        "lon" : 141.3445984436,
        "time" : "20151016T083055+0900"
      }, {
        "lat" : 43.0838376398,
        "lon" : 141.3446108121,
        "time" : "20151016T083114+0900"
      }, {
        "lat" : 43.0831720095,
        "lon" : 141.3447808965,
        "time" : "20151016T083132+0900"
      }, {
        "lat" : 43.0823372254,
        "lon" : 141.3449196206,
        "time" : "20151016T083151+0900"
      }, {
        "lat" : 43.0818619498,
        "lon" : 141.3450382867,
        "time" : "20151016T083207+0900"
      }, {
        "lat" : 43.0815421737,
        "lon" : 141.3448029862,
        "time" : "20151016T083226+0900"
      }, {
        "lat" : 43.0811792087,
        "lon" : 141.3432013709,
        "time" : "20151016T083257+0900"
      }, {
        "lat" : 43.0811351019,
        "lon" : 141.3429287752,
        "time" : "20151016T083315+0900"
      }, {
        "lat" : 43.0811786898,
        "lon" : 141.3427322787,
        "time" : "20151016T083332+0900"
      }, {
        "lat" : 43.081022396,
        "lon" : 141.34212894,
        "time" : "20151016T083408+0900"
      }, {
        "lat" : 43.080726158,
        "lon" : 141.3413471107,
        "time" : "20151016T083429+0900"
      }, {
        "lat" : 43.0796979698,
        "lon" : 141.3406387331,
        "time" : "20151016T083449+0900"
      }, {
        "lat" : 43.0794932905,
        "lon" : 141.3403872229,
        "time" : "20151016T083504+0900"
      } ]
    } ],
    "lastUpdate" : "20151016T022819Z"
  }, {
    "type" : "place",
    "startTime" : "20151016T083504+0900",
    "endTime" : "20151016T115532+0900",
    "place" : {
      "id" : 141367537,
      "type" : "unknown",
      "location" : {
        "lat" : 43.0794932905,
        "lon" : 141.3403872229
      }
    },
    "activities" : [ {
      "activity" : "walking",
      "group" : "walking",
      "manual" : false,
      "startTime" : "20151016T083504+0900",
      "endTime" : "20151016T083734+0900",
      "duration" : 150.0,
      "distance" : 130.0,
      "steps" : 174,
      "calories" : 8,
      "trackPoints" : [ ]
    }, {
      "activity" : "walking",
      "group" : "walking",
      "manual" : false,
      "startTime" : "20151016T101131+0900",
      "endTime" : "20151016T101331+0900",
      "duration" : 120.0,
      "distance" : 122.0,
      "steps" : 163,
      "calories" : 7,
      "trackPoints" : [ ]
    } ],
    "lastUpdate" : "20151016T053207Z"
  }, {
    "type" : "move",
    "startTime" : "20151016T115532+0900",
    "endTime" : "20151016T120020+0900",
    "activities" : [ {
      "activity" : "walking",
      "group" : "walking",
      "manual" : false,
      "startTime" : "20151016T115532+0900",
      "endTime" : "20151016T120021+0900",
      "duration" : 289.0,
      "distance" : 273.0,
      "steps" : 458,
      "calories" : 16,
      "trackPoints" : [ {
        "lat" : 43.0794932905,
        "lon" : 141.3403872229,
        "time" : "20151016T115532+0900"
      }, {
        "lat" : 43.0797910498,
        "lon" : 141.3401688999,
        "time" : "20151016T115557+0900"
      }, {
        "lat" : 43.0798024456,
        "lon" : 141.34028765,
        "time" : "20151016T115616+0900"
      }, {
        "lat" : 43.0797297776,
        "lon" : 141.3404254734,
        "time" : "20151016T115635+0900"
      }, {
        "lat" : 43.0795256231,
        "lon" : 141.3405511988,
        "time" : "20151016T115700+0900"
      }, {
        "lat" : 43.0792960892,
        "lon" : 141.3406289746,
        "time" : "20151016T115725+0900"
      }, {
        "lat" : 43.0790390014,
        "lon" : 141.3407785541,
        "time" : "20151016T115744+0900"
      }, {
        "lat" : 43.0788476731,
        "lon" : 141.3407364162,
        "time" : "20151016T115809+0900"
      }, {
        "lat" : 43.0786538313,
        "lon" : 141.3403372446,
        "time" : "20151016T115839+0900"
      }, {
        "lat" : 43.078571953,
        "lon" : 141.3401493776,
        "time" : "20151016T115915+0900"
      }, {
        "lat" : 43.078732705,
        "lon" : 141.3398961733,
        "time" : "20151016T115959+0900"
      }, {
        "lat" : 43.0787327413,
        "lon" : 141.3398961163,
        "time" : "20151016T120000+0900"
      }, {
        "lat" : 43.078808745,
        "lon" : 141.339776401,
        "time" : "20151016T120020+0900"
      } ]
    } ],
    "lastUpdate" : "20151016T053207Z"
  }, {
    "type" : "place",
    "startTime" : "20151016T120021+0900",
    "endTime" : "20151016T143348+0900",
    "place" : {
      "id" : 173111003,
      "type" : "unknown",
      "location" : {
        "lat" : 43.078808745,
        "lon" : 141.339776401
      }
    },
    "activities" : [ {
      "activity" : "walking",
      "group" : "walking",
      "manual" : false,
      "startTime" : "20151016T122348+0900",
      "endTime" : "20151016T123319+0900",
      "duration" : 571.0,
      "distance" : 459.0,
      "steps" : 612,
      "calories" : 27,
      "trackPoints" : [ ]
    }, {
      "activity" : "walking",
      "group" : "walking",
      "manual" : false,
      "startTime" : "20151016T143034+0900",
      "endTime" : "20151016T143235+0900",
      "duration" : 121.0,
      "distance" : 131.0,
      "steps" : 175,
      "calories" : 8,
      "trackPoints" : [ ]
    } ],
    "lastUpdate" : "20151016T073331Z"
  }, {
    "type" : "move",
    "startTime" : "20151016T150248+0900",
    "endTime" : "20151016T150611+0900",
    "activities" : [ {
      "activity" : "cycling",
      "group" : "cycling",
      "manual" : false,
      "startTime" : "20151016T150248+0900",
      "endTime" : "20151016T150611+0900",
      "duration" : 203.0,
      "distance" : 1094.0,
      "calories" : 29,
      "trackPoints" : [ {
        "lat" : 43.0785958886,
        "lon" : 141.3410675752,
        "time" : "20151016T150248+0900"
      }, {
        "lat" : 43.0777494173,
        "lon" : 141.3412639152,
        "time" : "20151016T150306+0900"
      }, {
        "lat" : 43.0758475849,
        "lon" : 141.3414990795,
        "time" : "20151016T150340+0900"
      }, {
        "lat" : 43.0753707303,
        "lon" : 141.3416539507,
        "time" : "20151016T150359+0900"
      }, {
        "lat" : 43.0753411694,
        "lon" : 141.3416804583,
        "time" : "20151016T150415+0900"
      }, {
        "lat" : 43.0734727772,
        "lon" : 141.3420558325,
        "time" : "20151016T150448+0900"
      }, {
        "lat" : 43.0715598487,
        "lon" : 141.3429435651,
        "time" : "20151016T150525+0900"
      }, {
        "lat" : 43.0706980209,
        "lon" : 141.3434485982,
        "time" : "20151016T150552+0900"
      }, {
        "lat" : 43.0702059442,
        "lon" : 141.3439393513,
        "time" : "20151016T150611+0900"
      } ]
    } ],
    "lastUpdate" : "20151016T073331Z"
  }, {
    "type" : "place",
    "startTime" : "20151016T150611+0900",
    "endTime" : "20151016T150838+0900",
    "place" : {
      "id" : 149223136,
      "type" : "unknown",
      "location" : {
        "lat" : 43.0702059442,
        "lon" : 141.3439393513
      }
    },
    "activities" : [ {
      "activity" : "walking",
      "group" : "walking",
      "manual" : false,
      "startTime" : "20151016T150758+0900",
      "endTime" : "20151016T150828+0900",
      "duration" : 30.0,
      "distance" : 25.0,
      "steps" : 51,
      "calories" : 1,
      "trackPoints" : [ ]
    } ],
    "lastUpdate" : "20151016T073331Z"
  }, {
    "type" : "move",
    "startTime" : "20151016T150838+0900",
    "endTime" : "20151016T151502+0900",
    "activities" : [ {
      "activity" : "cycling",
      "group" : "cycling",
      "manual" : false,
      "startTime" : "20151016T150838+0900",
      "endTime" : "20151016T151502+0900",
      "duration" : 384.0,
      "distance" : 1733.0,
      "calories" : 46,
      "trackPoints" : [ {
        "lat" : 43.0702059442,
        "lon" : 141.3439393513,
        "time" : "20151016T150838+0900"
      }, {
        "lat" : 43.0715255348,
        "lon" : 141.343113577,
        "time" : "20151016T150946+0900"
      }, {
        "lat" : 43.0724681296,
        "lon" : 141.3428514234,
        "time" : "20151016T151004+0900"
      }, {
        "lat" : 43.0739634264,
        "lon" : 141.3425215112,
        "time" : "20151016T151029+0900"
      }, {
        "lat" : 43.0752422443,
        "lon" : 141.3422869887,
        "time" : "20151016T151055+0900"
      }, {
        "lat" : 43.0761472262,
        "lon" : 141.3419106654,
        "time" : "20151016T151113+0900"
      }, {
        "lat" : 43.0768841867,
        "lon" : 141.3416844732,
        "time" : "20151016T151131+0900"
      }, {
        "lat" : 43.07789706,
        "lon" : 141.3413515221,
        "time" : "20151016T151154+0900"
      }, {
        "lat" : 43.0796265943,
        "lon" : 141.340909719,
        "time" : "20151016T151231+0900"
      }, {
        "lat" : 43.0808110745,
        "lon" : 141.341440776,
        "time" : "20151016T151307+0900"
      }, {
        "lat" : 43.0810714163,
        "lon" : 141.3419189969,
        "time" : "20151016T151338+0900"
      }, {
        "lat" : 43.0811555346,
        "lon" : 141.3434156467,
        "time" : "20151016T151405+0900"
      }, {
        "lat" : 43.0813140456,
        "lon" : 141.3444805876,
        "time" : "20151016T151422+0900"
      }, {
        "lat" : 43.0814772467,
        "lon" : 141.3451050493,
        "time" : "20151016T151439+0900"
      }, {
        "lat" : 43.0819789503,
        "lon" : 141.3451437419,
        "time" : "20151016T151502+0900"
      } ]
    } ],
    "lastUpdate" : "20151016T073331Z"
  }, {
    "type" : "place",
    "startTime" : "20151016T151502+0900",
    "endTime" : "20151016T152549+0900",
    "place" : {
      "id" : 146950414,
      "type" : "unknown",
      "location" : {
        "lat" : 43.0819789503,
        "lon" : 141.3451437419
      }
    },
    "activities" : [ {
      "activity" : "walking",
      "group" : "walking",
      "manual" : false,
      "startTime" : "20151016T152530+0900",
      "endTime" : "20151016T152552+0900",
      "duration" : 22.0,
      "distance" : 19.0,
      "steps" : 37,
      "calories" : 1,
      "trackPoints" : [ ]
    } ],
    "lastUpdate" : "20151016T073331Z"
  }, {
    "type" : "place",
    "startTime" : "20151016T152647+0900",
    "endTime" : "20151017T164406+0900",
    "place" : {
      "id" : 152143834,
      "type" : "unknown",
      "location" : {
        "lat" : 43.0846321394,
        "lon" : 141.3451669726
      }
    },
    "activities" : [ {
      "activity" : "walking",
      "group" : "walking",
      "manual" : false,
      "startTime" : "20151016T152830+0900",
      "endTime" : "20151016T153000+0900",
      "duration" : 90.0,
      "distance" : 61.0,
      "steps" : 122,
      "calories" : 4,
      "trackPoints" : [ ]
    } ],
    "lastUpdate" : "20151018T090140Z"
  } ],
  "caloriesIdle" : 1706,
  "lastUpdate" : "20151018T090140Z"
} ]