[ {
  "date" : "20150606",
  "summary" : [ {
    "activity" : "walking",
    "group" : "walking",
    "duration" : 60.0,
    "distance" : 30.0,
    "steps" : 50,
    "calories" : 2
  } ],
  "segments" : [ {
    "type" : "place",
    "startTime" : "20150605T210911+0900",
    "endTime" : "20150607T205420+0900",
    "place" : {
      "id" : 156039869,
      "type" : "unknown",
      "location" : {
        "lat" : 43.0822555033,
        "lon" : 141.3450571746
      }
    },
    "activities" : [ {
      "activity" : "walking",
      "group" : "walking",
      "manual" : false,
      "startTime" : "20150606T014511+0900",
      "endTime" : "20150606T014541+0900",
      "duration" : 30.0,
      "distance" : 15.0,
      "steps" : 30,
      "calories" : 1,
      "trackPoints" : [ ]
    }, {
      "activity" : "walking",
      "group" : "walking",
      "manual" : false,
      "startTime" : "20150606T235536+0900",
      "endTime" : "20150606T235606+0900",
      "duration" : 30.0,
      "distance" : 15.0,
      "steps" : 20,
      "calories" : 1,
      "trackPoints" : [ ]
    } ],
    "lastUpdate" : "20150607T134644Z"
  } ],
  "caloriesIdle" : 1706,
  "lastUpdate" : "20150607T134644Z"
} ]