[ {
  "date" : "20170608",
  "summary" : [ {
    "activity" : "walking",
    "group" : "walking",
    "duration" : 1183.0,
    "distance" : 1158.0,
    "steps" : 1608,
    "calories" : 64
  }, {
    "activity" : "cycling",
    "group" : "cycling",
    "duration" : 614.0,
    "distance" : 2816.0,
    "calories" : 70
  } ],
  "segments" : [ {
    "type" : "place",
    "startTime" : "20170607T170057+0900",
    "endTime" : "20170608T162703+0900",
    "place" : {
      "id" : 257240275,
      "type" : "unknown",
      "location" : {
        "lat" : 43.084886,
        "lon" : 141.3453
      }
    },
    "activities" : [ {
      "activity" : "walking",
      "group" : "walking",
      "manual" : false,
      "startTime" : "20170608T162532+0900",
      "endTime" : "20170608T163845+0900",
      "duration" : 793.0,
      "distance" : 793.0,
      "steps" : 1058,
      "calories" : 44,
      "trackPoints" : [ ]
    } ],
    "lastUpdate" : "20170608T080101Z"
  }, {
    "type" : "move",
    "startTime" : "20170608T162703+0900",
    "endTime" : "20170608T163238+0900",
    "activities" : [ {
      "activity" : "cycling",
      "group" : "cycling",
      "manual" : false,
      "startTime" : "20170608T162703+0900",
      "endTime" : "20170608T163238+0900",
      "duration" : 335.0,
      "distance" : 1422.0,
      "calories" : 35,
      "trackPoints" : [ {
        "lat" : 43.084886,
        "lon" : 141.3453,
        "time" : "20170608T162703+0900"
      }, {
        "lat" : 43.083551,
        "lon" : 141.34458,
        "time" : "20170608T162736+0900"
      }, {
        "lat" : 43.081855,
        "lon" : 141.3449,
        "time" : "20170608T162807+0900"
      }, {
        "lat" : 43.081496,
        "lon" : 141.34508,
        "time" : "20170608T162822+0900"
      }, {
        "lat" : 43.081388,
        "lon" : 141.34524,
        "time" : "20170608T162854+0900"
      }, {
        "lat" : 43.08135,
        "lon" : 141.34528,
        "time" : "20170608T162915+0900"
      }, {
        "lat" : 43.081367,
        "lon" : 141.34524,
        "time" : "20170608T162930+0900"
      }, {
        "lat" : 43.08141,
        "lon" : 141.34476,
        "time" : "20170608T162949+0900"
      }, {
        "lat" : 43.08106,
        "lon" : 141.34331,
        "time" : "20170608T163009+0900"
      }, {
        "lat" : 43.080787,
        "lon" : 141.34181,
        "time" : "20170608T163029+0900"
      }, {
        "lat" : 43.079174,
        "lon" : 141.34097,
        "time" : "20170608T163106+0900"
      }, {
        "lat" : 43.078531,
        "lon" : 141.34106,
        "time" : "20170608T163128+0900"
      }, {
        "lat" : 43.077691,
        "lon" : 141.34018,
        "time" : "20170608T163153+0900"
      }, {
        "lat" : 43.077154,
        "lon" : 141.33947,
        "time" : "20170608T163210+0900"
      }, {
        "lat" : 43.076409,
        "lon" : 141.33842,
        "time" : "20170608T163238+0900"
      } ]
    } ],
    "lastUpdate" : "20170608T080101Z"
  }, {
    "type" : "place",
    "startTime" : "20170608T163238+0900",
    "endTime" : "20170608T174850+0900",
    "place" : {
      "id" : 259914648,
      "type" : "unknown",
      "location" : {
        "lat" : 43.076409,
        "lon" : 141.33842
      }
    },
    "activities" : [ {
      "activity" : "walking",
      "group" : "walking",
      "manual" : false,
      "startTime" : "20170608T163238+0900",
      "endTime" : "20170608T163349+0900",
      "duration" : 71.0,
      "distance" : 59.0,
      "steps" : 118,
      "calories" : 3,
      "trackPoints" : [ ]
    }, {
      "activity" : "walking",
      "group" : "walking",
      "manual" : false,
      "startTime" : "20170608T174614+0900",
      "endTime" : "20170608T174828+0900",
      "duration" : 134.0,
      "distance" : 138.0,
      "steps" : 184,
      "calories" : 8,
      "trackPoints" : [ ]
    } ],
    "lastUpdate" : "20170608T093642Z"
  }, {
    "type" : "move",
    "startTime" : "20170608T174850+0900",
    "endTime" : "20170608T175329+0900",
    "activities" : [ {
      "activity" : "cycling",
      "group" : "cycling",
      "manual" : false,
      "startTime" : "20170608T174850+0900",
      "endTime" : "20170608T175329+0900",
      "duration" : 279.0,
      "distance" : 1394.0,
      "calories" : 34,
      "trackPoints" : [ {
        "lat" : 43.076409,
        "lon" : 141.33842,
        "time" : "20170608T174850+0900"
      }, {
        "lat" : 43.077066,
        "lon" : 141.33946,
        "time" : "20170608T174908+0900"
      }, {
        "lat" : 43.077736,
        "lon" : 141.33995,
        "time" : "20170608T174925+0900"
      }, {
        "lat" : 43.078298,
        "lon" : 141.34051,
        "time" : "20170608T174943+0900"
      }, {
        "lat" : 43.078953,
        "lon" : 141.34107,
        "time" : "20170608T175006+0900"
      }, {
        "lat" : 43.079832,
        "lon" : 141.34092,
        "time" : "20170608T175028+0900"
      }, {
        "lat" : 43.080917,
        "lon" : 141.34182,
        "time" : "20170608T175106+0900"
      }, {
        "lat" : 43.08121,
        "lon" : 141.34278,
        "time" : "20170608T175124+0900"
      }, {
        "lat" : 43.081403,
        "lon" : 141.34366,
        "time" : "20170608T175139+0900"
      }, {
        "lat" : 43.081639,
        "lon" : 141.34488,
        "time" : "20170608T175201+0900"
      }, {
        "lat" : 43.082335,
        "lon" : 141.34493,
        "time" : "20170608T175221+0900"
      }, {
        "lat" : 43.083949,
        "lon" : 141.34456,
        "time" : "20170608T175254+0900"
      }, {
        "lat" : 43.084513,
        "lon" : 141.3444,
        "time" : "20170608T175310+0900"
      }, {
        "lat" : 43.084886,
        "lon" : 141.3453,
        "time" : "20170608T175329+0900"
      } ]
    } ],
    "lastUpdate" : "20170608T093642Z"
  }, {
    "type" : "place",
    "startTime" : "20170608T175329+0900",
    "endTime" : "20170609T084116+0900",
    "place" : {
      "id" : 257240275,
      "type" : "unknown",
      "location" : {
        "lat" : 43.084886,
        "lon" : 141.3453
      }
    },
    "activities" : [ {
      "activity" : "walking",
      "group" : "walking",
      "manual" : false,
      "startTime" : "20170608T175412+0900",
      "endTime" : "20170608T175504+0900",
      "duration" : 52.0,
      "distance" : 35.0,
      "steps" : 70,
      "calories" : 2,
      "trackPoints" : [ ]
    }, {
      "activity" : "walking",
      "group" : "walking",
      "manual" : false,
      "startTime" : "20170608T180041+0900",
      "endTime" : "20170608T180254+0900",
      "duration" : 133.0,
      "distance" : 133.0,
      "steps" : 178,
      "calories" : 7,
      "trackPoints" : [ ]
    } ],
    "lastUpdate" : "20170609T011240Z"
  } ],
  "caloriesIdle" : 1596,
  "lastUpdate" : "20170609T011240Z"
} ]