[ {
  "date" : "20160606",
  "summary" : [ {
    "activity" : "walking",
    "group" : "walking",
    "duration" : 1886.0,
    "distance" : 2130.0,
    "steps" : 2904,
    "calories" : 118
  }, {
    "activity" : "cycling",
    "group" : "cycling",
    "duration" : 590.0,
    "distance" : 2150.0,
    "calories" : 54
  } ],
  "segments" : [ {
    "type" : "place",
    "startTime" : "20160605T160818+0900",
    "endTime" : "20160606T143614+0900",
    "place" : {
      "id" : 175299022,
      "type" : "unknown",
      "location" : {
        "lat" : 43.0812136632,
        "lon" : 141.3438026841
      }
    },
    "activities" : [ {
      "activity" : "walking",
      "group" : "walking",
      "manual" : false,
      "startTime" : "20160606T011101+0900",
      "endTime" : "20160606T011109+0900",
      "duration" : 8.0,
      "distance" : 5.0,
      "steps" : 11,
      "calories" : 0,
      "trackPoints" : [ ]
    }, {
      "activity" : "walking",
      "group" : "walking",
      "manual" : false,
      "startTime" : "20160606T143410+0900",
      "endTime" : "20160606T144715+0900",
      "duration" : 785.0,
      "distance" : 987.0,
      "steps" : 1316,
      "calories" : 55,
      "trackPoints" : [ ]
    } ],
    "lastUpdate" : "20160606T070820Z"
  }, {
    "type" : "move",
    "startTime" : "20160606T143614+0900",
    "endTime" : "20160606T144022+0900",
    "activities" : [ {
      "activity" : "cycling",
      "group" : "cycling",
      "manual" : false,
      "startTime" : "20160606T143614+0900",
      "endTime" : "20160606T144022+0900",
      "duration" : 248.0,
      "distance" : 731.0,
      "calories" : 19,
      "trackPoints" : [ {
        "lat" : 43.081214,
        "lon" : 141.3438,
        "time" : "20160606T143614+0900"
      }, {
        "lat" : 43.081176,
        "lon" : 141.34338,
        "time" : "20160606T143737+0900"
      }, {
        "lat" : 43.080664,
        "lon" : 141.34279,
        "time" : "20160606T143755+0900"
      }, {
        "lat" : 43.07671,
        "lon" : 141.33921,
        "time" : "20160606T144022+0900"
      } ]
    } ],
    "lastUpdate" : "20160606T070820Z"
  }, {
    "type" : "place",
    "startTime" : "20160606T144023+0900",
    "endTime" : "20160606T195358+0900",
    "place" : {
      "id" : 268906914,
      "type" : "unknown",
      "location" : {
        "lat" : 43.075967,
        "lon" : 141.3395
      }
    },
    "activities" : [ {
      "activity" : "walking",
      "group" : "walking",
      "manual" : false,
      "startTime" : "20160606T144031+0900",
      "endTime" : "20160606T144136+0900",
      "duration" : 65.0,
      "distance" : 56.0,
      "steps" : 113,
      "calories" : 3,
      "trackPoints" : [ ]
    }, {
      "activity" : "walking",
      "group" : "walking",
      "manual" : false,
      "startTime" : "20160606T161359+0900",
      "endTime" : "20160606T161750+0900",
      "duration" : 231.0,
      "distance" : 268.0,
      "steps" : 358,
      "calories" : 15,
      "trackPoints" : [ ]
    }, {
      "activity" : "walking",
      "group" : "walking",
      "manual" : false,
      "startTime" : "20160606T180552+0900",
      "endTime" : "20160606T181105+0900",
      "duration" : 313.0,
      "distance" : 323.0,
      "steps" : 431,
      "calories" : 18,
      "trackPoints" : [ ]
    }, {
      "activity" : "walking",
      "group" : "walking",
      "manual" : false,
      "startTime" : "20160606T194616+0900",
      "endTime" : "20160606T195337+0900",
      "duration" : 441.0,
      "distance" : 462.0,
      "steps" : 616,
      "calories" : 26,
      "trackPoints" : [ ]
    } ],
    "lastUpdate" : "20160606T115024Z"
  }, {
    "type" : "move",
    "startTime" : "20160606T195358+0900",
    "endTime" : "20160606T195941+0900",
    "activities" : [ {
      "activity" : "cycling",
      "group" : "cycling",
      "manual" : false,
      "startTime" : "20160606T195358+0900",
      "endTime" : "20160606T195940+0900",
      "duration" : 342.0,
      "distance" : 1419.0,
      "calories" : 36,
      "trackPoints" : [ {
        "lat" : 43.075967,
        "lon" : 141.3395,
        "time" : "20160606T195358+0900"
      }, {
        "lat" : 43.077151,
        "lon" : 141.33957,
        "time" : "20160606T195418+0900"
      }, {
        "lat" : 43.077765,
        "lon" : 141.34004,
        "time" : "20160606T195447+0900"
      }, {
        "lat" : 43.077853,
        "lon" : 141.34096,
        "time" : "20160606T195503+0900"
      }, {
        "lat" : 43.078709,
        "lon" : 141.34102,
        "time" : "20160606T195530+0900"
      }, {
        "lat" : 43.078989,
        "lon" : 141.34102,
        "time" : "20160606T195546+0900"
      }, {
        "lat" : 43.080806,
        "lon" : 141.34128,
        "time" : "20160606T195629+0900"
      }, {
        "lat" : 43.081027,
        "lon" : 141.3423,
        "time" : "20160606T195652+0900"
      }, {
        "lat" : 43.081123,
        "lon" : 141.34328,
        "time" : "20160606T195710+0900"
      }, {
        "lat" : 43.081372,
        "lon" : 141.34437,
        "time" : "20160606T195736+0900"
      }, {
        "lat" : 43.081686,
        "lon" : 141.34497,
        "time" : "20160606T195757+0900"
      }, {
        "lat" : 43.082426,
        "lon" : 141.34494,
        "time" : "20160606T195820+0900"
      }, {
        "lat" : 43.083434,
        "lon" : 141.34476,
        "time" : "20160606T195853+0900"
      }, {
        "lat" : 43.083732,
        "lon" : 141.34461,
        "time" : "20160606T195909+0900"
      }, {
        "lat" : 43.084632,
        "lon" : 141.34517,
        "time" : "20160606T195941+0900"
      } ]
    } ],
    "lastUpdate" : "20160606T115024Z"
  }, {
    "type" : "place",
    "startTime" : "20160606T195941+0900",
    "endTime" : "20160607T140055+0900",
    "place" : {
      "id" : 257240275,
      "type" : "unknown",
      "location" : {
        "lat" : 43.084886,
        "lon" : 141.3453
      }
    },
    "activities" : [ {
      "activity" : "walking",
      "group" : "walking",
      "manual" : false,
      "startTime" : "20160606T195941+0900",
      "endTime" : "20160606T195951+0900",
      "duration" : 10.0,
      "distance" : 7.0,
      "steps" : 15,
      "calories" : 0,
      "trackPoints" : [ ]
    }, {
      "activity" : "walking",
      "group" : "walking",
      "manual" : false,
      "startTime" : "20160606T200000+0900",
      "endTime" : "20160606T200033+0900",
      "duration" : 33.0,
      "distance" : 22.0,
      "steps" : 44,
      "calories" : 1,
      "trackPoints" : [ ]
    } ],
    "lastUpdate" : "20160607T061007Z"
  } ],
  "caloriesIdle" : 1601,
  "lastUpdate" : "20160607T061007Z"
} ]