[ {
  "date" : "20160702",
  "summary" : [ {
    "activity" : "walking",
    "group" : "walking",
    "duration" : 16.0,
    "distance" : 11.0,
    "steps" : 22,
    "calories" : 1
  } ],
  "segments" : [ {
    "type" : "place",
    "startTime" : "20160701T155253+0900",
    "endTime" : "20160702T024700+0900",
    "place" : {
      "id" : 257240275,
      "type" : "unknown",
      "location" : {
        "lat" : 43.084886,
        "lon" : 141.3453
      }
    },
    "activities" : [ {
      "activity" : "walking",
      "group" : "walking",
      "manual" : false,
      "startTime" : "20160702T022329+0900",
      "endTime" : "20160702T022345+0900",
      "duration" : 16.0,
      "distance" : 11.0,
      "steps" : 22,
      "calories" : 1,
      "trackPoints" : [ ]
    } ],
    "lastUpdate" : "20160701T174703Z"
  } ],
  "caloriesIdle" : 1601,
  "lastUpdate" : "20160701T174703Z"
} ]