[ {
  "date" : "20141125",
  "summary" : [ {
    "activity" : "transport",
    "group" : "transport",
    "duration" : 8910.0,
    "distance" : 112331.0
  }, {
    "activity" : "walking",
    "group" : "walking",
    "duration" : 2648.0,
    "distance" : 2437.0,
    "steps" : 4295,
    "calories" : 145
  } ],
  "segments" : [ {
    "type" : "place",
    "startTime" : "20141124T174632+0900",
    "endTime" : "20141125T152236+0900",
    "place" : {
      "id" : 98345442,
      "type" : "unknown",
      "location" : {
        "lat" : 35.7168392789,
        "lon" : 139.7283806079
      }
    },
    "lastUpdate" : "20141125T125523Z"
  }, {
    "type" : "move",
    "startTime" : "20141125T152236+0900",
    "endTime" : "20141125T155722+0900",
    "activities" : [ {
      "activity" : "transport",
      "group" : "transport",
      "manual" : false,
      "startTime" : "20141125T152236+0900",
      "endTime" : "20141125T155722+0900",
      "duration" : 2086.0,
      "distance" : 35991.0,
      "trackPoints" : [ {
        "lat" : 35.7168392789,
        "lon" : 139.7283806079,
        "time" : "20141125T152236+0900"
      }, {
        "lat" : 35.6913110976,
        "lon" : 140.0735591589,
        "time" : "20141125T155723+0900"
      } ]
    } ],
    "lastUpdate" : "20141125T125523Z"
  }, {
    "type" : "place",
    "startTime" : "20141125T155723+0900",
    "endTime" : "20141125T165622+0900",
    "place" : {
      "id" : 99571412,
      "type" : "unknown",
      "location" : {
        "lat" : 35.6913110976,
        "lon" : 140.0735591589
      }
    },
    "lastUpdate" : "20141125T125523Z"
  }, {
    "type" : "move",
    "startTime" : "20141125T165622+0900",
    "endTime" : "20141125T175756+0900",
    "activities" : [ {
      "activity" : "transport",
      "group" : "transport",
      "manual" : false,
      "startTime" : "20141125T165622+0900",
      "endTime" : "20141125T165844+0900",
      "duration" : 142.0,
      "distance" : 727.0,
      "trackPoints" : [ {
        "lat" : 35.6913110976,
        "lon" : 140.0735591589,
        "time" : "20141125T165622+0900"
      }, {
        "lat" : 35.6882959313,
        "lon" : 140.0709772012,
        "time" : "20141125T165735+0900"
      }, {
        "lat" : 35.6881579385,
        "lon" : 140.0697660158,
        "time" : "20141125T165751+0900"
      }, {
        "lat" : 35.68779183,
        "lon" : 140.0691783579,
        "time" : "20141125T165813+0900"
      }, {
        "lat" : 35.687458222,
        "lon" : 140.0689442363,
        "time" : "20141125T165828+0900"
      }, {
        "lat" : 35.6872092924,
        "lon" : 140.0687520049,
        "time" : "20141125T165844+0900"
      } ]
    }, {
      "activity" : "walking",
      "group" : "walking",
      "manual" : false,
      "startTime" : "20141125T165844+0900",
      "endTime" : "20141125T170114+0900",
      "duration" : 150.0,
      "distance" : 100.0,
      "steps" : 184,
      "calories" : 6,
      "trackPoints" : [ {
        "lat" : 35.6872092924,
        "lon" : 140.0687520049,
        "time" : "20141125T165844+0900"
      }, {
        "lat" : 35.6869902039,
        "lon" : 140.0685224823,
        "time" : "20141125T165915+0900"
      }, {
        "lat" : 35.6869643558,
        "lon" : 140.0683712158,
        "time" : "20141125T165948+0900"
      }, {
        "lat" : 35.6869703334,
        "lon" : 140.0683883836,
        "time" : "20141125T165959+0900"
      }, {
        "lat" : 35.6869703385,
        "lon" : 140.0683883981,
        "time" : "20141125T170000+0900"
      }, {
        "lat" : 35.6869754187,
        "lon" : 140.0684029887,
        "time" : "20141125T170010+0900"
      }, {
        "lat" : 35.6869797761,
        "lon" : 140.0684320413,
        "time" : "20141125T170027+0900"
      }, {
        "lat" : 35.6869735327,
        "lon" : 140.0684676043,
        "time" : "20141125T170050+0900"
      }, {
        "lat" : 35.6869763065,
        "lon" : 140.0684969697,
        "time" : "20141125T170114+0900"
      } ]
    }, {
      "activity" : "transport",
      "group" : "transport",
      "manual" : false,
      "startTime" : "20141125T170114+0900",
      "endTime" : "20141125T171745+0900",
      "duration" : 991.0,
      "distance" : 9892.0,
      "trackPoints" : [ {
        "lat" : 35.6869763065,
        "lon" : 140.0684969697,
        "time" : "20141125T170114+0900"
      }, {
        "lat" : 35.6869803043,
        "lon" : 140.0684402487,
        "time" : "20141125T170136+0900"
      }, {
        "lat" : 35.6869770074,
        "lon" : 140.0684020617,
        "time" : "20141125T170159+0900"
      }, {
        "lat" : 35.6869771079,
        "lon" : 140.0683919315,
        "time" : "20141125T170214+0900"
      }, {
        "lat" : 35.6869539209,
        "lon" : 140.0684468842,
        "time" : "20141125T170232+0900"
      }, {
        "lat" : 35.6869816614,
        "lon" : 140.0685524772,
        "time" : "20141125T170247+0900"
      }, {
        "lat" : 35.6869839531,
        "lon" : 140.0685524209,
        "time" : "20141125T170318+0900"
      }, {
        "lat" : 35.6869506894,
        "lon" : 140.06859318,
        "time" : "20141125T170333+0900"
      }, {
        "lat" : 35.6869482946,
        "lon" : 140.0685150081,
        "time" : "20141125T170350+0900"
      }, {
        "lat" : 35.6869522824,
        "lon" : 140.0684480775,
        "time" : "20141125T170408+0900"
      }, {
        "lat" : 35.6867532552,
        "lon" : 140.067543245,
        "time" : "20141125T170430+0900"
      }, {
        "lat" : 35.6857505753,
        "lon" : 140.0592353291,
        "time" : "20141125T170507+0900"
      }, {
        "lat" : 35.6859081636,
        "lon" : 140.0545595169,
        "time" : "20141125T170526+0900"
      }, {
        "lat" : 35.6859405955,
        "lon" : 140.0506349884,
        "time" : "20141125T170549+0900"
      }, {
        "lat" : 35.6860303857,
        "lon" : 140.0488478489,
        "time" : "20141125T170615+0900"
      }, {
        "lat" : 35.6859592965,
        "lon" : 140.0477058074,
        "time" : "20141125T170647+0900"
      }, {
        "lat" : 35.6825493062,
        "lon" : 140.0375815228,
        "time" : "20141125T170731+0900"
      }, {
        "lat" : 35.6815363596,
        "lon" : 140.0341008499,
        "time" : "20141125T170747+0900"
      }, {
        "lat" : 35.6807606392,
        "lon" : 140.0317674952,
        "time" : "20141125T170803+0900"
      }, {
        "lat" : 35.6820820647,
        "lon" : 140.0287315237,
        "time" : "20141125T170828+0900"
      }, {
        "lat" : 35.6833621758,
        "lon" : 140.0262014492,
        "time" : "20141125T170852+0900"
      }, {
        "lat" : 35.6833215535,
        "lon" : 140.0251118158,
        "time" : "20141125T170914+0900"
      }, {
        "lat" : 35.6832693147,
        "lon" : 140.0250552388,
        "time" : "20141125T170930+0900"
      }, {
        "lat" : 35.6833314499,
        "lon" : 140.0250137021,
        "time" : "20141125T170947+0900"
      }, {
        "lat" : 35.6833823317,
        "lon" : 140.0250303972,
        "time" : "20141125T171009+0900"
      }, {
        "lat" : 35.6834657224,
        "lon" : 140.0250434651,
        "time" : "20141125T171027+0900"
      }, {
        "lat" : 35.6835328714,
        "lon" : 140.0250476036,
        "time" : "20141125T171045+0900"
      }, {
        "lat" : 35.6835801183,
        "lon" : 140.0250071284,
        "time" : "20141125T171109+0900"
      }, {
        "lat" : 35.6835999182,
        "lon" : 140.0249441382,
        "time" : "20141125T171133+0900"
      }, {
        "lat" : 35.683619689,
        "lon" : 140.0248824539,
        "time" : "20141125T171159+0900"
      }, {
        "lat" : 35.6836432229,
        "lon" : 140.0247744268,
        "time" : "20141125T171224+0900"
      }, {
        "lat" : 35.6837792293,
        "lon" : 140.0240899215,
        "time" : "20141125T171248+0900"
      }, {
        "lat" : 35.6844038654,
        "lon" : 140.0180322682,
        "time" : "20141125T171324+0900"
      }, {
        "lat" : 35.6844568152,
        "lon" : 140.0141232633,
        "time" : "20141125T171343+0900"
      }, {
        "lat" : 35.6845356808,
        "lon" : 140.0103729439,
        "time" : "20141125T171359+0900"
      }, {
        "lat" : 35.6859776834,
        "lon" : 140.0064636938,
        "time" : "20141125T171420+0900"
      }, {
        "lat" : 35.6873449778,
        "lon" : 140.0037379889,
        "time" : "20141125T171435+0900"
      }, {
        "lat" : 35.6896397728,
        "lon" : 139.9980391089,
        "time" : "20141125T171504+0900"
      }, {
        "lat" : 35.6927538768,
        "lon" : 139.9926523267,
        "time" : "20141125T171536+0900"
      }, {
        "lat" : 35.6960479901,
        "lon" : 139.9913102981,
        "time" : "20141125T171558+0900"
      }, {
        "lat" : 35.6993804299,
        "lon" : 139.9916129854,
        "time" : "20141125T171623+0900"
      }, {
        "lat" : 35.7009985195,
        "lon" : 139.9878097649,
        "time" : "20141125T171654+0900"
      }, {
        "lat" : 35.7002436424,
        "lon" : 139.98575724,
        "time" : "20141125T171710+0900"
      }, {
        "lat" : 35.7002455268,
        "lon" : 139.9856785334,
        "time" : "20141125T171744+0900"
      } ]
    }, {
      "activity" : "walking",
      "group" : "walking",
      "manual" : false,
      "startTime" : "20141125T171744+0900",
      "endTime" : "20141125T172214+0900",
      "duration" : 270.0,
      "distance" : 329.0,
      "steps" : 546,
      "calories" : 20,
      "trackPoints" : [ {
        "lat" : 35.7002455268,
        "lon" : 139.9856785334,
        "time" : "20141125T171744+0900"
      }, {
        "lat" : 35.7002252749,
        "lon" : 139.9855208778,
        "time" : "20141125T171804+0900"
      }, {
        "lat" : 35.7004266193,
        "lon" : 139.9855695194,
        "time" : "20141125T171821+0900"
      }, {
        "lat" : 35.7009453403,
        "lon" : 139.9856686928,
        "time" : "20141125T171849+0900"
      }, {
        "lat" : 35.7014120078,
        "lon" : 139.9856538715,
        "time" : "20141125T171911+0900"
      }, {
        "lat" : 35.7014968149,
        "lon" : 139.9856107346,
        "time" : "20141125T171930+0900"
      }, {
        "lat" : 35.7016190863,
        "lon" : 139.9855885285,
        "time" : "20141125T171950+0900"
      }, {
        "lat" : 35.7017676634,
        "lon" : 139.9855218341,
        "time" : "20141125T172011+0900"
      }, {
        "lat" : 35.7019520123,
        "lon" : 139.9853901496,
        "time" : "20141125T172034+0900"
      }, {
        "lat" : 35.7019404249,
        "lon" : 139.9848546337,
        "time" : "20141125T172114+0900"
      }, {
        "lat" : 35.7019205044,
        "lon" : 139.9843557064,
        "time" : "20141125T172159+0900"
      }, {
        "lat" : 35.7019383833,
        "lon" : 139.9842653372,
        "time" : "20141125T172215+0900"
      } ]
    }, {
      "activity" : "transport",
      "group" : "transport",
      "manual" : false,
      "startTime" : "20141125T172215+0900",
      "endTime" : "20141125T175756+0900",
      "duration" : 2141.0,
      "distance" : 22689.0,
      "trackPoints" : [ {
        "lat" : 35.7019383833,
        "lon" : 139.9842653372,
        "time" : "20141125T172215+0900"
      }, {
        "lat" : 35.7020286177,
        "lon" : 139.9840576094,
        "time" : "20141125T172230+0900"
      }, {
        "lat" : 35.7021320063,
        "lon" : 139.9833584257,
        "time" : "20141125T172247+0900"
      }, {
        "lat" : 35.7019132489,
        "lon" : 139.9840841518,
        "time" : "20141125T172313+0900"
      }, {
        "lat" : 35.7018738558,
        "lon" : 139.9842293382,
        "time" : "20141125T172336+0900"
      }, {
        "lat" : 35.7019467167,
        "lon" : 139.9841865388,
        "time" : "20141125T172448+0900"
      }, {
        "lat" : 35.7019915066,
        "lon" : 139.9841298335,
        "time" : "20141125T172509+0900"
      }, {
        "lat" : 35.7019916447,
        "lon" : 139.9841296975,
        "time" : "20141125T172529+0900"
      }, {
        "lat" : 35.7019916447,
        "lon" : 139.9841296975,
        "time" : "20141125T172553+0900"
      }, {
        "lat" : 35.7019932567,
        "lon" : 139.984127806,
        "time" : "20141125T172610+0900"
      }, {
        "lat" : 35.7020051381,
        "lon" : 139.9841288348,
        "time" : "20141125T172630+0900"
      }, {
        "lat" : 35.7020186905,
        "lon" : 139.9837019217,
        "time" : "20141125T172704+0900"
      }, {
        "lat" : 35.702186379,
        "lon" : 139.9824353509,
        "time" : "20141125T172736+0900"
      }, {
        "lat" : 35.702186379,
        "lon" : 139.9824353509,
        "time" : "20141125T172813+0900"
      }, {
        "lat" : 35.7026875048,
        "lon" : 139.9814276913,
        "time" : "20141125T172832+0900"
      }, {
        "lat" : 35.7046595932,
        "lon" : 139.9799012448,
        "time" : "20141125T172900+0900"
      }, {
        "lat" : 35.7088699297,
        "lon" : 139.9795458425,
        "time" : "20141125T172930+0900"
      }, {
        "lat" : 35.7117775658,
        "lon" : 139.9797386581,
        "time" : "20141125T172953+0900"
      }, {
        "lat" : 35.7115630586,
        "lon" : 139.9797915032,
        "time" : "20141125T173017+0900"
      }, {
        "lat" : 35.7135468859,
        "lon" : 139.9800544857,
        "time" : "20141125T173101+0900"
      }, {
        "lat" : 35.717404038,
        "lon" : 139.9806123219,
        "time" : "20141125T173123+0900"
      }, {
        "lat" : 35.7220771992,
        "lon" : 139.9828830744,
        "time" : "20141125T173153+0900"
      }, {
        "lat" : 35.7220771992,
        "lon" : 139.9828830744,
        "time" : "20141125T173217+0900"
      }, {
        "lat" : 35.7220771992,
        "lon" : 139.9828830744,
        "time" : "20141125T173238+0900"
      }, {
        "lat" : 35.7222921608,
        "lon" : 139.9830302936,
        "time" : "20141125T173301+0900"
      }, {
        "lat" : 35.7251638433,
        "lon" : 139.9853008735,
        "time" : "20141125T173319+0900"
      }, {
        "lat" : 35.7276931242,
        "lon" : 139.9877585112,
        "time" : "20141125T173337+0900"
      }, {
        "lat" : 35.7311426141,
        "lon" : 139.9905976528,
        "time" : "20141125T173357+0900"
      }, {
        "lat" : 35.7385628844,
        "lon" : 139.9919578972,
        "time" : "20141125T173438+0900"
      }, {
        "lat" : 35.7409878067,
        "lon" : 139.9922824851,
        "time" : "20141125T173457+0900"
      }, {
        "lat" : 35.7419019267,
        "lon" : 139.9922666684,
        "time" : "20141125T173533+0900"
      }, {
        "lat" : 35.7418453899,
        "lon" : 139.9922749663,
        "time" : "20141125T173549+0900"
      }, {
        "lat" : 35.7424984325,
        "lon" : 139.9923520172,
        "time" : "20141125T173609+0900"
      }, {
        "lat" : 35.7447162205,
        "lon" : 139.9925717229,
        "time" : "20141125T173628+0900"
      }, {
        "lat" : 35.751901771,
        "lon" : 139.9942676194,
        "time" : "20141125T173706+0900"
      }, {
        "lat" : 35.7561561114,
        "lon" : 139.9952974503,
        "time" : "20141125T173725+0900"
      }, {
        "lat" : 35.7598109645,
        "lon" : 139.9971416009,
        "time" : "20141125T173746+0900"
      }, {
        "lat" : 35.7638464037,
        "lon" : 139.9973737369,
        "time" : "20141125T173827+0900"
      }, {
        "lat" : 35.7646795893,
        "lon" : 139.9977439292,
        "time" : "20141125T173912+0900"
      }, {
        "lat" : 35.7673393407,
        "lon" : 139.9983944512,
        "time" : "20141125T173936+0900"
      }, {
        "lat" : 35.7697932098,
        "lon" : 139.998880443,
        "time" : "20141125T173956+0900"
      }, {
        "lat" : 35.7730121451,
        "lon" : 139.9999768775,
        "time" : "20141125T174011+0900"
      }, {
        "lat" : 35.7794761827,
        "lon" : 139.9991827293,
        "time" : "20141125T174045+0900"
      }, {
        "lat" : 35.7808671724,
        "lon" : 139.999471578,
        "time" : "20141125T174100+0900"
      }, {
        "lat" : 35.7809556897,
        "lon" : 139.9995063859,
        "time" : "20141125T174117+0900"
      }, {
        "lat" : 35.7809639622,
        "lon" : 139.9995083233,
        "time" : "20141125T174143+0900"
      }, {
        "lat" : 35.7809631884,
        "lon" : 139.999508661,
        "time" : "20141125T174210+0900"
      }, {
        "lat" : 35.7860834426,
        "lon" : 140.000303852,
        "time" : "20141125T174234+0900"
      }, {
        "lat" : 35.7914907143,
        "lon" : 139.9991746225,
        "time" : "20141125T174304+0900"
      }, {
        "lat" : 35.7936509765,
        "lon" : 139.9993628155,
        "time" : "20141125T174320+0900"
      }, {
        "lat" : 35.7939250474,
        "lon" : 139.9992830607,
        "time" : "20141125T174345+0900"
      }, {
        "lat" : 35.7938918405,
        "lon" : 139.9992971049,
        "time" : "20141125T174402+0900"
      }, {
        "lat" : 35.7953364973,
        "lon" : 139.9992692287,
        "time" : "20141125T174425+0900"
      }, {
        "lat" : 35.7980600555,
        "lon" : 139.9991509792,
        "time" : "20141125T174443+0900"
      }, {
        "lat" : 35.8026193723,
        "lon" : 139.9991978735,
        "time" : "20141125T174508+0900"
      }, {
        "lat" : 35.8075210165,
        "lon" : 139.9988475271,
        "time" : "20141125T174536+0900"
      }, {
        "lat" : 35.8085400952,
        "lon" : 139.9989338139,
        "time" : "20141125T174556+0900"
      }, {
        "lat" : 35.8089031866,
        "lon" : 139.9988642179,
        "time" : "20141125T174615+0900"
      }, {
        "lat" : 35.8089267499,
        "lon" : 139.9988471772,
        "time" : "20141125T174633+0900"
      }, {
        "lat" : 35.8088988031,
        "lon" : 139.9988590452,
        "time" : "20141125T174652+0900"
      }, {
        "lat" : 35.8103370956,
        "lon" : 139.9982580225,
        "time" : "20141125T174715+0900"
      }, {
        "lat" : 35.8116112477,
        "lon" : 139.9964407928,
        "time" : "20141125T174742+0900"
      }, {
        "lat" : 35.8159072232,
        "lon" : 139.9922201252,
        "time" : "20141125T174805+0900"
      }, {
        "lat" : 35.8181669388,
        "lon" : 139.9895849849,
        "time" : "20141125T174821+0900"
      }, {
        "lat" : 35.8206293762,
        "lon" : 139.9868533335,
        "time" : "20141125T174838+0900"
      }, {
        "lat" : 35.8230957207,
        "lon" : 139.9841145353,
        "time" : "20141125T174857+0900"
      }, {
        "lat" : 35.8233372685,
        "lon" : 139.9838306256,
        "time" : "20141125T174913+0900"
      }, {
        "lat" : 35.8233804384,
        "lon" : 139.9837807016,
        "time" : "20141125T174937+0900"
      }, {
        "lat" : 35.8236206502,
        "lon" : 139.9835314658,
        "time" : "20141125T175000+0900"
      }, {
        "lat" : 35.8263667165,
        "lon" : 139.979949812,
        "time" : "20141125T175026+0900"
      }, {
        "lat" : 35.8296730728,
        "lon" : 139.9766870778,
        "time" : "20141125T175058+0900"
      }, {
        "lat" : 35.8297405224,
        "lon" : 139.9765383979,
        "time" : "20141125T175115+0900"
      }, {
        "lat" : 35.8298623094,
        "lon" : 139.9764197108,
        "time" : "20141125T175132+0900"
      }, {
        "lat" : 35.8298757845,
        "lon" : 139.9763962661,
        "time" : "20141125T175148+0900"
      }, {
        "lat" : 35.8308428294,
        "lon" : 139.9753594577,
        "time" : "20141125T175206+0900"
      }, {
        "lat" : 35.8339086925,
        "lon" : 139.9719058076,
        "time" : "20141125T175236+0900"
      }, {
        "lat" : 35.838089234,
        "lon" : 139.9671660391,
        "time" : "20141125T175312+0900"
      }, {
        "lat" : 35.8382267757,
        "lon" : 139.9667992102,
        "time" : "20141125T175334+0900"
      }, {
        "lat" : 35.8382852131,
        "lon" : 139.9668345997,
        "time" : "20141125T175353+0900"
      }, {
        "lat" : 35.8383310153,
        "lon" : 139.9668761486,
        "time" : "20141125T175412+0900"
      }, {
        "lat" : 35.8397846807,
        "lon" : 139.9655024972,
        "time" : "20141125T175446+0900"
      }, {
        "lat" : 35.8485286871,
        "lon" : 139.9653927789,
        "time" : "20141125T175535+0900"
      }, {
        "lat" : 35.8522061435,
        "lon" : 139.9660284142,
        "time" : "20141125T175556+0900"
      }, {
        "lat" : 35.8554928774,
        "lon" : 139.9667201264,
        "time" : "20141125T175612+0900"
      }, {
        "lat" : 35.8573242852,
        "lon" : 139.9661528337,
        "time" : "20141125T175630+0900"
      }, {
        "lat" : 35.8596850702,
        "lon" : 139.968765807,
        "time" : "20141125T175654+0900"
      }, {
        "lat" : 35.8606180553,
        "lon" : 139.9694011464,
        "time" : "20141125T175711+0900"
      }, {
        "lat" : 35.86129021,
        "lon" : 139.9700111117,
        "time" : "20141125T175726+0900"
      }, {
        "lat" : 35.86248082,
        "lon" : 139.9716289263,
        "time" : "20141125T175756+0900"
      } ]
    } ],
    "lastUpdate" : "20141125T125523Z"
  }, {
    "type" : "place",
    "startTime" : "20141125T175756+0900",
    "endTime" : "20141125T180140+0900",
    "place" : {
      "id" : 101757264,
      "type" : "unknown",
      "location" : {
        "lat" : 35.86248082,
        "lon" : 139.9716289263
      }
    },
    "activities" : [ {
      "activity" : "walking",
      "group" : "walking",
      "manual" : false,
      "startTime" : "20141125T175946+0900",
      "endTime" : "20141125T180017+0900",
      "duration" : 31.0,
      "distance" : 31.0,
      "steps" : 61,
      "calories" : 2,
      "trackPoints" : [ ]
    } ],
    "lastUpdate" : "20141125T125523Z"
  }, {
    "type" : "move",
    "startTime" : "20141125T180140+0900",
    "endTime" : "20141125T180823+0900",
    "activities" : [ {
      "activity" : "walking",
      "group" : "walking",
      "manual" : false,
      "startTime" : "20141125T180140+0900",
      "endTime" : "20141125T180822+0900",
      "duration" : 402.0,
      "distance" : 491.0,
      "steps" : 701,
      "calories" : 29,
      "trackPoints" : [ {
        "lat" : 35.86248082,
        "lon" : 139.9716289263,
        "time" : "20141125T180140+0900"
      }, {
        "lat" : 35.8623193915,
        "lon" : 139.9713912592,
        "time" : "20141125T180203+0900"
      }, {
        "lat" : 35.8622908894,
        "lon" : 139.9714150671,
        "time" : "20141125T180226+0900"
      }, {
        "lat" : 35.8621632926,
        "lon" : 139.9715206261,
        "time" : "20141125T180249+0900"
      }, {
        "lat" : 35.8616146257,
        "lon" : 139.9719937585,
        "time" : "20141125T180403+0900"
      }, {
        "lat" : 35.8614501064,
        "lon" : 139.9721809677,
        "time" : "20141125T180419+0900"
      }, {
        "lat" : 35.8612982715,
        "lon" : 139.9723521385,
        "time" : "20141125T180442+0900"
      }, {
        "lat" : 35.861180701,
        "lon" : 139.9726125061,
        "time" : "20141125T180501+0900"
      }, {
        "lat" : 35.8609611537,
        "lon" : 139.972949963,
        "time" : "20141125T180534+0900"
      }, {
        "lat" : 35.8606213438,
        "lon" : 139.9733704629,
        "time" : "20141125T180607+0900"
      }, {
        "lat" : 35.8603947138,
        "lon" : 139.9735672002,
        "time" : "20141125T180643+0900"
      }, {
        "lat" : 35.8602859915,
        "lon" : 139.973592883,
        "time" : "20141125T180700+0900"
      }, {
        "lat" : 35.8600975836,
        "lon" : 139.9737037205,
        "time" : "20141125T180719+0900"
      }, {
        "lat" : 35.8598229246,
        "lon" : 139.9739893252,
        "time" : "20141125T180745+0900"
      }, {
        "lat" : 35.8596577282,
        "lon" : 139.9743426363,
        "time" : "20141125T180803+0900"
      }, {
        "lat" : 35.8594736355,
        "lon" : 139.9745559129,
        "time" : "20141125T180823+0900"
      } ]
    } ],
    "lastUpdate" : "20141125T125523Z"
  }, {
    "type" : "place",
    "startTime" : "20141125T180823+0900",
    "endTime" : "20141125T200802+0900",
    "place" : {
      "id" : 114911698,
      "type" : "unknown",
      "location" : {
        "lat" : 35.8594736355,
        "lon" : 139.9745559129
      }
    },
    "activities" : [ {
      "activity" : "walking",
      "group" : "walking",
      "manual" : false,
      "startTime" : "20141125T193513+0900",
      "endTime" : "20141125T193543+0900",
      "duration" : 30.0,
      "distance" : 15.0,
      "steps" : 30,
      "calories" : 1,
      "trackPoints" : [ ]
    }, {
      "activity" : "walking",
      "group" : "walking",
      "manual" : false,
      "startTime" : "20141125T200520+0900",
      "endTime" : "20141125T200620+0900",
      "duration" : 60.0,
      "distance" : 56.0,
      "steps" : 112,
      "calories" : 3,
      "trackPoints" : [ ]
    } ],
    "lastUpdate" : "20141125T133940Z"
  }, {
    "type" : "move",
    "startTime" : "20141125T200802+0900",
    "endTime" : "20141125T201621+0900",
    "activities" : [ {
      "activity" : "walking",
      "group" : "walking",
      "manual" : false,
      "startTime" : "20141125T200802+0900",
      "endTime" : "20141125T201621+0900",
      "duration" : 499.0,
      "distance" : 399.0,
      "steps" : 735,
      "calories" : 24,
      "trackPoints" : [ {
        "lat" : 35.8594736355,
        "lon" : 139.9745559129,
        "time" : "20141125T200802+0900"
      }, {
        "lat" : 35.8600063443,
        "lon" : 139.9737720949,
        "time" : "20141125T200949+0900"
      }, {
        "lat" : 35.8601045757,
        "lon" : 139.9735968237,
        "time" : "20141125T201006+0900"
      }, {
        "lat" : 35.8602504373,
        "lon" : 139.9736002521,
        "time" : "20141125T201023+0900"
      }, {
        "lat" : 35.8604030901,
        "lon" : 139.9735673514,
        "time" : "20141125T201042+0900"
      }, {
        "lat" : 35.8604879849,
        "lon" : 139.9735115807,
        "time" : "20141125T201100+0900"
      }, {
        "lat" : 35.8606045565,
        "lon" : 139.9734294875,
        "time" : "20141125T201116+0900"
      }, {
        "lat" : 35.860736612,
        "lon" : 139.9732431813,
        "time" : "20141125T201142+0900"
      }, {
        "lat" : 35.8609605209,
        "lon" : 139.972956541,
        "time" : "20141125T201207+0900"
      }, {
        "lat" : 35.8611174214,
        "lon" : 139.9727616784,
        "time" : "20141125T201232+0900"
      }, {
        "lat" : 35.8612306521,
        "lon" : 139.9726195201,
        "time" : "20141125T201255+0900"
      }, {
        "lat" : 35.861292175,
        "lon" : 139.9725380401,
        "time" : "20141125T201315+0900"
      }, {
        "lat" : 35.8613263736,
        "lon" : 139.9724790924,
        "time" : "20141125T201338+0900"
      }, {
        "lat" : 35.8613024631,
        "lon" : 139.9725095995,
        "time" : "20141125T201403+0900"
      }, {
        "lat" : 35.8612359831,
        "lon" : 139.9726479475,
        "time" : "20141125T201425+0900"
      }, {
        "lat" : 35.8610926906,
        "lon" : 139.9728463992,
        "time" : "20141125T201444+0900"
      }, {
        "lat" : 35.8612009401,
        "lon" : 139.9728938296,
        "time" : "20141125T201511+0900"
      }, {
        "lat" : 35.8613449201,
        "lon" : 139.9725316378,
        "time" : "20141125T201621+0900"
      } ]
    } ],
    "lastUpdate" : "20141125T133940Z"
  }, {
    "type" : "place",
    "startTime" : "20141125T201622+0900",
    "endTime" : "20141125T212837+0900",
    "place" : {
      "id" : 101805010,
      "type" : "unknown",
      "location" : {
        "lat" : 35.8613449201,
        "lon" : 139.9725316378
      }
    },
    "activities" : [ {
      "activity" : "walking",
      "group" : "walking",
      "manual" : false,
      "startTime" : "20141125T202051+0900",
      "endTime" : "20141125T202251+0900",
      "duration" : 120.0,
      "distance" : 81.0,
      "steps" : 162,
      "calories" : 5,
      "trackPoints" : [ ]
    }, {
      "activity" : "walking",
      "group" : "walking",
      "manual" : false,
      "startTime" : "20141125T210358+0900",
      "endTime" : "20141125T210558+0900",
      "duration" : 120.0,
      "distance" : 152.0,
      "steps" : 203,
      "calories" : 9,
      "trackPoints" : [ ]
    } ],
    "lastUpdate" : "20141125T151313Z"
  }, {
    "type" : "move",
    "startTime" : "20141125T212837+0900",
    "endTime" : "20141125T213512+0900",
    "activities" : [ {
      "activity" : "walking",
      "group" : "walking",
      "manual" : false,
      "startTime" : "20141125T212837+0900",
      "endTime" : "20141125T213512+0900",
      "duration" : 395.0,
      "distance" : 265.0,
      "steps" : 524,
      "calories" : 16,
      "trackPoints" : [ {
        "lat" : 35.8613449201,
        "lon" : 139.9725316378,
        "time" : "20141125T212837+0900"
      }, {
        "lat" : 35.8612512954,
        "lon" : 139.972355094,
        "time" : "20141125T212955+0900"
      }, {
        "lat" : 35.8612679646,
        "lon" : 139.972393123,
        "time" : "20141125T213010+0900"
      }, {
        "lat" : 35.8613568796,
        "lon" : 139.9724103989,
        "time" : "20141125T213030+0900"
      }, {
        "lat" : 35.8614845353,
        "lon" : 139.9722559941,
        "time" : "20141125T213052+0900"
      }, {
        "lat" : 35.8618271917,
        "lon" : 139.9718440016,
        "time" : "20141125T213128+0900"
      }, {
        "lat" : 35.8618095462,
        "lon" : 139.9716952539,
        "time" : "20141125T213145+0900"
      }, {
        "lat" : 35.8618803147,
        "lon" : 139.9715537251,
        "time" : "20141125T213207+0900"
      }, {
        "lat" : 35.861906808,
        "lon" : 139.9715286668,
        "time" : "20141125T213223+0900"
      }, {
        "lat" : 35.8621064892,
        "lon" : 139.9713778342,
        "time" : "20141125T213249+0900"
      }, {
        "lat" : 35.8621449251,
        "lon" : 139.9713787866,
        "time" : "20141125T213304+0900"
      }, {
        "lat" : 35.8622411676,
        "lon" : 139.9713386921,
        "time" : "20141125T213322+0900"
      }, {
        "lat" : 35.8622978059,
        "lon" : 139.9711693201,
        "time" : "20141125T213347+0900"
      }, {
        "lat" : 35.8623436547,
        "lon" : 139.9710297787,
        "time" : "20141125T213402+0900"
      }, {
        "lat" : 35.862389795,
        "lon" : 139.9711174547,
        "time" : "20141125T213423+0900"
      }, {
        "lat" : 35.8624228621,
        "lon" : 139.9710864167,
        "time" : "20141125T213443+0900"
      }, {
        "lat" : 35.8626264667,
        "lon" : 139.9713052929,
        "time" : "20141125T213512+0900"
      } ]
    } ],
    "lastUpdate" : "20141125T151313Z"
  }, {
    "type" : "place",
    "startTime" : "20141125T213512+0900",
    "endTime" : "20141125T214233+0900",
    "place" : {
      "id" : 114920080,
      "type" : "unknown",
      "location" : {
        "lat" : 35.8626264667,
        "lon" : 139.9713052929
      }
    },
    "lastUpdate" : "20141125T151313Z"
  }, {
    "type" : "move",
    "startTime" : "20141125T214233+0900",
    "endTime" : "20141125T225043+0900",
    "activities" : [ {
      "activity" : "transport",
      "group" : "transport",
      "manual" : false,
      "startTime" : "20141125T214233+0900",
      "endTime" : "20141125T222543+0900",
      "duration" : 2590.0,
      "distance" : 36780.0,
      "trackPoints" : [ {
        "lat" : 35.8626264667,
        "lon" : 139.9713052929,
        "time" : "20141125T214233+0900"
      }, {
        "lat" : 35.8614467519,
        "lon" : 139.9702859599,
        "time" : "20141125T214257+0900"
      }, {
        "lat" : 35.8584238905,
        "lon" : 139.9682891962,
        "time" : "20141125T214318+0900"
      }, {
        "lat" : 35.8554506821,
        "lon" : 139.9657961506,
        "time" : "20141125T214334+0900"
      }, {
        "lat" : 35.8510286999,
        "lon" : 139.9621494031,
        "time" : "20141125T214406+0900"
      }, {
        "lat" : 35.8469195758,
        "lon" : 139.9574960608,
        "time" : "20141125T214432+0900"
      }, {
        "lat" : 35.8447526676,
        "lon" : 139.9545245716,
        "time" : "20141125T214456+0900"
      }, {
        "lat" : 35.8446431411,
        "lon" : 139.9542381536,
        "time" : "20141125T214521+0900"
      }, {
        "lat" : 35.8432554195,
        "lon" : 139.9511369247,
        "time" : "20141125T214549+0900"
      }, {
        "lat" : 35.8402349516,
        "lon" : 139.944760592,
        "time" : "20141125T214619+0900"
      }, {
        "lat" : 35.8385914261,
        "lon" : 139.9406041845,
        "time" : "20141125T214635+0900"
      }, {
        "lat" : 35.8345483487,
        "lon" : 139.9334829194,
        "time" : "20141125T214705+0900"
      }, {
        "lat" : 35.8334576132,
        "lon" : 139.9313112239,
        "time" : "20141125T214721+0900"
      }, {
        "lat" : 35.8333364155,
        "lon" : 139.9309796805,
        "time" : "20141125T214740+0900"
      }, {
        "lat" : 35.8331978912,
        "lon" : 139.9307739096,
        "time" : "20141125T214756+0900"
      }, {
        "lat" : 35.8329647375,
        "lon" : 139.9301403212,
        "time" : "20141125T214815+0900"
      }, {
        "lat" : 35.831156111,
        "lon" : 139.9257713597,
        "time" : "20141125T214831+0900"
      }, {
        "lat" : 35.8275801095,
        "lon" : 139.9223762365,
        "time" : "20141125T214858+0900"
      }, {
        "lat" : 35.825727326,
        "lon" : 139.9212641721,
        "time" : "20141125T214926+0900"
      }, {
        "lat" : 35.8257141778,
        "lon" : 139.9212728563,
        "time" : "20141125T214947+0900"
      }, {
        "lat" : 35.8236238028,
        "lon" : 139.9205077182,
        "time" : "20141125T215013+0900"
      }, {
        "lat" : 35.8162749342,
        "lon" : 139.9184816673,
        "time" : "20141125T215047+0900"
      }, {
        "lat" : 35.8119852283,
        "lon" : 139.917392089,
        "time" : "20141125T215112+0900"
      }, {
        "lat" : 35.8117679083,
        "lon" : 139.9172041975,
        "time" : "20141125T215150+0900"
      }, {
        "lat" : 35.8007635337,
        "lon" : 139.9120446789,
        "time" : "20141125T215307+0900"
      }, {
        "lat" : 35.8007088728,
        "lon" : 139.9119270566,
        "time" : "20141125T215327+0900"
      }, {
        "lat" : 35.7945760125,
        "lon" : 139.9061358445,
        "time" : "20141125T215432+0900"
      }, {
        "lat" : 35.7875434311,
        "lon" : 139.9019802482,
        "time" : "20141125T215501+0900"
      }, {
        "lat" : 35.7846400264,
        "lon" : 139.9009211891,
        "time" : "20141125T215542+0900"
      }, {
        "lat" : 35.7845117488,
        "lon" : 139.9009374443,
        "time" : "20141125T215603+0900"
      }, {
        "lat" : 35.7833218375,
        "lon" : 139.9002002342,
        "time" : "20141125T215624+0900"
      }, {
        "lat" : 35.7778637095,
        "lon" : 139.8981473306,
        "time" : "20141125T215644+0900"
      }, {
        "lat" : 35.7725388757,
        "lon" : 139.8959407022,
        "time" : "20141125T215709+0900"
      }, {
        "lat" : 35.7695064564,
        "lon" : 139.8717036846,
        "time" : "20141125T215845+0900"
      }, {
        "lat" : 35.7695551232,
        "lon" : 139.8706148,
        "time" : "20141125T215914+0900"
      }, {
        "lat" : 35.7695694021,
        "lon" : 139.8705709137,
        "time" : "20141125T215931+0900"
      }, {
        "lat" : 35.7689562786,
        "lon" : 139.8656260111,
        "time" : "20141125T215959+0900"
      }, {
        "lat" : 35.7689560626,
        "lon" : 139.8656242694,
        "time" : "20141125T220000+0900"
      }, {
        "lat" : 35.7689388248,
        "lon" : 139.8654852447,
        "time" : "20141125T220000+0900"
      }, {
        "lat" : 35.7679785471,
        "lon" : 139.8563544148,
        "time" : "20141125T220036+0900"
      }, {
        "lat" : 35.7676037014,
        "lon" : 139.8520406089,
        "time" : "20141125T220052+0900"
      }, {
        "lat" : 35.7668691617,
        "lon" : 139.8484017079,
        "time" : "20141125T220118+0900"
      }, {
        "lat" : 35.7665753951,
        "lon" : 139.847903659,
        "time" : "20141125T220138+0900"
      }, {
        "lat" : 35.7661075586,
        "lon" : 139.8469348369,
        "time" : "20141125T220201+0900"
      }, {
        "lat" : 35.7647746414,
        "lon" : 139.8441713706,
        "time" : "20141125T220220+0900"
      }, {
        "lat" : 35.7634264423,
        "lon" : 139.8356796742,
        "time" : "20141125T220254+0900"
      }, {
        "lat" : 35.762784113,
        "lon" : 139.8297456878,
        "time" : "20141125T220320+0900"
      }, {
        "lat" : 35.7621384453,
        "lon" : 139.8253609097,
        "time" : "20141125T220346+0900"
      }, {
        "lat" : 35.7622082944,
        "lon" : 139.8251221036,
        "time" : "20141125T220402+0900"
      }, {
        "lat" : 35.7622142818,
        "lon" : 139.8252300244,
        "time" : "20141125T220432+0900"
      }, {
        "lat" : 35.7620407587,
        "lon" : 139.8200093811,
        "time" : "20141125T220508+0900"
      }, {
        "lat" : 35.761709043,
        "lon" : 139.8192145721,
        "time" : "20141125T220531+0900"
      }, {
        "lat" : 35.7597765868,
        "lon" : 139.8110820732,
        "time" : "20141125T220600+0900"
      }, {
        "lat" : 35.7545021584,
        "lon" : 139.8065166007,
        "time" : "20141125T220632+0900"
      }, {
        "lat" : 35.7320059632,
        "lon" : 139.7668566812,
        "time" : "20141125T221321+0900"
      }, {
        "lat" : 35.7254739915,
        "lon" : 139.7632242297,
        "time" : "20141125T221419+0900"
      }, {
        "lat" : 35.7252607206,
        "lon" : 139.7631654973,
        "time" : "20141125T221440+0900"
      }, {
        "lat" : 35.725302018,
        "lon" : 139.7631673188,
        "time" : "20141125T221503+0900"
      }, {
        "lat" : 35.7245953577,
        "lon" : 139.7633535548,
        "time" : "20141125T221543+0900"
      }, {
        "lat" : 35.7178550368,
        "lon" : 139.7651377616,
        "time" : "20141125T221612+0900"
      }, {
        "lat" : 35.7168866988,
        "lon" : 139.7656211282,
        "time" : "20141125T221631+0900"
      }, {
        "lat" : 35.7168866988,
        "lon" : 139.7656211282,
        "time" : "20141125T221705+0900"
      }, {
        "lat" : 35.7168749812,
        "lon" : 139.7656268385,
        "time" : "20141125T221726+0900"
      }, {
        "lat" : 35.6741698937,
        "lon" : 139.758639214,
        "time" : "20141125T222542+0900"
      } ]
    }, {
      "activity" : "walking",
      "group" : "walking",
      "manual" : false,
      "startTime" : "20141125T222542+0900",
      "endTime" : "20141125T223012+0900",
      "duration" : 270.0,
      "distance" : 294.0,
      "steps" : 588,
      "calories" : 17,
      "trackPoints" : [ {
        "lat" : 35.6741698937,
        "lon" : 139.758639214,
        "time" : "20141125T222542+0900"
      }, {
        "lat" : 35.6740382993,
        "lon" : 139.7585490381,
        "time" : "20141125T222616+0900"
      }, {
        "lat" : 35.6743379518,
        "lon" : 139.758756128,
        "time" : "20141125T222641+0900"
      }, {
        "lat" : 35.6745564607,
        "lon" : 139.7587316611,
        "time" : "20141125T222720+0900"
      }, {
        "lat" : 35.6746470447,
        "lon" : 139.7587109288,
        "time" : "20141125T222737+0900"
      }, {
        "lat" : 35.675485117,
        "lon" : 139.7581089511,
        "time" : "20141125T223013+0900"
      } ]
    }, {
      "activity" : "transport",
      "group" : "transport",
      "manual" : false,
      "startTime" : "20141125T223013+0900",
      "endTime" : "20141125T224613+0900",
      "duration" : 960.0,
      "distance" : 6252.0,
      "trackPoints" : [ {
        "lat" : 35.675485117,
        "lon" : 139.7581089511,
        "time" : "20141125T223013+0900"
      }, {
        "lat" : 35.7090284684,
        "lon" : 139.734015146,
        "time" : "20141125T224401+0900"
      }, {
        "lat" : 35.7137182038,
        "lon" : 139.7308575925,
        "time" : "20141125T224529+0900"
      }, {
        "lat" : 35.7178809268,
        "lon" : 139.7281332545,
        "time" : "20141125T224612+0900"
      } ]
    }, {
      "activity" : "walking",
      "group" : "walking",
      "manual" : false,
      "startTime" : "20141125T224612+0900",
      "endTime" : "20141125T225043+0900",
      "duration" : 271.0,
      "distance" : 204.0,
      "steps" : 408,
      "calories" : 12,
      "trackPoints" : [ {
        "lat" : 35.7178809268,
        "lon" : 139.7281332545,
        "time" : "20141125T224612+0900"
      }, {
        "lat" : 35.7180302285,
        "lon" : 139.727991132,
        "time" : "20141125T224644+0900"
      }, {
        "lat" : 35.7180814058,
        "lon" : 139.7279609008,
        "time" : "20141125T224709+0900"
      }, {
        "lat" : 35.7180920381,
        "lon" : 139.7279507003,
        "time" : "20141125T224732+0900"
      }, {
        "lat" : 35.7180717287,
        "lon" : 139.7279582497,
        "time" : "20141125T224755+0900"
      }, {
        "lat" : 35.717946448,
        "lon" : 139.7280242555,
        "time" : "20141125T224851+0900"
      }, {
        "lat" : 35.7177751247,
        "lon" : 139.7281366233,
        "time" : "20141125T224914+0900"
      }, {
        "lat" : 35.7174172271,
        "lon" : 139.7283079873,
        "time" : "20141125T224941+0900"
      }, {
        "lat" : 35.7172770311,
        "lon" : 139.7284553208,
        "time" : "20141125T224958+0900"
      }, {
        "lat" : 35.7169460756,
        "lon" : 139.7285676174,
        "time" : "20141125T225022+0900"
      }, {
        "lat" : 35.7168392789,
        "lon" : 139.7283806079,
        "time" : "20141125T225043+0900"
      } ]
    } ],
    "lastUpdate" : "20141125T151313Z"
  }, {
    "type" : "place",
    "startTime" : "20141125T225043+0900",
    "endTime" : "20141126T073207+0900",
    "place" : {
      "id" : 98345442,
      "type" : "unknown",
      "location" : {
        "lat" : 35.7168392789,
        "lon" : 139.7283806079
      }
    },
    "activities" : [ {
      "activity" : "walking",
      "group" : "walking",
      "manual" : false,
      "startTime" : "20141125T225213+0900",
      "endTime" : "20141125T225243+0900",
      "duration" : 30.0,
      "distance" : 20.0,
      "steps" : 41,
      "calories" : 1,
      "trackPoints" : [ ]
    } ],
    "lastUpdate" : "20141126T045253Z"
  } ],
  "caloriesIdle" : 1711,
  "lastUpdate" : "20141126T045253Z"
} ]