[ {
  "date" : "20150408",
  "summary" : [ {
    "activity" : "walking",
    "group" : "walking",
    "duration" : 4836.0,
    "distance" : 5355.0,
    "steps" : 7631,
    "calories" : 317
  }, {
    "activity" : "transport",
    "group" : "transport",
    "duration" : 4312.0,
    "distance" : 28526.0
  }, {
    "activity" : "running",
    "group" : "running",
    "duration" : 125.0,
    "distance" : 338.0,
    "steps" : 296,
    "calories" : 24
  }, {
    "activity" : "cycling",
    "group" : "cycling",
    "duration" : 6406.0,
    "distance" : 22311.0,
    "calories" : 605
  } ],
  "segments" : [ {
    "type" : "place",
    "startTime" : "20150407T220249+0900",
    "endTime" : "20150408T084552+0900",
    "place" : {
      "id" : 141435006,
      "type" : "unknown",
      "location" : {
        "lat" : 43.0843685253,
        "lon" : 141.345080654
      }
    },
    "activities" : [ {
      "activity" : "walking",
      "group" : "walking",
      "manual" : false,
      "startTime" : "20150408T073451+0900",
      "endTime" : "20150408T073551+0900",
      "duration" : 60.0,
      "distance" : 30.0,
      "steps" : 61,
      "calories" : 2,
      "trackPoints" : [ ]
    }, {
      "activity" : "walking",
      "group" : "walking",
      "manual" : false,
      "startTime" : "20150408T084056+0900",
      "endTime" : "20150408T085420+0900",
      "duration" : 804.0,
      "distance" : 1132.0,
      "steps" : 1510,
      "calories" : 67,
      "trackPoints" : [ ]
    } ],
    "lastUpdate" : "20150408T013956Z"
  }, {
    "type" : "move",
    "startTime" : "20150408T084552+0900",
    "endTime" : "20150408T091813+0900",
    "activities" : [ {
      "activity" : "running",
      "group" : "running",
      "manual" : false,
      "startTime" : "20150408T084552+0900",
      "endTime" : "20150408T084757+0900",
      "duration" : 125.0,
      "distance" : 338.0,
      "steps" : 296,
      "calories" : 24,
      "trackPoints" : [ {
        "lat" : 43.0843685253,
        "lon" : 141.345080654,
        "time" : "20150408T084552+0900"
      }, {
        "lat" : 43.0836391197,
        "lon" : 141.3461457759,
        "time" : "20150408T084610+0900"
      }, {
        "lat" : 43.0833145418,
        "lon" : 141.3462809479,
        "time" : "20150408T084628+0900"
      }, {
        "lat" : 43.0831003295,
        "lon" : 141.3461822051,
        "time" : "20150408T084646+0900"
      }, {
        "lat" : 43.0827531436,
        "lon" : 141.3464024031,
        "time" : "20150408T084709+0900"
      }, {
        "lat" : 43.0823051924,
        "lon" : 141.3465525003,
        "time" : "20150408T084737+0900"
      }, {
        "lat" : 43.0819261095,
        "lon" : 141.3466188372,
        "time" : "20150408T084757+0900"
      } ]
    }, {
      "activity" : "transport",
      "group" : "transport",
      "manual" : false,
      "startTime" : "20150408T084757+0900",
      "endTime" : "20150408T090358+0900",
      "duration" : 961.0,
      "distance" : 5504.0,
      "trackPoints" : [ {
        "lat" : 43.0819261095,
        "lon" : 141.3466188372,
        "time" : "20150408T084757+0900"
      }, {
        "lat" : 43.0816559522,
        "lon" : 141.3466901013,
        "time" : "20150408T084816+0900"
      }, {
        "lat" : 43.0816216097,
        "lon" : 141.346779187,
        "time" : "20150408T084841+0900"
      }, {
        "lat" : 43.0815022268,
        "lon" : 141.3467841046,
        "time" : "20150408T084905+0900"
      }, {
        "lat" : 43.0814952374,
        "lon" : 141.3467859136,
        "time" : "20150408T084925+0900"
      }, {
        "lat" : 43.0813617618,
        "lon" : 141.3467931498,
        "time" : "20150408T084943+0900"
      }, {
        "lat" : 43.0748074082,
        "lon" : 141.3484551976,
        "time" : "20150408T085149+0900"
      }, {
        "lat" : 43.0747121681,
        "lon" : 141.3485198162,
        "time" : "20150408T085208+0900"
      }, {
        "lat" : 43.0746816056,
        "lon" : 141.3485512309,
        "time" : "20150408T085239+0900"
      }, {
        "lat" : 43.0615106756,
        "lon" : 141.3629210172,
        "time" : "20150408T085927+0900"
      }, {
        "lat" : 43.0615103969,
        "lon" : 141.3632031117,
        "time" : "20150408T085959+0900"
      }, {
        "lat" : 43.0615103968,
        "lon" : 141.3632031987,
        "time" : "20150408T090000+0900"
      }, {
        "lat" : 43.0615102607,
        "lon" : 141.3633409698,
        "time" : "20150408T090015+0900"
      }, {
        "lat" : 43.0615330287,
        "lon" : 141.3633200758,
        "time" : "20150408T090038+0900"
      }, {
        "lat" : 43.0518393688,
        "lon" : 141.3847227714,
        "time" : "20150408T090338+0900"
      }, {
        "lat" : 43.0518588749,
        "lon" : 141.3847838178,
        "time" : "20150408T090358+0900"
      } ]
    }, {
      "activity" : "walking",
      "group" : "walking",
      "manual" : false,
      "startTime" : "20150408T090358+0900",
      "endTime" : "20150408T091813+0900",
      "duration" : 855.0,
      "distance" : 972.0,
      "steps" : 1259,
      "calories" : 58,
      "trackPoints" : [ {
        "lat" : 43.0518588749,
        "lon" : 141.3847838178,
        "time" : "20150408T090358+0900"
      }, {
        "lat" : 43.0518219871,
        "lon" : 141.3847995713,
        "time" : "20150408T090421+0900"
      }, {
        "lat" : 43.0518198217,
        "lon" : 141.3847816838,
        "time" : "20150408T090438+0900"
      }, {
        "lat" : 43.0518506669,
        "lon" : 141.3848215347,
        "time" : "20150408T090524+0900"
      }, {
        "lat" : 43.0519387203,
        "lon" : 141.384731092,
        "time" : "20150408T090551+0900"
      }, {
        "lat" : 43.0521469684,
        "lon" : 141.3844537824,
        "time" : "20150408T090614+0900"
      }, {
        "lat" : 43.0522961543,
        "lon" : 141.3841921647,
        "time" : "20150408T090635+0900"
      }, {
        "lat" : 43.0524475658,
        "lon" : 141.3839077769,
        "time" : "20150408T090657+0900"
      }, {
        "lat" : 43.0527226788,
        "lon" : 141.3834947559,
        "time" : "20150408T090722+0900"
      }, {
        "lat" : 43.0528028524,
        "lon" : 141.3832520814,
        "time" : "20150408T090746+0900"
      }, {
        "lat" : 43.0531518165,
        "lon" : 141.382923229,
        "time" : "20150408T090806+0900"
      }, {
        "lat" : 43.0531634679,
        "lon" : 141.3830306098,
        "time" : "20150408T090831+0900"
      }, {
        "lat" : 43.0531872587,
        "lon" : 141.3832226717,
        "time" : "20150408T090854+0900"
      }, {
        "lat" : 43.0532967097,
        "lon" : 141.3835041273,
        "time" : "20150408T090913+0900"
      }, {
        "lat" : 43.0541062333,
        "lon" : 141.3841628984,
        "time" : "20150408T091002+0900"
      }, {
        "lat" : 43.0543784126,
        "lon" : 141.3844074883,
        "time" : "20150408T091031+0900"
      }, {
        "lat" : 43.0544713071,
        "lon" : 141.3845281574,
        "time" : "20150408T091103+0900"
      }, {
        "lat" : 43.0545544485,
        "lon" : 141.3845430086,
        "time" : "20150408T091123+0900"
      }, {
        "lat" : 43.0547524774,
        "lon" : 141.3846020267,
        "time" : "20150408T091139+0900"
      }, {
        "lat" : 43.0548988182,
        "lon" : 141.384925472,
        "time" : "20150408T091202+0900"
      }, {
        "lat" : 43.0550955736,
        "lon" : 141.3852765188,
        "time" : "20150408T091228+0900"
      }, {
        "lat" : 43.0555347691,
        "lon" : 141.3859198905,
        "time" : "20150408T091258+0900"
      }, {
        "lat" : 43.0556907312,
        "lon" : 141.3862818632,
        "time" : "20150408T091314+0900"
      }, {
        "lat" : 43.0558427785,
        "lon" : 141.3866227359,
        "time" : "20150408T091344+0900"
      }, {
        "lat" : 43.0558400851,
        "lon" : 141.3870681833,
        "time" : "20150408T091404+0900"
      }, {
        "lat" : 43.0560475454,
        "lon" : 141.3875630199,
        "time" : "20150408T091438+0900"
      }, {
        "lat" : 43.0559973668,
        "lon" : 141.3879921139,
        "time" : "20150408T091458+0900"
      }, {
        "lat" : 43.056099959,
        "lon" : 141.38751781,
        "time" : "20150408T091514+0900"
      }, {
        "lat" : 43.0562682298,
        "lon" : 141.3877749982,
        "time" : "20150408T091536+0900"
      }, {
        "lat" : 43.0564784668,
        "lon" : 141.388213803,
        "time" : "20150408T091607+0900"
      }, {
        "lat" : 43.0565677786,
        "lon" : 141.3883358363,
        "time" : "20150408T091625+0900"
      }, {
        "lat" : 43.0565919237,
        "lon" : 141.3883665668,
        "time" : "20150408T091641+0900"
      }, {
        "lat" : 43.0566027801,
        "lon" : 141.3883804609,
        "time" : "20150408T091700+0900"
      }, {
        "lat" : 43.0566059924,
        "lon" : 141.3883988622,
        "time" : "20150408T091722+0900"
      }, {
        "lat" : 43.0566126101,
        "lon" : 141.3884638101,
        "time" : "20150408T091745+0900"
      }, {
        "lat" : 43.056595873,
        "lon" : 141.3885293,
        "time" : "20150408T091813+0900"
      } ]
    } ],
    "lastUpdate" : "20150408T013956Z"
  }, {
    "type" : "place",
    "startTime" : "20150408T091918+0900",
    "endTime" : "20150408T094413+0900",
    "place" : {
      "id" : 149205839,
      "type" : "unknown",
      "location" : {
        "lat" : 43.0564225724,
        "lon" : 141.3876606514
      }
    },
    "activities" : [ {
      "activity" : "walking",
      "group" : "walking",
      "manual" : false,
      "startTime" : "20150408T092759+0900",
      "endTime" : "20150408T092919+0900",
      "duration" : 80.0,
      "distance" : 61.0,
      "steps" : 122,
      "calories" : 4,
      "trackPoints" : [ ]
    } ],
    "lastUpdate" : "20150408T053224Z"
  }, {
    "type" : "place",
    "startTime" : "20150408T104033+0900",
    "endTime" : "20150408T104558+0900",
    "place" : {
      "id" : 149205839,
      "type" : "unknown",
      "location" : {
        "lat" : 43.0564225724,
        "lon" : 141.3876606514
      }
    },
    "activities" : [ {
      "activity" : "walking",
      "group" : "walking",
      "manual" : false,
      "startTime" : "20150408T104110+0900",
      "endTime" : "20150408T104140+0900",
      "duration" : 30.0,
      "distance" : 20.0,
      "steps" : 41,
      "calories" : 1,
      "trackPoints" : [ ]
    } ],
    "lastUpdate" : "20150408T053224Z"
  }, {
    "type" : "place",
    "startTime" : "20150408T114950+0900",
    "endTime" : "20150408T123118+0900",
    "place" : {
      "id" : 149205839,
      "type" : "unknown",
      "location" : {
        "lat" : 43.0564225724,
        "lon" : 141.3876606514
      }
    },
    "activities" : [ {
      "activity" : "walking",
      "group" : "walking",
      "manual" : false,
      "startTime" : "20150408T122651+0900",
      "endTime" : "20150408T122821+0900",
      "duration" : 90.0,
      "distance" : 81.0,
      "steps" : 162,
      "calories" : 5,
      "trackPoints" : [ ]
    } ],
    "lastUpdate" : "20150408T053224Z"
  }, {
    "type" : "move",
    "startTime" : "20150408T123118+0900",
    "endTime" : "20150408T125542+0900",
    "activities" : [ {
      "activity" : "transport",
      "group" : "transport",
      "manual" : false,
      "startTime" : "20150408T123118+0900",
      "endTime" : "20150408T125542+0900",
      "duration" : 1464.0,
      "distance" : 10397.0,
      "trackPoints" : [ {
        "lat" : 43.0564225724,
        "lon" : 141.3876606514,
        "time" : "20150408T123118+0900"
      }, {
        "lat" : 43.0557374227,
        "lon" : 141.3863301961,
        "time" : "20150408T123209+0900"
      }, {
        "lat" : 43.053029876,
        "lon" : 141.3835088615,
        "time" : "20150408T123321+0900"
      }, {
        "lat" : 43.053029876,
        "lon" : 141.3835088615,
        "time" : "20150408T123417+0900"
      }, {
        "lat" : 43.053029876,
        "lon" : 141.3835088615,
        "time" : "20150408T123437+0900"
      }, {
        "lat" : 43.0527962924,
        "lon" : 141.3834405581,
        "time" : "20150408T123501+0900"
      }, {
        "lat" : 43.0526835742,
        "lon" : 141.3835896137,
        "time" : "20150408T123525+0900"
      }, {
        "lat" : 43.0524161165,
        "lon" : 141.3839776509,
        "time" : "20150408T123543+0900"
      }, {
        "lat" : 43.0505260988,
        "lon" : 141.3871181675,
        "time" : "20150408T123609+0900"
      }, {
        "lat" : 43.0478796687,
        "lon" : 141.39214584,
        "time" : "20150408T123643+0900"
      }, {
        "lat" : 43.0462034979,
        "lon" : 141.3962235691,
        "time" : "20150408T123705+0900"
      }, {
        "lat" : 43.0462034979,
        "lon" : 141.3962235691,
        "time" : "20150408T123720+0900"
      }, {
        "lat" : 43.0462034979,
        "lon" : 141.3962235691,
        "time" : "20150408T123755+0900"
      }, {
        "lat" : 43.0462034979,
        "lon" : 141.3962235691,
        "time" : "20150408T123817+0900"
      }, {
        "lat" : 43.0462048626,
        "lon" : 141.3962210564,
        "time" : "20150408T123838+0900"
      }, {
        "lat" : 43.0450703003,
        "lon" : 141.3995833528,
        "time" : "20150408T123900+0900"
      }, {
        "lat" : 43.0445845283,
        "lon" : 141.4011426465,
        "time" : "20150408T123918+0900"
      }, {
        "lat" : 43.0437891161,
        "lon" : 141.4033527873,
        "time" : "20150408T123950+0900"
      }, {
        "lat" : 43.0401864076,
        "lon" : 141.4112842374,
        "time" : "20150408T124043+0900"
      }, {
        "lat" : 43.0400787151,
        "lon" : 141.4117622824,
        "time" : "20150408T124105+0900"
      }, {
        "lat" : 43.0386504986,
        "lon" : 141.4152615487,
        "time" : "20150408T124237+0900"
      }, {
        "lat" : 43.0372482656,
        "lon" : 141.4189231397,
        "time" : "20150408T124256+0900"
      }, {
        "lat" : 43.0365821066,
        "lon" : 141.4207239808,
        "time" : "20150408T124317+0900"
      }, {
        "lat" : 43.0365288111,
        "lon" : 141.4209569098,
        "time" : "20150408T124351+0900"
      }, {
        "lat" : 43.036100333,
        "lon" : 141.4220412145,
        "time" : "20150408T124413+0900"
      }, {
        "lat" : 43.0349726661,
        "lon" : 141.4249171253,
        "time" : "20150408T124437+0900"
      }, {
        "lat" : 43.033234192,
        "lon" : 141.4280966393,
        "time" : "20150408T124500+0900"
      }, {
        "lat" : 43.0299719633,
        "lon" : 141.4370773334,
        "time" : "20150408T124532+0900"
      }, {
        "lat" : 43.0299719633,
        "lon" : 141.4370773334,
        "time" : "20150408T124552+0900"
      }, {
        "lat" : 43.0299719633,
        "lon" : 141.4370773334,
        "time" : "20150408T124609+0900"
      }, {
        "lat" : 43.0299719633,
        "lon" : 141.4370773334,
        "time" : "20150408T124635+0900"
      }, {
        "lat" : 43.0299719633,
        "lon" : 141.4370773334,
        "time" : "20150408T124654+0900"
      }, {
        "lat" : 43.0294547844,
        "lon" : 141.4388199637,
        "time" : "20150408T124714+0900"
      }, {
        "lat" : 43.0294430027,
        "lon" : 141.4388021559,
        "time" : "20150408T124733+0900"
      }, {
        "lat" : 43.0284952365,
        "lon" : 141.4427575675,
        "time" : "20150408T124813+0900"
      }, {
        "lat" : 43.0278587801,
        "lon" : 141.4465570577,
        "time" : "20150408T124859+0900"
      }, {
        "lat" : 43.02740411,
        "lon" : 141.4473627371,
        "time" : "20150408T124938+0900"
      }, {
        "lat" : 43.0287201105,
        "lon" : 141.4553677967,
        "time" : "20150408T125033+0900"
      }, {
        "lat" : 43.0307408994,
        "lon" : 141.460112472,
        "time" : "20150408T125111+0900"
      }, {
        "lat" : 43.0320807643,
        "lon" : 141.4638469038,
        "time" : "20150408T125214+0900"
      }, {
        "lat" : 43.033881264,
        "lon" : 141.4694308805,
        "time" : "20150408T125244+0900"
      }, {
        "lat" : 43.0347465986,
        "lon" : 141.4719905371,
        "time" : "20150408T125315+0900"
      }, {
        "lat" : 43.0348356807,
        "lon" : 141.4721993146,
        "time" : "20150408T125339+0900"
      }, {
        "lat" : 43.0349146314,
        "lon" : 141.4732024348,
        "time" : "20150408T125409+0900"
      }, {
        "lat" : 43.0346975719,
        "lon" : 141.4741125201,
        "time" : "20150408T125437+0900"
      }, {
        "lat" : 43.0333379813,
        "lon" : 141.4755659413,
        "time" : "20150408T125542+0900"
      } ]
    } ],
    "lastUpdate" : "20150408T053224Z"
  }, {
    "type" : "place",
    "startTime" : "20150408T125542+0900",
    "endTime" : "20150408T140513+0900",
    "place" : {
      "id" : 149205840,
      "type" : "unknown",
      "location" : {
        "lat" : 43.0333379813,
        "lon" : 141.4755659413
      }
    },
    "activities" : [ {
      "activity" : "walking",
      "group" : "walking",
      "manual" : false,
      "startTime" : "20150408T125542+0900",
      "endTime" : "20150408T125605+0900",
      "duration" : 23.0,
      "distance" : 12.0,
      "steps" : 16,
      "calories" : 1,
      "trackPoints" : [ ]
    }, {
      "activity" : "walking",
      "group" : "walking",
      "manual" : false,
      "startTime" : "20150408T140332+0900",
      "endTime" : "20150408T140402+0900",
      "duration" : 30.0,
      "distance" : 36.0,
      "steps" : 71,
      "calories" : 2,
      "trackPoints" : [ ]
    } ],
    "lastUpdate" : "20150408T084303Z"
  }, {
    "type" : "move",
    "startTime" : "20150408T140513+0900",
    "endTime" : "20150408T142053+0900",
    "activities" : [ {
      "activity" : "transport",
      "group" : "transport",
      "manual" : false,
      "startTime" : "20150408T140513+0900",
      "endTime" : "20150408T142053+0900",
      "duration" : 940.0,
      "distance" : 6847.0,
      "trackPoints" : [ {
        "lat" : 43.0333379813,
        "lon" : 141.4755659413,
        "time" : "20150408T140513+0900"
      }, {
        "lat" : 43.0310848677,
        "lon" : 141.4759645932,
        "time" : "20150408T140608+0900"
      }, {
        "lat" : 43.0310580789,
        "lon" : 141.4758738623,
        "time" : "20150408T140625+0900"
      }, {
        "lat" : 43.0256788846,
        "lon" : 141.4776117808,
        "time" : "20150408T140805+0900"
      }, {
        "lat" : 43.0251184869,
        "lon" : 141.4792686567,
        "time" : "20150408T140831+0900"
      }, {
        "lat" : 43.0251297402,
        "lon" : 141.4792801417,
        "time" : "20150408T140851+0900"
      }, {
        "lat" : 43.0197999484,
        "lon" : 141.477238457,
        "time" : "20150408T141008+0900"
      }, {
        "lat" : 43.0190195788,
        "lon" : 141.4762701218,
        "time" : "20150408T141034+0900"
      }, {
        "lat" : 43.0137732521,
        "lon" : 141.4756478661,
        "time" : "20150408T141156+0900"
      }, {
        "lat" : 43.0123497146,
        "lon" : 141.4760260303,
        "time" : "20150408T141215+0900"
      }, {
        "lat" : 43.0121749698,
        "lon" : 141.476092306,
        "time" : "20150408T141236+0900"
      }, {
        "lat" : 43.0110592097,
        "lon" : 141.4756677103,
        "time" : "20150408T141254+0900"
      }, {
        "lat" : 43.0099115266,
        "lon" : 141.4745699776,
        "time" : "20150408T141310+0900"
      }, {
        "lat" : 43.0093317798,
        "lon" : 141.4744128049,
        "time" : "20150408T141342+0900"
      }, {
        "lat" : 43.0053582538,
        "lon" : 141.472805658,
        "time" : "20150408T141424+0900"
      }, {
        "lat" : 43.0037529036,
        "lon" : 141.4728287904,
        "time" : "20150408T141443+0900"
      }, {
        "lat" : 43.0034777178,
        "lon" : 141.4727775865,
        "time" : "20150408T141502+0900"
      }, {
        "lat" : 43.0017074776,
        "lon" : 141.4726614698,
        "time" : "20150408T141529+0900"
      }, {
        "lat" : 43.0017409068,
        "lon" : 141.4728393241,
        "time" : "20150408T141552+0900"
      }, {
        "lat" : 43.0011038221,
        "lon" : 141.4727481509,
        "time" : "20150408T141609+0900"
      }, {
        "lat" : 43.0007536891,
        "lon" : 141.4727634829,
        "time" : "20150408T141641+0900"
      }, {
        "lat" : 42.9942455893,
        "lon" : 141.4724104372,
        "time" : "20150408T141807+0900"
      }, {
        "lat" : 42.9925473172,
        "lon" : 141.4686997168,
        "time" : "20150408T141833+0900"
      }, {
        "lat" : 42.9890308718,
        "lon" : 141.4689506878,
        "time" : "20150408T141926+0900"
      }, {
        "lat" : 42.9876429153,
        "lon" : 141.4683654994,
        "time" : "20150408T141943+0900"
      }, {
        "lat" : 42.9858505225,
        "lon" : 141.4668687692,
        "time" : "20150408T142010+0900"
      }, {
        "lat" : 42.9849602691,
        "lon" : 141.4656792076,
        "time" : "20150408T142030+0900"
      }, {
        "lat" : 42.9853365207,
        "lon" : 141.4643766551,
        "time" : "20150408T142053+0900"
      } ]
    } ],
    "lastUpdate" : "20150408T084303Z"
  }, {
    "type" : "place",
    "startTime" : "20150408T142053+0900",
    "endTime" : "20150408T143210+0900",
    "place" : {
      "id" : 149220497,
      "type" : "unknown",
      "location" : {
        "lat" : 42.9853365207,
        "lon" : 141.4643766551
      }
    },
    "activities" : [ {
      "activity" : "walking",
      "group" : "walking",
      "manual" : false,
      "startTime" : "20150408T142203+0900",
      "endTime" : "20150408T142303+0900",
      "duration" : 60.0,
      "distance" : 35.0,
      "steps" : 71,
      "calories" : 2,
      "trackPoints" : [ ]
    } ],
    "lastUpdate" : "20150408T084303Z"
  }, {
    "type" : "move",
    "startTime" : "20150408T143210+0900",
    "endTime" : "20150408T160220+0900",
    "activities" : [ {
      "activity" : "cycling",
      "group" : "cycling",
      "manual" : false,
      "startTime" : "20150408T143210+0900",
      "endTime" : "20150408T160220+0900",
      "duration" : 5410.0,
      "distance" : 18442.0,
      "calories" : 501,
      "trackPoints" : [ {
        "lat" : 42.9853365207,
        "lon" : 141.4643766551,
        "time" : "20150408T143210+0900"
      }, {
        "lat" : 42.9867831808,
        "lon" : 141.4641968184,
        "time" : "20150408T143342+0900"
      }, {
        "lat" : 42.9871672078,
        "lon" : 141.4629033033,
        "time" : "20150408T143404+0900"
      }, {
        "lat" : 42.9874210452,
        "lon" : 141.4607975146,
        "time" : "20150408T143504+0900"
      }, {
        "lat" : 42.9871272022,
        "lon" : 141.459391349,
        "time" : "20150408T143523+0900"
      }, {
        "lat" : 42.9871952532,
        "lon" : 141.4580308563,
        "time" : "20150408T143544+0900"
      }, {
        "lat" : 42.9873692649,
        "lon" : 141.4557978068,
        "time" : "20150408T143619+0900"
      }, {
        "lat" : 42.986715978,
        "lon" : 141.455043544,
        "time" : "20150408T143650+0900"
      }, {
        "lat" : 42.9864980401,
        "lon" : 141.4550113434,
        "time" : "20150408T143724+0900"
      }, {
        "lat" : 42.9864658191,
        "lon" : 141.4549813866,
        "time" : "20150408T143747+0900"
      }, {
        "lat" : 42.9865623051,
        "lon" : 141.4548118673,
        "time" : "20150408T143811+0900"
      }, {
        "lat" : 42.9870657567,
        "lon" : 141.4542997513,
        "time" : "20150408T143834+0900"
      }, {
        "lat" : 42.9878344519,
        "lon" : 141.4532520233,
        "time" : "20150408T143852+0900"
      }, {
        "lat" : 42.9884224605,
        "lon" : 141.4527466327,
        "time" : "20150408T143909+0900"
      }, {
        "lat" : 42.9892398138,
        "lon" : 141.4517187881,
        "time" : "20150408T143943+0900"
      }, {
        "lat" : 42.9898415736,
        "lon" : 141.4509460832,
        "time" : "20150408T144005+0900"
      }, {
        "lat" : 42.9910972095,
        "lon" : 141.449537539,
        "time" : "20150408T144037+0900"
      }, {
        "lat" : 42.9918940274,
        "lon" : 141.4483431322,
        "time" : "20150408T144111+0900"
      }, {
        "lat" : 42.9929879582,
        "lon" : 141.4467528495,
        "time" : "20150408T144139+0900"
      }, {
        "lat" : 42.9950106004,
        "lon" : 141.4451899675,
        "time" : "20150408T144205+0900"
      }, {
        "lat" : 42.9952516255,
        "lon" : 141.4448414481,
        "time" : "20150408T144221+0900"
      }, {
        "lat" : 42.9958051776,
        "lon" : 141.4439903214,
        "time" : "20150408T144236+0900"
      }, {
        "lat" : 42.9965448499,
        "lon" : 141.4430221137,
        "time" : "20150408T144301+0900"
      }, {
        "lat" : 42.9969563673,
        "lon" : 141.4426060303,
        "time" : "20150408T144328+0900"
      }, {
        "lat" : 42.9980304622,
        "lon" : 141.4414695202,
        "time" : "20150408T144356+0900"
      }, {
        "lat" : 42.9985479514,
        "lon" : 141.4406288905,
        "time" : "20150408T144414+0900"
      }, {
        "lat" : 42.9993252794,
        "lon" : 141.4396400762,
        "time" : "20150408T144435+0900"
      }, {
        "lat" : 43.0000680945,
        "lon" : 141.4388929291,
        "time" : "20150408T144451+0900"
      }, {
        "lat" : 43.0007714576,
        "lon" : 141.4380268294,
        "time" : "20150408T144520+0900"
      }, {
        "lat" : 43.0008768102,
        "lon" : 141.4378301104,
        "time" : "20150408T144539+0900"
      }, {
        "lat" : 43.0018562146,
        "lon" : 141.4368723957,
        "time" : "20150408T144611+0900"
      }, {
        "lat" : 43.0024929329,
        "lon" : 141.4359468347,
        "time" : "20150408T144628+0900"
      }, {
        "lat" : 43.0027462704,
        "lon" : 141.4355562068,
        "time" : "20150408T144645+0900"
      }, {
        "lat" : 43.0026591156,
        "lon" : 141.4357085883,
        "time" : "20150408T144708+0900"
      }, {
        "lat" : 43.0026762309,
        "lon" : 141.4356299173,
        "time" : "20150408T144740+0900"
      }, {
        "lat" : 43.0033910684,
        "lon" : 141.4345058564,
        "time" : "20150408T144817+0900"
      }, {
        "lat" : 43.0041254194,
        "lon" : 141.4334252069,
        "time" : "20150408T144842+0900"
      }, {
        "lat" : 43.004536098,
        "lon" : 141.4327820249,
        "time" : "20150408T144908+0900"
      }, {
        "lat" : 43.0049393937,
        "lon" : 141.4316730042,
        "time" : "20150408T144929+0900"
      }, {
        "lat" : 43.0052781524,
        "lon" : 141.4315944078,
        "time" : "20150408T144946+0900"
      }, {
        "lat" : 43.0053674665,
        "lon" : 141.4315436636,
        "time" : "20150408T145002+0900"
      }, {
        "lat" : 43.0053046924,
        "lon" : 141.4310117735,
        "time" : "20150408T145026+0900"
      }, {
        "lat" : 43.0054981657,
        "lon" : 141.4303554046,
        "time" : "20150408T145049+0900"
      }, {
        "lat" : 43.0062615593,
        "lon" : 141.4295364372,
        "time" : "20150408T145124+0900"
      }, {
        "lat" : 43.0066239918,
        "lon" : 141.4289556413,
        "time" : "20150408T145147+0900"
      }, {
        "lat" : 43.0069797452,
        "lon" : 141.4284072907,
        "time" : "20150408T145210+0900"
      }, {
        "lat" : 43.0076814085,
        "lon" : 141.4274519711,
        "time" : "20150408T145231+0900"
      }, {
        "lat" : 43.0079464064,
        "lon" : 141.4270147669,
        "time" : "20150408T145248+0900"
      }, {
        "lat" : 43.0087874811,
        "lon" : 141.4255090468,
        "time" : "20150408T145328+0900"
      }, {
        "lat" : 43.0092234056,
        "lon" : 141.4246847169,
        "time" : "20150408T145350+0900"
      }, {
        "lat" : 43.0100187847,
        "lon" : 141.4242196711,
        "time" : "20150408T145409+0900"
      }, {
        "lat" : 43.0102549174,
        "lon" : 141.4235811161,
        "time" : "20150408T145432+0900"
      }, {
        "lat" : 43.0106545677,
        "lon" : 141.4224216093,
        "time" : "20150408T145459+0900"
      }, {
        "lat" : 43.0126853714,
        "lon" : 141.418696761,
        "time" : "20150408T145732+0900"
      }, {
        "lat" : 43.013435557,
        "lon" : 141.4172460119,
        "time" : "20150408T145756+0900"
      }, {
        "lat" : 43.0142011527,
        "lon" : 141.4168377357,
        "time" : "20150408T145815+0900"
      }, {
        "lat" : 43.0140879222,
        "lon" : 141.4165589174,
        "time" : "20150408T145838+0900"
      }, {
        "lat" : 43.0142231343,
        "lon" : 141.4161889282,
        "time" : "20150408T145901+0900"
      }, {
        "lat" : 43.01475778,
        "lon" : 141.4151874927,
        "time" : "20150408T145924+0900"
      }, {
        "lat" : 43.0152440543,
        "lon" : 141.4143780885,
        "time" : "20150408T145943+0900"
      }, {
        "lat" : 43.0157408661,
        "lon" : 141.4133045473,
        "time" : "20150408T145959+0900"
      }, {
        "lat" : 43.0157411633,
        "lon" : 141.413303905,
        "time" : "20150408T150000+0900"
      }, {
        "lat" : 43.0161803196,
        "lon" : 141.4123549493,
        "time" : "20150408T150014+0900"
      }, {
        "lat" : 43.0164038492,
        "lon" : 141.4117285772,
        "time" : "20150408T150037+0900"
      }, {
        "lat" : 43.0173280563,
        "lon" : 141.4096586625,
        "time" : "20150408T150116+0900"
      }, {
        "lat" : 43.0176277653,
        "lon" : 141.4092304573,
        "time" : "20150408T150132+0900"
      }, {
        "lat" : 43.0179510916,
        "lon" : 141.408312176,
        "time" : "20150408T150206+0900"
      }, {
        "lat" : 43.018334033,
        "lon" : 141.4080253535,
        "time" : "20150408T150242+0900"
      }, {
        "lat" : 43.0187462193,
        "lon" : 141.4069899926,
        "time" : "20150408T150305+0900"
      }, {
        "lat" : 43.0191074246,
        "lon" : 141.4063307059,
        "time" : "20150408T150323+0900"
      }, {
        "lat" : 43.0193669873,
        "lon" : 141.4058551695,
        "time" : "20150408T150340+0900"
      }, {
        "lat" : 43.0196249501,
        "lon" : 141.4055754374,
        "time" : "20150408T150403+0900"
      }, {
        "lat" : 43.0197848816,
        "lon" : 141.4053706631,
        "time" : "20150408T150427+0900"
      }, {
        "lat" : 43.0203177221,
        "lon" : 141.4047395827,
        "time" : "20150408T150451+0900"
      }, {
        "lat" : 43.0207695273,
        "lon" : 141.4042226354,
        "time" : "20150408T150508+0900"
      }, {
        "lat" : 43.0211929879,
        "lon" : 141.4036814606,
        "time" : "20150408T150524+0900"
      }, {
        "lat" : 43.0219561241,
        "lon" : 141.4028340087,
        "time" : "20150408T150545+0900"
      }, {
        "lat" : 43.0231194823,
        "lon" : 141.4017442514,
        "time" : "20150408T150621+0900"
      }, {
        "lat" : 43.023802211,
        "lon" : 141.4008722994,
        "time" : "20150408T150648+0900"
      }, {
        "lat" : 43.0253469619,
        "lon" : 141.3995437435,
        "time" : "20150408T150721+0900"
      }, {
        "lat" : 43.0260694432,
        "lon" : 141.3988882283,
        "time" : "20150408T150750+0900"
      }, {
        "lat" : 43.0271843296,
        "lon" : 141.3984343196,
        "time" : "20150408T150825+0900"
      }, {
        "lat" : 43.0272023484,
        "lon" : 141.3984559674,
        "time" : "20150408T150848+0900"
      }, {
        "lat" : 43.0279580228,
        "lon" : 141.3979475147,
        "time" : "20150408T150914+0900"
      }, {
        "lat" : 43.0283967081,
        "lon" : 141.3976616851,
        "time" : "20150408T150933+0900"
      }, {
        "lat" : 43.0289102745,
        "lon" : 141.3973392114,
        "time" : "20150408T150951+0900"
      }, {
        "lat" : 43.029681742,
        "lon" : 141.3969565834,
        "time" : "20150408T151026+0900"
      }, {
        "lat" : 43.0296761262,
        "lon" : 141.3968940206,
        "time" : "20150408T151044+0900"
      }, {
        "lat" : 43.0297923303,
        "lon" : 141.3968858949,
        "time" : "20150408T151107+0900"
      }, {
        "lat" : 43.0305342685,
        "lon" : 141.396405022,
        "time" : "20150408T151129+0900"
      }, {
        "lat" : 43.0319215215,
        "lon" : 141.395598385,
        "time" : "20150408T151158+0900"
      }, {
        "lat" : 43.0326989698,
        "lon" : 141.3950593159,
        "time" : "20150408T151214+0900"
      }, {
        "lat" : 43.0336910966,
        "lon" : 141.3943396702,
        "time" : "20150408T151237+0900"
      }, {
        "lat" : 43.0344686224,
        "lon" : 141.3938089679,
        "time" : "20150408T151302+0900"
      }, {
        "lat" : 43.0347264287,
        "lon" : 141.393653314,
        "time" : "20150408T151325+0900"
      }, {
        "lat" : 43.0353049737,
        "lon" : 141.3931918283,
        "time" : "20150408T151350+0900"
      }, {
        "lat" : 43.0360573684,
        "lon" : 141.3927529647,
        "time" : "20150408T151413+0900"
      }, {
        "lat" : 43.0376194218,
        "lon" : 141.3916631595,
        "time" : "20150408T151446+0900"
      }, {
        "lat" : 43.0388033562,
        "lon" : 141.390743245,
        "time" : "20150408T151510+0900"
      }, {
        "lat" : 43.0397172679,
        "lon" : 141.3900510136,
        "time" : "20150408T151537+0900"
      }, {
        "lat" : 43.039953509,
        "lon" : 141.3898508365,
        "time" : "20150408T151559+0900"
      }, {
        "lat" : 43.0400594555,
        "lon" : 141.3897711565,
        "time" : "20150408T151617+0900"
      }, {
        "lat" : 43.0406314322,
        "lon" : 141.3890087898,
        "time" : "20150408T151651+0900"
      }, {
        "lat" : 43.041163248,
        "lon" : 141.3882036276,
        "time" : "20150408T151725+0900"
      }, {
        "lat" : 43.0415665237,
        "lon" : 141.3874453482,
        "time" : "20150408T151800+0900"
      }, {
        "lat" : 43.0420738882,
        "lon" : 141.3865779638,
        "time" : "20150408T151823+0900"
      }, {
        "lat" : 43.0430702583,
        "lon" : 141.3848800572,
        "time" : "20150408T151855+0900"
      }, {
        "lat" : 43.0432982855,
        "lon" : 141.3846937324,
        "time" : "20150408T151927+0900"
      }, {
        "lat" : 43.0434731817,
        "lon" : 141.3845284049,
        "time" : "20150408T151949+0900"
      }, {
        "lat" : 43.0438712095,
        "lon" : 141.3837533496,
        "time" : "20150408T152011+0900"
      }, {
        "lat" : 43.0444356305,
        "lon" : 141.3831585352,
        "time" : "20150408T152028+0900"
      }, {
        "lat" : 43.0451356458,
        "lon" : 141.3826509183,
        "time" : "20150408T152049+0900"
      }, {
        "lat" : 43.0451654474,
        "lon" : 141.3816081837,
        "time" : "20150408T152127+0900"
      }, {
        "lat" : 43.0458521426,
        "lon" : 141.3807932889,
        "time" : "20150408T152146+0900"
      }, {
        "lat" : 43.0463143889,
        "lon" : 141.3797084891,
        "time" : "20150408T152209+0900"
      }, {
        "lat" : 43.0467243482,
        "lon" : 141.3788837604,
        "time" : "20150408T152232+0900"
      }, {
        "lat" : 43.0469818396,
        "lon" : 141.3784653985,
        "time" : "20150408T152255+0900"
      }, {
        "lat" : 43.0472167595,
        "lon" : 141.3781532993,
        "time" : "20150408T152318+0900"
      }, {
        "lat" : 43.0477352787,
        "lon" : 141.3775520993,
        "time" : "20150408T152335+0900"
      }, {
        "lat" : 43.0483277242,
        "lon" : 141.3765504963,
        "time" : "20150408T152359+0900"
      }, {
        "lat" : 43.0493522717,
        "lon" : 141.3747045708,
        "time" : "20150408T152436+0900"
      }, {
        "lat" : 43.0495805734,
        "lon" : 141.3743888303,
        "time" : "20150408T152454+0900"
      }, {
        "lat" : 43.0497833951,
        "lon" : 141.3739639508,
        "time" : "20150408T152518+0900"
      }, {
        "lat" : 43.0500508145,
        "lon" : 141.3735295214,
        "time" : "20150408T152544+0900"
      }, {
        "lat" : 43.05041206,
        "lon" : 141.3730074836,
        "time" : "20150408T152607+0900"
      }, {
        "lat" : 43.0511982256,
        "lon" : 141.3719469393,
        "time" : "20150408T152630+0900"
      }, {
        "lat" : 43.051743403,
        "lon" : 141.3713817125,
        "time" : "20150408T152704+0900"
      }, {
        "lat" : 43.0520050457,
        "lon" : 141.3704721791,
        "time" : "20150408T152729+0900"
      }, {
        "lat" : 43.0526514658,
        "lon" : 141.3697448552,
        "time" : "20150408T152748+0900"
      }, {
        "lat" : 43.052952177,
        "lon" : 141.3686298881,
        "time" : "20150408T152809+0900"
      }, {
        "lat" : 43.053194337,
        "lon" : 141.3684751666,
        "time" : "20150408T152845+0900"
      }, {
        "lat" : 43.0534344428,
        "lon" : 141.3681895968,
        "time" : "20150408T152908+0900"
      }, {
        "lat" : 43.0539233742,
        "lon" : 141.3675026605,
        "time" : "20150408T152927+0900"
      }, {
        "lat" : 43.054434901,
        "lon" : 141.3666141699,
        "time" : "20150408T152948+0900"
      }, {
        "lat" : 43.0549720747,
        "lon" : 141.3656652893,
        "time" : "20150408T153011+0900"
      }, {
        "lat" : 43.0549890599,
        "lon" : 141.3654034205,
        "time" : "20150408T153032+0900"
      }, {
        "lat" : 43.0551330266,
        "lon" : 141.3652600233,
        "time" : "20150408T153047+0900"
      }, {
        "lat" : 43.056623383,
        "lon" : 141.3597760957,
        "time" : "20150408T153347+0900"
      }, {
        "lat" : 43.0565586035,
        "lon" : 141.3586296967,
        "time" : "20150408T153413+0900"
      }, {
        "lat" : 43.0564454076,
        "lon" : 141.3575838024,
        "time" : "20150408T153441+0900"
      }, {
        "lat" : 43.0559678747,
        "lon" : 141.3555822984,
        "time" : "20150408T153527+0900"
      }, {
        "lat" : 43.0558956534,
        "lon" : 141.3548669276,
        "time" : "20150408T153549+0900"
      }, {
        "lat" : 43.0559504848,
        "lon" : 141.3548072656,
        "time" : "20150408T153609+0900"
      }, {
        "lat" : 43.0559370208,
        "lon" : 141.3534722864,
        "time" : "20150408T153650+0900"
      }, {
        "lat" : 43.0555398534,
        "lon" : 141.3518192215,
        "time" : "20150408T153724+0900"
      }, {
        "lat" : 43.055090729,
        "lon" : 141.3505261919,
        "time" : "20150408T153745+0900"
      }, {
        "lat" : 43.0550348962,
        "lon" : 141.3497621422,
        "time" : "20150408T153804+0900"
      }, {
        "lat" : 43.0550562859,
        "lon" : 141.3491062326,
        "time" : "20150408T153827+0900"
      }, {
        "lat" : 43.0550391281,
        "lon" : 141.348302735,
        "time" : "20150408T153850+0900"
      }, {
        "lat" : 43.055106084,
        "lon" : 141.3466278547,
        "time" : "20150408T153928+0900"
      }, {
        "lat" : 43.0551686748,
        "lon" : 141.3452493535,
        "time" : "20150408T153953+0900"
      }, {
        "lat" : 43.0561382503,
        "lon" : 141.3415980915,
        "time" : "20150408T154110+0900"
      }, {
        "lat" : 43.056231024,
        "lon" : 141.3418511946,
        "time" : "20150408T154128+0900"
      }, {
        "lat" : 43.056416952,
        "lon" : 141.3415949627,
        "time" : "20150408T154144+0900"
      }, {
        "lat" : 43.0573112003,
        "lon" : 141.3413946117,
        "time" : "20150408T154207+0900"
      }, {
        "lat" : 43.0582966865,
        "lon" : 141.3411894963,
        "time" : "20150408T154240+0900"
      }, {
        "lat" : 43.0585188652,
        "lon" : 141.3411728435,
        "time" : "20150408T154300+0900"
      }, {
        "lat" : 43.0586084421,
        "lon" : 141.3412155552,
        "time" : "20150408T154323+0900"
      }, {
        "lat" : 43.0587813809,
        "lon" : 141.341375243,
        "time" : "20150408T154346+0900"
      }, {
        "lat" : 43.0589528267,
        "lon" : 141.3413810169,
        "time" : "20150408T154409+0900"
      }, {
        "lat" : 43.0603523128,
        "lon" : 141.3413554695,
        "time" : "20150408T154439+0900"
      }, {
        "lat" : 43.0606065944,
        "lon" : 141.3426161171,
        "time" : "20150408T154503+0900"
      }, {
        "lat" : 43.0608426008,
        "lon" : 141.3435066889,
        "time" : "20150408T154520+0900"
      }, {
        "lat" : 43.0611533953,
        "lon" : 141.3452909857,
        "time" : "20150408T154556+0900"
      }, {
        "lat" : 43.061271435,
        "lon" : 141.3455558891,
        "time" : "20150408T154614+0900"
      }, {
        "lat" : 43.0612950608,
        "lon" : 141.3457693756,
        "time" : "20150408T154637+0900"
      }, {
        "lat" : 43.0613185811,
        "lon" : 141.3459940894,
        "time" : "20150408T154700+0900"
      }, {
        "lat" : 43.0613571017,
        "lon" : 141.3467017175,
        "time" : "20150408T154724+0900"
      }, {
        "lat" : 43.0614200355,
        "lon" : 141.3473522643,
        "time" : "20150408T154746+0900"
      }, {
        "lat" : 43.0617114118,
        "lon" : 141.3482333253,
        "time" : "20150408T154805+0900"
      }, {
        "lat" : 43.062299757,
        "lon" : 141.348334242,
        "time" : "20150408T154832+0900"
      }, {
        "lat" : 43.0626525709,
        "lon" : 141.3487615653,
        "time" : "20150408T154853+0900"
      }, {
        "lat" : 43.0628364519,
        "lon" : 141.3493040342,
        "time" : "20150408T154916+0900"
      }, {
        "lat" : 43.063082765,
        "lon" : 141.3498921493,
        "time" : "20150408T154948+0900"
      }, {
        "lat" : 43.0631773268,
        "lon" : 141.3499102457,
        "time" : "20150408T155003+0900"
      }, {
        "lat" : 43.0633446715,
        "lon" : 141.3497900612,
        "time" : "20150408T155019+0900"
      }, {
        "lat" : 43.0637153332,
        "lon" : 141.3495614685,
        "time" : "20150408T155046+0900"
      }, {
        "lat" : 43.0641523758,
        "lon" : 141.3494615931,
        "time" : "20150408T155111+0900"
      }, {
        "lat" : 43.0651770017,
        "lon" : 141.3494291484,
        "time" : "20150408T155207+0900"
      }, {
        "lat" : 43.0652614956,
        "lon" : 141.3493196675,
        "time" : "20150408T155226+0900"
      }, {
        "lat" : 43.0657112372,
        "lon" : 141.3492804362,
        "time" : "20150408T155245+0900"
      }, {
        "lat" : 43.0662090378,
        "lon" : 141.3490663866,
        "time" : "20150408T155309+0900"
      }, {
        "lat" : 43.0664326585,
        "lon" : 141.349025617,
        "time" : "20150408T155337+0900"
      }, {
        "lat" : 43.066585393,
        "lon" : 141.3490458225,
        "time" : "20150408T155403+0900"
      }, {
        "lat" : 43.0665971915,
        "lon" : 141.3490547888,
        "time" : "20150408T155441+0900"
      }, {
        "lat" : 43.0665973101,
        "lon" : 141.3490550742,
        "time" : "20150408T155509+0900"
      }, {
        "lat" : 43.066610753,
        "lon" : 141.3490569268,
        "time" : "20150408T155530+0900"
      }, {
        "lat" : 43.0673183879,
        "lon" : 141.348907893,
        "time" : "20150408T155555+0900"
      }, {
        "lat" : 43.067597511,
        "lon" : 141.3489392848,
        "time" : "20150408T155611+0900"
      }, {
        "lat" : 43.0677819658,
        "lon" : 141.3486724675,
        "time" : "20150408T155631+0900"
      }, {
        "lat" : 43.0677819658,
        "lon" : 141.3486724675,
        "time" : "20150408T155651+0900"
      }, {
        "lat" : 43.0687039913,
        "lon" : 141.3484797323,
        "time" : "20150408T155722+0900"
      }, {
        "lat" : 43.0687952134,
        "lon" : 141.3484037414,
        "time" : "20150408T155751+0900"
      }, {
        "lat" : 43.0687952134,
        "lon" : 141.3484037414,
        "time" : "20150408T155812+0900"
      }, {
        "lat" : 43.0687952134,
        "lon" : 141.3484037414,
        "time" : "20150408T155846+0900"
      }, {
        "lat" : 43.0692429708,
        "lon" : 141.3482926144,
        "time" : "20150408T155911+0900"
      }, {
        "lat" : 43.0698083231,
        "lon" : 141.3481986775,
        "time" : "20150408T155934+0900"
      }, {
        "lat" : 43.0698044383,
        "lon" : 141.3479600442,
        "time" : "20150408T155953+0900"
      }, {
        "lat" : 43.0698931588,
        "lon" : 141.347977119,
        "time" : "20150408T155959+0900"
      }, {
        "lat" : 43.0698932901,
        "lon" : 141.3479771442,
        "time" : "20150408T160000+0900"
      }, {
        "lat" : 43.0701443764,
        "lon" : 141.3480254673,
        "time" : "20150408T160019+0900"
      }, {
        "lat" : 43.0705719637,
        "lon" : 141.3464626179,
        "time" : "20150408T160106+0900"
      }, {
        "lat" : 43.0708570972,
        "lon" : 141.3454000439,
        "time" : "20150408T160124+0900"
      }, {
        "lat" : 43.0708075808,
        "lon" : 141.3441100629,
        "time" : "20150408T160151+0900"
      }, {
        "lat" : 43.0702059442,
        "lon" : 141.3439393513,
        "time" : "20150408T160220+0900"
      } ]
    } ],
    "lastUpdate" : "20150408T084303Z"
  }, {
    "type" : "place",
    "startTime" : "20150408T160220+0900",
    "endTime" : "20150408T160641+0900",
    "place" : {
      "id" : 149223136,
      "type" : "unknown",
      "location" : {
        "lat" : 43.0702059442,
        "lon" : 141.3439393513
      }
    },
    "activities" : [ {
      "activity" : "walking",
      "group" : "walking",
      "manual" : false,
      "startTime" : "20150408T160220+0900",
      "endTime" : "20150408T160414+0900",
      "duration" : 114.0,
      "distance" : 115.0,
      "steps" : 230,
      "calories" : 7,
      "trackPoints" : [ ]
    } ],
    "lastUpdate" : "20150408T084303Z"
  }, {
    "type" : "move",
    "startTime" : "20150408T160641+0900",
    "endTime" : "20150408T161356+0900",
    "activities" : [ {
      "activity" : "cycling",
      "group" : "cycling",
      "manual" : false,
      "startTime" : "20150408T160641+0900",
      "endTime" : "20150408T161356+0900",
      "duration" : 435.0,
      "distance" : 2055.0,
      "calories" : 54,
      "trackPoints" : [ {
        "lat" : 43.0702059442,
        "lon" : 141.3439393513,
        "time" : "20150408T160641+0900"
      }, {
        "lat" : 43.0706042652,
        "lon" : 141.3438422486,
        "time" : "20150408T160704+0900"
      }, {
        "lat" : 43.0713276239,
        "lon" : 141.3433504594,
        "time" : "20150408T160727+0900"
      }, {
        "lat" : 43.0728575324,
        "lon" : 141.3426131763,
        "time" : "20150408T160806+0900"
      }, {
        "lat" : 43.0739332679,
        "lon" : 141.3422966956,
        "time" : "20150408T160831+0900"
      }, {
        "lat" : 43.0749134093,
        "lon" : 141.3424606772,
        "time" : "20150408T160856+0900"
      }, {
        "lat" : 43.0756209725,
        "lon" : 141.3421611672,
        "time" : "20150408T160913+0900"
      }, {
        "lat" : 43.0764966144,
        "lon" : 141.3419708964,
        "time" : "20150408T160936+0900"
      }, {
        "lat" : 43.0775631777,
        "lon" : 141.3414838075,
        "time" : "20150408T160957+0900"
      }, {
        "lat" : 43.0789024803,
        "lon" : 141.3410312174,
        "time" : "20150408T161034+0900"
      }, {
        "lat" : 43.0797783708,
        "lon" : 141.3409604841,
        "time" : "20150408T161055+0900"
      }, {
        "lat" : 43.0805875308,
        "lon" : 141.341519207,
        "time" : "20150408T161130+0900"
      }, {
        "lat" : 43.0808415618,
        "lon" : 141.3423214632,
        "time" : "20150408T161146+0900"
      }, {
        "lat" : 43.0810433198,
        "lon" : 141.3432554915,
        "time" : "20150408T161205+0900"
      }, {
        "lat" : 43.0812484659,
        "lon" : 141.3439923107,
        "time" : "20150408T161224+0900"
      }, {
        "lat" : 43.0814323621,
        "lon" : 141.3451864636,
        "time" : "20150408T161254+0900"
      }, {
        "lat" : 43.0818680659,
        "lon" : 141.3450940731,
        "time" : "20150408T161319+0900"
      }, {
        "lat" : 43.0843685253,
        "lon" : 141.345080654,
        "time" : "20150408T161356+0900"
      } ]
    } ],
    "lastUpdate" : "20150408T084303Z"
  }, {
    "type" : "place",
    "startTime" : "20150408T161356+0900",
    "endTime" : "20150408T162506+0900",
    "place" : {
      "id" : 141435006,
      "type" : "unknown",
      "location" : {
        "lat" : 43.0843685253,
        "lon" : 141.345080654
      }
    },
    "activities" : [ {
      "activity" : "walking",
      "group" : "walking",
      "manual" : false,
      "startTime" : "20150408T161356+0900",
      "endTime" : "20150408T161706+0900",
      "duration" : 190.0,
      "distance" : 188.0,
      "steps" : 251,
      "calories" : 11,
      "trackPoints" : [ ]
    } ],
    "lastUpdate" : "20150408T084303Z"
  }, {
    "type" : "move",
    "startTime" : "20150408T162506+0900",
    "endTime" : "20150408T162939+0900",
    "activities" : [ {
      "activity" : "cycling",
      "group" : "cycling",
      "manual" : false,
      "startTime" : "20150408T162506+0900",
      "endTime" : "20150408T162940+0900",
      "duration" : 274.0,
      "distance" : 880.0,
      "calories" : 24,
      "trackPoints" : [ {
        "lat" : 43.0843685253,
        "lon" : 141.345080654,
        "time" : "20150408T162506+0900"
      }, {
        "lat" : 43.0838563525,
        "lon" : 141.3446429171,
        "time" : "20150408T162550+0900"
      }, {
        "lat" : 43.0821954234,
        "lon" : 141.3449351367,
        "time" : "20150408T162622+0900"
      }, {
        "lat" : 43.0817392641,
        "lon" : 141.3449594009,
        "time" : "20150408T162641+0900"
      }, {
        "lat" : 43.0814152911,
        "lon" : 141.344100951,
        "time" : "20150408T162704+0900"
      }, {
        "lat" : 43.0811352894,
        "lon" : 141.343144199,
        "time" : "20150408T162736+0900"
      }, {
        "lat" : 43.0811129284,
        "lon" : 141.3431176554,
        "time" : "20150408T162758+0900"
      }, {
        "lat" : 43.0810678013,
        "lon" : 141.3431657159,
        "time" : "20150408T162818+0900"
      }, {
        "lat" : 43.0810562492,
        "lon" : 141.3431118876,
        "time" : "20150408T162836+0900"
      }, {
        "lat" : 43.0810053325,
        "lon" : 141.3422957009,
        "time" : "20150408T162853+0900"
      }, {
        "lat" : 43.0794932905,
        "lon" : 141.3403872229,
        "time" : "20150408T162939+0900"
      } ]
    } ],
    "lastUpdate" : "20150408T084303Z"
  }, {
    "type" : "place",
    "startTime" : "20150408T162939+0900",
    "endTime" : "20150408T163936+0900",
    "place" : {
      "id" : 141367537,
      "type" : "unknown",
      "location" : {
        "lat" : 43.0794932905,
        "lon" : 141.3403872229
      }
    },
    "activities" : [ {
      "activity" : "walking",
      "group" : "walking",
      "manual" : false,
      "startTime" : "20150408T163005+0900",
      "endTime" : "20150408T163038+0900",
      "duration" : 33.0,
      "distance" : 39.0,
      "steps" : 79,
      "calories" : 2,
      "trackPoints" : [ ]
    } ],
    "lastUpdate" : "20150408T084303Z"
  }, {
    "type" : "move",
    "startTime" : "20150408T163936+0900",
    "endTime" : "20150408T164423+0900",
    "activities" : [ {
      "activity" : "cycling",
      "group" : "cycling",
      "manual" : false,
      "startTime" : "20150408T163936+0900",
      "endTime" : "20150408T164423+0900",
      "duration" : 287.0,
      "distance" : 934.0,
      "calories" : 26,
      "trackPoints" : [ {
        "lat" : 43.0794932905,
        "lon" : 141.3403872229,
        "time" : "20150408T163936+0900"
      }, {
        "lat" : 43.0810298674,
        "lon" : 141.3421861332,
        "time" : "20150408T164004+0900"
      }, {
        "lat" : 43.0810243018,
        "lon" : 141.3420488427,
        "time" : "20150408T164039+0900"
      }, {
        "lat" : 43.0810931541,
        "lon" : 141.3426871025,
        "time" : "20150408T164056+0900"
      }, {
        "lat" : 43.0811884184,
        "lon" : 141.3432417899,
        "time" : "20150408T164120+0900"
      }, {
        "lat" : 43.0812825981,
        "lon" : 141.3440722349,
        "time" : "20150408T164138+0900"
      }, {
        "lat" : 43.0814897629,
        "lon" : 141.3451467328,
        "time" : "20150408T164158+0900"
      }, {
        "lat" : 43.0820611723,
        "lon" : 141.3451166379,
        "time" : "20150408T164232+0900"
      }, {
        "lat" : 43.0829616851,
        "lon" : 141.3447714098,
        "time" : "20150408T164255+0900"
      }, {
        "lat" : 43.0835611607,
        "lon" : 141.3446516497,
        "time" : "20150408T164318+0900"
      }, {
        "lat" : 43.083617422,
        "lon" : 141.3446275501,
        "time" : "20150408T164344+0900"
      }, {
        "lat" : 43.084134983,
        "lon" : 141.3446654342,
        "time" : "20150408T164403+0900"
      }, {
        "lat" : 43.0843685253,
        "lon" : 141.345080654,
        "time" : "20150408T164423+0900"
      } ]
    } ],
    "lastUpdate" : "20150408T084303Z"
  }, {
    "type" : "place",
    "startTime" : "20150408T164423+0900",
    "endTime" : "20150408T182109+0900",
    "place" : {
      "id" : 141435006,
      "type" : "unknown",
      "location" : {
        "lat" : 43.0843685253,
        "lon" : 141.345080654
      }
    },
    "activities" : [ {
      "activity" : "walking",
      "group" : "walking",
      "manual" : false,
      "startTime" : "20150408T164451+0900",
      "endTime" : "20150408T164551+0900",
      "duration" : 60.0,
      "distance" : 51.0,
      "steps" : 101,
      "calories" : 3,
      "trackPoints" : [ ]
    }, {
      "activity" : "walking",
      "group" : "walking",
      "manual" : false,
      "startTime" : "20150408T180927+0900",
      "endTime" : "20150408T181037+0900",
      "duration" : 70.0,
      "distance" : 68.0,
      "steps" : 136,
      "calories" : 4,
      "trackPoints" : [ ]
    } ],
    "lastUpdate" : "20150408T095130Z"
  }, {
    "type" : "move",
    "startTime" : "20150408T182109+0900",
    "endTime" : "20150408T182926+0900",
    "activities" : [ {
      "activity" : "transport",
      "group" : "transport",
      "manual" : false,
      "startTime" : "20150408T182109+0900",
      "endTime" : "20150408T182926+0900",
      "duration" : 497.0,
      "distance" : 3014.0,
      "trackPoints" : [ {
        "lat" : 43.0843685253,
        "lon" : 141.345080654,
        "time" : "20150408T182109+0900"
      }, {
        "lat" : 43.0834912422,
        "lon" : 141.344705167,
        "time" : "20150408T182126+0900"
      }, {
        "lat" : 43.0819863788,
        "lon" : 141.345119405,
        "time" : "20150408T182154+0900"
      }, {
        "lat" : 43.0819922384,
        "lon" : 141.3450948133,
        "time" : "20150408T182217+0900"
      }, {
        "lat" : 43.0788012426,
        "lon" : 141.3458512135,
        "time" : "20150408T182255+0900"
      }, {
        "lat" : 43.0769933756,
        "lon" : 141.3466209224,
        "time" : "20150408T182318+0900"
      }, {
        "lat" : 43.0771085876,
        "lon" : 141.3479357939,
        "time" : "20150408T182334+0900"
      }, {
        "lat" : 43.0771151671,
        "lon" : 141.3479710993,
        "time" : "20150408T182401+0900"
      }, {
        "lat" : 43.077122085,
        "lon" : 141.3481737118,
        "time" : "20150408T182423+0900"
      }, {
        "lat" : 43.0771278572,
        "lon" : 141.3492627439,
        "time" : "20150408T182447+0900"
      }, {
        "lat" : 43.0773336662,
        "lon" : 141.3508957982,
        "time" : "20150408T182514+0900"
      }, {
        "lat" : 43.0773917521,
        "lon" : 141.3511950471,
        "time" : "20150408T182535+0900"
      }, {
        "lat" : 43.0756615555,
        "lon" : 141.35149231,
        "time" : "20150408T182638+0900"
      }, {
        "lat" : 43.0737994356,
        "lon" : 141.3520395448,
        "time" : "20150408T182653+0900"
      }, {
        "lat" : 43.0703924995,
        "lon" : 141.3529647047,
        "time" : "20150408T182729+0900"
      }, {
        "lat" : 43.0703566393,
        "lon" : 141.3529860147,
        "time" : "20150408T182746+0900"
      }, {
        "lat" : 43.0703436339,
        "lon" : 141.3529717605,
        "time" : "20150408T182810+0900"
      }, {
        "lat" : 43.0674780332,
        "lon" : 141.3541681202,
        "time" : "20150408T182833+0900"
      }, {
        "lat" : 43.0660341289,
        "lon" : 141.3540121994,
        "time" : "20150408T182911+0900"
      }, {
        "lat" : 43.0659924248,
        "lon" : 141.3553684071,
        "time" : "20150408T182926+0900"
      } ]
    } ],
    "lastUpdate" : "20150408T095130Z"
  }, {
    "type" : "place",
    "startTime" : "20150408T182926+0900",
    "endTime" : "20150408T184655+0900",
    "place" : {
      "id" : 149246864,
      "type" : "unknown",
      "location" : {
        "lat" : 43.0659924248,
        "lon" : 141.3553684071
      }
    },
    "lastUpdate" : "20150408T125459Z"
  }, {
    "type" : "move",
    "startTime" : "20150408T184655+0900",
    "endTime" : "20150408T185114+0900",
    "activities" : [ {
      "activity" : "walking",
      "group" : "walking",
      "manual" : false,
      "startTime" : "20150408T184655+0900",
      "endTime" : "20150408T185114+0900",
      "duration" : 259.0,
      "distance" : 298.0,
      "steps" : 345,
      "calories" : 18,
      "trackPoints" : [ {
        "lat" : 43.0659924248,
        "lon" : 141.3553684071,
        "time" : "20150408T184655+0900"
      }, {
        "lat" : 43.0671484683,
        "lon" : 141.3525999631,
        "time" : "20150408T185114+0900"
      } ]
    } ],
    "lastUpdate" : "20150408T125459Z"
  }, {
    "type" : "place",
    "startTime" : "20150408T185114+0900",
    "endTime" : "20150408T211056+0900",
    "place" : {
      "id" : 149002175,
      "type" : "unknown",
      "location" : {
        "lat" : 43.0671484683,
        "lon" : 141.3525999631
      }
    },
    "activities" : [ {
      "activity" : "walking",
      "group" : "walking",
      "manual" : false,
      "startTime" : "20150408T185326+0900",
      "endTime" : "20150408T185429+0900",
      "duration" : 63.0,
      "distance" : 63.0,
      "steps" : 127,
      "calories" : 4,
      "trackPoints" : [ ]
    }, {
      "activity" : "walking",
      "group" : "walking",
      "manual" : false,
      "startTime" : "20150408T190000+0900",
      "endTime" : "20150408T191057+0900",
      "duration" : 657.0,
      "distance" : 803.0,
      "steps" : 1071,
      "calories" : 48,
      "trackPoints" : [ ]
    }, {
      "activity" : "walking",
      "group" : "walking",
      "manual" : false,
      "startTime" : "20150408T200342+0900",
      "endTime" : "20150408T201212+0900",
      "duration" : 510.0,
      "distance" : 494.0,
      "steps" : 658,
      "calories" : 29,
      "trackPoints" : [ ]
    }, {
      "activity" : "walking",
      "group" : "walking",
      "manual" : false,
      "startTime" : "20150408T210756+0900",
      "endTime" : "20150408T210826+0900",
      "duration" : 30.0,
      "distance" : 25.0,
      "steps" : 51,
      "calories" : 1,
      "trackPoints" : [ ]
    } ],
    "lastUpdate" : "20150408T125502Z"
  }, {
    "type" : "move",
    "startTime" : "20150408T211056+0900",
    "endTime" : "20150408T211627+0900",
    "activities" : [ {
      "activity" : "walking",
      "group" : "walking",
      "manual" : false,
      "startTime" : "20150408T211056+0900",
      "endTime" : "20150408T211627+0900",
      "duration" : 331.0,
      "distance" : 415.0,
      "steps" : 498,
      "calories" : 25,
      "trackPoints" : [ {
        "lat" : 43.0671484683,
        "lon" : 141.3525999631,
        "time" : "20150408T211056+0900"
      }, {
        "lat" : 43.0670819271,
        "lon" : 141.3522204356,
        "time" : "20150408T211113+0900"
      }, {
        "lat" : 43.0670965192,
        "lon" : 141.352539894,
        "time" : "20150408T211138+0900"
      }, {
        "lat" : 43.067179004,
        "lon" : 141.3530614129,
        "time" : "20150408T211211+0900"
      }, {
        "lat" : 43.0670048984,
        "lon" : 141.3533526981,
        "time" : "20150408T211233+0900"
      }, {
        "lat" : 43.066995653,
        "lon" : 141.3534831904,
        "time" : "20150408T211249+0900"
      }, {
        "lat" : 43.0671205019,
        "lon" : 141.3536180521,
        "time" : "20150408T211305+0900"
      }, {
        "lat" : 43.0670709551,
        "lon" : 141.353540035,
        "time" : "20150408T211328+0900"
      }, {
        "lat" : 43.0668852976,
        "lon" : 141.3535975527,
        "time" : "20150408T211352+0900"
      }, {
        "lat" : 43.0666384484,
        "lon" : 141.3537248243,
        "time" : "20150408T211409+0900"
      }, {
        "lat" : 43.0664138462,
        "lon" : 141.3538162506,
        "time" : "20150408T211427+0900"
      }, {
        "lat" : 43.066313201,
        "lon" : 141.3538331392,
        "time" : "20150408T211449+0900"
      }, {
        "lat" : 43.0660682459,
        "lon" : 141.3539858708,
        "time" : "20150408T211513+0900"
      }, {
        "lat" : 43.0659734956,
        "lon" : 141.3541947931,
        "time" : "20150408T211536+0900"
      }, {
        "lat" : 43.066086622,
        "lon" : 141.3544723792,
        "time" : "20150408T211555+0900"
      }, {
        "lat" : 43.0661420253,
        "lon" : 141.3546987333,
        "time" : "20150408T211611+0900"
      }, {
        "lat" : 43.0659924248,
        "lon" : 141.3553684071,
        "time" : "20150408T211627+0900"
      } ]
    } ],
    "lastUpdate" : "20150408T125502Z"
  }, {
    "type" : "place",
    "startTime" : "20150408T211627+0900",
    "endTime" : "20150408T223446+0900",
    "place" : {
      "id" : 149027819,
      "type" : "unknown",
      "location" : {
        "lat" : 43.0658032634,
        "lon" : 141.3558556783
      }
    },
    "activities" : [ {
      "activity" : "walking",
      "group" : "walking",
      "manual" : false,
      "startTime" : "20150408T211926+0900",
      "endTime" : "20150408T212056+0900",
      "duration" : 90.0,
      "distance" : 81.0,
      "steps" : 163,
      "calories" : 5,
      "trackPoints" : [ ]
    }, {
      "activity" : "walking",
      "group" : "walking",
      "manual" : false,
      "startTime" : "20150408T222616+0900",
      "endTime" : "20150408T222646+0900",
      "duration" : 30.0,
      "distance" : 15.0,
      "steps" : 20,
      "calories" : 1,
      "trackPoints" : [ ]
    } ],
    "lastUpdate" : "20150408T142631Z"
  }, {
    "type" : "move",
    "startTime" : "20150408T223446+0900",
    "endTime" : "20150408T224823+0900",
    "activities" : [ {
      "activity" : "walking",
      "group" : "walking",
      "manual" : false,
      "startTime" : "20150408T223446+0900",
      "endTime" : "20150408T223650+0900",
      "duration" : 124.0,
      "distance" : 95.0,
      "steps" : 167,
      "calories" : 6,
      "trackPoints" : [ {
        "lat" : 43.0658032634,
        "lon" : 141.3558556783,
        "time" : "20150408T223446+0900"
      }, {
        "lat" : 43.0658556895,
        "lon" : 141.355281041,
        "time" : "20150408T223506+0900"
      }, {
        "lat" : 43.0658429209,
        "lon" : 141.3552356755,
        "time" : "20150408T223538+0900"
      }, {
        "lat" : 43.0657941382,
        "lon" : 141.3554705072,
        "time" : "20150408T223600+0900"
      }, {
        "lat" : 43.0657713834,
        "lon" : 141.35569608,
        "time" : "20150408T223623+0900"
      }, {
        "lat" : 43.065807913,
        "lon" : 141.3557251973,
        "time" : "20150408T223650+0900"
      } ]
    }, {
      "activity" : "transport",
      "group" : "transport",
      "manual" : false,
      "startTime" : "20150408T223650+0900",
      "endTime" : "20150408T224420+0900",
      "duration" : 450.0,
      "distance" : 2764.0,
      "trackPoints" : [ {
        "lat" : 43.065807913,
        "lon" : 141.3557251973,
        "time" : "20150408T223650+0900"
      }, {
        "lat" : 43.0660105682,
        "lon" : 141.3556771358,
        "time" : "20150408T223716+0900"
      }, {
        "lat" : 43.0660939322,
        "lon" : 141.3556028862,
        "time" : "20150408T223737+0900"
      }, {
        "lat" : 43.0672694447,
        "lon" : 141.3552583971,
        "time" : "20150408T223753+0900"
      }, {
        "lat" : 43.0693217255,
        "lon" : 141.3549331825,
        "time" : "20150408T223816+0900"
      }, {
        "lat" : 43.0697526709,
        "lon" : 141.3549365739,
        "time" : "20150408T223836+0900"
      }, {
        "lat" : 43.0697495174,
        "lon" : 141.3549372009,
        "time" : "20150408T223854+0900"
      }, {
        "lat" : 43.073738231,
        "lon" : 141.3538165503,
        "time" : "20150408T223923+0900"
      }, {
        "lat" : 43.0755922916,
        "lon" : 141.3532348914,
        "time" : "20150408T223947+0900"
      }, {
        "lat" : 43.0774813496,
        "lon" : 141.3521542193,
        "time" : "20150408T224007+0900"
      }, {
        "lat" : 43.0776110304,
        "lon" : 141.3521492047,
        "time" : "20150408T224032+0900"
      }, {
        "lat" : 43.0775991459,
        "lon" : 141.3521438109,
        "time" : "20150408T224055+0900"
      }, {
        "lat" : 43.0787812413,
        "lon" : 141.3519309146,
        "time" : "20150408T224136+0900"
      }, {
        "lat" : 43.0800693141,
        "lon" : 141.3516596944,
        "time" : "20150408T224153+0900"
      }, {
        "lat" : 43.0819293177,
        "lon" : 141.3504033983,
        "time" : "20150408T224221+0900"
      }, {
        "lat" : 43.0829586172,
        "lon" : 141.3499326526,
        "time" : "20150408T224252+0900"
      }, {
        "lat" : 43.0851475042,
        "lon" : 141.3464319671,
        "time" : "20150408T224402+0900"
      }, {
        "lat" : 43.0852137957,
        "lon" : 141.3458583147,
        "time" : "20150408T224420+0900"
      } ]
    }, {
      "activity" : "walking",
      "group" : "walking",
      "manual" : false,
      "startTime" : "20150408T224420+0900",
      "endTime" : "20150408T224823+0900",
      "duration" : 243.0,
      "distance" : 226.0,
      "steps" : 421,
      "calories" : 13,
      "trackPoints" : [ {
        "lat" : 43.0852137957,
        "lon" : 141.3458583147,
        "time" : "20150408T224420+0900"
      }, {
        "lat" : 43.0852212079,
        "lon" : 141.3457281984,
        "time" : "20150408T224511+0900"
      }, {
        "lat" : 43.0852261856,
        "lon" : 141.3455829176,
        "time" : "20150408T224527+0900"
      }, {
        "lat" : 43.0851526604,
        "lon" : 141.3453061662,
        "time" : "20150408T224544+0900"
      }, {
        "lat" : 43.0846075631,
        "lon" : 141.3444998046,
        "time" : "20150408T224644+0900"
      }, {
        "lat" : 43.0844278629,
        "lon" : 141.3445309069,
        "time" : "20150408T224703+0900"
      }, {
        "lat" : 43.0843167482,
        "lon" : 141.3446985346,
        "time" : "20150408T224726+0900"
      }, {
        "lat" : 43.0842987653,
        "lon" : 141.3449443579,
        "time" : "20150408T224800+0900"
      }, {
        "lat" : 43.0843685253,
        "lon" : 141.345080654,
        "time" : "20150408T224823+0900"
      } ]
    } ],
    "lastUpdate" : "20150408T142631Z"
  }, {
    "type" : "place",
    "startTime" : "20150408T224823+0900",
    "endTime" : "20150409T093359+0900",
    "place" : {
      "id" : 141435006,
      "type" : "unknown",
      "location" : {
        "lat" : 43.0843685253,
        "lon" : 141.345080654
      }
    },
    "lastUpdate" : "20150409T024639Z"
  } ],
  "caloriesIdle" : 1706,
  "lastUpdate" : "20150409T024639Z"
} ]