[ {
  "date" : "20180220",
  "summary" : [ {
    "activity" : "walking",
    "group" : "walking",
    "duration" : 4662.0,
    "distance" : 6946.0,
    "steps" : 7044,
    "calories" : 384
  }, {
    "activity" : "running",
    "group" : "running",
    "duration" : 158.0,
    "distance" : 392.0,
    "steps" : 444,
    "calories" : 26
  }, {
    "activity" : "transport",
    "group" : "transport",
    "duration" : 4843.0,
    "distance" : 65972.0
  }, {
    "activity" : "airplane",
    "group" : "transport",
    "duration" : 9448.0,
    "distance" : 1595301.0
  } ],
  "segments" : [ {
    "type" : "place",
    "startTime" : "20180219T212601+0900",
    "endTime" : "20180220T100146+0900",
    "place" : {
      "id" : 240320372,
      "type" : "unknown",
      "location" : {
        "lat" : 43.084854,
        "lon" : 141.34483
      }
    },
    "activities" : [ {
      "activity" : "walking",
      "group" : "walking",
      "manual" : false,
      "startTime" : "20180220T095820+0900",
      "endTime" : "20180220T095838+0900",
      "duration" : 18.0,
      "distance" : 13.0,
      "steps" : 26,
      "calories" : 1,
      "trackPoints" : [ ]
    }, {
      "activity" : "walking",
      "group" : "walking",
      "manual" : false,
      "startTime" : "20180220T100000+0900",
      "endTime" : "20180220T100026+0900",
      "duration" : 26.0,
      "distance" : 20.0,
      "steps" : 40,
      "calories" : 1,
      "trackPoints" : [ ]
    } ],
    "lastUpdate" : "20180220T022641Z"
  }, {
    "type" : "move",
    "startTime" : "20180220T100146+0900",
    "endTime" : "20180220T100858+0900",
    "activities" : [ {
      "activity" : "running",
      "group" : "running",
      "manual" : false,
      "startTime" : "20180220T100146+0900",
      "endTime" : "20180220T100424+0900",
      "duration" : 158.0,
      "distance" : 392.0,
      "steps" : 444,
      "calories" : 26,
      "trackPoints" : [ {
        "lat" : 43.084854,
        "lon" : 141.34483,
        "time" : "20180220T100146+0900"
      }, {
        "lat" : 43.084365,
        "lon" : 141.34457,
        "time" : "20180220T100211+0900"
      }, {
        "lat" : 43.084903,
        "lon" : 141.34427,
        "time" : "20180220T100235+0900"
      }, {
        "lat" : 43.085384,
        "lon" : 141.34417,
        "time" : "20180220T100258+0900"
      }, {
        "lat" : 43.085653,
        "lon" : 141.3442,
        "time" : "20180220T100314+0900"
      }, {
        "lat" : 43.086031,
        "lon" : 141.34417,
        "time" : "20180220T100333+0900"
      }, {
        "lat" : 43.086948,
        "lon" : 141.34384,
        "time" : "20180220T100424+0900"
      } ]
    }, {
      "activity" : "walking",
      "group" : "walking",
      "manual" : false,
      "startTime" : "20180220T100424+0900",
      "endTime" : "20180220T100858+0900",
      "duration" : 274.0,
      "distance" : 423.0,
      "steps" : 532,
      "calories" : 23,
      "trackPoints" : [ {
        "lat" : 43.086948,
        "lon" : 141.34384,
        "time" : "20180220T100424+0900"
      }, {
        "lat" : 43.087325,
        "lon" : 141.34371,
        "time" : "20180220T100452+0900"
      }, {
        "lat" : 43.087622,
        "lon" : 141.34365,
        "time" : "20180220T100513+0900"
      }, {
        "lat" : 43.087937,
        "lon" : 141.34358,
        "time" : "20180220T100532+0900"
      }, {
        "lat" : 43.088143,
        "lon" : 141.34354,
        "time" : "20180220T100551+0900"
      }, {
        "lat" : 43.088432,
        "lon" : 141.34345,
        "time" : "20180220T100613+0900"
      }, {
        "lat" : 43.088732,
        "lon" : 141.34332,
        "time" : "20180220T100637+0900"
      }, {
        "lat" : 43.088963,
        "lon" : 141.34326,
        "time" : "20180220T100703+0900"
      }, {
        "lat" : 43.089235,
        "lon" : 141.34336,
        "time" : "20180220T100721+0900"
      }, {
        "lat" : 43.089335,
        "lon" : 141.34365,
        "time" : "20180220T100744+0900"
      }, {
        "lat" : 43.089473,
        "lon" : 141.34432,
        "time" : "20180220T100821+0900"
      }, {
        "lat" : 43.089765,
        "lon" : 141.3449,
        "time" : "20180220T100858+0900"
      } ]
    } ],
    "lastUpdate" : "20180220T022641Z"
  }, {
    "type" : "place",
    "startTime" : "20180220T100858+0900",
    "endTime" : "20180220T101514+0900",
    "place" : {
      "id" : 247050010,
      "type" : "unknown",
      "location" : {
        "lat" : 43.089765,
        "lon" : 141.3449
      }
    },
    "activities" : [ {
      "activity" : "walking",
      "group" : "walking",
      "manual" : false,
      "startTime" : "20180220T100858+0900",
      "endTime" : "20180220T100914+0900",
      "duration" : 16.0,
      "distance" : 12.0,
      "steps" : 24,
      "calories" : 1,
      "trackPoints" : [ ]
    } ],
    "lastUpdate" : "20180220T040014Z"
  }, {
    "type" : "move",
    "startTime" : "20180220T101514+0900",
    "endTime" : "20180220T113000+0900",
    "activities" : [ {
      "activity" : "transport",
      "group" : "transport",
      "manual" : false,
      "startTime" : "20180220T101514+0900",
      "endTime" : "20180220T112511+0900",
      "duration" : 4197.0,
      "distance" : 59401.0,
      "trackPoints" : [ {
        "lat" : 43.089765,
        "lon" : 141.3449,
        "time" : "20180220T101514+0900"
      }, {
        "lat" : 43.090301,
        "lon" : 141.34441,
        "time" : "20180220T101549+0900"
      }, {
        "lat" : 43.090266,
        "lon" : 141.3441,
        "time" : "20180220T101612+0900"
      }, {
        "lat" : 43.090242,
        "lon" : 141.34395,
        "time" : "20180220T101641+0900"
      }, {
        "lat" : 43.090236,
        "lon" : 141.34392,
        "time" : "20180220T101658+0900"
      }, {
        "lat" : 43.090229,
        "lon" : 141.34388,
        "time" : "20180220T101718+0900"
      }, {
        "lat" : 43.090131,
        "lon" : 141.34338,
        "time" : "20180220T101742+0900"
      }, {
        "lat" : 43.090221,
        "lon" : 141.34289,
        "time" : "20180220T101804+0900"
      }, {
        "lat" : 43.090522,
        "lon" : 141.34281,
        "time" : "20180220T101822+0900"
      }, {
        "lat" : 43.091524,
        "lon" : 141.34264,
        "time" : "20180220T101842+0900"
      }, {
        "lat" : 43.094962,
        "lon" : 141.34171,
        "time" : "20180220T101915+0900"
      }, {
        "lat" : 43.096315,
        "lon" : 141.34136,
        "time" : "20180220T101934+0900"
      }, {
        "lat" : 43.096837,
        "lon" : 141.34131,
        "time" : "20180220T102004+0900"
      }, {
        "lat" : 43.097033,
        "lon" : 141.34122,
        "time" : "20180220T102020+0900"
      }, {
        "lat" : 43.097038,
        "lon" : 141.34124,
        "time" : "20180220T102040+0900"
      }, {
        "lat" : 43.097255,
        "lon" : 141.34119,
        "time" : "20180220T102103+0900"
      }, {
        "lat" : 43.097458,
        "lon" : 141.34106,
        "time" : "20180220T102119+0900"
      }, {
        "lat" : 43.097674,
        "lon" : 141.34092,
        "time" : "20180220T102134+0900"
      }, {
        "lat" : 43.097839,
        "lon" : 141.34089,
        "time" : "20180220T102203+0900"
      }, {
        "lat" : 43.098315,
        "lon" : 141.34079,
        "time" : "20180220T102229+0900"
      }, {
        "lat" : 43.098958,
        "lon" : 141.34075,
        "time" : "20180220T102253+0900"
      }, {
        "lat" : 43.099199,
        "lon" : 141.34069,
        "time" : "20180220T102319+0900"
      }, {
        "lat" : 43.099788,
        "lon" : 141.34033,
        "time" : "20180220T102425+0900"
      }, {
        "lat" : 43.100164,
        "lon" : 141.34026,
        "time" : "20180220T102450+0900"
      }, {
        "lat" : 43.100155,
        "lon" : 141.34041,
        "time" : "20180220T102507+0900"
      }, {
        "lat" : 43.100155,
        "lon" : 141.34041,
        "time" : "20180220T102537+0900"
      }, {
        "lat" : 43.101192,
        "lon" : 141.34016,
        "time" : "20180220T102604+0900"
      }, {
        "lat" : 43.10224,
        "lon" : 141.33977,
        "time" : "20180220T102627+0900"
      }, {
        "lat" : 43.102589,
        "lon" : 141.33973,
        "time" : "20180220T102656+0900"
      }, {
        "lat" : 43.104731,
        "lon" : 141.33925,
        "time" : "20180220T102717+0900"
      }, {
        "lat" : 43.106557,
        "lon" : 141.33891,
        "time" : "20180220T102740+0900"
      }, {
        "lat" : 43.106617,
        "lon" : 141.33897,
        "time" : "20180220T102806+0900"
      }, {
        "lat" : 43.106603,
        "lon" : 141.33898,
        "time" : "20180220T102832+0900"
      }, {
        "lat" : 43.106601,
        "lon" : 141.33898,
        "time" : "20180220T102856+0900"
      }, {
        "lat" : 43.106571,
        "lon" : 141.33899,
        "time" : "20180220T102916+0900"
      }, {
        "lat" : 43.105919,
        "lon" : 141.33899,
        "time" : "20180220T103238+0900"
      }, {
        "lat" : 43.105466,
        "lon" : 141.33911,
        "time" : "20180220T103254+0900"
      }, {
        "lat" : 43.104043,
        "lon" : 141.33948,
        "time" : "20180220T103315+0900"
      }, {
        "lat" : 43.10229,
        "lon" : 141.33983,
        "time" : "20180220T103336+0900"
      }, {
        "lat" : 43.101979,
        "lon" : 141.34002,
        "time" : "20180220T103352+0900"
      }, {
        "lat" : 43.101389,
        "lon" : 141.34008,
        "time" : "20180220T103419+0900"
      }, {
        "lat" : 43.100764,
        "lon" : 141.34111,
        "time" : "20180220T103444+0900"
      }, {
        "lat" : 43.101282,
        "lon" : 141.34413,
        "time" : "20180220T103510+0900"
      }, {
        "lat" : 43.101282,
        "lon" : 141.34413,
        "time" : "20180220T103534+0900"
      }, {
        "lat" : 43.103094,
        "lon" : 141.35779,
        "time" : "20180220T103931+0900"
      }, {
        "lat" : 43.104356,
        "lon" : 141.36698,
        "time" : "20180220T104010+0900"
      }, {
        "lat" : 43.104702,
        "lon" : 141.37116,
        "time" : "20180220T104026+0900"
      }, {
        "lat" : 43.086069,
        "lon" : 141.41695,
        "time" : "20180220T104349+0900"
      }, {
        "lat" : 43.082059,
        "lon" : 141.41935,
        "time" : "20180220T104411+0900"
      }, {
        "lat" : 43.063688,
        "lon" : 141.42397,
        "time" : "20180220T104552+0900"
      }, {
        "lat" : 43.060244,
        "lon" : 141.42466,
        "time" : "20180220T104608+0900"
      }, {
        "lat" : 43.042501,
        "lon" : 141.43712,
        "time" : "20180220T104753+0900"
      }, {
        "lat" : 43.039414,
        "lon" : 141.43944,
        "time" : "20180220T104811+0900"
      }, {
        "lat" : 43.02921,
        "lon" : 141.44692,
        "time" : "20180220T104911+0900"
      }, {
        "lat" : 43.024247,
        "lon" : 141.45421,
        "time" : "20180220T104950+0900"
      }, {
        "lat" : 43.014091,
        "lon" : 141.4648,
        "time" : "20180220T105119+0900"
      }, {
        "lat" : 43.010829,
        "lon" : 141.46589,
        "time" : "20180220T105140+0900"
      }, {
        "lat" : 42.968864,
        "lon" : 141.48966,
        "time" : "20180220T105510+0900"
      }, {
        "lat" : 42.966005,
        "lon" : 141.49355,
        "time" : "20180220T105527+0900"
      }, {
        "lat" : 42.938483,
        "lon" : 141.52307,
        "time" : "20180220T105852+0900"
      }, {
        "lat" : 42.935603,
        "lon" : 141.52625,
        "time" : "20180220T105908+0900"
      }, {
        "lat" : 42.92521,
        "lon" : 141.53149,
        "time" : "20180220T105959+0900"
      }, {
        "lat" : 42.925208,
        "lon" : 141.53149,
        "time" : "20180220T110000+0900"
      }, {
        "lat" : 42.890023,
        "lon" : 141.54921,
        "time" : "20180220T110256+0900"
      }, {
        "lat" : 42.886819,
        "lon" : 141.54926,
        "time" : "20180220T110311+0900"
      }, {
        "lat" : 42.811677,
        "lon" : 141.62606,
        "time" : "20180220T111052+0900"
      }, {
        "lat" : 42.810607,
        "lon" : 141.62782,
        "time" : "20180220T111108+0900"
      }, {
        "lat" : 42.810666,
        "lon" : 141.63684,
        "time" : "20180220T111227+0900"
      }, {
        "lat" : 42.812596,
        "lon" : 141.64135,
        "time" : "20180220T111312+0900"
      }, {
        "lat" : 42.816253,
        "lon" : 141.64687,
        "time" : "20180220T111421+0900"
      }, {
        "lat" : 42.816916,
        "lon" : 141.64798,
        "time" : "20180220T111437+0900"
      }, {
        "lat" : 42.816979,
        "lon" : 141.64811,
        "time" : "20180220T111453+0900"
      }, {
        "lat" : 42.81702,
        "lon" : 141.64824,
        "time" : "20180220T111509+0900"
      }, {
        "lat" : 42.817036,
        "lon" : 141.6484,
        "time" : "20180220T111532+0900"
      }, {
        "lat" : 42.816423,
        "lon" : 141.64901,
        "time" : "20180220T111555+0900"
      }, {
        "lat" : 42.817572,
        "lon" : 141.66382,
        "time" : "20180220T111810+0900"
      }, {
        "lat" : 42.815349,
        "lon" : 141.66644,
        "time" : "20180220T111831+0900"
      }, {
        "lat" : 42.808716,
        "lon" : 141.67466,
        "time" : "20180220T111932+0900"
      }, {
        "lat" : 42.797226,
        "lon" : 141.67684,
        "time" : "20180220T112151+0900"
      }, {
        "lat" : 42.795936,
        "lon" : 141.67714,
        "time" : "20180220T112207+0900"
      }, {
        "lat" : 42.787593,
        "lon" : 141.6803,
        "time" : "20180220T112428+0900"
      }, {
        "lat" : 42.787839,
        "lon" : 141.68089,
        "time" : "20180220T112453+0900"
      }, {
        "lat" : 42.787861,
        "lon" : 141.68094,
        "time" : "20180220T112511+0900"
      } ]
    }, {
      "activity" : "walking",
      "group" : "walking",
      "manual" : false,
      "startTime" : "20180220T112511+0900",
      "endTime" : "20180220T113000+0900",
      "duration" : 289.0,
      "distance" : 265.0,
      "steps" : 530,
      "calories" : 15,
      "trackPoints" : [ {
        "lat" : 42.787861,
        "lon" : 141.68094,
        "time" : "20180220T112511+0900"
      }, {
        "lat" : 42.787856,
        "lon" : 141.68096,
        "time" : "20180220T112547+0900"
      }, {
        "lat" : 42.787965,
        "lon" : 141.68095,
        "time" : "20180220T112618+0900"
      }, {
        "lat" : 42.788257,
        "lon" : 141.68082,
        "time" : "20180220T112636+0900"
      }, {
        "lat" : 42.788462,
        "lon" : 141.6808,
        "time" : "20180220T112655+0900"
      }, {
        "lat" : 42.788655,
        "lon" : 141.68073,
        "time" : "20180220T112729+0900"
      }, {
        "lat" : 42.788771,
        "lon" : 141.68062,
        "time" : "20180220T112803+0900"
      }, {
        "lat" : 42.788884,
        "lon" : 141.68037,
        "time" : "20180220T112838+0900"
      }, {
        "lat" : 42.788862,
        "lon" : 141.68026,
        "time" : "20180220T112858+0900"
      }, {
        "lat" : 42.788814,
        "lon" : 141.68023,
        "time" : "20180220T112913+0900"
      }, {
        "lat" : 42.788818,
        "lon" : 141.68018,
        "time" : "20180220T112930+0900"
      }, {
        "lat" : 42.788947,
        "lon" : 141.68018,
        "time" : "20180220T113000+0900"
      } ]
    } ],
    "lastUpdate" : "20180220T040014Z"
  }, {
    "type" : "place",
    "startTime" : "20180220T113000+0900",
    "endTime" : "20180220T114046+0900",
    "place" : {
      "id" : 142113691,
      "type" : "unknown",
      "location" : {
        "lat" : 42.7889466442,
        "lon" : 141.6801833982
      }
    },
    "activities" : [ {
      "activity" : "walking",
      "group" : "walking",
      "manual" : false,
      "startTime" : "20180220T113000+0900",
      "endTime" : "20180220T113505+0900",
      "duration" : 305.0,
      "distance" : 343.0,
      "steps" : 458,
      "calories" : 19,
      "trackPoints" : [ ]
    } ],
    "lastUpdate" : "20180220T040014Z"
  }, {
    "type" : "move",
    "startTime" : "20180220T114046+0900",
    "endTime" : "20180220T114619+0900",
    "activities" : [ {
      "activity" : "walking",
      "group" : "walking",
      "manual" : false,
      "startTime" : "20180220T114046+0900",
      "endTime" : "20180220T114619+0900",
      "duration" : 333.0,
      "distance" : 197.0,
      "steps" : 394,
      "calories" : 11,
      "trackPoints" : [ {
        "lat" : 42.788947,
        "lon" : 141.68018,
        "time" : "20180220T114046+0900"
      }, {
        "lat" : 42.788713,
        "lon" : 141.6803,
        "time" : "20180220T114121+0900"
      }, {
        "lat" : 42.788726,
        "lon" : 141.68025,
        "time" : "20180220T114143+0900"
      }, {
        "lat" : 42.788746,
        "lon" : 141.68022,
        "time" : "20180220T114206+0900"
      }, {
        "lat" : 42.788799,
        "lon" : 141.68017,
        "time" : "20180220T114226+0900"
      }, {
        "lat" : 42.789039,
        "lon" : 141.68003,
        "time" : "20180220T114306+0900"
      }, {
        "lat" : 42.789097,
        "lon" : 141.67999,
        "time" : "20180220T114322+0900"
      }, {
        "lat" : 42.789102,
        "lon" : 141.67996,
        "time" : "20180220T114343+0900"
      }, {
        "lat" : 42.789111,
        "lon" : 141.67985,
        "time" : "20180220T114504+0900"
      }, {
        "lat" : 42.789652,
        "lon" : 141.68003,
        "time" : "20180220T114619+0900"
      } ]
    } ],
    "lastUpdate" : "20180220T040014Z"
  }, {
    "type" : "place",
    "startTime" : "20180220T114620+0900",
    "endTime" : "20180220T123728+0900",
    "place" : {
      "id" : 252352758,
      "type" : "unknown",
      "location" : {
        "lat" : 42.789652,
        "lon" : 141.68003
      }
    },
    "activities" : [ {
      "activity" : "walking",
      "group" : "walking",
      "manual" : false,
      "startTime" : "20180220T115150+0900",
      "endTime" : "20180220T115357+0900",
      "duration" : 127.0,
      "distance" : 144.0,
      "steps" : 192,
      "calories" : 8,
      "trackPoints" : [ ]
    }, {
      "activity" : "walking",
      "group" : "walking",
      "manual" : false,
      "startTime" : "20180220T120726+0900",
      "endTime" : "20180220T121040+0900",
      "duration" : 194.0,
      "distance" : 201.0,
      "steps" : 268,
      "calories" : 11,
      "trackPoints" : [ ]
    } ],
    "lastUpdate" : "20180220T040014Z"
  }, {
    "type" : "place",
    "startTime" : "20180220T123729+0900",
    "endTime" : "20180220T130858+0900",
    "place" : {
      "id" : 572691283,
      "type" : "unknown",
      "location" : {
        "lat" : 42.790993,
        "lon" : 141.68039
      }
    },
    "lastUpdate" : "20180220T082539Z"
  }, {
    "type" : "place",
    "startTime" : "20180220T130859+0900",
    "endTime" : "20180220T134351+0900",
    "place" : {
      "id" : 413633099,
      "type" : "unknown",
      "location" : {
        "lat" : 42.789773,
        "lon" : 141.68048
      }
    },
    "activities" : [ {
      "activity" : "walking",
      "group" : "walking",
      "manual" : false,
      "startTime" : "20180220T133116+0900",
      "endTime" : "20180220T133251+0900",
      "duration" : 95.0,
      "distance" : 72.0,
      "steps" : 144,
      "calories" : 4,
      "trackPoints" : [ ]
    } ],
    "lastUpdate" : "20180220T130635Z"
  }, {
    "type" : "move",
    "startTime" : "20180220T134352+0900",
    "endTime" : "20180220T162120+0900",
    "activities" : [ {
      "activity" : "airplane",
      "group" : "transport",
      "manual" : false,
      "startTime" : "20180220T134352+0900",
      "endTime" : "20180220T162120+0900",
      "duration" : 9448.0,
      "distance" : 1595301.0,
      "trackPoints" : [ {
        "lat" : 42.7899,
        "lon" : 141.68128,
        "time" : "20180220T134352+0900"
      }, {
        "lat" : 42.789846,
        "lon" : 141.68206,
        "time" : "20180220T134456+0900"
      }, {
        "lat" : 42.789791,
        "lon" : 141.68285,
        "time" : "20180220T134601+0900"
      }, {
        "lat" : 42.789735,
        "lon" : 141.68364,
        "time" : "20180220T134706+0900"
      }, {
        "lat" : 42.78968,
        "lon" : 141.68444,
        "time" : "20180220T134811+0900"
      }, {
        "lat" : 42.789625,
        "lon" : 141.68523,
        "time" : "20180220T134916+0900"
      }, {
        "lat" : 42.78957,
        "lon" : 141.68602,
        "time" : "20180220T135021+0900"
      }, {
        "lat" : 42.789515,
        "lon" : 141.68682,
        "time" : "20180220T135126+0900"
      }, {
        "lat" : 42.789512,
        "lon" : 141.68685,
        "time" : "20180220T135128+0900"
      }, {
        "lat" : 42.76473,
        "lon" : 141.69587,
        "time" : "20180220T135233+0900"
      }, {
        "lat" : 42.739579,
        "lon" : 141.70502,
        "time" : "20180220T135338+0900"
      }, {
        "lat" : 42.730524,
        "lon" : 141.70832,
        "time" : "20180220T135401+0900"
      }, {
        "lat" : 42.664794,
        "lon" : 141.6275,
        "time" : "20180220T135506+0900"
      }, {
        "lat" : 42.598657,
        "lon" : 141.54618,
        "time" : "20180220T135611+0900"
      }, {
        "lat" : 42.53252,
        "lon" : 141.46487,
        "time" : "20180220T135716+0900"
      }, {
        "lat" : 42.466383,
        "lon" : 141.38355,
        "time" : "20180220T135821+0900"
      }, {
        "lat" : 42.400246,
        "lon" : 141.30224,
        "time" : "20180220T135926+0900"
      }, {
        "lat" : 42.365662,
        "lon" : 141.25971,
        "time" : "20180220T135959+0900"
      }, {
        "lat" : 42.365652,
        "lon" : 141.2597,
        "time" : "20180220T140000+0900"
      }, {
        "lat" : 42.334109,
        "lon" : 141.22092,
        "time" : "20180220T140031+0900"
      }, {
        "lat" : 42.267972,
        "lon" : 141.1396,
        "time" : "20180220T140136+0900"
      }, {
        "lat" : 42.201836,
        "lon" : 141.05829,
        "time" : "20180220T140241+0900"
      }, {
        "lat" : 42.135699,
        "lon" : 140.97697,
        "time" : "20180220T140346+0900"
      }, {
        "lat" : 42.069562,
        "lon" : 140.89566,
        "time" : "20180220T140451+0900"
      }, {
        "lat" : 42.003425,
        "lon" : 140.81434,
        "time" : "20180220T140556+0900"
      }, {
        "lat" : 41.937288,
        "lon" : 140.73302,
        "time" : "20180220T140701+0900"
      }, {
        "lat" : 41.871151,
        "lon" : 140.65171,
        "time" : "20180220T140806+0900"
      }, {
        "lat" : 41.805014,
        "lon" : 140.57039,
        "time" : "20180220T140911+0900"
      }, {
        "lat" : 41.738877,
        "lon" : 140.48908,
        "time" : "20180220T141016+0900"
      }, {
        "lat" : 41.67274,
        "lon" : 140.40776,
        "time" : "20180220T141121+0900"
      }, {
        "lat" : 41.606603,
        "lon" : 140.32644,
        "time" : "20180220T141226+0900"
      }, {
        "lat" : 41.540466,
        "lon" : 140.24513,
        "time" : "20180220T141331+0900"
      }, {
        "lat" : 41.474329,
        "lon" : 140.16381,
        "time" : "20180220T141436+0900"
      }, {
        "lat" : 41.408192,
        "lon" : 140.0825,
        "time" : "20180220T141541+0900"
      }, {
        "lat" : 41.342055,
        "lon" : 140.00118,
        "time" : "20180220T141646+0900"
      }, {
        "lat" : 41.275918,
        "lon" : 139.91986,
        "time" : "20180220T141751+0900"
      }, {
        "lat" : 41.209781,
        "lon" : 139.83855,
        "time" : "20180220T141856+0900"
      }, {
        "lat" : 41.143645,
        "lon" : 139.75723,
        "time" : "20180220T142001+0900"
      }, {
        "lat" : 41.077508,
        "lon" : 139.67591,
        "time" : "20180220T142106+0900"
      }, {
        "lat" : 41.011371,
        "lon" : 139.5946,
        "time" : "20180220T142211+0900"
      }, {
        "lat" : 40.945234,
        "lon" : 139.51328,
        "time" : "20180220T142316+0900"
      }, {
        "lat" : 40.879097,
        "lon" : 139.43197,
        "time" : "20180220T142421+0900"
      }, {
        "lat" : 40.81296,
        "lon" : 139.35065,
        "time" : "20180220T142526+0900"
      }, {
        "lat" : 40.746823,
        "lon" : 139.26933,
        "time" : "20180220T142631+0900"
      }, {
        "lat" : 40.680686,
        "lon" : 139.18802,
        "time" : "20180220T142736+0900"
      }, {
        "lat" : 40.614549,
        "lon" : 139.1067,
        "time" : "20180220T142841+0900"
      }, {
        "lat" : 40.548412,
        "lon" : 139.02539,
        "time" : "20180220T142946+0900"
      }, {
        "lat" : 40.482275,
        "lon" : 138.94407,
        "time" : "20180220T143051+0900"
      }, {
        "lat" : 40.416138,
        "lon" : 138.86275,
        "time" : "20180220T143156+0900"
      }, {
        "lat" : 40.350001,
        "lon" : 138.78144,
        "time" : "20180220T143301+0900"
      }, {
        "lat" : 40.283864,
        "lon" : 138.70012,
        "time" : "20180220T143406+0900"
      }, {
        "lat" : 40.217727,
        "lon" : 138.61881,
        "time" : "20180220T143511+0900"
      }, {
        "lat" : 40.151591,
        "lon" : 138.53749,
        "time" : "20180220T143616+0900"
      }, {
        "lat" : 40.085454,
        "lon" : 138.45617,
        "time" : "20180220T143721+0900"
      }, {
        "lat" : 40.019317,
        "lon" : 138.37486,
        "time" : "20180220T143826+0900"
      }, {
        "lat" : 39.95318,
        "lon" : 138.29354,
        "time" : "20180220T143931+0900"
      }, {
        "lat" : 39.887043,
        "lon" : 138.21223,
        "time" : "20180220T144036+0900"
      }, {
        "lat" : 39.820906,
        "lon" : 138.13091,
        "time" : "20180220T144141+0900"
      }, {
        "lat" : 39.754769,
        "lon" : 138.04959,
        "time" : "20180220T144246+0900"
      }, {
        "lat" : 39.688632,
        "lon" : 137.96828,
        "time" : "20180220T144351+0900"
      }, {
        "lat" : 39.622495,
        "lon" : 137.88696,
        "time" : "20180220T144456+0900"
      }, {
        "lat" : 39.556358,
        "lon" : 137.80565,
        "time" : "20180220T144601+0900"
      }, {
        "lat" : 39.490221,
        "lon" : 137.72433,
        "time" : "20180220T144706+0900"
      }, {
        "lat" : 39.424084,
        "lon" : 137.64301,
        "time" : "20180220T144811+0900"
      }, {
        "lat" : 39.357947,
        "lon" : 137.5617,
        "time" : "20180220T144916+0900"
      }, {
        "lat" : 39.29181,
        "lon" : 137.48038,
        "time" : "20180220T145021+0900"
      }, {
        "lat" : 39.225673,
        "lon" : 137.39907,
        "time" : "20180220T145126+0900"
      }, {
        "lat" : 39.159536,
        "lon" : 137.31775,
        "time" : "20180220T145231+0900"
      }, {
        "lat" : 39.0934,
        "lon" : 137.23643,
        "time" : "20180220T145336+0900"
      }, {
        "lat" : 39.027263,
        "lon" : 137.15512,
        "time" : "20180220T145441+0900"
      }, {
        "lat" : 38.961126,
        "lon" : 137.0738,
        "time" : "20180220T145546+0900"
      }, {
        "lat" : 38.894989,
        "lon" : 136.99249,
        "time" : "20180220T145651+0900"
      }, {
        "lat" : 38.828852,
        "lon" : 136.91117,
        "time" : "20180220T145756+0900"
      }, {
        "lat" : 38.762715,
        "lon" : 136.82985,
        "time" : "20180220T145901+0900"
      }, {
        "lat" : 38.702693,
        "lon" : 136.75606,
        "time" : "20180220T145959+0900"
      }, {
        "lat" : 38.702683,
        "lon" : 136.75604,
        "time" : "20180220T150000+0900"
      }, {
        "lat" : 38.696578,
        "lon" : 136.74854,
        "time" : "20180220T150006+0900"
      }, {
        "lat" : 38.630441,
        "lon" : 136.66722,
        "time" : "20180220T150111+0900"
      }, {
        "lat" : 38.564304,
        "lon" : 136.58591,
        "time" : "20180220T150216+0900"
      }, {
        "lat" : 38.498167,
        "lon" : 136.50459,
        "time" : "20180220T150321+0900"
      }, {
        "lat" : 38.43203,
        "lon" : 136.42327,
        "time" : "20180220T150426+0900"
      }, {
        "lat" : 38.365893,
        "lon" : 136.34196,
        "time" : "20180220T150531+0900"
      }, {
        "lat" : 38.299756,
        "lon" : 136.26064,
        "time" : "20180220T150636+0900"
      }, {
        "lat" : 38.233619,
        "lon" : 136.17933,
        "time" : "20180220T150741+0900"
      }, {
        "lat" : 38.167482,
        "lon" : 136.09801,
        "time" : "20180220T150846+0900"
      }, {
        "lat" : 38.101345,
        "lon" : 136.01669,
        "time" : "20180220T150951+0900"
      }, {
        "lat" : 38.035209,
        "lon" : 135.93538,
        "time" : "20180220T151056+0900"
      }, {
        "lat" : 37.969072,
        "lon" : 135.85406,
        "time" : "20180220T151201+0900"
      }, {
        "lat" : 37.902935,
        "lon" : 135.77275,
        "time" : "20180220T151306+0900"
      }, {
        "lat" : 37.836798,
        "lon" : 135.69143,
        "time" : "20180220T151411+0900"
      }, {
        "lat" : 37.770661,
        "lon" : 135.61011,
        "time" : "20180220T151516+0900"
      }, {
        "lat" : 37.704524,
        "lon" : 135.5288,
        "time" : "20180220T151621+0900"
      }, {
        "lat" : 37.638387,
        "lon" : 135.44748,
        "time" : "20180220T151726+0900"
      }, {
        "lat" : 37.57225,
        "lon" : 135.36617,
        "time" : "20180220T151831+0900"
      }, {
        "lat" : 37.506113,
        "lon" : 135.28485,
        "time" : "20180220T151936+0900"
      }, {
        "lat" : 37.439976,
        "lon" : 135.20353,
        "time" : "20180220T152041+0900"
      }, {
        "lat" : 37.373839,
        "lon" : 135.12222,
        "time" : "20180220T152146+0900"
      }, {
        "lat" : 37.307702,
        "lon" : 135.0409,
        "time" : "20180220T152251+0900"
      }, {
        "lat" : 37.241565,
        "lon" : 134.95958,
        "time" : "20180220T152356+0900"
      }, {
        "lat" : 37.175428,
        "lon" : 134.87827,
        "time" : "20180220T152501+0900"
      }, {
        "lat" : 37.109291,
        "lon" : 134.79695,
        "time" : "20180220T152606+0900"
      }, {
        "lat" : 37.043154,
        "lon" : 134.71564,
        "time" : "20180220T152711+0900"
      }, {
        "lat" : 36.977018,
        "lon" : 134.63432,
        "time" : "20180220T152816+0900"
      }, {
        "lat" : 36.910881,
        "lon" : 134.553,
        "time" : "20180220T152921+0900"
      }, {
        "lat" : 36.844744,
        "lon" : 134.47169,
        "time" : "20180220T153026+0900"
      }, {
        "lat" : 36.778607,
        "lon" : 134.39037,
        "time" : "20180220T153131+0900"
      }, {
        "lat" : 36.71247,
        "lon" : 134.30906,
        "time" : "20180220T153236+0900"
      }, {
        "lat" : 36.646333,
        "lon" : 134.22774,
        "time" : "20180220T153341+0900"
      }, {
        "lat" : 36.580196,
        "lon" : 134.14642,
        "time" : "20180220T153446+0900"
      }, {
        "lat" : 36.514059,
        "lon" : 134.06511,
        "time" : "20180220T153551+0900"
      }, {
        "lat" : 36.447922,
        "lon" : 133.98379,
        "time" : "20180220T153656+0900"
      }, {
        "lat" : 36.381785,
        "lon" : 133.90248,
        "time" : "20180220T153801+0900"
      }, {
        "lat" : 36.315648,
        "lon" : 133.82116,
        "time" : "20180220T153906+0900"
      }, {
        "lat" : 36.249511,
        "lon" : 133.73984,
        "time" : "20180220T154011+0900"
      }, {
        "lat" : 36.183374,
        "lon" : 133.65853,
        "time" : "20180220T154116+0900"
      }, {
        "lat" : 36.117237,
        "lon" : 133.57721,
        "time" : "20180220T154221+0900"
      }, {
        "lat" : 36.0511,
        "lon" : 133.4959,
        "time" : "20180220T154326+0900"
      }, {
        "lat" : 35.984964,
        "lon" : 133.41458,
        "time" : "20180220T154431+0900"
      }, {
        "lat" : 35.918827,
        "lon" : 133.33326,
        "time" : "20180220T154536+0900"
      }, {
        "lat" : 35.85269,
        "lon" : 133.25195,
        "time" : "20180220T154641+0900"
      }, {
        "lat" : 35.786553,
        "lon" : 133.17063,
        "time" : "20180220T154746+0900"
      }, {
        "lat" : 35.720416,
        "lon" : 133.08932,
        "time" : "20180220T154851+0900"
      }, {
        "lat" : 35.654279,
        "lon" : 133.008,
        "time" : "20180220T154956+0900"
      }, {
        "lat" : 35.588142,
        "lon" : 132.92668,
        "time" : "20180220T155101+0900"
      }, {
        "lat" : 35.522005,
        "lon" : 132.84537,
        "time" : "20180220T155206+0900"
      }, {
        "lat" : 35.455868,
        "lon" : 132.76405,
        "time" : "20180220T155311+0900"
      }, {
        "lat" : 35.389731,
        "lon" : 132.68274,
        "time" : "20180220T155416+0900"
      }, {
        "lat" : 35.323594,
        "lon" : 132.60142,
        "time" : "20180220T155521+0900"
      }, {
        "lat" : 35.257457,
        "lon" : 132.5201,
        "time" : "20180220T155626+0900"
      }, {
        "lat" : 35.19132,
        "lon" : 132.43879,
        "time" : "20180220T155731+0900"
      }, {
        "lat" : 35.125183,
        "lon" : 132.35747,
        "time" : "20180220T155836+0900"
      }, {
        "lat" : 35.059046,
        "lon" : 132.27616,
        "time" : "20180220T155941+0900"
      }, {
        "lat" : 35.039724,
        "lon" : 132.2524,
        "time" : "20180220T155959+0900"
      }, {
        "lat" : 35.039714,
        "lon" : 132.25239,
        "time" : "20180220T160000+0900"
      }, {
        "lat" : 34.992909,
        "lon" : 132.19484,
        "time" : "20180220T160046+0900"
      }, {
        "lat" : 34.926773,
        "lon" : 132.11352,
        "time" : "20180220T160151+0900"
      }, {
        "lat" : 34.860636,
        "lon" : 132.03221,
        "time" : "20180220T160256+0900"
      }, {
        "lat" : 34.794499,
        "lon" : 131.95089,
        "time" : "20180220T160401+0900"
      }, {
        "lat" : 34.728362,
        "lon" : 131.86958,
        "time" : "20180220T160506+0900"
      }, {
        "lat" : 34.662225,
        "lon" : 131.78826,
        "time" : "20180220T160611+0900"
      }, {
        "lat" : 34.596088,
        "lon" : 131.70694,
        "time" : "20180220T160716+0900"
      }, {
        "lat" : 34.529951,
        "lon" : 131.62563,
        "time" : "20180220T160821+0900"
      }, {
        "lat" : 34.463814,
        "lon" : 131.54431,
        "time" : "20180220T160926+0900"
      }, {
        "lat" : 34.397677,
        "lon" : 131.463,
        "time" : "20180220T161031+0900"
      }, {
        "lat" : 34.33154,
        "lon" : 131.38168,
        "time" : "20180220T161136+0900"
      }, {
        "lat" : 34.265403,
        "lon" : 131.30036,
        "time" : "20180220T161241+0900"
      }, {
        "lat" : 34.199266,
        "lon" : 131.21905,
        "time" : "20180220T161346+0900"
      }, {
        "lat" : 34.133129,
        "lon" : 131.13773,
        "time" : "20180220T161451+0900"
      }, {
        "lat" : 34.066992,
        "lon" : 131.05642,
        "time" : "20180220T161556+0900"
      }, {
        "lat" : 34.000855,
        "lon" : 130.9751,
        "time" : "20180220T161701+0900"
      }, {
        "lat" : 33.934718,
        "lon" : 130.89378,
        "time" : "20180220T161806+0900"
      }, {
        "lat" : 33.868582,
        "lon" : 130.81247,
        "time" : "20180220T161911+0900"
      }, {
        "lat" : 33.802322,
        "lon" : 130.731,
        "time" : "20180220T162016+0900"
      }, {
        "lat" : 33.798964,
        "lon" : 130.72642,
        "time" : "20180220T162120+0900"
      } ]
    } ],
    "lastUpdate" : "20180220T130635Z"
  }, {
    "type" : "off",
    "startTime" : "20180220T162121+0900",
    "endTime" : "20180220T172642+0900",
    "activities" : [ {
      "activity" : "walking",
      "group" : "walking",
      "manual" : false,
      "startTime" : "20180220T162626+0900",
      "endTime" : "20180220T162731+0900",
      "duration" : 65.0,
      "distance" : 78.0,
      "steps" : 0,
      "calories" : 4,
      "trackPoints" : [ {
        "lat" : 33.782871,
        "lon" : 130.70447,
        "time" : "20180220T162626+0900"
      }, {
        "lat" : 33.779436,
        "lon" : 130.69979,
        "time" : "20180220T162731+0900"
      } ]
    }, {
      "activity" : "transport",
      "group" : "transport",
      "manual" : false,
      "startTime" : "20180220T162731+0900",
      "endTime" : "20180220T163714+0900",
      "duration" : 583.0,
      "distance" : 5929.0,
      "trackPoints" : [ {
        "lat" : 33.779436,
        "lon" : 130.69979,
        "time" : "20180220T162731+0900"
      }, {
        "lat" : 33.748767,
        "lon" : 130.65796,
        "time" : "20180220T163714+0900"
      } ]
    }, {
      "activity" : "walking",
      "group" : "walking",
      "manual" : false,
      "startTime" : "20180220T163714+0900",
      "endTime" : "20180220T163847+0900",
      "duration" : 93.0,
      "distance" : 112.0,
      "steps" : 12,
      "calories" : 6,
      "trackPoints" : [ {
        "lat" : 33.748767,
        "lon" : 130.65796,
        "time" : "20180220T163714+0900"
      }, {
        "lat" : 33.743851,
        "lon" : 130.65125,
        "time" : "20180220T163848+0900"
      } ]
    }, {
      "activity" : "transport",
      "group" : "transport",
      "manual" : false,
      "startTime" : "20180220T163848+0900",
      "endTime" : "20180220T163951+0900",
      "duration" : 63.0,
      "distance" : 642.0,
      "trackPoints" : [ {
        "lat" : 33.743851,
        "lon" : 130.65125,
        "time" : "20180220T163848+0900"
      }, {
        "lat" : 33.740529,
        "lon" : 130.64672,
        "time" : "20180220T163951+0900"
      } ]
    }, {
      "activity" : "walking",
      "group" : "walking",
      "manual" : false,
      "startTime" : "20180220T163951+0900",
      "endTime" : "20180220T165627+0900",
      "duration" : 996.0,
      "distance" : 1709.0,
      "steps" : 1424,
      "calories" : 94,
      "trackPoints" : [ {
        "lat" : 33.740529,
        "lon" : 130.64672,
        "time" : "20180220T163951+0900"
      }, {
        "lat" : 33.688122,
        "lon" : 130.57524,
        "time" : "20180220T165628+0900"
      } ]
    }, {
      "activity" : "walking",
      "group" : "walking",
      "manual" : false,
      "startTime" : "20180220T170706+0900",
      "endTime" : "20180220T170732+0900",
      "duration" : 26.0,
      "distance" : 42.0,
      "steps" : 35,
      "calories" : 2,
      "trackPoints" : [ {
        "lat" : 33.654581,
        "lon" : 130.5295,
        "time" : "20180220T170706+0900"
      }, {
        "lat" : 33.653201,
        "lon" : 130.52762,
        "time" : "20180220T170732+0900"
      } ]
    }, {
      "activity" : "walking",
      "group" : "walking",
      "manual" : false,
      "startTime" : "20180220T171112+0900",
      "endTime" : "20180220T171126+0900",
      "duration" : 14.0,
      "distance" : 22.0,
      "steps" : 19,
      "calories" : 1,
      "trackPoints" : [ {
        "lat" : 33.641649,
        "lon" : 130.51186,
        "time" : "20180220T171112+0900"
      }, {
        "lat" : 33.6409,
        "lon" : 130.51084,
        "time" : "20180220T171126+0900"
      } ]
    }, {
      "activity" : "walking",
      "group" : "walking",
      "manual" : false,
      "startTime" : "20180220T171147+0900",
      "endTime" : "20180220T171424+0900",
      "duration" : 157.0,
      "distance" : 1606.0,
      "steps" : 219,
      "calories" : 89,
      "trackPoints" : [ {
        "lat" : 33.63983,
        "lon" : 130.50938,
        "time" : "20180220T171147+0900"
      }, {
        "lat" : 33.631524,
        "lon" : 130.49805,
        "time" : "20180220T171425+0900"
      } ]
    } ],
    "lastUpdate" : "20180220T130635Z"
  }, {
    "type" : "move",
    "startTime" : "20180220T172643+0900",
    "endTime" : "20180220T203755+0900",
    "activities" : [ {
      "activity" : "walking",
      "group" : "walking",
      "manual" : false,
      "startTime" : "20180220T202100+0900",
      "endTime" : "20180220T203755+0900",
      "duration" : 1015.0,
      "distance" : 976.0,
      "steps" : 1774,
      "calories" : 54,
      "trackPoints" : [ {
        "lat" : 33.596105,
        "lon" : 130.44974,
        "time" : "20180220T202100+0900"
      }, {
        "lat" : 33.596105,
        "lon" : 130.44974,
        "time" : "20180220T202143+0900"
      }, {
        "lat" : 33.596109,
        "lon" : 130.44975,
        "time" : "20180220T202231+0900"
      }, {
        "lat" : 33.596096,
        "lon" : 130.44979,
        "time" : "20180220T202522+0900"
      }, {
        "lat" : 33.595706,
        "lon" : 130.44987,
        "time" : "20180220T202550+0900"
      }, {
        "lat" : 33.594604,
        "lon" : 130.45031,
        "time" : "20180220T202751+0900"
      }, {
        "lat" : 33.594327,
        "lon" : 130.45042,
        "time" : "20180220T202816+0900"
      }, {
        "lat" : 33.593757,
        "lon" : 130.45061,
        "time" : "20180220T202909+0900"
      }, {
        "lat" : 33.593543,
        "lon" : 130.45061,
        "time" : "20180220T202924+0900"
      }, {
        "lat" : 33.591985,
        "lon" : 130.45134,
        "time" : "20180220T203127+0900"
      }, {
        "lat" : 33.589698,
        "lon" : 130.45296,
        "time" : "20180220T203421+0900"
      }, {
        "lat" : 33.589316,
        "lon" : 130.45329,
        "time" : "20180220T203541+0900"
      }, {
        "lat" : 33.589353,
        "lon" : 130.45303,
        "time" : "20180220T203755+0900"
      } ]
    } ],
    "lastUpdate" : "20180220T130635Z"
  }, {
    "type" : "place",
    "startTime" : "20180220T203756+0900",
    "endTime" : "20180220T212032+0900",
    "place" : {
      "id" : 572783925,
      "type" : "unknown",
      "location" : {
        "lat" : 33.589353,
        "lon" : 130.45303
      }
    },
    "activities" : [ {
      "activity" : "walking",
      "group" : "walking",
      "manual" : false,
      "startTime" : "20180220T211802+0900",
      "endTime" : "20180220T211820+0900",
      "duration" : 18.0,
      "distance" : 13.0,
      "steps" : 27,
      "calories" : 1,
      "trackPoints" : [ ]
    } ],
    "lastUpdate" : "20180220T130635Z"
  }, {
    "type" : "move",
    "startTime" : "20180220T212032+0900",
    "endTime" : "20180220T212411+0900",
    "activities" : [ {
      "activity" : "walking",
      "group" : "walking",
      "manual" : false,
      "startTime" : "20180220T212032+0900",
      "endTime" : "20180220T212411+0900",
      "duration" : 219.0,
      "distance" : 305.0,
      "steps" : 431,
      "calories" : 17,
      "trackPoints" : [ {
        "lat" : 33.589353,
        "lon" : 130.45303,
        "time" : "20180220T212032+0900"
      }, {
        "lat" : 33.58912,
        "lon" : 130.45337,
        "time" : "20180220T212049+0900"
      }, {
        "lat" : 33.588501,
        "lon" : 130.45441,
        "time" : "20180220T212234+0900"
      }, {
        "lat" : 33.587928,
        "lon" : 130.4554,
        "time" : "20180220T212411+0900"
      } ]
    } ],
    "lastUpdate" : "20180220T130635Z"
  }, {
    "type" : "place",
    "startTime" : "20180220T212412+0900",
    "endTime" : "20180221T072717+0900",
    "place" : {
      "id" : 550589635,
      "type" : "unknown",
      "location" : {
        "lat" : 33.588096,
        "lon" : 130.45512
      }
    },
    "activities" : [ {
      "activity" : "walking",
      "group" : "walking",
      "manual" : false,
      "startTime" : "20180220T212426+0900",
      "endTime" : "20180220T212627+0900",
      "duration" : 121.0,
      "distance" : 137.0,
      "steps" : 183,
      "calories" : 8,
      "trackPoints" : [ ]
    }, {
      "activity" : "walking",
      "group" : "walking",
      "manual" : false,
      "startTime" : "20180220T222035+0900",
      "endTime" : "20180220T222357+0900",
      "duration" : 202.0,
      "distance" : 227.0,
      "steps" : 303,
      "calories" : 13,
      "trackPoints" : [ ]
    }, {
      "activity" : "walking",
      "group" : "walking",
      "manual" : false,
      "startTime" : "20180220T231448+0900",
      "endTime" : "20180220T231547+0900",
      "duration" : 59.0,
      "distance" : 29.0,
      "steps" : 9,
      "calories" : 2,
      "trackPoints" : [ ]
    } ],
    "lastUpdate" : "20180221T001326Z"
  } ],
  "caloriesIdle" : 1591,
  "lastUpdate" : "20180221T001326Z"
} ]