[ {
  "date" : "20150813",
  "summary" : [ {
    "activity" : "cycling",
    "group" : "cycling",
    "duration" : 882.0,
    "distance" : 4017.0,
    "calories" : 106
  }, {
    "activity" : "walking",
    "group" : "walking",
    "duration" : 380.0,
    "distance" : 386.0,
    "steps" : 571,
    "calories" : 23
  } ],
  "segments" : [ {
    "type" : "place",
    "startTime" : "20150811T181458+0900",
    "endTime" : "20150813T160436+0900",
    "place" : {
      "id" : 152143834,
      "type" : "unknown",
      "location" : {
        "lat" : 43.0846321394,
        "lon" : 141.3451669726
      }
    },
    "lastUpdate" : "20150813T104033Z"
  }, {
    "type" : "move",
    "startTime" : "20150813T160436+0900",
    "endTime" : "20150813T160917+0900",
    "activities" : [ {
      "activity" : "cycling",
      "group" : "cycling",
      "manual" : false,
      "startTime" : "20150813T160436+0900",
      "endTime" : "20150813T160917+0900",
      "duration" : 281.0,
      "distance" : 1053.0,
      "calories" : 28,
      "trackPoints" : [ {
        "lat" : 43.0846321394,
        "lon" : 141.3451669726,
        "time" : "20150813T160436+0900"
      }, {
        "lat" : 43.0838169496,
        "lon" : 141.3446610727,
        "time" : "20150813T160454+0900"
      }, {
        "lat" : 43.0822641208,
        "lon" : 141.3448932379,
        "time" : "20150813T160527+0900"
      }, {
        "lat" : 43.0813006149,
        "lon" : 141.3444761058,
        "time" : "20150813T160603+0900"
      }, {
        "lat" : 43.0811011703,
        "lon" : 141.342760503,
        "time" : "20150813T160638+0900"
      }, {
        "lat" : 43.0810964217,
        "lon" : 141.3426870426,
        "time" : "20150813T160656+0900"
      }, {
        "lat" : 43.0810446111,
        "lon" : 141.3424938212,
        "time" : "20150813T160717+0900"
      }, {
        "lat" : 43.0809598405,
        "lon" : 141.3415708072,
        "time" : "20150813T160747+0900"
      }, {
        "lat" : 43.0806044478,
        "lon" : 141.3410122463,
        "time" : "20150813T160805+0900"
      }, {
        "lat" : 43.0797313553,
        "lon" : 141.3405161505,
        "time" : "20150813T160837+0900"
      }, {
        "lat" : 43.0784012398,
        "lon" : 141.340132137,
        "time" : "20150813T160917+0900"
      } ]
    } ],
    "lastUpdate" : "20150813T104033Z"
  }, {
    "type" : "place",
    "startTime" : "20150813T160917+0900",
    "endTime" : "20150813T161839+0900",
    "place" : {
      "id" : 141367536,
      "type" : "unknown",
      "location" : {
        "lat" : 43.0784012398,
        "lon" : 141.340132137
      }
    },
    "activities" : [ {
      "activity" : "walking",
      "group" : "walking",
      "manual" : false,
      "startTime" : "20150813T160917+0900",
      "endTime" : "20150813T161137+0900",
      "duration" : 140.0,
      "distance" : 177.0,
      "steps" : 236,
      "calories" : 10,
      "trackPoints" : [ ]
    } ],
    "lastUpdate" : "20150813T104033Z"
  }, {
    "type" : "move",
    "startTime" : "20150813T161839+0900",
    "endTime" : "20150813T162150+0900",
    "activities" : [ {
      "activity" : "cycling",
      "group" : "cycling",
      "manual" : false,
      "startTime" : "20150813T161839+0900",
      "endTime" : "20150813T162150+0900",
      "duration" : 191.0,
      "distance" : 1147.0,
      "calories" : 30,
      "trackPoints" : [ {
        "lat" : 43.0784012398,
        "lon" : 141.340132137,
        "time" : "20150813T161839+0900"
      }, {
        "lat" : 43.0760598335,
        "lon" : 141.3415527834,
        "time" : "20150813T162013+0900"
      }, {
        "lat" : 43.0755335997,
        "lon" : 141.3416361131,
        "time" : "20150813T162028+0900"
      }, {
        "lat" : 43.0741568236,
        "lon" : 141.34200526,
        "time" : "20150813T162053+0900"
      }, {
        "lat" : 43.0723351884,
        "lon" : 141.342732687,
        "time" : "20150813T162118+0900"
      }, {
        "lat" : 43.0698576843,
        "lon" : 141.3437207813,
        "time" : "20150813T162150+0900"
      } ]
    } ],
    "lastUpdate" : "20150813T104033Z"
  }, {
    "type" : "place",
    "startTime" : "20150813T162150+0900",
    "endTime" : "20150813T170226+0900",
    "place" : {
      "id" : 146720426,
      "type" : "unknown",
      "location" : {
        "lat" : 43.0698576843,
        "lon" : 141.3437207813
      }
    },
    "activities" : [ {
      "activity" : "walking",
      "group" : "walking",
      "manual" : false,
      "startTime" : "20150813T162208+0900",
      "endTime" : "20150813T162408+0900",
      "duration" : 120.0,
      "distance" : 122.0,
      "steps" : 163,
      "calories" : 7,
      "trackPoints" : [ ]
    }, {
      "activity" : "walking",
      "group" : "walking",
      "manual" : false,
      "startTime" : "20150813T170141+0900",
      "endTime" : "20150813T170211+0900",
      "duration" : 30.0,
      "distance" : 31.0,
      "steps" : 61,
      "calories" : 2,
      "trackPoints" : [ ]
    } ],
    "lastUpdate" : "20150813T104033Z"
  }, {
    "type" : "move",
    "startTime" : "20150813T170226+0900",
    "endTime" : "20150813T171517+0900",
    "activities" : [ {
      "activity" : "cycling",
      "group" : "cycling",
      "manual" : false,
      "startTime" : "20150813T170226+0900",
      "endTime" : "20150813T170916+0900",
      "duration" : 410.0,
      "distance" : 1817.0,
      "calories" : 48,
      "trackPoints" : [ {
        "lat" : 43.0698576843,
        "lon" : 141.3437207813,
        "time" : "20150813T170226+0900"
      }, {
        "lat" : 43.0714356956,
        "lon" : 141.3430357736,
        "time" : "20150813T170347+0900"
      }, {
        "lat" : 43.0720230799,
        "lon" : 141.3429176523,
        "time" : "20150813T170407+0900"
      }, {
        "lat" : 43.0726545941,
        "lon" : 141.3427481475,
        "time" : "20150813T170424+0900"
      }, {
        "lat" : 43.0753884843,
        "lon" : 141.342145762,
        "time" : "20150813T170500+0900"
      }, {
        "lat" : 43.0767858324,
        "lon" : 141.3418790737,
        "time" : "20150813T170528+0900"
      }, {
        "lat" : 43.0775191871,
        "lon" : 141.3414580402,
        "time" : "20150813T170544+0900"
      }, {
        "lat" : 43.0784273396,
        "lon" : 141.3411271887,
        "time" : "20150813T170606+0900"
      }, {
        "lat" : 43.0791256804,
        "lon" : 141.3409488094,
        "time" : "20150813T170628+0900"
      }, {
        "lat" : 43.0801745346,
        "lon" : 141.3413334628,
        "time" : "20150813T170659+0900"
      }, {
        "lat" : 43.0808932156,
        "lon" : 141.3418148263,
        "time" : "20150813T170719+0900"
      }, {
        "lat" : 43.0811829759,
        "lon" : 141.3431533374,
        "time" : "20150813T170752+0900"
      }, {
        "lat" : 43.0812636387,
        "lon" : 141.3441893929,
        "time" : "20150813T170809+0900"
      }, {
        "lat" : 43.0819922685,
        "lon" : 141.3451249671,
        "time" : "20150813T170843+0900"
      }, {
        "lat" : 43.0823702026,
        "lon" : 141.3449853405,
        "time" : "20150813T170859+0900"
      }, {
        "lat" : 43.0821864303,
        "lon" : 141.3449901919,
        "time" : "20150813T170916+0900"
      } ]
    } ],
    "lastUpdate" : "20150813T104033Z"
  }, {
    "type" : "place",
    "startTime" : "20150813T171517+0900",
    "endTime" : "20150814T172445+0900",
    "place" : {
      "id" : 152143834,
      "type" : "unknown",
      "location" : {
        "lat" : 43.0846321394,
        "lon" : 141.3451669726
      }
    },
    "activities" : [ {
      "activity" : "walking",
      "group" : "walking",
      "manual" : false,
      "startTime" : "20150813T171617+0900",
      "endTime" : "20150813T171747+0900",
      "duration" : 90.0,
      "distance" : 56.0,
      "steps" : 111,
      "calories" : 3,
      "trackPoints" : [ ]
    } ],
    "lastUpdate" : "20150815T042524Z"
  } ],
  "caloriesIdle" : 1706,
  "lastUpdate" : "20150815T042524Z"
} ]