[ {
  "date" : "20161023",
  "summary" : [ {
    "activity" : "walking",
    "group" : "walking",
    "duration" : 2521.0,
    "distance" : 2564.0,
    "steps" : 3465,
    "calories" : 143
  }, {
    "activity" : "cycling",
    "group" : "cycling",
    "duration" : 3492.0,
    "distance" : 14468.0,
    "calories" : 362
  } ],
  "segments" : [ {
    "type" : "place",
    "startTime" : "20161022T161159+0900",
    "endTime" : "20161023T151307+0900",
    "place" : {
      "id" : 257240275,
      "type" : "unknown",
      "location" : {
        "lat" : 43.084886,
        "lon" : 141.3453
      }
    },
    "activities" : [ {
      "activity" : "walking",
      "group" : "walking",
      "manual" : false,
      "startTime" : "20161023T011708+0900",
      "endTime" : "20161023T011717+0900",
      "duration" : 9.0,
      "distance" : 6.0,
      "steps" : 13,
      "calories" : 0,
      "trackPoints" : [ ]
    }, {
      "activity" : "walking",
      "group" : "walking",
      "manual" : false,
      "startTime" : "20161023T151129+0900",
      "endTime" : "20161023T152449+0900",
      "duration" : 800.0,
      "distance" : 800.0,
      "steps" : 1067,
      "calories" : 44,
      "trackPoints" : [ ]
    } ],
    "lastUpdate" : "20161023T071202Z"
  }, {
    "type" : "move",
    "startTime" : "20161023T151307+0900",
    "endTime" : "20161023T153911+0900",
    "activities" : [ {
      "activity" : "cycling",
      "group" : "cycling",
      "manual" : false,
      "startTime" : "20161023T151307+0900",
      "endTime" : "20161023T153911+0900",
      "duration" : 1564.0,
      "distance" : 6616.0,
      "calories" : 165,
      "trackPoints" : [ {
        "lat" : 43.084886,
        "lon" : 141.3453,
        "time" : "20161023T151307+0900"
      }, {
        "lat" : 43.084366,
        "lon" : 141.34604,
        "time" : "20161023T151333+0900"
      }, {
        "lat" : 43.084362,
        "lon" : 141.34722,
        "time" : "20161023T151349+0900"
      }, {
        "lat" : 43.084494,
        "lon" : 141.34807,
        "time" : "20161023T151404+0900"
      }, {
        "lat" : 43.085137,
        "lon" : 141.34908,
        "time" : "20161023T151438+0900"
      }, {
        "lat" : 43.085243,
        "lon" : 141.34921,
        "time" : "20161023T151457+0900"
      }, {
        "lat" : 43.085615,
        "lon" : 141.34945,
        "time" : "20161023T151520+0900"
      }, {
        "lat" : 43.085803,
        "lon" : 141.35099,
        "time" : "20161023T151544+0900"
      }, {
        "lat" : 43.086109,
        "lon" : 141.35276,
        "time" : "20161023T151611+0900"
      }, {
        "lat" : 43.086459,
        "lon" : 141.35606,
        "time" : "20161023T151703+0900"
      }, {
        "lat" : 43.086897,
        "lon" : 141.35758,
        "time" : "20161023T151728+0900"
      }, {
        "lat" : 43.086931,
        "lon" : 141.35883,
        "time" : "20161023T151752+0900"
      }, {
        "lat" : 43.087145,
        "lon" : 141.36021,
        "time" : "20161023T151819+0900"
      }, {
        "lat" : 43.087422,
        "lon" : 141.36331,
        "time" : "20161023T151911+0900"
      }, {
        "lat" : 43.08762,
        "lon" : 141.36484,
        "time" : "20161023T151931+0900"
      }, {
        "lat" : 43.087608,
        "lon" : 141.36521,
        "time" : "20161023T151948+0900"
      }, {
        "lat" : 43.087725,
        "lon" : 141.36585,
        "time" : "20161023T152004+0900"
      }, {
        "lat" : 43.087806,
        "lon" : 141.36639,
        "time" : "20161023T152020+0900"
      }, {
        "lat" : 43.087797,
        "lon" : 141.36749,
        "time" : "20161023T152038+0900"
      }, {
        "lat" : 43.08799,
        "lon" : 141.36888,
        "time" : "20161023T152056+0900"
      }, {
        "lat" : 43.088167,
        "lon" : 141.36996,
        "time" : "20161023T152111+0900"
      }, {
        "lat" : 43.088375,
        "lon" : 141.37154,
        "time" : "20161023T152134+0900"
      }, {
        "lat" : 43.088559,
        "lon" : 141.37295,
        "time" : "20161023T152156+0900"
      }, {
        "lat" : 43.088744,
        "lon" : 141.37391,
        "time" : "20161023T152219+0900"
      }, {
        "lat" : 43.088898,
        "lon" : 141.37517,
        "time" : "20161023T152241+0900"
      }, {
        "lat" : 43.089029,
        "lon" : 141.37736,
        "time" : "20161023T152307+0900"
      }, {
        "lat" : 43.0888,
        "lon" : 141.37865,
        "time" : "20161023T152328+0900"
      }, {
        "lat" : 43.088608,
        "lon" : 141.37977,
        "time" : "20161023T152346+0900"
      }, {
        "lat" : 43.08843,
        "lon" : 141.38116,
        "time" : "20161023T152423+0900"
      }, {
        "lat" : 43.088261,
        "lon" : 141.38165,
        "time" : "20161023T152446+0900"
      }, {
        "lat" : 43.088054,
        "lon" : 141.38218,
        "time" : "20161023T152501+0900"
      }, {
        "lat" : 43.087293,
        "lon" : 141.38372,
        "time" : "20161023T152523+0900"
      }, {
        "lat" : 43.086976,
        "lon" : 141.38458,
        "time" : "20161023T152542+0900"
      }, {
        "lat" : 43.086389,
        "lon" : 141.38605,
        "time" : "20161023T152607+0900"
      }, {
        "lat" : 43.086137,
        "lon" : 141.38642,
        "time" : "20161023T152635+0900"
      }, {
        "lat" : 43.086332,
        "lon" : 141.38631,
        "time" : "20161023T152654+0900"
      }, {
        "lat" : 43.086695,
        "lon" : 141.38667,
        "time" : "20161023T152712+0900"
      }, {
        "lat" : 43.087495,
        "lon" : 141.38781,
        "time" : "20161023T152731+0900"
      }, {
        "lat" : 43.088107,
        "lon" : 141.38861,
        "time" : "20161023T152802+0900"
      }, {
        "lat" : 43.087987,
        "lon" : 141.38907,
        "time" : "20161023T152830+0900"
      }, {
        "lat" : 43.087678,
        "lon" : 141.39005,
        "time" : "20161023T152845+0900"
      }, {
        "lat" : 43.086862,
        "lon" : 141.3922,
        "time" : "20161023T152912+0900"
      }, {
        "lat" : 43.08751,
        "lon" : 141.39343,
        "time" : "20161023T152940+0900"
      }, {
        "lat" : 43.08774,
        "lon" : 141.3937,
        "time" : "20161023T152956+0900"
      }, {
        "lat" : 43.087242,
        "lon" : 141.39504,
        "time" : "20161023T153020+0900"
      }, {
        "lat" : 43.086372,
        "lon" : 141.39693,
        "time" : "20161023T153056+0900"
      }, {
        "lat" : 43.085857,
        "lon" : 141.3986,
        "time" : "20161023T153119+0900"
      }, {
        "lat" : 43.085851,
        "lon" : 141.39863,
        "time" : "20161023T153135+0900"
      }, {
        "lat" : 43.085815,
        "lon" : 141.39883,
        "time" : "20161023T153215+0900"
      }, {
        "lat" : 43.08545,
        "lon" : 141.39964,
        "time" : "20161023T153236+0900"
      }, {
        "lat" : 43.084966,
        "lon" : 141.40082,
        "time" : "20161023T153254+0900"
      }, {
        "lat" : 43.084053,
        "lon" : 141.40305,
        "time" : "20161023T153331+0900"
      }, {
        "lat" : 43.083522,
        "lon" : 141.40407,
        "time" : "20161023T153405+0900"
      }, {
        "lat" : 43.08357,
        "lon" : 141.40399,
        "time" : "20161023T153424+0900"
      }, {
        "lat" : 43.083478,
        "lon" : 141.40417,
        "time" : "20161023T153447+0900"
      }, {
        "lat" : 43.083507,
        "lon" : 141.40446,
        "time" : "20161023T153502+0900"
      }, {
        "lat" : 43.082929,
        "lon" : 141.40579,
        "time" : "20161023T153527+0900"
      }, {
        "lat" : 43.08206,
        "lon" : 141.408,
        "time" : "20161023T153600+0900"
      }, {
        "lat" : 43.081923,
        "lon" : 141.40855,
        "time" : "20161023T153623+0900"
      }, {
        "lat" : 43.082069,
        "lon" : 141.40834,
        "time" : "20161023T153638+0900"
      }, {
        "lat" : 43.082032,
        "lon" : 141.4083,
        "time" : "20161023T153703+0900"
      }, {
        "lat" : 43.082027,
        "lon" : 141.40833,
        "time" : "20161023T153725+0900"
      }, {
        "lat" : 43.082453,
        "lon" : 141.40848,
        "time" : "20161023T153752+0900"
      }, {
        "lat" : 43.082035,
        "lon" : 141.40814,
        "time" : "20161023T153809+0900"
      }, {
        "lat" : 43.082018,
        "lon" : 141.40816,
        "time" : "20161023T153833+0900"
      }, {
        "lat" : 43.080373,
        "lon" : 141.40797,
        "time" : "20161023T153911+0900"
      } ]
    } ],
    "lastUpdate" : "20161023T071202Z"
  }, {
    "type" : "place",
    "startTime" : "20161023T153911+0900",
    "endTime" : "20161023T170819+0900",
    "place" : {
      "id" : 357363984,
      "type" : "unknown",
      "location" : {
        "lat" : 43.080373,
        "lon" : 141.40797
      }
    },
    "activities" : [ {
      "activity" : "walking",
      "group" : "walking",
      "manual" : false,
      "startTime" : "20161023T153911+0900",
      "endTime" : "20161023T154533+0900",
      "duration" : 382.0,
      "distance" : 394.0,
      "steps" : 525,
      "calories" : 22,
      "trackPoints" : [ ]
    }, {
      "activity" : "walking",
      "group" : "walking",
      "manual" : false,
      "startTime" : "20161023T160210+0900",
      "endTime" : "20161023T161409+0900",
      "duration" : 719.0,
      "distance" : 769.0,
      "steps" : 1026,
      "calories" : 43,
      "trackPoints" : [ ]
    }, {
      "activity" : "walking",
      "group" : "walking",
      "manual" : false,
      "startTime" : "20161023T170000+0900",
      "endTime" : "20161023T170840+0900",
      "duration" : 520.0,
      "distance" : 534.0,
      "steps" : 712,
      "calories" : 30,
      "trackPoints" : [ ]
    } ],
    "lastUpdate" : "20161023T084441Z"
  }, {
    "type" : "move",
    "startTime" : "20161023T170819+0900",
    "endTime" : "20161023T174028+0900",
    "activities" : [ {
      "activity" : "cycling",
      "group" : "cycling",
      "manual" : false,
      "startTime" : "20161023T170819+0900",
      "endTime" : "20161023T174027+0900",
      "duration" : 1928.0,
      "distance" : 7852.0,
      "calories" : 197,
      "trackPoints" : [ {
        "lat" : 43.080373,
        "lon" : 141.40797,
        "time" : "20161023T170819+0900"
      }, {
        "lat" : 43.080815,
        "lon" : 141.40751,
        "time" : "20161023T170846+0900"
      }, {
        "lat" : 43.081966,
        "lon" : 141.40815,
        "time" : "20161023T170912+0900"
      }, {
        "lat" : 43.083578,
        "lon" : 141.40973,
        "time" : "20161023T170953+0900"
      }, {
        "lat" : 43.084299,
        "lon" : 141.40988,
        "time" : "20161023T171010+0900"
      }, {
        "lat" : 43.084801,
        "lon" : 141.40885,
        "time" : "20161023T171027+0900"
      }, {
        "lat" : 43.085257,
        "lon" : 141.4076,
        "time" : "20161023T171051+0900"
      }, {
        "lat" : 43.085757,
        "lon" : 141.40666,
        "time" : "20161023T171117+0900"
      }, {
        "lat" : 43.086607,
        "lon" : 141.40459,
        "time" : "20161023T171158+0900"
      }, {
        "lat" : 43.086887,
        "lon" : 141.40386,
        "time" : "20161023T171221+0900"
      }, {
        "lat" : 43.087493,
        "lon" : 141.4024,
        "time" : "20161023T171254+0900"
      }, {
        "lat" : 43.087937,
        "lon" : 141.40138,
        "time" : "20161023T171317+0900"
      }, {
        "lat" : 43.088856,
        "lon" : 141.3996,
        "time" : "20161023T171355+0900"
      }, {
        "lat" : 43.088836,
        "lon" : 141.39925,
        "time" : "20161023T171412+0900"
      }, {
        "lat" : 43.089106,
        "lon" : 141.39864,
        "time" : "20161023T171429+0900"
      }, {
        "lat" : 43.089586,
        "lon" : 141.39769,
        "time" : "20161023T171451+0900"
      }, {
        "lat" : 43.089918,
        "lon" : 141.39686,
        "time" : "20161023T171514+0900"
      }, {
        "lat" : 43.090106,
        "lon" : 141.39643,
        "time" : "20161023T171551+0900"
      }, {
        "lat" : 43.090443,
        "lon" : 141.39559,
        "time" : "20161023T171614+0900"
      }, {
        "lat" : 43.091302,
        "lon" : 141.39346,
        "time" : "20161023T171657+0900"
      }, {
        "lat" : 43.091804,
        "lon" : 141.39222,
        "time" : "20161023T171716+0900"
      }, {
        "lat" : 43.092434,
        "lon" : 141.39083,
        "time" : "20161023T171742+0900"
      }, {
        "lat" : 43.092798,
        "lon" : 141.38943,
        "time" : "20161023T171806+0900"
      }, {
        "lat" : 43.093066,
        "lon" : 141.38854,
        "time" : "20161023T171832+0900"
      }, {
        "lat" : 43.093471,
        "lon" : 141.38763,
        "time" : "20161023T171855+0900"
      }, {
        "lat" : 43.09376,
        "lon" : 141.38655,
        "time" : "20161023T171913+0900"
      }, {
        "lat" : 43.094,
        "lon" : 141.38533,
        "time" : "20161023T171936+0900"
      }, {
        "lat" : 43.094266,
        "lon" : 141.3839,
        "time" : "20161023T171959+0900"
      }, {
        "lat" : 43.094548,
        "lon" : 141.38182,
        "time" : "20161023T172035+0900"
      }, {
        "lat" : 43.0946,
        "lon" : 141.38042,
        "time" : "20161023T172104+0900"
      }, {
        "lat" : 43.094585,
        "lon" : 141.37912,
        "time" : "20161023T172126+0900"
      }, {
        "lat" : 43.094576,
        "lon" : 141.37817,
        "time" : "20161023T172144+0900"
      }, {
        "lat" : 43.094533,
        "lon" : 141.37698,
        "time" : "20161023T172209+0900"
      }, {
        "lat" : 43.094472,
        "lon" : 141.37538,
        "time" : "20161023T172245+0900"
      }, {
        "lat" : 43.094292,
        "lon" : 141.37409,
        "time" : "20161023T172308+0900"
      }, {
        "lat" : 43.0942,
        "lon" : 141.37295,
        "time" : "20161023T172337+0900"
      }, {
        "lat" : 43.094152,
        "lon" : 141.37202,
        "time" : "20161023T172400+0900"
      }, {
        "lat" : 43.094134,
        "lon" : 141.37155,
        "time" : "20161023T172425+0900"
      }, {
        "lat" : 43.094007,
        "lon" : 141.37067,
        "time" : "20161023T172448+0900"
      }, {
        "lat" : 43.093732,
        "lon" : 141.36954,
        "time" : "20161023T172505+0900"
      }, {
        "lat" : 43.09345,
        "lon" : 141.36832,
        "time" : "20161023T172528+0900"
      }, {
        "lat" : 43.093427,
        "lon" : 141.36732,
        "time" : "20161023T172553+0900"
      }, {
        "lat" : 43.09343,
        "lon" : 141.36679,
        "time" : "20161023T172629+0900"
      }, {
        "lat" : 43.093338,
        "lon" : 141.36587,
        "time" : "20161023T172652+0900"
      }, {
        "lat" : 43.093192,
        "lon" : 141.36477,
        "time" : "20161023T172726+0900"
      }, {
        "lat" : 43.092992,
        "lon" : 141.36349,
        "time" : "20161023T172749+0900"
      }, {
        "lat" : 43.092631,
        "lon" : 141.3616,
        "time" : "20161023T172824+0900"
      }, {
        "lat" : 43.092382,
        "lon" : 141.36072,
        "time" : "20161023T172842+0900"
      }, {
        "lat" : 43.092247,
        "lon" : 141.35949,
        "time" : "20161023T172905+0900"
      }, {
        "lat" : 43.092092,
        "lon" : 141.35856,
        "time" : "20161023T172925+0900"
      }, {
        "lat" : 43.092101,
        "lon" : 141.3571,
        "time" : "20161023T173002+0900"
      }, {
        "lat" : 43.091922,
        "lon" : 141.35594,
        "time" : "20161023T173025+0900"
      }, {
        "lat" : 43.091136,
        "lon" : 141.35088,
        "time" : "20161023T173219+0900"
      }, {
        "lat" : 43.090994,
        "lon" : 141.35001,
        "time" : "20161023T173235+0900"
      }, {
        "lat" : 43.091033,
        "lon" : 141.34987,
        "time" : "20161023T173252+0900"
      }, {
        "lat" : 43.09099,
        "lon" : 141.34907,
        "time" : "20161023T173319+0900"
      }, {
        "lat" : 43.090879,
        "lon" : 141.34749,
        "time" : "20161023T173506+0900"
      }, {
        "lat" : 43.090657,
        "lon" : 141.34668,
        "time" : "20161023T173526+0900"
      }, {
        "lat" : 43.090402,
        "lon" : 141.34577,
        "time" : "20161023T173554+0900"
      }, {
        "lat" : 43.090263,
        "lon" : 141.34501,
        "time" : "20161023T173610+0900"
      }, {
        "lat" : 43.090311,
        "lon" : 141.34447,
        "time" : "20161023T173632+0900"
      }, {
        "lat" : 43.089856,
        "lon" : 141.34315,
        "time" : "20161023T173703+0900"
      }, {
        "lat" : 43.088905,
        "lon" : 141.34329,
        "time" : "20161023T173736+0900"
      }, {
        "lat" : 43.087714,
        "lon" : 141.34363,
        "time" : "20161023T173813+0900"
      }, {
        "lat" : 43.087284,
        "lon" : 141.34372,
        "time" : "20161023T173833+0900"
      }, {
        "lat" : 43.08638,
        "lon" : 141.34394,
        "time" : "20161023T173906+0900"
      }, {
        "lat" : 43.085172,
        "lon" : 141.34432,
        "time" : "20161023T173941+0900"
      }, {
        "lat" : 43.08462,
        "lon" : 141.34439,
        "time" : "20161023T173957+0900"
      }, {
        "lat" : 43.084298,
        "lon" : 141.34456,
        "time" : "20161023T174013+0900"
      }, {
        "lat" : 43.084886,
        "lon" : 141.3453,
        "time" : "20161023T174028+0900"
      } ]
    } ],
    "lastUpdate" : "20161023T084441Z"
  }, {
    "type" : "place",
    "startTime" : "20161023T174028+0900",
    "endTime" : "20161024T084107+0900",
    "place" : {
      "id" : 257240275,
      "type" : "unknown",
      "location" : {
        "lat" : 43.084886,
        "lon" : 141.3453
      }
    },
    "activities" : [ {
      "activity" : "walking",
      "group" : "walking",
      "manual" : false,
      "startTime" : "20161023T174035+0900",
      "endTime" : "20161023T174135+0900",
      "duration" : 60.0,
      "distance" : 40.0,
      "steps" : 80,
      "calories" : 2,
      "trackPoints" : [ ]
    }, {
      "activity" : "walking",
      "group" : "walking",
      "manual" : false,
      "startTime" : "20161023T180105+0900",
      "endTime" : "20161023T180136+0900",
      "duration" : 31.0,
      "distance" : 21.0,
      "steps" : 42,
      "calories" : 1,
      "trackPoints" : [ ]
    } ],
    "lastUpdate" : "20161024T001703Z"
  } ],
  "caloriesIdle" : 1601,
  "lastUpdate" : "20161024T001703Z"
} ]