[ {
  "date" : "20170215",
  "summary" : [ {
    "activity" : "walking",
    "group" : "walking",
    "duration" : 2570.0,
    "distance" : 3040.0,
    "steps" : 4058,
    "calories" : 168
  }, {
    "activity" : "transport",
    "group" : "transport",
    "duration" : 4533.0,
    "distance" : 18291.0
  }, {
    "activity" : "running",
    "group" : "running",
    "duration" : 584.0,
    "distance" : 1353.0,
    "steps" : 1277,
    "calories" : 92
  } ],
  "segments" : [ {
    "type" : "place",
    "startTime" : "20170214T151603+0900",
    "endTime" : "20170215T132942+0900",
    "place" : {
      "id" : 257240275,
      "type" : "unknown",
      "location" : {
        "lat" : 43.084886,
        "lon" : 141.3453
      }
    },
    "activities" : [ {
      "activity" : "walking",
      "group" : "walking",
      "manual" : false,
      "startTime" : "20170215T020849+0900",
      "endTime" : "20170215T020853+0900",
      "duration" : 4.0,
      "distance" : 3.0,
      "steps" : 6,
      "calories" : 0,
      "trackPoints" : [ ]
    }, {
      "activity" : "walking",
      "group" : "walking",
      "manual" : false,
      "startTime" : "20170215T132749+0900",
      "endTime" : "20170215T133731+0900",
      "duration" : 582.0,
      "distance" : 610.0,
      "steps" : 814,
      "calories" : 34,
      "trackPoints" : [ ]
    } ],
    "lastUpdate" : "20170215T061606Z"
  }, {
    "type" : "move",
    "startTime" : "20170215T132942+0900",
    "endTime" : "20170215T142055+0900",
    "activities" : [ {
      "activity" : "running",
      "group" : "running",
      "manual" : false,
      "startTime" : "20170215T132942+0900",
      "endTime" : "20170215T133413+0900",
      "duration" : 271.0,
      "distance" : 680.0,
      "steps" : 660,
      "calories" : 46,
      "trackPoints" : [ {
        "lat" : 43.084886,
        "lon" : 141.3453,
        "time" : "20170215T132942+0900"
      }, {
        "lat" : 43.084492,
        "lon" : 141.34542,
        "time" : "20170215T133008+0900"
      }, {
        "lat" : 43.085129,
        "lon" : 141.346,
        "time" : "20170215T133033+0900"
      }, {
        "lat" : 43.085447,
        "lon" : 141.34597,
        "time" : "20170215T133051+0900"
      }, {
        "lat" : 43.085922,
        "lon" : 141.34576,
        "time" : "20170215T133113+0900"
      }, {
        "lat" : 43.086433,
        "lon" : 141.34558,
        "time" : "20170215T133132+0900"
      }, {
        "lat" : 43.087075,
        "lon" : 141.34544,
        "time" : "20170215T133157+0900"
      }, {
        "lat" : 43.087427,
        "lon" : 141.34519,
        "time" : "20170215T133218+0900"
      }, {
        "lat" : 43.087523,
        "lon" : 141.34518,
        "time" : "20170215T133233+0900"
      }, {
        "lat" : 43.088045,
        "lon" : 141.34528,
        "time" : "20170215T133257+0900"
      }, {
        "lat" : 43.08874,
        "lon" : 141.34511,
        "time" : "20170215T133326+0900"
      }, {
        "lat" : 43.089343,
        "lon" : 141.34482,
        "time" : "20170215T133356+0900"
      }, {
        "lat" : 43.089596,
        "lon" : 141.34477,
        "time" : "20170215T133413+0900"
      } ]
    }, {
      "activity" : "transport",
      "group" : "transport",
      "manual" : false,
      "startTime" : "20170215T133413+0900",
      "endTime" : "20170215T141015+0900",
      "duration" : 2162.0,
      "distance" : 7987.0,
      "trackPoints" : [ {
        "lat" : 43.089596,
        "lon" : 141.34477,
        "time" : "20170215T133413+0900"
      }, {
        "lat" : 43.090015,
        "lon" : 141.34466,
        "time" : "20170215T133439+0900"
      }, {
        "lat" : 43.090083,
        "lon" : 141.34465,
        "time" : "20170215T133503+0900"
      }, {
        "lat" : 43.090227,
        "lon" : 141.34461,
        "time" : "20170215T133526+0900"
      }, {
        "lat" : 43.090502,
        "lon" : 141.34523,
        "time" : "20170215T133556+0900"
      }, {
        "lat" : 43.090578,
        "lon" : 141.34599,
        "time" : "20170215T133613+0900"
      }, {
        "lat" : 43.090724,
        "lon" : 141.34685,
        "time" : "20170215T133630+0900"
      }, {
        "lat" : 43.090899,
        "lon" : 141.34776,
        "time" : "20170215T133647+0900"
      }, {
        "lat" : 43.090979,
        "lon" : 141.34871,
        "time" : "20170215T133703+0900"
      }, {
        "lat" : 43.091344,
        "lon" : 141.3512,
        "time" : "20170215T133741+0900"
      }, {
        "lat" : 43.091556,
        "lon" : 141.35282,
        "time" : "20170215T133831+0900"
      }, {
        "lat" : 43.091729,
        "lon" : 141.35406,
        "time" : "20170215T133853+0900"
      }, {
        "lat" : 43.091809,
        "lon" : 141.35475,
        "time" : "20170215T133911+0900"
      }, {
        "lat" : 43.091897,
        "lon" : 141.35568,
        "time" : "20170215T133927+0900"
      }, {
        "lat" : 43.092073,
        "lon" : 141.35696,
        "time" : "20170215T133943+0900"
      }, {
        "lat" : 43.092168,
        "lon" : 141.35743,
        "time" : "20170215T134003+0900"
      }, {
        "lat" : 43.092276,
        "lon" : 141.35827,
        "time" : "20170215T134023+0900"
      }, {
        "lat" : 43.092506,
        "lon" : 141.35988,
        "time" : "20170215T134054+0900"
      }, {
        "lat" : 43.092577,
        "lon" : 141.36027,
        "time" : "20170215T134127+0900"
      }, {
        "lat" : 43.092569,
        "lon" : 141.3603,
        "time" : "20170215T134152+0900"
      }, {
        "lat" : 43.09261,
        "lon" : 141.36114,
        "time" : "20170215T134214+0900"
      }, {
        "lat" : 43.092695,
        "lon" : 141.36167,
        "time" : "20170215T134232+0900"
      }, {
        "lat" : 43.093177,
        "lon" : 141.36504,
        "time" : "20170215T134301+0900"
      }, {
        "lat" : 43.093185,
        "lon" : 141.36506,
        "time" : "20170215T134318+0900"
      }, {
        "lat" : 43.093252,
        "lon" : 141.36535,
        "time" : "20170215T134333+0900"
      }, {
        "lat" : 43.093347,
        "lon" : 141.36615,
        "time" : "20170215T134353+0900"
      }, {
        "lat" : 43.093496,
        "lon" : 141.36732,
        "time" : "20170215T134416+0900"
      }, {
        "lat" : 43.093758,
        "lon" : 141.36914,
        "time" : "20170215T134436+0900"
      }, {
        "lat" : 43.09408,
        "lon" : 141.37109,
        "time" : "20170215T134506+0900"
      }, {
        "lat" : 43.094164,
        "lon" : 141.3714,
        "time" : "20170215T134523+0900"
      }, {
        "lat" : 43.094256,
        "lon" : 141.37154,
        "time" : "20170215T134540+0900"
      }, {
        "lat" : 43.094214,
        "lon" : 141.37171,
        "time" : "20170215T134601+0900"
      }, {
        "lat" : 43.094209,
        "lon" : 141.37166,
        "time" : "20170215T134626+0900"
      }, {
        "lat" : 43.094221,
        "lon" : 141.3731,
        "time" : "20170215T134652+0900"
      }, {
        "lat" : 43.094388,
        "lon" : 141.37411,
        "time" : "20170215T134708+0900"
      }, {
        "lat" : 43.094543,
        "lon" : 141.37601,
        "time" : "20170215T134730+0900"
      }, {
        "lat" : 43.094712,
        "lon" : 141.37842,
        "time" : "20170215T134751+0900"
      }, {
        "lat" : 43.09469,
        "lon" : 141.37973,
        "time" : "20170215T134824+0900"
      }, {
        "lat" : 43.094559,
        "lon" : 141.38096,
        "time" : "20170215T134841+0900"
      }, {
        "lat" : 43.09449,
        "lon" : 141.38176,
        "time" : "20170215T134857+0900"
      }, {
        "lat" : 43.094483,
        "lon" : 141.38183,
        "time" : "20170215T134920+0900"
      }, {
        "lat" : 43.094412,
        "lon" : 141.38289,
        "time" : "20170215T134940+0900"
      }, {
        "lat" : 43.094328,
        "lon" : 141.38377,
        "time" : "20170215T135002+0900"
      }, {
        "lat" : 43.094192,
        "lon" : 141.38432,
        "time" : "20170215T135018+0900"
      }, {
        "lat" : 43.094005,
        "lon" : 141.38565,
        "time" : "20170215T135036+0900"
      }, {
        "lat" : 43.093941,
        "lon" : 141.38625,
        "time" : "20170215T135052+0900"
      }, {
        "lat" : 43.093629,
        "lon" : 141.3869,
        "time" : "20170215T135127+0900"
      }, {
        "lat" : 43.093578,
        "lon" : 141.38726,
        "time" : "20170215T135143+0900"
      }, {
        "lat" : 43.09372,
        "lon" : 141.38705,
        "time" : "20170215T135210+0900"
      }, {
        "lat" : 43.093744,
        "lon" : 141.3868,
        "time" : "20170215T135226+0900"
      }, {
        "lat" : 43.093585,
        "lon" : 141.38673,
        "time" : "20170215T135244+0900"
      }, {
        "lat" : 43.093565,
        "lon" : 141.38695,
        "time" : "20170215T135300+0900"
      }, {
        "lat" : 43.093563,
        "lon" : 141.38706,
        "time" : "20170215T135317+0900"
      }, {
        "lat" : 43.094052,
        "lon" : 141.385,
        "time" : "20170215T135347+0900"
      }, {
        "lat" : 43.094221,
        "lon" : 141.38404,
        "time" : "20170215T135416+0900"
      }, {
        "lat" : 43.094245,
        "lon" : 141.38385,
        "time" : "20170215T135517+0900"
      }, {
        "lat" : 43.094328,
        "lon" : 141.38323,
        "time" : "20170215T135534+0900"
      }, {
        "lat" : 43.094608,
        "lon" : 141.38122,
        "time" : "20170215T135552+0900"
      }, {
        "lat" : 43.094676,
        "lon" : 141.37945,
        "time" : "20170215T135611+0900"
      }, {
        "lat" : 43.09462,
        "lon" : 141.37783,
        "time" : "20170215T135636+0900"
      }, {
        "lat" : 43.094518,
        "lon" : 141.37622,
        "time" : "20170215T135704+0900"
      }, {
        "lat" : 43.094524,
        "lon" : 141.37584,
        "time" : "20170215T135729+0900"
      }, {
        "lat" : 43.094392,
        "lon" : 141.3747,
        "time" : "20170215T135745+0900"
      }, {
        "lat" : 43.094189,
        "lon" : 141.37265,
        "time" : "20170215T135803+0900"
      }, {
        "lat" : 43.094157,
        "lon" : 141.37084,
        "time" : "20170215T135830+0900"
      }, {
        "lat" : 43.094038,
        "lon" : 141.37072,
        "time" : "20170215T135858+0900"
      }, {
        "lat" : 43.094025,
        "lon" : 141.3707,
        "time" : "20170215T135916+0900"
      }, {
        "lat" : 43.093692,
        "lon" : 141.36886,
        "time" : "20170215T135935+0900"
      }, {
        "lat" : 43.093248,
        "lon" : 141.36603,
        "time" : "20170215T135959+0900"
      }, {
        "lat" : 43.093248,
        "lon" : 141.36603,
        "time" : "20170215T140000+0900"
      }, {
        "lat" : 43.092823,
        "lon" : 141.36332,
        "time" : "20170215T140023+0900"
      }, {
        "lat" : 43.092576,
        "lon" : 141.36141,
        "time" : "20170215T140051+0900"
      }, {
        "lat" : 43.092593,
        "lon" : 141.36123,
        "time" : "20170215T140108+0900"
      }, {
        "lat" : 43.092602,
        "lon" : 141.36106,
        "time" : "20170215T140124+0900"
      }, {
        "lat" : 43.092582,
        "lon" : 141.3609,
        "time" : "20170215T140144+0900"
      }, {
        "lat" : 43.092459,
        "lon" : 141.35979,
        "time" : "20170215T140216+0900"
      }, {
        "lat" : 43.092463,
        "lon" : 141.35976,
        "time" : "20170215T140233+0900"
      }, {
        "lat" : 43.092375,
        "lon" : 141.35908,
        "time" : "20170215T140300+0900"
      }, {
        "lat" : 43.092284,
        "lon" : 141.35822,
        "time" : "20170215T140316+0900"
      }, {
        "lat" : 43.092232,
        "lon" : 141.35782,
        "time" : "20170215T140338+0900"
      }, {
        "lat" : 43.091969,
        "lon" : 141.35603,
        "time" : "20170215T140410+0900"
      }, {
        "lat" : 43.091849,
        "lon" : 141.35532,
        "time" : "20170215T140428+0900"
      }, {
        "lat" : 43.09159,
        "lon" : 141.35325,
        "time" : "20170215T140452+0900"
      }, {
        "lat" : 43.091166,
        "lon" : 141.35025,
        "time" : "20170215T140516+0900"
      }, {
        "lat" : 43.090982,
        "lon" : 141.34857,
        "time" : "20170215T140537+0900"
      }, {
        "lat" : 43.090951,
        "lon" : 141.34857,
        "time" : "20170215T140555+0900"
      }, {
        "lat" : 43.090905,
        "lon" : 141.34852,
        "time" : "20170215T140616+0900"
      }, {
        "lat" : 43.09091,
        "lon" : 141.34798,
        "time" : "20170215T140636+0900"
      }, {
        "lat" : 43.090686,
        "lon" : 141.34689,
        "time" : "20170215T140700+0900"
      }, {
        "lat" : 43.090458,
        "lon" : 141.34633,
        "time" : "20170215T140716+0900"
      }, {
        "lat" : 43.089757,
        "lon" : 141.34622,
        "time" : "20170215T140748+0900"
      }, {
        "lat" : 43.089642,
        "lon" : 141.34563,
        "time" : "20170215T140813+0900"
      }, {
        "lat" : 43.089565,
        "lon" : 141.34491,
        "time" : "20170215T140848+0900"
      }, {
        "lat" : 43.08964,
        "lon" : 141.34469,
        "time" : "20170215T140926+0900"
      }, {
        "lat" : 43.089846,
        "lon" : 141.34467,
        "time" : "20170215T140959+0900"
      }, {
        "lat" : 43.089592,
        "lon" : 141.34464,
        "time" : "20170215T141015+0900"
      } ]
    }, {
      "activity" : "walking",
      "group" : "walking",
      "manual" : false,
      "startTime" : "20170215T141015+0900",
      "endTime" : "20170215T142055+0900",
      "duration" : 640.0,
      "distance" : 836.0,
      "steps" : 991,
      "calories" : 46,
      "trackPoints" : [ {
        "lat" : 43.089592,
        "lon" : 141.34464,
        "time" : "20170215T141015+0900"
      }, {
        "lat" : 43.089384,
        "lon" : 141.3445,
        "time" : "20170215T141048+0900"
      }, {
        "lat" : 43.089435,
        "lon" : 141.34425,
        "time" : "20170215T141106+0900"
      }, {
        "lat" : 43.089455,
        "lon" : 141.34394,
        "time" : "20170215T141124+0900"
      }, {
        "lat" : 43.089475,
        "lon" : 141.34326,
        "time" : "20170215T141150+0900"
      }, {
        "lat" : 43.089074,
        "lon" : 141.34328,
        "time" : "20170215T141211+0900"
      }, {
        "lat" : 43.088799,
        "lon" : 141.34333,
        "time" : "20170215T141228+0900"
      }, {
        "lat" : 43.088574,
        "lon" : 141.3434,
        "time" : "20170215T141244+0900"
      }, {
        "lat" : 43.088322,
        "lon" : 141.34346,
        "time" : "20170215T141303+0900"
      }, {
        "lat" : 43.088051,
        "lon" : 141.34351,
        "time" : "20170215T141328+0900"
      }, {
        "lat" : 43.087824,
        "lon" : 141.34353,
        "time" : "20170215T141350+0900"
      }, {
        "lat" : 43.087603,
        "lon" : 141.34359,
        "time" : "20170215T141408+0900"
      }, {
        "lat" : 43.087316,
        "lon" : 141.34366,
        "time" : "20170215T141425+0900"
      }, {
        "lat" : 43.087052,
        "lon" : 141.34367,
        "time" : "20170215T141442+0900"
      }, {
        "lat" : 43.086783,
        "lon" : 141.34368,
        "time" : "20170215T141457+0900"
      }, {
        "lat" : 43.086655,
        "lon" : 141.34392,
        "time" : "20170215T141514+0900"
      }, {
        "lat" : 43.086502,
        "lon" : 141.34391,
        "time" : "20170215T141529+0900"
      }, {
        "lat" : 43.086161,
        "lon" : 141.34402,
        "time" : "20170215T141552+0900"
      }, {
        "lat" : 43.085927,
        "lon" : 141.34409,
        "time" : "20170215T141608+0900"
      }, {
        "lat" : 43.085657,
        "lon" : 141.34416,
        "time" : "20170215T141631+0900"
      }, {
        "lat" : 43.08535,
        "lon" : 141.3442,
        "time" : "20170215T141705+0900"
      }, {
        "lat" : 43.085119,
        "lon" : 141.34424,
        "time" : "20170215T141728+0900"
      }, {
        "lat" : 43.084918,
        "lon" : 141.34429,
        "time" : "20170215T141802+0900"
      }, {
        "lat" : 43.084731,
        "lon" : 141.3444,
        "time" : "20170215T141825+0900"
      }, {
        "lat" : 43.084548,
        "lon" : 141.34445,
        "time" : "20170215T141842+0900"
      }, {
        "lat" : 43.084354,
        "lon" : 141.34446,
        "time" : "20170215T141858+0900"
      }, {
        "lat" : 43.084337,
        "lon" : 141.34465,
        "time" : "20170215T141918+0900"
      }, {
        "lat" : 43.084297,
        "lon" : 141.34481,
        "time" : "20170215T141953+0900"
      }, {
        "lat" : 43.084371,
        "lon" : 141.34488,
        "time" : "20170215T142014+0900"
      }, {
        "lat" : 43.084573,
        "lon" : 141.34497,
        "time" : "20170215T142033+0900"
      }, {
        "lat" : 43.084886,
        "lon" : 141.3453,
        "time" : "20170215T142055+0900"
      } ]
    } ],
    "lastUpdate" : "20170215T061606Z"
  }, {
    "type" : "place",
    "startTime" : "20170215T142055+0900",
    "endTime" : "20170215T181948+0900",
    "place" : {
      "id" : 257240275,
      "type" : "unknown",
      "location" : {
        "lat" : 43.084886,
        "lon" : 141.3453
      }
    },
    "activities" : [ {
      "activity" : "walking",
      "group" : "walking",
      "manual" : false,
      "startTime" : "20170215T142055+0900",
      "endTime" : "20170215T142055+0900",
      "duration" : 0.0,
      "distance" : 0.0,
      "steps" : 1,
      "calories" : 0,
      "trackPoints" : [ ]
    }, {
      "activity" : "walking",
      "group" : "walking",
      "manual" : false,
      "startTime" : "20170215T181804+0900",
      "endTime" : "20170215T182051+0900",
      "duration" : 167.0,
      "distance" : 174.0,
      "steps" : 232,
      "calories" : 10,
      "trackPoints" : [ ]
    } ],
    "lastUpdate" : "20170215T105720Z"
  }, {
    "type" : "move",
    "startTime" : "20170215T181949+0900",
    "endTime" : "20170215T185002+0900",
    "activities" : [ {
      "activity" : "running",
      "group" : "running",
      "manual" : false,
      "startTime" : "20170215T181949+0900",
      "endTime" : "20170215T182229+0900",
      "duration" : 160.0,
      "distance" : 459.0,
      "steps" : 386,
      "calories" : 31,
      "trackPoints" : [ {
        "lat" : 43.084886,
        "lon" : 141.3453,
        "time" : "20170215T181949+0900"
      }, {
        "lat" : 43.08447,
        "lon" : 141.34556,
        "time" : "20170215T182014+0900"
      }, {
        "lat" : 43.084952,
        "lon" : 141.34602,
        "time" : "20170215T182034+0900"
      }, {
        "lat" : 43.085439,
        "lon" : 141.34598,
        "time" : "20170215T182101+0900"
      }, {
        "lat" : 43.085834,
        "lon" : 141.34574,
        "time" : "20170215T182123+0900"
      }, {
        "lat" : 43.086411,
        "lon" : 141.34554,
        "time" : "20170215T182144+0900"
      }, {
        "lat" : 43.087187,
        "lon" : 141.34538,
        "time" : "20170215T182210+0900"
      }, {
        "lat" : 43.087734,
        "lon" : 141.34522,
        "time" : "20170215T182229+0900"
      } ]
    }, {
      "activity" : "walking",
      "group" : "walking",
      "manual" : false,
      "startTime" : "20170215T182229+0900",
      "endTime" : "20170215T182459+0900",
      "duration" : 150.0,
      "distance" : 255.0,
      "steps" : 290,
      "calories" : 14,
      "trackPoints" : [ {
        "lat" : 43.087734,
        "lon" : 141.34522,
        "time" : "20170215T182229+0900"
      }, {
        "lat" : 43.087841,
        "lon" : 141.34517,
        "time" : "20170215T182245+0900"
      }, {
        "lat" : 43.088089,
        "lon" : 141.34519,
        "time" : "20170215T182301+0900"
      }, {
        "lat" : 43.088483,
        "lon" : 141.3451,
        "time" : "20170215T182325+0900"
      }, {
        "lat" : 43.089035,
        "lon" : 141.34495,
        "time" : "20170215T182353+0900"
      }, {
        "lat" : 43.089415,
        "lon" : 141.34477,
        "time" : "20170215T182423+0900"
      }, {
        "lat" : 43.089671,
        "lon" : 141.34477,
        "time" : "20170215T182440+0900"
      }, {
        "lat" : 43.089926,
        "lon" : 141.34473,
        "time" : "20170215T182500+0900"
      } ]
    }, {
      "activity" : "transport",
      "group" : "transport",
      "manual" : false,
      "startTime" : "20170215T182500+0900",
      "endTime" : "20170215T184601+0900",
      "duration" : 1261.0,
      "distance" : 4952.0,
      "trackPoints" : [ {
        "lat" : 43.089926,
        "lon" : 141.34473,
        "time" : "20170215T182500+0900"
      }, {
        "lat" : 43.090079,
        "lon" : 141.34479,
        "time" : "20170215T182521+0900"
      }, {
        "lat" : 43.090309,
        "lon" : 141.34504,
        "time" : "20170215T182544+0900"
      }, {
        "lat" : 43.090422,
        "lon" : 141.34554,
        "time" : "20170215T182603+0900"
      }, {
        "lat" : 43.090661,
        "lon" : 141.34661,
        "time" : "20170215T182620+0900"
      }, {
        "lat" : 43.090726,
        "lon" : 141.347,
        "time" : "20170215T182642+0900"
      }, {
        "lat" : 43.09081,
        "lon" : 141.34741,
        "time" : "20170215T182658+0900"
      }, {
        "lat" : 43.090936,
        "lon" : 141.34822,
        "time" : "20170215T182720+0900"
      }, {
        "lat" : 43.091303,
        "lon" : 141.35123,
        "time" : "20170215T182804+0900"
      }, {
        "lat" : 43.091501,
        "lon" : 141.35238,
        "time" : "20170215T182821+0900"
      }, {
        "lat" : 43.091548,
        "lon" : 141.35281,
        "time" : "20170215T182852+0900"
      }, {
        "lat" : 43.091673,
        "lon" : 141.35454,
        "time" : "20170215T182926+0900"
      }, {
        "lat" : 43.091767,
        "lon" : 141.35509,
        "time" : "20170215T182946+0900"
      }, {
        "lat" : 43.09195,
        "lon" : 141.35598,
        "time" : "20170215T183003+0900"
      }, {
        "lat" : 43.092214,
        "lon" : 141.35781,
        "time" : "20170215T183022+0900"
      }, {
        "lat" : 43.092451,
        "lon" : 141.35948,
        "time" : "20170215T183041+0900"
      }, {
        "lat" : 43.092558,
        "lon" : 141.36025,
        "time" : "20170215T183101+0900"
      }, {
        "lat" : 43.092558,
        "lon" : 141.36025,
        "time" : "20170215T183136+0900"
      }, {
        "lat" : 43.092558,
        "lon" : 141.36025,
        "time" : "20170215T183158+0900"
      }, {
        "lat" : 43.092575,
        "lon" : 141.36068,
        "time" : "20170215T183224+0900"
      }, {
        "lat" : 43.092645,
        "lon" : 141.36126,
        "time" : "20170215T183244+0900"
      }, {
        "lat" : 43.092881,
        "lon" : 141.36243,
        "time" : "20170215T183302+0900"
      }, {
        "lat" : 43.093205,
        "lon" : 141.36534,
        "time" : "20170215T183325+0900"
      }, {
        "lat" : 43.093566,
        "lon" : 141.36773,
        "time" : "20170215T183342+0900"
      }, {
        "lat" : 43.093866,
        "lon" : 141.36996,
        "time" : "20170215T183411+0900"
      }, {
        "lat" : 43.09396,
        "lon" : 141.37056,
        "time" : "20170215T183436+0900"
      }, {
        "lat" : 43.094155,
        "lon" : 141.37144,
        "time" : "20170215T183505+0900"
      }, {
        "lat" : 43.094186,
        "lon" : 141.37162,
        "time" : "20170215T183525+0900"
      }, {
        "lat" : 43.094207,
        "lon" : 141.37173,
        "time" : "20170215T183545+0900"
      }, {
        "lat" : 43.094218,
        "lon" : 141.37179,
        "time" : "20170215T183606+0900"
      }, {
        "lat" : 43.094226,
        "lon" : 141.37182,
        "time" : "20170215T183627+0900"
      }, {
        "lat" : 43.094232,
        "lon" : 141.37188,
        "time" : "20170215T183643+0900"
      }, {
        "lat" : 43.094358,
        "lon" : 141.37445,
        "time" : "20170215T183704+0900"
      }, {
        "lat" : 43.094546,
        "lon" : 141.37572,
        "time" : "20170215T183720+0900"
      }, {
        "lat" : 43.09483,
        "lon" : 141.37843,
        "time" : "20170215T183742+0900"
      }, {
        "lat" : 43.09458,
        "lon" : 141.38095,
        "time" : "20170215T183819+0900"
      }, {
        "lat" : 43.094539,
        "lon" : 141.38171,
        "time" : "20170215T183844+0900"
      }, {
        "lat" : 43.094598,
        "lon" : 141.38236,
        "time" : "20170215T183908+0900"
      }, {
        "lat" : 43.094446,
        "lon" : 141.38363,
        "time" : "20170215T183943+0900"
      }, {
        "lat" : 43.094072,
        "lon" : 141.38501,
        "time" : "20170215T184019+0900"
      }, {
        "lat" : 43.093562,
        "lon" : 141.38717,
        "time" : "20170215T184046+0900"
      }, {
        "lat" : 43.093658,
        "lon" : 141.38727,
        "time" : "20170215T184102+0900"
      }, {
        "lat" : 43.093402,
        "lon" : 141.38799,
        "time" : "20170215T184122+0900"
      }, {
        "lat" : 43.093253,
        "lon" : 141.38835,
        "time" : "20170215T184147+0900"
      }, {
        "lat" : 43.092782,
        "lon" : 141.38964,
        "time" : "20170215T184209+0900"
      }, {
        "lat" : 43.092334,
        "lon" : 141.39109,
        "time" : "20170215T184239+0900"
      }, {
        "lat" : 43.092218,
        "lon" : 141.39136,
        "time" : "20170215T184305+0900"
      }, {
        "lat" : 43.091793,
        "lon" : 141.39215,
        "time" : "20170215T184324+0900"
      }, {
        "lat" : 43.09133,
        "lon" : 141.39337,
        "time" : "20170215T184345+0900"
      }, {
        "lat" : 43.090466,
        "lon" : 141.39539,
        "time" : "20170215T184423+0900"
      }, {
        "lat" : 43.089981,
        "lon" : 141.3966,
        "time" : "20170215T184444+0900"
      }, {
        "lat" : 43.089981,
        "lon" : 141.3966,
        "time" : "20170215T184506+0900"
      }, {
        "lat" : 43.089981,
        "lon" : 141.3966,
        "time" : "20170215T184538+0900"
      }, {
        "lat" : 43.089444,
        "lon" : 141.39801,
        "time" : "20170215T184601+0900"
      } ]
    }, {
      "activity" : "walking",
      "group" : "walking",
      "manual" : false,
      "startTime" : "20170215T184601+0900",
      "endTime" : "20170215T185001+0900",
      "duration" : 240.0,
      "distance" : 297.0,
      "steps" : 405,
      "calories" : 16,
      "trackPoints" : [ {
        "lat" : 43.089444,
        "lon" : 141.39801,
        "time" : "20170215T184601+0900"
      }, {
        "lat" : 43.089245,
        "lon" : 141.39834,
        "time" : "20170215T184621+0900"
      }, {
        "lat" : 43.089082,
        "lon" : 141.39869,
        "time" : "20170215T184643+0900"
      }, {
        "lat" : 43.089015,
        "lon" : 141.39894,
        "time" : "20170215T184707+0900"
      }, {
        "lat" : 43.08931,
        "lon" : 141.39937,
        "time" : "20170215T184747+0900"
      }, {
        "lat" : 43.089365,
        "lon" : 141.39945,
        "time" : "20170215T184815+0900"
      }, {
        "lat" : 43.089592,
        "lon" : 141.39968,
        "time" : "20170215T184835+0900"
      }, {
        "lat" : 43.090032,
        "lon" : 141.39989,
        "time" : "20170215T184916+0900"
      }, {
        "lat" : 43.09023,
        "lon" : 141.39993,
        "time" : "20170215T184939+0900"
      }, {
        "lat" : 43.090044,
        "lon" : 141.39987,
        "time" : "20170215T185002+0900"
      } ]
    } ],
    "lastUpdate" : "20170215T105720Z"
  }, {
    "type" : "place",
    "startTime" : "20170215T185002+0900",
    "endTime" : "20170215T212305+0900",
    "place" : {
      "id" : 366123833,
      "type" : "unknown",
      "location" : {
        "lat" : 43.090044,
        "lon" : 141.39987
      }
    },
    "activities" : [ {
      "activity" : "walking",
      "group" : "walking",
      "manual" : false,
      "startTime" : "20170215T185002+0900",
      "endTime" : "20170215T185021+0900",
      "duration" : 19.0,
      "distance" : 13.0,
      "steps" : 26,
      "calories" : 1,
      "trackPoints" : [ ]
    }, {
      "activity" : "walking",
      "group" : "walking",
      "manual" : false,
      "startTime" : "20170215T212225+0900",
      "endTime" : "20170215T212414+0900",
      "duration" : 109.0,
      "distance" : 73.0,
      "steps" : 146,
      "calories" : 4,
      "trackPoints" : [ ]
    } ],
    "lastUpdate" : "20170215T140334Z"
  }, {
    "type" : "move",
    "startTime" : "20170215T212305+0900",
    "endTime" : "20170215T215450+0900",
    "activities" : [ {
      "activity" : "running",
      "group" : "running",
      "manual" : false,
      "startTime" : "20170215T212305+0900",
      "endTime" : "20170215T212538+0900",
      "duration" : 153.0,
      "distance" : 214.0,
      "steps" : 231,
      "calories" : 15,
      "trackPoints" : [ {
        "lat" : 43.090044,
        "lon" : 141.39987,
        "time" : "20170215T212305+0900"
      }, {
        "lat" : 43.09017,
        "lon" : 141.39992,
        "time" : "20170215T212327+0900"
      }, {
        "lat" : 43.090149,
        "lon" : 141.39991,
        "time" : "20170215T212350+0900"
      }, {
        "lat" : 43.089521,
        "lon" : 141.39958,
        "time" : "20170215T212413+0900"
      }, {
        "lat" : 43.089267,
        "lon" : 141.39947,
        "time" : "20170215T212440+0900"
      }, {
        "lat" : 43.089035,
        "lon" : 141.39927,
        "time" : "20170215T212458+0900"
      }, {
        "lat" : 43.088878,
        "lon" : 141.39906,
        "time" : "20170215T212520+0900"
      }, {
        "lat" : 43.088967,
        "lon" : 141.39892,
        "time" : "20170215T212538+0900"
      } ]
    }, {
      "activity" : "transport",
      "group" : "transport",
      "manual" : false,
      "startTime" : "20170215T212538+0900",
      "endTime" : "20170215T214408+0900",
      "duration" : 1110.0,
      "distance" : 5352.0,
      "trackPoints" : [ {
        "lat" : 43.088967,
        "lon" : 141.39892,
        "time" : "20170215T212538+0900"
      }, {
        "lat" : 43.089149,
        "lon" : 141.39832,
        "time" : "20170215T212609+0900"
      }, {
        "lat" : 43.089252,
        "lon" : 141.39818,
        "time" : "20170215T212624+0900"
      }, {
        "lat" : 43.089278,
        "lon" : 141.3982,
        "time" : "20170215T212648+0900"
      }, {
        "lat" : 43.089278,
        "lon" : 141.3982,
        "time" : "20170215T212711+0900"
      }, {
        "lat" : 43.089278,
        "lon" : 141.3982,
        "time" : "20170215T212732+0900"
      }, {
        "lat" : 43.089279,
        "lon" : 141.3982,
        "time" : "20170215T212752+0900"
      }, {
        "lat" : 43.089294,
        "lon" : 141.3982,
        "time" : "20170215T212824+0900"
      }, {
        "lat" : 43.089299,
        "lon" : 141.39821,
        "time" : "20170215T212841+0900"
      }, {
        "lat" : 43.089303,
        "lon" : 141.39822,
        "time" : "20170215T212857+0900"
      }, {
        "lat" : 43.089303,
        "lon" : 141.39823,
        "time" : "20170215T212922+0900"
      }, {
        "lat" : 43.08937,
        "lon" : 141.39801,
        "time" : "20170215T212939+0900"
      }, {
        "lat" : 43.089905,
        "lon" : 141.39676,
        "time" : "20170215T212955+0900"
      }, {
        "lat" : 43.090776,
        "lon" : 141.39467,
        "time" : "20170215T213018+0900"
      }, {
        "lat" : 43.091191,
        "lon" : 141.39374,
        "time" : "20170215T213034+0900"
      }, {
        "lat" : 43.091286,
        "lon" : 141.39354,
        "time" : "20170215T213051+0900"
      }, {
        "lat" : 43.09202,
        "lon" : 141.39158,
        "time" : "20170215T213131+0900"
      }, {
        "lat" : 43.092951,
        "lon" : 141.38914,
        "time" : "20170215T213209+0900"
      }, {
        "lat" : 43.093432,
        "lon" : 141.38784,
        "time" : "20170215T213229+0900"
      }, {
        "lat" : 43.094296,
        "lon" : 141.38383,
        "time" : "20170215T213303+0900"
      }, {
        "lat" : 43.094261,
        "lon" : 141.38365,
        "time" : "20170215T213333+0900"
      }, {
        "lat" : 43.094224,
        "lon" : 141.38363,
        "time" : "20170215T213351+0900"
      }, {
        "lat" : 43.094531,
        "lon" : 141.3824,
        "time" : "20170215T213413+0900"
      }, {
        "lat" : 43.09465,
        "lon" : 141.38065,
        "time" : "20170215T213429+0900"
      }, {
        "lat" : 43.094775,
        "lon" : 141.37956,
        "time" : "20170215T213453+0900"
      }, {
        "lat" : 43.094529,
        "lon" : 141.3776,
        "time" : "20170215T213516+0900"
      }, {
        "lat" : 43.094479,
        "lon" : 141.37612,
        "time" : "20170215T213532+0900"
      }, {
        "lat" : 43.094529,
        "lon" : 141.37573,
        "time" : "20170215T213555+0900"
      }, {
        "lat" : 43.09428,
        "lon" : 141.37397,
        "time" : "20170215T213618+0900"
      }, {
        "lat" : 43.094171,
        "lon" : 141.37161,
        "time" : "20170215T213644+0900"
      }, {
        "lat" : 43.093859,
        "lon" : 141.37087,
        "time" : "20170215T213712+0900"
      }, {
        "lat" : 43.09388,
        "lon" : 141.37081,
        "time" : "20170215T213729+0900"
      }, {
        "lat" : 43.093765,
        "lon" : 141.36964,
        "time" : "20170215T213745+0900"
      }, {
        "lat" : 43.093581,
        "lon" : 141.36816,
        "time" : "20170215T213805+0900"
      }, {
        "lat" : 43.093291,
        "lon" : 141.36574,
        "time" : "20170215T213822+0900"
      }, {
        "lat" : 43.093172,
        "lon" : 141.36453,
        "time" : "20170215T213843+0900"
      }, {
        "lat" : 43.092681,
        "lon" : 141.36108,
        "time" : "20170215T213917+0900"
      }, {
        "lat" : 43.092337,
        "lon" : 141.35876,
        "time" : "20170215T213944+0900"
      }, {
        "lat" : 43.091947,
        "lon" : 141.35598,
        "time" : "20170215T214013+0900"
      }, {
        "lat" : 43.091563,
        "lon" : 141.35435,
        "time" : "20170215T214030+0900"
      }, {
        "lat" : 43.091194,
        "lon" : 141.35054,
        "time" : "20170215T214058+0900"
      }, {
        "lat" : 43.090846,
        "lon" : 141.3488,
        "time" : "20170215T214113+0900"
      }, {
        "lat" : 43.0912,
        "lon" : 141.34794,
        "time" : "20170215T214134+0900"
      }, {
        "lat" : 43.091203,
        "lon" : 141.34767,
        "time" : "20170215T214159+0900"
      }, {
        "lat" : 43.090684,
        "lon" : 141.34683,
        "time" : "20170215T214218+0900"
      }, {
        "lat" : 43.089996,
        "lon" : 141.34633,
        "time" : "20170215T214244+0900"
      }, {
        "lat" : 43.08969,
        "lon" : 141.34583,
        "time" : "20170215T214306+0900"
      }, {
        "lat" : 43.089578,
        "lon" : 141.34484,
        "time" : "20170215T214346+0900"
      }, {
        "lat" : 43.089498,
        "lon" : 141.34469,
        "time" : "20170215T214409+0900"
      } ]
    }, {
      "activity" : "walking",
      "group" : "walking",
      "manual" : false,
      "startTime" : "20170215T214409+0900",
      "endTime" : "20170215T215450+0900",
      "duration" : 641.0,
      "distance" : 767.0,
      "steps" : 1122,
      "calories" : 43,
      "trackPoints" : [ {
        "lat" : 43.089498,
        "lon" : 141.34469,
        "time" : "20170215T214409+0900"
      }, {
        "lat" : 43.089441,
        "lon" : 141.34466,
        "time" : "20170215T214425+0900"
      }, {
        "lat" : 43.089417,
        "lon" : 141.34457,
        "time" : "20170215T214441+0900"
      }, {
        "lat" : 43.0894,
        "lon" : 141.34446,
        "time" : "20170215T214456+0900"
      }, {
        "lat" : 43.089365,
        "lon" : 141.3441,
        "time" : "20170215T214516+0900"
      }, {
        "lat" : 43.089315,
        "lon" : 141.3438,
        "time" : "20170215T214535+0900"
      }, {
        "lat" : 43.089211,
        "lon" : 141.34352,
        "time" : "20170215T214552+0900"
      }, {
        "lat" : 43.089007,
        "lon" : 141.34335,
        "time" : "20170215T214608+0900"
      }, {
        "lat" : 43.08859,
        "lon" : 141.34341,
        "time" : "20170215T214643+0900"
      }, {
        "lat" : 43.088455,
        "lon" : 141.34348,
        "time" : "20170215T214659+0900"
      }, {
        "lat" : 43.088162,
        "lon" : 141.34352,
        "time" : "20170215T214725+0900"
      }, {
        "lat" : 43.087908,
        "lon" : 141.3436,
        "time" : "20170215T214749+0900"
      }, {
        "lat" : 43.087655,
        "lon" : 141.34374,
        "time" : "20170215T214811+0900"
      }, {
        "lat" : 43.087475,
        "lon" : 141.3438,
        "time" : "20170215T214827+0900"
      }, {
        "lat" : 43.087202,
        "lon" : 141.34381,
        "time" : "20170215T214846+0900"
      }, {
        "lat" : 43.08696,
        "lon" : 141.34382,
        "time" : "20170215T214906+0900"
      }, {
        "lat" : 43.086621,
        "lon" : 141.34389,
        "time" : "20170215T214935+0900"
      }, {
        "lat" : 43.086404,
        "lon" : 141.34395,
        "time" : "20170215T214951+0900"
      }, {
        "lat" : 43.086101,
        "lon" : 141.34401,
        "time" : "20170215T215024+0900"
      }, {
        "lat" : 43.085873,
        "lon" : 141.3441,
        "time" : "20170215T215044+0900"
      }, {
        "lat" : 43.08563,
        "lon" : 141.34418,
        "time" : "20170215T215107+0900"
      }, {
        "lat" : 43.085286,
        "lon" : 141.34428,
        "time" : "20170215T215130+0900"
      }, {
        "lat" : 43.085035,
        "lon" : 141.34431,
        "time" : "20170215T215150+0900"
      }, {
        "lat" : 43.084864,
        "lon" : 141.34443,
        "time" : "20170215T215206+0900"
      }, {
        "lat" : 43.084707,
        "lon" : 141.34437,
        "time" : "20170215T215229+0900"
      }, {
        "lat" : 43.084563,
        "lon" : 141.34441,
        "time" : "20170215T215245+0900"
      }, {
        "lat" : 43.084411,
        "lon" : 141.3446,
        "time" : "20170215T215308+0900"
      }, {
        "lat" : 43.084344,
        "lon" : 141.34472,
        "time" : "20170215T215330+0900"
      }, {
        "lat" : 43.084317,
        "lon" : 141.34471,
        "time" : "20170215T215405+0900"
      }, {
        "lat" : 43.084339,
        "lon" : 141.34476,
        "time" : "20170215T215427+0900"
      }, {
        "lat" : 43.084886,
        "lon" : 141.3453,
        "time" : "20170215T215450+0900"
      } ]
    } ],
    "lastUpdate" : "20170215T140334Z"
  }, {
    "type" : "place",
    "startTime" : "20170215T215450+0900",
    "endTime" : "20170216T180709+0900",
    "place" : {
      "id" : 257240275,
      "type" : "unknown",
      "location" : {
        "lat" : 43.084886,
        "lon" : 141.3453
      }
    },
    "activities" : [ {
      "activity" : "walking",
      "group" : "walking",
      "manual" : false,
      "startTime" : "20170215T215450+0900",
      "endTime" : "20170215T215508+0900",
      "duration" : 18.0,
      "distance" : 12.0,
      "steps" : 25,
      "calories" : 1,
      "trackPoints" : [ ]
    } ],
    "lastUpdate" : "20170216T100858Z"
  } ],
  "caloriesIdle" : 1596,
  "lastUpdate" : "20170216T100858Z"
} ]