[ {
  "date" : "20171024",
  "summary" : [ {
    "activity" : "walking",
    "group" : "walking",
    "duration" : 1418.0,
    "distance" : 1377.0,
    "steps" : 1976,
    "calories" : 76
  }, {
    "activity" : "transport",
    "group" : "transport",
    "duration" : 2888.0,
    "distance" : 7309.0
  } ],
  "segments" : [ {
    "type" : "place",
    "startTime" : "20171023T195102+0900",
    "endTime" : "20171024T145521+0900",
    "place" : {
      "id" : 147930617,
      "type" : "unknown",
      "location" : {
        "lat" : 43.0839664558,
        "lon" : 141.3445236816
      }
    },
    "lastUpdate" : "20171024T071411Z"
  }, {
    "type" : "move",
    "startTime" : "20171024T145521+0900",
    "endTime" : "20171024T152051+0900",
    "activities" : [ {
      "activity" : "transport",
      "group" : "transport",
      "manual" : false,
      "startTime" : "20171024T145521+0900",
      "endTime" : "20171024T151720+0900",
      "duration" : 1319.0,
      "distance" : 3532.0,
      "trackPoints" : [ {
        "lat" : 43.083966,
        "lon" : 141.34452,
        "time" : "20171024T145521+0900"
      }, {
        "lat" : 43.081433,
        "lon" : 141.34508,
        "time" : "20171024T145914+0900"
      }, {
        "lat" : 43.080198,
        "lon" : 141.34543,
        "time" : "20171024T145959+0900"
      }, {
        "lat" : 43.080197,
        "lon" : 141.34543,
        "time" : "20171024T150000+0900"
      }, {
        "lat" : 43.075394,
        "lon" : 141.34681,
        "time" : "20171024T150255+0900"
      }, {
        "lat" : 43.07437,
        "lon" : 141.34691,
        "time" : "20171024T150323+0900"
      }, {
        "lat" : 43.073457,
        "lon" : 141.34722,
        "time" : "20171024T150357+0900"
      }, {
        "lat" : 43.073091,
        "lon" : 141.34734,
        "time" : "20171024T150414+0900"
      }, {
        "lat" : 43.067414,
        "lon" : 141.34728,
        "time" : "20171024T150839+0900"
      }, {
        "lat" : 43.067302,
        "lon" : 141.34751,
        "time" : "20171024T150903+0900"
      }, {
        "lat" : 43.062025,
        "lon" : 141.35198,
        "time" : "20171024T151318+0900"
      }, {
        "lat" : 43.057718,
        "lon" : 141.35428,
        "time" : "20171024T151720+0900"
      } ]
    }, {
      "activity" : "walking",
      "group" : "walking",
      "manual" : false,
      "startTime" : "20171024T151720+0900",
      "endTime" : "20171024T152051+0900",
      "duration" : 211.0,
      "distance" : 146.0,
      "steps" : 293,
      "calories" : 8,
      "trackPoints" : [ {
        "lat" : 43.057718,
        "lon" : 141.35428,
        "time" : "20171024T151720+0900"
      }, {
        "lat" : 43.0574,
        "lon" : 141.35444,
        "time" : "20171024T151910+0900"
      }, {
        "lat" : 43.057327,
        "lon" : 141.35463,
        "time" : "20171024T151934+0900"
      }, {
        "lat" : 43.05749,
        "lon" : 141.3545,
        "time" : "20171024T152051+0900"
      } ]
    } ],
    "lastUpdate" : "20171024T071411Z"
  }, {
    "type" : "place",
    "startTime" : "20171024T152052+0900",
    "endTime" : "20171024T153945+0900",
    "place" : {
      "id" : 394287586,
      "type" : "unknown",
      "location" : {
        "lat" : 43.05749,
        "lon" : 141.3545
      }
    },
    "activities" : [ {
      "activity" : "walking",
      "group" : "walking",
      "manual" : false,
      "startTime" : "20171024T152052+0900",
      "endTime" : "20171024T152536+0900",
      "duration" : 284.0,
      "distance" : 293.0,
      "steps" : 391,
      "calories" : 16,
      "trackPoints" : [ ]
    } ],
    "lastUpdate" : "20171024T071411Z"
  }, {
    "type" : "move",
    "startTime" : "20171024T153945+0900",
    "endTime" : "20171024T160334+0900",
    "activities" : [ {
      "activity" : "walking",
      "group" : "walking",
      "manual" : false,
      "startTime" : "20171024T153945+0900",
      "endTime" : "20171024T154220+0900",
      "duration" : 155.0,
      "distance" : 163.0,
      "steps" : 217,
      "calories" : 9,
      "trackPoints" : [ {
        "lat" : 43.05749,
        "lon" : 141.3545,
        "time" : "20171024T153945+0900"
      }, {
        "lat" : 43.057768,
        "lon" : 141.35535,
        "time" : "20171024T154053+0900"
      }, {
        "lat" : 43.057691,
        "lon" : 141.3553,
        "time" : "20171024T154110+0900"
      }, {
        "lat" : 43.057799,
        "lon" : 141.35533,
        "time" : "20171024T154126+0900"
      }, {
        "lat" : 43.057943,
        "lon" : 141.35537,
        "time" : "20171024T154142+0900"
      }, {
        "lat" : 43.058225,
        "lon" : 141.35543,
        "time" : "20171024T154221+0900"
      } ]
    }, {
      "activity" : "transport",
      "group" : "transport",
      "manual" : false,
      "startTime" : "20171024T154221+0900",
      "endTime" : "20171024T155051+0900",
      "duration" : 510.0,
      "distance" : 941.0,
      "trackPoints" : [ {
        "lat" : 43.058225,
        "lon" : 141.35543,
        "time" : "20171024T154221+0900"
      }, {
        "lat" : 43.059112,
        "lon" : 141.35561,
        "time" : "20171024T154443+0900"
      }, {
        "lat" : 43.065216,
        "lon" : 141.35269,
        "time" : "20171024T155051+0900"
      } ]
    }, {
      "activity" : "transport",
      "group" : "transport",
      "manual" : false,
      "startTime" : "20171024T155421+0900",
      "endTime" : "20171024T160334+0900",
      "duration" : 553.0,
      "distance" : 1662.0,
      "trackPoints" : [ {
        "lat" : 43.065938,
        "lon" : 141.3512,
        "time" : "20171024T155421+0900"
      }, {
        "lat" : 43.066435,
        "lon" : 141.35055,
        "time" : "20171024T155439+0900"
      }, {
        "lat" : 43.06688,
        "lon" : 141.35009,
        "time" : "20171024T155503+0900"
      }, {
        "lat" : 43.073461,
        "lon" : 141.34765,
        "time" : "20171024T155959+0900"
      }, {
        "lat" : 43.073462,
        "lon" : 141.34765,
        "time" : "20171024T160000+0900"
      }, {
        "lat" : 43.078231,
        "lon" : 141.34589,
        "time" : "20171024T160334+0900"
      } ]
    } ],
    "lastUpdate" : "20171024T071411Z"
  }, {
    "type" : "place",
    "startTime" : "20171024T160334+0900",
    "endTime" : "20171024T180249+0900",
    "place" : {
      "id" : 393409096,
      "type" : "unknown",
      "location" : {
        "lat" : 43.078231,
        "lon" : 141.34589
      }
    },
    "activities" : [ {
      "activity" : "walking",
      "group" : "walking",
      "manual" : false,
      "startTime" : "20171024T160432+0900",
      "endTime" : "20171024T160804+0900",
      "duration" : 212.0,
      "distance" : 222.0,
      "steps" : 297,
      "calories" : 12,
      "trackPoints" : [ ]
    }, {
      "activity" : "walking",
      "group" : "walking",
      "manual" : false,
      "startTime" : "20171024T180047+0900",
      "endTime" : "20171024T180336+0900",
      "duration" : 169.0,
      "distance" : 169.0,
      "steps" : 226,
      "calories" : 9,
      "trackPoints" : [ ]
    } ],
    "lastUpdate" : "20171024T101650Z"
  }, {
    "type" : "place",
    "startTime" : "20171024T180250+0900",
    "endTime" : "20171024T195753+0900",
    "place" : {
      "id" : 222778205,
      "type" : "unknown",
      "location" : {
        "lat" : 43.0810344963,
        "lon" : 141.3443200976
      }
    },
    "activities" : [ {
      "activity" : "walking",
      "group" : "walking",
      "manual" : false,
      "startTime" : "20171024T180250+0900",
      "endTime" : "20171024T180751+0900",
      "duration" : 301.0,
      "distance" : 327.0,
      "steps" : 437,
      "calories" : 18,
      "trackPoints" : [ ]
    } ],
    "lastUpdate" : "20171024T114927Z"
  }, {
    "type" : "move",
    "startTime" : "20171024T195753+0900",
    "endTime" : "20171024T200619+0900",
    "activities" : [ {
      "activity" : "transport",
      "group" : "transport",
      "manual" : false,
      "startTime" : "20171024T195753+0900",
      "endTime" : "20171024T200619+0900",
      "duration" : 506.0,
      "distance" : 1174.0,
      "trackPoints" : [ {
        "lat" : 43.081034,
        "lon" : 141.34432,
        "time" : "20171024T195753+0900"
      }, {
        "lat" : 43.079976,
        "lon" : 141.3429,
        "time" : "20171024T195959+0900"
      }, {
        "lat" : 43.079976,
        "lon" : 141.3429,
        "time" : "20171024T200000+0900"
      }, {
        "lat" : 43.078651,
        "lon" : 141.34111,
        "time" : "20171024T200239+0900"
      }, {
        "lat" : 43.07873,
        "lon" : 141.34109,
        "time" : "20171024T200255+0900"
      }, {
        "lat" : 43.078921,
        "lon" : 141.34118,
        "time" : "20171024T200312+0900"
      }, {
        "lat" : 43.07948,
        "lon" : 141.3415,
        "time" : "20171024T200342+0900"
      }, {
        "lat" : 43.083966,
        "lon" : 141.34452,
        "time" : "20171024T200619+0900"
      } ]
    } ],
    "lastUpdate" : "20171024T114927Z"
  }, {
    "type" : "place",
    "startTime" : "20171024T200619+0900",
    "endTime" : "20171025T144552+0900",
    "place" : {
      "id" : 257240275,
      "type" : "unknown",
      "location" : {
        "lat" : 43.084886,
        "lon" : 141.3453
      }
    },
    "activities" : [ {
      "activity" : "walking",
      "group" : "walking",
      "manual" : false,
      "startTime" : "20171024T200619+0900",
      "endTime" : "20171024T200745+0900",
      "duration" : 86.0,
      "distance" : 57.0,
      "steps" : 115,
      "calories" : 3,
      "trackPoints" : [ ]
    } ],
    "lastUpdate" : "20171025T063348Z"
  } ],
  "caloriesIdle" : 1596,
  "lastUpdate" : "20171025T063348Z"
} ]