[ {
  "date" : "20151210",
  "summary" : [ {
    "activity" : "cycling",
    "group" : "cycling",
    "duration" : 3349.0,
    "distance" : 9104.0,
    "calories" : 254
  }, {
    "activity" : "walking",
    "group" : "walking",
    "duration" : 2536.0,
    "distance" : 2395.0,
    "steps" : 3339,
    "calories" : 142
  } ],
  "segments" : [ {
    "type" : "place",
    "startTime" : "20151209T163131+0900",
    "endTime" : "20151210T084959+0900",
    "place" : {
      "id" : 152143834,
      "type" : "unknown",
      "location" : {
        "lat" : 43.0846321394,
        "lon" : 141.3451669726
      }
    },
    "lastUpdate" : "20151210T001148Z"
  }, {
    "type" : "move",
    "startTime" : "20151210T084959+0900",
    "endTime" : "20151210T085417+0900",
    "activities" : [ {
      "activity" : "cycling",
      "group" : "cycling",
      "manual" : false,
      "startTime" : "20151210T084959+0900",
      "endTime" : "20151210T085417+0900",
      "duration" : 258.0,
      "distance" : 872.0,
      "calories" : 24,
      "trackPoints" : [ {
        "lat" : 43.084632,
        "lon" : 141.34517,
        "time" : "20151210T084959+0900"
      }, {
        "lat" : 43.081285,
        "lon" : 141.34425,
        "time" : "20151210T085203+0900"
      }, {
        "lat" : 43.081272,
        "lon" : 141.34357,
        "time" : "20151210T085223+0900"
      }, {
        "lat" : 43.081202,
        "lon" : 141.34291,
        "time" : "20151210T085241+0900"
      }, {
        "lat" : 43.081122,
        "lon" : 141.34283,
        "time" : "20151210T085302+0900"
      }, {
        "lat" : 43.080969,
        "lon" : 141.34181,
        "time" : "20151210T085337+0900"
      }, {
        "lat" : 43.080856,
        "lon" : 141.34131,
        "time" : "20151210T085358+0900"
      }, {
        "lat" : 43.080098,
        "lon" : 141.33963,
        "time" : "20151210T085417+0900"
      } ]
    } ],
    "lastUpdate" : "20151210T001148Z"
  }, {
    "type" : "place",
    "startTime" : "20151210T085417+0900",
    "endTime" : "20151210T090659+0900",
    "place" : {
      "id" : 163264935,
      "type" : "unknown",
      "location" : {
        "lat" : 43.0800983418,
        "lon" : 141.3396264159
      }
    },
    "activities" : [ {
      "activity" : "walking",
      "group" : "walking",
      "manual" : false,
      "startTime" : "20151210T085442+0900",
      "endTime" : "20151210T085742+0900",
      "duration" : 180.0,
      "distance" : 153.0,
      "steps" : 204,
      "calories" : 9,
      "trackPoints" : [ ]
    } ],
    "lastUpdate" : "20151210T014246Z"
  }, {
    "type" : "move",
    "startTime" : "20151210T090659+0900",
    "endTime" : "20151210T090957+0900",
    "activities" : [ {
      "activity" : "walking",
      "group" : "walking",
      "manual" : false,
      "startTime" : "20151210T090659+0900",
      "endTime" : "20151210T090957+0900",
      "duration" : 178.0,
      "distance" : 171.0,
      "steps" : 327,
      "calories" : 10,
      "trackPoints" : [ {
        "lat" : 43.080098,
        "lon" : 141.33963,
        "time" : "20151210T090659+0900"
      }, {
        "lat" : 43.080169,
        "lon" : 141.33928,
        "time" : "20151210T090733+0900"
      }, {
        "lat" : 43.080081,
        "lon" : 141.33941,
        "time" : "20151210T090801+0900"
      }, {
        "lat" : 43.079977,
        "lon" : 141.34004,
        "time" : "20151210T090853+0900"
      }, {
        "lat" : 43.079883,
        "lon" : 141.34017,
        "time" : "20151210T090914+0900"
      }, {
        "lat" : 43.079759,
        "lon" : 141.34031,
        "time" : "20151210T090937+0900"
      }, {
        "lat" : 43.079493,
        "lon" : 141.34039,
        "time" : "20151210T090957+0900"
      } ]
    } ],
    "lastUpdate" : "20151210T014246Z"
  }, {
    "type" : "place",
    "startTime" : "20151210T090957+0900",
    "endTime" : "20151210T094237+0900",
    "place" : {
      "id" : 141367537,
      "type" : "unknown",
      "location" : {
        "lat" : 43.0794932905,
        "lon" : 141.3403872229
      }
    },
    "activities" : [ {
      "activity" : "walking",
      "group" : "walking",
      "manual" : false,
      "startTime" : "20151210T091243+0900",
      "endTime" : "20151210T091247+0900",
      "duration" : 4.0,
      "distance" : 3.0,
      "steps" : 6,
      "calories" : 0,
      "trackPoints" : [ ]
    } ],
    "lastUpdate" : "20151210T014246Z"
  }, {
    "type" : "move",
    "startTime" : "20151210T094237+0900",
    "endTime" : "20151210T094720+0900",
    "activities" : [ {
      "activity" : "walking",
      "group" : "walking",
      "manual" : false,
      "startTime" : "20151210T094237+0900",
      "endTime" : "20151210T094719+0900",
      "duration" : 282.0,
      "distance" : 172.0,
      "steps" : 341,
      "calories" : 10,
      "trackPoints" : [ {
        "lat" : 43.079493,
        "lon" : 141.34039,
        "time" : "20151210T094237+0900"
      }, {
        "lat" : 43.079317,
        "lon" : 141.34055,
        "time" : "20151210T094259+0900"
      }, {
        "lat" : 43.079,
        "lon" : 141.34079,
        "time" : "20151210T094324+0900"
      }, {
        "lat" : 43.078847,
        "lon" : 141.34069,
        "time" : "20151210T094345+0900"
      }, {
        "lat" : 43.078783,
        "lon" : 141.34053,
        "time" : "20151210T094401+0900"
      }, {
        "lat" : 43.078406,
        "lon" : 141.34015,
        "time" : "20151210T094521+0900"
      }, {
        "lat" : 43.078357,
        "lon" : 141.34011,
        "time" : "20151210T094558+0900"
      }, {
        "lat" : 43.078351,
        "lon" : 141.3401,
        "time" : "20151210T094615+0900"
      }, {
        "lat" : 43.078401,
        "lon" : 141.34013,
        "time" : "20151210T094720+0900"
      } ]
    } ],
    "lastUpdate" : "20151210T014246Z"
  }, {
    "type" : "place",
    "startTime" : "20151210T094720+0900",
    "endTime" : "20151210T101118+0900",
    "place" : {
      "id" : 141367536,
      "type" : "unknown",
      "location" : {
        "lat" : 43.0784012398,
        "lon" : 141.340132137
      }
    },
    "activities" : [ {
      "activity" : "walking",
      "group" : "walking",
      "manual" : false,
      "startTime" : "20151210T094815+0900",
      "endTime" : "20151210T094845+0900",
      "duration" : 30.0,
      "distance" : 15.0,
      "steps" : 30,
      "calories" : 1,
      "trackPoints" : [ ]
    } ],
    "lastUpdate" : "20151210T014246Z"
  }, {
    "type" : "move",
    "startTime" : "20151210T101118+0900",
    "endTime" : "20151210T101701+0900",
    "activities" : [ {
      "activity" : "walking",
      "group" : "walking",
      "manual" : false,
      "startTime" : "20151210T101118+0900",
      "endTime" : "20151210T101701+0900",
      "duration" : 343.0,
      "distance" : 313.0,
      "steps" : 445,
      "calories" : 19,
      "trackPoints" : [ {
        "lat" : 43.078401,
        "lon" : 141.34013,
        "time" : "20151210T101118+0900"
      }, {
        "lat" : 43.078443,
        "lon" : 141.34019,
        "time" : "20151210T101135+0900"
      }, {
        "lat" : 43.078571,
        "lon" : 141.34028,
        "time" : "20151210T101200+0900"
      }, {
        "lat" : 43.078692,
        "lon" : 141.34035,
        "time" : "20151210T101216+0900"
      }, {
        "lat" : 43.07908,
        "lon" : 141.34051,
        "time" : "20151210T101245+0900"
      }, {
        "lat" : 43.079557,
        "lon" : 141.3404,
        "time" : "20151210T101322+0900"
      }, {
        "lat" : 43.079685,
        "lon" : 141.34037,
        "time" : "20151210T101346+0900"
      }, {
        "lat" : 43.079737,
        "lon" : 141.34037,
        "time" : "20151210T101407+0900"
      }, {
        "lat" : 43.079758,
        "lon" : 141.34037,
        "time" : "20151210T101433+0900"
      }, {
        "lat" : 43.079821,
        "lon" : 141.34019,
        "time" : "20151210T101506+0900"
      }, {
        "lat" : 43.079893,
        "lon" : 141.33997,
        "time" : "20151210T101526+0900"
      }, {
        "lat" : 43.079956,
        "lon" : 141.3393,
        "time" : "20151210T101614+0900"
      }, {
        "lat" : 43.080056,
        "lon" : 141.33924,
        "time" : "20151210T101635+0900"
      }, {
        "lat" : 43.080353,
        "lon" : 141.33923,
        "time" : "20151210T101701+0900"
      } ]
    } ],
    "lastUpdate" : "20151210T014246Z"
  }, {
    "type" : "place",
    "startTime" : "20151210T101701+0900",
    "endTime" : "20151210T114331+0900",
    "place" : {
      "id" : 160935438,
      "type" : "unknown",
      "location" : {
        "lat" : 43.0803531551,
        "lon" : 141.3392281273
      }
    },
    "activities" : [ {
      "activity" : "walking",
      "group" : "walking",
      "manual" : false,
      "startTime" : "20151210T102324+0900",
      "endTime" : "20151210T102354+0900",
      "duration" : 30.0,
      "distance" : 15.0,
      "steps" : 30,
      "calories" : 1,
      "trackPoints" : [ ]
    }, {
      "activity" : "walking",
      "group" : "walking",
      "manual" : false,
      "startTime" : "20151210T113742+0900",
      "endTime" : "20151210T114258+0900",
      "duration" : 316.0,
      "distance" : 302.0,
      "steps" : 403,
      "calories" : 18,
      "trackPoints" : [ ]
    } ],
    "lastUpdate" : "20151210T031429Z"
  }, {
    "type" : "move",
    "startTime" : "20151210T114331+0900",
    "endTime" : "20151210T120516+0900",
    "activities" : [ {
      "activity" : "cycling",
      "group" : "cycling",
      "manual" : false,
      "startTime" : "20151210T114331+0900",
      "endTime" : "20151210T120516+0900",
      "duration" : 1305.0,
      "distance" : 3246.0,
      "calories" : 92,
      "trackPoints" : [ {
        "lat" : 43.080353,
        "lon" : 141.33923,
        "time" : "20151210T114331+0900"
      }, {
        "lat" : 43.079539,
        "lon" : 141.34056,
        "time" : "20151210T114358+0900"
      }, {
        "lat" : 43.078762,
        "lon" : 141.34095,
        "time" : "20151210T114431+0900"
      }, {
        "lat" : 43.077364,
        "lon" : 141.34133,
        "time" : "20151210T114458+0900"
      }, {
        "lat" : 43.076131,
        "lon" : 141.34137,
        "time" : "20151210T114514+0900"
      }, {
        "lat" : 43.075502,
        "lon" : 141.34156,
        "time" : "20151210T114536+0900"
      }, {
        "lat" : 43.074752,
        "lon" : 141.34191,
        "time" : "20151210T114603+0900"
      }, {
        "lat" : 43.073191,
        "lon" : 141.34241,
        "time" : "20151210T114636+0900"
      }, {
        "lat" : 43.072215,
        "lon" : 141.3426,
        "time" : "20151210T114705+0900"
      }, {
        "lat" : 43.071394,
        "lon" : 141.34284,
        "time" : "20151210T114726+0900"
      }, {
        "lat" : 43.070783,
        "lon" : 141.34312,
        "time" : "20151210T114743+0900"
      }, {
        "lat" : 43.070233,
        "lon" : 141.34347,
        "time" : "20151210T114802+0900"
      }, {
        "lat" : 43.070134,
        "lon" : 141.34394,
        "time" : "20151210T114823+0900"
      }, {
        "lat" : 43.069987,
        "lon" : 141.34364,
        "time" : "20151210T114850+0900"
      }, {
        "lat" : 43.069979,
        "lon" : 141.34365,
        "time" : "20151210T114906+0900"
      }, {
        "lat" : 43.069976,
        "lon" : 141.34365,
        "time" : "20151210T114953+0900"
      }, {
        "lat" : 43.069976,
        "lon" : 141.34365,
        "time" : "20151210T115241+0900"
      }, {
        "lat" : 43.0694,
        "lon" : 141.34484,
        "time" : "20151210T115421+0900"
      }, {
        "lat" : 43.069525,
        "lon" : 141.34506,
        "time" : "20151210T115438+0900"
      }, {
        "lat" : 43.069458,
        "lon" : 141.34492,
        "time" : "20151210T115454+0900"
      }, {
        "lat" : 43.069365,
        "lon" : 141.34499,
        "time" : "20151210T115517+0900"
      }, {
        "lat" : 43.069029,
        "lon" : 141.34513,
        "time" : "20151210T115539+0900"
      }, {
        "lat" : 43.068299,
        "lon" : 141.34524,
        "time" : "20151210T115559+0900"
      }, {
        "lat" : 43.067532,
        "lon" : 141.34552,
        "time" : "20151210T115622+0900"
      }, {
        "lat" : 43.066559,
        "lon" : 141.34578,
        "time" : "20151210T115700+0900"
      }, {
        "lat" : 43.06574,
        "lon" : 141.34597,
        "time" : "20151210T115721+0900"
      }, {
        "lat" : 43.065188,
        "lon" : 141.34611,
        "time" : "20151210T115745+0900"
      }, {
        "lat" : 43.064798,
        "lon" : 141.34619,
        "time" : "20151210T115802+0900"
      }, {
        "lat" : 43.064453,
        "lon" : 141.34634,
        "time" : "20151210T115819+0900"
      }, {
        "lat" : 43.063377,
        "lon" : 141.34655,
        "time" : "20151210T115855+0900"
      }, {
        "lat" : 43.062642,
        "lon" : 141.34667,
        "time" : "20151210T115919+0900"
      }, {
        "lat" : 43.062522,
        "lon" : 141.34671,
        "time" : "20151210T115940+0900"
      }, {
        "lat" : 43.062248,
        "lon" : 141.34675,
        "time" : "20151210T115956+0900"
      }, {
        "lat" : 43.062174,
        "lon" : 141.34678,
        "time" : "20151210T115959+0900"
      }, {
        "lat" : 43.062174,
        "lon" : 141.34678,
        "time" : "20151210T120000+0900"
      }, {
        "lat" : 43.061555,
        "lon" : 141.347,
        "time" : "20151210T120027+0900"
      }, {
        "lat" : 43.061435,
        "lon" : 141.34696,
        "time" : "20151210T120045+0900"
      }, {
        "lat" : 43.061409,
        "lon" : 141.34696,
        "time" : "20151210T120106+0900"
      }, {
        "lat" : 43.061167,
        "lon" : 141.34707,
        "time" : "20151210T120142+0900"
      }, {
        "lat" : 43.060696,
        "lon" : 141.34717,
        "time" : "20151210T120201+0900"
      }, {
        "lat" : 43.059731,
        "lon" : 141.34727,
        "time" : "20151210T120229+0900"
      }, {
        "lat" : 43.05928,
        "lon" : 141.34729,
        "time" : "20151210T120246+0900"
      }, {
        "lat" : 43.058558,
        "lon" : 141.34775,
        "time" : "20151210T120307+0900"
      }, {
        "lat" : 43.058462,
        "lon" : 141.34787,
        "time" : "20151210T120326+0900"
      }, {
        "lat" : 43.05844,
        "lon" : 141.3478,
        "time" : "20151210T120346+0900"
      }, {
        "lat" : 43.05833,
        "lon" : 141.34774,
        "time" : "20151210T120408+0900"
      }, {
        "lat" : 43.057791,
        "lon" : 141.34783,
        "time" : "20151210T120429+0900"
      }, {
        "lat" : 43.057025,
        "lon" : 141.3481,
        "time" : "20151210T120455+0900"
      }, {
        "lat" : 43.05656,
        "lon" : 141.34799,
        "time" : "20151210T120516+0900"
      } ]
    } ],
    "lastUpdate" : "20151210T031429Z"
  }, {
    "type" : "place",
    "startTime" : "20151210T120516+0900",
    "endTime" : "20151210T125747+0900",
    "place" : {
      "id" : 230657828,
      "type" : "unknown",
      "location" : {
        "lat" : 43.05656,
        "lon" : 141.34799
      }
    },
    "activities" : [ {
      "activity" : "walking",
      "group" : "walking",
      "manual" : false,
      "startTime" : "20151210T124759+0900",
      "endTime" : "20151210T124929+0900",
      "duration" : 90.0,
      "distance" : 45.0,
      "steps" : 81,
      "calories" : 3,
      "trackPoints" : [ ]
    } ],
    "lastUpdate" : "20151210T044845Z"
  }, {
    "type" : "move",
    "startTime" : "20151210T125747+0900",
    "endTime" : "20151210T131858+0900",
    "activities" : [ {
      "activity" : "cycling",
      "group" : "cycling",
      "manual" : false,
      "startTime" : "20151210T125747+0900",
      "endTime" : "20151210T131858+0900",
      "duration" : 1271.0,
      "distance" : 3889.0,
      "calories" : 107,
      "trackPoints" : [ {
        "lat" : 43.05656,
        "lon" : 141.34799,
        "time" : "20151210T125747+0900"
      }, {
        "lat" : 43.058063,
        "lon" : 141.3479,
        "time" : "20151210T125803+0900"
      }, {
        "lat" : 43.058826,
        "lon" : 141.34767,
        "time" : "20151210T125828+0900"
      }, {
        "lat" : 43.059422,
        "lon" : 141.34754,
        "time" : "20151210T125844+0900"
      }, {
        "lat" : 43.05967,
        "lon" : 141.34766,
        "time" : "20151210T125900+0900"
      }, {
        "lat" : 43.059543,
        "lon" : 141.34751,
        "time" : "20151210T125931+0900"
      }, {
        "lat" : 43.059488,
        "lon" : 141.34748,
        "time" : "20151210T125952+0900"
      }, {
        "lat" : 43.05969,
        "lon" : 141.34746,
        "time" : "20151210T125959+0900"
      }, {
        "lat" : 43.059691,
        "lon" : 141.34746,
        "time" : "20151210T130000+0900"
      }, {
        "lat" : 43.061224,
        "lon" : 141.34733,
        "time" : "20151210T130055+0900"
      }, {
        "lat" : 43.061408,
        "lon" : 141.3473,
        "time" : "20151210T130114+0900"
      }, {
        "lat" : 43.061449,
        "lon" : 141.34726,
        "time" : "20151210T130139+0900"
      }, {
        "lat" : 43.061736,
        "lon" : 141.3471,
        "time" : "20151210T130201+0900"
      }, {
        "lat" : 43.062478,
        "lon" : 141.34684,
        "time" : "20151210T130220+0900"
      }, {
        "lat" : 43.063019,
        "lon" : 141.34657,
        "time" : "20151210T130237+0900"
      }, {
        "lat" : 43.063933,
        "lon" : 141.34643,
        "time" : "20151210T130308+0900"
      }, {
        "lat" : 43.064374,
        "lon" : 141.34636,
        "time" : "20151210T130326+0900"
      }, {
        "lat" : 43.064776,
        "lon" : 141.34638,
        "time" : "20151210T130412+0900"
      }, {
        "lat" : 43.065097,
        "lon" : 141.34618,
        "time" : "20151210T130431+0900"
      }, {
        "lat" : 43.065611,
        "lon" : 141.34591,
        "time" : "20151210T130449+0900"
      }, {
        "lat" : 43.065983,
        "lon" : 141.34572,
        "time" : "20151210T130515+0900"
      }, {
        "lat" : 43.066008,
        "lon" : 141.34565,
        "time" : "20151210T130536+0900"
      }, {
        "lat" : 43.066262,
        "lon" : 141.34596,
        "time" : "20151210T130601+0900"
      }, {
        "lat" : 43.067046,
        "lon" : 141.34588,
        "time" : "20151210T130623+0900"
      }, {
        "lat" : 43.067536,
        "lon" : 141.34561,
        "time" : "20151210T130642+0900"
      }, {
        "lat" : 43.068114,
        "lon" : 141.34544,
        "time" : "20151210T130658+0900"
      }, {
        "lat" : 43.068748,
        "lon" : 141.34529,
        "time" : "20151210T130713+0900"
      }, {
        "lat" : 43.069498,
        "lon" : 141.34505,
        "time" : "20151210T130737+0900"
      }, {
        "lat" : 43.069532,
        "lon" : 141.3449,
        "time" : "20151210T130755+0900"
      }, {
        "lat" : 43.069566,
        "lon" : 141.34455,
        "time" : "20151210T130828+0900"
      }, {
        "lat" : 43.070211,
        "lon" : 141.34396,
        "time" : "20151210T130852+0900"
      }, {
        "lat" : 43.071477,
        "lon" : 141.34317,
        "time" : "20151210T130953+0900"
      }, {
        "lat" : 43.072142,
        "lon" : 141.34285,
        "time" : "20151210T131012+0900"
      }, {
        "lat" : 43.073817,
        "lon" : 141.34232,
        "time" : "20151210T131035+0900"
      }, {
        "lat" : 43.074884,
        "lon" : 141.34232,
        "time" : "20151210T131057+0900"
      }, {
        "lat" : 43.075312,
        "lon" : 141.3421,
        "time" : "20151210T131115+0900"
      }, {
        "lat" : 43.075825,
        "lon" : 141.34189,
        "time" : "20151210T131131+0900"
      }, {
        "lat" : 43.077348,
        "lon" : 141.34155,
        "time" : "20151210T131201+0900"
      }, {
        "lat" : 43.078695,
        "lon" : 141.34119,
        "time" : "20151210T131246+0900"
      }, {
        "lat" : 43.080367,
        "lon" : 141.34144,
        "time" : "20151210T131337+0900"
      }, {
        "lat" : 43.080808,
        "lon" : 141.34155,
        "time" : "20151210T131353+0900"
      }, {
        "lat" : 43.08097,
        "lon" : 141.34203,
        "time" : "20151210T131415+0900"
      }, {
        "lat" : 43.081116,
        "lon" : 141.34346,
        "time" : "20151210T131546+0900"
      }, {
        "lat" : 43.081317,
        "lon" : 141.34405,
        "time" : "20151210T131604+0900"
      }, {
        "lat" : 43.082823,
        "lon" : 141.3447,
        "time" : "20151210T131704+0900"
      }, {
        "lat" : 43.083234,
        "lon" : 141.34464,
        "time" : "20151210T131728+0900"
      }, {
        "lat" : 43.08326,
        "lon" : 141.34459,
        "time" : "20151210T131746+0900"
      }, {
        "lat" : 43.084164,
        "lon" : 141.34461,
        "time" : "20151210T131835+0900"
      }, {
        "lat" : 43.084632,
        "lon" : 141.34517,
        "time" : "20151210T131858+0900"
      } ]
    } ],
    "lastUpdate" : "20151210T044845Z"
  }, {
    "type" : "place",
    "startTime" : "20151210T131858+0900",
    "endTime" : "20151210T171315+0900",
    "place" : {
      "id" : 152143834,
      "type" : "unknown",
      "location" : {
        "lat" : 43.0846321394,
        "lon" : 141.3451669726
      }
    },
    "activities" : [ {
      "activity" : "walking",
      "group" : "walking",
      "manual" : false,
      "startTime" : "20151210T131858+0900",
      "endTime" : "20151210T131950+0900",
      "duration" : 52.0,
      "distance" : 37.0,
      "steps" : 75,
      "calories" : 2,
      "trackPoints" : [ ]
    } ],
    "lastUpdate" : "20151210T092725Z"
  }, {
    "type" : "move",
    "startTime" : "20151210T171315+0900",
    "endTime" : "20151210T172151+0900",
    "activities" : [ {
      "activity" : "cycling",
      "group" : "cycling",
      "manual" : false,
      "startTime" : "20151210T171315+0900",
      "endTime" : "20151210T172150+0900",
      "duration" : 515.0,
      "distance" : 1097.0,
      "calories" : 32,
      "trackPoints" : [ {
        "lat" : 43.084632,
        "lon" : 141.34517,
        "time" : "20151210T171315+0900"
      }, {
        "lat" : 43.084583,
        "lon" : 141.34512,
        "time" : "20151210T171409+0900"
      }, {
        "lat" : 43.084362,
        "lon" : 141.34501,
        "time" : "20151210T171428+0900"
      }, {
        "lat" : 43.084283,
        "lon" : 141.34495,
        "time" : "20151210T171452+0900"
      }, {
        "lat" : 43.084321,
        "lon" : 141.34493,
        "time" : "20151210T171516+0900"
      }, {
        "lat" : 43.084263,
        "lon" : 141.34471,
        "time" : "20151210T171543+0900"
      }, {
        "lat" : 43.083423,
        "lon" : 141.3446,
        "time" : "20151210T171614+0900"
      }, {
        "lat" : 43.082841,
        "lon" : 141.34461,
        "time" : "20151210T171633+0900"
      }, {
        "lat" : 43.081533,
        "lon" : 141.34491,
        "time" : "20151210T171706+0900"
      }, {
        "lat" : 43.081317,
        "lon" : 141.34404,
        "time" : "20151210T171731+0900"
      }, {
        "lat" : 43.08118,
        "lon" : 141.34289,
        "time" : "20151210T171802+0900"
      }, {
        "lat" : 43.081009,
        "lon" : 141.34206,
        "time" : "20151210T171820+0900"
      }, {
        "lat" : 43.081004,
        "lon" : 141.34204,
        "time" : "20151210T171847+0900"
      }, {
        "lat" : 43.081004,
        "lon" : 141.34204,
        "time" : "20151210T171908+0900"
      }, {
        "lat" : 43.080999,
        "lon" : 141.34202,
        "time" : "20151210T171931+0900"
      }, {
        "lat" : 43.080988,
        "lon" : 141.34198,
        "time" : "20151210T171951+0900"
      }, {
        "lat" : 43.080957,
        "lon" : 141.34184,
        "time" : "20151210T172009+0900"
      }, {
        "lat" : 43.080927,
        "lon" : 141.34173,
        "time" : "20151210T172030+0900"
      }, {
        "lat" : 43.080589,
        "lon" : 141.34055,
        "time" : "20151210T172054+0900"
      }, {
        "lat" : 43.078401,
        "lon" : 141.34013,
        "time" : "20151210T172151+0900"
      } ]
    } ],
    "lastUpdate" : "20151210T092725Z"
  }, {
    "type" : "place",
    "startTime" : "20151210T172151+0900",
    "endTime" : "20151210T194941+0900",
    "place" : {
      "id" : 141367536,
      "type" : "unknown",
      "location" : {
        "lat" : 43.0784012398,
        "lon" : 141.340132137
      }
    },
    "activities" : [ {
      "activity" : "walking",
      "group" : "walking",
      "manual" : false,
      "startTime" : "20151210T172202+0900",
      "endTime" : "20151210T172332+0900",
      "duration" : 90.0,
      "distance" : 51.0,
      "steps" : 102,
      "calories" : 3,
      "trackPoints" : [ ]
    } ],
    "lastUpdate" : "20151210T123036Z"
  }, {
    "type" : "move",
    "startTime" : "20151210T194941+0900",
    "endTime" : "20151210T200452+0900",
    "activities" : [ {
      "activity" : "walking",
      "group" : "walking",
      "manual" : false,
      "startTime" : "20151210T194941+0900",
      "endTime" : "20151210T200452+0900",
      "duration" : 911.0,
      "distance" : 1103.0,
      "steps" : 1275,
      "calories" : 65,
      "trackPoints" : [ {
        "lat" : 43.078401,
        "lon" : 141.34013,
        "time" : "20151210T194941+0900"
      }, {
        "lat" : 43.078436,
        "lon" : 141.34019,
        "time" : "20151210T195005+0900"
      }, {
        "lat" : 43.078446,
        "lon" : 141.3402,
        "time" : "20151210T195028+0900"
      }, {
        "lat" : 43.07849,
        "lon" : 141.34023,
        "time" : "20151210T195058+0900"
      }, {
        "lat" : 43.078588,
        "lon" : 141.34031,
        "time" : "20151210T195122+0900"
      }, {
        "lat" : 43.078617,
        "lon" : 141.34034,
        "time" : "20151210T195139+0900"
      }, {
        "lat" : 43.078969,
        "lon" : 141.34071,
        "time" : "20151210T195215+0900"
      }, {
        "lat" : 43.079057,
        "lon" : 141.3409,
        "time" : "20151210T195237+0900"
      }, {
        "lat" : 43.079215,
        "lon" : 141.34089,
        "time" : "20151210T195255+0900"
      }, {
        "lat" : 43.079456,
        "lon" : 141.34084,
        "time" : "20151210T195312+0900"
      }, {
        "lat" : 43.079715,
        "lon" : 141.34088,
        "time" : "20151210T195337+0900"
      }, {
        "lat" : 43.080252,
        "lon" : 141.34114,
        "time" : "20151210T195409+0900"
      }, {
        "lat" : 43.080631,
        "lon" : 141.34145,
        "time" : "20151210T195431+0900"
      }, {
        "lat" : 43.080754,
        "lon" : 141.3416,
        "time" : "20151210T195454+0900"
      }, {
        "lat" : 43.080832,
        "lon" : 141.34166,
        "time" : "20151210T195529+0900"
      }, {
        "lat" : 43.080894,
        "lon" : 141.34172,
        "time" : "20151210T195553+0900"
      }, {
        "lat" : 43.080981,
        "lon" : 141.34209,
        "time" : "20151210T195628+0900"
      }, {
        "lat" : 43.081048,
        "lon" : 141.34252,
        "time" : "20151210T195653+0900"
      }, {
        "lat" : 43.081075,
        "lon" : 141.3427,
        "time" : "20151210T195711+0900"
      }, {
        "lat" : 43.081074,
        "lon" : 141.3429,
        "time" : "20151210T195734+0900"
      }, {
        "lat" : 43.081082,
        "lon" : 141.34319,
        "time" : "20151210T195757+0900"
      }, {
        "lat" : 43.081181,
        "lon" : 141.34394,
        "time" : "20151210T195902+0900"
      }, {
        "lat" : 43.081266,
        "lon" : 141.3444,
        "time" : "20151210T195921+0900"
      }, {
        "lat" : 43.081318,
        "lon" : 141.34472,
        "time" : "20151210T195943+0900"
      }, {
        "lat" : 43.081346,
        "lon" : 141.34493,
        "time" : "20151210T195959+0900"
      }, {
        "lat" : 43.081346,
        "lon" : 141.34493,
        "time" : "20151210T200000+0900"
      }, {
        "lat" : 43.081375,
        "lon" : 141.34516,
        "time" : "20151210T200017+0900"
      }, {
        "lat" : 43.081428,
        "lon" : 141.34524,
        "time" : "20151210T200035+0900"
      }, {
        "lat" : 43.08154,
        "lon" : 141.34531,
        "time" : "20151210T200058+0900"
      }, {
        "lat" : 43.08176,
        "lon" : 141.34524,
        "time" : "20151210T200121+0900"
      }, {
        "lat" : 43.081851,
        "lon" : 141.34517,
        "time" : "20151210T200140+0900"
      }, {
        "lat" : 43.08196,
        "lon" : 141.34512,
        "time" : "20151210T200203+0900"
      }, {
        "lat" : 43.082016,
        "lon" : 141.34506,
        "time" : "20151210T200226+0900"
      }, {
        "lat" : 43.082033,
        "lon" : 141.34501,
        "time" : "20151210T200248+0900"
      }, {
        "lat" : 43.081995,
        "lon" : 141.34502,
        "time" : "20151210T200306+0900"
      }, {
        "lat" : 43.081874,
        "lon" : 141.34512,
        "time" : "20151210T200357+0900"
      }, {
        "lat" : 43.084632,
        "lon" : 141.34517,
        "time" : "20151210T200452+0900"
      } ]
    } ],
    "lastUpdate" : "20151210T123036Z"
  }, {
    "type" : "place",
    "startTime" : "20151210T200452+0900",
    "endTime" : "20151210T201037+0900",
    "place" : {
      "id" : 148006119,
      "type" : "unknown",
      "location" : {
        "lat" : 43.0835941285,
        "lon" : 141.3448409624
      }
    },
    "activities" : [ {
      "activity" : "walking",
      "group" : "walking",
      "manual" : false,
      "startTime" : "20151210T200653+0900",
      "endTime" : "20151210T200723+0900",
      "duration" : 30.0,
      "distance" : 15.0,
      "steps" : 20,
      "calories" : 1,
      "trackPoints" : [ ]
    } ],
    "lastUpdate" : "20151210T140048Z"
  }, {
    "type" : "place",
    "startTime" : "20151210T201037+0900",
    "endTime" : "20151211T084038+0900",
    "place" : {
      "id" : 152143834,
      "type" : "unknown",
      "location" : {
        "lat" : 43.0846321394,
        "lon" : 141.3451669726
      }
    },
    "lastUpdate" : "20151211T005106Z"
  } ],
  "caloriesIdle" : 1706,
  "lastUpdate" : "20151211T005106Z"
} ]