[ {
  "date" : "20170604",
  "summary" : [ {
    "activity" : "walking",
    "group" : "walking",
    "duration" : 6.0,
    "distance" : 4.0,
    "steps" : 8,
    "calories" : 0
  } ],
  "segments" : [ {
    "type" : "place",
    "startTime" : "20170604T112304+0900",
    "endTime" : "20170605T101259+0900",
    "place" : {
      "id" : 257240275,
      "type" : "unknown",
      "location" : {
        "lat" : 43.084886,
        "lon" : 141.3453
      }
    },
    "activities" : [ {
      "activity" : "walking",
      "group" : "walking",
      "manual" : false,
      "startTime" : "20170604T142025+0900",
      "endTime" : "20170604T142031+0900",
      "duration" : 6.0,
      "distance" : 4.0,
      "steps" : 8,
      "calories" : 0,
      "trackPoints" : [ ]
    } ],
    "lastUpdate" : "20170605T022307Z"
  } ],
  "caloriesIdle" : 1596,
  "lastUpdate" : "20170605T022307Z"
} ]