[ {
  "date" : "20170217",
  "summary" : [ {
    "activity" : "walking",
    "group" : "walking",
    "duration" : 3366.0,
    "distance" : 4736.0,
    "steps" : 4861,
    "calories" : 262
  }, {
    "activity" : "transport",
    "group" : "transport",
    "duration" : 480.0,
    "distance" : 2485.0
  }, {
    "activity" : "running",
    "group" : "running",
    "duration" : 123.0,
    "distance" : 195.0,
    "steps" : 261,
    "calories" : 14
  } ],
  "segments" : [ {
    "type" : "place",
    "startTime" : "20170216T233921+0900",
    "endTime" : "20170217T141206+0900",
    "place" : {
      "id" : 105416472,
      "type" : "unknown",
      "location" : {
        "lat" : 35.7167813087,
        "lon" : 139.7280424577
      }
    },
    "activities" : [ {
      "activity" : "walking",
      "group" : "walking",
      "manual" : false,
      "startTime" : "20170217T000743+0900",
      "endTime" : "20170217T000807+0900",
      "duration" : 24.0,
      "distance" : 16.0,
      "steps" : 33,
      "calories" : 1,
      "trackPoints" : [ ]
    }, {
      "activity" : "walking",
      "group" : "walking",
      "manual" : false,
      "startTime" : "20170217T015908+0900",
      "endTime" : "20170217T015909+0900",
      "duration" : 1.0,
      "distance" : 1.0,
      "steps" : 2,
      "calories" : 0,
      "trackPoints" : [ ]
    }, {
      "activity" : "walking",
      "group" : "walking",
      "manual" : false,
      "startTime" : "20170217T133800+0900",
      "endTime" : "20170217T133818+0900",
      "duration" : 18.0,
      "distance" : 12.0,
      "steps" : 24,
      "calories" : 1,
      "trackPoints" : [ ]
    }, {
      "activity" : "walking",
      "group" : "walking",
      "manual" : false,
      "startTime" : "20170217T140257+0900",
      "endTime" : "20170217T140333+0900",
      "duration" : 36.0,
      "distance" : 24.0,
      "steps" : 49,
      "calories" : 1,
      "trackPoints" : [ ]
    } ],
    "lastUpdate" : "20170217T061232Z"
  }, {
    "type" : "move",
    "startTime" : "20170217T141206+0900",
    "endTime" : "20170217T142815+0900",
    "activities" : [ {
      "activity" : "running",
      "group" : "running",
      "manual" : false,
      "startTime" : "20170217T141206+0900",
      "endTime" : "20170217T141409+0900",
      "duration" : 123.0,
      "distance" : 195.0,
      "steps" : 261,
      "calories" : 14,
      "trackPoints" : [ {
        "lat" : 35.716781,
        "lon" : 139.72804,
        "time" : "20170217T141206+0900"
      }, {
        "lat" : 35.717107,
        "lon" : 139.72847,
        "time" : "20170217T141231+0900"
      }, {
        "lat" : 35.717373,
        "lon" : 139.72844,
        "time" : "20170217T141250+0900"
      }, {
        "lat" : 35.717744,
        "lon" : 139.72808,
        "time" : "20170217T141307+0900"
      }, {
        "lat" : 35.717943,
        "lon" : 139.72795,
        "time" : "20170217T141324+0900"
      }, {
        "lat" : 35.718153,
        "lon" : 139.72791,
        "time" : "20170217T141346+0900"
      }, {
        "lat" : 35.718213,
        "lon" : 139.72789,
        "time" : "20170217T141409+0900"
      } ]
    }, {
      "activity" : "transport",
      "group" : "transport",
      "manual" : false,
      "startTime" : "20170217T141409+0900",
      "endTime" : "20170217T142209+0900",
      "duration" : 480.0,
      "distance" : 2485.0,
      "trackPoints" : [ {
        "lat" : 35.718213,
        "lon" : 139.72789,
        "time" : "20170217T141409+0900"
      }, {
        "lat" : 35.718165,
        "lon" : 139.72791,
        "time" : "20170217T141433+0900"
      }, {
        "lat" : 35.718153,
        "lon" : 139.72791,
        "time" : "20170217T141453+0900"
      }, {
        "lat" : 35.718144,
        "lon" : 139.72792,
        "time" : "20170217T141511+0900"
      }, {
        "lat" : 35.718147,
        "lon" : 139.72791,
        "time" : "20170217T141553+0900"
      }, {
        "lat" : 35.726566,
        "lon" : 139.71882,
        "time" : "20170217T141858+0900"
      }, {
        "lat" : 35.72662,
        "lon" : 139.71873,
        "time" : "20170217T141926+0900"
      }, {
        "lat" : 35.726611,
        "lon" : 139.71876,
        "time" : "20170217T141948+0900"
      }, {
        "lat" : 35.729548,
        "lon" : 139.70978,
        "time" : "20170217T142121+0900"
      }, {
        "lat" : 35.729725,
        "lon" : 139.70974,
        "time" : "20170217T142210+0900"
      } ]
    }, {
      "activity" : "walking",
      "group" : "walking",
      "manual" : false,
      "startTime" : "20170217T142210+0900",
      "endTime" : "20170217T142815+0900",
      "duration" : 365.0,
      "distance" : 544.0,
      "steps" : 629,
      "calories" : 30,
      "trackPoints" : [ {
        "lat" : 35.729725,
        "lon" : 139.70974,
        "time" : "20170217T142210+0900"
      }, {
        "lat" : 35.729655,
        "lon" : 139.70972,
        "time" : "20170217T142235+0900"
      }, {
        "lat" : 35.729651,
        "lon" : 139.70973,
        "time" : "20170217T142257+0900"
      }, {
        "lat" : 35.729787,
        "lon" : 139.70975,
        "time" : "20170217T142319+0900"
      }, {
        "lat" : 35.73002,
        "lon" : 139.70977,
        "time" : "20170217T142335+0900"
      }, {
        "lat" : 35.730369,
        "lon" : 139.70974,
        "time" : "20170217T142351+0900"
      }, {
        "lat" : 35.730741,
        "lon" : 139.70963,
        "time" : "20170217T142416+0900"
      }, {
        "lat" : 35.730912,
        "lon" : 139.70956,
        "time" : "20170217T142434+0900"
      }, {
        "lat" : 35.730959,
        "lon" : 139.70953,
        "time" : "20170217T142459+0900"
      }, {
        "lat" : 35.730942,
        "lon" : 139.7096,
        "time" : "20170217T142516+0900"
      }, {
        "lat" : 35.730377,
        "lon" : 139.70952,
        "time" : "20170217T142532+0900"
      }, {
        "lat" : 35.731277,
        "lon" : 139.70944,
        "time" : "20170217T142556+0900"
      }, {
        "lat" : 35.731692,
        "lon" : 139.70919,
        "time" : "20170217T142618+0900"
      }, {
        "lat" : 35.731815,
        "lon" : 139.70932,
        "time" : "20170217T142641+0900"
      }, {
        "lat" : 35.732132,
        "lon" : 139.70941,
        "time" : "20170217T142702+0900"
      }, {
        "lat" : 35.732103,
        "lon" : 139.70945,
        "time" : "20170217T142718+0900"
      }, {
        "lat" : 35.732067,
        "lon" : 139.70947,
        "time" : "20170217T142750+0900"
      }, {
        "lat" : 35.73185,
        "lon" : 139.70875,
        "time" : "20170217T142815+0900"
      } ]
    } ],
    "lastUpdate" : "20170217T061232Z"
  }, {
    "type" : "place",
    "startTime" : "20170217T142815+0900",
    "endTime" : "20170217T173813+0900",
    "place" : {
      "id" : 413977548,
      "type" : "unknown",
      "location" : {
        "lat" : 35.732284,
        "lon" : 139.70915
      }
    },
    "activities" : [ {
      "activity" : "walking",
      "group" : "walking",
      "manual" : false,
      "startTime" : "20170217T142815+0900",
      "endTime" : "20170217T143444+0900",
      "duration" : 389.0,
      "distance" : 403.0,
      "steps" : 537,
      "calories" : 22,
      "trackPoints" : [ ]
    }, {
      "activity" : "walking",
      "group" : "walking",
      "manual" : false,
      "startTime" : "20170217T173419+0900",
      "endTime" : "20170217T173513+0900",
      "duration" : 54.0,
      "distance" : 36.0,
      "steps" : 73,
      "calories" : 2,
      "trackPoints" : [ ]
    } ],
    "lastUpdate" : "20170218T052612Z"
  }, {
    "type" : "move",
    "startTime" : "20170217T173813+0900",
    "endTime" : "20170217T181932+0900",
    "activities" : [ {
      "activity" : "walking",
      "group" : "walking",
      "manual" : false,
      "startTime" : "20170217T173813+0900",
      "endTime" : "20170217T181932+0900",
      "duration" : 2479.0,
      "distance" : 3700.0,
      "steps" : 3514,
      "calories" : 205,
      "trackPoints" : [ {
        "lat" : 35.732284,
        "lon" : 139.70915,
        "time" : "20170217T173813+0900"
      }, {
        "lat" : 35.731259,
        "lon" : 139.70782,
        "time" : "20170217T173831+0900"
      }, {
        "lat" : 35.731769,
        "lon" : 139.70858,
        "time" : "20170217T173853+0900"
      }, {
        "lat" : 35.731974,
        "lon" : 139.7089,
        "time" : "20170217T173915+0900"
      }, {
        "lat" : 35.732176,
        "lon" : 139.70923,
        "time" : "20170217T173945+0900"
      }, {
        "lat" : 35.73219,
        "lon" : 139.70929,
        "time" : "20170217T174000+0900"
      }, {
        "lat" : 35.732026,
        "lon" : 139.70943,
        "time" : "20170217T174034+0900"
      }, {
        "lat" : 35.731812,
        "lon" : 139.70947,
        "time" : "20170217T174058+0900"
      }, {
        "lat" : 35.731441,
        "lon" : 139.70947,
        "time" : "20170217T174135+0900"
      }, {
        "lat" : 35.731204,
        "lon" : 139.7094,
        "time" : "20170217T174205+0900"
      }, {
        "lat" : 35.731069,
        "lon" : 139.70946,
        "time" : "20170217T174221+0900"
      }, {
        "lat" : 35.731002,
        "lon" : 139.70956,
        "time" : "20170217T174240+0900"
      }, {
        "lat" : 35.730953,
        "lon" : 139.70964,
        "time" : "20170217T174255+0900"
      }, {
        "lat" : 35.730979,
        "lon" : 139.7098,
        "time" : "20170217T174317+0900"
      }, {
        "lat" : 35.730943,
        "lon" : 139.71004,
        "time" : "20170217T174341+0900"
      }, {
        "lat" : 35.73087,
        "lon" : 139.71041,
        "time" : "20170217T174416+0900"
      }, {
        "lat" : 35.730935,
        "lon" : 139.7106,
        "time" : "20170217T174443+0900"
      }, {
        "lat" : 35.731008,
        "lon" : 139.71095,
        "time" : "20170217T174517+0900"
      }, {
        "lat" : 35.731163,
        "lon" : 139.71195,
        "time" : "20170217T174649+0900"
      }, {
        "lat" : 35.731284,
        "lon" : 139.71272,
        "time" : "20170217T174802+0900"
      }, {
        "lat" : 35.731328,
        "lon" : 139.71252,
        "time" : "20170217T174818+0900"
      }, {
        "lat" : 35.731301,
        "lon" : 139.71257,
        "time" : "20170217T174834+0900"
      }, {
        "lat" : 35.731199,
        "lon" : 139.71273,
        "time" : "20170217T174904+0900"
      }, {
        "lat" : 35.730963,
        "lon" : 139.71315,
        "time" : "20170217T175025+0900"
      }, {
        "lat" : 35.730731,
        "lon" : 139.71362,
        "time" : "20170217T175153+0900"
      }, {
        "lat" : 35.730739,
        "lon" : 139.71372,
        "time" : "20170217T175209+0900"
      }, {
        "lat" : 35.730751,
        "lon" : 139.71393,
        "time" : "20170217T175228+0900"
      }, {
        "lat" : 35.730817,
        "lon" : 139.71519,
        "time" : "20170217T175349+0900"
      }, {
        "lat" : 35.730857,
        "lon" : 139.71592,
        "time" : "20170217T175435+0900"
      }, {
        "lat" : 35.731306,
        "lon" : 139.72027,
        "time" : "20170217T175910+0900"
      }, {
        "lat" : 35.731219,
        "lon" : 139.72012,
        "time" : "20170217T175940+0900"
      }, {
        "lat" : 35.731122,
        "lon" : 139.71998,
        "time" : "20170217T175959+0900"
      }, {
        "lat" : 35.731122,
        "lon" : 139.71998,
        "time" : "20170217T180000+0900"
      }, {
        "lat" : 35.731118,
        "lon" : 139.71997,
        "time" : "20170217T180000+0900"
      }, {
        "lat" : 35.730307,
        "lon" : 139.7187,
        "time" : "20170217T180203+0900"
      }, {
        "lat" : 35.7297,
        "lon" : 139.71804,
        "time" : "20170217T180326+0900"
      }, {
        "lat" : 35.729544,
        "lon" : 139.71824,
        "time" : "20170217T180348+0900"
      }, {
        "lat" : 35.727395,
        "lon" : 139.71899,
        "time" : "20170217T180659+0900"
      }, {
        "lat" : 35.727475,
        "lon" : 139.71858,
        "time" : "20170217T180715+0900"
      }, {
        "lat" : 35.726525,
        "lon" : 139.7193,
        "time" : "20170217T181235+0900"
      }, {
        "lat" : 35.7165,
        "lon" : 139.72874,
        "time" : "20170217T181902+0900"
      }, {
        "lat" : 35.716421,
        "lon" : 139.72896,
        "time" : "20170217T181932+0900"
      } ]
    } ],
    "lastUpdate" : "20170218T052612Z"
  } ],
  "caloriesIdle" : 1596,
  "lastUpdate" : "20170218T052612Z"
} ]