[ {
  "date" : "20150202",
  "summary" : [ {
    "activity" : "walking",
    "group" : "walking",
    "duration" : 4096.0,
    "distance" : 5260.0,
    "steps" : 6175,
    "calories" : 312
  }, {
    "activity" : "transport",
    "group" : "transport",
    "duration" : 1838.0,
    "distance" : 7809.0
  } ],
  "segments" : [ {
    "type" : "place",
    "startTime" : "20150201T141945+0900",
    "endTime" : "20150202T004546+0900",
    "place" : {
      "id" : 117345858,
      "type" : "unknown",
      "location" : {
        "lat" : 35.7193335133,
        "lon" : 139.7273594442
      }
    },
    "activities" : [ {
      "activity" : "walking",
      "group" : "walking",
      "manual" : false,
      "startTime" : "20150202T001150+0900",
      "endTime" : "20150202T001220+0900",
      "duration" : 30.0,
      "distance" : 30.0,
      "steps" : 61,
      "calories" : 2,
      "trackPoints" : [ ]
    } ],
    "lastUpdate" : "20150201T185924Z"
  }, {
    "type" : "move",
    "startTime" : "20150202T004546+0900",
    "endTime" : "20150202T004845+0900",
    "activities" : [ {
      "activity" : "walking",
      "group" : "walking",
      "manual" : false,
      "startTime" : "20150202T004546+0900",
      "endTime" : "20150202T004845+0900",
      "duration" : 179.0,
      "distance" : 215.0,
      "steps" : 250,
      "calories" : 13,
      "trackPoints" : [ {
        "lat" : 35.7193335133,
        "lon" : 139.7273594442,
        "time" : "20150202T004546+0900"
      }, {
        "lat" : 35.7180322278,
        "lon" : 139.727592201,
        "time" : "20150202T004703+0900"
      }, {
        "lat" : 35.7180531288,
        "lon" : 139.7276049464,
        "time" : "20150202T004811+0900"
      }, {
        "lat" : 35.717967643,
        "lon" : 139.727616969,
        "time" : "20150202T004826+0900"
      }, {
        "lat" : 35.7181698898,
        "lon" : 139.7278969272,
        "time" : "20150202T004845+0900"
      } ]
    } ],
    "lastUpdate" : "20150201T185924Z"
  }, {
    "type" : "place",
    "startTime" : "20150202T004845+0900",
    "endTime" : "20150202T090255+0900",
    "place" : {
      "id" : 99619254,
      "type" : "unknown",
      "location" : {
        "lat" : 35.7181698898,
        "lon" : 139.7278969272
      }
    },
    "activities" : [ {
      "activity" : "walking",
      "group" : "walking",
      "manual" : false,
      "startTime" : "20150202T004845+0900",
      "endTime" : "20150202T005218+0900",
      "duration" : 213.0,
      "distance" : 270.0,
      "steps" : 360,
      "calories" : 16,
      "trackPoints" : [ ]
    }, {
      "activity" : "walking",
      "group" : "walking",
      "manual" : false,
      "startTime" : "20150202T060212+0900",
      "endTime" : "20150202T060242+0900",
      "duration" : 30.0,
      "distance" : 20.0,
      "steps" : 41,
      "calories" : 1,
      "trackPoints" : [ ]
    }, {
      "activity" : "walking",
      "group" : "walking",
      "manual" : false,
      "startTime" : "20150202T085649+0900",
      "endTime" : "20150202T090208+0900",
      "duration" : 319.0,
      "distance" : 363.0,
      "steps" : 484,
      "calories" : 22,
      "trackPoints" : [ ]
    } ],
    "lastUpdate" : "20150202T234744Z"
  }, {
    "type" : "move",
    "startTime" : "20150202T090255+0900",
    "endTime" : "20150202T092704+0900",
    "activities" : [ {
      "activity" : "walking",
      "group" : "walking",
      "manual" : false,
      "startTime" : "20150202T090255+0900",
      "endTime" : "20150202T090808+0900",
      "duration" : 313.0,
      "distance" : 659.0,
      "steps" : 549,
      "calories" : 39,
      "trackPoints" : [ {
        "lat" : 35.7181698898,
        "lon" : 139.7278969272,
        "time" : "20150202T090255+0900"
      }, {
        "lat" : 35.716948423,
        "lon" : 139.7284846027,
        "time" : "20150202T090358+0900"
      }, {
        "lat" : 35.7169853885,
        "lon" : 139.7284767933,
        "time" : "20150202T090425+0900"
      }, {
        "lat" : 35.7172733946,
        "lon" : 139.7282992408,
        "time" : "20150202T090451+0900"
      }, {
        "lat" : 35.7174676992,
        "lon" : 139.7281178028,
        "time" : "20150202T090514+0900"
      }, {
        "lat" : 35.6986277707,
        "lon" : 139.7304742106,
        "time" : "20150202T090752+0900"
      }, {
        "lat" : 35.6985825505,
        "lon" : 139.7304966599,
        "time" : "20150202T090808+0900"
      } ]
    }, {
      "activity" : "transport",
      "group" : "transport",
      "manual" : false,
      "startTime" : "20150202T090808+0900",
      "endTime" : "20150202T092009+0900",
      "duration" : 721.0,
      "distance" : 2722.0,
      "trackPoints" : [ {
        "lat" : 35.6985825505,
        "lon" : 139.7304966599,
        "time" : "20150202T090808+0900"
      }, {
        "lat" : 35.6858334552,
        "lon" : 139.7368307098,
        "time" : "20150202T091755+0900"
      }, {
        "lat" : 35.6784290896,
        "lon" : 139.7385742755,
        "time" : "20150202T092009+0900"
      } ]
    }, {
      "activity" : "walking",
      "group" : "walking",
      "manual" : false,
      "startTime" : "20150202T092009+0900",
      "endTime" : "20150202T092705+0900",
      "duration" : 416.0,
      "distance" : 490.0,
      "steps" : 641,
      "calories" : 29,
      "trackPoints" : [ {
        "lat" : 35.6784290896,
        "lon" : 139.7385742755,
        "time" : "20150202T092009+0900"
      }, {
        "lat" : 35.677855215,
        "lon" : 139.7387094104,
        "time" : "20150202T092126+0900"
      }, {
        "lat" : 35.6781212028,
        "lon" : 139.7398066766,
        "time" : "20150202T092206+0900"
      }, {
        "lat" : 35.6779559727,
        "lon" : 139.7405099869,
        "time" : "20150202T092311+0900"
      }, {
        "lat" : 35.677757083,
        "lon" : 139.7406079789,
        "time" : "20150202T092326+0900"
      }, {
        "lat" : 35.6775238563,
        "lon" : 139.7402520058,
        "time" : "20150202T092351+0900"
      }, {
        "lat" : 35.6773615028,
        "lon" : 139.7399556279,
        "time" : "20150202T092410+0900"
      }, {
        "lat" : 35.6770267666,
        "lon" : 139.7396296039,
        "time" : "20150202T092433+0900"
      }, {
        "lat" : 35.6767861327,
        "lon" : 139.7396515225,
        "time" : "20150202T092448+0900"
      }, {
        "lat" : 35.6766748988,
        "lon" : 139.7396409211,
        "time" : "20150202T092511+0900"
      }, {
        "lat" : 35.6764960744,
        "lon" : 139.7397848216,
        "time" : "20150202T092541+0900"
      }, {
        "lat" : 35.6764812028,
        "lon" : 139.7397275378,
        "time" : "20150202T092605+0900"
      }, {
        "lat" : 35.6765185224,
        "lon" : 139.7397612226,
        "time" : "20150202T092704+0900"
      } ]
    } ],
    "lastUpdate" : "20150202T234744Z"
  }, {
    "type" : "place",
    "startTime" : "20150202T092705+0900",
    "endTime" : "20150202T093734+0900",
    "place" : {
      "id" : 130838272,
      "type" : "unknown",
      "location" : {
        "lat" : 35.6765185224,
        "lon" : 139.7397612226
      }
    },
    "activities" : [ {
      "activity" : "walking",
      "group" : "walking",
      "manual" : false,
      "startTime" : "20150202T093712+0900",
      "endTime" : "20150202T093730+0900",
      "duration" : 18.0,
      "distance" : 15.0,
      "steps" : 30,
      "calories" : 1,
      "trackPoints" : [ ]
    } ],
    "lastUpdate" : "20150202T234744Z"
  }, {
    "type" : "move",
    "startTime" : "20150202T093735+0900",
    "endTime" : "20150202T100552+0900",
    "activities" : [ {
      "activity" : "walking",
      "group" : "walking",
      "manual" : false,
      "startTime" : "20150202T093735+0900",
      "endTime" : "20150202T094717+0900",
      "duration" : 582.0,
      "distance" : 810.0,
      "steps" : 766,
      "calories" : 48,
      "trackPoints" : [ {
        "lat" : 35.6765185224,
        "lon" : 139.7397612226,
        "time" : "20150202T093735+0900"
      }, {
        "lat" : 35.6753429856,
        "lon" : 139.7382709129,
        "time" : "20150202T093752+0900"
      }, {
        "lat" : 35.6754611911,
        "lon" : 139.7383255018,
        "time" : "20150202T093813+0900"
      }, {
        "lat" : 35.6760361579,
        "lon" : 139.7385742759,
        "time" : "20150202T093841+0900"
      }, {
        "lat" : 35.6765753853,
        "lon" : 139.7391600074,
        "time" : "20150202T093916+0900"
      }, {
        "lat" : 35.6771456052,
        "lon" : 139.7395727305,
        "time" : "20150202T093953+0900"
      }, {
        "lat" : 35.6774711247,
        "lon" : 139.739763593,
        "time" : "20150202T094010+0900"
      }, {
        "lat" : 35.6776312845,
        "lon" : 139.7399591323,
        "time" : "20150202T094030+0900"
      }, {
        "lat" : 35.6776467787,
        "lon" : 139.7403437445,
        "time" : "20150202T094056+0900"
      }, {
        "lat" : 35.6777321376,
        "lon" : 139.7404311719,
        "time" : "20150202T094120+0900"
      }, {
        "lat" : 35.6780709797,
        "lon" : 139.7402806426,
        "time" : "20150202T094138+0900"
      }, {
        "lat" : 35.6784346731,
        "lon" : 139.7402626829,
        "time" : "20150202T094205+0900"
      }, {
        "lat" : 35.6787004947,
        "lon" : 139.7402473045,
        "time" : "20150202T094228+0900"
      }, {
        "lat" : 35.6787505421,
        "lon" : 139.7403047455,
        "time" : "20150202T094251+0900"
      }, {
        "lat" : 35.6788194048,
        "lon" : 139.7403317457,
        "time" : "20150202T094326+0900"
      }, {
        "lat" : 35.6788287864,
        "lon" : 139.7403329307,
        "time" : "20150202T094348+0900"
      }, {
        "lat" : 35.6788410413,
        "lon" : 139.7403325928,
        "time" : "20150202T094411+0900"
      }, {
        "lat" : 35.6788659189,
        "lon" : 139.7403264367,
        "time" : "20150202T094434+0900"
      }, {
        "lat" : 35.6789273194,
        "lon" : 139.7403090555,
        "time" : "20150202T094455+0900"
      }, {
        "lat" : 35.679089871,
        "lon" : 139.7402560166,
        "time" : "20150202T094521+0900"
      }, {
        "lat" : 35.6796458644,
        "lon" : 139.7400696671,
        "time" : "20150202T094716+0900"
      } ]
    }, {
      "activity" : "transport",
      "group" : "transport",
      "manual" : false,
      "startTime" : "20150202T094716+0900",
      "endTime" : "20150202T100553+0900",
      "duration" : 1117.0,
      "distance" : 5087.0,
      "trackPoints" : [ {
        "lat" : 35.6796458644,
        "lon" : 139.7400696671,
        "time" : "20150202T094716+0900"
      }, {
        "lat" : 35.6916479985,
        "lon" : 139.7360469714,
        "time" : "20150202T095249+0900"
      }, {
        "lat" : 35.7062303309,
        "lon" : 139.7315658938,
        "time" : "20150202T095959+0900"
      }, {
        "lat" : 35.7062306694,
        "lon" : 139.7315657898,
        "time" : "20150202T100000+0900"
      }, {
        "lat" : 35.7181698898,
        "lon" : 139.7278969272,
        "time" : "20150202T100552+0900"
      } ]
    } ],
    "lastUpdate" : "20150202T234744Z"
  }, {
    "type" : "place",
    "startTime" : "20150202T100652+0900",
    "endTime" : "20150202T111150+0900",
    "place" : {
      "id" : 99619254,
      "type" : "unknown",
      "location" : {
        "lat" : 35.7181698898,
        "lon" : 139.7278969272
      }
    },
    "activities" : [ {
      "activity" : "walking",
      "group" : "walking",
      "manual" : false,
      "startTime" : "20150202T100724+0900",
      "endTime" : "20150202T101354+0900",
      "duration" : 390.0,
      "distance" : 486.0,
      "steps" : 648,
      "calories" : 29,
      "trackPoints" : [ ]
    } ],
    "lastUpdate" : "20150203T011845Z"
  }, {
    "type" : "move",
    "startTime" : "20150202T111150+0900",
    "endTime" : "20150202T112935+0900",
    "activities" : [ {
      "activity" : "walking",
      "group" : "walking",
      "manual" : false,
      "startTime" : "20150202T111150+0900",
      "endTime" : "20150202T112935+0900",
      "duration" : 1065.0,
      "distance" : 1370.0,
      "steps" : 1511,
      "calories" : 81,
      "trackPoints" : [ {
        "lat" : 35.7181698898,
        "lon" : 139.7278969272,
        "time" : "20150202T111150+0900"
      }, {
        "lat" : 35.7163623997,
        "lon" : 139.7289066456,
        "time" : "20150202T111212+0900"
      }, {
        "lat" : 35.7160205305,
        "lon" : 139.7290289519,
        "time" : "20150202T111240+0900"
      }, {
        "lat" : 35.7158097248,
        "lon" : 139.7291442271,
        "time" : "20150202T111255+0900"
      }, {
        "lat" : 35.7156024908,
        "lon" : 139.7292174583,
        "time" : "20150202T111317+0900"
      }, {
        "lat" : 35.7153265314,
        "lon" : 139.7295543702,
        "time" : "20150202T111340+0900"
      }, {
        "lat" : 35.715139817,
        "lon" : 139.7296028586,
        "time" : "20150202T111357+0900"
      }, {
        "lat" : 35.7149453112,
        "lon" : 139.7296729408,
        "time" : "20150202T111413+0900"
      }, {
        "lat" : 35.7148083411,
        "lon" : 139.7297281493,
        "time" : "20150202T111429+0900"
      }, {
        "lat" : 35.7146906468,
        "lon" : 139.7298288989,
        "time" : "20150202T111445+0900"
      }, {
        "lat" : 35.7145357072,
        "lon" : 139.7299189423,
        "time" : "20150202T111501+0900"
      }, {
        "lat" : 35.7141797852,
        "lon" : 139.7301181969,
        "time" : "20150202T111524+0900"
      }, {
        "lat" : 35.7139980829,
        "lon" : 139.7301795895,
        "time" : "20150202T111540+0900"
      }, {
        "lat" : 35.7139880831,
        "lon" : 139.7301839523,
        "time" : "20150202T111557+0900"
      }, {
        "lat" : 35.7138988112,
        "lon" : 139.7302443623,
        "time" : "20150202T111616+0900"
      }, {
        "lat" : 35.713547779,
        "lon" : 139.7303346534,
        "time" : "20150202T111642+0900"
      }, {
        "lat" : 35.7134668337,
        "lon" : 139.7303620295,
        "time" : "20150202T111659+0900"
      }, {
        "lat" : 35.7133121144,
        "lon" : 139.7305064235,
        "time" : "20150202T111715+0900"
      }, {
        "lat" : 35.713032622,
        "lon" : 139.7304181087,
        "time" : "20150202T111736+0900"
      }, {
        "lat" : 35.7129645546,
        "lon" : 139.7299196871,
        "time" : "20150202T111759+0900"
      }, {
        "lat" : 35.7128551956,
        "lon" : 139.7296907225,
        "time" : "20150202T111821+0900"
      }, {
        "lat" : 35.7127922483,
        "lon" : 139.7296734173,
        "time" : "20150202T111837+0900"
      }, {
        "lat" : 35.7127765487,
        "lon" : 139.7296214591,
        "time" : "20150202T111900+0900"
      }, {
        "lat" : 35.7128095708,
        "lon" : 139.7296032794,
        "time" : "20150202T111916+0900"
      }, {
        "lat" : 35.7127487084,
        "lon" : 139.7297427016,
        "time" : "20150202T111945+0900"
      }, {
        "lat" : 35.7128032969,
        "lon" : 139.7297737518,
        "time" : "20150202T112002+0900"
      }, {
        "lat" : 35.7128017906,
        "lon" : 139.7298483983,
        "time" : "20150202T112017+0900"
      }, {
        "lat" : 35.7127184173,
        "lon" : 139.7300511775,
        "time" : "20150202T112040+0900"
      }, {
        "lat" : 35.7123369447,
        "lon" : 139.7301013956,
        "time" : "20150202T112110+0900"
      }, {
        "lat" : 35.7122525569,
        "lon" : 139.7303038203,
        "time" : "20150202T112134+0900"
      }, {
        "lat" : 35.7123754037,
        "lon" : 139.7308153917,
        "time" : "20150202T112155+0900"
      }, {
        "lat" : 35.7123997327,
        "lon" : 139.7310123454,
        "time" : "20150202T112219+0900"
      }, {
        "lat" : 35.7123982183,
        "lon" : 139.7311657179,
        "time" : "20150202T112234+0900"
      }, {
        "lat" : 35.7122101392,
        "lon" : 139.731387219,
        "time" : "20150202T112252+0900"
      }, {
        "lat" : 35.7120647965,
        "lon" : 139.7315254344,
        "time" : "20150202T112310+0900"
      }, {
        "lat" : 35.7118932885,
        "lon" : 139.7317123046,
        "time" : "20150202T112326+0900"
      }, {
        "lat" : 35.7118958171,
        "lon" : 139.7317763717,
        "time" : "20150202T112345+0900"
      }, {
        "lat" : 35.711815042,
        "lon" : 139.7318360676,
        "time" : "20150202T112409+0900"
      }, {
        "lat" : 35.7114961356,
        "lon" : 139.7319429687,
        "time" : "20150202T112435+0900"
      }, {
        "lat" : 35.7111912164,
        "lon" : 139.7322819243,
        "time" : "20150202T112506+0900"
      }, {
        "lat" : 35.7110117413,
        "lon" : 139.7321514543,
        "time" : "20150202T112524+0900"
      }, {
        "lat" : 35.7109715308,
        "lon" : 139.7317727184,
        "time" : "20150202T112550+0900"
      }, {
        "lat" : 35.7108739565,
        "lon" : 139.7316213934,
        "time" : "20150202T112605+0900"
      }, {
        "lat" : 35.7108053973,
        "lon" : 139.7316490606,
        "time" : "20150202T112628+0900"
      }, {
        "lat" : 35.7107815779,
        "lon" : 139.7316622655,
        "time" : "20150202T112644+0900"
      }, {
        "lat" : 35.710657486,
        "lon" : 139.7317245225,
        "time" : "20150202T112700+0900"
      }, {
        "lat" : 35.71048149,
        "lon" : 139.731732206,
        "time" : "20150202T112718+0900"
      }, {
        "lat" : 35.7102864065,
        "lon" : 139.7317530599,
        "time" : "20150202T112746+0900"
      }, {
        "lat" : 35.7100973912,
        "lon" : 139.7317602827,
        "time" : "20150202T112802+0900"
      }, {
        "lat" : 35.7100843726,
        "lon" : 139.7317392886,
        "time" : "20150202T112822+0900"
      }, {
        "lat" : 35.7101148723,
        "lon" : 139.7317639697,
        "time" : "20150202T112840+0900"
      }, {
        "lat" : 35.710087768,
        "lon" : 139.7317548332,
        "time" : "20150202T112857+0900"
      }, {
        "lat" : 35.7108514697,
        "lon" : 139.7313741292,
        "time" : "20150202T112935+0900"
      } ]
    } ],
    "lastUpdate" : "20150203T011845Z"
  }, {
    "type" : "place",
    "startTime" : "20150202T112935+0900",
    "endTime" : "20150202T113928+0900",
    "place" : {
      "id" : 131444965,
      "type" : "unknown",
      "location" : {
        "lat" : 35.7108514697,
        "lon" : 139.7313741292
      }
    },
    "activities" : [ {
      "activity" : "walking",
      "group" : "walking",
      "manual" : false,
      "startTime" : "20150202T113158+0900",
      "endTime" : "20150202T113358+0900",
      "duration" : 120.0,
      "distance" : 154.0,
      "steps" : 205,
      "calories" : 9,
      "trackPoints" : [ ]
    } ],
    "lastUpdate" : "20150203T011845Z"
  }, {
    "type" : "move",
    "startTime" : "20150202T113928+0900",
    "endTime" : "20150202T114629+0900",
    "activities" : [ {
      "activity" : "walking",
      "group" : "walking",
      "manual" : false,
      "startTime" : "20150202T113928+0900",
      "endTime" : "20150202T114629+0900",
      "duration" : 421.0,
      "distance" : 378.0,
      "steps" : 629,
      "calories" : 22,
      "trackPoints" : [ {
        "lat" : 35.7108514697,
        "lon" : 139.7313741292,
        "time" : "20150202T113928+0900"
      }, {
        "lat" : 35.7109102426,
        "lon" : 139.7311700877,
        "time" : "20150202T113943+0900"
      }, {
        "lat" : 35.7109847754,
        "lon" : 139.7312947477,
        "time" : "20150202T114015+0900"
      }, {
        "lat" : 35.7110603496,
        "lon" : 139.7313079644,
        "time" : "20150202T114031+0900"
      }, {
        "lat" : 35.7112865631,
        "lon" : 139.731382117,
        "time" : "20150202T114050+0900"
      }, {
        "lat" : 35.7113533277,
        "lon" : 139.7314075852,
        "time" : "20150202T114107+0900"
      }, {
        "lat" : 35.7111734882,
        "lon" : 139.7314620355,
        "time" : "20150202T114125+0900"
      }, {
        "lat" : 35.7111436029,
        "lon" : 139.7312563271,
        "time" : "20150202T114141+0900"
      }, {
        "lat" : 35.711153665,
        "lon" : 139.7311389458,
        "time" : "20150202T114157+0900"
      }, {
        "lat" : 35.711153545,
        "lon" : 139.7310054013,
        "time" : "20150202T114214+0900"
      }, {
        "lat" : 35.7111724631,
        "lon" : 139.7309863073,
        "time" : "20150202T114234+0900"
      }, {
        "lat" : 35.71118311,
        "lon" : 139.7309853689,
        "time" : "20150202T114251+0900"
      }, {
        "lat" : 35.7112127221,
        "lon" : 139.731027467,
        "time" : "20150202T114311+0900"
      }, {
        "lat" : 35.7113070945,
        "lon" : 139.7311727657,
        "time" : "20150202T114337+0900"
      }, {
        "lat" : 35.711452012,
        "lon" : 139.7312002277,
        "time" : "20150202T114354+0900"
      }, {
        "lat" : 35.7115815954,
        "lon" : 139.7311907946,
        "time" : "20150202T114410+0900"
      }, {
        "lat" : 35.7117995671,
        "lon" : 139.7311616199,
        "time" : "20150202T114426+0900"
      }, {
        "lat" : 35.7120862579,
        "lon" : 139.7309826878,
        "time" : "20150202T114448+0900"
      }, {
        "lat" : 35.7122042345,
        "lon" : 139.7307535207,
        "time" : "20150202T114516+0900"
      }, {
        "lat" : 35.7123753007,
        "lon" : 139.7307008459,
        "time" : "20150202T114534+0900"
      }, {
        "lat" : 35.7125887873,
        "lon" : 139.7306647187,
        "time" : "20150202T114550+0900"
      }, {
        "lat" : 35.712929525,
        "lon" : 139.7305821264,
        "time" : "20150202T114612+0900"
      }, {
        "lat" : 35.7129152088,
        "lon" : 139.7304246027,
        "time" : "20150202T114629+0900"
      } ]
    } ],
    "lastUpdate" : "20150203T011845Z"
  }, {
    "type" : "place",
    "startTime" : "20150202T114629+0900",
    "endTime" : "20150202T114642+0900",
    "place" : {
      "id" : 131444971,
      "type" : "unknown",
      "location" : {
        "lat" : 35.7129152088,
        "lon" : 139.7304246027
      }
    },
    "lastUpdate" : "20150203T011845Z"
  } ],
  "caloriesIdle" : 1706,
  "lastUpdate" : "20150203T011845Z"
} ]