[ {
  "date" : "20160112",
  "summary" : [ {
    "activity" : "walking",
    "group" : "walking",
    "duration" : 3932.0,
    "distance" : 3842.0,
    "steps" : 5233,
    "calories" : 227
  }, {
    "activity" : "transport",
    "group" : "transport",
    "duration" : 15016.0,
    "distance" : 1078245.0
  } ],
  "segments" : [ {
    "type" : "place",
    "startTime" : "20160111T162654+0900",
    "endTime" : "20160112T113007+0900",
    "place" : {
      "id" : 98345442,
      "type" : "unknown",
      "location" : {
        "lat" : 35.7168392789,
        "lon" : 139.7283806079
      }
    },
    "activities" : [ {
      "activity" : "walking",
      "group" : "walking",
      "manual" : false,
      "startTime" : "20160112T113005+0900",
      "endTime" : "20160112T114032+0900",
      "duration" : 627.0,
      "distance" : 627.0,
      "steps" : 836,
      "calories" : 37,
      "trackPoints" : [ ]
    } ],
    "lastUpdate" : "20160112T033604Z"
  }, {
    "type" : "move",
    "startTime" : "20160112T113007+0900",
    "endTime" : "20160112T120555+0900",
    "activities" : [ {
      "activity" : "walking",
      "group" : "walking",
      "manual" : false,
      "startTime" : "20160112T113007+0900",
      "endTime" : "20160112T113741+0900",
      "duration" : 454.0,
      "distance" : 244.0,
      "steps" : 489,
      "calories" : 14,
      "trackPoints" : [ {
        "lat" : 35.716839,
        "lon" : 139.72838,
        "time" : "20160112T113007+0900"
      }, {
        "lat" : 35.717085,
        "lon" : 139.72869,
        "time" : "20160112T113314+0900"
      }, {
        "lat" : 35.717085,
        "lon" : 139.72869,
        "time" : "20160112T113338+0900"
      }, {
        "lat" : 35.716378,
        "lon" : 139.72945,
        "time" : "20160112T113741+0900"
      } ]
    }, {
      "activity" : "transport",
      "group" : "transport",
      "manual" : false,
      "startTime" : "20160112T113741+0900",
      "endTime" : "20160112T114941+0900",
      "duration" : 720.0,
      "distance" : 2758.0,
      "trackPoints" : [ {
        "lat" : 35.716378,
        "lon" : 139.72945,
        "time" : "20160112T113741+0900"
      }, {
        "lat" : 35.704481,
        "lon" : 139.74256,
        "time" : "20160112T114747+0900"
      }, {
        "lat" : 35.70075,
        "lon" : 139.74772,
        "time" : "20160112T114941+0900"
      } ]
    }, {
      "activity" : "walking",
      "group" : "walking",
      "manual" : false,
      "startTime" : "20160112T114941+0900",
      "endTime" : "20160112T115211+0900",
      "duration" : 150.0,
      "distance" : 137.0,
      "steps" : 275,
      "calories" : 8,
      "trackPoints" : [ {
        "lat" : 35.70075,
        "lon" : 139.74772,
        "time" : "20160112T114941+0900"
      }, {
        "lat" : 35.700095,
        "lon" : 139.74862,
        "time" : "20160112T115212+0900"
      } ]
    }, {
      "activity" : "transport",
      "group" : "transport",
      "manual" : false,
      "startTime" : "20160112T115212+0900",
      "endTime" : "20160112T120042+0900",
      "duration" : 510.0,
      "distance" : 3211.0,
      "trackPoints" : [ {
        "lat" : 35.700095,
        "lon" : 139.74862,
        "time" : "20160112T115212+0900"
      }, {
        "lat" : 35.684782,
        "lon" : 139.76979,
        "time" : "20160112T115959+0900"
      }, {
        "lat" : 35.684781,
        "lon" : 139.76979,
        "time" : "20160112T120000+0900"
      }, {
        "lat" : 35.683383,
        "lon" : 139.77172,
        "time" : "20160112T120042+0900"
      } ]
    }, {
      "activity" : "walking",
      "group" : "walking",
      "manual" : false,
      "startTime" : "20160112T120042+0900",
      "endTime" : "20160112T120555+0900",
      "duration" : 313.0,
      "distance" : 344.0,
      "steps" : 410,
      "calories" : 20,
      "trackPoints" : [ {
        "lat" : 35.683383,
        "lon" : 139.77172,
        "time" : "20160112T120042+0900"
      }, {
        "lat" : 35.682979,
        "lon" : 139.77224,
        "time" : "20160112T120238+0900"
      }, {
        "lat" : 35.683222,
        "lon" : 139.7721,
        "time" : "20160112T120255+0900"
      }, {
        "lat" : 35.6834,
        "lon" : 139.77178,
        "time" : "20160112T120332+0900"
      }, {
        "lat" : 35.683158,
        "lon" : 139.77104,
        "time" : "20160112T120456+0900"
      }, {
        "lat" : 35.68284,
        "lon" : 139.76999,
        "time" : "20160112T120555+0900"
      } ]
    } ],
    "lastUpdate" : "20160112T033604Z"
  }, {
    "type" : "place",
    "startTime" : "20160112T120556+0900",
    "endTime" : "20160112T121846+0900",
    "place" : {
      "id" : 238899158,
      "type" : "unknown",
      "location" : {
        "lat" : 35.68284,
        "lon" : 139.76999
      }
    },
    "lastUpdate" : "20160112T033604Z"
  }, {
    "type" : "move",
    "startTime" : "20160112T121846+0900",
    "endTime" : "20160112T123102+0900",
    "activities" : [ {
      "activity" : "transport",
      "group" : "transport",
      "manual" : false,
      "startTime" : "20160112T121846+0900",
      "endTime" : "20160112T123102+0900",
      "duration" : 736.0,
      "distance" : 4656.0,
      "trackPoints" : [ {
        "lat" : 35.68284,
        "lon" : 139.76999,
        "time" : "20160112T121846+0900"
      }, {
        "lat" : 35.678719,
        "lon" : 139.77562,
        "time" : "20160112T122348+0900"
      }, {
        "lat" : 35.678845,
        "lon" : 139.77571,
        "time" : "20160112T122422+0900"
      }, {
        "lat" : 35.669233,
        "lon" : 139.80457,
        "time" : "20160112T123036+0900"
      }, {
        "lat" : 35.663793,
        "lon" : 139.80548,
        "time" : "20160112T123102+0900"
      } ]
    } ],
    "lastUpdate" : "20160112T033604Z"
  }, {
    "type" : "move",
    "startTime" : "20160112T123102+0900",
    "endTime" : "20160112T133328+0900",
    "activities" : [ {
      "activity" : "transport",
      "group" : "transport",
      "manual" : false,
      "startTime" : "20160112T123102+0900",
      "endTime" : "20160112T132923+0900",
      "duration" : 3501.0,
      "distance" : 73222.0,
      "trackPoints" : [ {
        "lat" : 35.664248,
        "lon" : 139.80543,
        "time" : "20160112T123102+0900"
      }, {
        "lat" : 35.643378,
        "lon" : 139.86658,
        "time" : "20160112T123636+0900"
      }, {
        "lat" : 35.640953,
        "lon" : 139.87315,
        "time" : "20160112T123707+0900"
      }, {
        "lat" : 35.64047,
        "lon" : 139.87483,
        "time" : "20160112T123727+0900"
      }, {
        "lat" : 35.640402,
        "lon" : 139.87531,
        "time" : "20160112T123748+0900"
      }, {
        "lat" : 35.684376,
        "lon" : 139.94258,
        "time" : "20160112T124312+0900"
      }, {
        "lat" : 35.687005,
        "lon" : 139.94687,
        "time" : "20160112T124334+0900"
      }, {
        "lat" : 35.690953,
        "lon" : 139.96803,
        "time" : "20160112T124506+0900"
      }, {
        "lat" : 35.69,
        "lon" : 139.97127,
        "time" : "20160112T124558+0900"
      }, {
        "lat" : 35.665214,
        "lon" : 140.0179,
        "time" : "20160112T124909+0900"
      }, {
        "lat" : 35.662303,
        "lon" : 140.02323,
        "time" : "20160112T124937+0900"
      }, {
        "lat" : 35.654854,
        "lon" : 140.09487,
        "time" : "20160112T125513+0900"
      }, {
        "lat" : 35.657154,
        "lon" : 140.0982,
        "time" : "20160112T125529+0900"
      }, {
        "lat" : 35.659465,
        "lon" : 140.09995,
        "time" : "20160112T125551+0900"
      }, {
        "lat" : 35.66063,
        "lon" : 140.10107,
        "time" : "20160112T125606+0900"
      }, {
        "lat" : 35.682264,
        "lon" : 140.15643,
        "time" : "20160112T125937+0900"
      }, {
        "lat" : 35.682744,
        "lon" : 140.16306,
        "time" : "20160112T125959+0900"
      }, {
        "lat" : 35.682745,
        "lon" : 140.16306,
        "time" : "20160112T130000+0900"
      }, {
        "lat" : 35.682766,
        "lon" : 140.16335,
        "time" : "20160112T130001+0900"
      }, {
        "lat" : 35.683823,
        "lon" : 140.21705,
        "time" : "20160112T130310+0900"
      }, {
        "lat" : 35.685098,
        "lon" : 140.22172,
        "time" : "20160112T130328+0900"
      }, {
        "lat" : 35.685818,
        "lon" : 140.22435,
        "time" : "20160112T130346+0900"
      }, {
        "lat" : 35.686509,
        "lon" : 140.22684,
        "time" : "20160112T130415+0900"
      }, {
        "lat" : 35.702899,
        "lon" : 140.27281,
        "time" : "20160112T130646+0900"
      }, {
        "lat" : 35.703903,
        "lon" : 140.2752,
        "time" : "20160112T130715+0900"
      }, {
        "lat" : 35.759822,
        "lon" : 140.32152,
        "time" : "20160112T131144+0900"
      }, {
        "lat" : 35.763096,
        "lon" : 140.32399,
        "time" : "20160112T131159+0900"
      }, {
        "lat" : 35.76445,
        "lon" : 140.3252,
        "time" : "20160112T131215+0900"
      }, {
        "lat" : 35.783664,
        "lon" : 140.35886,
        "time" : "20160112T131519+0900"
      }, {
        "lat" : 35.785089,
        "lon" : 140.36319,
        "time" : "20160112T131536+0900"
      }, {
        "lat" : 35.785507,
        "lon" : 140.36532,
        "time" : "20160112T131552+0900"
      }, {
        "lat" : 35.774506,
        "lon" : 140.38658,
        "time" : "20160112T131912+0900"
      }, {
        "lat" : 35.773849,
        "lon" : 140.38696,
        "time" : "20160112T131928+0900"
      }, {
        "lat" : 35.772919,
        "lon" : 140.38776,
        "time" : "20160112T131947+0900"
      }, {
        "lat" : 35.772685,
        "lon" : 140.38774,
        "time" : "20160112T132018+0900"
      }, {
        "lat" : 35.766383,
        "lon" : 140.38619,
        "time" : "20160112T132329+0900"
      }, {
        "lat" : 35.766403,
        "lon" : 140.38734,
        "time" : "20160112T132345+0900"
      }, {
        "lat" : 35.770924,
        "lon" : 140.38685,
        "time" : "20160112T132658+0900"
      }, {
        "lat" : 35.777478,
        "lon" : 140.38374,
        "time" : "20160112T132923+0900"
      } ]
    }, {
      "activity" : "walking",
      "group" : "walking",
      "manual" : false,
      "startTime" : "20160112T132923+0900",
      "endTime" : "20160112T133327+0900",
      "duration" : 244.0,
      "distance" : 195.0,
      "steps" : 280,
      "calories" : 12,
      "trackPoints" : [ {
        "lat" : 35.777478,
        "lon" : 140.38374,
        "time" : "20160112T132923+0900"
      }, {
        "lat" : 35.7777,
        "lon" : 140.38374,
        "time" : "20160112T133018+0900"
      }, {
        "lat" : 35.777706,
        "lon" : 140.38379,
        "time" : "20160112T133045+0900"
      }, {
        "lat" : 35.778837,
        "lon" : 140.38451,
        "time" : "20160112T133328+0900"
      } ]
    } ],
    "lastUpdate" : "20160112T050814Z"
  }, {
    "type" : "place",
    "startTime" : "20160112T133328+0900",
    "endTime" : "20160112T141125+0900",
    "place" : {
      "id" : 238907605,
      "type" : "unknown",
      "location" : {
        "lat" : 35.778837,
        "lon" : 140.38451
      }
    },
    "activities" : [ {
      "activity" : "walking",
      "group" : "walking",
      "manual" : false,
      "startTime" : "20160112T133604+0900",
      "endTime" : "20160112T134120+0900",
      "duration" : 316.0,
      "distance" : 345.0,
      "steps" : 460,
      "calories" : 20,
      "trackPoints" : [ ]
    }, {
      "activity" : "walking",
      "group" : "walking",
      "manual" : false,
      "startTime" : "20160112T140742+0900",
      "endTime" : "20160112T141009+0900",
      "duration" : 147.0,
      "distance" : 162.0,
      "steps" : 216,
      "calories" : 10,
      "trackPoints" : [ ]
    } ],
    "lastUpdate" : "20160112T063907Z"
  }, {
    "type" : "move",
    "startTime" : "20160112T141125+0900",
    "endTime" : "20160112T141637+0900",
    "activities" : [ {
      "activity" : "walking",
      "group" : "walking",
      "manual" : false,
      "startTime" : "20160112T141125+0900",
      "endTime" : "20160112T141636+0900",
      "duration" : 311.0,
      "distance" : 445.0,
      "steps" : 386,
      "calories" : 26,
      "trackPoints" : [ {
        "lat" : 35.778837,
        "lon" : 140.38451,
        "time" : "20160112T141125+0900"
      }, {
        "lat" : 35.77952,
        "lon" : 140.38509,
        "time" : "20160112T141148+0900"
      }, {
        "lat" : 35.779652,
        "lon" : 140.38515,
        "time" : "20160112T141204+0900"
      }, {
        "lat" : 35.779721,
        "lon" : 140.38515,
        "time" : "20160112T141224+0900"
      }, {
        "lat" : 35.779698,
        "lon" : 140.38506,
        "time" : "20160112T141249+0900"
      }, {
        "lat" : 35.779604,
        "lon" : 140.38487,
        "time" : "20160112T141312+0900"
      }, {
        "lat" : 35.779495,
        "lon" : 140.38465,
        "time" : "20160112T141330+0900"
      }, {
        "lat" : 35.779692,
        "lon" : 140.38509,
        "time" : "20160112T141346+0900"
      }, {
        "lat" : 35.779931,
        "lon" : 140.38536,
        "time" : "20160112T141406+0900"
      }, {
        "lat" : 35.780175,
        "lon" : 140.38566,
        "time" : "20160112T141431+0900"
      }, {
        "lat" : 35.780628,
        "lon" : 140.38614,
        "time" : "20160112T141505+0900"
      }, {
        "lat" : 35.780783,
        "lon" : 140.38625,
        "time" : "20160112T141528+0900"
      }, {
        "lat" : 35.780834,
        "lon" : 140.38634,
        "time" : "20160112T141551+0900"
      }, {
        "lat" : 35.780867,
        "lon" : 140.3864,
        "time" : "20160112T141614+0900"
      }, {
        "lat" : 35.781091,
        "lon" : 140.38684,
        "time" : "20160112T141637+0900"
      } ]
    } ],
    "lastUpdate" : "20160112T063907Z"
  }, {
    "type" : "place",
    "startTime" : "20160112T141637+0900",
    "endTime" : "20160112T155709+0900",
    "place" : {
      "id" : 238938291,
      "type" : "unknown",
      "location" : {
        "lat" : 35.780706,
        "lon" : 140.38699
      }
    },
    "activities" : [ {
      "activity" : "walking",
      "group" : "walking",
      "manual" : false,
      "startTime" : "20160112T141637+0900",
      "endTime" : "20160112T141642+0900",
      "duration" : 5.0,
      "distance" : 3.0,
      "steps" : 7,
      "calories" : 0,
      "trackPoints" : [ ]
    }, {
      "activity" : "walking",
      "group" : "walking",
      "manual" : false,
      "startTime" : "20160112T152836+0900",
      "endTime" : "20160112T153022+0900",
      "duration" : 106.0,
      "distance" : 71.0,
      "steps" : 142,
      "calories" : 4,
      "trackPoints" : [ ]
    } ],
    "lastUpdate" : "20160112T094000Z"
  }, {
    "type" : "move",
    "startTime" : "20160112T155709+0900",
    "endTime" : "20160112T173354+0900",
    "activities" : [ {
      "activity" : "transport",
      "group" : "transport",
      "manual" : false,
      "startTime" : "20160112T155709+0900",
      "endTime" : "20160112T172816+0900",
      "duration" : 5467.0,
      "distance" : 934204.0,
      "trackPoints" : [ {
        "lat" : 35.780706,
        "lon" : 140.38699,
        "time" : "20160112T155709+0900"
      }, {
        "lat" : 35.779468,
        "lon" : 140.39217,
        "time" : "20160112T155946+0900"
      }, {
        "lat" : 35.77848,
        "lon" : 140.39296,
        "time" : "20160112T155959+0900"
      }, {
        "lat" : 35.778479,
        "lon" : 140.39296,
        "time" : "20160112T160000+0900"
      }, {
        "lat" : 35.770537,
        "lon" : 140.3993,
        "time" : "20160112T160150+0900"
      }, {
        "lat" : 35.751195,
        "lon" : 140.38769,
        "time" : "20160112T160649+0900"
      }, {
        "lat" : 35.750468,
        "lon" : 140.38792,
        "time" : "20160112T160709+0900"
      }, {
        "lat" : 35.767229,
        "lon" : 140.37343,
        "time" : "20160112T161130+0900"
      }, {
        "lat" : 35.773644,
        "lon" : 140.36891,
        "time" : "20160112T161155+0900"
      }, {
        "lat" : 35.774634,
        "lon" : 140.36922,
        "time" : "20160112T161213+0900"
      }, {
        "lat" : 36.006604,
        "lon" : 140.20047,
        "time" : "20160112T161601+0900"
      }, {
        "lat" : 36.047557,
        "lon" : 140.16973,
        "time" : "20160112T161640+0900"
      }, {
        "lat" : 36.063911,
        "lon" : 140.14853,
        "time" : "20160112T161658+0900"
      }, {
        "lat" : 36.090818,
        "lon" : 140.11128,
        "time" : "20160112T161721+0900"
      }, {
        "lat" : 36.102694,
        "lon" : 140.09384,
        "time" : "20160112T161741+0900"
      }, {
        "lat" : 36.126603,
        "lon" : 140.06262,
        "time" : "20160112T161802+0900"
      }, {
        "lat" : 36.142648,
        "lon" : 140.04144,
        "time" : "20160112T161818+0900"
      }, {
        "lat" : 36.230044,
        "lon" : 140.0136,
        "time" : "20160112T161906+0900"
      }, {
        "lat" : 36.257384,
        "lon" : 140.00883,
        "time" : "20160112T161922+0900"
      }, {
        "lat" : 36.342911,
        "lon" : 140.00095,
        "time" : "20160112T162010+0900"
      }, {
        "lat" : 36.42024,
        "lon" : 140.02185,
        "time" : "20160112T162045+0900"
      }, {
        "lat" : 36.833214,
        "lon" : 140.12268,
        "time" : "20160112T162435+0900"
      }, {
        "lat" : 36.870408,
        "lon" : 140.13182,
        "time" : "20160112T162451+0900"
      }, {
        "lat" : 40.974958,
        "lon" : 141.27899,
        "time" : "20160112T165959+0900"
      }, {
        "lat" : 40.974977,
        "lon" : 141.279,
        "time" : "20160112T170000+0900"
      }, {
        "lat" : 42.581819,
        "lon" : 141.72809,
        "time" : "20160112T171345+0900"
      }, {
        "lat" : 42.680355,
        "lon" : 141.7108,
        "time" : "20160112T171556+0900"
      }, {
        "lat" : 42.684808,
        "lon" : 141.71021,
        "time" : "20160112T171623+0900"
      }, {
        "lat" : 42.684865,
        "lon" : 141.7102,
        "time" : "20160112T171702+0900"
      }, {
        "lat" : 42.765679,
        "lon" : 141.69619,
        "time" : "20160112T171820+0900"
      }, {
        "lat" : 42.774615,
        "lon" : 141.69431,
        "time" : "20160112T171840+0900"
      }, {
        "lat" : 42.777943,
        "lon" : 141.69338,
        "time" : "20160112T171906+0900"
      }, {
        "lat" : 42.78331,
        "lon" : 141.69165,
        "time" : "20160112T171930+0900"
      }, {
        "lat" : 42.78384,
        "lon" : 141.69093,
        "time" : "20160112T171947+0900"
      }, {
        "lat" : 42.783993,
        "lon" : 141.69077,
        "time" : "20160112T172003+0900"
      }, {
        "lat" : 42.784582,
        "lon" : 141.69022,
        "time" : "20160112T172038+0900"
      }, {
        "lat" : 42.788219,
        "lon" : 141.6775,
        "time" : "20160112T172557+0900"
      }, {
        "lat" : 42.789415,
        "lon" : 141.67767,
        "time" : "20160112T172816+0900"
      } ]
    }, {
      "activity" : "walking",
      "group" : "walking",
      "manual" : false,
      "startTime" : "20160112T172816+0900",
      "endTime" : "20160112T173354+0900",
      "duration" : 338.0,
      "distance" : 351.0,
      "steps" : 473,
      "calories" : 21,
      "trackPoints" : [ {
        "lat" : 42.789415,
        "lon" : 141.67767,
        "time" : "20160112T172816+0900"
      }, {
        "lat" : 42.789838,
        "lon" : 141.67771,
        "time" : "20160112T172901+0900"
      }, {
        "lat" : 42.789774,
        "lon" : 141.6779,
        "time" : "20160112T172917+0900"
      }, {
        "lat" : 42.789631,
        "lon" : 141.67821,
        "time" : "20160112T172939+0900"
      }, {
        "lat" : 42.78958,
        "lon" : 141.67877,
        "time" : "20160112T173002+0900"
      }, {
        "lat" : 42.78969,
        "lon" : 141.67936,
        "time" : "20160112T173020+0900"
      }, {
        "lat" : 42.78971,
        "lon" : 141.6796,
        "time" : "20160112T173046+0900"
      }, {
        "lat" : 42.789521,
        "lon" : 141.67989,
        "time" : "20160112T173125+0900"
      }, {
        "lat" : 42.789502,
        "lon" : 141.67985,
        "time" : "20160112T173148+0900"
      }, {
        "lat" : 42.789441,
        "lon" : 141.6798,
        "time" : "20160112T173211+0900"
      }, {
        "lat" : 42.789506,
        "lon" : 141.67985,
        "time" : "20160112T173242+0900"
      }, {
        "lat" : 42.788947,
        "lon" : 141.68018,
        "time" : "20160112T173354+0900"
      } ]
    } ],
    "lastUpdate" : "20160112T094000Z"
  }, {
    "type" : "place",
    "startTime" : "20160112T173354+0900",
    "endTime" : "20160112T174744+0900",
    "place" : {
      "id" : 142113691,
      "type" : "unknown",
      "location" : {
        "lat" : 42.7889466442,
        "lon" : 141.6801833982
      }
    },
    "activities" : [ {
      "activity" : "walking",
      "group" : "walking",
      "manual" : false,
      "startTime" : "20160112T173829+0900",
      "endTime" : "20160112T174138+0900",
      "duration" : 189.0,
      "distance" : 212.0,
      "steps" : 283,
      "calories" : 13,
      "trackPoints" : [ ]
    } ],
    "lastUpdate" : "20160112T111150Z"
  }, {
    "type" : "move",
    "startTime" : "20160112T174744+0900",
    "endTime" : "20160112T190751+0900",
    "activities" : [ {
      "activity" : "transport",
      "group" : "transport",
      "manual" : false,
      "startTime" : "20160112T174744+0900",
      "endTime" : "20160112T185546+0900",
      "duration" : 4082.0,
      "distance" : 60194.0,
      "trackPoints" : [ {
        "lat" : 42.788947,
        "lon" : 141.68018,
        "time" : "20160112T174744+0900"
      }, {
        "lat" : 42.788299,
        "lon" : 141.68044,
        "time" : "20160112T174802+0900"
      }, {
        "lat" : 42.786784,
        "lon" : 141.68058,
        "time" : "20160112T174824+0900"
      }, {
        "lat" : 42.786545,
        "lon" : 141.68048,
        "time" : "20160112T174841+0900"
      }, {
        "lat" : 42.786515,
        "lon" : 141.68043,
        "time" : "20160112T174858+0900"
      }, {
        "lat" : 42.786506,
        "lon" : 141.68041,
        "time" : "20160112T174915+0900"
      }, {
        "lat" : 42.786504,
        "lon" : 141.68041,
        "time" : "20160112T174933+0900"
      }, {
        "lat" : 42.786495,
        "lon" : 141.68039,
        "time" : "20160112T174955+0900"
      }, {
        "lat" : 42.786504,
        "lon" : 141.68041,
        "time" : "20160112T175012+0900"
      }, {
        "lat" : 42.786124,
        "lon" : 141.67983,
        "time" : "20160112T175033+0900"
      }, {
        "lat" : 42.785348,
        "lon" : 141.67688,
        "time" : "20160112T175056+0900"
      }, {
        "lat" : 42.786362,
        "lon" : 141.67664,
        "time" : "20160112T175112+0900"
      }, {
        "lat" : 42.786877,
        "lon" : 141.67674,
        "time" : "20160112T175135+0900"
      }, {
        "lat" : 42.786975,
        "lon" : 141.6768,
        "time" : "20160112T175158+0900"
      }, {
        "lat" : 42.787013,
        "lon" : 141.67683,
        "time" : "20160112T175223+0900"
      }, {
        "lat" : 42.787395,
        "lon" : 141.67708,
        "time" : "20160112T175244+0900"
      }, {
        "lat" : 42.801702,
        "lon" : 141.67593,
        "time" : "20160112T175453+0900"
      }, {
        "lat" : 42.80445,
        "lon" : 141.67589,
        "time" : "20160112T175515+0900"
      }, {
        "lat" : 42.809007,
        "lon" : 141.67461,
        "time" : "20160112T175559+0900"
      }, {
        "lat" : 42.815183,
        "lon" : 141.6507,
        "time" : "20160112T175845+0900"
      }, {
        "lat" : 42.815727,
        "lon" : 141.64955,
        "time" : "20160112T175901+0900"
      }, {
        "lat" : 42.816538,
        "lon" : 141.64872,
        "time" : "20160112T175917+0900"
      }, {
        "lat" : 42.816726,
        "lon" : 141.64787,
        "time" : "20160112T175934+0900"
      }, {
        "lat" : 42.814782,
        "lon" : 141.64471,
        "time" : "20160112T175959+0900"
      }, {
        "lat" : 42.814781,
        "lon" : 141.64471,
        "time" : "20160112T180000+0900"
      }, {
        "lat" : 42.814584,
        "lon" : 141.64439,
        "time" : "20160112T180002+0900"
      }, {
        "lat" : 42.812644,
        "lon" : 141.64115,
        "time" : "20160112T180027+0900"
      }, {
        "lat" : 42.812123,
        "lon" : 141.64021,
        "time" : "20160112T180047+0900"
      }, {
        "lat" : 42.811385,
        "lon" : 141.63861,
        "time" : "20160112T180105+0900"
      }, {
        "lat" : 42.811295,
        "lon" : 141.63833,
        "time" : "20160112T180122+0900"
      }, {
        "lat" : 42.811189,
        "lon" : 141.63656,
        "time" : "20160112T180210+0900"
      }, {
        "lat" : 42.812206,
        "lon" : 141.62372,
        "time" : "20160112T180237+0900"
      }, {
        "lat" : 42.811952,
        "lon" : 141.62139,
        "time" : "20160112T180253+0900"
      }, {
        "lat" : 42.816133,
        "lon" : 141.61804,
        "time" : "20160112T180400+0900"
      }, {
        "lat" : 42.842926,
        "lon" : 141.59238,
        "time" : "20160112T180619+0900"
      }, {
        "lat" : 42.844762,
        "lon" : 141.58664,
        "time" : "20160112T180638+0900"
      }, {
        "lat" : 42.879557,
        "lon" : 141.551,
        "time" : "20160112T180951+0900"
      }, {
        "lat" : 42.885049,
        "lon" : 141.5494,
        "time" : "20160112T181013+0900"
      }, {
        "lat" : 42.887258,
        "lon" : 141.5491,
        "time" : "20160112T181031+0900"
      }, {
        "lat" : 42.887914,
        "lon" : 141.54906,
        "time" : "20160112T181105+0900"
      }, {
        "lat" : 42.888001,
        "lon" : 141.54908,
        "time" : "20160112T181121+0900"
      }, {
        "lat" : 42.888182,
        "lon" : 141.54916,
        "time" : "20160112T181200+0900"
      }, {
        "lat" : 42.888593,
        "lon" : 141.54936,
        "time" : "20160112T181219+0900"
      }, {
        "lat" : 42.933266,
        "lon" : 141.52903,
        "time" : "20160112T181355+0900"
      }, {
        "lat" : 42.936126,
        "lon" : 141.52557,
        "time" : "20160112T181411+0900"
      }, {
        "lat" : 42.939051,
        "lon" : 141.5225,
        "time" : "20160112T181431+0900"
      }, {
        "lat" : 42.968419,
        "lon" : 141.49009,
        "time" : "20160112T181710+0900"
      }, {
        "lat" : 42.972415,
        "lon" : 141.48428,
        "time" : "20160112T181731+0900"
      }, {
        "lat" : 42.977174,
        "lon" : 141.47787,
        "time" : "20160112T181759+0900"
      }, {
        "lat" : 42.97958,
        "lon" : 141.47565,
        "time" : "20160112T181814+0900"
      }, {
        "lat" : 42.979724,
        "lon" : 141.47555,
        "time" : "20160112T181831+0900"
      }, {
        "lat" : 42.979902,
        "lon" : 141.47548,
        "time" : "20160112T181857+0900"
      }, {
        "lat" : 43.018028,
        "lon" : 141.46213,
        "time" : "20160112T182120+0900"
      }, {
        "lat" : 43.021631,
        "lon" : 141.45826,
        "time" : "20160112T182144+0900"
      }, {
        "lat" : 43.026405,
        "lon" : 141.45048,
        "time" : "20160112T182234+0900"
      }, {
        "lat" : 43.031525,
        "lon" : 141.44412,
        "time" : "20160112T182316+0900"
      }, {
        "lat" : 43.038408,
        "lon" : 141.4399,
        "time" : "20160112T182341+0900"
      }, {
        "lat" : 43.041362,
        "lon" : 141.4375,
        "time" : "20160112T182401+0900"
      }, {
        "lat" : 43.043566,
        "lon" : 141.43578,
        "time" : "20160112T182431+0900"
      }, {
        "lat" : 43.052669,
        "lon" : 141.42977,
        "time" : "20160112T182455+0900"
      }, {
        "lat" : 43.057076,
        "lon" : 141.42669,
        "time" : "20160112T182520+0900"
      }, {
        "lat" : 43.058622,
        "lon" : 141.42577,
        "time" : "20160112T182535+0900"
      }, {
        "lat" : 43.062773,
        "lon" : 141.42375,
        "time" : "20160112T182604+0900"
      }, {
        "lat" : 43.063078,
        "lon" : 141.42367,
        "time" : "20160112T182628+0900"
      }, {
        "lat" : 43.092109,
        "lon" : 141.40642,
        "time" : "20160112T182850+0900"
      }, {
        "lat" : 43.093534,
        "lon" : 141.40296,
        "time" : "20160112T182907+0900"
      }, {
        "lat" : 43.094399,
        "lon" : 141.40149,
        "time" : "20160112T182923+0900"
      }, {
        "lat" : 43.094577,
        "lon" : 141.40113,
        "time" : "20160112T182947+0900"
      }, {
        "lat" : 43.103718,
        "lon" : 141.37784,
        "time" : "20160112T183102+0900"
      }, {
        "lat" : 43.104175,
        "lon" : 141.37304,
        "time" : "20160112T183121+0900"
      }, {
        "lat" : 43.104158,
        "lon" : 141.36601,
        "time" : "20160112T183154+0900"
      }, {
        "lat" : 43.102583,
        "lon" : 141.35521,
        "time" : "20160112T183223+0900"
      }, {
        "lat" : 43.102135,
        "lon" : 141.35234,
        "time" : "20160112T183242+0900"
      }, {
        "lat" : 43.102126,
        "lon" : 141.35165,
        "time" : "20160112T183300+0900"
      }, {
        "lat" : 43.102124,
        "lon" : 141.35141,
        "time" : "20160112T183325+0900"
      }, {
        "lat" : 43.102088,
        "lon" : 141.351,
        "time" : "20160112T183348+0900"
      }, {
        "lat" : 43.101794,
        "lon" : 141.34904,
        "time" : "20160112T183415+0900"
      }, {
        "lat" : 43.101472,
        "lon" : 141.34709,
        "time" : "20160112T183438+0900"
      }, {
        "lat" : 43.101344,
        "lon" : 141.34598,
        "time" : "20160112T183504+0900"
      }, {
        "lat" : 43.101279,
        "lon" : 141.3455,
        "time" : "20160112T183529+0900"
      }, {
        "lat" : 43.101235,
        "lon" : 141.34521,
        "time" : "20160112T183603+0900"
      }, {
        "lat" : 43.100868,
        "lon" : 141.34215,
        "time" : "20160112T183630+0900"
      }, {
        "lat" : 43.100868,
        "lon" : 141.34215,
        "time" : "20160112T183652+0900"
      }, {
        "lat" : 43.100868,
        "lon" : 141.34215,
        "time" : "20160112T183717+0900"
      }, {
        "lat" : 43.100783,
        "lon" : 141.34159,
        "time" : "20160112T183733+0900"
      }, {
        "lat" : 43.100768,
        "lon" : 141.34095,
        "time" : "20160112T183750+0900"
      }, {
        "lat" : 43.102952,
        "lon" : 141.33973,
        "time" : "20160112T183818+0900"
      }, {
        "lat" : 43.10307,
        "lon" : 141.3397,
        "time" : "20160112T183837+0900"
      }, {
        "lat" : 43.103342,
        "lon" : 141.33961,
        "time" : "20160112T183859+0900"
      }, {
        "lat" : 43.104706,
        "lon" : 141.33926,
        "time" : "20160112T183924+0900"
      }, {
        "lat" : 43.104863,
        "lon" : 141.33928,
        "time" : "20160112T183946+0900"
      }, {
        "lat" : 43.104913,
        "lon" : 141.33926,
        "time" : "20160112T184002+0900"
      }, {
        "lat" : 43.105638,
        "lon" : 141.33912,
        "time" : "20160112T184038+0900"
      }, {
        "lat" : 43.106715,
        "lon" : 141.33886,
        "time" : "20160112T184117+0900"
      }, {
        "lat" : 43.106719,
        "lon" : 141.33886,
        "time" : "20160112T184137+0900"
      }, {
        "lat" : 43.106742,
        "lon" : 141.33872,
        "time" : "20160112T184201+0900"
      }, {
        "lat" : 43.106747,
        "lon" : 141.33873,
        "time" : "20160112T184221+0900"
      }, {
        "lat" : 43.106734,
        "lon" : 141.33879,
        "time" : "20160112T184244+0900"
      }, {
        "lat" : 43.106723,
        "lon" : 141.33885,
        "time" : "20160112T184307+0900"
      }, {
        "lat" : 43.106713,
        "lon" : 141.33891,
        "time" : "20160112T184330+0900"
      }, {
        "lat" : 43.106701,
        "lon" : 141.33897,
        "time" : "20160112T184353+0900"
      }, {
        "lat" : 43.1067,
        "lon" : 141.33906,
        "time" : "20160112T184417+0900"
      }, {
        "lat" : 43.106685,
        "lon" : 141.33923,
        "time" : "20160112T184438+0900"
      }, {
        "lat" : 43.106621,
        "lon" : 141.34006,
        "time" : "20160112T184507+0900"
      }, {
        "lat" : 43.106564,
        "lon" : 141.3405,
        "time" : "20160112T184530+0900"
      }, {
        "lat" : 43.106513,
        "lon" : 141.33943,
        "time" : "20160112T184558+0900"
      }, {
        "lat" : 43.1063,
        "lon" : 141.33896,
        "time" : "20160112T184622+0900"
      }, {
        "lat" : 43.103867,
        "lon" : 141.33957,
        "time" : "20160112T184659+0900"
      }, {
        "lat" : 43.101357,
        "lon" : 141.34008,
        "time" : "20160112T184716+0900"
      }, {
        "lat" : 43.100976,
        "lon" : 141.34023,
        "time" : "20160112T184750+0900"
      }, {
        "lat" : 43.100925,
        "lon" : 141.34026,
        "time" : "20160112T184813+0900"
      }, {
        "lat" : 43.100093,
        "lon" : 141.34045,
        "time" : "20160112T184844+0900"
      }, {
        "lat" : 43.099874,
        "lon" : 141.34054,
        "time" : "20160112T184900+0900"
      }, {
        "lat" : 43.099893,
        "lon" : 141.34049,
        "time" : "20160112T184920+0900"
      }, {
        "lat" : 43.099338,
        "lon" : 141.34064,
        "time" : "20160112T184943+0900"
      }, {
        "lat" : 43.098345,
        "lon" : 141.34086,
        "time" : "20160112T184958+0900"
      }, {
        "lat" : 43.098112,
        "lon" : 141.34095,
        "time" : "20160112T185046+0900"
      }, {
        "lat" : 43.094357,
        "lon" : 141.3419,
        "time" : "20160112T185147+0900"
      }, {
        "lat" : 43.093558,
        "lon" : 141.34222,
        "time" : "20160112T185214+0900"
      }, {
        "lat" : 43.092835,
        "lon" : 141.34247,
        "time" : "20160112T185246+0900"
      }, {
        "lat" : 43.091724,
        "lon" : 141.34266,
        "time" : "20160112T185302+0900"
      }, {
        "lat" : 43.090924,
        "lon" : 141.3428,
        "time" : "20160112T185324+0900"
      }, {
        "lat" : 43.090419,
        "lon" : 141.34293,
        "time" : "20160112T185347+0900"
      }, {
        "lat" : 43.0898,
        "lon" : 141.34311,
        "time" : "20160112T185403+0900"
      }, {
        "lat" : 43.089415,
        "lon" : 141.34368,
        "time" : "20160112T185429+0900"
      }, {
        "lat" : 43.08943,
        "lon" : 141.34376,
        "time" : "20160112T185505+0900"
      }, {
        "lat" : 43.089439,
        "lon" : 141.3437,
        "time" : "20160112T185528+0900"
      }, {
        "lat" : 43.089449,
        "lon" : 141.34366,
        "time" : "20160112T185546+0900"
      } ]
    }, {
      "activity" : "walking",
      "group" : "walking",
      "manual" : false,
      "startTime" : "20160112T185546+0900",
      "endTime" : "20160112T190751+0900",
      "duration" : 725.0,
      "distance" : 701.0,
      "steps" : 966,
      "calories" : 41,
      "trackPoints" : [ {
        "lat" : 43.089449,
        "lon" : 141.34366,
        "time" : "20160112T185546+0900"
      }, {
        "lat" : 43.089447,
        "lon" : 141.34366,
        "time" : "20160112T185602+0900"
      }, {
        "lat" : 43.089536,
        "lon" : 141.34337,
        "time" : "20160112T185625+0900"
      }, {
        "lat" : 43.089317,
        "lon" : 141.34336,
        "time" : "20160112T185641+0900"
      }, {
        "lat" : 43.089112,
        "lon" : 141.3434,
        "time" : "20160112T185658+0900"
      }, {
        "lat" : 43.088886,
        "lon" : 141.34329,
        "time" : "20160112T185713+0900"
      }, {
        "lat" : 43.088563,
        "lon" : 141.34327,
        "time" : "20160112T185732+0900"
      }, {
        "lat" : 43.088381,
        "lon" : 141.34331,
        "time" : "20160112T185748+0900"
      }, {
        "lat" : 43.088071,
        "lon" : 141.34338,
        "time" : "20160112T185813+0900"
      }, {
        "lat" : 43.087908,
        "lon" : 141.34341,
        "time" : "20160112T185834+0900"
      }, {
        "lat" : 43.087755,
        "lon" : 141.34348,
        "time" : "20160112T185852+0900"
      }, {
        "lat" : 43.087571,
        "lon" : 141.34357,
        "time" : "20160112T185908+0900"
      }, {
        "lat" : 43.087346,
        "lon" : 141.34364,
        "time" : "20160112T185926+0900"
      }, {
        "lat" : 43.08718,
        "lon" : 141.34377,
        "time" : "20160112T185949+0900"
      }, {
        "lat" : 43.087083,
        "lon" : 141.34384,
        "time" : "20160112T185959+0900"
      }, {
        "lat" : 43.087083,
        "lon" : 141.34384,
        "time" : "20160112T190000+0900"
      }, {
        "lat" : 43.087016,
        "lon" : 141.34388,
        "time" : "20160112T190007+0900"
      }, {
        "lat" : 43.086823,
        "lon" : 141.34388,
        "time" : "20160112T190023+0900"
      }, {
        "lat" : 43.086616,
        "lon" : 141.34395,
        "time" : "20160112T190041+0900"
      }, {
        "lat" : 43.086272,
        "lon" : 141.344,
        "time" : "20160112T190106+0900"
      }, {
        "lat" : 43.08604,
        "lon" : 141.34402,
        "time" : "20160112T190131+0900"
      }, {
        "lat" : 43.085841,
        "lon" : 141.34408,
        "time" : "20160112T190154+0900"
      }, {
        "lat" : 43.085642,
        "lon" : 141.34414,
        "time" : "20160112T190210+0900"
      }, {
        "lat" : 43.085388,
        "lon" : 141.34418,
        "time" : "20160112T190233+0900"
      }, {
        "lat" : 43.085132,
        "lon" : 141.34421,
        "time" : "20160112T190256+0900"
      }, {
        "lat" : 43.084964,
        "lon" : 141.3442,
        "time" : "20160112T190318+0900"
      }, {
        "lat" : 43.0849,
        "lon" : 141.34419,
        "time" : "20160112T190337+0900"
      }, {
        "lat" : 43.084862,
        "lon" : 141.34435,
        "time" : "20160112T190401+0900"
      }, {
        "lat" : 43.084615,
        "lon" : 141.34442,
        "time" : "20160112T190425+0900"
      }, {
        "lat" : 43.084387,
        "lon" : 141.34452,
        "time" : "20160112T190454+0900"
      }, {
        "lat" : 43.084292,
        "lon" : 141.34463,
        "time" : "20160112T190517+0900"
      }, {
        "lat" : 43.084278,
        "lon" : 141.34471,
        "time" : "20160112T190539+0900"
      }, {
        "lat" : 43.084285,
        "lon" : 141.34474,
        "time" : "20160112T190602+0900"
      }, {
        "lat" : 43.084341,
        "lon" : 141.34479,
        "time" : "20160112T190625+0900"
      }, {
        "lat" : 43.084413,
        "lon" : 141.34485,
        "time" : "20160112T190648+0900"
      }, {
        "lat" : 43.084534,
        "lon" : 141.345,
        "time" : "20160112T190713+0900"
      }, {
        "lat" : 43.084562,
        "lon" : 141.3451,
        "time" : "20160112T190731+0900"
      }, {
        "lat" : 43.084632,
        "lon" : 141.34517,
        "time" : "20160112T190751+0900"
      } ]
    } ],
    "lastUpdate" : "20160112T111150Z"
  }, {
    "type" : "place",
    "startTime" : "20160112T190751+0900",
    "endTime" : "20160113T102449+0900",
    "place" : {
      "id" : 152143834,
      "type" : "unknown",
      "location" : {
        "lat" : 43.0846321394,
        "lon" : 141.3451669726
      }
    },
    "activities" : [ {
      "activity" : "walking",
      "group" : "walking",
      "manual" : false,
      "startTime" : "20160112T194729+0900",
      "endTime" : "20160112T194736+0900",
      "duration" : 7.0,
      "distance" : 5.0,
      "steps" : 10,
      "calories" : 0,
      "trackPoints" : [ ]
    } ],
    "lastUpdate" : "20160113T024405Z"
  } ],
  "caloriesIdle" : 1701,
  "lastUpdate" : "20160113T024405Z"
} ]