[ {
  "date" : "20170220",
  "summary" : [ {
    "activity" : "walking",
    "group" : "walking",
    "duration" : 13677.0,
    "distance" : 12422.0,
    "steps" : 17770,
    "calories" : 688
  }, {
    "activity" : "transport",
    "group" : "transport",
    "duration" : 8486.0,
    "distance" : 115671.0
  }, {
    "activity" : "running",
    "group" : "running",
    "duration" : 408.0,
    "distance" : 719.0,
    "steps" : 767,
    "calories" : 50
  } ],
  "segments" : [ {
    "type" : "place",
    "startTime" : "20170219T090419+0900",
    "endTime" : "20170220T084423+0900",
    "place" : {
      "id" : 105416472,
      "type" : "unknown",
      "location" : {
        "lat" : 35.7167813087,
        "lon" : 139.7280424577
      }
    },
    "activities" : [ {
      "activity" : "walking",
      "group" : "walking",
      "manual" : false,
      "startTime" : "20170220T084311+0900",
      "endTime" : "20170220T084332+0900",
      "duration" : 21.0,
      "distance" : 14.0,
      "steps" : 28,
      "calories" : 1,
      "trackPoints" : [ ]
    } ],
    "lastUpdate" : "20170220T000421Z"
  }, {
    "type" : "move",
    "startTime" : "20170220T084423+0900",
    "endTime" : "20170220T085808+0900",
    "activities" : [ {
      "activity" : "walking",
      "group" : "walking",
      "manual" : false,
      "startTime" : "20170220T084423+0900",
      "endTime" : "20170220T084735+0900",
      "duration" : 192.0,
      "distance" : 185.0,
      "steps" : 270,
      "calories" : 10,
      "trackPoints" : [ {
        "lat" : 35.716781,
        "lon" : 139.72804,
        "time" : "20170220T084423+0900"
      }, {
        "lat" : 35.716958,
        "lon" : 139.72827,
        "time" : "20170220T084438+0900"
      }, {
        "lat" : 35.716995,
        "lon" : 139.72839,
        "time" : "20170220T084454+0900"
      }, {
        "lat" : 35.717141,
        "lon" : 139.72835,
        "time" : "20170220T084517+0900"
      }, {
        "lat" : 35.717302,
        "lon" : 139.72828,
        "time" : "20170220T084546+0900"
      }, {
        "lat" : 35.717778,
        "lon" : 139.72811,
        "time" : "20170220T084628+0900"
      }, {
        "lat" : 35.718033,
        "lon" : 139.72798,
        "time" : "20170220T084650+0900"
      }, {
        "lat" : 35.718145,
        "lon" : 139.72792,
        "time" : "20170220T084708+0900"
      }, {
        "lat" : 35.718166,
        "lon" : 139.72791,
        "time" : "20170220T084735+0900"
      } ]
    }, {
      "activity" : "transport",
      "group" : "transport",
      "manual" : false,
      "startTime" : "20170220T084735+0900",
      "endTime" : "20170220T085536+0900",
      "duration" : 481.0,
      "distance" : 4076.0,
      "trackPoints" : [ {
        "lat" : 35.718166,
        "lon" : 139.72791,
        "time" : "20170220T084735+0900"
      }, {
        "lat" : 35.718115,
        "lon" : 139.72793,
        "time" : "20170220T084752+0900"
      }, {
        "lat" : 35.718032,
        "lon" : 139.72796,
        "time" : "20170220T084807+0900"
      }, {
        "lat" : 35.700515,
        "lon" : 139.74294,
        "time" : "20170220T085327+0900"
      }, {
        "lat" : 35.700465,
        "lon" : 139.7429,
        "time" : "20170220T085355+0900"
      }, {
        "lat" : 35.69194,
        "lon" : 139.73618,
        "time" : "20170220T085521+0900"
      }, {
        "lat" : 35.691716,
        "lon" : 139.73608,
        "time" : "20170220T085537+0900"
      } ]
    }, {
      "activity" : "walking",
      "group" : "walking",
      "manual" : false,
      "startTime" : "20170220T085537+0900",
      "endTime" : "20170220T085807+0900",
      "duration" : 150.0,
      "distance" : 128.0,
      "steps" : 256,
      "calories" : 7,
      "trackPoints" : [ {
        "lat" : 35.691716,
        "lon" : 139.73608,
        "time" : "20170220T085537+0900"
      }, {
        "lat" : 35.6917,
        "lon" : 139.73608,
        "time" : "20170220T085603+0900"
      }, {
        "lat" : 35.691638,
        "lon" : 139.7361,
        "time" : "20170220T085626+0900"
      }, {
        "lat" : 35.691458,
        "lon" : 139.73619,
        "time" : "20170220T085652+0900"
      }, {
        "lat" : 35.691463,
        "lon" : 139.73619,
        "time" : "20170220T085709+0900"
      }, {
        "lat" : 35.691615,
        "lon" : 139.7361,
        "time" : "20170220T085728+0900"
      }, {
        "lat" : 35.691696,
        "lon" : 139.73606,
        "time" : "20170220T085751+0900"
      }, {
        "lat" : 35.691632,
        "lon" : 139.7362,
        "time" : "20170220T085808+0900"
      } ]
    } ],
    "lastUpdate" : "20170220T000421Z"
  }, {
    "type" : "move",
    "startTime" : "20170220T085808+0900",
    "endTime" : "20170220T091618+0900",
    "activities" : [ {
      "activity" : "transport",
      "group" : "transport",
      "manual" : false,
      "startTime" : "20170220T085808+0900",
      "endTime" : "20170220T090906+0900",
      "duration" : 658.0,
      "distance" : 3869.0,
      "trackPoints" : [ {
        "lat" : 35.691702,
        "lon" : 139.73604,
        "time" : "20170220T085808+0900"
      }, {
        "lat" : 35.691705,
        "lon" : 139.73601,
        "time" : "20170220T085823+0900"
      }, {
        "lat" : 35.691707,
        "lon" : 139.73597,
        "time" : "20170220T085840+0900"
      }, {
        "lat" : 35.69171,
        "lon" : 139.7359,
        "time" : "20170220T085907+0900"
      }, {
        "lat" : 35.691712,
        "lon" : 139.73585,
        "time" : "20170220T085933+0900"
      }, {
        "lat" : 35.691713,
        "lon" : 139.73583,
        "time" : "20170220T085956+0900"
      }, {
        "lat" : 35.691713,
        "lon" : 139.73583,
        "time" : "20170220T085959+0900"
      }, {
        "lat" : 35.691713,
        "lon" : 139.73583,
        "time" : "20170220T090000+0900"
      }, {
        "lat" : 35.691714,
        "lon" : 139.73582,
        "time" : "20170220T090021+0900"
      }, {
        "lat" : 35.691714,
        "lon" : 139.73581,
        "time" : "20170220T090036+0900"
      }, {
        "lat" : 35.691715,
        "lon" : 139.73579,
        "time" : "20170220T090103+0900"
      }, {
        "lat" : 35.692368,
        "lon" : 139.72275,
        "time" : "20170220T090431+0900"
      }, {
        "lat" : 35.692375,
        "lon" : 139.72274,
        "time" : "20170220T090457+0900"
      }, {
        "lat" : 35.688881,
        "lon" : 139.69919,
        "time" : "20170220T090906+0900"
      } ]
    }, {
      "activity" : "walking",
      "group" : "walking",
      "manual" : false,
      "startTime" : "20170220T090906+0900",
      "endTime" : "20170220T091617+0900",
      "duration" : 431.0,
      "distance" : 386.0,
      "steps" : 603,
      "calories" : 21,
      "trackPoints" : [ {
        "lat" : 35.688881,
        "lon" : 139.69919,
        "time" : "20170220T090906+0900"
      }, {
        "lat" : 35.688856,
        "lon" : 139.69897,
        "time" : "20170220T090935+0900"
      }, {
        "lat" : 35.688851,
        "lon" : 139.69894,
        "time" : "20170220T091000+0900"
      }, {
        "lat" : 35.688879,
        "lon" : 139.69897,
        "time" : "20170220T091017+0900"
      }, {
        "lat" : 35.688931,
        "lon" : 139.6992,
        "time" : "20170220T091041+0900"
      }, {
        "lat" : 35.688952,
        "lon" : 139.6993,
        "time" : "20170220T091057+0900"
      }, {
        "lat" : 35.688969,
        "lon" : 139.69939,
        "time" : "20170220T091120+0900"
      }, {
        "lat" : 35.688963,
        "lon" : 139.69941,
        "time" : "20170220T091149+0900"
      }, {
        "lat" : 35.688967,
        "lon" : 139.6994,
        "time" : "20170220T091204+0900"
      }, {
        "lat" : 35.688989,
        "lon" : 139.69934,
        "time" : "20170220T091220+0900"
      }, {
        "lat" : 35.689076,
        "lon" : 139.69914,
        "time" : "20170220T091241+0900"
      }, {
        "lat" : 35.689309,
        "lon" : 139.69899,
        "time" : "20170220T091306+0900"
      }, {
        "lat" : 35.689751,
        "lon" : 139.69874,
        "time" : "20170220T091342+0900"
      }, {
        "lat" : 35.690132,
        "lon" : 139.69854,
        "time" : "20170220T091409+0900"
      }, {
        "lat" : 35.690449,
        "lon" : 139.69844,
        "time" : "20170220T091434+0900"
      }, {
        "lat" : 35.690525,
        "lon" : 139.69842,
        "time" : "20170220T091501+0900"
      }, {
        "lat" : 35.691089,
        "lon" : 139.69839,
        "time" : "20170220T091528+0900"
      }, {
        "lat" : 35.691317,
        "lon" : 139.69837,
        "time" : "20170220T091544+0900"
      }, {
        "lat" : 35.691203,
        "lon" : 139.69843,
        "time" : "20170220T091618+0900"
      } ]
    } ],
    "lastUpdate" : "20170220T013532Z"
  }, {
    "type" : "place",
    "startTime" : "20170220T091618+0900",
    "endTime" : "20170220T092600+0900",
    "place" : {
      "id" : 254640516,
      "type" : "unknown",
      "location" : {
        "lat" : 35.691203,
        "lon" : 139.69843
      }
    },
    "activities" : [ {
      "activity" : "walking",
      "group" : "walking",
      "manual" : false,
      "startTime" : "20170220T091722+0900",
      "endTime" : "20170220T092037+0900",
      "duration" : 195.0,
      "distance" : 236.0,
      "steps" : 315,
      "calories" : 13,
      "trackPoints" : [ ]
    } ],
    "lastUpdate" : "20170220T013532Z"
  }, {
    "type" : "move",
    "startTime" : "20170220T092600+0900",
    "endTime" : "20170220T102406+0900",
    "activities" : [ {
      "activity" : "transport",
      "group" : "transport",
      "manual" : false,
      "startTime" : "20170220T092600+0900",
      "endTime" : "20170220T102406+0900",
      "duration" : 3486.0,
      "distance" : 49887.0,
      "trackPoints" : [ {
        "lat" : 35.691203,
        "lon" : 139.69843,
        "time" : "20170220T092600+0900"
      }, {
        "lat" : 35.675528,
        "lon" : 139.67229,
        "time" : "20170220T093054+0900"
      }, {
        "lat" : 35.673821,
        "lon" : 139.66779,
        "time" : "20170220T093130+0900"
      }, {
        "lat" : 35.673743,
        "lon" : 139.66753,
        "time" : "20170220T093153+0900"
      }, {
        "lat" : 35.672993,
        "lon" : 139.66504,
        "time" : "20170220T093224+0900"
      }, {
        "lat" : 35.671313,
        "lon" : 139.65991,
        "time" : "20170220T093245+0900"
      }, {
        "lat" : 35.670005,
        "lon" : 139.65632,
        "time" : "20170220T093300+0900"
      }, {
        "lat" : 35.668632,
        "lon" : 139.65143,
        "time" : "20170220T093348+0900"
      }, {
        "lat" : 35.6685,
        "lon" : 139.651,
        "time" : "20170220T093412+0900"
      }, {
        "lat" : 35.668508,
        "lon" : 139.65102,
        "time" : "20170220T093433+0900"
      }, {
        "lat" : 35.667305,
        "lon" : 139.64693,
        "time" : "20170220T093500+0900"
      }, {
        "lat" : 35.666102,
        "lon" : 139.64217,
        "time" : "20170220T093526+0900"
      }, {
        "lat" : 35.667093,
        "lon" : 139.6359,
        "time" : "20170220T093559+0900"
      }, {
        "lat" : 35.667823,
        "lon" : 139.62949,
        "time" : "20170220T093619+0900"
      }, {
        "lat" : 35.668699,
        "lon" : 139.62395,
        "time" : "20170220T093639+0900"
      }, {
        "lat" : 35.669522,
        "lon" : 139.61897,
        "time" : "20170220T093657+0900"
      }, {
        "lat" : 35.670591,
        "lon" : 139.61167,
        "time" : "20170220T093725+0900"
      }, {
        "lat" : 35.669741,
        "lon" : 139.60583,
        "time" : "20170220T093747+0900"
      }, {
        "lat" : 35.668787,
        "lon" : 139.60296,
        "time" : "20170220T093803+0900"
      }, {
        "lat" : 35.667978,
        "lon" : 139.60074,
        "time" : "20170220T093851+0900"
      }, {
        "lat" : 35.667547,
        "lon" : 139.59939,
        "time" : "20170220T093910+0900"
      }, {
        "lat" : 35.666329,
        "lon" : 139.59598,
        "time" : "20170220T093930+0900"
      }, {
        "lat" : 35.663033,
        "lon" : 139.58656,
        "time" : "20170220T094004+0900"
      }, {
        "lat" : 35.661769,
        "lon" : 139.58324,
        "time" : "20170220T094019+0900"
      }, {
        "lat" : 35.660701,
        "lon" : 139.58078,
        "time" : "20170220T094039+0900"
      }, {
        "lat" : 35.659208,
        "lon" : 139.57758,
        "time" : "20170220T094056+0900"
      }, {
        "lat" : 35.657297,
        "lon" : 139.57351,
        "time" : "20170220T094115+0900"
      }, {
        "lat" : 35.655483,
        "lon" : 139.56953,
        "time" : "20170220T094134+0900"
      }, {
        "lat" : 35.653743,
        "lon" : 139.56598,
        "time" : "20170220T094152+0900"
      }, {
        "lat" : 35.649994,
        "lon" : 139.55172,
        "time" : "20170220T094301+0900"
      }, {
        "lat" : 35.651711,
        "lon" : 139.54534,
        "time" : "20170220T094427+0900"
      }, {
        "lat" : 35.651746,
        "lon" : 139.54526,
        "time" : "20170220T094446+0900"
      }, {
        "lat" : 35.651753,
        "lon" : 139.54525,
        "time" : "20170220T094502+0900"
      }, {
        "lat" : 35.651757,
        "lon" : 139.54523,
        "time" : "20170220T094525+0900"
      }, {
        "lat" : 35.651757,
        "lon" : 139.54523,
        "time" : "20170220T094634+0900"
      }, {
        "lat" : 35.656409,
        "lon" : 139.53166,
        "time" : "20170220T094750+0900"
      }, {
        "lat" : 35.659188,
        "lon" : 139.52549,
        "time" : "20170220T094818+0900"
      }, {
        "lat" : 35.661032,
        "lon" : 139.52145,
        "time" : "20170220T094835+0900"
      }, {
        "lat" : 35.662791,
        "lon" : 139.51757,
        "time" : "20170220T094853+0900"
      }, {
        "lat" : 35.664099,
        "lon" : 139.51168,
        "time" : "20170220T094919+0900"
      }, {
        "lat" : 35.664755,
        "lon" : 139.50833,
        "time" : "20170220T094939+0900"
      }, {
        "lat" : 35.666094,
        "lon" : 139.50301,
        "time" : "20170220T095015+0900"
      }, {
        "lat" : 35.668852,
        "lon" : 139.49522,
        "time" : "20170220T095047+0900"
      }, {
        "lat" : 35.670924,
        "lon" : 139.48649,
        "time" : "20170220T095122+0900"
      }, {
        "lat" : 35.67157,
        "lon" : 139.48319,
        "time" : "20170220T095138+0900"
      }, {
        "lat" : 35.671958,
        "lon" : 139.48128,
        "time" : "20170220T095203+0900"
      }, {
        "lat" : 35.671963,
        "lon" : 139.48121,
        "time" : "20170220T095221+0900"
      }, {
        "lat" : 35.671993,
        "lon" : 139.48117,
        "time" : "20170220T095237+0900"
      }, {
        "lat" : 35.672006,
        "lon" : 139.4811,
        "time" : "20170220T095253+0900"
      }, {
        "lat" : 35.672394,
        "lon" : 139.47897,
        "time" : "20170220T095318+0900"
      }, {
        "lat" : 35.672363,
        "lon" : 139.47185,
        "time" : "20170220T095351+0900"
      }, {
        "lat" : 35.669337,
        "lon" : 139.4688,
        "time" : "20170220T095422+0900"
      }, {
        "lat" : 35.668637,
        "lon" : 139.46866,
        "time" : "20170220T095447+0900"
      }, {
        "lat" : 35.668541,
        "lon" : 139.46858,
        "time" : "20170220T095505+0900"
      }, {
        "lat" : 35.666512,
        "lon" : 139.4679,
        "time" : "20170220T095523+0900"
      }, {
        "lat" : 35.66166,
        "lon" : 139.46535,
        "time" : "20170220T095545+0900"
      }, {
        "lat" : 35.660108,
        "lon" : 139.4607,
        "time" : "20170220T095604+0900"
      }, {
        "lat" : 35.659348,
        "lon" : 139.45617,
        "time" : "20170220T095638+0900"
      }, {
        "lat" : 35.658711,
        "lon" : 139.45288,
        "time" : "20170220T095654+0900"
      }, {
        "lat" : 35.656398,
        "lon" : 139.45107,
        "time" : "20170220T095710+0900"
      }, {
        "lat" : 35.652368,
        "lon" : 139.44977,
        "time" : "20170220T095739+0900"
      }, {
        "lat" : 35.650884,
        "lon" : 139.44747,
        "time" : "20170220T095804+0900"
      }, {
        "lat" : 35.650835,
        "lon" : 139.44711,
        "time" : "20170220T095827+0900"
      }, {
        "lat" : 35.650844,
        "lon" : 139.44716,
        "time" : "20170220T095853+0900"
      }, {
        "lat" : 35.651598,
        "lon" : 139.44178,
        "time" : "20170220T095927+0900"
      }, {
        "lat" : 35.652478,
        "lon" : 139.43728,
        "time" : "20170220T095950+0900"
      }, {
        "lat" : 35.653898,
        "lon" : 139.43589,
        "time" : "20170220T095959+0900"
      }, {
        "lat" : 35.6539,
        "lon" : 139.43589,
        "time" : "20170220T100000+0900"
      }, {
        "lat" : 35.655211,
        "lon" : 139.43461,
        "time" : "20170220T100008+0900"
      }, {
        "lat" : 35.657927,
        "lon" : 139.42925,
        "time" : "20170220T100029+0900"
      }, {
        "lat" : 35.659257,
        "lon" : 139.42371,
        "time" : "20170220T100056+0900"
      }, {
        "lat" : 35.660411,
        "lon" : 139.41788,
        "time" : "20170220T100127+0900"
      }, {
        "lat" : 35.661504,
        "lon" : 139.41517,
        "time" : "20170220T100200+0900"
      }, {
        "lat" : 35.66234,
        "lon" : 139.41322,
        "time" : "20170220T100236+0900"
      }, {
        "lat" : 35.662414,
        "lon" : 139.41314,
        "time" : "20170220T100253+0900"
      }, {
        "lat" : 35.662449,
        "lon" : 139.41299,
        "time" : "20170220T100319+0900"
      }, {
        "lat" : 35.662431,
        "lon" : 139.41306,
        "time" : "20170220T100334+0900"
      }, {
        "lat" : 35.662561,
        "lon" : 139.41221,
        "time" : "20170220T100355+0900"
      }, {
        "lat" : 35.663336,
        "lon" : 139.41032,
        "time" : "20170220T100415+0900"
      }, {
        "lat" : 35.663719,
        "lon" : 139.40775,
        "time" : "20170220T100432+0900"
      }, {
        "lat" : 35.663547,
        "lon" : 139.40475,
        "time" : "20170220T100450+0900"
      }, {
        "lat" : 35.662482,
        "lon" : 139.40221,
        "time" : "20170220T100505+0900"
      }, {
        "lat" : 35.660476,
        "lon" : 139.39863,
        "time" : "20170220T100521+0900"
      }, {
        "lat" : 35.656612,
        "lon" : 139.39405,
        "time" : "20170220T100545+0900"
      }, {
        "lat" : 35.650163,
        "lon" : 139.38401,
        "time" : "20170220T100625+0900"
      }, {
        "lat" : 35.64733,
        "lon" : 139.37995,
        "time" : "20170220T100647+0900"
      }, {
        "lat" : 35.645488,
        "lon" : 139.37807,
        "time" : "20170220T100702+0900"
      }, {
        "lat" : 35.643409,
        "lon" : 139.37546,
        "time" : "20170220T100722+0900"
      }, {
        "lat" : 35.642799,
        "lon" : 139.37023,
        "time" : "20170220T100747+0900"
      }, {
        "lat" : 35.642825,
        "lon" : 139.36614,
        "time" : "20170220T100803+0900"
      }, {
        "lat" : 35.642842,
        "lon" : 139.36195,
        "time" : "20170220T100818+0900"
      }, {
        "lat" : 35.643692,
        "lon" : 139.35648,
        "time" : "20170220T100850+0900"
      }, {
        "lat" : 35.644255,
        "lon" : 139.35446,
        "time" : "20170220T100915+0900"
      }, {
        "lat" : 35.644323,
        "lon" : 139.35449,
        "time" : "20170220T100940+0900"
      }, {
        "lat" : 35.644508,
        "lon" : 139.35406,
        "time" : "20170220T101005+0900"
      }, {
        "lat" : 35.64688,
        "lon" : 139.34705,
        "time" : "20170220T101052+0900"
      }, {
        "lat" : 35.643604,
        "lon" : 139.34096,
        "time" : "20170220T101130+0900"
      }, {
        "lat" : 35.644067,
        "lon" : 139.33814,
        "time" : "20170220T101149+0900"
      }, {
        "lat" : 35.644268,
        "lon" : 139.33762,
        "time" : "20170220T101212+0900"
      }, {
        "lat" : 35.644353,
        "lon" : 139.33745,
        "time" : "20170220T101232+0900"
      }, {
        "lat" : 35.645668,
        "lon" : 139.33185,
        "time" : "20170220T101300+0900"
      }, {
        "lat" : 35.645127,
        "lon" : 139.32728,
        "time" : "20170220T101322+0900"
      }, {
        "lat" : 35.644342,
        "lon" : 139.32182,
        "time" : "20170220T101344+0900"
      }, {
        "lat" : 35.64439,
        "lon" : 139.32119,
        "time" : "20170220T101413+0900"
      }, {
        "lat" : 35.644635,
        "lon" : 139.31881,
        "time" : "20170220T101442+0900"
      }, {
        "lat" : 35.644065,
        "lon" : 139.30982,
        "time" : "20170220T101523+0900"
      }, {
        "lat" : 35.643561,
        "lon" : 139.30858,
        "time" : "20170220T101539+0900"
      }, {
        "lat" : 35.643429,
        "lon" : 139.30796,
        "time" : "20170220T101600+0900"
      }, {
        "lat" : 35.643112,
        "lon" : 139.30681,
        "time" : "20170220T101623+0900"
      }, {
        "lat" : 35.641257,
        "lon" : 139.30018,
        "time" : "20170220T101659+0900"
      }, {
        "lat" : 35.640652,
        "lon" : 139.29314,
        "time" : "20170220T101811+0900"
      }, {
        "lat" : 35.641352,
        "lon" : 139.28801,
        "time" : "20170220T101839+0900"
      }, {
        "lat" : 35.641935,
        "lon" : 139.28435,
        "time" : "20170220T101908+0900"
      }, {
        "lat" : 35.641911,
        "lon" : 139.28308,
        "time" : "20170220T101923+0900"
      }, {
        "lat" : 35.642048,
        "lon" : 139.28224,
        "time" : "20170220T101944+0900"
      }, {
        "lat" : 35.641861,
        "lon" : 139.28157,
        "time" : "20170220T102017+0900"
      }, {
        "lat" : 35.641861,
        "lon" : 139.28157,
        "time" : "20170220T102040+0900"
      }, {
        "lat" : 35.641861,
        "lon" : 139.28157,
        "time" : "20170220T102114+0900"
      }, {
        "lat" : 35.641861,
        "lon" : 139.28157,
        "time" : "20170220T102137+0900"
      }, {
        "lat" : 35.641839,
        "lon" : 139.28149,
        "time" : "20170220T102200+0900"
      }, {
        "lat" : 35.638881,
        "lon" : 139.27227,
        "time" : "20170220T102300+0900"
      }, {
        "lat" : 35.634966,
        "lon" : 139.27054,
        "time" : "20170220T102341+0900"
      }, {
        "lat" : 35.632616,
        "lon" : 139.27025,
        "time" : "20170220T102406+0900"
      } ]
    } ],
    "lastUpdate" : "20170220T013532Z"
  }, {
    "type" : "place",
    "startTime" : "20170220T102406+0900",
    "endTime" : "20170220T103457+0900",
    "place" : {
      "id" : 415546908,
      "type" : "unknown",
      "location" : {
        "lat" : 35.632616,
        "lon" : 139.27025
      }
    },
    "activities" : [ {
      "activity" : "walking",
      "group" : "walking",
      "manual" : false,
      "startTime" : "20170220T102421+0900",
      "endTime" : "20170220T102717+0900",
      "duration" : 176.0,
      "distance" : 192.0,
      "steps" : 257,
      "calories" : 11,
      "trackPoints" : [ ]
    } ],
    "lastUpdate" : "20170220T030731Z"
  }, {
    "type" : "move",
    "startTime" : "20170220T103457+0900",
    "endTime" : "20170220T103847+0900",
    "activities" : [ {
      "activity" : "walking",
      "group" : "walking",
      "manual" : false,
      "startTime" : "20170220T103457+0900",
      "endTime" : "20170220T103846+0900",
      "duration" : 229.0,
      "distance" : 337.0,
      "steps" : 345,
      "calories" : 19,
      "trackPoints" : [ {
        "lat" : 35.632616,
        "lon" : 139.27025,
        "time" : "20170220T103457+0900"
      }, {
        "lat" : 35.632283,
        "lon" : 139.27018,
        "time" : "20170220T103515+0900"
      }, {
        "lat" : 35.632215,
        "lon" : 139.27009,
        "time" : "20170220T103534+0900"
      }, {
        "lat" : 35.632087,
        "lon" : 139.26991,
        "time" : "20170220T103555+0900"
      }, {
        "lat" : 35.631937,
        "lon" : 139.26967,
        "time" : "20170220T103619+0900"
      }, {
        "lat" : 35.631645,
        "lon" : 139.26908,
        "time" : "20170220T103705+0900"
      }, {
        "lat" : 35.6313,
        "lon" : 139.26815,
        "time" : "20170220T103808+0900"
      }, {
        "lat" : 35.631316,
        "lon" : 139.26756,
        "time" : "20170220T103847+0900"
      } ]
    } ],
    "lastUpdate" : "20170220T030731Z"
  }, {
    "type" : "place",
    "startTime" : "20170220T103847+0900",
    "endTime" : "20170220T104215+0900",
    "place" : {
      "id" : 415566442,
      "type" : "unknown",
      "location" : {
        "lat" : 35.631316,
        "lon" : 139.26756
      }
    },
    "activities" : [ {
      "activity" : "walking",
      "group" : "walking",
      "manual" : false,
      "startTime" : "20170220T103847+0900",
      "endTime" : "20170220T103908+0900",
      "duration" : 21.0,
      "distance" : 16.0,
      "steps" : 32,
      "calories" : 1,
      "trackPoints" : [ ]
    } ],
    "lastUpdate" : "20170220T030731Z"
  }, {
    "type" : "move",
    "startTime" : "20170220T104215+0900",
    "endTime" : "20170220T112504+0900",
    "activities" : [ {
      "activity" : "walking",
      "group" : "walking",
      "manual" : false,
      "startTime" : "20170220T104215+0900",
      "endTime" : "20170220T112504+0900",
      "duration" : 2569.0,
      "distance" : 2357.0,
      "steps" : 2997,
      "calories" : 131,
      "trackPoints" : [ {
        "lat" : 35.631316,
        "lon" : 139.26756,
        "time" : "20170220T104215+0900"
      }, {
        "lat" : 35.631262,
        "lon" : 139.26728,
        "time" : "20170220T104239+0900"
      }, {
        "lat" : 35.631266,
        "lon" : 139.26731,
        "time" : "20170220T104303+0900"
      }, {
        "lat" : 35.631266,
        "lon" : 139.26736,
        "time" : "20170220T104328+0900"
      }, {
        "lat" : 35.631264,
        "lon" : 139.26738,
        "time" : "20170220T104351+0900"
      }, {
        "lat" : 35.631244,
        "lon" : 139.26735,
        "time" : "20170220T104415+0900"
      }, {
        "lat" : 35.63119,
        "lon" : 139.26726,
        "time" : "20170220T104437+0900"
      }, {
        "lat" : 35.631076,
        "lon" : 139.26704,
        "time" : "20170220T104500+0900"
      }, {
        "lat" : 35.630848,
        "lon" : 139.26658,
        "time" : "20170220T104521+0900"
      }, {
        "lat" : 35.630461,
        "lon" : 139.26559,
        "time" : "20170220T104559+0900"
      }, {
        "lat" : 35.630632,
        "lon" : 139.26526,
        "time" : "20170220T104618+0900"
      }, {
        "lat" : 35.630657,
        "lon" : 139.26243,
        "time" : "20170220T104936+0900"
      }, {
        "lat" : 35.630604,
        "lon" : 139.26228,
        "time" : "20170220T104954+0900"
      }, {
        "lat" : 35.630529,
        "lon" : 139.26229,
        "time" : "20170220T105009+0900"
      }, {
        "lat" : 35.630495,
        "lon" : 139.26222,
        "time" : "20170220T105030+0900"
      }, {
        "lat" : 35.630468,
        "lon" : 139.26215,
        "time" : "20170220T105056+0900"
      }, {
        "lat" : 35.630464,
        "lon" : 139.26211,
        "time" : "20170220T105121+0900"
      }, {
        "lat" : 35.630474,
        "lon" : 139.26211,
        "time" : "20170220T105144+0900"
      }, {
        "lat" : 35.630445,
        "lon" : 139.26207,
        "time" : "20170220T105206+0900"
      }, {
        "lat" : 35.629405,
        "lon" : 139.26094,
        "time" : "20170220T105340+0900"
      }, {
        "lat" : 35.629334,
        "lon" : 139.26115,
        "time" : "20170220T105401+0900"
      }, {
        "lat" : 35.628564,
        "lon" : 139.26118,
        "time" : "20170220T105526+0900"
      }, {
        "lat" : 35.628881,
        "lon" : 139.25958,
        "time" : "20170220T105848+0900"
      }, {
        "lat" : 35.628984,
        "lon" : 139.25943,
        "time" : "20170220T105904+0900"
      }, {
        "lat" : 35.628798,
        "lon" : 139.25885,
        "time" : "20170220T105959+0900"
      }, {
        "lat" : 35.628798,
        "lon" : 139.25885,
        "time" : "20170220T110000+0900"
      }, {
        "lat" : 35.628508,
        "lon" : 139.25796,
        "time" : "20170220T110126+0900"
      }, {
        "lat" : 35.628352,
        "lon" : 139.25757,
        "time" : "20170220T110222+0900"
      }, {
        "lat" : 35.628281,
        "lon" : 139.25753,
        "time" : "20170220T110242+0900"
      }, {
        "lat" : 35.627486,
        "lon" : 139.25685,
        "time" : "20170220T110635+0900"
      }, {
        "lat" : 35.627407,
        "lon" : 139.25679,
        "time" : "20170220T110758+0900"
      }, {
        "lat" : 35.626845,
        "lon" : 139.25644,
        "time" : "20170220T111004+0900"
      }, {
        "lat" : 35.626727,
        "lon" : 139.25637,
        "time" : "20170220T111023+0900"
      }, {
        "lat" : 35.62645,
        "lon" : 139.25527,
        "time" : "20170220T111213+0900"
      }, {
        "lat" : 35.626239,
        "lon" : 139.25444,
        "time" : "20170220T111342+0900"
      }, {
        "lat" : 35.626347,
        "lon" : 139.25443,
        "time" : "20170220T111358+0900"
      }, {
        "lat" : 35.625662,
        "lon" : 139.25319,
        "time" : "20170220T111808+0900"
      }, {
        "lat" : 35.623926,
        "lon" : 139.25207,
        "time" : "20170220T112201+0900"
      }, {
        "lat" : 35.623274,
        "lon" : 139.25162,
        "time" : "20170220T112405+0900"
      }, {
        "lat" : 35.622877,
        "lon" : 139.25096,
        "time" : "20170220T112504+0900"
      } ]
    } ],
    "lastUpdate" : "20170220T030731Z"
  }, {
    "type" : "place",
    "startTime" : "20170220T112505+0900",
    "endTime" : "20170220T112803+0900",
    "place" : {
      "id" : 415566443,
      "type" : "unknown",
      "location" : {
        "lat" : 35.622877,
        "lon" : 139.25096
      }
    },
    "activities" : [ {
      "activity" : "walking",
      "group" : "walking",
      "manual" : false,
      "startTime" : "20170220T112513+0900",
      "endTime" : "20170220T112516+0900",
      "duration" : 3.0,
      "distance" : 2.0,
      "steps" : 5,
      "calories" : 0,
      "trackPoints" : [ ]
    } ],
    "lastUpdate" : "20170220T030731Z"
  }, {
    "type" : "move",
    "startTime" : "20170220T112803+0900",
    "endTime" : "20170220T114818+0900",
    "activities" : [ {
      "activity" : "walking",
      "group" : "walking",
      "manual" : false,
      "startTime" : "20170220T112803+0900",
      "endTime" : "20170220T114818+0900",
      "duration" : 1215.0,
      "distance" : 728.0,
      "steps" : 1429,
      "calories" : 40,
      "trackPoints" : [ {
        "lat" : 35.622877,
        "lon" : 139.25096,
        "time" : "20170220T112803+0900"
      }, {
        "lat" : 35.622478,
        "lon" : 139.25009,
        "time" : "20170220T113106+0900"
      }, {
        "lat" : 35.622274,
        "lon" : 139.24969,
        "time" : "20170220T113129+0900"
      }, {
        "lat" : 35.622231,
        "lon" : 139.24969,
        "time" : "20170220T113150+0900"
      }, {
        "lat" : 35.62243,
        "lon" : 139.24873,
        "time" : "20170220T113459+0900"
      }, {
        "lat" : 35.622424,
        "lon" : 139.24837,
        "time" : "20170220T113520+0900"
      }, {
        "lat" : 35.622377,
        "lon" : 139.2483,
        "time" : "20170220T113543+0900"
      }, {
        "lat" : 35.62248,
        "lon" : 139.24673,
        "time" : "20170220T113815+0900"
      }, {
        "lat" : 35.622624,
        "lon" : 139.24683,
        "time" : "20170220T113834+0900"
      }, {
        "lat" : 35.622556,
        "lon" : 139.24674,
        "time" : "20170220T113905+0900"
      }, {
        "lat" : 35.622496,
        "lon" : 139.24662,
        "time" : "20170220T113924+0900"
      }, {
        "lat" : 35.622398,
        "lon" : 139.24542,
        "time" : "20170220T114224+0900"
      }, {
        "lat" : 35.622528,
        "lon" : 139.24543,
        "time" : "20170220T114242+0900"
      }, {
        "lat" : 35.622837,
        "lon" : 139.2455,
        "time" : "20170220T114520+0900"
      }, {
        "lat" : 35.622963,
        "lon" : 139.24553,
        "time" : "20170220T114629+0900"
      }, {
        "lat" : 35.623056,
        "lon" : 139.24555,
        "time" : "20170220T114719+0900"
      }, {
        "lat" : 35.623184,
        "lon" : 139.24558,
        "time" : "20170220T114818+0900"
      } ]
    } ],
    "lastUpdate" : "20170220T030731Z"
  }, {
    "type" : "place",
    "startTime" : "20170220T114819+0900",
    "endTime" : "20170220T114945+0900",
    "place" : {
      "id" : 415566444,
      "type" : "unknown",
      "location" : {
        "lat" : 35.623184,
        "lon" : 139.24558
      }
    },
    "activities" : [ {
      "activity" : "walking",
      "group" : "walking",
      "manual" : false,
      "startTime" : "20170220T114819+0900",
      "endTime" : "20170220T114825+0900",
      "duration" : 6.0,
      "distance" : 4.0,
      "steps" : 9,
      "calories" : 0,
      "trackPoints" : [ ]
    } ],
    "lastUpdate" : "20170220T030731Z"
  }, {
    "type" : "move",
    "startTime" : "20170220T114945+0900",
    "endTime" : "20170220T115221+0900",
    "activities" : [ {
      "activity" : "walking",
      "group" : "walking",
      "manual" : false,
      "startTime" : "20170220T114945+0900",
      "endTime" : "20170220T115221+0900",
      "duration" : 156.0,
      "distance" : 252.0,
      "steps" : 210,
      "calories" : 14,
      "trackPoints" : [ {
        "lat" : 35.623184,
        "lon" : 139.24558,
        "time" : "20170220T114945+0900"
      }, {
        "lat" : 35.625036,
        "lon" : 139.24395,
        "time" : "20170220T115221+0900"
      } ]
    } ],
    "lastUpdate" : "20170220T030731Z"
  }, {
    "type" : "place",
    "startTime" : "20170220T115221+0900",
    "endTime" : "20170220T130947+0900",
    "place" : {
      "id" : 415584980,
      "type" : "unknown",
      "location" : {
        "lat" : 35.624848,
        "lon" : 139.24337
      }
    },
    "activities" : [ {
      "activity" : "walking",
      "group" : "walking",
      "manual" : false,
      "startTime" : "20170220T115221+0900",
      "endTime" : "20170220T115448+0900",
      "duration" : 147.0,
      "distance" : 164.0,
      "steps" : 219,
      "calories" : 9,
      "trackPoints" : [ ]
    }, {
      "activity" : "walking",
      "group" : "walking",
      "manual" : false,
      "startTime" : "20170220T120000+0900",
      "endTime" : "20170220T121129+0900",
      "duration" : 689.0,
      "distance" : 718.0,
      "steps" : 958,
      "calories" : 40,
      "trackPoints" : [ ]
    }, {
      "activity" : "walking",
      "group" : "walking",
      "manual" : false,
      "startTime" : "20170220T130000+0900",
      "endTime" : "20170220T130538+0900",
      "duration" : 338.0,
      "distance" : 348.0,
      "steps" : 464,
      "calories" : 19,
      "trackPoints" : [ ]
    } ],
    "lastUpdate" : "20170220T043939Z"
  }, {
    "type" : "move",
    "startTime" : "20170220T130947+0900",
    "endTime" : "20170220T132814+0900",
    "activities" : [ {
      "activity" : "walking",
      "group" : "walking",
      "manual" : false,
      "startTime" : "20170220T130947+0900",
      "endTime" : "20170220T132814+0900",
      "duration" : 1107.0,
      "distance" : 856.0,
      "steps" : 1376,
      "calories" : 47,
      "trackPoints" : [ {
        "lat" : 35.624848,
        "lon" : 139.24337,
        "time" : "20170220T130947+0900"
      }, {
        "lat" : 35.625426,
        "lon" : 139.24402,
        "time" : "20170220T131008+0900"
      }, {
        "lat" : 35.625479,
        "lon" : 139.24415,
        "time" : "20170220T131031+0900"
      }, {
        "lat" : 35.625846,
        "lon" : 139.24508,
        "time" : "20170220T131240+0900"
      }, {
        "lat" : 35.625959,
        "lon" : 139.2454,
        "time" : "20170220T131315+0900"
      }, {
        "lat" : 35.62597,
        "lon" : 139.24562,
        "time" : "20170220T131330+0900"
      }, {
        "lat" : 35.626032,
        "lon" : 139.2458,
        "time" : "20170220T131353+0900"
      }, {
        "lat" : 35.626058,
        "lon" : 139.24685,
        "time" : "20170220T131557+0900"
      }, {
        "lat" : 35.626067,
        "lon" : 139.2473,
        "time" : "20170220T131651+0900"
      }, {
        "lat" : 35.62606,
        "lon" : 139.24744,
        "time" : "20170220T131709+0900"
      }, {
        "lat" : 35.626065,
        "lon" : 139.24756,
        "time" : "20170220T131725+0900"
      }, {
        "lat" : 35.626503,
        "lon" : 139.24895,
        "time" : "20170220T132026+0900"
      }, {
        "lat" : 35.626488,
        "lon" : 139.24929,
        "time" : "20170220T132044+0900"
      }, {
        "lat" : 35.626466,
        "lon" : 139.24938,
        "time" : "20170220T132103+0900"
      }, {
        "lat" : 35.626075,
        "lon" : 139.24989,
        "time" : "20170220T132318+0900"
      }, {
        "lat" : 35.625824,
        "lon" : 139.25021,
        "time" : "20170220T132442+0900"
      }, {
        "lat" : 35.625838,
        "lon" : 139.25033,
        "time" : "20170220T132504+0900"
      }, {
        "lat" : 35.625833,
        "lon" : 139.25055,
        "time" : "20170220T132634+0900"
      }, {
        "lat" : 35.62584,
        "lon" : 139.25062,
        "time" : "20170220T132651+0900"
      }, {
        "lat" : 35.62588,
        "lon" : 139.25089,
        "time" : "20170220T132757+0900"
      }, {
        "lat" : 35.625828,
        "lon" : 139.2508,
        "time" : "20170220T132814+0900"
      } ]
    } ],
    "lastUpdate" : "20170220T043939Z"
  }, {
    "type" : "place",
    "startTime" : "20170220T132814+0900",
    "endTime" : "20170220T134420+0900",
    "place" : {
      "id" : 415584981,
      "type" : "unknown",
      "location" : {
        "lat" : 35.625828,
        "lon" : 139.2508
      }
    },
    "activities" : [ {
      "activity" : "walking",
      "group" : "walking",
      "manual" : false,
      "startTime" : "20170220T132821+0900",
      "endTime" : "20170220T133129+0900",
      "duration" : 188.0,
      "distance" : 192.0,
      "steps" : 257,
      "calories" : 11,
      "trackPoints" : [ ]
    } ],
    "lastUpdate" : "20170220T061116Z"
  }, {
    "type" : "move",
    "startTime" : "20170220T134420+0900",
    "endTime" : "20170220T134902+0900",
    "activities" : [ {
      "activity" : "walking",
      "group" : "walking",
      "manual" : false,
      "startTime" : "20170220T134420+0900",
      "endTime" : "20170220T134902+0900",
      "duration" : 282.0,
      "distance" : 304.0,
      "steps" : 394,
      "calories" : 17,
      "trackPoints" : [ {
        "lat" : 35.625828,
        "lon" : 139.2508,
        "time" : "20170220T134420+0900"
      }, {
        "lat" : 35.626215,
        "lon" : 139.25079,
        "time" : "20170220T134511+0900"
      }, {
        "lat" : 35.626679,
        "lon" : 139.25015,
        "time" : "20170220T134651+0900"
      }, {
        "lat" : 35.626756,
        "lon" : 139.25017,
        "time" : "20170220T134708+0900"
      }, {
        "lat" : 35.626883,
        "lon" : 139.25019,
        "time" : "20170220T134754+0900"
      }, {
        "lat" : 35.626898,
        "lon" : 139.2502,
        "time" : "20170220T134816+0900"
      }, {
        "lat" : 35.626839,
        "lon" : 139.25019,
        "time" : "20170220T134839+0900"
      }, {
        "lat" : 35.627703,
        "lon" : 139.25087,
        "time" : "20170220T134902+0900"
      } ]
    } ],
    "lastUpdate" : "20170220T061116Z"
  }, {
    "type" : "place",
    "startTime" : "20170220T134902+0900",
    "endTime" : "20170220T135822+0900",
    "place" : {
      "id" : 415603511,
      "type" : "unknown",
      "location" : {
        "lat" : 35.627703,
        "lon" : 139.25087
      }
    },
    "activities" : [ {
      "activity" : "walking",
      "group" : "walking",
      "manual" : false,
      "startTime" : "20170220T134902+0900",
      "endTime" : "20170220T135136+0900",
      "duration" : 154.0,
      "distance" : 163.0,
      "steps" : 217,
      "calories" : 9,
      "trackPoints" : [ ]
    } ],
    "lastUpdate" : "20170220T061116Z"
  }, {
    "type" : "move",
    "startTime" : "20170220T135822+0900",
    "endTime" : "20170220T141219+0900",
    "activities" : [ {
      "activity" : "walking",
      "group" : "walking",
      "manual" : false,
      "startTime" : "20170220T135822+0900",
      "endTime" : "20170220T141219+0900",
      "duration" : 837.0,
      "distance" : 728.0,
      "steps" : 1025,
      "calories" : 40,
      "trackPoints" : [ {
        "lat" : 35.627703,
        "lon" : 139.25087,
        "time" : "20170220T135822+0900"
      }, {
        "lat" : 35.628158,
        "lon" : 139.25146,
        "time" : "20170220T135954+0900"
      }, {
        "lat" : 35.628183,
        "lon" : 139.25149,
        "time" : "20170220T135959+0900"
      }, {
        "lat" : 35.628183,
        "lon" : 139.25149,
        "time" : "20170220T140000+0900"
      }, {
        "lat" : 35.628324,
        "lon" : 139.25163,
        "time" : "20170220T140027+0900"
      }, {
        "lat" : 35.628529,
        "lon" : 139.25183,
        "time" : "20170220T140105+0900"
      }, {
        "lat" : 35.628712,
        "lon" : 139.25202,
        "time" : "20170220T140138+0900"
      }, {
        "lat" : 35.629442,
        "lon" : 139.2527,
        "time" : "20170220T140355+0900"
      }, {
        "lat" : 35.629418,
        "lon" : 139.25276,
        "time" : "20170220T140413+0900"
      }, {
        "lat" : 35.629656,
        "lon" : 139.25349,
        "time" : "20170220T140530+0900"
      }, {
        "lat" : 35.629949,
        "lon" : 139.2544,
        "time" : "20170220T140707+0900"
      }, {
        "lat" : 35.630251,
        "lon" : 139.25536,
        "time" : "20170220T140853+0900"
      }, {
        "lat" : 35.630334,
        "lon" : 139.25557,
        "time" : "20170220T140920+0900"
      }, {
        "lat" : 35.630362,
        "lon" : 139.25561,
        "time" : "20170220T140951+0900"
      }, {
        "lat" : 35.630422,
        "lon" : 139.25568,
        "time" : "20170220T141009+0900"
      }, {
        "lat" : 35.630781,
        "lon" : 139.25621,
        "time" : "20170220T141136+0900"
      }, {
        "lat" : 35.630912,
        "lon" : 139.25642,
        "time" : "20170220T141219+0900"
      } ]
    } ],
    "lastUpdate" : "20170220T061116Z"
  }, {
    "type" : "place",
    "startTime" : "20170220T141219+0900",
    "endTime" : "20170220T141850+0900",
    "place" : {
      "id" : 415603512,
      "type" : "unknown",
      "location" : {
        "lat" : 35.630912,
        "lon" : 139.25642
      }
    },
    "activities" : [ {
      "activity" : "walking",
      "group" : "walking",
      "manual" : false,
      "startTime" : "20170220T141520+0900",
      "endTime" : "20170220T141524+0900",
      "duration" : 4.0,
      "distance" : 3.0,
      "steps" : 6,
      "calories" : 0,
      "trackPoints" : [ ]
    } ],
    "lastUpdate" : "20170220T061116Z"
  }, {
    "type" : "move",
    "startTime" : "20170220T141850+0900",
    "endTime" : "20170220T143758+0900",
    "activities" : [ {
      "activity" : "walking",
      "group" : "walking",
      "manual" : false,
      "startTime" : "20170220T141850+0900",
      "endTime" : "20170220T143758+0900",
      "duration" : 1148.0,
      "distance" : 1096.0,
      "steps" : 1405,
      "calories" : 61,
      "trackPoints" : [ {
        "lat" : 35.630912,
        "lon" : 139.25642,
        "time" : "20170220T141850+0900"
      }, {
        "lat" : 35.630964,
        "lon" : 139.25648,
        "time" : "20170220T141920+0900"
      }, {
        "lat" : 35.630954,
        "lon" : 139.25643,
        "time" : "20170220T141942+0900"
      }, {
        "lat" : 35.630968,
        "lon" : 139.2565,
        "time" : "20170220T142013+0900"
      }, {
        "lat" : 35.631096,
        "lon" : 139.25659,
        "time" : "20170220T142031+0900"
      }, {
        "lat" : 35.631217,
        "lon" : 139.25669,
        "time" : "20170220T142049+0900"
      }, {
        "lat" : 35.631371,
        "lon" : 139.25685,
        "time" : "20170220T142109+0900"
      }, {
        "lat" : 35.631509,
        "lon" : 139.25702,
        "time" : "20170220T142124+0900"
      }, {
        "lat" : 35.631684,
        "lon" : 139.25721,
        "time" : "20170220T142145+0900"
      }, {
        "lat" : 35.631872,
        "lon" : 139.25735,
        "time" : "20170220T142210+0900"
      }, {
        "lat" : 35.632092,
        "lon" : 139.25751,
        "time" : "20170220T142227+0900"
      }, {
        "lat" : 35.632324,
        "lon" : 139.25768,
        "time" : "20170220T142322+0900"
      }, {
        "lat" : 35.632318,
        "lon" : 139.25771,
        "time" : "20170220T142345+0900"
      }, {
        "lat" : 35.632329,
        "lon" : 139.25766,
        "time" : "20170220T142400+0900"
      }, {
        "lat" : 35.63282,
        "lon" : 139.2575,
        "time" : "20170220T142518+0900"
      }, {
        "lat" : 35.633048,
        "lon" : 139.25741,
        "time" : "20170220T142551+0900"
      }, {
        "lat" : 35.633905,
        "lon" : 139.25705,
        "time" : "20170220T142727+0900"
      }, {
        "lat" : 35.634072,
        "lon" : 139.25697,
        "time" : "20170220T142742+0900"
      }, {
        "lat" : 35.634213,
        "lon" : 139.25717,
        "time" : "20170220T142759+0900"
      }, {
        "lat" : 35.634343,
        "lon" : 139.25744,
        "time" : "20170220T142817+0900"
      }, {
        "lat" : 35.63442,
        "lon" : 139.25792,
        "time" : "20170220T142845+0900"
      }, {
        "lat" : 35.634455,
        "lon" : 139.25822,
        "time" : "20170220T142902+0900"
      }, {
        "lat" : 35.634516,
        "lon" : 139.25853,
        "time" : "20170220T142922+0900"
      }, {
        "lat" : 35.634624,
        "lon" : 139.25875,
        "time" : "20170220T142942+0900"
      }, {
        "lat" : 35.634815,
        "lon" : 139.25887,
        "time" : "20170220T143003+0900"
      }, {
        "lat" : 35.634815,
        "lon" : 139.25887,
        "time" : "20170220T143019+0900"
      }, {
        "lat" : 35.634815,
        "lon" : 139.25887,
        "time" : "20170220T143048+0900"
      }, {
        "lat" : 35.634772,
        "lon" : 139.25853,
        "time" : "20170220T143120+0900"
      }, {
        "lat" : 35.634558,
        "lon" : 139.25875,
        "time" : "20170220T143141+0900"
      }, {
        "lat" : 35.634636,
        "lon" : 139.25902,
        "time" : "20170220T143200+0900"
      }, {
        "lat" : 35.634749,
        "lon" : 139.25929,
        "time" : "20170220T143218+0900"
      }, {
        "lat" : 35.634854,
        "lon" : 139.25957,
        "time" : "20170220T143247+0900"
      }, {
        "lat" : 35.634934,
        "lon" : 139.25974,
        "time" : "20170220T143312+0900"
      }, {
        "lat" : 35.635035,
        "lon" : 139.25985,
        "time" : "20170220T143336+0900"
      }, {
        "lat" : 35.635136,
        "lon" : 139.25993,
        "time" : "20170220T143357+0900"
      }, {
        "lat" : 35.635236,
        "lon" : 139.26,
        "time" : "20170220T143417+0900"
      }, {
        "lat" : 35.635377,
        "lon" : 139.26015,
        "time" : "20170220T143508+0900"
      }, {
        "lat" : 35.635412,
        "lon" : 139.26046,
        "time" : "20170220T143524+0900"
      }, {
        "lat" : 35.635426,
        "lon" : 139.26056,
        "time" : "20170220T143541+0900"
      }, {
        "lat" : 35.635479,
        "lon" : 139.26095,
        "time" : "20170220T143618+0900"
      }, {
        "lat" : 35.635499,
        "lon" : 139.26115,
        "time" : "20170220T143640+0900"
      }, {
        "lat" : 35.635512,
        "lon" : 139.26133,
        "time" : "20170220T143659+0900"
      }, {
        "lat" : 35.635557,
        "lon" : 139.2618,
        "time" : "20170220T143758+0900"
      } ]
    } ],
    "lastUpdate" : "20170220T061116Z"
  }, {
    "type" : "place",
    "startTime" : "20170220T143758+0900",
    "endTime" : "20170220T143933+0900",
    "place" : {
      "id" : 415603513,
      "type" : "unknown",
      "location" : {
        "lat" : 35.635557,
        "lon" : 139.2618
      }
    },
    "activities" : [ {
      "activity" : "walking",
      "group" : "walking",
      "manual" : false,
      "startTime" : "20170220T143758+0900",
      "endTime" : "20170220T143812+0900",
      "duration" : 14.0,
      "distance" : 9.0,
      "steps" : 18,
      "calories" : 0,
      "trackPoints" : [ ]
    } ],
    "lastUpdate" : "20170220T061116Z"
  }, {
    "type" : "move",
    "startTime" : "20170220T143933+0900",
    "endTime" : "20170220T150535+0900",
    "activities" : [ {
      "activity" : "walking",
      "group" : "walking",
      "manual" : false,
      "startTime" : "20170220T143933+0900",
      "endTime" : "20170220T150535+0900",
      "duration" : 1562.0,
      "distance" : 1474.0,
      "steps" : 2195,
      "calories" : 82,
      "trackPoints" : [ {
        "lat" : 35.635557,
        "lon" : 139.2618,
        "time" : "20170220T143933+0900"
      }, {
        "lat" : 35.635441,
        "lon" : 139.26181,
        "time" : "20170220T144000+0900"
      }, {
        "lat" : 35.635404,
        "lon" : 139.2618,
        "time" : "20170220T144026+0900"
      }, {
        "lat" : 35.635261,
        "lon" : 139.26178,
        "time" : "20170220T144139+0900"
      }, {
        "lat" : 35.635342,
        "lon" : 139.26204,
        "time" : "20170220T144219+0900"
      }, {
        "lat" : 35.635327,
        "lon" : 139.26214,
        "time" : "20170220T144250+0900"
      }, {
        "lat" : 35.63529,
        "lon" : 139.26208,
        "time" : "20170220T144309+0900"
      }, {
        "lat" : 35.635208,
        "lon" : 139.26187,
        "time" : "20170220T144336+0900"
      }, {
        "lat" : 35.634852,
        "lon" : 139.26072,
        "time" : "20170220T144522+0900"
      }, {
        "lat" : 35.634868,
        "lon" : 139.26059,
        "time" : "20170220T144541+0900"
      }, {
        "lat" : 35.634711,
        "lon" : 139.26077,
        "time" : "20170220T144615+0900"
      }, {
        "lat" : 35.634546,
        "lon" : 139.26099,
        "time" : "20170220T144648+0900"
      }, {
        "lat" : 35.63437,
        "lon" : 139.26121,
        "time" : "20170220T144724+0900"
      }, {
        "lat" : 35.634246,
        "lon" : 139.26136,
        "time" : "20170220T144749+0900"
      }, {
        "lat" : 35.634118,
        "lon" : 139.26152,
        "time" : "20170220T144815+0900"
      }, {
        "lat" : 35.63387,
        "lon" : 139.26192,
        "time" : "20170220T144919+0900"
      }, {
        "lat" : 35.633727,
        "lon" : 139.2623,
        "time" : "20170220T145011+0900"
      }, {
        "lat" : 35.633662,
        "lon" : 139.26248,
        "time" : "20170220T145034+0900"
      }, {
        "lat" : 35.633603,
        "lon" : 139.26263,
        "time" : "20170220T145055+0900"
      }, {
        "lat" : 35.633537,
        "lon" : 139.2628,
        "time" : "20170220T145119+0900"
      }, {
        "lat" : 35.633459,
        "lon" : 139.263,
        "time" : "20170220T145146+0900"
      }, {
        "lat" : 35.633318,
        "lon" : 139.26339,
        "time" : "20170220T145241+0900"
      }, {
        "lat" : 35.63332,
        "lon" : 139.2634,
        "time" : "20170220T145257+0900"
      }, {
        "lat" : 35.633304,
        "lon" : 139.26366,
        "time" : "20170220T145607+0900"
      }, {
        "lat" : 35.632158,
        "lon" : 139.26617,
        "time" : "20170220T145639+0900"
      }, {
        "lat" : 35.632107,
        "lon" : 139.26623,
        "time" : "20170220T145655+0900"
      }, {
        "lat" : 35.631418,
        "lon" : 139.26736,
        "time" : "20170220T145908+0900"
      }, {
        "lat" : 35.631311,
        "lon" : 139.26755,
        "time" : "20170220T145931+0900"
      }, {
        "lat" : 35.631261,
        "lon" : 139.26782,
        "time" : "20170220T145952+0900"
      }, {
        "lat" : 35.631246,
        "lon" : 139.26791,
        "time" : "20170220T145959+0900"
      }, {
        "lat" : 35.631246,
        "lon" : 139.26791,
        "time" : "20170220T150000+0900"
      }, {
        "lat" : 35.631217,
        "lon" : 139.26811,
        "time" : "20170220T150015+0900"
      }, {
        "lat" : 35.631173,
        "lon" : 139.26833,
        "time" : "20170220T150030+0900"
      }, {
        "lat" : 35.631135,
        "lon" : 139.26854,
        "time" : "20170220T150051+0900"
      }, {
        "lat" : 35.631115,
        "lon" : 139.26871,
        "time" : "20170220T150110+0900"
      }, {
        "lat" : 35.631084,
        "lon" : 139.26905,
        "time" : "20170220T150134+0900"
      }, {
        "lat" : 35.631074,
        "lon" : 139.26926,
        "time" : "20170220T150151+0900"
      }, {
        "lat" : 35.630969,
        "lon" : 139.26935,
        "time" : "20170220T150206+0900"
      }, {
        "lat" : 35.630926,
        "lon" : 139.26944,
        "time" : "20170220T150231+0900"
      }, {
        "lat" : 35.631077,
        "lon" : 139.26958,
        "time" : "20170220T150246+0900"
      }, {
        "lat" : 35.631438,
        "lon" : 139.26969,
        "time" : "20170220T150308+0900"
      }, {
        "lat" : 35.631742,
        "lon" : 139.26976,
        "time" : "20170220T150326+0900"
      }, {
        "lat" : 35.631952,
        "lon" : 139.26983,
        "time" : "20170220T150344+0900"
      }, {
        "lat" : 35.632039,
        "lon" : 139.26989,
        "time" : "20170220T150411+0900"
      }, {
        "lat" : 35.63215,
        "lon" : 139.27004,
        "time" : "20170220T150445+0900"
      }, {
        "lat" : 35.632271,
        "lon" : 139.27016,
        "time" : "20170220T150515+0900"
      }, {
        "lat" : 35.632329,
        "lon" : 139.27026,
        "time" : "20170220T150535+0900"
      } ]
    } ],
    "lastUpdate" : "20170220T061116Z"
  }, {
    "type" : "place",
    "startTime" : "20170220T150535+0900",
    "endTime" : "20170220T152313+0900",
    "place" : {
      "id" : 415546908,
      "type" : "unknown",
      "location" : {
        "lat" : 35.632616,
        "lon" : 139.27025
      }
    },
    "activities" : [ {
      "activity" : "walking",
      "group" : "walking",
      "manual" : false,
      "startTime" : "20170220T150814+0900",
      "endTime" : "20170220T151005+0900",
      "duration" : 111.0,
      "distance" : 78.0,
      "steps" : 157,
      "calories" : 4,
      "trackPoints" : [ ]
    } ],
    "lastUpdate" : "20170220T140906Z"
  }, {
    "type" : "move",
    "startTime" : "20170220T152313+0900",
    "endTime" : "20170220T161814+0900",
    "activities" : [ {
      "activity" : "transport",
      "group" : "transport",
      "manual" : false,
      "startTime" : "20170220T152313+0900",
      "endTime" : "20170220T161411+0900",
      "duration" : 3058.0,
      "distance" : 50006.0,
      "trackPoints" : [ {
        "lat" : 35.632616,
        "lon" : 139.27025,
        "time" : "20170220T152313+0900"
      }, {
        "lat" : 35.636558,
        "lon" : 139.27089,
        "time" : "20170220T152346+0900"
      }, {
        "lat" : 35.638436,
        "lon" : 139.27145,
        "time" : "20170220T152408+0900"
      }, {
        "lat" : 35.641312,
        "lon" : 139.27963,
        "time" : "20170220T152514+0900"
      }, {
        "lat" : 35.641635,
        "lon" : 139.28149,
        "time" : "20170220T152530+0900"
      }, {
        "lat" : 35.64186,
        "lon" : 139.28196,
        "time" : "20170220T152546+0900"
      }, {
        "lat" : 35.642005,
        "lon" : 139.28222,
        "time" : "20170220T152613+0900"
      }, {
        "lat" : 35.642086,
        "lon" : 139.28253,
        "time" : "20170220T152634+0900"
      }, {
        "lat" : 35.641905,
        "lon" : 139.28535,
        "time" : "20170220T152659+0900"
      }, {
        "lat" : 35.641653,
        "lon" : 139.28824,
        "time" : "20170220T152724+0900"
      }, {
        "lat" : 35.640685,
        "lon" : 139.29296,
        "time" : "20170220T152748+0900"
      }, {
        "lat" : 35.640519,
        "lon" : 139.29714,
        "time" : "20170220T152813+0900"
      }, {
        "lat" : 35.643211,
        "lon" : 139.30693,
        "time" : "20170220T152848+0900"
      }, {
        "lat" : 35.643711,
        "lon" : 139.30819,
        "time" : "20170220T152907+0900"
      }, {
        "lat" : 35.643723,
        "lon" : 139.30834,
        "time" : "20170220T152924+0900"
      }, {
        "lat" : 35.6438,
        "lon" : 139.30859,
        "time" : "20170220T152940+0900"
      }, {
        "lat" : 35.64414,
        "lon" : 139.30943,
        "time" : "20170220T152956+0900"
      }, {
        "lat" : 35.64513,
        "lon" : 139.31452,
        "time" : "20170220T153019+0900"
      }, {
        "lat" : 35.644581,
        "lon" : 139.31866,
        "time" : "20170220T153035+0900"
      }, {
        "lat" : 35.645088,
        "lon" : 139.32735,
        "time" : "20170220T153116+0900"
      }, {
        "lat" : 35.644566,
        "lon" : 139.33637,
        "time" : "20170220T153156+0900"
      }, {
        "lat" : 35.644741,
        "lon" : 139.34349,
        "time" : "20170220T153228+0900"
      }, {
        "lat" : 35.646426,
        "lon" : 139.34594,
        "time" : "20170220T153244+0900"
      }, {
        "lat" : 35.646472,
        "lon" : 139.34946,
        "time" : "20170220T153306+0900"
      }, {
        "lat" : 35.645451,
        "lon" : 139.35189,
        "time" : "20170220T153322+0900"
      }, {
        "lat" : 35.644351,
        "lon" : 139.35457,
        "time" : "20170220T153354+0900"
      }, {
        "lat" : 35.644384,
        "lon" : 139.35459,
        "time" : "20170220T153415+0900"
      }, {
        "lat" : 35.64316,
        "lon" : 139.35765,
        "time" : "20170220T153452+0900"
      }, {
        "lat" : 35.643065,
        "lon" : 139.36171,
        "time" : "20170220T153513+0900"
      }, {
        "lat" : 35.642748,
        "lon" : 139.36864,
        "time" : "20170220T153539+0900"
      }, {
        "lat" : 35.642564,
        "lon" : 139.37333,
        "time" : "20170220T153600+0900"
      }, {
        "lat" : 35.643869,
        "lon" : 139.37617,
        "time" : "20170220T153616+0900"
      }, {
        "lat" : 35.64753,
        "lon" : 139.38024,
        "time" : "20170220T153640+0900"
      }, {
        "lat" : 35.650579,
        "lon" : 139.38473,
        "time" : "20170220T153656+0900"
      }, {
        "lat" : 35.654249,
        "lon" : 139.3916,
        "time" : "20170220T153728+0900"
      }, {
        "lat" : 35.657262,
        "lon" : 139.39489,
        "time" : "20170220T153744+0900"
      }, {
        "lat" : 35.660179,
        "lon" : 139.39821,
        "time" : "20170220T153801+0900"
      }, {
        "lat" : 35.66273,
        "lon" : 139.40252,
        "time" : "20170220T153820+0900"
      }, {
        "lat" : 35.66383,
        "lon" : 139.40536,
        "time" : "20170220T153837+0900"
      }, {
        "lat" : 35.663482,
        "lon" : 139.40894,
        "time" : "20170220T153856+0900"
      }, {
        "lat" : 35.662626,
        "lon" : 139.41237,
        "time" : "20170220T153920+0900"
      }, {
        "lat" : 35.66246,
        "lon" : 139.41306,
        "time" : "20170220T153948+0900"
      }, {
        "lat" : 35.662445,
        "lon" : 139.4131,
        "time" : "20170220T154008+0900"
      }, {
        "lat" : 35.662462,
        "lon" : 139.41305,
        "time" : "20170220T154031+0900"
      }, {
        "lat" : 35.657416,
        "lon" : 139.43126,
        "time" : "20170220T154202+0900"
      }, {
        "lat" : 35.652084,
        "lon" : 139.43783,
        "time" : "20170220T154249+0900"
      }, {
        "lat" : 35.650945,
        "lon" : 139.44744,
        "time" : "20170220T154352+0900"
      }, {
        "lat" : 35.651078,
        "lon" : 139.44769,
        "time" : "20170220T154412+0900"
      }, {
        "lat" : 35.651018,
        "lon" : 139.44772,
        "time" : "20170220T154432+0900"
      }, {
        "lat" : 35.651138,
        "lon" : 139.44779,
        "time" : "20170220T154450+0900"
      }, {
        "lat" : 35.656531,
        "lon" : 139.45079,
        "time" : "20170220T154514+0900"
      }, {
        "lat" : 35.659614,
        "lon" : 139.45819,
        "time" : "20170220T154555+0900"
      }, {
        "lat" : 35.661298,
        "lon" : 139.46513,
        "time" : "20170220T154621+0900"
      }, {
        "lat" : 35.667893,
        "lon" : 139.46832,
        "time" : "20170220T154654+0900"
      }, {
        "lat" : 35.668458,
        "lon" : 139.46859,
        "time" : "20170220T154719+0900"
      }, {
        "lat" : 35.668459,
        "lon" : 139.46862,
        "time" : "20170220T154754+0900"
      }, {
        "lat" : 35.668549,
        "lon" : 139.46876,
        "time" : "20170220T154818+0900"
      }, {
        "lat" : 35.672788,
        "lon" : 139.47701,
        "time" : "20170220T154848+0900"
      }, {
        "lat" : 35.672162,
        "lon" : 139.48025,
        "time" : "20170220T154909+0900"
      }, {
        "lat" : 35.67208,
        "lon" : 139.48068,
        "time" : "20170220T154933+0900"
      }, {
        "lat" : 35.672096,
        "lon" : 139.48055,
        "time" : "20170220T154957+0900"
      }, {
        "lat" : 35.671716,
        "lon" : 139.48267,
        "time" : "20170220T155030+0900"
      }, {
        "lat" : 35.667604,
        "lon" : 139.49877,
        "time" : "20170220T155131+0900"
      }, {
        "lat" : 35.664174,
        "lon" : 139.51133,
        "time" : "20170220T155214+0900"
      }, {
        "lat" : 35.660183,
        "lon" : 139.52346,
        "time" : "20170220T155308+0900"
      }, {
        "lat" : 35.658084,
        "lon" : 139.52777,
        "time" : "20170220T155324+0900"
      }, {
        "lat" : 35.653075,
        "lon" : 139.56426,
        "time" : "20170220T155737+0900"
      }, {
        "lat" : 35.655539,
        "lon" : 139.56986,
        "time" : "20170220T155810+0900"
      }, {
        "lat" : 35.658117,
        "lon" : 139.57529,
        "time" : "20170220T155833+0900"
      }, {
        "lat" : 35.666957,
        "lon" : 139.59784,
        "time" : "20170220T155959+0900"
      }, {
        "lat" : 35.666958,
        "lon" : 139.59784,
        "time" : "20170220T160000+0900"
      }, {
        "lat" : 35.667631,
        "lon" : 139.59956,
        "time" : "20170220T160006+0900"
      }, {
        "lat" : 35.668181,
        "lon" : 139.60109,
        "time" : "20170220T160026+0900"
      }, {
        "lat" : 35.670582,
        "lon" : 139.60863,
        "time" : "20170220T160105+0900"
      }, {
        "lat" : 35.670351,
        "lon" : 139.61298,
        "time" : "20170220T160135+0900"
      }, {
        "lat" : 35.669986,
        "lon" : 139.61555,
        "time" : "20170220T160152+0900"
      }, {
        "lat" : 35.668485,
        "lon" : 139.6258,
        "time" : "20170220T160229+0900"
      }, {
        "lat" : 35.666622,
        "lon" : 139.63848,
        "time" : "20170220T160329+0900"
      }, {
        "lat" : 35.667878,
        "lon" : 139.64891,
        "time" : "20170220T160432+0900"
      }, {
        "lat" : 35.668489,
        "lon" : 139.64919,
        "time" : "20170220T160553+0900"
      }, {
        "lat" : 35.668489,
        "lon" : 139.64919,
        "time" : "20170220T160614+0900"
      }, {
        "lat" : 35.668496,
        "lon" : 139.64918,
        "time" : "20170220T160638+0900"
      }, {
        "lat" : 35.673616,
        "lon" : 139.66691,
        "time" : "20170220T160740+0900"
      }, {
        "lat" : 35.675479,
        "lon" : 139.6725,
        "time" : "20170220T160818+0900"
      }, {
        "lat" : 35.691312,
        "lon" : 139.6983,
        "time" : "20170220T161411+0900"
      } ]
    }, {
      "activity" : "walking",
      "group" : "walking",
      "manual" : false,
      "startTime" : "20170220T161411+0900",
      "endTime" : "20170220T161813+0900",
      "duration" : 242.0,
      "distance" : 169.0,
      "steps" : 338,
      "calories" : 9,
      "trackPoints" : [ {
        "lat" : 35.691312,
        "lon" : 139.6983,
        "time" : "20170220T161411+0900"
      }, {
        "lat" : 35.691366,
        "lon" : 139.69834,
        "time" : "20170220T161445+0900"
      }, {
        "lat" : 35.691367,
        "lon" : 139.69836,
        "time" : "20170220T161507+0900"
      }, {
        "lat" : 35.691342,
        "lon" : 139.69833,
        "time" : "20170220T161530+0900"
      }, {
        "lat" : 35.691319,
        "lon" : 139.69828,
        "time" : "20170220T161546+0900"
      }, {
        "lat" : 35.691317,
        "lon" : 139.6982,
        "time" : "20170220T161604+0900"
      }, {
        "lat" : 35.691297,
        "lon" : 139.69839,
        "time" : "20170220T161647+0900"
      }, {
        "lat" : 35.69125,
        "lon" : 139.69847,
        "time" : "20170220T161733+0900"
      }, {
        "lat" : 35.691228,
        "lon" : 139.6985,
        "time" : "20170220T161752+0900"
      }, {
        "lat" : 35.692092,
        "lon" : 139.69798,
        "time" : "20170220T161814+0900"
      } ]
    } ],
    "lastUpdate" : "20170220T140906Z"
  }, {
    "type" : "place",
    "startTime" : "20170220T161814+0900",
    "endTime" : "20170220T230622+0900",
    "place" : {
      "id" : 415758634,
      "type" : "unknown",
      "location" : {
        "lat" : 35.692092,
        "lon" : 139.69798
      }
    },
    "activities" : [ {
      "activity" : "walking",
      "group" : "walking",
      "manual" : false,
      "startTime" : "20170220T161814+0900",
      "endTime" : "20170220T162005+0900",
      "duration" : 111.0,
      "distance" : 76.0,
      "steps" : 152,
      "calories" : 4,
      "trackPoints" : [ ]
    }, {
      "activity" : "walking",
      "group" : "walking",
      "manual" : false,
      "startTime" : "20170220T200202+0900",
      "endTime" : "20170220T200743+0900",
      "duration" : 341.0,
      "distance" : 290.0,
      "steps" : 387,
      "calories" : 16,
      "trackPoints" : [ ]
    }, {
      "activity" : "walking",
      "group" : "walking",
      "manual" : false,
      "startTime" : "20170220T225600+0900",
      "endTime" : "20170220T225719+0900",
      "duration" : 79.0,
      "distance" : 58.0,
      "steps" : 116,
      "calories" : 3,
      "trackPoints" : [ ]
    }, {
      "activity" : "running",
      "group" : "running",
      "manual" : false,
      "startTime" : "20170220T225717+0900",
      "endTime" : "20170220T225934+0900",
      "duration" : 137.0,
      "distance" : 123.0,
      "steps" : 90,
      "calories" : 9,
      "trackPoints" : [ ]
    }, {
      "activity" : "walking",
      "group" : "walking",
      "manual" : false,
      "startTime" : "20170220T230000+0900",
      "endTime" : "20170220T230622+0900",
      "duration" : 382.0,
      "distance" : 422.0,
      "steps" : 562,
      "calories" : 23,
      "trackPoints" : [ ]
    } ],
    "lastUpdate" : "20170220T154155Z"
  }, {
    "type" : "move",
    "startTime" : "20170220T230622+0900",
    "endTime" : "20170220T232027+0900",
    "activities" : [ {
      "activity" : "running",
      "group" : "running",
      "manual" : false,
      "startTime" : "20170220T230622+0900",
      "endTime" : "20170220T231053+0900",
      "duration" : 271.0,
      "distance" : 596.0,
      "steps" : 677,
      "calories" : 41,
      "trackPoints" : [ {
        "lat" : 35.692092,
        "lon" : 139.69798,
        "time" : "20170220T230622+0900"
      }, {
        "lat" : 35.689124,
        "lon" : 139.69879,
        "time" : "20170220T230911+0900"
      }, {
        "lat" : 35.688948,
        "lon" : 139.69884,
        "time" : "20170220T230933+0900"
      }, {
        "lat" : 35.688833,
        "lon" : 139.69902,
        "time" : "20170220T230957+0900"
      }, {
        "lat" : 35.688968,
        "lon" : 139.70056,
        "time" : "20170220T231053+0900"
      } ]
    }, {
      "activity" : "transport",
      "group" : "transport",
      "manual" : false,
      "startTime" : "20170220T231053+0900",
      "endTime" : "20170220T231723+0900",
      "duration" : 390.0,
      "distance" : 3772.0,
      "trackPoints" : [ {
        "lat" : 35.688968,
        "lon" : 139.70056,
        "time" : "20170220T231053+0900"
      }, {
        "lat" : 35.692294,
        "lon" : 139.72321,
        "time" : "20170220T231504+0900"
      }, {
        "lat" : 35.691702,
        "lon" : 139.7365,
        "time" : "20170220T231723+0900"
      } ]
    }, {
      "activity" : "walking",
      "group" : "walking",
      "manual" : false,
      "startTime" : "20170220T231723+0900",
      "endTime" : "20170220T232026+0900",
      "duration" : 183.0,
      "distance" : 151.0,
      "steps" : 302,
      "calories" : 8,
      "trackPoints" : [ {
        "lat" : 35.691702,
        "lon" : 139.7365,
        "time" : "20170220T231723+0900"
      }, {
        "lat" : 35.691708,
        "lon" : 139.73625,
        "time" : "20170220T231815+0900"
      }, {
        "lat" : 35.691709,
        "lon" : 139.73614,
        "time" : "20170220T231838+0900"
      }, {
        "lat" : 35.691705,
        "lon" : 139.73608,
        "time" : "20170220T231902+0900"
      }, {
        "lat" : 35.691705,
        "lon" : 139.73606,
        "time" : "20170220T231924+0900"
      }, {
        "lat" : 35.691729,
        "lon" : 139.73606,
        "time" : "20170220T231950+0900"
      }, {
        "lat" : 35.69175,
        "lon" : 139.73606,
        "time" : "20170220T232008+0900"
      }, {
        "lat" : 35.691632,
        "lon" : 139.7362,
        "time" : "20170220T232027+0900"
      } ]
    } ],
    "lastUpdate" : "20170220T154155Z"
  }, {
    "type" : "place",
    "startTime" : "20170220T232027+0900",
    "endTime" : "20170220T232707+0900",
    "place" : {
      "id" : 138201219,
      "type" : "unknown",
      "location" : {
        "lat" : 35.6916321161,
        "lon" : 139.7362027687
      }
    },
    "activities" : [ {
      "activity" : "walking",
      "group" : "walking",
      "manual" : false,
      "startTime" : "20170220T232027+0900",
      "endTime" : "20170220T232052+0900",
      "duration" : 25.0,
      "distance" : 18.0,
      "steps" : 37,
      "calories" : 1,
      "trackPoints" : [ ]
    } ],
    "lastUpdate" : "20170220T154155Z"
  }, {
    "type" : "move",
    "startTime" : "20170220T232707+0900",
    "endTime" : "20170220T234001+0900",
    "activities" : [ {
      "activity" : "transport",
      "group" : "transport",
      "manual" : false,
      "startTime" : "20170220T232707+0900",
      "endTime" : "20170220T233400+0900",
      "duration" : 413.0,
      "distance" : 4061.0,
      "trackPoints" : [ {
        "lat" : 35.691632,
        "lon" : 139.7362,
        "time" : "20170220T232707+0900"
      }, {
        "lat" : 35.700451,
        "lon" : 139.74289,
        "time" : "20170220T232825+0900"
      }, {
        "lat" : 35.700526,
        "lon" : 139.74293,
        "time" : "20170220T232841+0900"
      }, {
        "lat" : 35.700523,
        "lon" : 139.74294,
        "time" : "20170220T232900+0900"
      }, {
        "lat" : 35.71806,
        "lon" : 139.72804,
        "time" : "20170220T233400+0900"
      } ]
    }, {
      "activity" : "walking",
      "group" : "walking",
      "manual" : false,
      "startTime" : "20170220T233400+0900",
      "endTime" : "20170220T234000+0900",
      "duration" : 360.0,
      "distance" : 262.0,
      "steps" : 416,
      "calories" : 15,
      "trackPoints" : [ {
        "lat" : 35.71806,
        "lon" : 139.72804,
        "time" : "20170220T233400+0900"
      }, {
        "lat" : 35.718191,
        "lon" : 139.72792,
        "time" : "20170220T233433+0900"
      }, {
        "lat" : 35.718207,
        "lon" : 139.7279,
        "time" : "20170220T233451+0900"
      }, {
        "lat" : 35.718209,
        "lon" : 139.7279,
        "time" : "20170220T233509+0900"
      }, {
        "lat" : 35.718176,
        "lon" : 139.72793,
        "time" : "20170220T233542+0900"
      }, {
        "lat" : 35.71807,
        "lon" : 139.72803,
        "time" : "20170220T233606+0900"
      }, {
        "lat" : 35.717857,
        "lon" : 139.72799,
        "time" : "20170220T233647+0900"
      }, {
        "lat" : 35.717515,
        "lon" : 139.72826,
        "time" : "20170220T233711+0900"
      }, {
        "lat" : 35.717172,
        "lon" : 139.72841,
        "time" : "20170220T233736+0900"
      }, {
        "lat" : 35.716971,
        "lon" : 139.72851,
        "time" : "20170220T233759+0900"
      }, {
        "lat" : 35.716809,
        "lon" : 139.7286,
        "time" : "20170220T233822+0900"
      }, {
        "lat" : 35.716875,
        "lon" : 139.72854,
        "time" : "20170220T233847+0900"
      }, {
        "lat" : 35.71691,
        "lon" : 139.72841,
        "time" : "20170220T233907+0900"
      }, {
        "lat" : 35.716793,
        "lon" : 139.72814,
        "time" : "20170220T233945+0900"
      }, {
        "lat" : 35.716781,
        "lon" : 139.72804,
        "time" : "20170220T234001+0900"
      } ]
    } ],
    "lastUpdate" : "20170220T154155Z"
  }, {
    "type" : "place",
    "startTime" : "20170220T234001+0900",
    "endTime" : "20170221T181210+0900",
    "place" : {
      "id" : 105416472,
      "type" : "unknown",
      "location" : {
        "lat" : 35.7167813087,
        "lon" : 139.7280424577
      }
    },
    "activities" : [ {
      "activity" : "walking",
      "group" : "walking",
      "manual" : false,
      "startTime" : "20170220T234001+0900",
      "endTime" : "20170220T234010+0900",
      "duration" : 9.0,
      "distance" : 6.0,
      "steps" : 13,
      "calories" : 0,
      "trackPoints" : [ ]
    } ],
    "lastUpdate" : "20170221T101635Z"
  } ],
  "caloriesIdle" : 1596,
  "lastUpdate" : "20170221T101635Z"
} ]