[ {
  "date" : "20170320",
  "summary" : [ {
    "activity" : "walking",
    "group" : "walking",
    "duration" : 5524.0,
    "distance" : 6125.0,
    "steps" : 7867,
    "calories" : 339
  }, {
    "activity" : "transport",
    "group" : "transport",
    "duration" : 5275.0,
    "distance" : 28477.0
  } ],
  "segments" : [ {
    "type" : "place",
    "startTime" : "20170319T181924+0900",
    "endTime" : "20170320T164513+0900",
    "place" : {
      "id" : 105416472,
      "type" : "unknown",
      "location" : {
        "lat" : 35.7167813087,
        "lon" : 139.7280424577
      }
    },
    "activities" : [ {
      "activity" : "walking",
      "group" : "walking",
      "manual" : false,
      "startTime" : "20170320T033729+0900",
      "endTime" : "20170320T033734+0900",
      "duration" : 5.0,
      "distance" : 3.0,
      "steps" : 7,
      "calories" : 0,
      "trackPoints" : [ ]
    }, {
      "activity" : "walking",
      "group" : "walking",
      "manual" : false,
      "startTime" : "20170320T163655+0900",
      "endTime" : "20170320T163824+0900",
      "duration" : 89.0,
      "distance" : 63.0,
      "steps" : 126,
      "calories" : 3,
      "trackPoints" : [ ]
    } ],
    "lastUpdate" : "20170320T122547Z"
  }, {
    "type" : "move",
    "startTime" : "20170320T164513+0900",
    "endTime" : "20170320T173838+0900",
    "activities" : [ {
      "activity" : "walking",
      "group" : "walking",
      "manual" : false,
      "startTime" : "20170320T164513+0900",
      "endTime" : "20170320T165303+0900",
      "duration" : 470.0,
      "distance" : 615.0,
      "steps" : 658,
      "calories" : 34,
      "trackPoints" : [ {
        "lat" : 35.716781,
        "lon" : 139.72804,
        "time" : "20170320T164513+0900"
      }, {
        "lat" : 35.71682,
        "lon" : 139.72867,
        "time" : "20170320T164547+0900"
      }, {
        "lat" : 35.716811,
        "lon" : 139.72856,
        "time" : "20170320T164603+0900"
      }, {
        "lat" : 35.716775,
        "lon" : 139.72839,
        "time" : "20170320T164640+0900"
      }, {
        "lat" : 35.716782,
        "lon" : 139.72854,
        "time" : "20170320T164702+0900"
      }, {
        "lat" : 35.716806,
        "lon" : 139.72877,
        "time" : "20170320T164721+0900"
      }, {
        "lat" : 35.717089,
        "lon" : 139.72862,
        "time" : "20170320T164753+0900"
      }, {
        "lat" : 35.71773,
        "lon" : 139.72813,
        "time" : "20170320T164841+0900"
      }, {
        "lat" : 35.717937,
        "lon" : 139.72802,
        "time" : "20170320T164856+0900"
      }, {
        "lat" : 35.718169,
        "lon" : 139.72792,
        "time" : "20170320T164928+0900"
      }, {
        "lat" : 35.718238,
        "lon" : 139.72789,
        "time" : "20170320T164951+0900"
      }, {
        "lat" : 35.718261,
        "lon" : 139.72787,
        "time" : "20170320T165010+0900"
      }, {
        "lat" : 35.71828,
        "lon" : 139.72786,
        "time" : "20170320T165026+0900"
      }, {
        "lat" : 35.718322,
        "lon" : 139.72784,
        "time" : "20170320T165046+0900"
      }, {
        "lat" : 35.718524,
        "lon" : 139.72773,
        "time" : "20170320T165116+0900"
      }, {
        "lat" : 35.719324,
        "lon" : 139.72731,
        "time" : "20170320T165139+0900"
      }, {
        "lat" : 35.720135,
        "lon" : 139.72643,
        "time" : "20170320T165303+0900"
      } ]
    }, {
      "activity" : "transport",
      "group" : "transport",
      "manual" : false,
      "startTime" : "20170320T165303+0900",
      "endTime" : "20170320T165703+0900",
      "duration" : 240.0,
      "distance" : 2103.0,
      "trackPoints" : [ {
        "lat" : 35.720135,
        "lon" : 139.72643,
        "time" : "20170320T165303+0900"
      }, {
        "lat" : 35.726613,
        "lon" : 139.71877,
        "time" : "20170320T165443+0900"
      }, {
        "lat" : 35.726632,
        "lon" : 139.7187,
        "time" : "20170320T165505+0900"
      }, {
        "lat" : 35.72663,
        "lon" : 139.71871,
        "time" : "20170320T165526+0900"
      }, {
        "lat" : 35.729433,
        "lon" : 139.71027,
        "time" : "20170320T165703+0900"
      } ]
    }, {
      "activity" : "walking",
      "group" : "walking",
      "manual" : false,
      "startTime" : "20170320T165703+0900",
      "endTime" : "20170320T170003+0900",
      "duration" : 180.0,
      "distance" : 243.0,
      "steps" : 308,
      "calories" : 13,
      "trackPoints" : [ {
        "lat" : 35.729433,
        "lon" : 139.71027,
        "time" : "20170320T165703+0900"
      }, {
        "lat" : 35.729741,
        "lon" : 139.70972,
        "time" : "20170320T165748+0900"
      }, {
        "lat" : 35.729931,
        "lon" : 139.70975,
        "time" : "20170320T165820+0900"
      }, {
        "lat" : 35.730687,
        "lon" : 139.70967,
        "time" : "20170320T165845+0900"
      }, {
        "lat" : 35.731028,
        "lon" : 139.70939,
        "time" : "20170320T165926+0900"
      }, {
        "lat" : 35.731049,
        "lon" : 139.70931,
        "time" : "20170320T165942+0900"
      }, {
        "lat" : 35.731049,
        "lon" : 139.70928,
        "time" : "20170320T165959+0900"
      }, {
        "lat" : 35.731049,
        "lon" : 139.70928,
        "time" : "20170320T170000+0900"
      }, {
        "lat" : 35.73105,
        "lon" : 139.70927,
        "time" : "20170320T170003+0900"
      } ]
    }, {
      "activity" : "transport",
      "group" : "transport",
      "manual" : false,
      "startTime" : "20170320T170003+0900",
      "endTime" : "20170320T171133+0900",
      "duration" : 690.0,
      "distance" : 5389.0,
      "trackPoints" : [ {
        "lat" : 35.73105,
        "lon" : 139.70927,
        "time" : "20170320T170003+0900"
      }, {
        "lat" : 35.731029,
        "lon" : 139.70919,
        "time" : "20170320T170023+0900"
      }, {
        "lat" : 35.731002,
        "lon" : 139.70915,
        "time" : "20170320T170047+0900"
      }, {
        "lat" : 35.730982,
        "lon" : 139.70915,
        "time" : "20170320T170106+0900"
      }, {
        "lat" : 35.730976,
        "lon" : 139.70915,
        "time" : "20170320T170152+0900"
      }, {
        "lat" : 35.730978,
        "lon" : 139.70915,
        "time" : "20170320T170212+0900"
      }, {
        "lat" : 35.689746,
        "lon" : 139.70382,
        "time" : "20170320T171046+0900"
      }, {
        "lat" : 35.690228,
        "lon" : 139.70414,
        "time" : "20170320T171134+0900"
      } ]
    }, {
      "activity" : "walking",
      "group" : "walking",
      "manual" : false,
      "startTime" : "20170320T171134+0900",
      "endTime" : "20170320T172134+0900",
      "duration" : 600.0,
      "distance" : 812.0,
      "steps" : 835,
      "calories" : 45,
      "trackPoints" : [ {
        "lat" : 35.690228,
        "lon" : 139.70414,
        "time" : "20170320T171134+0900"
      }, {
        "lat" : 35.690544,
        "lon" : 139.70434,
        "time" : "20170320T171222+0900"
      }, {
        "lat" : 35.69093,
        "lon" : 139.70455,
        "time" : "20170320T171244+0900"
      }, {
        "lat" : 35.691087,
        "lon" : 139.70451,
        "time" : "20170320T171301+0900"
      }, {
        "lat" : 35.691251,
        "lon" : 139.70424,
        "time" : "20170320T171331+0900"
      }, {
        "lat" : 35.691306,
        "lon" : 139.70398,
        "time" : "20170320T171401+0900"
      }, {
        "lat" : 35.691371,
        "lon" : 139.70357,
        "time" : "20170320T171441+0900"
      }, {
        "lat" : 35.691325,
        "lon" : 139.69944,
        "time" : "20170320T171712+0900"
      }, {
        "lat" : 35.691171,
        "lon" : 139.69938,
        "time" : "20170320T171740+0900"
      }, {
        "lat" : 35.690997,
        "lon" : 139.69934,
        "time" : "20170320T171812+0900"
      }, {
        "lat" : 35.69074,
        "lon" : 139.69968,
        "time" : "20170320T171837+0900"
      }, {
        "lat" : 35.690663,
        "lon" : 139.69972,
        "time" : "20170320T171859+0900"
      }, {
        "lat" : 35.690448,
        "lon" : 139.69978,
        "time" : "20170320T171932+0900"
      }, {
        "lat" : 35.690245,
        "lon" : 139.69995,
        "time" : "20170320T171952+0900"
      }, {
        "lat" : 35.690274,
        "lon" : 139.69998,
        "time" : "20170320T172011+0900"
      }, {
        "lat" : 35.690263,
        "lon" : 139.69998,
        "time" : "20170320T172027+0900"
      }, {
        "lat" : 35.690178,
        "lon" : 139.69992,
        "time" : "20170320T172102+0900"
      }, {
        "lat" : 35.690153,
        "lon" : 139.69991,
        "time" : "20170320T172135+0900"
      } ]
    }, {
      "activity" : "transport",
      "group" : "transport",
      "manual" : false,
      "startTime" : "20170320T172135+0900",
      "endTime" : "20170320T173838+0900",
      "duration" : 1023.0,
      "distance" : 7867.0,
      "trackPoints" : [ {
        "lat" : 35.690153,
        "lon" : 139.69991,
        "time" : "20170320T172135+0900"
      }, {
        "lat" : 35.690134,
        "lon" : 139.69991,
        "time" : "20170320T172155+0900"
      }, {
        "lat" : 35.690109,
        "lon" : 139.69991,
        "time" : "20170320T172212+0900"
      }, {
        "lat" : 35.690095,
        "lon" : 139.69991,
        "time" : "20170320T172233+0900"
      }, {
        "lat" : 35.690089,
        "lon" : 139.69991,
        "time" : "20170320T172250+0900"
      }, {
        "lat" : 35.690089,
        "lon" : 139.69991,
        "time" : "20170320T172309+0900"
      }, {
        "lat" : 35.685154,
        "lon" : 139.70044,
        "time" : "20170320T172357+0900"
      }, {
        "lat" : 35.683984,
        "lon" : 139.69913,
        "time" : "20170320T172438+0900"
      }, {
        "lat" : 35.683575,
        "lon" : 139.69862,
        "time" : "20170320T172456+0900"
      }, {
        "lat" : 35.683575,
        "lon" : 139.69862,
        "time" : "20170320T172519+0900"
      }, {
        "lat" : 35.682339,
        "lon" : 139.69683,
        "time" : "20170320T172541+0900"
      }, {
        "lat" : 35.678874,
        "lon" : 139.69354,
        "time" : "20170320T172626+0900"
      }, {
        "lat" : 35.678862,
        "lon" : 139.69353,
        "time" : "20170320T172654+0900"
      }, {
        "lat" : 35.674275,
        "lon" : 139.69142,
        "time" : "20170320T172726+0900"
      }, {
        "lat" : 35.671967,
        "lon" : 139.69049,
        "time" : "20170320T172743+0900"
      }, {
        "lat" : 35.669851,
        "lon" : 139.68905,
        "time" : "20170320T172816+0900"
      }, {
        "lat" : 35.669757,
        "lon" : 139.68871,
        "time" : "20170320T172838+0900"
      }, {
        "lat" : 35.669738,
        "lon" : 139.68862,
        "time" : "20170320T172901+0900"
      }, {
        "lat" : 35.669673,
        "lon" : 139.68843,
        "time" : "20170320T172921+0900"
      }, {
        "lat" : 35.669513,
        "lon" : 139.68693,
        "time" : "20170320T172937+0900"
      }, {
        "lat" : 35.670021,
        "lon" : 139.68194,
        "time" : "20170320T173005+0900"
      }, {
        "lat" : 35.669291,
        "lon" : 139.68037,
        "time" : "20170320T173021+0900"
      }, {
        "lat" : 35.668992,
        "lon" : 139.67984,
        "time" : "20170320T173047+0900"
      }, {
        "lat" : 35.668787,
        "lon" : 139.67946,
        "time" : "20170320T173108+0900"
      }, {
        "lat" : 35.668214,
        "lon" : 139.67837,
        "time" : "20170320T173134+0900"
      }, {
        "lat" : 35.666969,
        "lon" : 139.67573,
        "time" : "20170320T173150+0900"
      }, {
        "lat" : 35.66566,
        "lon" : 139.6733,
        "time" : "20170320T173218+0900"
      }, {
        "lat" : 35.665495,
        "lon" : 139.67303,
        "time" : "20170320T173245+0900"
      }, {
        "lat" : 35.661128,
        "lon" : 139.66682,
        "time" : "20170320T173359+0900"
      }, {
        "lat" : 35.658168,
        "lon" : 139.66094,
        "time" : "20170320T173550+0900"
      }, {
        "lat" : 35.657067,
        "lon" : 139.65738,
        "time" : "20170320T173628+0900"
      }, {
        "lat" : 35.656463,
        "lon" : 139.65506,
        "time" : "20170320T173650+0900"
      }, {
        "lat" : 35.655978,
        "lon" : 139.6535,
        "time" : "20170320T173712+0900"
      }, {
        "lat" : 35.655918,
        "lon" : 139.65333,
        "time" : "20170320T173733+0900"
      }, {
        "lat" : 35.655883,
        "lon" : 139.65316,
        "time" : "20170320T173749+0900"
      }, {
        "lat" : 35.654904,
        "lon" : 139.65009,
        "time" : "20170320T173819+0900"
      }, {
        "lat" : 35.653749,
        "lon" : 139.64709,
        "time" : "20170320T173838+0900"
      } ]
    } ],
    "lastUpdate" : "20170320T122547Z"
  }, {
    "type" : "place",
    "startTime" : "20170320T173838+0900",
    "endTime" : "20170320T174204+0900",
    "place" : {
      "id" : 429473588,
      "type" : "unknown",
      "location" : {
        "lat" : 35.653749,
        "lon" : 139.64709
      }
    },
    "activities" : [ {
      "activity" : "walking",
      "group" : "walking",
      "manual" : false,
      "startTime" : "20170320T173855+0900",
      "endTime" : "20170320T173951+0900",
      "duration" : 56.0,
      "distance" : 37.0,
      "steps" : 75,
      "calories" : 2,
      "trackPoints" : [ ]
    } ],
    "lastUpdate" : "20170320T122547Z"
  }, {
    "type" : "move",
    "startTime" : "20170320T174204+0900",
    "endTime" : "20170320T175023+0900",
    "activities" : [ {
      "activity" : "walking",
      "group" : "walking",
      "manual" : false,
      "startTime" : "20170320T174204+0900",
      "endTime" : "20170320T175023+0900",
      "duration" : 499.0,
      "distance" : 666.0,
      "steps" : 790,
      "calories" : 37,
      "trackPoints" : [ {
        "lat" : 35.653749,
        "lon" : 139.64709,
        "time" : "20170320T174204+0900"
      }, {
        "lat" : 35.653732,
        "lon" : 139.64705,
        "time" : "20170320T174227+0900"
      }, {
        "lat" : 35.653721,
        "lon" : 139.647,
        "time" : "20170320T174250+0900"
      }, {
        "lat" : 35.65374,
        "lon" : 139.64693,
        "time" : "20170320T174320+0900"
      }, {
        "lat" : 35.653347,
        "lon" : 139.64691,
        "time" : "20170320T174346+0900"
      }, {
        "lat" : 35.653265,
        "lon" : 139.64693,
        "time" : "20170320T174404+0900"
      }, {
        "lat" : 35.653562,
        "lon" : 139.6469,
        "time" : "20170320T174423+0900"
      }, {
        "lat" : 35.65355,
        "lon" : 139.64663,
        "time" : "20170320T174439+0900"
      }, {
        "lat" : 35.653387,
        "lon" : 139.64574,
        "time" : "20170320T174538+0900"
      }, {
        "lat" : 35.652913,
        "lon" : 139.64374,
        "time" : "20170320T174733+0900"
      }, {
        "lat" : 35.652877,
        "lon" : 139.64347,
        "time" : "20170320T174751+0900"
      }, {
        "lat" : 35.652864,
        "lon" : 139.64325,
        "time" : "20170320T174813+0900"
      }, {
        "lat" : 35.65275,
        "lon" : 139.64152,
        "time" : "20170320T175023+0900"
      } ]
    } ],
    "lastUpdate" : "20170320T122547Z"
  }, {
    "type" : "place",
    "startTime" : "20170320T175024+0900",
    "endTime" : "20170320T194105+0900",
    "place" : {
      "id" : 429473589,
      "type" : "unknown",
      "location" : {
        "lat" : 35.65275,
        "lon" : 139.64152
      }
    },
    "activities" : [ {
      "activity" : "walking",
      "group" : "walking",
      "manual" : false,
      "startTime" : "20170320T180746+0900",
      "endTime" : "20170320T181200+0900",
      "duration" : 254.0,
      "distance" : 261.0,
      "steps" : 348,
      "calories" : 14,
      "trackPoints" : [ ]
    }, {
      "activity" : "walking",
      "group" : "walking",
      "manual" : false,
      "startTime" : "20170320T190722+0900",
      "endTime" : "20170320T191112+0900",
      "duration" : 230.0,
      "distance" : 261.0,
      "steps" : 348,
      "calories" : 14,
      "trackPoints" : [ ]
    } ],
    "lastUpdate" : "20170320T122548Z"
  }, {
    "type" : "move",
    "startTime" : "20170320T194105+0900",
    "endTime" : "20170320T194730+0900",
    "activities" : [ {
      "activity" : "walking",
      "group" : "walking",
      "manual" : false,
      "startTime" : "20170320T194105+0900",
      "endTime" : "20170320T194730+0900",
      "duration" : 385.0,
      "distance" : 464.0,
      "steps" : 611,
      "calories" : 26,
      "trackPoints" : [ {
        "lat" : 35.65275,
        "lon" : 139.64152,
        "time" : "20170320T194105+0900"
      }, {
        "lat" : 35.652807,
        "lon" : 139.643,
        "time" : "20170320T194121+0900"
      }, {
        "lat" : 35.653325,
        "lon" : 139.64543,
        "time" : "20170320T194445+0900"
      }, {
        "lat" : 35.653366,
        "lon" : 139.64557,
        "time" : "20170320T194506+0900"
      }, {
        "lat" : 35.653387,
        "lon" : 139.64567,
        "time" : "20170320T194521+0900"
      }, {
        "lat" : 35.653522,
        "lon" : 139.64609,
        "time" : "20170320T194730+0900"
      } ]
    } ],
    "lastUpdate" : "20170320T122548Z"
  }, {
    "type" : "place",
    "startTime" : "20170320T194731+0900",
    "endTime" : "20170320T195033+0900",
    "place" : {
      "id" : 429473615,
      "type" : "unknown",
      "location" : {
        "lat" : 35.653681,
        "lon" : 139.64669
      }
    },
    "activities" : [ {
      "activity" : "walking",
      "group" : "walking",
      "manual" : false,
      "startTime" : "20170320T194731+0900",
      "endTime" : "20170320T194850+0900",
      "duration" : 79.0,
      "distance" : 55.0,
      "steps" : 111,
      "calories" : 3,
      "trackPoints" : [ ]
    } ],
    "lastUpdate" : "20170320T122549Z"
  }, {
    "type" : "move",
    "startTime" : "20170320T195033+0900",
    "endTime" : "20170320T200224+0900",
    "activities" : [ {
      "activity" : "walking",
      "group" : "walking",
      "manual" : false,
      "startTime" : "20170320T195033+0900",
      "endTime" : "20170320T200224+0900",
      "duration" : 711.0,
      "distance" : 937.0,
      "steps" : 1062,
      "calories" : 52,
      "trackPoints" : [ {
        "lat" : 35.653681,
        "lon" : 139.64669,
        "time" : "20170320T195033+0900"
      }, {
        "lat" : 35.653266,
        "lon" : 139.64533,
        "time" : "20170320T195244+0900"
      }, {
        "lat" : 35.653279,
        "lon" : 139.64513,
        "time" : "20170320T195303+0900"
      }, {
        "lat" : 35.653262,
        "lon" : 139.64503,
        "time" : "20170320T195318+0900"
      }, {
        "lat" : 35.652825,
        "lon" : 139.64268,
        "time" : "20170320T195656+0900"
      }, {
        "lat" : 35.652854,
        "lon" : 139.64234,
        "time" : "20170320T195722+0900"
      }, {
        "lat" : 35.652398,
        "lon" : 139.64031,
        "time" : "20170320T195959+0900"
      }, {
        "lat" : 35.652398,
        "lon" : 139.64031,
        "time" : "20170320T200000+0900"
      }, {
        "lat" : 35.652212,
        "lon" : 139.63949,
        "time" : "20170320T200104+0900"
      }, {
        "lat" : 35.652222,
        "lon" : 139.63937,
        "time" : "20170320T200125+0900"
      }, {
        "lat" : 35.651659,
        "lon" : 139.63786,
        "time" : "20170320T200224+0900"
      } ]
    } ],
    "lastUpdate" : "20170320T122549Z"
  }, {
    "type" : "place",
    "startTime" : "20170320T200225+0900",
    "endTime" : "20170320T201237+0900",
    "place" : {
      "id" : 429473616,
      "type" : "unknown",
      "location" : {
        "lat" : 35.651659,
        "lon" : 139.63786
      }
    },
    "activities" : [ {
      "activity" : "walking",
      "group" : "walking",
      "manual" : false,
      "startTime" : "20170320T200351+0900",
      "endTime" : "20170320T200842+0900",
      "duration" : 291.0,
      "distance" : 314.0,
      "steps" : 419,
      "calories" : 17,
      "trackPoints" : [ ]
    } ],
    "lastUpdate" : "20170320T122549Z"
  }, {
    "type" : "move",
    "startTime" : "20170320T201237+0900",
    "endTime" : "20170320T201859+0900",
    "activities" : [ {
      "activity" : "walking",
      "group" : "walking",
      "manual" : false,
      "startTime" : "20170320T201237+0900",
      "endTime" : "20170320T201859+0900",
      "duration" : 382.0,
      "distance" : 354.0,
      "steps" : 508,
      "calories" : 20,
      "trackPoints" : [ {
        "lat" : 35.651659,
        "lon" : 139.63786,
        "time" : "20170320T201237+0900"
      }, {
        "lat" : 35.650959,
        "lon" : 139.63718,
        "time" : "20170320T201253+0900"
      }, {
        "lat" : 35.650755,
        "lon" : 139.63709,
        "time" : "20170320T201329+0900"
      }, {
        "lat" : 35.649185,
        "lon" : 139.63669,
        "time" : "20170320T201625+0900"
      }, {
        "lat" : 35.649095,
        "lon" : 139.63655,
        "time" : "20170320T201646+0900"
      }, {
        "lat" : 35.649101,
        "lon" : 139.63649,
        "time" : "20170320T201859+0900"
      } ]
    } ],
    "lastUpdate" : "20170320T122549Z"
  }, {
    "type" : "place",
    "startTime" : "20170320T201900+0900",
    "endTime" : "20170320T220051+0900",
    "place" : {
      "id" : 429473617,
      "type" : "unknown",
      "location" : {
        "lat" : 35.649101,
        "lon" : 139.63649
      }
    },
    "activities" : [ {
      "activity" : "walking",
      "group" : "walking",
      "manual" : false,
      "startTime" : "20170320T202027+0900",
      "endTime" : "20170320T202634+0900",
      "duration" : 367.0,
      "distance" : 384.0,
      "steps" : 513,
      "calories" : 21,
      "trackPoints" : [ ]
    }, {
      "activity" : "walking",
      "group" : "walking",
      "manual" : false,
      "startTime" : "20170320T210751+0900",
      "endTime" : "20170320T210842+0900",
      "duration" : 51.0,
      "distance" : 34.0,
      "steps" : 69,
      "calories" : 2,
      "trackPoints" : [ ]
    }, {
      "activity" : "walking",
      "group" : "walking",
      "manual" : false,
      "startTime" : "20170320T220045+0900",
      "endTime" : "20170320T220314+0900",
      "duration" : 149.0,
      "distance" : 149.0,
      "steps" : 198,
      "calories" : 8,
      "trackPoints" : [ ]
    } ],
    "lastUpdate" : "20170320T135648Z"
  }, {
    "type" : "move",
    "startTime" : "20170320T220051+0900",
    "endTime" : "20170320T220703+0900",
    "activities" : [ {
      "activity" : "walking",
      "group" : "walking",
      "manual" : false,
      "startTime" : "20170320T220051+0900",
      "endTime" : "20170320T220703+0900",
      "duration" : 372.0,
      "distance" : 269.0,
      "steps" : 470,
      "calories" : 15,
      "trackPoints" : [ {
        "lat" : 35.649101,
        "lon" : 139.63649,
        "time" : "20170320T220051+0900"
      }, {
        "lat" : 35.64974,
        "lon" : 139.63672,
        "time" : "20170320T220150+0900"
      }, {
        "lat" : 35.649919,
        "lon" : 139.63677,
        "time" : "20170320T220211+0900"
      }, {
        "lat" : 35.65033,
        "lon" : 139.63662,
        "time" : "20170320T220345+0900"
      }, {
        "lat" : 35.650508,
        "lon" : 139.63652,
        "time" : "20170320T220430+0900"
      }, {
        "lat" : 35.650773,
        "lon" : 139.63637,
        "time" : "20170320T220537+0900"
      }, {
        "lat" : 35.650906,
        "lon" : 139.6363,
        "time" : "20170320T220611+0900"
      }, {
        "lat" : 35.651106,
        "lon" : 139.63619,
        "time" : "20170320T220703+0900"
      } ]
    } ],
    "lastUpdate" : "20170320T135648Z"
  }, {
    "type" : "place",
    "startTime" : "20170320T220703+0900",
    "endTime" : "20170320T221342+0900",
    "place" : {
      "id" : 429510476,
      "type" : "unknown",
      "location" : {
        "lat" : 35.651106,
        "lon" : 139.63619
      }
    },
    "activities" : [ {
      "activity" : "walking",
      "group" : "walking",
      "manual" : false,
      "startTime" : "20170320T221149+0900",
      "endTime" : "20170320T221200+0900",
      "duration" : 11.0,
      "distance" : 7.0,
      "steps" : 15,
      "calories" : 0,
      "trackPoints" : [ ]
    } ],
    "lastUpdate" : "20170320T152826Z"
  }, {
    "type" : "move",
    "startTime" : "20170320T221342+0900",
    "endTime" : "20170320T231433+0900",
    "activities" : [ {
      "activity" : "transport",
      "group" : "transport",
      "manual" : false,
      "startTime" : "20170320T221342+0900",
      "endTime" : "20170320T230904+0900",
      "duration" : 3322.0,
      "distance" : 13118.0,
      "trackPoints" : [ {
        "lat" : 35.651106,
        "lon" : 139.63619,
        "time" : "20170320T221342+0900"
      }, {
        "lat" : 35.668169,
        "lon" : 139.67801,
        "time" : "20170320T222028+0900"
      }, {
        "lat" : 35.668321,
        "lon" : 139.6784,
        "time" : "20170320T222053+0900"
      }, {
        "lat" : 35.668814,
        "lon" : 139.67943,
        "time" : "20170320T222112+0900"
      }, {
        "lat" : 35.67706,
        "lon" : 139.69517,
        "time" : "20170320T222447+0900"
      }, {
        "lat" : 35.679753,
        "lon" : 139.69698,
        "time" : "20170320T222543+0900"
      }, {
        "lat" : 35.703067,
        "lon" : 139.72037,
        "time" : "20170320T225959+0900"
      }, {
        "lat" : 35.703068,
        "lon" : 139.72037,
        "time" : "20170320T230000+0900"
      }, {
        "lat" : 35.703978,
        "lon" : 139.72128,
        "time" : "20170320T230120+0900"
      }, {
        "lat" : 35.716557,
        "lon" : 139.72803,
        "time" : "20170320T230904+0900"
      } ]
    }, {
      "activity" : "walking",
      "group" : "walking",
      "manual" : false,
      "startTime" : "20170320T230904+0900",
      "endTime" : "20170320T231433+0900",
      "duration" : 329.0,
      "distance" : 188.0,
      "steps" : 377,
      "calories" : 10,
      "trackPoints" : [ {
        "lat" : 35.716557,
        "lon" : 139.72803,
        "time" : "20170320T230904+0900"
      }, {
        "lat" : 35.717257,
        "lon" : 139.72815,
        "time" : "20170320T231155+0900"
      }, {
        "lat" : 35.717119,
        "lon" : 139.72821,
        "time" : "20170320T231221+0900"
      }, {
        "lat" : 35.717068,
        "lon" : 139.72814,
        "time" : "20170320T231433+0900"
      } ]
    } ],
    "lastUpdate" : "20170320T152826Z"
  }, {
    "type" : "place",
    "startTime" : "20170320T231434+0900",
    "endTime" : "20170321T164647+0900",
    "place" : {
      "id" : 389704356,
      "type" : "unknown",
      "location" : {
        "lat" : 35.717068,
        "lon" : 139.72814
      }
    },
    "activities" : [ {
      "activity" : "walking",
      "group" : "walking",
      "manual" : false,
      "startTime" : "20170320T231434+0900",
      "endTime" : "20170320T231448+0900",
      "duration" : 14.0,
      "distance" : 9.0,
      "steps" : 19,
      "calories" : 0,
      "trackPoints" : [ ]
    } ],
    "lastUpdate" : "20170321T092415Z"
  } ],
  "caloriesIdle" : 1596,
  "lastUpdate" : "20170321T092415Z"
} ]