[ {
  "date" : "20150306",
  "summary" : [ {
    "activity" : "walking",
    "group" : "walking",
    "duration" : 4465.0,
    "distance" : 5751.0,
    "steps" : 8244,
    "calories" : 341
  }, {
    "activity" : "transport",
    "group" : "transport",
    "duration" : 7061.0,
    "distance" : 83633.0
  }, {
    "activity" : "running",
    "group" : "running",
    "duration" : 126.0,
    "distance" : 247.0,
    "steps" : 352,
    "calories" : 18
  } ],
  "segments" : [ {
    "type" : "place",
    "startTime" : "20150305T192726+0900",
    "endTime" : "20150306T132625+0900",
    "place" : {
      "id" : 98345442,
      "type" : "unknown",
      "location" : {
        "lat" : 35.7168392789,
        "lon" : 139.7283806079
      }
    },
    "activities" : [ {
      "activity" : "walking",
      "group" : "walking",
      "manual" : false,
      "startTime" : "20150306T132428+0900",
      "endTime" : "20150306T135101+0900",
      "duration" : 1593.0,
      "distance" : 2398.0,
      "steps" : 3198,
      "calories" : 142,
      "trackPoints" : [ ]
    } ],
    "lastUpdate" : "20150306T093018Z"
  }, {
    "type" : "move",
    "startTime" : "20150306T132625+0900",
    "endTime" : "20150306T141112+0900",
    "activities" : [ {
      "activity" : "running",
      "group" : "running",
      "manual" : false,
      "startTime" : "20150306T132625+0900",
      "endTime" : "20150306T132831+0900",
      "duration" : 126.0,
      "distance" : 247.0,
      "steps" : 352,
      "calories" : 18,
      "trackPoints" : [ {
        "lat" : 35.7168392789,
        "lon" : 139.7283806079,
        "time" : "20150306T132625+0900"
      }, {
        "lat" : 35.717544817,
        "lon" : 139.7282217446,
        "time" : "20150306T132650+0900"
      }, {
        "lat" : 35.7178269425,
        "lon" : 139.7280484873,
        "time" : "20150306T132706+0900"
      }, {
        "lat" : 35.7180095766,
        "lon" : 139.7279542136,
        "time" : "20150306T132746+0900"
      }, {
        "lat" : 35.7181073365,
        "lon" : 139.7279050644,
        "time" : "20150306T132832+0900"
      } ]
    }, {
      "activity" : "transport",
      "group" : "transport",
      "manual" : false,
      "startTime" : "20150306T132832+0900",
      "endTime" : "20150306T133602+0900",
      "duration" : 450.0,
      "distance" : 3423.0,
      "trackPoints" : [ {
        "lat" : 35.7181073365,
        "lon" : 139.7279050644,
        "time" : "20150306T132832+0900"
      }, {
        "lat" : 35.718022416,
        "lon" : 139.7279347277,
        "time" : "20150306T132853+0900"
      }, {
        "lat" : 35.6921407233,
        "lon" : 139.735897314,
        "time" : "20150306T133602+0900"
      } ]
    }, {
      "activity" : "walking",
      "group" : "walking",
      "manual" : false,
      "startTime" : "20150306T133602+0900",
      "endTime" : "20150306T133832+0900",
      "duration" : 150.0,
      "distance" : 138.0,
      "steps" : 275,
      "calories" : 8,
      "trackPoints" : [ {
        "lat" : 35.6921407233,
        "lon" : 139.735897314,
        "time" : "20150306T133602+0900"
      }, {
        "lat" : 35.6916893438,
        "lon" : 139.7360514354,
        "time" : "20150306T133702+0900"
      }, {
        "lat" : 35.6916737539,
        "lon" : 139.7360479827,
        "time" : "20150306T133728+0900"
      }, {
        "lat" : 35.6916733785,
        "lon" : 139.7360512241,
        "time" : "20150306T133816+0900"
      }, {
        "lat" : 35.6916731413,
        "lon" : 139.7360620388,
        "time" : "20150306T133832+0900"
      } ]
    }, {
      "activity" : "transport",
      "group" : "transport",
      "manual" : false,
      "startTime" : "20150306T133832+0900",
      "endTime" : "20150306T140632+0900",
      "duration" : 1680.0,
      "distance" : 21419.0,
      "trackPoints" : [ {
        "lat" : 35.6916731413,
        "lon" : 139.7360620388,
        "time" : "20150306T133832+0900"
      }, {
        "lat" : 35.6916768727,
        "lon" : 139.7361189959,
        "time" : "20150306T133853+0900"
      }, {
        "lat" : 35.6916801945,
        "lon" : 139.7361867048,
        "time" : "20150306T133918+0900"
      }, {
        "lat" : 35.6916847838,
        "lon" : 139.7362773086,
        "time" : "20150306T133937+0900"
      }, {
        "lat" : 35.6916872386,
        "lon" : 139.7363264344,
        "time" : "20150306T133956+0900"
      }, {
        "lat" : 35.6916893362,
        "lon" : 139.7363694219,
        "time" : "20150306T134031+0900"
      }, {
        "lat" : 35.6916919178,
        "lon" : 139.7364213311,
        "time" : "20150306T134048+0900"
      }, {
        "lat" : 35.6916945418,
        "lon" : 139.7364743731,
        "time" : "20150306T134124+0900"
      }, {
        "lat" : 35.6916979581,
        "lon" : 139.7365399113,
        "time" : "20150306T134201+0900"
      }, {
        "lat" : 35.6917212632,
        "lon" : 139.7371135286,
        "time" : "20150306T134221+0900"
      }, {
        "lat" : 35.6917623252,
        "lon" : 139.7381204175,
        "time" : "20150306T134246+0900"
      }, {
        "lat" : 35.6902788835,
        "lon" : 139.8432120382,
        "time" : "20150306T135654+0900"
      }, {
        "lat" : 35.6897451583,
        "lon" : 139.8478186494,
        "time" : "20150306T135720+0900"
      }, {
        "lat" : 35.6865054338,
        "lon" : 139.8555501795,
        "time" : "20150306T135758+0900"
      }, {
        "lat" : 35.6849046779,
        "lon" : 139.8588799352,
        "time" : "20150306T135817+0900"
      }, {
        "lat" : 35.6842325773,
        "lon" : 139.8609909302,
        "time" : "20150306T135843+0900"
      }, {
        "lat" : 35.683883466,
        "lon" : 139.8637885517,
        "time" : "20150306T135901+0900"
      }, {
        "lat" : 35.6839590709,
        "lon" : 139.8642246882,
        "time" : "20150306T135936+0900"
      }, {
        "lat" : 35.6860788987,
        "lon" : 139.8676785844,
        "time" : "20150306T135959+0900"
      }, {
        "lat" : 35.6860798043,
        "lon" : 139.86768006,
        "time" : "20150306T140000+0900"
      }, {
        "lat" : 35.721578314,
        "lon" : 139.9255187994,
        "time" : "20150306T140631+0900"
      } ]
    }, {
      "activity" : "walking",
      "group" : "walking",
      "manual" : false,
      "startTime" : "20150306T140631+0900",
      "endTime" : "20150306T141111+0900",
      "duration" : 280.0,
      "distance" : 433.0,
      "steps" : 546,
      "calories" : 26,
      "trackPoints" : [ {
        "lat" : 35.721578314,
        "lon" : 139.9255187994,
        "time" : "20150306T140631+0900"
      }, {
        "lat" : 35.7219948279,
        "lon" : 139.9261935694,
        "time" : "20150306T140705+0900"
      }, {
        "lat" : 35.722132568,
        "lon" : 139.9263173038,
        "time" : "20150306T140721+0900"
      }, {
        "lat" : 35.7230241297,
        "lon" : 139.9270201902,
        "time" : "20150306T140755+0900"
      }, {
        "lat" : 35.723529816,
        "lon" : 139.9274278274,
        "time" : "20150306T140822+0900"
      }, {
        "lat" : 35.7237527242,
        "lon" : 139.9276264279,
        "time" : "20150306T140845+0900"
      }, {
        "lat" : 35.7238615507,
        "lon" : 139.927732317,
        "time" : "20150306T140904+0900"
      }, {
        "lat" : 35.7238942145,
        "lon" : 139.9277792615,
        "time" : "20150306T140925+0900"
      }, {
        "lat" : 35.7239219353,
        "lon" : 139.9278652038,
        "time" : "20150306T141003+0900"
      }, {
        "lat" : 35.7238838588,
        "lon" : 139.9279615619,
        "time" : "20150306T141026+0900"
      }, {
        "lat" : 35.7238492449,
        "lon" : 139.9281141898,
        "time" : "20150306T141049+0900"
      }, {
        "lat" : 35.7239024917,
        "lon" : 139.9284981974,
        "time" : "20150306T141112+0900"
      } ]
    } ],
    "lastUpdate" : "20150306T093018Z"
  }, {
    "type" : "place",
    "startTime" : "20150306T141112+0900",
    "endTime" : "20150306T141836+0900",
    "place" : {
      "id" : 130581538,
      "type" : "unknown",
      "location" : {
        "lat" : 35.7239024917,
        "lon" : 139.9284981974
      }
    },
    "lastUpdate" : "20150306T093018Z"
  }, {
    "type" : "move",
    "startTime" : "20150306T141836+0900",
    "endTime" : "20150306T144851+0900",
    "activities" : [ {
      "activity" : "transport",
      "group" : "transport",
      "manual" : false,
      "startTime" : "20150306T141836+0900",
      "endTime" : "20150306T143709+0900",
      "duration" : 1113.0,
      "distance" : 16521.0,
      "trackPoints" : [ {
        "lat" : 35.7239024917,
        "lon" : 139.9284981974,
        "time" : "20150306T141836+0900"
      }, {
        "lat" : 35.7228695209,
        "lon" : 139.9298344691,
        "time" : "20150306T141901+0900"
      }, {
        "lat" : 35.7215156057,
        "lon" : 139.9345735652,
        "time" : "20150306T141923+0900"
      }, {
        "lat" : 35.7198818532,
        "lon" : 139.9377049463,
        "time" : "20150306T141939+0900"
      }, {
        "lat" : 35.716938692,
        "lon" : 139.9445678324,
        "time" : "20150306T142013+0900"
      }, {
        "lat" : 35.7156253531,
        "lon" : 139.948137576,
        "time" : "20150306T142030+0900"
      }, {
        "lat" : 35.7144001918,
        "lon" : 139.9530889002,
        "time" : "20150306T142051+0900"
      }, {
        "lat" : 35.7120279509,
        "lon" : 139.9583713046,
        "time" : "20150306T142116+0900"
      }, {
        "lat" : 35.7109373031,
        "lon" : 139.9612499912,
        "time" : "20150306T142138+0900"
      }, {
        "lat" : 35.710430942,
        "lon" : 139.9650202554,
        "time" : "20150306T142156+0900"
      }, {
        "lat" : 35.7085845642,
        "lon" : 139.9677004362,
        "time" : "20150306T142211+0900"
      }, {
        "lat" : 35.7062142216,
        "lon" : 139.971536538,
        "time" : "20150306T142236+0900"
      }, {
        "lat" : 35.704122849,
        "lon" : 139.9766925048,
        "time" : "20150306T142256+0900"
      }, {
        "lat" : 35.7017303915,
        "lon" : 139.9796268896,
        "time" : "20150306T142319+0900"
      }, {
        "lat" : 35.70036923,
        "lon" : 139.9824412102,
        "time" : "20150306T142336+0900"
      }, {
        "lat" : 35.7001494497,
        "lon" : 139.9852397644,
        "time" : "20150306T142353+0900"
      }, {
        "lat" : 35.7002917776,
        "lon" : 139.9857408718,
        "time" : "20150306T142410+0900"
      }, {
        "lat" : 35.7003601231,
        "lon" : 139.9860185858,
        "time" : "20150306T142426+0900"
      }, {
        "lat" : 35.7003251178,
        "lon" : 139.9860850476,
        "time" : "20150306T142451+0900"
      }, {
        "lat" : 35.7007006217,
        "lon" : 139.9909884289,
        "time" : "20150306T142523+0900"
      }, {
        "lat" : 35.6987397213,
        "lon" : 139.9917878277,
        "time" : "20150306T142539+0900"
      }, {
        "lat" : 35.6958946428,
        "lon" : 139.9911266263,
        "time" : "20150306T142600+0900"
      }, {
        "lat" : 35.6928113856,
        "lon" : 139.9922965435,
        "time" : "20150306T142619+0900"
      }, {
        "lat" : 35.6894161253,
        "lon" : 139.998985686,
        "time" : "20150306T142648+0900"
      }, {
        "lat" : 35.6872995763,
        "lon" : 140.0036038632,
        "time" : "20150306T142710+0900"
      }, {
        "lat" : 35.6843976155,
        "lon" : 140.0106335953,
        "time" : "20150306T142744+0900"
      }, {
        "lat" : 35.6843440787,
        "lon" : 140.0179391489,
        "time" : "20150306T142816+0900"
      }, {
        "lat" : 35.6842389681,
        "lon" : 140.0216763113,
        "time" : "20150306T142836+0900"
      }, {
        "lat" : 35.6840254456,
        "lon" : 140.0238425943,
        "time" : "20150306T142856+0900"
      }, {
        "lat" : 35.6836743324,
        "lon" : 140.0248938974,
        "time" : "20150306T142920+0900"
      }, {
        "lat" : 35.6836619385,
        "lon" : 140.0249193877,
        "time" : "20150306T142939+0900"
      }, {
        "lat" : 35.6836522956,
        "lon" : 140.0249415506,
        "time" : "20150306T142957+0900"
      }, {
        "lat" : 35.6836443083,
        "lon" : 140.0249610223,
        "time" : "20150306T143013+0900"
      }, {
        "lat" : 35.6836354737,
        "lon" : 140.024984295,
        "time" : "20150306T143032+0900"
      }, {
        "lat" : 35.6836276061,
        "lon" : 140.0250053632,
        "time" : "20150306T143050+0900"
      }, {
        "lat" : 35.6836164246,
        "lon" : 140.0250223785,
        "time" : "20150306T143114+0900"
      }, {
        "lat" : 35.6835835495,
        "lon" : 140.0251573609,
        "time" : "20150306T143148+0900"
      }, {
        "lat" : 35.6831757026,
        "lon" : 140.02690136,
        "time" : "20150306T143232+0900"
      }, {
        "lat" : 35.6821456672,
        "lon" : 140.0285830145,
        "time" : "20150306T143254+0900"
      }, {
        "lat" : 35.6817509133,
        "lon" : 140.0348497191,
        "time" : "20150306T143339+0900"
      }, {
        "lat" : 35.6844914912,
        "lon" : 140.0410401704,
        "time" : "20150306T143408+0900"
      }, {
        "lat" : 35.6860195898,
        "lon" : 140.0480604157,
        "time" : "20150306T143440+0900"
      }, {
        "lat" : 35.6860072379,
        "lon" : 140.0489624473,
        "time" : "20150306T143458+0900"
      }, {
        "lat" : 35.6860802611,
        "lon" : 140.0492405856,
        "time" : "20150306T143521+0900"
      }, {
        "lat" : 35.6860441039,
        "lon" : 140.0512373592,
        "time" : "20150306T143540+0900"
      }, {
        "lat" : 35.6860437368,
        "lon" : 140.0589061896,
        "time" : "20150306T143606+0900"
      }, {
        "lat" : 35.6865886861,
        "lon" : 140.0662738003,
        "time" : "20150306T143634+0900"
      }, {
        "lat" : 35.6869338205,
        "lon" : 140.0682413864,
        "time" : "20150306T143654+0900"
      }, {
        "lat" : 35.6870671561,
        "lon" : 140.0685257315,
        "time" : "20150306T143710+0900"
      } ]
    }, {
      "activity" : "walking",
      "group" : "walking",
      "manual" : false,
      "startTime" : "20150306T143710+0900",
      "endTime" : "20150306T144851+0900",
      "duration" : 701.0,
      "distance" : 886.0,
      "steps" : 1352,
      "calories" : 52,
      "trackPoints" : [ {
        "lat" : 35.6870671561,
        "lon" : 140.0685257315,
        "time" : "20150306T143710+0900"
      }, {
        "lat" : 35.6870906043,
        "lon" : 140.0685820935,
        "time" : "20150306T143740+0900"
      }, {
        "lat" : 35.6873657113,
        "lon" : 140.0687733939,
        "time" : "20150306T143806+0900"
      }, {
        "lat" : 35.6883800253,
        "lon" : 140.0691188672,
        "time" : "20150306T143925+0900"
      }, {
        "lat" : 35.6885161127,
        "lon" : 140.0691860062,
        "time" : "20150306T143949+0900"
      }, {
        "lat" : 35.6886523605,
        "lon" : 140.0692413674,
        "time" : "20150306T144005+0900"
      }, {
        "lat" : 35.688979756,
        "lon" : 140.0692181758,
        "time" : "20150306T144031+0900"
      }, {
        "lat" : 35.6894547176,
        "lon" : 140.069207354,
        "time" : "20150306T144100+0900"
      }, {
        "lat" : 35.6897993291,
        "lon" : 140.0691976432,
        "time" : "20150306T144123+0900"
      }, {
        "lat" : 35.6903598743,
        "lon" : 140.0694098939,
        "time" : "20150306T144159+0900"
      }, {
        "lat" : 35.6905529788,
        "lon" : 140.069786979,
        "time" : "20150306T144224+0900"
      }, {
        "lat" : 35.6905665645,
        "lon" : 140.0701537144,
        "time" : "20150306T144249+0900"
      }, {
        "lat" : 35.6905448228,
        "lon" : 140.0705020364,
        "time" : "20150306T144311+0900"
      }, {
        "lat" : 35.6905690022,
        "lon" : 140.0706220108,
        "time" : "20150306T144328+0900"
      }, {
        "lat" : 35.6905183112,
        "lon" : 140.0708892278,
        "time" : "20150306T144355+0900"
      }, {
        "lat" : 35.6903242479,
        "lon" : 140.0713758437,
        "time" : "20150306T144418+0900"
      }, {
        "lat" : 35.6902251235,
        "lon" : 140.0717111114,
        "time" : "20150306T144433+0900"
      }, {
        "lat" : 35.6901724679,
        "lon" : 140.0721400595,
        "time" : "20150306T144455+0900"
      }, {
        "lat" : 35.6901283699,
        "lon" : 140.0725082208,
        "time" : "20150306T144522+0900"
      }, {
        "lat" : 35.6901082358,
        "lon" : 140.0726779839,
        "time" : "20150306T144549+0900"
      }, {
        "lat" : 35.690228437,
        "lon" : 140.0729609435,
        "time" : "20150306T144618+0900"
      }, {
        "lat" : 35.6904726516,
        "lon" : 140.0730849197,
        "time" : "20150306T144642+0900"
      }, {
        "lat" : 35.6907386705,
        "lon" : 140.073221003,
        "time" : "20150306T144703+0900"
      }, {
        "lat" : 35.6909363892,
        "lon" : 140.0733840259,
        "time" : "20150306T144719+0900"
      }, {
        "lat" : 35.691078429,
        "lon" : 140.073440979,
        "time" : "20150306T144742+0900"
      }, {
        "lat" : 35.6911876055,
        "lon" : 140.0735211073,
        "time" : "20150306T144805+0900"
      }, {
        "lat" : 35.6912398103,
        "lon" : 140.0735193368,
        "time" : "20150306T144828+0900"
      }, {
        "lat" : 35.6913110976,
        "lon" : 140.0735591589,
        "time" : "20150306T144851+0900"
      } ]
    } ],
    "lastUpdate" : "20150306T093018Z"
  }, {
    "type" : "place",
    "startTime" : "20150306T144851+0900",
    "endTime" : "20150306T181051+0900",
    "place" : {
      "id" : 99571412,
      "type" : "unknown",
      "location" : {
        "lat" : 35.6913110976,
        "lon" : 140.0735591589
      }
    },
    "lastUpdate" : "20150306T140901Z"
  }, {
    "type" : "move",
    "startTime" : "20150306T181051+0900",
    "endTime" : "20150306T184100+0900",
    "activities" : [ {
      "activity" : "transport",
      "group" : "transport",
      "manual" : false,
      "startTime" : "20150306T181051+0900",
      "endTime" : "20150306T181425+0900",
      "duration" : 214.0,
      "distance" : 739.0,
      "trackPoints" : [ {
        "lat" : 35.6913110976,
        "lon" : 140.0735591589,
        "time" : "20150306T181051+0900"
      }, {
        "lat" : 35.6899674492,
        "lon" : 140.0727102501,
        "time" : "20150306T181225+0900"
      }, {
        "lat" : 35.6894951075,
        "lon" : 140.0717593088,
        "time" : "20150306T181254+0900"
      }, {
        "lat" : 35.6880265249,
        "lon" : 140.0695230163,
        "time" : "20150306T181343+0900"
      }, {
        "lat" : 35.6877573284,
        "lon" : 140.0689744195,
        "time" : "20150306T181405+0900"
      }, {
        "lat" : 35.6872827738,
        "lon" : 140.0687672895,
        "time" : "20150306T181425+0900"
      } ]
    }, {
      "activity" : "walking",
      "group" : "walking",
      "manual" : false,
      "startTime" : "20150306T181425+0900",
      "endTime" : "20150306T181725+0900",
      "duration" : 180.0,
      "distance" : 117.0,
      "steps" : 233,
      "calories" : 7,
      "trackPoints" : [ {
        "lat" : 35.6872827738,
        "lon" : 140.0687672895,
        "time" : "20150306T181425+0900"
      }, {
        "lat" : 35.6871346361,
        "lon" : 140.0686864441,
        "time" : "20150306T181457+0900"
      }, {
        "lat" : 35.6870149127,
        "lon" : 140.0685784245,
        "time" : "20150306T181522+0900"
      }, {
        "lat" : 35.6869847439,
        "lon" : 140.0685374897,
        "time" : "20150306T181543+0900"
      }, {
        "lat" : 35.6869778737,
        "lon" : 140.0685417246,
        "time" : "20150306T181603+0900"
      }, {
        "lat" : 35.6869855588,
        "lon" : 140.068562502,
        "time" : "20150306T181622+0900"
      }, {
        "lat" : 35.6869817162,
        "lon" : 140.0685581605,
        "time" : "20150306T181644+0900"
      }, {
        "lat" : 35.6869949806,
        "lon" : 140.0686296188,
        "time" : "20150306T181707+0900"
      }, {
        "lat" : 35.6870065097,
        "lon" : 140.0687052005,
        "time" : "20150306T181725+0900"
      } ]
    }, {
      "activity" : "transport",
      "group" : "transport",
      "manual" : false,
      "startTime" : "20150306T181725+0900",
      "endTime" : "20150306T183857+0900",
      "duration" : 1292.0,
      "distance" : 9972.0,
      "trackPoints" : [ {
        "lat" : 35.6870065097,
        "lon" : 140.0687052005,
        "time" : "20150306T181725+0900"
      }, {
        "lat" : 35.6870150842,
        "lon" : 140.0686760098,
        "time" : "20150306T181740+0900"
      }, {
        "lat" : 35.6869509523,
        "lon" : 140.0685784306,
        "time" : "20150306T181815+0900"
      }, {
        "lat" : 35.6869274485,
        "lon" : 140.0685661301,
        "time" : "20150306T181840+0900"
      }, {
        "lat" : 35.6869199742,
        "lon" : 140.06856123,
        "time" : "20150306T181855+0900"
      }, {
        "lat" : 35.6869142218,
        "lon" : 140.0685584416,
        "time" : "20150306T181915+0900"
      }, {
        "lat" : 35.6869124341,
        "lon" : 140.0685566563,
        "time" : "20150306T181954+0900"
      }, {
        "lat" : 35.6869111912,
        "lon" : 140.0685565517,
        "time" : "20150306T182020+0900"
      }, {
        "lat" : 35.6869103215,
        "lon" : 140.0685558565,
        "time" : "20150306T182105+0900"
      }, {
        "lat" : 35.686911384,
        "lon" : 140.0685577302,
        "time" : "20150306T182123+0900"
      }, {
        "lat" : 35.6865625572,
        "lon" : 140.0651084069,
        "time" : "20150306T182210+0900"
      }, {
        "lat" : 35.6866542124,
        "lon" : 140.0619566711,
        "time" : "20150306T182226+0900"
      }, {
        "lat" : 35.6858856153,
        "lon" : 140.054546234,
        "time" : "20150306T182256+0900"
      }, {
        "lat" : 35.6862269728,
        "lon" : 140.0499316309,
        "time" : "20150306T182321+0900"
      }, {
        "lat" : 35.6857486882,
        "lon" : 140.044379513,
        "time" : "20150306T182427+0900"
      }, {
        "lat" : 35.6841320867,
        "lon" : 140.0405393276,
        "time" : "20150306T182444+0900"
      }, {
        "lat" : 35.6824613162,
        "lon" : 140.0373342457,
        "time" : "20150306T182459+0900"
      }, {
        "lat" : 35.6815276963,
        "lon" : 140.0339469859,
        "time" : "20150306T182517+0900"
      }, {
        "lat" : 35.6811515769,
        "lon" : 140.0304761561,
        "time" : "20150306T182542+0900"
      }, {
        "lat" : 35.6829362846,
        "lon" : 140.0275138273,
        "time" : "20150306T182611+0900"
      }, {
        "lat" : 35.6835684504,
        "lon" : 140.0251594306,
        "time" : "20150306T182633+0900"
      }, {
        "lat" : 35.6835737074,
        "lon" : 140.025067153,
        "time" : "20150306T182649+0900"
      }, {
        "lat" : 35.6835696125,
        "lon" : 140.0250644481,
        "time" : "20150306T182709+0900"
      }, {
        "lat" : 35.6835701562,
        "lon" : 140.0250686264,
        "time" : "20150306T182731+0900"
      }, {
        "lat" : 35.6835711773,
        "lon" : 140.0250718984,
        "time" : "20150306T182751+0900"
      }, {
        "lat" : 35.6835719927,
        "lon" : 140.0250741221,
        "time" : "20150306T182809+0900"
      }, {
        "lat" : 35.683571685,
        "lon" : 140.0250669014,
        "time" : "20150306T182827+0900"
      }, {
        "lat" : 35.6834099898,
        "lon" : 140.0255228061,
        "time" : "20150306T182842+0900"
      }, {
        "lat" : 35.6835315667,
        "lon" : 140.0251638247,
        "time" : "20150306T182928+0900"
      }, {
        "lat" : 35.6835492923,
        "lon" : 140.0251143938,
        "time" : "20150306T182950+0900"
      }, {
        "lat" : 35.6835557507,
        "lon" : 140.0250912723,
        "time" : "20150306T183016+0900"
      }, {
        "lat" : 35.6835580414,
        "lon" : 140.0250795537,
        "time" : "20150306T183035+0900"
      }, {
        "lat" : 35.6835674324,
        "lon" : 140.0250364222,
        "time" : "20150306T183101+0900"
      }, {
        "lat" : 35.683568419,
        "lon" : 140.0250241977,
        "time" : "20150306T183119+0900"
      }, {
        "lat" : 35.6836152149,
        "lon" : 140.0248116516,
        "time" : "20150306T183139+0900"
      }, {
        "lat" : 35.6842238441,
        "lon" : 140.0230421032,
        "time" : "20150306T183200+0900"
      }, {
        "lat" : 35.684445706,
        "lon" : 140.0193446215,
        "time" : "20150306T183223+0900"
      }, {
        "lat" : 35.6844081524,
        "lon" : 140.011332365,
        "time" : "20150306T183301+0900"
      }, {
        "lat" : 35.6850564682,
        "lon" : 140.0077312524,
        "time" : "20150306T183325+0900"
      }, {
        "lat" : 35.6850635867,
        "lon" : 140.0076884627,
        "time" : "20150306T183341+0900"
      }, {
        "lat" : 35.6854757383,
        "lon" : 140.0070135503,
        "time" : "20150306T183407+0900"
      }, {
        "lat" : 35.6881052215,
        "lon" : 140.0017813547,
        "time" : "20150306T183433+0900"
      }, {
        "lat" : 35.6893927583,
        "lon" : 139.9986425077,
        "time" : "20150306T183454+0900"
      }, {
        "lat" : 35.6895295043,
        "lon" : 139.9983599408,
        "time" : "20150306T183519+0900"
      }, {
        "lat" : 35.6904398372,
        "lon" : 139.9965036696,
        "time" : "20150306T183545+0900"
      }, {
        "lat" : 35.6919024052,
        "lon" : 139.9937987379,
        "time" : "20150306T183601+0900"
      }, {
        "lat" : 35.6939734362,
        "lon" : 139.9913097411,
        "time" : "20150306T183627+0900"
      }, {
        "lat" : 35.6940795215,
        "lon" : 139.9914360933,
        "time" : "20150306T183650+0900"
      }, {
        "lat" : 35.6963753777,
        "lon" : 139.9912387248,
        "time" : "20150306T183718+0900"
      }, {
        "lat" : 35.6980932163,
        "lon" : 139.9913471019,
        "time" : "20150306T183734+0900"
      }, {
        "lat" : 35.7008525501,
        "lon" : 139.9902484103,
        "time" : "20150306T183756+0900"
      }, {
        "lat" : 35.7005957297,
        "lon" : 139.986983082,
        "time" : "20150306T183818+0900"
      }, {
        "lat" : 35.7004221186,
        "lon" : 139.9857737188,
        "time" : "20150306T183836+0900"
      }, {
        "lat" : 35.7004179998,
        "lon" : 139.9856775398,
        "time" : "20150306T183856+0900"
      } ]
    }, {
      "activity" : "walking",
      "group" : "walking",
      "manual" : false,
      "startTime" : "20150306T183856+0900",
      "endTime" : "20150306T184100+0900",
      "duration" : 124.0,
      "distance" : 138.0,
      "steps" : 240,
      "calories" : 8,
      "trackPoints" : [ {
        "lat" : 35.7004179998,
        "lon" : 139.9856775398,
        "time" : "20150306T183856+0900"
      }, {
        "lat" : 35.7004186964,
        "lon" : 139.985663232,
        "time" : "20150306T183914+0900"
      }, {
        "lat" : 35.7005525022,
        "lon" : 139.985644276,
        "time" : "20150306T183931+0900"
      }, {
        "lat" : 35.7007650747,
        "lon" : 139.9856446865,
        "time" : "20150306T183954+0900"
      }, {
        "lat" : 35.7007283567,
        "lon" : 139.9856333052,
        "time" : "20150306T184018+0900"
      }, {
        "lat" : 35.700644187,
        "lon" : 139.9855666543,
        "time" : "20150306T184044+0900"
      }, {
        "lat" : 35.7011709815,
        "lon" : 139.9849199252,
        "time" : "20150306T184100+0900"
      } ]
    } ],
    "lastUpdate" : "20150306T140901Z"
  }, {
    "type" : "place",
    "startTime" : "20150306T184100+0900",
    "endTime" : "20150306T191542+0900",
    "place" : {
      "id" : 100308963,
      "type" : "unknown",
      "location" : {
        "lat" : 35.7011709815,
        "lon" : 139.9849199252
      }
    },
    "activities" : [ {
      "activity" : "walking",
      "group" : "walking",
      "manual" : false,
      "startTime" : "20150306T184800+0900",
      "endTime" : "20150306T184830+0900",
      "duration" : 30.0,
      "distance" : 20.0,
      "steps" : 41,
      "calories" : 1,
      "trackPoints" : [ ]
    }, {
      "activity" : "walking",
      "group" : "walking",
      "manual" : false,
      "startTime" : "20150306T190645+0900",
      "endTime" : "20150306T191017+0900",
      "duration" : 212.0,
      "distance" : 285.0,
      "steps" : 380,
      "calories" : 17,
      "trackPoints" : [ ]
    } ],
    "lastUpdate" : "20150306T140901Z"
  }, {
    "type" : "move",
    "startTime" : "20150306T191542+0900",
    "endTime" : "20150306T201409+0900",
    "activities" : [ {
      "activity" : "transport",
      "group" : "transport",
      "manual" : false,
      "startTime" : "20150306T191542+0900",
      "endTime" : "20150306T194855+0900",
      "duration" : 1993.0,
      "distance" : 28823.0,
      "trackPoints" : [ {
        "lat" : 35.7011709815,
        "lon" : 139.9849199252,
        "time" : "20150306T191542+0900"
      }, {
        "lat" : 35.7017423046,
        "lon" : 139.9840963123,
        "time" : "20150306T191600+0900"
      }, {
        "lat" : 35.7019327363,
        "lon" : 139.9823471268,
        "time" : "20150306T191642+0900"
      }, {
        "lat" : 35.707255699,
        "lon" : 139.9590425884,
        "time" : "20150306T191817+0900"
      }, {
        "lat" : 35.7073371092,
        "lon" : 139.9588316172,
        "time" : "20150306T191840+0900"
      }, {
        "lat" : 35.7073203695,
        "lon" : 139.9588532835,
        "time" : "20150306T191901+0900"
      }, {
        "lat" : 35.7073404379,
        "lon" : 139.9588242256,
        "time" : "20150306T191922+0900"
      }, {
        "lat" : 35.7078348673,
        "lon" : 139.9578462011,
        "time" : "20150306T191941+0900"
      }, {
        "lat" : 35.7099666219,
        "lon" : 139.9536017096,
        "time" : "20150306T192002+0900"
      }, {
        "lat" : 35.7098886964,
        "lon" : 139.9498579535,
        "time" : "20150306T192018+0900"
      }, {
        "lat" : 35.7078590348,
        "lon" : 139.9466482881,
        "time" : "20150306T192037+0900"
      }, {
        "lat" : 35.7037261975,
        "lon" : 139.9422559346,
        "time" : "20150306T192059+0900"
      }, {
        "lat" : 35.7000420284,
        "lon" : 139.9377797761,
        "time" : "20150306T192124+0900"
      }, {
        "lat" : 35.6941551122,
        "lon" : 139.9281337981,
        "time" : "20150306T192210+0900"
      }, {
        "lat" : 35.6906800555,
        "lon" : 139.9239409707,
        "time" : "20150306T192233+0900"
      }, {
        "lat" : 35.686017687,
        "lon" : 139.9183114215,
        "time" : "20150306T192301+0900"
      }, {
        "lat" : 35.6805483869,
        "lon" : 139.9117056678,
        "time" : "20150306T192331+0900"
      }, {
        "lat" : 35.6781086029,
        "lon" : 139.9087855926,
        "time" : "20150306T192346+0900"
      }, {
        "lat" : 35.6750096644,
        "lon" : 139.9050935141,
        "time" : "20150306T192405+0900"
      }, {
        "lat" : 35.6725651238,
        "lon" : 139.902038252,
        "time" : "20150306T192424+0900"
      }, {
        "lat" : 35.6696407653,
        "lon" : 139.8984572629,
        "time" : "20150306T192452+0900"
      }, {
        "lat" : 35.6660690234,
        "lon" : 139.8934819307,
        "time" : "20150306T192526+0900"
      }, {
        "lat" : 35.6657409237,
        "lon" : 139.8927198758,
        "time" : "20150306T192600+0900"
      }, {
        "lat" : 35.6658650565,
        "lon" : 139.8930165806,
        "time" : "20150306T192618+0900"
      }, {
        "lat" : 35.6646950005,
        "lon" : 139.8903976972,
        "time" : "20150306T192639+0900"
      }, {
        "lat" : 35.6637774155,
        "lon" : 139.8852604911,
        "time" : "20150306T192659+0900"
      }, {
        "lat" : 35.6632148328,
        "lon" : 139.8798005893,
        "time" : "20150306T192720+0900"
      }, {
        "lat" : 35.6636063425,
        "lon" : 139.8729304378,
        "time" : "20150306T192744+0900"
      }, {
        "lat" : 35.6638980201,
        "lon" : 139.8661059989,
        "time" : "20150306T192811+0900"
      }, {
        "lat" : 35.66445405,
        "lon" : 139.8613196801,
        "time" : "20150306T192830+0900"
      }, {
        "lat" : 35.6649785113,
        "lon" : 139.8553043566,
        "time" : "20150306T192854+0900"
      }, {
        "lat" : 35.6662585066,
        "lon" : 139.8404517294,
        "time" : "20150306T192959+0900"
      }, {
        "lat" : 35.6673928848,
        "lon" : 139.835419908,
        "time" : "20150306T193023+0900"
      }, {
        "lat" : 35.6694882029,
        "lon" : 139.8291495719,
        "time" : "20150306T193103+0900"
      }, {
        "lat" : 35.6692389055,
        "lon" : 139.8081570668,
        "time" : "20150306T193430+0900"
      }, {
        "lat" : 35.669273992,
        "lon" : 139.8079705436,
        "time" : "20150306T193448+0900"
      }, {
        "lat" : 35.6692399693,
        "lon" : 139.8080574863,
        "time" : "20150306T193524+0900"
      }, {
        "lat" : 35.6798396618,
        "lon" : 139.7798881941,
        "time" : "20150306T193900+0900"
      }, {
        "lat" : 35.6798981086,
        "lon" : 139.7797250387,
        "time" : "20150306T193947+0900"
      }, {
        "lat" : 35.6955217438,
        "lon" : 139.7521077821,
        "time" : "20150306T194645+0900"
      }, {
        "lat" : 35.6956308568,
        "lon" : 139.7520043158,
        "time" : "20150306T194729+0900"
      }, {
        "lat" : 35.6960526122,
        "lon" : 139.7515776424,
        "time" : "20150306T194746+0900"
      }, {
        "lat" : 35.7021273079,
        "lon" : 139.7455638768,
        "time" : "20150306T194855+0900"
      } ]
    }, {
      "activity" : "walking",
      "group" : "walking",
      "manual" : false,
      "startTime" : "20150306T194855+0900",
      "endTime" : "20150306T195325+0900",
      "duration" : 270.0,
      "distance" : 234.0,
      "steps" : 467,
      "calories" : 14,
      "trackPoints" : [ {
        "lat" : 35.7021273079,
        "lon" : 139.7455638768,
        "time" : "20150306T194855+0900"
      }, {
        "lat" : 35.7021356676,
        "lon" : 139.7455701312,
        "time" : "20150306T194911+0900"
      }, {
        "lat" : 35.7020760053,
        "lon" : 139.7455923167,
        "time" : "20150306T194930+0900"
      }, {
        "lat" : 35.7019377076,
        "lon" : 139.7456834822,
        "time" : "20150306T195012+0900"
      }, {
        "lat" : 35.701903017,
        "lon" : 139.7456930452,
        "time" : "20150306T195036+0900"
      }, {
        "lat" : 35.7019880865,
        "lon" : 139.7454146768,
        "time" : "20150306T195114+0900"
      }, {
        "lat" : 35.7021540278,
        "lon" : 139.7447891128,
        "time" : "20150306T195135+0900"
      }, {
        "lat" : 35.7022263799,
        "lon" : 139.7444304602,
        "time" : "20150306T195158+0900"
      }, {
        "lat" : 35.7022334359,
        "lon" : 139.7442552102,
        "time" : "20150306T195225+0900"
      }, {
        "lat" : 35.7021950561,
        "lon" : 139.7441529728,
        "time" : "20150306T195245+0900"
      }, {
        "lat" : 35.7021018245,
        "lon" : 139.7439646653,
        "time" : "20150306T195309+0900"
      }, {
        "lat" : 35.7021331085,
        "lon" : 139.7438658419,
        "time" : "20150306T195325+0900"
      } ]
    }, {
      "activity" : "transport",
      "group" : "transport",
      "manual" : false,
      "startTime" : "20150306T195325+0900",
      "endTime" : "20150306T195844+0900",
      "duration" : 319.0,
      "distance" : 2736.0,
      "trackPoints" : [ {
        "lat" : 35.7021331085,
        "lon" : 139.7438658419,
        "time" : "20150306T195325+0900"
      }, {
        "lat" : 35.7190829889,
        "lon" : 139.7277846056,
        "time" : "20150306T195844+0900"
      } ]
    }, {
      "activity" : "walking",
      "group" : "walking",
      "manual" : false,
      "startTime" : "20150306T195844+0900",
      "endTime" : "20150306T201409+0900",
      "duration" : 925.0,
      "distance" : 1102.0,
      "steps" : 1512,
      "calories" : 65,
      "trackPoints" : [ {
        "lat" : 35.7190829889,
        "lon" : 139.7277846056,
        "time" : "20150306T195844+0900"
      }, {
        "lat" : 35.7196168371,
        "lon" : 139.727278116,
        "time" : "20150306T195959+0900"
      }, {
        "lat" : 35.719616908,
        "lon" : 139.7272780487,
        "time" : "20150306T200000+0900"
      }, {
        "lat" : 35.7197512734,
        "lon" : 139.7271505693,
        "time" : "20150306T200018+0900"
      }, {
        "lat" : 35.7199430538,
        "lon" : 139.7270285842,
        "time" : "20150306T200046+0900"
      }, {
        "lat" : 35.7200670506,
        "lon" : 139.7269229956,
        "time" : "20150306T200116+0900"
      }, {
        "lat" : 35.7201047812,
        "lon" : 139.7268955631,
        "time" : "20150306T200137+0900"
      }, {
        "lat" : 35.7200429531,
        "lon" : 139.7269202016,
        "time" : "20150306T200203+0900"
      }, {
        "lat" : 35.7199300358,
        "lon" : 139.7269822984,
        "time" : "20150306T200233+0900"
      }, {
        "lat" : 35.721508597,
        "lon" : 139.7257911741,
        "time" : "20150306T200301+0900"
      }, {
        "lat" : 35.7215086815,
        "lon" : 139.7258787786,
        "time" : "20150306T200323+0900"
      }, {
        "lat" : 35.7202554803,
        "lon" : 139.7267746013,
        "time" : "20150306T200517+0900"
      }, {
        "lat" : 35.7201097802,
        "lon" : 139.7268701003,
        "time" : "20150306T200534+0900"
      }, {
        "lat" : 35.7199606168,
        "lon" : 139.7269202622,
        "time" : "20150306T200558+0900"
      }, {
        "lat" : 35.7198998038,
        "lon" : 139.7268995335,
        "time" : "20150306T200615+0900"
      }, {
        "lat" : 35.7199138591,
        "lon" : 139.7268969192,
        "time" : "20150306T200633+0900"
      }, {
        "lat" : 35.7199367213,
        "lon" : 139.7269970879,
        "time" : "20150306T200652+0900"
      }, {
        "lat" : 35.7197769182,
        "lon" : 139.7270948495,
        "time" : "20150306T200710+0900"
      }, {
        "lat" : 35.7196372557,
        "lon" : 139.7271707992,
        "time" : "20150306T200735+0900"
      }, {
        "lat" : 35.7194080186,
        "lon" : 139.7272954371,
        "time" : "20150306T200758+0900"
      }, {
        "lat" : 35.7192011738,
        "lon" : 139.7274045956,
        "time" : "20150306T200814+0900"
      }, {
        "lat" : 35.7188959922,
        "lon" : 139.727545047,
        "time" : "20150306T200832+0900"
      }, {
        "lat" : 35.7185431422,
        "lon" : 139.7276690561,
        "time" : "20150306T200855+0900"
      }, {
        "lat" : 35.7181878066,
        "lon" : 139.72779151,
        "time" : "20150306T200928+0900"
      }, {
        "lat" : 35.7179604406,
        "lon" : 139.7279742722,
        "time" : "20150306T200957+0900"
      }, {
        "lat" : 35.7176144851,
        "lon" : 139.7284021089,
        "time" : "20150306T201022+0900"
      }, {
        "lat" : 35.7172812978,
        "lon" : 139.7283867766,
        "time" : "20150306T201039+0900"
      }, {
        "lat" : 35.7171344859,
        "lon" : 139.7284845415,
        "time" : "20150306T201056+0900"
      }, {
        "lat" : 35.7169482471,
        "lon" : 139.72862238,
        "time" : "20150306T201118+0900"
      }, {
        "lat" : 35.7168496889,
        "lon" : 139.72864533,
        "time" : "20150306T201138+0900"
      }, {
        "lat" : 35.7169514234,
        "lon" : 139.7285711468,
        "time" : "20150306T201217+0900"
      }, {
        "lat" : 35.716942918,
        "lon" : 139.7285582603,
        "time" : "20150306T201236+0900"
      }, {
        "lat" : 35.7168807312,
        "lon" : 139.7285485377,
        "time" : "20150306T201256+0900"
      }, {
        "lat" : 35.7167816884,
        "lon" : 139.7284574974,
        "time" : "20150306T201345+0900"
      }, {
        "lat" : 35.7168392789,
        "lon" : 139.7283806079,
        "time" : "20150306T201409+0900"
      } ]
    } ],
    "lastUpdate" : "20150306T140901Z"
  }, {
    "type" : "place",
    "startTime" : "20150306T201409+0900",
    "endTime" : "20150307T152956+0900",
    "place" : {
      "id" : 98345442,
      "type" : "unknown",
      "location" : {
        "lat" : 35.7168392789,
        "lon" : 139.7283806079
      }
    },
    "lastUpdate" : "20150307T101648Z"
  } ],
  "caloriesIdle" : 1706,
  "lastUpdate" : "20150307T101648Z"
} ]