[ {
  "date" : "20141221",
  "summary" : [ {
    "activity" : "walking",
    "group" : "walking",
    "duration" : 4080.0,
    "distance" : 4475.0,
    "steps" : 6703,
    "calories" : 266
  }, {
    "activity" : "transport",
    "group" : "transport",
    "duration" : 2312.0,
    "distance" : 11227.0
  } ],
  "segments" : [ {
    "type" : "place",
    "startTime" : "20141220T055420+0900",
    "endTime" : "20141221T111621+0900",
    "place" : {
      "id" : 98345442,
      "type" : "unknown",
      "location" : {
        "lat" : 35.7168392789,
        "lon" : 139.7283806079
      }
    },
    "activities" : [ {
      "activity" : "walking",
      "group" : "walking",
      "manual" : false,
      "startTime" : "20141221T111201+0900",
      "endTime" : "20141221T111237+0900",
      "duration" : 36.0,
      "distance" : 38.0,
      "steps" : 76,
      "calories" : 2,
      "trackPoints" : [ ]
    } ],
    "lastUpdate" : "20141221T040718Z"
  }, {
    "type" : "move",
    "startTime" : "20141221T111621+0900",
    "endTime" : "20141221T114608+0900",
    "activities" : [ {
      "activity" : "transport",
      "group" : "transport",
      "manual" : false,
      "startTime" : "20141221T111621+0900",
      "endTime" : "20141221T112902+0900",
      "duration" : 761.0,
      "distance" : 2503.0,
      "trackPoints" : [ {
        "lat" : 35.7168392789,
        "lon" : 139.7283806079,
        "time" : "20141221T111621+0900"
      }, {
        "lat" : 35.7092944075,
        "lon" : 139.7341103644,
        "time" : "20141221T112146+0900"
      }, {
        "lat" : 35.7094036351,
        "lon" : 139.7339830906,
        "time" : "20141221T112206+0900"
      }, {
        "lat" : 35.7094501793,
        "lon" : 139.7339376414,
        "time" : "20141221T112231+0900"
      }, {
        "lat" : 35.7094593645,
        "lon" : 139.733927749,
        "time" : "20141221T112249+0900"
      }, {
        "lat" : 35.7094672816,
        "lon" : 139.733919205,
        "time" : "20141221T112318+0900"
      }, {
        "lat" : 35.7094748546,
        "lon" : 139.7339112644,
        "time" : "20141221T112344+0900"
      }, {
        "lat" : 35.7094824942,
        "lon" : 139.7339033679,
        "time" : "20141221T112410+0900"
      }, {
        "lat" : 35.7029625923,
        "lon" : 139.7439671132,
        "time" : "20141221T112902+0900"
      } ]
    }, {
      "activity" : "walking",
      "group" : "walking",
      "manual" : false,
      "startTime" : "20141221T112902+0900",
      "endTime" : "20141221T113302+0900",
      "duration" : 240.0,
      "distance" : 243.0,
      "steps" : 486,
      "calories" : 14,
      "trackPoints" : [ {
        "lat" : 35.7029625923,
        "lon" : 139.7439671132,
        "time" : "20141221T112902+0900"
      }, {
        "lat" : 35.7024258556,
        "lon" : 139.7444772436,
        "time" : "20141221T112943+0900"
      }, {
        "lat" : 35.7023641256,
        "lon" : 139.7444734029,
        "time" : "20141221T113004+0900"
      }, {
        "lat" : 35.7023001242,
        "lon" : 139.7444955484,
        "time" : "20141221T113022+0900"
      }, {
        "lat" : 35.7021815195,
        "lon" : 139.7447513731,
        "time" : "20141221T113046+0900"
      }, {
        "lat" : 35.7020386304,
        "lon" : 139.7453361081,
        "time" : "20141221T113113+0900"
      }, {
        "lat" : 35.7020616022,
        "lon" : 139.7453341521,
        "time" : "20141221T113137+0900"
      }, {
        "lat" : 35.7020698349,
        "lon" : 139.7451897729,
        "time" : "20141221T113159+0900"
      }, {
        "lat" : 35.7019747876,
        "lon" : 139.7450270663,
        "time" : "20141221T113222+0900"
      }, {
        "lat" : 35.701881029,
        "lon" : 139.7449428067,
        "time" : "20141221T113245+0900"
      }, {
        "lat" : 35.7018138081,
        "lon" : 139.7449091592,
        "time" : "20141221T113302+0900"
      } ]
    }, {
      "activity" : "transport",
      "group" : "transport",
      "manual" : false,
      "startTime" : "20141221T113302+0900",
      "endTime" : "20141221T114202+0900",
      "duration" : 540.0,
      "distance" : 3160.0,
      "trackPoints" : [ {
        "lat" : 35.7018138081,
        "lon" : 139.7449091592,
        "time" : "20141221T113302+0900"
      }, {
        "lat" : 35.7016512002,
        "lon" : 139.7448638092,
        "time" : "20141221T113326+0900"
      }, {
        "lat" : 35.7017035459,
        "lon" : 139.7450901627,
        "time" : "20141221T113342+0900"
      }, {
        "lat" : 35.7017361851,
        "lon" : 139.7451398704,
        "time" : "20141221T113404+0900"
      }, {
        "lat" : 35.701767829,
        "lon" : 139.7451804535,
        "time" : "20141221T113423+0900"
      }, {
        "lat" : 35.7018005485,
        "lon" : 139.7452273556,
        "time" : "20141221T113442+0900"
      }, {
        "lat" : 35.7018307751,
        "lon" : 139.7452722559,
        "time" : "20141221T113459+0900"
      }, {
        "lat" : 35.7018541208,
        "lon" : 139.74530563,
        "time" : "20141221T113517+0900"
      }, {
        "lat" : 35.7022830073,
        "lon" : 139.7462827529,
        "time" : "20141221T113539+0900"
      }, {
        "lat" : 35.7022947013,
        "lon" : 139.7518478463,
        "time" : "20141221T113610+0900"
      }, {
        "lat" : 35.7019837769,
        "lon" : 139.754698858,
        "time" : "20141221T113628+0900"
      }, {
        "lat" : 35.7019935796,
        "lon" : 139.7540765422,
        "time" : "20141221T113726+0900"
      }, {
        "lat" : 35.7017126554,
        "lon" : 139.7563503888,
        "time" : "20141221T113746+0900"
      }, {
        "lat" : 35.7015912538,
        "lon" : 139.7589444766,
        "time" : "20141221T113806+0900"
      }, {
        "lat" : 35.6996825135,
        "lon" : 139.7649499747,
        "time" : "20141221T113852+0900"
      }, {
        "lat" : 35.6996084264,
        "lon" : 139.7652428728,
        "time" : "20141221T113925+0900"
      }, {
        "lat" : 35.6995911445,
        "lon" : 139.7653052921,
        "time" : "20141221T113942+0900"
      }, {
        "lat" : 35.6995884439,
        "lon" : 139.7653138564,
        "time" : "20141221T114013+0900"
      }, {
        "lat" : 35.6994282757,
        "lon" : 139.766213842,
        "time" : "20141221T114034+0900"
      }, {
        "lat" : 35.6986467971,
        "lon" : 139.7720525359,
        "time" : "20141221T114107+0900"
      }, {
        "lat" : 35.6984241858,
        "lon" : 139.773150004,
        "time" : "20141221T114131+0900"
      }, {
        "lat" : 35.6986923756,
        "lon" : 139.7729734542,
        "time" : "20141221T114203+0900"
      } ]
    }, {
      "activity" : "walking",
      "group" : "walking",
      "manual" : false,
      "startTime" : "20141221T114203+0900",
      "endTime" : "20141221T114609+0900",
      "duration" : 246.0,
      "distance" : 355.0,
      "steps" : 498,
      "calories" : 21,
      "trackPoints" : [ {
        "lat" : 35.6986923756,
        "lon" : 139.7729734542,
        "time" : "20141221T114203+0900"
      }, {
        "lat" : 35.6986254234,
        "lon" : 139.772828348,
        "time" : "20141221T114230+0900"
      }, {
        "lat" : 35.6980255426,
        "lon" : 139.7725331187,
        "time" : "20141221T114308+0900"
      }, {
        "lat" : 35.6978513427,
        "lon" : 139.7724056406,
        "time" : "20141221T114325+0900"
      }, {
        "lat" : 35.6977818504,
        "lon" : 139.7723223768,
        "time" : "20141221T114341+0900"
      }, {
        "lat" : 35.6976986651,
        "lon" : 139.7721726298,
        "time" : "20141221T114357+0900"
      }, {
        "lat" : 35.6976283765,
        "lon" : 139.7718239107,
        "time" : "20141221T114422+0900"
      }, {
        "lat" : 35.6975886519,
        "lon" : 139.7712837246,
        "time" : "20141221T114456+0900"
      }, {
        "lat" : 35.6974157832,
        "lon" : 139.771075963,
        "time" : "20141221T114513+0900"
      }, {
        "lat" : 35.6972223797,
        "lon" : 139.7709709161,
        "time" : "20141221T114531+0900"
      }, {
        "lat" : 35.6971760395,
        "lon" : 139.7709584973,
        "time" : "20141221T114551+0900"
      }, {
        "lat" : 35.696632949,
        "lon" : 139.7710518033,
        "time" : "20141221T114608+0900"
      } ]
    } ],
    "lastUpdate" : "20141221T040718Z"
  }, {
    "type" : "place",
    "startTime" : "20141221T114608+0900",
    "endTime" : "20141221T132201+0900",
    "place" : {
      "id" : 121221516,
      "type" : "unknown",
      "location" : {
        "lat" : 35.696632949,
        "lon" : 139.7710518033
      }
    },
    "activities" : [ {
      "activity" : "walking",
      "group" : "walking",
      "manual" : false,
      "startTime" : "20141221T115133+0900",
      "endTime" : "20141221T115233+0900",
      "duration" : 60.0,
      "distance" : 40.0,
      "steps" : 81,
      "calories" : 2,
      "trackPoints" : [ ]
    }, {
      "activity" : "walking",
      "group" : "walking",
      "manual" : false,
      "startTime" : "20141221T130943+0900",
      "endTime" : "20141221T131213+0900",
      "duration" : 150.0,
      "distance" : 169.0,
      "steps" : 225,
      "calories" : 10,
      "trackPoints" : [ ]
    } ],
    "lastUpdate" : "20141221T055828Z"
  }, {
    "type" : "move",
    "startTime" : "20141221T132201+0900",
    "endTime" : "20141221T132553+0900",
    "activities" : [ {
      "activity" : "walking",
      "group" : "walking",
      "manual" : false,
      "startTime" : "20141221T132201+0900",
      "endTime" : "20141221T132554+0900",
      "duration" : 233.0,
      "distance" : 387.0,
      "steps" : 325,
      "calories" : 23,
      "trackPoints" : [ {
        "lat" : 35.696632949,
        "lon" : 139.7710518033,
        "time" : "20141221T132201+0900"
      }, {
        "lat" : 35.6979851053,
        "lon" : 139.7712498315,
        "time" : "20141221T132308+0900"
      }, {
        "lat" : 35.6981714269,
        "lon" : 139.7712781869,
        "time" : "20141221T132336+0900"
      }, {
        "lat" : 35.6982872651,
        "lon" : 139.7713147975,
        "time" : "20141221T132352+0900"
      }, {
        "lat" : 35.6984487306,
        "lon" : 139.771362784,
        "time" : "20141221T132408+0900"
      }, {
        "lat" : 35.6988263386,
        "lon" : 139.7715092569,
        "time" : "20141221T132443+0900"
      }, {
        "lat" : 35.6988858035,
        "lon" : 139.7715367938,
        "time" : "20141221T132504+0900"
      }, {
        "lat" : 35.6993327626,
        "lon" : 139.7714506099,
        "time" : "20141221T132529+0900"
      }, {
        "lat" : 35.6997306987,
        "lon" : 139.771140693,
        "time" : "20141221T132553+0900"
      } ]
    } ],
    "lastUpdate" : "20141221T055828Z"
  }, {
    "type" : "place",
    "startTime" : "20141221T132553+0900",
    "endTime" : "20141221T135346+0900",
    "place" : {
      "id" : 118648108,
      "type" : "unknown",
      "location" : {
        "lat" : 35.6997306987,
        "lon" : 139.771140693
      }
    },
    "activities" : [ {
      "activity" : "walking",
      "group" : "walking",
      "manual" : false,
      "startTime" : "20141221T134945+0900",
      "endTime" : "20141221T135145+0900",
      "duration" : 120.0,
      "distance" : 122.0,
      "steps" : 163,
      "calories" : 7,
      "trackPoints" : [ ]
    } ],
    "lastUpdate" : "20141221T055828Z"
  }, {
    "type" : "move",
    "startTime" : "20141221T135346+0900",
    "endTime" : "20141221T135623+0900",
    "activities" : [ {
      "activity" : "walking",
      "group" : "walking",
      "manual" : false,
      "startTime" : "20141221T135346+0900",
      "endTime" : "20141221T135624+0900",
      "duration" : 158.0,
      "distance" : 199.0,
      "steps" : 256,
      "calories" : 12,
      "trackPoints" : [ {
        "lat" : 35.6997306987,
        "lon" : 139.771140693,
        "time" : "20141221T135346+0900"
      }, {
        "lat" : 35.7004186792,
        "lon" : 139.7715499719,
        "time" : "20141221T135440+0900"
      }, {
        "lat" : 35.7006068628,
        "lon" : 139.7716372128,
        "time" : "20141221T135456+0900"
      }, {
        "lat" : 35.7006909365,
        "lon" : 139.7716165542,
        "time" : "20141221T135515+0900"
      }, {
        "lat" : 35.700991748,
        "lon" : 139.7716757679,
        "time" : "20141221T135606+0900"
      }, {
        "lat" : 35.7012420455,
        "lon" : 139.7715502327,
        "time" : "20141221T135623+0900"
      } ]
    } ],
    "lastUpdate" : "20141221T055828Z"
  }, {
    "type" : "place",
    "startTime" : "20141221T135623+0900",
    "endTime" : "20141221T143501+0900",
    "place" : {
      "id" : 121240040,
      "type" : "unknown",
      "location" : {
        "lat" : 35.7012420455,
        "lon" : 139.7715502327
      }
    },
    "activities" : [ {
      "activity" : "walking",
      "group" : "walking",
      "manual" : false,
      "startTime" : "20141221T140146+0900",
      "endTime" : "20141221T141334+0900",
      "duration" : 708.0,
      "distance" : 888.0,
      "steps" : 1184,
      "calories" : 53,
      "trackPoints" : [ ]
    } ],
    "lastUpdate" : "20141221T063205Z"
  }, {
    "type" : "place",
    "startTime" : "20141221T143501+0900",
    "endTime" : "20141221T145736+0900",
    "place" : {
      "id" : 121245208,
      "type" : "unknown",
      "location" : {
        "lat" : 35.6997143896,
        "lon" : 139.7716935275
      }
    },
    "activities" : [ {
      "activity" : "walking",
      "group" : "walking",
      "manual" : false,
      "startTime" : "20141221T143501+0900",
      "endTime" : "20141221T143849+0900",
      "duration" : 228.0,
      "distance" : 278.0,
      "steps" : 370,
      "calories" : 17,
      "trackPoints" : [ ]
    } ],
    "lastUpdate" : "20141221T063205Z"
  }, {
    "type" : "move",
    "startTime" : "20141221T145736+0900",
    "endTime" : "20141221T150025+0900",
    "activities" : [ {
      "activity" : "walking",
      "group" : "walking",
      "manual" : false,
      "startTime" : "20141221T145736+0900",
      "endTime" : "20141221T150025+0900",
      "duration" : 169.0,
      "distance" : 186.0,
      "steps" : 352,
      "calories" : 11,
      "trackPoints" : [ {
        "lat" : 35.6997143896,
        "lon" : 139.7716935275,
        "time" : "20141221T145736+0900"
      }, {
        "lat" : 35.6996541188,
        "lon" : 139.7714515448,
        "time" : "20141221T145752+0900"
      }, {
        "lat" : 35.6996331554,
        "lon" : 139.7713584553,
        "time" : "20141221T145815+0900"
      }, {
        "lat" : 35.6995274046,
        "lon" : 139.7714154722,
        "time" : "20141221T145834+0900"
      }, {
        "lat" : 35.6992119338,
        "lon" : 139.7714008014,
        "time" : "20141221T145853+0900"
      }, {
        "lat" : 35.6989096428,
        "lon" : 139.7713544248,
        "time" : "20141221T145910+0900"
      }, {
        "lat" : 35.6987778158,
        "lon" : 139.771336982,
        "time" : "20141221T145926+0900"
      }, {
        "lat" : 35.69862957,
        "lon" : 139.7713194081,
        "time" : "20141221T145943+0900"
      }, {
        "lat" : 35.6985848855,
        "lon" : 139.7711834673,
        "time" : "20141221T145959+0900"
      }, {
        "lat" : 35.6985848586,
        "lon" : 139.7711833854,
        "time" : "20141221T150000+0900"
      }, {
        "lat" : 35.6985173164,
        "lon" : 139.7709779058,
        "time" : "20141221T150025+0900"
      } ]
    } ],
    "lastUpdate" : "20141221T063205Z"
  }, {
    "type" : "place",
    "startTime" : "20141221T150025+0900",
    "endTime" : "20141221T152439+0900",
    "place" : {
      "id" : 121245209,
      "type" : "unknown",
      "location" : {
        "lat" : 35.6985173164,
        "lon" : 139.7709779058
      }
    },
    "activities" : [ {
      "activity" : "walking",
      "group" : "walking",
      "manual" : false,
      "startTime" : "20141221T150144+0900",
      "endTime" : "20141221T151314+0900",
      "duration" : 690.0,
      "distance" : 655.0,
      "steps" : 873,
      "calories" : 39,
      "trackPoints" : [ ]
    } ],
    "lastUpdate" : "20141221T080610Z"
  }, {
    "type" : "move",
    "startTime" : "20141221T152439+0900",
    "endTime" : "20141221T155824+0900",
    "activities" : [ {
      "activity" : "walking",
      "group" : "walking",
      "manual" : false,
      "startTime" : "20141221T152439+0900",
      "endTime" : "20141221T153115+0900",
      "duration" : 396.0,
      "distance" : 348.0,
      "steps" : 680,
      "calories" : 21,
      "trackPoints" : [ {
        "lat" : 35.6985173164,
        "lon" : 139.7709779058,
        "time" : "20141221T152439+0900"
      }, {
        "lat" : 35.6985508856,
        "lon" : 139.7709522577,
        "time" : "20141221T152500+0900"
      }, {
        "lat" : 35.6984361808,
        "lon" : 139.7712223073,
        "time" : "20141221T152523+0900"
      }, {
        "lat" : 35.6983330507,
        "lon" : 139.7713745274,
        "time" : "20141221T152551+0900"
      }, {
        "lat" : 35.6982291885,
        "lon" : 139.7714305337,
        "time" : "20141221T152612+0900"
      }, {
        "lat" : 35.6981905726,
        "lon" : 139.7719102671,
        "time" : "20141221T152647+0900"
      }, {
        "lat" : 35.6982486416,
        "lon" : 139.772069998,
        "time" : "20141221T152703+0900"
      }, {
        "lat" : 35.6984358128,
        "lon" : 139.772385453,
        "time" : "20141221T152730+0900"
      }, {
        "lat" : 35.6986639461,
        "lon" : 139.7726844262,
        "time" : "20141221T152759+0900"
      }, {
        "lat" : 35.6987233118,
        "lon" : 139.7728968096,
        "time" : "20141221T152826+0900"
      }, {
        "lat" : 35.6986791109,
        "lon" : 139.7730957994,
        "time" : "20141221T152847+0900"
      }, {
        "lat" : 35.6985737805,
        "lon" : 139.7734035725,
        "time" : "20141221T152907+0900"
      }, {
        "lat" : 35.6984599072,
        "lon" : 139.7736113909,
        "time" : "20141221T152925+0900"
      }, {
        "lat" : 35.6983978201,
        "lon" : 139.7737253417,
        "time" : "20141221T152950+0900"
      }, {
        "lat" : 35.6983738345,
        "lon" : 139.7737239968,
        "time" : "20141221T153013+0900"
      }, {
        "lat" : 35.6983824386,
        "lon" : 139.7735666882,
        "time" : "20141221T153036+0900"
      }, {
        "lat" : 35.6983771368,
        "lon" : 139.7733554401,
        "time" : "20141221T153059+0900"
      }, {
        "lat" : 35.6983790157,
        "lon" : 139.7732698791,
        "time" : "20141221T153116+0900"
      } ]
    }, {
      "activity" : "transport",
      "group" : "transport",
      "manual" : false,
      "startTime" : "20141221T153116+0900",
      "endTime" : "20141221T154138+0900",
      "duration" : 622.0,
      "distance" : 2998.0,
      "trackPoints" : [ {
        "lat" : 35.6983790157,
        "lon" : 139.7732698791,
        "time" : "20141221T153116+0900"
      }, {
        "lat" : 35.6984003176,
        "lon" : 139.7731418794,
        "time" : "20141221T153138+0900"
      }, {
        "lat" : 35.698451018,
        "lon" : 139.7729429117,
        "time" : "20141221T153215+0900"
      }, {
        "lat" : 35.698503659,
        "lon" : 139.7727799225,
        "time" : "20141221T153242+0900"
      }, {
        "lat" : 35.6985236019,
        "lon" : 139.7728172512,
        "time" : "20141221T153258+0900"
      }, {
        "lat" : 35.6984144227,
        "lon" : 139.7726665274,
        "time" : "20141221T153422+0900"
      }, {
        "lat" : 35.6984142731,
        "lon" : 139.7726662601,
        "time" : "20141221T153454+0900"
      }, {
        "lat" : 35.6984163289,
        "lon" : 139.7726169115,
        "time" : "20141221T153525+0900"
      }, {
        "lat" : 35.6984162906,
        "lon" : 139.7704478861,
        "time" : "20141221T153548+0900"
      }, {
        "lat" : 35.6993126829,
        "lon" : 139.7661877145,
        "time" : "20141221T153615+0900"
      }, {
        "lat" : 35.6997165202,
        "lon" : 139.7649409396,
        "time" : "20141221T153635+0900"
      }, {
        "lat" : 35.699652512,
        "lon" : 139.7649350825,
        "time" : "20141221T153659+0900"
      }, {
        "lat" : 35.6996575144,
        "lon" : 139.7649144591,
        "time" : "20141221T153723+0900"
      }, {
        "lat" : 35.6996559494,
        "lon" : 139.7649202052,
        "time" : "20141221T153800+0900"
      }, {
        "lat" : 35.7000123457,
        "lon" : 139.7638985061,
        "time" : "20141221T153822+0900"
      }, {
        "lat" : 35.7013414007,
        "lon" : 139.7562898101,
        "time" : "20141221T153907+0900"
      }, {
        "lat" : 35.7021001491,
        "lon" : 139.753884753,
        "time" : "20141221T153934+0900"
      }, {
        "lat" : 35.7021222489,
        "lon" : 139.753914584,
        "time" : "20141221T154000+0900"
      }, {
        "lat" : 35.702103754,
        "lon" : 139.7537999215,
        "time" : "20141221T154016+0900"
      }, {
        "lat" : 35.7022548866,
        "lon" : 139.7497996791,
        "time" : "20141221T154044+0900"
      }, {
        "lat" : 35.7020164353,
        "lon" : 139.7451700999,
        "time" : "20141221T154138+0900"
      } ]
    }, {
      "activity" : "walking",
      "group" : "walking",
      "manual" : false,
      "startTime" : "20141221T154138+0900",
      "endTime" : "20141221T154644+0900",
      "duration" : 306.0,
      "distance" : 305.0,
      "steps" : 610,
      "calories" : 18,
      "trackPoints" : [ {
        "lat" : 35.7020164353,
        "lon" : 139.7451700999,
        "time" : "20141221T154138+0900"
      }, {
        "lat" : 35.702093495,
        "lon" : 139.7451819993,
        "time" : "20141221T154155+0900"
      }, {
        "lat" : 35.7021384337,
        "lon" : 139.7452238317,
        "time" : "20141221T154213+0900"
      }, {
        "lat" : 35.702114438,
        "lon" : 139.7453233406,
        "time" : "20141221T154231+0900"
      }, {
        "lat" : 35.7020294245,
        "lon" : 139.7455381725,
        "time" : "20141221T154254+0900"
      }, {
        "lat" : 35.7020326847,
        "lon" : 139.7455055284,
        "time" : "20141221T154317+0900"
      }, {
        "lat" : 35.7021348267,
        "lon" : 139.7451301899,
        "time" : "20141221T154338+0900"
      }, {
        "lat" : 35.7022397792,
        "lon" : 139.74464265,
        "time" : "20141221T154355+0900"
      }, {
        "lat" : 35.7022902992,
        "lon" : 139.7444152783,
        "time" : "20141221T154446+0900"
      }, {
        "lat" : 35.7022285358,
        "lon" : 139.7442788542,
        "time" : "20141221T154509+0900"
      }, {
        "lat" : 35.7021296317,
        "lon" : 139.7441118235,
        "time" : "20141221T154524+0900"
      }, {
        "lat" : 35.7021737492,
        "lon" : 139.7440109257,
        "time" : "20141221T154542+0900"
      }, {
        "lat" : 35.7025123094,
        "lon" : 139.743668689,
        "time" : "20141221T154644+0900"
      } ]
    }, {
      "activity" : "transport",
      "group" : "transport",
      "manual" : false,
      "startTime" : "20141221T154644+0900",
      "endTime" : "20141221T155313+0900",
      "duration" : 389.0,
      "distance" : 2566.0,
      "trackPoints" : [ {
        "lat" : 35.7025123094,
        "lon" : 139.743668689,
        "time" : "20141221T154644+0900"
      }, {
        "lat" : 35.7180071431,
        "lon" : 139.7279668187,
        "time" : "20141221T155313+0900"
      } ]
    }, {
      "activity" : "walking",
      "group" : "walking",
      "manual" : false,
      "startTime" : "20141221T155313+0900",
      "endTime" : "20141221T155823+0900",
      "duration" : 310.0,
      "distance" : 247.0,
      "steps" : 493,
      "calories" : 15,
      "trackPoints" : [ {
        "lat" : 35.7180071431,
        "lon" : 139.7279668187,
        "time" : "20141221T155313+0900"
      }, {
        "lat" : 35.7180469107,
        "lon" : 139.7279518152,
        "time" : "20141221T155403+0900"
      }, {
        "lat" : 35.7180591242,
        "lon" : 139.7279402724,
        "time" : "20141221T155434+0900"
      }, {
        "lat" : 35.717872583,
        "lon" : 139.7279821365,
        "time" : "20141221T155509+0900"
      }, {
        "lat" : 35.7176154657,
        "lon" : 139.7281534323,
        "time" : "20141221T155528+0900"
      }, {
        "lat" : 35.7173330503,
        "lon" : 139.7283089715,
        "time" : "20141221T155544+0900"
      }, {
        "lat" : 35.7169945203,
        "lon" : 139.7285221168,
        "time" : "20141221T155607+0900"
      }, {
        "lat" : 35.7168227527,
        "lon" : 139.7286084686,
        "time" : "20141221T155644+0900"
      }, {
        "lat" : 35.7168657971,
        "lon" : 139.7284799756,
        "time" : "20141221T155711+0900"
      }, {
        "lat" : 35.7168710823,
        "lon" : 139.7283495526,
        "time" : "20141221T155808+0900"
      }, {
        "lat" : 35.7168392789,
        "lon" : 139.7283806079,
        "time" : "20141221T155824+0900"
      } ]
    } ],
    "lastUpdate" : "20141221T080610Z"
  }, {
    "type" : "place",
    "startTime" : "20141221T155824+0900",
    "endTime" : "20141222T120241+0900",
    "place" : {
      "id" : 98345442,
      "type" : "unknown",
      "location" : {
        "lat" : 35.7168392789,
        "lon" : 139.7283806079
      }
    },
    "activities" : [ {
      "activity" : "walking",
      "group" : "walking",
      "manual" : false,
      "startTime" : "20141221T221222+0900",
      "endTime" : "20141221T221252+0900",
      "duration" : 30.0,
      "distance" : 15.0,
      "steps" : 31,
      "calories" : 1,
      "trackPoints" : [ ]
    } ],
    "lastUpdate" : "20141222T062052Z"
  } ],
  "caloriesIdle" : 1711,
  "lastUpdate" : "20141222T062052Z"
} ]