[ {
  "date" : "20151025",
  "summary" : [ {
    "activity" : "walking",
    "group" : "walking",
    "duration" : 90.0,
    "distance" : 45.0,
    "steps" : 90,
    "calories" : 3
  } ],
  "segments" : [ {
    "type" : "place",
    "startTime" : "20151024T151543+0900",
    "endTime" : "20151025T154930+0900",
    "place" : {
      "id" : 152143834,
      "type" : "unknown",
      "location" : {
        "lat" : 43.0846321394,
        "lon" : 141.3451669726
      }
    },
    "lastUpdate" : "20151026T112446Z"
  }, {
    "type" : "place",
    "startTime" : "20151025T154930+0900",
    "endTime" : "20151026T162318+0900",
    "place" : {
      "id" : 152143834,
      "type" : "unknown",
      "location" : {
        "lat" : 43.0846321394,
        "lon" : 141.3451669726
      }
    },
    "activities" : [ {
      "activity" : "walking",
      "group" : "walking",
      "manual" : false,
      "startTime" : "20151025T180006+0900",
      "endTime" : "20151025T180036+0900",
      "duration" : 30.0,
      "distance" : 15.0,
      "steps" : 30,
      "calories" : 1,
      "trackPoints" : [ ]
    }, {
      "activity" : "walking",
      "group" : "walking",
      "manual" : false,
      "startTime" : "20151025T193505+0900",
      "endTime" : "20151025T193535+0900",
      "duration" : 30.0,
      "distance" : 15.0,
      "steps" : 30,
      "calories" : 1,
      "trackPoints" : [ ]
    }, {
      "activity" : "walking",
      "group" : "walking",
      "manual" : false,
      "startTime" : "20151025T211941+0900",
      "endTime" : "20151025T212011+0900",
      "duration" : 30.0,
      "distance" : 15.0,
      "steps" : 30,
      "calories" : 1,
      "trackPoints" : [ ]
    } ],
    "lastUpdate" : "20151026T112446Z"
  } ],
  "caloriesIdle" : 1706,
  "lastUpdate" : "20151026T112446Z"
} ]