[ {
  "date" : "20170909",
  "summary" : [ {
    "activity" : "walking",
    "group" : "walking",
    "duration" : 2779.0,
    "distance" : 2679.0,
    "steps" : 3721,
    "calories" : 148
  }, {
    "activity" : "transport",
    "group" : "transport",
    "duration" : 1561.0,
    "distance" : 12320.0
  } ],
  "segments" : [ {
    "type" : "place",
    "startTime" : "20170908T230029+0900",
    "endTime" : "20170909T064904+0900",
    "place" : {
      "id" : 423046715,
      "type" : "unknown",
      "location" : {
        "lat" : 35.738443,
        "lon" : 139.61466
      }
    },
    "activities" : [ {
      "activity" : "walking",
      "group" : "walking",
      "manual" : false,
      "startTime" : "20170909T000000+0900",
      "endTime" : "20170909T000802+0900",
      "duration" : 482.0,
      "distance" : 487.0,
      "steps" : 649,
      "calories" : 27,
      "trackPoints" : [ ]
    }, {
      "activity" : "walking",
      "group" : "walking",
      "manual" : false,
      "startTime" : "20170909T024012+0900",
      "endTime" : "20170909T024024+0900",
      "duration" : 12.0,
      "distance" : 8.0,
      "steps" : 16,
      "calories" : 0,
      "trackPoints" : [ ]
    }, {
      "activity" : "walking",
      "group" : "walking",
      "manual" : false,
      "startTime" : "20170909T030725+0900",
      "endTime" : "20170909T030732+0900",
      "duration" : 7.0,
      "distance" : 5.0,
      "steps" : 10,
      "calories" : 0,
      "trackPoints" : [ ]
    }, {
      "activity" : "walking",
      "group" : "walking",
      "manual" : false,
      "startTime" : "20170909T060116+0900",
      "endTime" : "20170909T061918+0900",
      "duration" : 1082.0,
      "distance" : 1082.0,
      "steps" : 1443,
      "calories" : 60,
      "trackPoints" : [ ]
    }, {
      "activity" : "walking",
      "group" : "walking",
      "manual" : false,
      "startTime" : "20170909T070000+0900",
      "endTime" : "20170909T070235+0900",
      "duration" : 155.0,
      "distance" : 155.0,
      "steps" : 207,
      "calories" : 9,
      "trackPoints" : [ ]
    } ],
    "lastUpdate" : "20170908T223553Z"
  }, {
    "type" : "move",
    "startTime" : "20170909T064904+0900",
    "endTime" : "20170909T073228+0900",
    "activities" : [ {
      "activity" : "walking",
      "group" : "walking",
      "manual" : false,
      "startTime" : "20170909T064904+0900",
      "endTime" : "20170909T065837+0900",
      "duration" : 573.0,
      "distance" : 633.0,
      "steps" : 828,
      "calories" : 35,
      "trackPoints" : [ {
        "lat" : 35.738443,
        "lon" : 139.61466,
        "time" : "20170909T064904+0900"
      }, {
        "lat" : 35.738309,
        "lon" : 139.61477,
        "time" : "20170909T064921+0900"
      }, {
        "lat" : 35.738313,
        "lon" : 139.61479,
        "time" : "20170909T064937+0900"
      }, {
        "lat" : 35.73826,
        "lon" : 139.61488,
        "time" : "20170909T065000+0900"
      }, {
        "lat" : 35.738229,
        "lon" : 139.61488,
        "time" : "20170909T065022+0900"
      }, {
        "lat" : 35.738292,
        "lon" : 139.61494,
        "time" : "20170909T065051+0900"
      }, {
        "lat" : 35.738293,
        "lon" : 139.61495,
        "time" : "20170909T065106+0900"
      }, {
        "lat" : 35.738696,
        "lon" : 139.615,
        "time" : "20170909T065129+0900"
      }, {
        "lat" : 35.739673,
        "lon" : 139.61517,
        "time" : "20170909T065151+0900"
      }, {
        "lat" : 35.739443,
        "lon" : 139.61512,
        "time" : "20170909T065215+0900"
      }, {
        "lat" : 35.739409,
        "lon" : 139.61498,
        "time" : "20170909T065236+0900"
      }, {
        "lat" : 35.739532,
        "lon" : 139.61495,
        "time" : "20170909T065254+0900"
      }, {
        "lat" : 35.739709,
        "lon" : 139.61506,
        "time" : "20170909T065312+0900"
      }, {
        "lat" : 35.739935,
        "lon" : 139.61517,
        "time" : "20170909T065338+0900"
      }, {
        "lat" : 35.74021,
        "lon" : 139.61526,
        "time" : "20170909T065401+0900"
      }, {
        "lat" : 35.740611,
        "lon" : 139.61544,
        "time" : "20170909T065433+0900"
      }, {
        "lat" : 35.740819,
        "lon" : 139.61551,
        "time" : "20170909T065450+0900"
      }, {
        "lat" : 35.740986,
        "lon" : 139.61578,
        "time" : "20170909T065515+0900"
      }, {
        "lat" : 35.741016,
        "lon" : 139.61586,
        "time" : "20170909T065536+0900"
      }, {
        "lat" : 35.740942,
        "lon" : 139.61598,
        "time" : "20170909T065553+0900"
      }, {
        "lat" : 35.74084,
        "lon" : 139.61603,
        "time" : "20170909T065610+0900"
      }, {
        "lat" : 35.740648,
        "lon" : 139.61639,
        "time" : "20170909T065626+0900"
      }, {
        "lat" : 35.740495,
        "lon" : 139.61661,
        "time" : "20170909T065646+0900"
      }, {
        "lat" : 35.740605,
        "lon" : 139.61679,
        "time" : "20170909T065707+0900"
      }, {
        "lat" : 35.740747,
        "lon" : 139.6167,
        "time" : "20170909T065751+0900"
      }, {
        "lat" : 35.740741,
        "lon" : 139.61649,
        "time" : "20170909T065819+0900"
      }, {
        "lat" : 35.740797,
        "lon" : 139.6165,
        "time" : "20170909T065838+0900"
      } ]
    }, {
      "activity" : "transport",
      "group" : "transport",
      "manual" : false,
      "startTime" : "20170909T065838+0900",
      "endTime" : "20170909T072439+0900",
      "duration" : 1561.0,
      "distance" : 12320.0,
      "trackPoints" : [ {
        "lat" : 35.740797,
        "lon" : 139.6165,
        "time" : "20170909T065838+0900"
      }, {
        "lat" : 35.740856,
        "lon" : 139.61648,
        "time" : "20170909T065857+0900"
      }, {
        "lat" : 35.740838,
        "lon" : 139.61655,
        "time" : "20170909T065917+0900"
      }, {
        "lat" : 35.740794,
        "lon" : 139.61665,
        "time" : "20170909T065940+0900"
      }, {
        "lat" : 35.740436,
        "lon" : 139.61725,
        "time" : "20170909T065959+0900"
      }, {
        "lat" : 35.740436,
        "lon" : 139.61725,
        "time" : "20170909T070000+0900"
      }, {
        "lat" : 35.740384,
        "lon" : 139.61734,
        "time" : "20170909T070002+0900"
      }, {
        "lat" : 35.738126,
        "lon" : 139.62137,
        "time" : "20170909T070020+0900"
      }, {
        "lat" : 35.735968,
        "lon" : 139.62725,
        "time" : "20170909T070043+0900"
      }, {
        "lat" : 35.735945,
        "lon" : 139.62992,
        "time" : "20170909T070112+0900"
      }, {
        "lat" : 35.735929,
        "lon" : 139.62974,
        "time" : "20170909T070132+0900"
      }, {
        "lat" : 35.736218,
        "lon" : 139.63177,
        "time" : "20170909T070154+0900"
      }, {
        "lat" : 35.736511,
        "lon" : 139.63618,
        "time" : "20170909T070224+0900"
      }, {
        "lat" : 35.736843,
        "lon" : 139.63771,
        "time" : "20170909T070302+0900"
      }, {
        "lat" : 35.736854,
        "lon" : 139.63789,
        "time" : "20170909T070327+0900"
      }, {
        "lat" : 35.73754,
        "lon" : 139.64243,
        "time" : "20170909T070347+0900"
      }, {
        "lat" : 35.737712,
        "lon" : 139.64747,
        "time" : "20170909T070405+0900"
      }, {
        "lat" : 35.737869,
        "lon" : 139.65372,
        "time" : "20170909T070443+0900"
      }, {
        "lat" : 35.737833,
        "lon" : 139.65381,
        "time" : "20170909T070509+0900"
      }, {
        "lat" : 35.737831,
        "lon" : 139.65384,
        "time" : "20170909T070530+0900"
      }, {
        "lat" : 35.737831,
        "lon" : 139.65385,
        "time" : "20170909T070555+0900"
      }, {
        "lat" : 35.737831,
        "lon" : 139.65386,
        "time" : "20170909T070616+0900"
      }, {
        "lat" : 35.737831,
        "lon" : 139.65387,
        "time" : "20170909T070632+0900"
      }, {
        "lat" : 35.737831,
        "lon" : 139.65388,
        "time" : "20170909T070648+0900"
      }, {
        "lat" : 35.737831,
        "lon" : 139.65389,
        "time" : "20170909T070708+0900"
      }, {
        "lat" : 35.737831,
        "lon" : 139.65389,
        "time" : "20170909T070725+0900"
      }, {
        "lat" : 35.737832,
        "lon" : 139.6539,
        "time" : "20170909T070741+0900"
      }, {
        "lat" : 35.737832,
        "lon" : 139.6539,
        "time" : "20170909T070758+0900"
      }, {
        "lat" : 35.737832,
        "lon" : 139.65392,
        "time" : "20170909T070825+0900"
      }, {
        "lat" : 35.737834,
        "lon" : 139.65395,
        "time" : "20170909T070856+0900"
      }, {
        "lat" : 35.737836,
        "lon" : 139.65397,
        "time" : "20170909T070916+0900"
      }, {
        "lat" : 35.737838,
        "lon" : 139.65402,
        "time" : "20170909T070941+0900"
      }, {
        "lat" : 35.733256,
        "lon" : 139.69863,
        "time" : "20170909T071746+0900"
      }, {
        "lat" : 35.718558,
        "lon" : 139.72739,
        "time" : "20170909T072439+0900"
      } ]
    }, {
      "activity" : "walking",
      "group" : "walking",
      "manual" : false,
      "startTime" : "20170909T072439+0900",
      "endTime" : "20170909T073227+0900",
      "duration" : 468.0,
      "distance" : 309.0,
      "steps" : 568,
      "calories" : 17,
      "trackPoints" : [ {
        "lat" : 35.718558,
        "lon" : 139.72739,
        "time" : "20170909T072439+0900"
      }, {
        "lat" : 35.718327,
        "lon" : 139.72784,
        "time" : "20170909T072528+0900"
      }, {
        "lat" : 35.718403,
        "lon" : 139.72782,
        "time" : "20170909T072628+0900"
      }, {
        "lat" : 35.718319,
        "lon" : 139.72787,
        "time" : "20170909T072650+0900"
      }, {
        "lat" : 35.718223,
        "lon" : 139.7279,
        "time" : "20170909T072739+0900"
      }, {
        "lat" : 35.718134,
        "lon" : 139.72792,
        "time" : "20170909T072800+0900"
      }, {
        "lat" : 35.717896,
        "lon" : 139.72802,
        "time" : "20170909T072847+0900"
      }, {
        "lat" : 35.717628,
        "lon" : 139.72815,
        "time" : "20170909T072911+0900"
      }, {
        "lat" : 35.717348,
        "lon" : 139.72829,
        "time" : "20170909T072934+0900"
      }, {
        "lat" : 35.717161,
        "lon" : 139.72837,
        "time" : "20170909T072953+0900"
      }, {
        "lat" : 35.716953,
        "lon" : 139.7285,
        "time" : "20170909T073016+0900"
      }, {
        "lat" : 35.716792,
        "lon" : 139.72832,
        "time" : "20170909T073101+0900"
      }, {
        "lat" : 35.716752,
        "lon" : 139.72802,
        "time" : "20170909T073154+0900"
      }, {
        "lat" : 35.716781,
        "lon" : 139.72804,
        "time" : "20170909T073228+0900"
      } ]
    } ],
    "lastUpdate" : "20170908T223553Z"
  } ],
  "caloriesIdle" : 1596,
  "lastUpdate" : "20170908T223553Z"
} ]