[ {
  "date" : "20180316",
  "summary" : [ {
    "activity" : "walking",
    "group" : "walking",
    "duration" : 580.0,
    "distance" : 457.0,
    "steps" : 759,
    "calories" : 25
  } ],
  "segments" : [ {
    "type" : "place",
    "startTime" : "20180315T201626+0900",
    "endTime" : "20180316T192406+0900",
    "place" : {
      "id" : 105416472,
      "type" : "unknown",
      "location" : {
        "lat" : 35.7167813087,
        "lon" : 139.7280424577
      }
    },
    "activities" : [ {
      "activity" : "walking",
      "group" : "walking",
      "manual" : false,
      "startTime" : "20180316T093505+0900",
      "endTime" : "20180316T093534+0900",
      "duration" : 29.0,
      "distance" : 14.0,
      "steps" : 0,
      "calories" : 1,
      "trackPoints" : [ ]
    } ],
    "lastUpdate" : "20180316T111654Z"
  }, {
    "type" : "move",
    "startTime" : "20180316T192406+0900",
    "endTime" : "20180316T192855+0900",
    "activities" : [ {
      "activity" : "walking",
      "group" : "walking",
      "manual" : false,
      "startTime" : "20180316T192406+0900",
      "endTime" : "20180316T192855+0900",
      "duration" : 289.0,
      "distance" : 223.0,
      "steps" : 408,
      "calories" : 12,
      "trackPoints" : [ {
        "lat" : 35.716781,
        "lon" : 139.72804,
        "time" : "20180316T192406+0900"
      }, {
        "lat" : 35.716728,
        "lon" : 139.72811,
        "time" : "20180316T192440+0900"
      }, {
        "lat" : 35.71673,
        "lon" : 139.72809,
        "time" : "20180316T192505+0900"
      }, {
        "lat" : 35.716728,
        "lon" : 139.72812,
        "time" : "20180316T192525+0900"
      }, {
        "lat" : 35.716717,
        "lon" : 139.72824,
        "time" : "20180316T192541+0900"
      }, {
        "lat" : 35.71668,
        "lon" : 139.7285,
        "time" : "20180316T192605+0900"
      }, {
        "lat" : 35.716638,
        "lon" : 139.72862,
        "time" : "20180316T192621+0900"
      }, {
        "lat" : 35.71656,
        "lon" : 139.72871,
        "time" : "20180316T192639+0900"
      }, {
        "lat" : 35.716348,
        "lon" : 139.72883,
        "time" : "20180316T192705+0900"
      }, {
        "lat" : 35.716084,
        "lon" : 139.7289,
        "time" : "20180316T192739+0900"
      }, {
        "lat" : 35.715789,
        "lon" : 139.72894,
        "time" : "20180316T192812+0900"
      }, {
        "lat" : 35.715549,
        "lon" : 139.72888,
        "time" : "20180316T192839+0900"
      }, {
        "lat" : 35.715764,
        "lon" : 139.72897,
        "time" : "20180316T192855+0900"
      } ]
    } ],
    "lastUpdate" : "20180316T111654Z"
  }, {
    "type" : "place",
    "startTime" : "20180316T192855+0900",
    "endTime" : "20180316T195229+0900",
    "place" : {
      "id" : 424435474,
      "type" : "unknown",
      "location" : {
        "lat" : 35.715764,
        "lon" : 139.72897
      }
    },
    "activities" : [ {
      "activity" : "walking",
      "group" : "walking",
      "manual" : false,
      "startTime" : "20180316T192855+0900",
      "endTime" : "20180316T192913+0900",
      "duration" : 18.0,
      "distance" : 13.0,
      "steps" : 27,
      "calories" : 1,
      "trackPoints" : [ ]
    } ],
    "lastUpdate" : "20180316T111654Z"
  }, {
    "type" : "move",
    "startTime" : "20180316T195229+0900",
    "endTime" : "20180316T195633+0900",
    "activities" : [ {
      "activity" : "walking",
      "group" : "walking",
      "manual" : false,
      "startTime" : "20180316T195229+0900",
      "endTime" : "20180316T195633+0900",
      "duration" : 244.0,
      "distance" : 207.0,
      "steps" : 324,
      "calories" : 11,
      "trackPoints" : [ {
        "lat" : 35.715764,
        "lon" : 139.72897,
        "time" : "20180316T195229+0900"
      }, {
        "lat" : 35.716091,
        "lon" : 139.72893,
        "time" : "20180316T195302+0900"
      }, {
        "lat" : 35.716048,
        "lon" : 139.72897,
        "time" : "20180316T195323+0900"
      }, {
        "lat" : 35.716094,
        "lon" : 139.72895,
        "time" : "20180316T195341+0900"
      }, {
        "lat" : 35.71645,
        "lon" : 139.72879,
        "time" : "20180316T195433+0900"
      }, {
        "lat" : 35.716768,
        "lon" : 139.72864,
        "time" : "20180316T195513+0900"
      }, {
        "lat" : 35.716743,
        "lon" : 139.72837,
        "time" : "20180316T195548+0900"
      }, {
        "lat" : 35.716781,
        "lon" : 139.72804,
        "time" : "20180316T195633+0900"
      } ]
    } ],
    "lastUpdate" : "20180316T111654Z"
  } ],
  "caloriesIdle" : 1591,
  "lastUpdate" : "20180316T111654Z"
} ]