[ {
  "date" : "20160612",
  "summary" : [ {
    "activity" : "walking",
    "group" : "walking",
    "duration" : 3.0,
    "distance" : 2.0,
    "steps" : 5,
    "calories" : 0
  } ],
  "segments" : [ {
    "type" : "place",
    "startTime" : "20160612T151237+0900",
    "endTime" : "20160613T143759+0900",
    "place" : {
      "id" : 257240275,
      "type" : "unknown",
      "location" : {
        "lat" : 43.084886,
        "lon" : 141.3453
      }
    },
    "activities" : [ {
      "activity" : "walking",
      "group" : "walking",
      "manual" : false,
      "startTime" : "20160612T232641+0900",
      "endTime" : "20160612T232644+0900",
      "duration" : 3.0,
      "distance" : 2.0,
      "steps" : 5,
      "calories" : 0,
      "trackPoints" : [ ]
    } ],
    "lastUpdate" : "20160613T061239Z"
  } ],
  "caloriesIdle" : 1601,
  "lastUpdate" : "20160613T061239Z"
} ]