[ {
  "date" : "20141005",
  "summary" : [ {
    "activity" : "walking",
    "group" : "walking",
    "duration" : 3458.0,
    "distance" : 3956.0,
    "steps" : 5710,
    "calories" : 235
  }, {
    "activity" : "transport",
    "group" : "transport",
    "duration" : 7588.0,
    "distance" : 80112.0
  }, {
    "activity" : "running",
    "group" : "running",
    "duration" : 163.0,
    "distance" : 278.0,
    "steps" : 397,
    "calories" : 21
  } ],
  "segments" : [ {
    "type" : "place",
    "startTime" : "20141004T213301+0900",
    "endTime" : "20141005T072004+0900",
    "place" : {
      "id" : 100030408,
      "type" : "unknown",
      "location" : {
        "lat" : 35.6942827063,
        "lon" : 139.7380679808
      }
    },
    "activities" : [ {
      "activity" : "walking",
      "group" : "walking",
      "manual" : false,
      "startTime" : "20141005T000425+0900",
      "endTime" : "20141005T000458+0900",
      "duration" : 33.0,
      "distance" : 28.0,
      "steps" : 56,
      "calories" : 2,
      "trackPoints" : [ ]
    }, {
      "activity" : "walking",
      "group" : "walking",
      "manual" : false,
      "startTime" : "20141005T071823+0900",
      "endTime" : "20141005T071853+0900",
      "duration" : 30.0,
      "distance" : 20.0,
      "steps" : 41,
      "calories" : 1,
      "trackPoints" : [ ]
    } ],
    "lastUpdate" : "20141005T011758Z"
  }, {
    "type" : "move",
    "startTime" : "20141005T072004+0900",
    "endTime" : "20141005T073354+0900",
    "activities" : [ {
      "activity" : "walking",
      "group" : "walking",
      "manual" : false,
      "startTime" : "20141005T072004+0900",
      "endTime" : "20141005T073355+0900",
      "duration" : 831.0,
      "distance" : 1080.0,
      "steps" : 1180,
      "calories" : 64,
      "trackPoints" : [ {
        "lat" : 35.6942827063,
        "lon" : 139.7380679808,
        "time" : "20141005T072004+0900"
      }, {
        "lat" : 35.6950047634,
        "lon" : 139.7383586192,
        "time" : "20141005T072131+0900"
      }, {
        "lat" : 35.6951489283,
        "lon" : 139.7383564453,
        "time" : "20141005T072149+0900"
      }, {
        "lat" : 35.6952588613,
        "lon" : 139.7385596261,
        "time" : "20141005T072209+0900"
      }, {
        "lat" : 35.6954838088,
        "lon" : 139.7389270001,
        "time" : "20141005T072232+0900"
      }, {
        "lat" : 35.6957036016,
        "lon" : 139.7392109883,
        "time" : "20141005T072258+0900"
      }, {
        "lat" : 35.6960193058,
        "lon" : 139.7396713399,
        "time" : "20141005T072335+0900"
      }, {
        "lat" : 35.6961355575,
        "lon" : 139.7397709954,
        "time" : "20141005T072353+0900"
      }, {
        "lat" : 35.6962799956,
        "lon" : 139.7398779547,
        "time" : "20141005T072411+0900"
      }, {
        "lat" : 35.6963813185,
        "lon" : 139.7399779653,
        "time" : "20141005T072429+0900"
      }, {
        "lat" : 35.6964854627,
        "lon" : 139.7401357571,
        "time" : "20141005T072444+0900"
      }, {
        "lat" : 35.6965963751,
        "lon" : 139.7398421761,
        "time" : "20141005T072500+0900"
      }, {
        "lat" : 35.6966981267,
        "lon" : 139.7404287304,
        "time" : "20141005T072529+0900"
      }, {
        "lat" : 35.6973108244,
        "lon" : 139.7406536665,
        "time" : "20141005T072551+0900"
      }, {
        "lat" : 35.6980247165,
        "lon" : 139.7410630216,
        "time" : "20141005T072620+0900"
      }, {
        "lat" : 35.6986490602,
        "lon" : 139.7416652163,
        "time" : "20141005T072643+0900"
      }, {
        "lat" : 35.6995115939,
        "lon" : 139.7427065434,
        "time" : "20141005T072709+0900"
      }, {
        "lat" : 35.6996618214,
        "lon" : 139.7430008188,
        "time" : "20141005T072746+0900"
      }, {
        "lat" : 35.6997506604,
        "lon" : 139.7431250991,
        "time" : "20141005T072802+0900"
      }, {
        "lat" : 35.69966488,
        "lon" : 139.7429020503,
        "time" : "20141005T072819+0900"
      }, {
        "lat" : 35.6997259858,
        "lon" : 139.742897031,
        "time" : "20141005T072844+0900"
      }, {
        "lat" : 35.6997146383,
        "lon" : 139.7428307481,
        "time" : "20141005T072907+0900"
      }, {
        "lat" : 35.6997185493,
        "lon" : 139.7428391613,
        "time" : "20141005T072923+0900"
      }, {
        "lat" : 35.6997705612,
        "lon" : 139.7428513928,
        "time" : "20141005T072945+0900"
      }, {
        "lat" : 35.6998768716,
        "lon" : 139.7428779407,
        "time" : "20141005T073006+0900"
      }, {
        "lat" : 35.7000223563,
        "lon" : 139.7429502154,
        "time" : "20141005T073023+0900"
      }, {
        "lat" : 35.7002957915,
        "lon" : 139.7431154248,
        "time" : "20141005T073052+0900"
      }, {
        "lat" : 35.7003145112,
        "lon" : 139.742883605,
        "time" : "20141005T073111+0900"
      }, {
        "lat" : 35.7004082008,
        "lon" : 139.7428400496,
        "time" : "20141005T073132+0900"
      }, {
        "lat" : 35.7004883733,
        "lon" : 139.7428466384,
        "time" : "20141005T073150+0900"
      }, {
        "lat" : 35.7008053941,
        "lon" : 139.7430198848,
        "time" : "20141005T073234+0900"
      }, {
        "lat" : 35.7007802841,
        "lon" : 139.74302786,
        "time" : "20141005T073259+0900"
      }, {
        "lat" : 35.7007139222,
        "lon" : 139.7429979078,
        "time" : "20141005T073316+0900"
      }, {
        "lat" : 35.7006533278,
        "lon" : 139.74297245,
        "time" : "20141005T073338+0900"
      }, {
        "lat" : 35.7005368669,
        "lon" : 139.742938354,
        "time" : "20141005T073354+0900"
      } ]
    } ],
    "lastUpdate" : "20141005T011758Z"
  }, {
    "type" : "place",
    "startTime" : "20141005T073354+0900",
    "endTime" : "20141005T073843+0900",
    "place" : {
      "id" : 99269636,
      "type" : "unknown",
      "location" : {
        "lat" : 35.7005368669,
        "lon" : 139.742938354
      }
    },
    "lastUpdate" : "20141005T011758Z"
  }, {
    "type" : "move",
    "startTime" : "20141005T073843+0900",
    "endTime" : "20141005T074830+0900",
    "activities" : [ {
      "activity" : "transport",
      "group" : "transport",
      "manual" : false,
      "startTime" : "20141005T073843+0900",
      "endTime" : "20141005T074425+0900",
      "duration" : 342.0,
      "distance" : 2723.0,
      "trackPoints" : [ {
        "lat" : 35.7005368669,
        "lon" : 139.742938354,
        "time" : "20141005T073843+0900"
      }, {
        "lat" : 35.7180142738,
        "lon" : 139.7280590089,
        "time" : "20141005T074401+0900"
      }, {
        "lat" : 35.7179739508,
        "lon" : 139.7280270732,
        "time" : "20141005T074426+0900"
      } ]
    }, {
      "activity" : "walking",
      "group" : "walking",
      "manual" : false,
      "startTime" : "20141005T074426+0900",
      "endTime" : "20141005T074830+0900",
      "duration" : 244.0,
      "distance" : 211.0,
      "steps" : 422,
      "calories" : 13,
      "trackPoints" : [ {
        "lat" : 35.7179739508,
        "lon" : 139.7280270732,
        "time" : "20141005T074426+0900"
      }, {
        "lat" : 35.7180019651,
        "lon" : 139.7280214074,
        "time" : "20141005T074454+0900"
      }, {
        "lat" : 35.7180089926,
        "lon" : 139.7280158401,
        "time" : "20141005T074512+0900"
      }, {
        "lat" : 35.7180096029,
        "lon" : 139.7280103438,
        "time" : "20141005T074534+0900"
      }, {
        "lat" : 35.7180030246,
        "lon" : 139.7280044063,
        "time" : "20141005T074552+0900"
      }, {
        "lat" : 35.7179491116,
        "lon" : 139.7279769502,
        "time" : "20141005T074625+0900"
      }, {
        "lat" : 35.7178032906,
        "lon" : 139.728031456,
        "time" : "20141005T074648+0900"
      }, {
        "lat" : 35.7175753091,
        "lon" : 139.7281597857,
        "time" : "20141005T074711+0900"
      }, {
        "lat" : 35.7173392156,
        "lon" : 139.7282745292,
        "time" : "20141005T074728+0900"
      }, {
        "lat" : 35.7170033339,
        "lon" : 139.7285030382,
        "time" : "20141005T074751+0900"
      }, {
        "lat" : 35.7168392789,
        "lon" : 139.7283806079,
        "time" : "20141005T074830+0900"
      } ]
    } ],
    "lastUpdate" : "20141005T011758Z"
  }, {
    "type" : "place",
    "startTime" : "20141005T074830+0900",
    "endTime" : "20141005T114204+0900",
    "place" : {
      "id" : 98345442,
      "type" : "unknown",
      "location" : {
        "lat" : 35.7168392789,
        "lon" : 139.7283806079
      }
    },
    "activities" : [ {
      "activity" : "walking",
      "group" : "walking",
      "manual" : false,
      "startTime" : "20141005T074956+0900",
      "endTime" : "20141005T075026+0900",
      "duration" : 30.0,
      "distance" : 15.0,
      "steps" : 31,
      "calories" : 1,
      "trackPoints" : [ ]
    }, {
      "activity" : "walking",
      "group" : "walking",
      "manual" : false,
      "startTime" : "20141005T113517+0900",
      "endTime" : "20141005T113804+0900",
      "duration" : 167.0,
      "distance" : 135.0,
      "steps" : 180,
      "calories" : 8,
      "trackPoints" : [ ]
    } ],
    "lastUpdate" : "20141005T090058Z"
  }, {
    "type" : "move",
    "startTime" : "20141005T114204+0900",
    "endTime" : "20141005T123757+0900",
    "activities" : [ {
      "activity" : "running",
      "group" : "running",
      "manual" : false,
      "startTime" : "20141005T114204+0900",
      "endTime" : "20141005T114447+0900",
      "duration" : 163.0,
      "distance" : 278.0,
      "steps" : 397,
      "calories" : 21,
      "trackPoints" : [ {
        "lat" : 35.7168392789,
        "lon" : 139.7283806079,
        "time" : "20141005T114204+0900"
      }, {
        "lat" : 35.7171814244,
        "lon" : 139.7283666866,
        "time" : "20141005T114229+0900"
      }, {
        "lat" : 35.7174895509,
        "lon" : 139.7280679297,
        "time" : "20141005T114249+0900"
      }, {
        "lat" : 35.7177817143,
        "lon" : 139.7279048013,
        "time" : "20141005T114308+0900"
      }, {
        "lat" : 35.7178760067,
        "lon" : 139.7280009437,
        "time" : "20141005T114326+0900"
      }, {
        "lat" : 35.7179714613,
        "lon" : 139.7280340658,
        "time" : "20141005T114342+0900"
      }, {
        "lat" : 35.7179586739,
        "lon" : 139.728099217,
        "time" : "20141005T114407+0900"
      }, {
        "lat" : 35.7178560061,
        "lon" : 139.7282064547,
        "time" : "20141005T114430+0900"
      }, {
        "lat" : 35.7177466894,
        "lon" : 139.7283142972,
        "time" : "20141005T114447+0900"
      } ]
    }, {
      "activity" : "transport",
      "group" : "transport",
      "manual" : false,
      "startTime" : "20141005T114447+0900",
      "endTime" : "20141005T115336+0900",
      "duration" : 529.0,
      "distance" : 2598.0,
      "trackPoints" : [ {
        "lat" : 35.7177466894,
        "lon" : 139.7283142972,
        "time" : "20141005T114447+0900"
      }, {
        "lat" : 35.713342395,
        "lon" : 139.7324867237,
        "time" : "20141005T114957+0900"
      }, {
        "lat" : 35.701941042,
        "lon" : 139.7440292797,
        "time" : "20141005T115336+0900"
      } ]
    }, {
      "activity" : "walking",
      "group" : "walking",
      "manual" : false,
      "startTime" : "20141005T115336+0900",
      "endTime" : "20141005T115636+0900",
      "duration" : 180.0,
      "distance" : 191.0,
      "steps" : 382,
      "calories" : 11,
      "trackPoints" : [ {
        "lat" : 35.701941042,
        "lon" : 139.7440292797,
        "time" : "20141005T115336+0900"
      }, {
        "lat" : 35.7021502792,
        "lon" : 139.7442017485,
        "time" : "20141005T115408+0900"
      }, {
        "lat" : 35.70220397,
        "lon" : 139.744325456,
        "time" : "20141005T115440+0900"
      }, {
        "lat" : 35.7021924555,
        "lon" : 139.7444875178,
        "time" : "20141005T115455+0900"
      }, {
        "lat" : 35.7020795856,
        "lon" : 139.7452887834,
        "time" : "20141005T115534+0900"
      }, {
        "lat" : 35.7021040293,
        "lon" : 139.7453592291,
        "time" : "20141005T115556+0900"
      }, {
        "lat" : 35.7021557414,
        "lon" : 139.7452517786,
        "time" : "20141005T115615+0900"
      }, {
        "lat" : 35.702055,
        "lon" : 139.7452582535,
        "time" : "20141005T115636+0900"
      } ]
    }, {
      "activity" : "transport",
      "group" : "transport",
      "manual" : false,
      "startTime" : "20141005T115636+0900",
      "endTime" : "20141005T123251+0900",
      "duration" : 2175.0,
      "distance" : 27159.0,
      "trackPoints" : [ {
        "lat" : 35.702055,
        "lon" : 139.7452582535,
        "time" : "20141005T115636+0900"
      }, {
        "lat" : 35.7019914535,
        "lon" : 139.7454287745,
        "time" : "20141005T115652+0900"
      }, {
        "lat" : 35.7022996905,
        "lon" : 139.7477388162,
        "time" : "20141005T115719+0900"
      }, {
        "lat" : 35.7022226872,
        "lon" : 139.7513112818,
        "time" : "20141005T115738+0900"
      }, {
        "lat" : 35.7021542439,
        "lon" : 139.7544563306,
        "time" : "20141005T115813+0900"
      }, {
        "lat" : 35.7020575083,
        "lon" : 139.754627871,
        "time" : "20141005T115833+0900"
      }, {
        "lat" : 35.7020575406,
        "lon" : 139.7546674087,
        "time" : "20141005T115853+0900"
      }, {
        "lat" : 35.7016336194,
        "lon" : 139.7591672963,
        "time" : "20141005T115933+0900"
      }, {
        "lat" : 35.7015469614,
        "lon" : 139.7611716123,
        "time" : "20141005T115953+0900"
      }, {
        "lat" : 35.7009999828,
        "lon" : 139.7620065615,
        "time" : "20141005T115959+0900"
      }, {
        "lat" : 35.7009991913,
        "lon" : 139.7620077698,
        "time" : "20141005T120000+0900"
      }, {
        "lat" : 35.7000401759,
        "lon" : 139.7634716829,
        "time" : "20141005T120012+0900"
      }, {
        "lat" : 35.6996036946,
        "lon" : 139.7650184277,
        "time" : "20141005T120030+0900"
      }, {
        "lat" : 35.6995078623,
        "lon" : 139.7652776293,
        "time" : "20141005T120045+0900"
      }, {
        "lat" : 35.6995802489,
        "lon" : 139.7652542118,
        "time" : "20141005T120104+0900"
      }, {
        "lat" : 35.6994473895,
        "lon" : 139.7658936942,
        "time" : "20141005T120127+0900"
      }, {
        "lat" : 35.6986247946,
        "lon" : 139.769834973,
        "time" : "20141005T120200+0900"
      }, {
        "lat" : 35.6985141605,
        "lon" : 139.7713874395,
        "time" : "20141005T120218+0900"
      }, {
        "lat" : 35.6984408378,
        "lon" : 139.7735022117,
        "time" : "20141005T120239+0900"
      }, {
        "lat" : 35.6985107296,
        "lon" : 139.7736195016,
        "time" : "20141005T120259+0900"
      }, {
        "lat" : 35.6985079334,
        "lon" : 139.7736729053,
        "time" : "20141005T120319+0900"
      }, {
        "lat" : 35.6980983822,
        "lon" : 139.7769180101,
        "time" : "20141005T120341+0900"
      }, {
        "lat" : 35.6977121401,
        "lon" : 139.7812406484,
        "time" : "20141005T120403+0900"
      }, {
        "lat" : 35.6975138201,
        "lon" : 139.7840972453,
        "time" : "20141005T120421+0900"
      }, {
        "lat" : 35.6974741661,
        "lon" : 139.7844387397,
        "time" : "20141005T120447+0900"
      }, {
        "lat" : 35.6974312553,
        "lon" : 139.7849697951,
        "time" : "20141005T120513+0900"
      }, {
        "lat" : 35.6971387359,
        "lon" : 139.7881822858,
        "time" : "20141005T120540+0900"
      }, {
        "lat" : 35.6960684963,
        "lon" : 139.7927960986,
        "time" : "20141005T120608+0900"
      }, {
        "lat" : 35.6959335374,
        "lon" : 139.7936925287,
        "time" : "20141005T120624+0900"
      }, {
        "lat" : 35.6959131853,
        "lon" : 139.7937179455,
        "time" : "20141005T120640+0900"
      }, {
        "lat" : 35.6959050686,
        "lon" : 139.7937379681,
        "time" : "20141005T120656+0900"
      }, {
        "lat" : 35.6958153047,
        "lon" : 139.7968386901,
        "time" : "20141005T120722+0900"
      }, {
        "lat" : 35.6961153479,
        "lon" : 139.8033731834,
        "time" : "20141005T120751+0900"
      }, {
        "lat" : 35.6963714669,
        "lon" : 139.8076932778,
        "time" : "20141005T120810+0900"
      }, {
        "lat" : 35.6965616153,
        "lon" : 139.8115827366,
        "time" : "20141005T120828+0900"
      }, {
        "lat" : 35.6967498889,
        "lon" : 139.8139920817,
        "time" : "20141005T120847+0900"
      }, {
        "lat" : 35.6967900806,
        "lon" : 139.8144690319,
        "time" : "20141005T120903+0900"
      }, {
        "lat" : 35.6967605883,
        "lon" : 139.8144254606,
        "time" : "20141005T120923+0900"
      }, {
        "lat" : 35.6966897754,
        "lon" : 139.8148418343,
        "time" : "20141005T120945+0900"
      }, {
        "lat" : 35.6969310836,
        "lon" : 139.8181048092,
        "time" : "20141005T121008+0900"
      }, {
        "lat" : 35.6969171507,
        "lon" : 139.8227422852,
        "time" : "20141005T121028+0900"
      }, {
        "lat" : 35.6974762114,
        "lon" : 139.8266549214,
        "time" : "20141005T121050+0900"
      }, {
        "lat" : 35.6974631341,
        "lon" : 139.8269025197,
        "time" : "20141005T121111+0900"
      }, {
        "lat" : 35.6974718071,
        "lon" : 139.8280930917,
        "time" : "20141005T121156+0900"
      }, {
        "lat" : 35.697495016,
        "lon" : 139.8331532188,
        "time" : "20141005T121213+0900"
      }, {
        "lat" : 35.6995228841,
        "lon" : 139.8364513799,
        "time" : "20141005T121232+0900"
      }, {
        "lat" : 35.7016992429,
        "lon" : 139.8382761121,
        "time" : "20141005T121251+0900"
      }, {
        "lat" : 35.7050007966,
        "lon" : 139.8401996953,
        "time" : "20141005T121307+0900"
      }, {
        "lat" : 35.7067539143,
        "lon" : 139.8424178523,
        "time" : "20141005T121338+0900"
      }, {
        "lat" : 35.706718598,
        "lon" : 139.8426166246,
        "time" : "20141005T121404+0900"
      }, {
        "lat" : 35.7077228383,
        "lon" : 139.8443080287,
        "time" : "20141005T121431+0900"
      }, {
        "lat" : 35.7089043203,
        "lon" : 139.8461714498,
        "time" : "20141005T121446+0900"
      }, {
        "lat" : 35.709811326,
        "lon" : 139.8474456786,
        "time" : "20141005T121508+0900"
      }, {
        "lat" : 35.716922765,
        "lon" : 139.8578480218,
        "time" : "20141005T121549+0900"
      }, {
        "lat" : 35.7170076268,
        "lon" : 139.8580501794,
        "time" : "20141005T121607+0900"
      }, {
        "lat" : 35.7171096324,
        "lon" : 139.8582467662,
        "time" : "20141005T121624+0900"
      }, {
        "lat" : 35.717501497,
        "lon" : 139.8588546369,
        "time" : "20141005T121654+0900"
      }, {
        "lat" : 35.7187317083,
        "lon" : 139.8609599467,
        "time" : "20141005T121713+0900"
      }, {
        "lat" : 35.7217735128,
        "lon" : 139.8654494389,
        "time" : "20141005T121735+0900"
      }, {
        "lat" : 35.7246516484,
        "lon" : 139.8695977614,
        "time" : "20141005T121804+0900"
      }, {
        "lat" : 35.7299531607,
        "lon" : 139.8771103756,
        "time" : "20141005T121831+0900"
      }, {
        "lat" : 35.7332740601,
        "lon" : 139.8816339555,
        "time" : "20141005T121903+0900"
      }, {
        "lat" : 35.7335366265,
        "lon" : 139.8822315363,
        "time" : "20141005T121935+0900"
      }, {
        "lat" : 35.7352833897,
        "lon" : 139.885527988,
        "time" : "20141005T122020+0900"
      }, {
        "lat" : 35.735482733,
        "lon" : 139.8921999019,
        "time" : "20141005T122048+0900"
      }, {
        "lat" : 35.7322238366,
        "lon" : 139.9004124795,
        "time" : "20141005T122120+0900"
      }, {
        "lat" : 35.7307074325,
        "lon" : 139.903738408,
        "time" : "20141005T122136+0900"
      }, {
        "lat" : 35.7299771723,
        "lon" : 139.9059199523,
        "time" : "20141005T122151+0900"
      }, {
        "lat" : 35.7289481202,
        "lon" : 139.9079780091,
        "time" : "20141005T122217+0900"
      }, {
        "lat" : 35.7289297602,
        "lon" : 139.9080809875,
        "time" : "20141005T122232+0900"
      }, {
        "lat" : 35.7287701421,
        "lon" : 139.9084032559,
        "time" : "20141005T122301+0900"
      }, {
        "lat" : 35.7270761845,
        "lon" : 139.9124812581,
        "time" : "20141005T122326+0900"
      }, {
        "lat" : 35.7258600193,
        "lon" : 139.9156446915,
        "time" : "20141005T122355+0900"
      }, {
        "lat" : 35.7223510058,
        "lon" : 139.9238379307,
        "time" : "20141005T122412+0900"
      }, {
        "lat" : 35.7210533402,
        "lon" : 139.927129882,
        "time" : "20141005T122440+0900"
      }, {
        "lat" : 35.7209578283,
        "lon" : 139.9274276801,
        "time" : "20141005T122502+0900"
      }, {
        "lat" : 35.7209414893,
        "lon" : 139.9274837318,
        "time" : "20141005T122517+0900"
      }, {
        "lat" : 35.7202567822,
        "lon" : 139.9290103318,
        "time" : "20141005T122542+0900"
      }, {
        "lat" : 35.7177410073,
        "lon" : 139.9355276161,
        "time" : "20141005T122617+0900"
      }, {
        "lat" : 35.7146798128,
        "lon" : 139.9425229509,
        "time" : "20141005T122706+0900"
      }, {
        "lat" : 35.7143191096,
        "lon" : 139.9430977671,
        "time" : "20141005T122725+0900"
      }, {
        "lat" : 35.7138500796,
        "lon" : 139.94422914,
        "time" : "20141005T122751+0900"
      }, {
        "lat" : 35.7115743041,
        "lon" : 139.9485118304,
        "time" : "20141005T122814+0900"
      }, {
        "lat" : 35.7101825524,
        "lon" : 139.953043414,
        "time" : "20141005T122841+0900"
      }, {
        "lat" : 35.7087346679,
        "lon" : 139.9574894825,
        "time" : "20141005T122900+0900"
      }, {
        "lat" : 35.707631933,
        "lon" : 139.9586898393,
        "time" : "20141005T122917+0900"
      }, {
        "lat" : 35.7074746619,
        "lon" : 139.958917419,
        "time" : "20141005T122933+0900"
      }, {
        "lat" : 35.7073534258,
        "lon" : 139.9590876484,
        "time" : "20141005T122950+0900"
      }, {
        "lat" : 35.7072788387,
        "lon" : 139.9591884063,
        "time" : "20141005T123009+0900"
      }, {
        "lat" : 35.7068539703,
        "lon" : 139.9602127177,
        "time" : "20141005T123028+0900"
      }, {
        "lat" : 35.702956807,
        "lon" : 139.969250666,
        "time" : "20141005T123104+0900"
      }, {
        "lat" : 35.7020885057,
        "lon" : 139.9752003265,
        "time" : "20141005T123129+0900"
      }, {
        "lat" : 35.702126301,
        "lon" : 139.981632042,
        "time" : "20141005T123159+0900"
      }, {
        "lat" : 35.7016918907,
        "lon" : 139.9846963745,
        "time" : "20141005T123215+0900"
      }, {
        "lat" : 35.7016754933,
        "lon" : 139.985344065,
        "time" : "20141005T123251+0900"
      } ]
    }, {
      "activity" : "walking",
      "group" : "walking",
      "manual" : false,
      "startTime" : "20141005T123251+0900",
      "endTime" : "20141005T123757+0900",
      "duration" : 306.0,
      "distance" : 251.0,
      "steps" : 502,
      "calories" : 15,
      "trackPoints" : [ {
        "lat" : 35.7016754933,
        "lon" : 139.985344065,
        "time" : "20141005T123251+0900"
      }, {
        "lat" : 35.7016808589,
        "lon" : 139.9853535435,
        "time" : "20141005T123311+0900"
      }, {
        "lat" : 35.7017340611,
        "lon" : 139.98538239,
        "time" : "20141005T123350+0900"
      }, {
        "lat" : 35.7017654428,
        "lon" : 139.9854204735,
        "time" : "20141005T123414+0900"
      }, {
        "lat" : 35.7016659214,
        "lon" : 139.9854149379,
        "time" : "20141005T123432+0900"
      }, {
        "lat" : 35.7015616808,
        "lon" : 139.9854616197,
        "time" : "20141005T123452+0900"
      }, {
        "lat" : 35.7014479488,
        "lon" : 139.9855825498,
        "time" : "20141005T123517+0900"
      }, {
        "lat" : 35.7012429267,
        "lon" : 139.9856215209,
        "time" : "20141005T123538+0900"
      }, {
        "lat" : 35.7009895053,
        "lon" : 139.9856212034,
        "time" : "20141005T123554+0900"
      }, {
        "lat" : 35.7004505318,
        "lon" : 139.985482103,
        "time" : "20141005T123625+0900"
      }, {
        "lat" : 35.7002920348,
        "lon" : 139.9854558115,
        "time" : "20141005T123641+0900"
      }, {
        "lat" : 35.7001965129,
        "lon" : 139.9853247914,
        "time" : "20141005T123715+0900"
      }, {
        "lat" : 35.7001921283,
        "lon" : 139.9853410247,
        "time" : "20141005T123732+0900"
      }, {
        "lat" : 35.7002045413,
        "lon" : 139.9854606578,
        "time" : "20141005T123757+0900"
      } ]
    } ],
    "lastUpdate" : "20141005T090058Z"
  }, {
    "type" : "place",
    "startTime" : "20141005T123757+0900",
    "endTime" : "20141005T124322+0900",
    "place" : {
      "id" : 99551702,
      "type" : "unknown",
      "location" : {
        "lat" : 35.7002045413,
        "lon" : 139.9854606578
      }
    },
    "activities" : [ {
      "activity" : "walking",
      "group" : "walking",
      "manual" : false,
      "startTime" : "20141005T124021+0900",
      "endTime" : "20141005T124121+0900",
      "duration" : 60.0,
      "distance" : 51.0,
      "steps" : 101,
      "calories" : 3,
      "trackPoints" : [ ]
    } ],
    "lastUpdate" : "20141005T090058Z"
  }, {
    "type" : "move",
    "startTime" : "20141005T124322+0900",
    "endTime" : "20141005T130725+0900",
    "activities" : [ {
      "activity" : "transport",
      "group" : "transport",
      "manual" : false,
      "startTime" : "20141005T124322+0900",
      "endTime" : "20141005T125653+0900",
      "duration" : 811.0,
      "distance" : 8905.0,
      "trackPoints" : [ {
        "lat" : 35.7002045413,
        "lon" : 139.9854606578,
        "time" : "20141005T124322+0900"
      }, {
        "lat" : 35.700080832,
        "lon" : 139.985517141,
        "time" : "20141005T124346+0900"
      }, {
        "lat" : 35.7000841226,
        "lon" : 139.985529262,
        "time" : "20141005T124404+0900"
      }, {
        "lat" : 35.7001014856,
        "lon" : 139.9855418482,
        "time" : "20141005T124420+0900"
      }, {
        "lat" : 35.7001460359,
        "lon" : 139.9855167762,
        "time" : "20141005T124440+0900"
      }, {
        "lat" : 35.7002108659,
        "lon" : 139.9856866069,
        "time" : "20141005T124456+0900"
      }, {
        "lat" : 35.7008833888,
        "lon" : 139.9878394459,
        "time" : "20141005T124513+0900"
      }, {
        "lat" : 35.7004617399,
        "lon" : 139.9910719464,
        "time" : "20141005T124534+0900"
      }, {
        "lat" : 35.6981463237,
        "lon" : 139.9916081455,
        "time" : "20141005T124552+0900"
      }, {
        "lat" : 35.6955605383,
        "lon" : 139.9910879889,
        "time" : "20141005T124608+0900"
      }, {
        "lat" : 35.6923456688,
        "lon" : 139.9930479269,
        "time" : "20141005T124627+0900"
      }, {
        "lat" : 35.6901180972,
        "lon" : 139.997228565,
        "time" : "20141005T124647+0900"
      }, {
        "lat" : 35.6887199938,
        "lon" : 140.0006753474,
        "time" : "20141005T124703+0900"
      }, {
        "lat" : 35.6862754976,
        "lon" : 140.0057321373,
        "time" : "20141005T124729+0900"
      }, {
        "lat" : 35.6844236472,
        "lon" : 140.0113650805,
        "time" : "20141005T124757+0900"
      }, {
        "lat" : 35.6844065345,
        "lon" : 140.0156093048,
        "time" : "20141005T124813+0900"
      }, {
        "lat" : 35.6844532411,
        "lon" : 140.0192067226,
        "time" : "20141005T124829+0900"
      }, {
        "lat" : 35.6840176236,
        "lon" : 140.0225078235,
        "time" : "20141005T124857+0900"
      }, {
        "lat" : 35.6837831683,
        "lon" : 140.0242022661,
        "time" : "20141005T124916+0900"
      }, {
        "lat" : 35.6836884387,
        "lon" : 140.0246441832,
        "time" : "20141005T124945+0900"
      }, {
        "lat" : 35.6836722764,
        "lon" : 140.0247738995,
        "time" : "20141005T125003+0900"
      }, {
        "lat" : 35.6836722764,
        "lon" : 140.0247738995,
        "time" : "20141005T125035+0900"
      }, {
        "lat" : 35.6836722764,
        "lon" : 140.0247738995,
        "time" : "20141005T125054+0900"
      }, {
        "lat" : 35.6836734945,
        "lon" : 140.0247768495,
        "time" : "20141005T125115+0900"
      }, {
        "lat" : 35.6836736652,
        "lon" : 140.0247763793,
        "time" : "20141005T125138+0900"
      }, {
        "lat" : 35.6836570235,
        "lon" : 140.0248244556,
        "time" : "20141005T125205+0900"
      }, {
        "lat" : 35.6833659594,
        "lon" : 140.0258356169,
        "time" : "20141005T125224+0900"
      }, {
        "lat" : 35.6827433964,
        "lon" : 140.0274141335,
        "time" : "20141005T125240+0900"
      }, {
        "lat" : 35.6817653596,
        "lon" : 140.0289530179,
        "time" : "20141005T125256+0900"
      }, {
        "lat" : 35.6809235946,
        "lon" : 140.032106498,
        "time" : "20141005T125317+0900"
      }, {
        "lat" : 35.6817557505,
        "lon" : 140.0353249511,
        "time" : "20141005T125336+0900"
      }, {
        "lat" : 35.6847508803,
        "lon" : 140.0419270006,
        "time" : "20141005T125407+0900"
      }, {
        "lat" : 35.686012358,
        "lon" : 140.0473216459,
        "time" : "20141005T125434+0900"
      }, {
        "lat" : 35.6858780135,
        "lon" : 140.048717892,
        "time" : "20141005T125452+0900"
      }, {
        "lat" : 35.6858918316,
        "lon" : 140.0487912823,
        "time" : "20141005T125511+0900"
      }, {
        "lat" : 35.6859270439,
        "lon" : 140.049536984,
        "time" : "20141005T125526+0900"
      }, {
        "lat" : 35.6859541366,
        "lon" : 140.0524241632,
        "time" : "20141005T125542+0900"
      }, {
        "lat" : 35.6858896679,
        "lon" : 140.058269775,
        "time" : "20141005T125605+0900"
      }, {
        "lat" : 35.6863064725,
        "lon" : 140.0643779126,
        "time" : "20141005T125628+0900"
      }, {
        "lat" : 35.6868229282,
        "lon" : 140.067675445,
        "time" : "20141005T125652+0900"
      } ]
    }, {
      "activity" : "walking",
      "group" : "walking",
      "manual" : false,
      "startTime" : "20141005T125652+0900",
      "endTime" : "20141005T130725+0900",
      "duration" : 633.0,
      "distance" : 1016.0,
      "steps" : 1292,
      "calories" : 60,
      "trackPoints" : [ {
        "lat" : 35.6868229282,
        "lon" : 140.067675445,
        "time" : "20141005T125652+0900"
      }, {
        "lat" : 35.6869277786,
        "lon" : 140.0681334999,
        "time" : "20141005T125719+0900"
      }, {
        "lat" : 35.6870448272,
        "lon" : 140.0684472663,
        "time" : "20141005T125739+0900"
      }, {
        "lat" : 35.6872525837,
        "lon" : 140.0686795091,
        "time" : "20141005T125802+0900"
      }, {
        "lat" : 35.6874920807,
        "lon" : 140.0687776789,
        "time" : "20141005T125828+0900"
      }, {
        "lat" : 35.687824216,
        "lon" : 140.0689725316,
        "time" : "20141005T125851+0900"
      }, {
        "lat" : 35.6881171139,
        "lon" : 140.0690686111,
        "time" : "20141005T125907+0900"
      }, {
        "lat" : 35.6883173327,
        "lon" : 140.0690682669,
        "time" : "20141005T125926+0900"
      }, {
        "lat" : 35.6887009355,
        "lon" : 140.0691196743,
        "time" : "20141005T125950+0900"
      }, {
        "lat" : 35.688840688,
        "lon" : 140.0691300755,
        "time" : "20141005T125959+0900"
      }, {
        "lat" : 35.6888408364,
        "lon" : 140.0691300865,
        "time" : "20141005T130000+0900"
      }, {
        "lat" : 35.6890066568,
        "lon" : 140.0691424279,
        "time" : "20141005T130011+0900"
      }, {
        "lat" : 35.6891711699,
        "lon" : 140.0691672384,
        "time" : "20141005T130026+0900"
      }, {
        "lat" : 35.6893117605,
        "lon" : 140.0691344493,
        "time" : "20141005T130042+0900"
      }, {
        "lat" : 35.6895681818,
        "lon" : 140.0690800868,
        "time" : "20141005T130100+0900"
      }, {
        "lat" : 35.6900195389,
        "lon" : 140.0691792919,
        "time" : "20141005T130125+0900"
      }, {
        "lat" : 35.690429975,
        "lon" : 140.0692649134,
        "time" : "20141005T130142+0900"
      }, {
        "lat" : 35.6906603004,
        "lon" : 140.0693193966,
        "time" : "20141005T130206+0900"
      }, {
        "lat" : 35.6906453679,
        "lon" : 140.0696306257,
        "time" : "20141005T130222+0900"
      }, {
        "lat" : 35.690519022,
        "lon" : 140.0703844075,
        "time" : "20141005T130300+0900"
      }, {
        "lat" : 35.6903571711,
        "lon" : 140.0709737667,
        "time" : "20141005T130334+0900"
      }, {
        "lat" : 35.6902735326,
        "lon" : 140.0713634959,
        "time" : "20141005T130400+0900"
      }, {
        "lat" : 35.6902989236,
        "lon" : 140.0718500238,
        "time" : "20141005T130421+0900"
      }, {
        "lat" : 35.6902482401,
        "lon" : 140.0720547084,
        "time" : "20141005T130437+0900"
      }, {
        "lat" : 35.690158188,
        "lon" : 140.072508509,
        "time" : "20141005T130502+0900"
      }, {
        "lat" : 35.6902005963,
        "lon" : 140.0728621495,
        "time" : "20141005T130524+0900"
      }, {
        "lat" : 35.6904156232,
        "lon" : 140.0730742132,
        "time" : "20141005T130549+0900"
      }, {
        "lat" : 35.6908696622,
        "lon" : 140.0733221219,
        "time" : "20141005T130628+0900"
      }, {
        "lat" : 35.6911756892,
        "lon" : 140.0735108703,
        "time" : "20141005T130654+0900"
      }, {
        "lat" : 35.6913770186,
        "lon" : 140.0735820896,
        "time" : "20141005T130709+0900"
      }, {
        "lat" : 35.6913110976,
        "lon" : 140.0735591589,
        "time" : "20141005T130725+0900"
      } ]
    } ],
    "lastUpdate" : "20141005T090058Z"
  }, {
    "type" : "place",
    "startTime" : "20141005T130725+0900",
    "endTime" : "20141005T152349+0900",
    "place" : {
      "id" : 99571412,
      "type" : "unknown",
      "location" : {
        "lat" : 35.6913110976,
        "lon" : 140.0735591589
      }
    },
    "lastUpdate" : "20141005T103430Z"
  }, {
    "type" : "move",
    "startTime" : "20141005T152349+0900",
    "endTime" : "20141005T154605+0900",
    "activities" : [ {
      "activity" : "transport",
      "group" : "transport",
      "manual" : false,
      "startTime" : "20141005T152349+0900",
      "endTime" : "20141005T154604+0900",
      "duration" : 1335.0,
      "distance" : 10152.0,
      "trackPoints" : [ {
        "lat" : 35.6913110976,
        "lon" : 140.0735591589,
        "time" : "20141005T152349+0900"
      }, {
        "lat" : 35.6869987078,
        "lon" : 140.0685328246,
        "time" : "20141005T153002+0900"
      }, {
        "lat" : 35.6870009667,
        "lon" : 140.0685921938,
        "time" : "20141005T153026+0900"
      }, {
        "lat" : 35.6869807154,
        "lon" : 140.0685082067,
        "time" : "20141005T153042+0900"
      }, {
        "lat" : 35.6864333273,
        "lon" : 140.0653098056,
        "time" : "20141005T153132+0900"
      }, {
        "lat" : 35.6859270418,
        "lon" : 140.0598401914,
        "time" : "20141005T153154+0900"
      }, {
        "lat" : 35.6860228907,
        "lon" : 140.0525213623,
        "time" : "20141005T153225+0900"
      }, {
        "lat" : 35.6860618284,
        "lon" : 140.0499002933,
        "time" : "20141005T153242+0900"
      }, {
        "lat" : 35.6860720915,
        "lon" : 140.0494876323,
        "time" : "20141005T153258+0900"
      }, {
        "lat" : 35.6860764255,
        "lon" : 140.0493435539,
        "time" : "20141005T153316+0900"
      }, {
        "lat" : 35.6860584673,
        "lon" : 140.0482674594,
        "time" : "20141005T153332+0900"
      }, {
        "lat" : 35.6849793477,
        "lon" : 140.0422656807,
        "time" : "20141005T153359+0900"
      }, {
        "lat" : 35.6832575362,
        "lon" : 140.0387914873,
        "time" : "20141005T153415+0900"
      }, {
        "lat" : 35.6816084288,
        "lon" : 140.0346730469,
        "time" : "20141005T153436+0900"
      }, {
        "lat" : 35.68097529,
        "lon" : 140.0324489536,
        "time" : "20141005T153452+0900"
      }, {
        "lat" : 35.6816634703,
        "lon" : 140.0294310394,
        "time" : "20141005T153514+0900"
      }, {
        "lat" : 35.6831385334,
        "lon" : 140.0269258911,
        "time" : "20141005T153541+0900"
      }, {
        "lat" : 35.6834933744,
        "lon" : 140.0250478015,
        "time" : "20141005T153622+0900"
      }, {
        "lat" : 35.6834933744,
        "lon" : 140.0250478015,
        "time" : "20141005T153652+0900"
      }, {
        "lat" : 35.6834933422,
        "lon" : 140.0250497316,
        "time" : "20141005T153742+0900"
      }, {
        "lat" : 35.6834656447,
        "lon" : 140.025053287,
        "time" : "20141005T153800+0900"
      }, {
        "lat" : 35.6834615238,
        "lon" : 140.0250280738,
        "time" : "20141005T153825+0900"
      }, {
        "lat" : 35.6834615238,
        "lon" : 140.0250280738,
        "time" : "20141005T153852+0900"
      }, {
        "lat" : 35.6834615238,
        "lon" : 140.0250280738,
        "time" : "20141005T153917+0900"
      }, {
        "lat" : 35.6834615238,
        "lon" : 140.0250280738,
        "time" : "20141005T153939+0900"
      }, {
        "lat" : 35.6834615238,
        "lon" : 140.0250280738,
        "time" : "20141005T154003+0900"
      }, {
        "lat" : 35.6834639185,
        "lon" : 140.0250218387,
        "time" : "20141005T154038+0900"
      }, {
        "lat" : 35.6838449066,
        "lon" : 140.0233208192,
        "time" : "20141005T154055+0900"
      }, {
        "lat" : 35.6844792634,
        "lon" : 140.0197794506,
        "time" : "20141005T154120+0900"
      }, {
        "lat" : 35.6845340299,
        "lon" : 140.0157737723,
        "time" : "20141005T154136+0900"
      }, {
        "lat" : 35.6845956244,
        "lon" : 140.0148513768,
        "time" : "20141005T154152+0900"
      }, {
        "lat" : 35.6854276321,
        "lon" : 140.0071732194,
        "time" : "20141005T154216+0900"
      }, {
        "lat" : 35.6869726083,
        "lon" : 140.004234624,
        "time" : "20141005T154233+0900"
      }, {
        "lat" : 35.6894406481,
        "lon" : 139.9985118516,
        "time" : "20141005T154306+0900"
      }, {
        "lat" : 35.6899881824,
        "lon" : 139.997188987,
        "time" : "20141005T154400+0900"
      }, {
        "lat" : 35.6929248128,
        "lon" : 139.9923182482,
        "time" : "20141005T154427+0900"
      }, {
        "lat" : 35.6960130557,
        "lon" : 139.9911077295,
        "time" : "20141005T154445+0900"
      }, {
        "lat" : 35.6974432729,
        "lon" : 139.9913671872,
        "time" : "20141005T154501+0900"
      }, {
        "lat" : 35.7007481344,
        "lon" : 139.987219006,
        "time" : "20141005T154545+0900"
      }, {
        "lat" : 35.7011709815,
        "lon" : 139.9849199252,
        "time" : "20141005T154605+0900"
      } ]
    } ],
    "lastUpdate" : "20141005T103430Z"
  }, {
    "type" : "place",
    "startTime" : "20141005T154605+0900",
    "endTime" : "20141005T155635+0900",
    "place" : {
      "id" : 100308963,
      "type" : "unknown",
      "location" : {
        "lat" : 35.7011709815,
        "lon" : 139.9849199252
      }
    },
    "activities" : [ {
      "activity" : "walking",
      "group" : "walking",
      "manual" : false,
      "startTime" : "20141005T154617+0900",
      "endTime" : "20141005T155353+0900",
      "duration" : 456.0,
      "distance" : 439.0,
      "steps" : 585,
      "calories" : 26,
      "trackPoints" : [ ]
    } ],
    "lastUpdate" : "20141005T103430Z"
  }, {
    "type" : "move",
    "startTime" : "20141005T155635+0900",
    "endTime" : "20141005T164409+0900",
    "activities" : [ {
      "activity" : "transport",
      "group" : "transport",
      "manual" : false,
      "startTime" : "20141005T155635+0900",
      "endTime" : "20141005T163131+0900",
      "duration" : 2096.0,
      "distance" : 26027.0,
      "trackPoints" : [ {
        "lat" : 35.7011709815,
        "lon" : 139.9849199252,
        "time" : "20141005T155635+0900"
      }, {
        "lat" : 35.7019128789,
        "lon" : 139.9819990148,
        "time" : "20141005T155651+0900"
      }, {
        "lat" : 35.7023365658,
        "lon" : 139.9774511695,
        "time" : "20141005T155712+0900"
      }, {
        "lat" : 35.7019603592,
        "lon" : 139.9736342007,
        "time" : "20141005T155728+0900"
      }, {
        "lat" : 35.7026998629,
        "lon" : 139.9699436127,
        "time" : "20141005T155744+0900"
      }, {
        "lat" : 35.7044263895,
        "lon" : 139.9657270961,
        "time" : "20141005T155804+0900"
      }, {
        "lat" : 35.7060506177,
        "lon" : 139.962353795,
        "time" : "20141005T155821+0900"
      }, {
        "lat" : 35.7072330182,
        "lon" : 139.9596041456,
        "time" : "20141005T155838+0900"
      }, {
        "lat" : 35.7075871196,
        "lon" : 139.9586264357,
        "time" : "20141005T155912+0900"
      }, {
        "lat" : 35.7077022051,
        "lon" : 139.9585248369,
        "time" : "20141005T155934+0900"
      }, {
        "lat" : 35.7089722214,
        "lon" : 139.9558819593,
        "time" : "20141005T155956+0900"
      }, {
        "lat" : 35.7092789828,
        "lon" : 139.955164693,
        "time" : "20141005T155959+0900"
      }, {
        "lat" : 35.7092797834,
        "lon" : 139.9551628211,
        "time" : "20141005T160000+0900"
      }, {
        "lat" : 35.7104933589,
        "lon" : 139.9523252518,
        "time" : "20141005T160015+0900"
      }, {
        "lat" : 35.7124913037,
        "lon" : 139.9475163776,
        "time" : "20141005T160035+0900"
      }, {
        "lat" : 35.7139446621,
        "lon" : 139.9440954076,
        "time" : "20141005T160053+0900"
      }, {
        "lat" : 35.7143944918,
        "lon" : 139.9430526021,
        "time" : "20141005T160108+0900"
      }, {
        "lat" : 35.7142762172,
        "lon" : 139.9429707283,
        "time" : "20141005T160124+0900"
      }, {
        "lat" : 35.7142409738,
        "lon" : 139.9428771148,
        "time" : "20141005T160142+0900"
      }, {
        "lat" : 35.7149324235,
        "lon" : 139.9415563546,
        "time" : "20141005T160158+0900"
      }, {
        "lat" : 35.7160922816,
        "lon" : 139.9388263465,
        "time" : "20141005T160214+0900"
      }, {
        "lat" : 35.7185214471,
        "lon" : 139.9330559029,
        "time" : "20141005T160239+0900"
      }, {
        "lat" : 35.7205003214,
        "lon" : 139.9282508937,
        "time" : "20141005T160303+0900"
      }, {
        "lat" : 35.7208422966,
        "lon" : 139.9273040847,
        "time" : "20141005T160319+0900"
      }, {
        "lat" : 35.7208130984,
        "lon" : 139.9272509798,
        "time" : "20141005T160335+0900"
      }, {
        "lat" : 35.7207895688,
        "lon" : 139.9271538629,
        "time" : "20141005T160352+0900"
      }, {
        "lat" : 35.7216359357,
        "lon" : 139.9254606952,
        "time" : "20141005T160410+0900"
      }, {
        "lat" : 35.7227998534,
        "lon" : 139.9226338433,
        "time" : "20141005T160426+0900"
      }, {
        "lat" : 35.7251139667,
        "lon" : 139.9170206258,
        "time" : "20141005T160450+0900"
      }, {
        "lat" : 35.7273771714,
        "lon" : 139.9116696277,
        "time" : "20141005T160514+0900"
      }, {
        "lat" : 35.7284226903,
        "lon" : 139.9089409461,
        "time" : "20141005T160530+0900"
      }, {
        "lat" : 35.7288084451,
        "lon" : 139.9078163049,
        "time" : "20141005T160546+0900"
      }, {
        "lat" : 35.7288375857,
        "lon" : 139.9077821917,
        "time" : "20141005T160602+0900"
      }, {
        "lat" : 35.7288749654,
        "lon" : 139.9077454496,
        "time" : "20141005T160621+0900"
      }, {
        "lat" : 35.7296200314,
        "lon" : 139.9063252442,
        "time" : "20141005T160636+0900"
      }, {
        "lat" : 35.7311671923,
        "lon" : 139.902870313,
        "time" : "20141005T160655+0900"
      }, {
        "lat" : 35.7334217587,
        "lon" : 139.8971759746,
        "time" : "20141005T160719+0900"
      }, {
        "lat" : 35.735075615,
        "lon" : 139.8932797155,
        "time" : "20141005T160736+0900"
      }, {
        "lat" : 35.7358261212,
        "lon" : 139.8873295919,
        "time" : "20141005T160800+0900"
      }, {
        "lat" : 35.7346880281,
        "lon" : 139.8840139867,
        "time" : "20141005T160816+0900"
      }, {
        "lat" : 35.7333954183,
        "lon" : 139.8820978212,
        "time" : "20141005T160837+0900"
      }, {
        "lat" : 35.7333370834,
        "lon" : 139.881915029,
        "time" : "20141005T160900+0900"
      }, {
        "lat" : 35.7332408098,
        "lon" : 139.8817949602,
        "time" : "20141005T160916+0900"
      }, {
        "lat" : 35.7323978875,
        "lon" : 139.880477862,
        "time" : "20141005T160932+0900"
      }, {
        "lat" : 35.7307096068,
        "lon" : 139.8781030451,
        "time" : "20141005T160948+0900"
      }, {
        "lat" : 35.7275339422,
        "lon" : 139.8737259226,
        "time" : "20141005T161010+0900"
      }, {
        "lat" : 35.7254906735,
        "lon" : 139.8711521101,
        "time" : "20141005T161032+0900"
      }, {
        "lat" : 35.7225654631,
        "lon" : 139.8665713401,
        "time" : "20141005T161047+0900"
      }, {
        "lat" : 35.719599122,
        "lon" : 139.862450314,
        "time" : "20141005T161110+0900"
      }, {
        "lat" : 35.7169009344,
        "lon" : 139.8582608696,
        "time" : "20141005T161137+0900"
      }, {
        "lat" : 35.7167811181,
        "lon" : 139.8576693349,
        "time" : "20141005T161200+0900"
      }, {
        "lat" : 35.7167128056,
        "lon" : 139.8575341638,
        "time" : "20141005T161235+0900"
      }, {
        "lat" : 35.7082005469,
        "lon" : 139.8451707864,
        "time" : "20141005T161344+0900"
      }, {
        "lat" : 35.7064050823,
        "lon" : 139.8424666769,
        "time" : "20141005T161418+0900"
      }, {
        "lat" : 35.7064640528,
        "lon" : 139.8425083579,
        "time" : "20141005T161436+0900"
      }, {
        "lat" : 35.7063809343,
        "lon" : 139.8424194672,
        "time" : "20141005T161454+0900"
      }, {
        "lat" : 35.6975046873,
        "lon" : 139.8286035148,
        "time" : "20141005T161624+0900"
      }, {
        "lat" : 35.6973783269,
        "lon" : 139.8263619048,
        "time" : "20141005T161652+0900"
      }, {
        "lat" : 35.6973710349,
        "lon" : 139.8263681795,
        "time" : "20141005T161724+0900"
      }, {
        "lat" : 35.6973688122,
        "lon" : 139.826329282,
        "time" : "20141005T161804+0900"
      }, {
        "lat" : 35.6968096982,
        "lon" : 139.8131961396,
        "time" : "20141005T161939+0900"
      }, {
        "lat" : 35.6960753369,
        "lon" : 139.8054939927,
        "time" : "20141005T162018+0900"
      }, {
        "lat" : 35.6960340711,
        "lon" : 139.8006731776,
        "time" : "20141005T162042+0900"
      }, {
        "lat" : 35.6957713483,
        "lon" : 139.7970328671,
        "time" : "20141005T162100+0900"
      }, {
        "lat" : 35.6957487041,
        "lon" : 139.7942357327,
        "time" : "20141005T162116+0900"
      }, {
        "lat" : 35.6974618916,
        "lon" : 139.7845178879,
        "time" : "20141005T162310+0900"
      }, {
        "lat" : 35.6974881885,
        "lon" : 139.7841168009,
        "time" : "20141005T162333+0900"
      }, {
        "lat" : 35.6974918604,
        "lon" : 139.7840391841,
        "time" : "20141005T162356+0900"
      }, {
        "lat" : 35.6975066352,
        "lon" : 139.7836226918,
        "time" : "20141005T162414+0900"
      }, {
        "lat" : 35.6995749,
        "lon" : 139.7653652226,
        "time" : "20141005T162444+0900"
      }, {
        "lat" : 35.6995749,
        "lon" : 139.7653652226,
        "time" : "20141005T162502+0900"
      }, {
        "lat" : 35.6995749,
        "lon" : 139.7653652226,
        "time" : "20141005T162527+0900"
      }, {
        "lat" : 35.6995749,
        "lon" : 139.7653652226,
        "time" : "20141005T162545+0900"
      }, {
        "lat" : 35.6995749,
        "lon" : 139.7653652226,
        "time" : "20141005T162612+0900"
      }, {
        "lat" : 35.6995749,
        "lon" : 139.7653652226,
        "time" : "20141005T162631+0900"
      }, {
        "lat" : 35.6995749,
        "lon" : 139.7653652226,
        "time" : "20141005T162648+0900"
      }, {
        "lat" : 35.6995749,
        "lon" : 139.7653652226,
        "time" : "20141005T162717+0900"
      }, {
        "lat" : 35.6995749,
        "lon" : 139.7653652226,
        "time" : "20141005T162743+0900"
      }, {
        "lat" : 35.6996399773,
        "lon" : 139.7650712995,
        "time" : "20141005T162759+0900"
      }, {
        "lat" : 35.6998637509,
        "lon" : 139.7644924902,
        "time" : "20141005T162814+0900"
      }, {
        "lat" : 35.7016562188,
        "lon" : 139.7613507958,
        "time" : "20141005T162834+0900"
      }, {
        "lat" : 35.7016344369,
        "lon" : 139.7584811588,
        "time" : "20141005T162852+0900"
      }, {
        "lat" : 35.7018783006,
        "lon" : 139.754971329,
        "time" : "20141005T162914+0900"
      }, {
        "lat" : 35.7020833761,
        "lon" : 139.7536883055,
        "time" : "20141005T162943+0900"
      }, {
        "lat" : 35.7020822668,
        "lon" : 139.753663937,
        "time" : "20141005T163001+0900"
      }, {
        "lat" : 35.7020226481,
        "lon" : 139.7534723858,
        "time" : "20141005T163018+0900"
      }, {
        "lat" : 35.7023015767,
        "lon" : 139.7503799655,
        "time" : "20141005T163037+0900"
      }, {
        "lat" : 35.7023753631,
        "lon" : 139.7470266339,
        "time" : "20141005T163053+0900"
      }, {
        "lat" : 35.7020255949,
        "lon" : 139.7451486436,
        "time" : "20141005T163109+0900"
      }, {
        "lat" : 35.7016732747,
        "lon" : 139.7450539955,
        "time" : "20141005T163131+0900"
      } ]
    }, {
      "activity" : "walking",
      "group" : "walking",
      "manual" : false,
      "startTime" : "20141005T163131+0900",
      "endTime" : "20141005T163601+0900",
      "duration" : 270.0,
      "distance" : 322.0,
      "steps" : 544,
      "calories" : 19,
      "trackPoints" : [ {
        "lat" : 35.7016732747,
        "lon" : 139.7450539955,
        "time" : "20141005T163131+0900"
      }, {
        "lat" : 35.7018222027,
        "lon" : 139.7451727847,
        "time" : "20141005T163152+0900"
      }, {
        "lat" : 35.7020365425,
        "lon" : 139.7452765127,
        "time" : "20141005T163214+0900"
      }, {
        "lat" : 35.7019992087,
        "lon" : 139.7455137529,
        "time" : "20141005T163238+0900"
      }, {
        "lat" : 35.7019804788,
        "lon" : 139.7455765959,
        "time" : "20141005T163256+0900"
      }, {
        "lat" : 35.7020719056,
        "lon" : 139.745142344,
        "time" : "20141005T163332+0900"
      }, {
        "lat" : 35.7021602891,
        "lon" : 139.7446073196,
        "time" : "20141005T163347+0900"
      }, {
        "lat" : 35.7021788504,
        "lon" : 139.7443409068,
        "time" : "20141005T163405+0900"
      }, {
        "lat" : 35.7021301816,
        "lon" : 139.7441295018,
        "time" : "20141005T163430+0900"
      }, {
        "lat" : 35.7019950514,
        "lon" : 139.7438539482,
        "time" : "20141005T163457+0900"
      }, {
        "lat" : 35.7024402493,
        "lon" : 139.7434151321,
        "time" : "20141005T163601+0900"
      } ]
    }, {
      "activity" : "transport",
      "group" : "transport",
      "manual" : false,
      "startTime" : "20141005T163601+0900",
      "endTime" : "20141005T164101+0900",
      "duration" : 300.0,
      "distance" : 2548.0,
      "trackPoints" : [ {
        "lat" : 35.7024402493,
        "lon" : 139.7434151321,
        "time" : "20141005T163601+0900"
      }, {
        "lat" : 35.7179810393,
        "lon" : 139.7280590471,
        "time" : "20141005T164101+0900"
      } ]
    }, {
      "activity" : "walking",
      "group" : "walking",
      "manual" : false,
      "startTime" : "20141005T164101+0900",
      "endTime" : "20141005T164409+0900",
      "duration" : 188.0,
      "distance" : 177.0,
      "steps" : 354,
      "calories" : 11,
      "trackPoints" : [ {
        "lat" : 35.7179810393,
        "lon" : 139.7280590471,
        "time" : "20141005T164101+0900"
      }, {
        "lat" : 35.7179669664,
        "lon" : 139.7280523647,
        "time" : "20141005T164122+0900"
      }, {
        "lat" : 35.717962505,
        "lon" : 139.7280465753,
        "time" : "20141005T164151+0900"
      }, {
        "lat" : 35.7179059888,
        "lon" : 139.7280545157,
        "time" : "20141005T164218+0900"
      }, {
        "lat" : 35.7177596703,
        "lon" : 139.728080014,
        "time" : "20141005T164248+0900"
      }, {
        "lat" : 35.7176279177,
        "lon" : 139.7281231396,
        "time" : "20141005T164306+0900"
      }, {
        "lat" : 35.717385799,
        "lon" : 139.7282203389,
        "time" : "20141005T164323+0900"
      }, {
        "lat" : 35.7170334983,
        "lon" : 139.7284745358,
        "time" : "20141005T164346+0900"
      }, {
        "lat" : 35.7168392789,
        "lon" : 139.7283806079,
        "time" : "20141005T164409+0900"
      } ]
    } ],
    "lastUpdate" : "20141005T103430Z"
  }, {
    "type" : "place",
    "startTime" : "20141005T164409+0900",
    "endTime" : "20141007T092809+0900",
    "place" : {
      "id" : 98345442,
      "type" : "unknown",
      "location" : {
        "lat" : 35.7168392789,
        "lon" : 139.7283806079
      }
    },
    "activities" : [ {
      "activity" : "walking",
      "group" : "walking",
      "manual" : false,
      "startTime" : "20141005T164835+0900",
      "endTime" : "20141005T164905+0900",
      "duration" : 30.0,
      "distance" : 20.0,
      "steps" : 40,
      "calories" : 1,
      "trackPoints" : [ ]
    } ],
    "lastUpdate" : "20141007T040904Z"
  } ],
  "caloriesIdle" : 1711,
  "lastUpdate" : "20141007T040904Z"
} ]