[ {
  "date" : "20170627",
  "summary" : [ {
    "activity" : "walking",
    "group" : "walking",
    "duration" : 975.0,
    "distance" : 915.0,
    "steps" : 1323,
    "calories" : 51
  }, {
    "activity" : "cycling",
    "group" : "cycling",
    "duration" : 568.0,
    "distance" : 2688.0,
    "calories" : 66
  } ],
  "segments" : [ {
    "type" : "place",
    "startTime" : "20170626T185159+0900",
    "endTime" : "20170627T084429+0900",
    "place" : {
      "id" : 257240275,
      "type" : "unknown",
      "location" : {
        "lat" : 43.084886,
        "lon" : 141.3453
      }
    },
    "activities" : [ {
      "activity" : "walking",
      "group" : "walking",
      "manual" : false,
      "startTime" : "20170627T084251+0900",
      "endTime" : "20170627T085121+0900",
      "duration" : 510.0,
      "distance" : 510.0,
      "steps" : 680,
      "calories" : 28,
      "trackPoints" : [ ]
    } ],
    "lastUpdate" : "20170627T010906Z"
  }, {
    "type" : "move",
    "startTime" : "20170627T084429+0900",
    "endTime" : "20170627T084835+0900",
    "activities" : [ {
      "activity" : "cycling",
      "group" : "cycling",
      "manual" : false,
      "startTime" : "20170627T084429+0900",
      "endTime" : "20170627T084835+0900",
      "duration" : 246.0,
      "distance" : 1329.0,
      "calories" : 32,
      "trackPoints" : [ {
        "lat" : 43.084886,
        "lon" : 141.3453,
        "time" : "20170627T084429+0900"
      }, {
        "lat" : 43.083346,
        "lon" : 141.34465,
        "time" : "20170627T084444+0900"
      }, {
        "lat" : 43.082459,
        "lon" : 141.34468,
        "time" : "20170627T084502+0900"
      }, {
        "lat" : 43.081302,
        "lon" : 141.34403,
        "time" : "20170627T084529+0900"
      }, {
        "lat" : 43.081139,
        "lon" : 141.34309,
        "time" : "20170627T084545+0900"
      }, {
        "lat" : 43.081021,
        "lon" : 141.34186,
        "time" : "20170627T084603+0900"
      }, {
        "lat" : 43.080387,
        "lon" : 141.34073,
        "time" : "20170627T084622+0900"
      }, {
        "lat" : 43.079948,
        "lon" : 141.34069,
        "time" : "20170627T084645+0900"
      }, {
        "lat" : 43.078872,
        "lon" : 141.34083,
        "time" : "20170627T084719+0900"
      }, {
        "lat" : 43.078236,
        "lon" : 141.34066,
        "time" : "20170627T084735+0900"
      }, {
        "lat" : 43.077365,
        "lon" : 141.33975,
        "time" : "20170627T084759+0900"
      }, {
        "lat" : 43.076741,
        "lon" : 141.33929,
        "time" : "20170627T084817+0900"
      }, {
        "lat" : 43.076117,
        "lon" : 141.33848,
        "time" : "20170627T084835+0900"
      } ]
    } ],
    "lastUpdate" : "20170627T010906Z"
  }, {
    "type" : "place",
    "startTime" : "20170627T084835+0900",
    "endTime" : "20170627T120654+0900",
    "place" : {
      "id" : 362494857,
      "type" : "unknown",
      "location" : {
        "lat" : 43.076265,
        "lon" : 141.33885
      }
    },
    "activities" : [ {
      "activity" : "walking",
      "group" : "walking",
      "manual" : false,
      "startTime" : "20170627T084835+0900",
      "endTime" : "20170627T084940+0900",
      "duration" : 65.0,
      "distance" : 48.0,
      "steps" : 97,
      "calories" : 3,
      "trackPoints" : [ ]
    }, {
      "activity" : "walking",
      "group" : "walking",
      "manual" : false,
      "startTime" : "20170627T103054+0900",
      "endTime" : "20170627T103237+0900",
      "duration" : 103.0,
      "distance" : 69.0,
      "steps" : 138,
      "calories" : 4,
      "trackPoints" : [ ]
    }, {
      "activity" : "walking",
      "group" : "walking",
      "manual" : false,
      "startTime" : "20170627T120025+0900",
      "endTime" : "20170627T120430+0900",
      "duration" : 245.0,
      "distance" : 253.0,
      "steps" : 338,
      "calories" : 14,
      "trackPoints" : [ ]
    } ],
    "lastUpdate" : "20170627T041301Z"
  }, {
    "type" : "move",
    "startTime" : "20170627T120654+0900",
    "endTime" : "20170627T121216+0900",
    "activities" : [ {
      "activity" : "cycling",
      "group" : "cycling",
      "manual" : false,
      "startTime" : "20170627T120654+0900",
      "endTime" : "20170627T121216+0900",
      "duration" : 322.0,
      "distance" : 1359.0,
      "calories" : 34,
      "trackPoints" : [ {
        "lat" : 43.076265,
        "lon" : 141.33885,
        "time" : "20170627T120654+0900"
      }, {
        "lat" : 43.076723,
        "lon" : 141.33943,
        "time" : "20170627T120719+0900"
      }, {
        "lat" : 43.077313,
        "lon" : 141.33954,
        "time" : "20170627T120737+0900"
      }, {
        "lat" : 43.077723,
        "lon" : 141.33984,
        "time" : "20170627T120753+0900"
      }, {
        "lat" : 43.078185,
        "lon" : 141.34061,
        "time" : "20170627T120808+0900"
      }, {
        "lat" : 43.078723,
        "lon" : 141.34122,
        "time" : "20170627T120842+0900"
      }, {
        "lat" : 43.079692,
        "lon" : 141.34093,
        "time" : "20170627T120900+0900"
      }, {
        "lat" : 43.080685,
        "lon" : 141.34115,
        "time" : "20170627T120920+0900"
      }, {
        "lat" : 43.081045,
        "lon" : 141.34197,
        "time" : "20170627T120942+0900"
      }, {
        "lat" : 43.081275,
        "lon" : 141.34372,
        "time" : "20170627T121016+0900"
      }, {
        "lat" : 43.08184,
        "lon" : 141.34483,
        "time" : "20170627T121041+0900"
      }, {
        "lat" : 43.082399,
        "lon" : 141.34495,
        "time" : "20170627T121057+0900"
      }, {
        "lat" : 43.083363,
        "lon" : 141.34482,
        "time" : "20170627T121117+0900"
      }, {
        "lat" : 43.083586,
        "lon" : 141.34473,
        "time" : "20170627T121132+0900"
      }, {
        "lat" : 43.083826,
        "lon" : 141.34461,
        "time" : "20170627T121156+0900"
      }, {
        "lat" : 43.084886,
        "lon" : 141.3453,
        "time" : "20170627T121216+0900"
      } ]
    } ],
    "lastUpdate" : "20170627T041301Z"
  }, {
    "type" : "place",
    "startTime" : "20170627T121216+0900",
    "endTime" : "20170628T084915+0900",
    "place" : {
      "id" : 257240275,
      "type" : "unknown",
      "location" : {
        "lat" : 43.084886,
        "lon" : 141.3453
      }
    },
    "activities" : [ {
      "activity" : "walking",
      "group" : "walking",
      "manual" : false,
      "startTime" : "20170627T121224+0900",
      "endTime" : "20170627T121316+0900",
      "duration" : 52.0,
      "distance" : 35.0,
      "steps" : 70,
      "calories" : 2,
      "trackPoints" : [ ]
    } ],
    "lastUpdate" : "20170628T002022Z"
  } ],
  "caloriesIdle" : 1596,
  "lastUpdate" : "20170628T002022Z"
} ]