[ {
  "date" : "20171122",
  "summary" : [ {
    "activity" : "walking",
    "group" : "walking",
    "duration" : 6121.0,
    "distance" : 6417.0,
    "steps" : 9827,
    "calories" : 356
  }, {
    "activity" : "transport",
    "group" : "transport",
    "duration" : 1020.0,
    "distance" : 3109.0
  } ],
  "segments" : [ {
    "type" : "place",
    "startTime" : "20171121T191542+0900",
    "endTime" : "20171122T072020+0900",
    "place" : {
      "id" : 257240275,
      "type" : "unknown",
      "location" : {
        "lat" : 43.084886,
        "lon" : 141.3453
      }
    },
    "activities" : [ {
      "activity" : "walking",
      "group" : "walking",
      "manual" : false,
      "startTime" : "20171122T071925+0900",
      "endTime" : "20171122T072618+0900",
      "duration" : 413.0,
      "distance" : 413.0,
      "steps" : 551,
      "calories" : 23,
      "trackPoints" : [ ]
    } ],
    "lastUpdate" : "20171121T230753Z"
  }, {
    "type" : "move",
    "startTime" : "20171122T072020+0900",
    "endTime" : "20171122T072333+0900",
    "activities" : [ {
      "activity" : "walking",
      "group" : "walking",
      "manual" : false,
      "startTime" : "20171122T072020+0900",
      "endTime" : "20171122T072332+0900",
      "duration" : 192.0,
      "distance" : 382.0,
      "steps" : 364,
      "calories" : 21,
      "trackPoints" : [ {
        "lat" : 43.084886,
        "lon" : 141.3453,
        "time" : "20171122T072020+0900"
      }, {
        "lat" : 43.08433,
        "lon" : 141.34512,
        "time" : "20171122T072041+0900"
      }, {
        "lat" : 43.084276,
        "lon" : 141.34547,
        "time" : "20171122T072103+0900"
      }, {
        "lat" : 43.084186,
        "lon" : 141.34573,
        "time" : "20171122T072121+0900"
      }, {
        "lat" : 43.083984,
        "lon" : 141.34592,
        "time" : "20171122T072137+0900"
      }, {
        "lat" : 43.083703,
        "lon" : 141.34602,
        "time" : "20171122T072154+0900"
      }, {
        "lat" : 43.082943,
        "lon" : 141.3463,
        "time" : "20171122T072233+0900"
      }, {
        "lat" : 43.082655,
        "lon" : 141.34643,
        "time" : "20171122T072256+0900"
      }, {
        "lat" : 43.082159,
        "lon" : 141.3468,
        "time" : "20171122T072333+0900"
      } ]
    } ],
    "lastUpdate" : "20171121T230753Z"
  }, {
    "type" : "place",
    "startTime" : "20171122T072333+0900",
    "endTime" : "20171122T073050+0900",
    "place" : {
      "id" : 261061610,
      "type" : "unknown",
      "location" : {
        "lat" : 43.082159,
        "lon" : 141.3468
      }
    },
    "activities" : [ {
      "activity" : "walking",
      "group" : "walking",
      "manual" : false,
      "startTime" : "20171122T072333+0900",
      "endTime" : "20171122T072357+0900",
      "duration" : 24.0,
      "distance" : 17.0,
      "steps" : 35,
      "calories" : 1,
      "trackPoints" : [ ]
    } ],
    "lastUpdate" : "20171121T230753Z"
  }, {
    "type" : "move",
    "startTime" : "20171122T073050+0900",
    "endTime" : "20171122T073634+0900",
    "activities" : [ {
      "activity" : "walking",
      "group" : "walking",
      "manual" : false,
      "startTime" : "20171122T073050+0900",
      "endTime" : "20171122T073633+0900",
      "duration" : 343.0,
      "distance" : 385.0,
      "steps" : 590,
      "calories" : 21,
      "trackPoints" : [ {
        "lat" : 43.082159,
        "lon" : 141.3468,
        "time" : "20171122T073050+0900"
      }, {
        "lat" : 43.082309,
        "lon" : 141.34669,
        "time" : "20171122T073114+0900"
      }, {
        "lat" : 43.082405,
        "lon" : 141.34655,
        "time" : "20171122T073133+0900"
      }, {
        "lat" : 43.082641,
        "lon" : 141.34645,
        "time" : "20171122T073158+0900"
      }, {
        "lat" : 43.082923,
        "lon" : 141.34634,
        "time" : "20171122T073221+0900"
      }, {
        "lat" : 43.083191,
        "lon" : 141.3462,
        "time" : "20171122T073246+0900"
      }, {
        "lat" : 43.083548,
        "lon" : 141.34605,
        "time" : "20171122T073309+0900"
      }, {
        "lat" : 43.083792,
        "lon" : 141.34586,
        "time" : "20171122T073325+0900"
      }, {
        "lat" : 43.084155,
        "lon" : 141.34582,
        "time" : "20171122T073359+0900"
      }, {
        "lat" : 43.084362,
        "lon" : 141.34573,
        "time" : "20171122T073422+0900"
      }, {
        "lat" : 43.08443,
        "lon" : 141.34554,
        "time" : "20171122T073443+0900"
      }, {
        "lat" : 43.084377,
        "lon" : 141.34533,
        "time" : "20171122T073501+0900"
      }, {
        "lat" : 43.084371,
        "lon" : 141.34513,
        "time" : "20171122T073522+0900"
      }, {
        "lat" : 43.084463,
        "lon" : 141.34509,
        "time" : "20171122T073551+0900"
      }, {
        "lat" : 43.084651,
        "lon" : 141.34508,
        "time" : "20171122T073614+0900"
      }, {
        "lat" : 43.084886,
        "lon" : 141.3453,
        "time" : "20171122T073634+0900"
      } ]
    } ],
    "lastUpdate" : "20171121T230753Z"
  }, {
    "type" : "place",
    "startTime" : "20171122T073634+0900",
    "endTime" : "20171122T151349+0900",
    "place" : {
      "id" : 257240275,
      "type" : "unknown",
      "location" : {
        "lat" : 43.084886,
        "lon" : 141.3453
      }
    },
    "activities" : [ {
      "activity" : "walking",
      "group" : "walking",
      "manual" : false,
      "startTime" : "20171122T073634+0900",
      "endTime" : "20171122T073634+0900",
      "duration" : 0.0,
      "distance" : 0.0,
      "steps" : 0,
      "calories" : 0,
      "trackPoints" : [ ]
    } ],
    "lastUpdate" : "20171122T065246Z"
  }, {
    "type" : "move",
    "startTime" : "20171122T151349+0900",
    "endTime" : "20171122T153134+0900",
    "activities" : [ {
      "activity" : "walking",
      "group" : "walking",
      "manual" : false,
      "startTime" : "20171122T151349+0900",
      "endTime" : "20171122T153134+0900",
      "duration" : 1065.0,
      "distance" : 1401.0,
      "steps" : 2011,
      "calories" : 78,
      "trackPoints" : [ {
        "lat" : 43.084886,
        "lon" : 141.3453,
        "time" : "20171122T151349+0900"
      }, {
        "lat" : 43.084628,
        "lon" : 141.34506,
        "time" : "20171122T151416+0900"
      }, {
        "lat" : 43.084366,
        "lon" : 141.34493,
        "time" : "20171122T151443+0900"
      }, {
        "lat" : 43.084308,
        "lon" : 141.34469,
        "time" : "20171122T151504+0900"
      }, {
        "lat" : 43.083791,
        "lon" : 141.34459,
        "time" : "20171122T151540+0900"
      }, {
        "lat" : 43.083492,
        "lon" : 141.34471,
        "time" : "20171122T151558+0900"
      }, {
        "lat" : 43.083209,
        "lon" : 141.34474,
        "time" : "20171122T151616+0900"
      }, {
        "lat" : 43.083003,
        "lon" : 141.3449,
        "time" : "20171122T151641+0900"
      }, {
        "lat" : 43.082842,
        "lon" : 141.345,
        "time" : "20171122T151658+0900"
      }, {
        "lat" : 43.08248,
        "lon" : 141.34502,
        "time" : "20171122T151723+0900"
      }, {
        "lat" : 43.082025,
        "lon" : 141.34514,
        "time" : "20171122T151753+0900"
      }, {
        "lat" : 43.081755,
        "lon" : 141.34519,
        "time" : "20171122T151812+0900"
      }, {
        "lat" : 43.08148,
        "lon" : 141.34527,
        "time" : "20171122T151832+0900"
      }, {
        "lat" : 43.081264,
        "lon" : 141.34523,
        "time" : "20171122T151903+0900"
      }, {
        "lat" : 43.081314,
        "lon" : 141.34483,
        "time" : "20171122T151936+0900"
      }, {
        "lat" : 43.081269,
        "lon" : 141.34452,
        "time" : "20171122T151955+0900"
      }, {
        "lat" : 43.081226,
        "lon" : 141.34428,
        "time" : "20171122T152017+0900"
      }, {
        "lat" : 43.081184,
        "lon" : 141.34372,
        "time" : "20171122T152045+0900"
      }, {
        "lat" : 43.081116,
        "lon" : 141.34334,
        "time" : "20171122T152108+0900"
      }, {
        "lat" : 43.081099,
        "lon" : 141.34305,
        "time" : "20171122T152124+0900"
      }, {
        "lat" : 43.081066,
        "lon" : 141.34269,
        "time" : "20171122T152151+0900"
      }, {
        "lat" : 43.08095,
        "lon" : 141.34217,
        "time" : "20171122T152228+0900"
      }, {
        "lat" : 43.080795,
        "lon" : 141.34171,
        "time" : "20171122T152251+0900"
      }, {
        "lat" : 43.08062,
        "lon" : 141.34144,
        "time" : "20171122T152307+0900"
      }, {
        "lat" : 43.080197,
        "lon" : 141.34108,
        "time" : "20171122T152326+0900"
      }, {
        "lat" : 43.080045,
        "lon" : 141.34086,
        "time" : "20171122T152349+0900"
      }, {
        "lat" : 43.079969,
        "lon" : 141.34083,
        "time" : "20171122T152410+0900"
      }, {
        "lat" : 43.079796,
        "lon" : 141.34071,
        "time" : "20171122T152426+0900"
      }, {
        "lat" : 43.079535,
        "lon" : 141.34076,
        "time" : "20171122T152442+0900"
      }, {
        "lat" : 43.079142,
        "lon" : 141.34089,
        "time" : "20171122T152501+0900"
      }, {
        "lat" : 43.078805,
        "lon" : 141.34101,
        "time" : "20171122T152524+0900"
      }, {
        "lat" : 43.078709,
        "lon" : 141.34103,
        "time" : "20171122T152540+0900"
      }, {
        "lat" : 43.078571,
        "lon" : 141.34108,
        "time" : "20171122T152558+0900"
      }, {
        "lat" : 43.078247,
        "lon" : 141.3411,
        "time" : "20171122T152632+0900"
      }, {
        "lat" : 43.078127,
        "lon" : 141.34087,
        "time" : "20171122T152655+0900"
      }, {
        "lat" : 43.078046,
        "lon" : 141.3404,
        "time" : "20171122T152717+0900"
      }, {
        "lat" : 43.077897,
        "lon" : 141.34011,
        "time" : "20171122T152737+0900"
      }, {
        "lat" : 43.077749,
        "lon" : 141.33997,
        "time" : "20171122T152756+0900"
      }, {
        "lat" : 43.077676,
        "lon" : 141.33989,
        "time" : "20171122T152811+0900"
      }, {
        "lat" : 43.077529,
        "lon" : 141.33977,
        "time" : "20171122T152827+0900"
      }, {
        "lat" : 43.077364,
        "lon" : 141.3397,
        "time" : "20171122T152845+0900"
      }, {
        "lat" : 43.077144,
        "lon" : 141.33971,
        "time" : "20171122T152910+0900"
      }, {
        "lat" : 43.076847,
        "lon" : 141.33976,
        "time" : "20171122T152933+0900"
      }, {
        "lat" : 43.076585,
        "lon" : 141.33963,
        "time" : "20171122T152955+0900"
      }, {
        "lat" : 43.076493,
        "lon" : 141.33949,
        "time" : "20171122T153017+0900"
      }, {
        "lat" : 43.076514,
        "lon" : 141.33933,
        "time" : "20171122T153038+0900"
      }, {
        "lat" : 43.076463,
        "lon" : 141.33915,
        "time" : "20171122T153102+0900"
      }, {
        "lat" : 43.07649,
        "lon" : 141.33917,
        "time" : "20171122T153119+0900"
      }, {
        "lat" : 43.07671,
        "lon" : 141.33921,
        "time" : "20171122T153134+0900"
      } ]
    } ],
    "lastUpdate" : "20171122T065246Z"
  }, {
    "type" : "place",
    "startTime" : "20171122T153134+0900",
    "endTime" : "20171122T175424+0900",
    "place" : {
      "id" : 288478635,
      "type" : "unknown",
      "location" : {
        "lat" : 43.076568,
        "lon" : 141.33955
      }
    },
    "activities" : [ {
      "activity" : "walking",
      "group" : "walking",
      "manual" : false,
      "startTime" : "20171122T153134+0900",
      "endTime" : "20171122T153217+0900",
      "duration" : 43.0,
      "distance" : 29.0,
      "steps" : 58,
      "calories" : 2,
      "trackPoints" : [ ]
    }, {
      "activity" : "walking",
      "group" : "walking",
      "manual" : false,
      "startTime" : "20171122T161125+0900",
      "endTime" : "20171122T161554+0900",
      "duration" : 269.0,
      "distance" : 312.0,
      "steps" : 416,
      "calories" : 17,
      "trackPoints" : [ ]
    }, {
      "activity" : "walking",
      "group" : "walking",
      "manual" : false,
      "startTime" : "20171122T174656+0900",
      "endTime" : "20171122T175111+0900",
      "duration" : 255.0,
      "distance" : 274.0,
      "steps" : 365,
      "calories" : 15,
      "trackPoints" : [ ]
    } ],
    "lastUpdate" : "20171122T095847Z"
  }, {
    "type" : "move",
    "startTime" : "20171122T175424+0900",
    "endTime" : "20171122T180122+0900",
    "activities" : [ {
      "activity" : "walking",
      "group" : "walking",
      "manual" : false,
      "startTime" : "20171122T175424+0900",
      "endTime" : "20171122T180122+0900",
      "duration" : 418.0,
      "distance" : 363.0,
      "steps" : 667,
      "calories" : 20,
      "trackPoints" : [ {
        "lat" : 43.076568,
        "lon" : 141.33955,
        "time" : "20171122T175424+0900"
      }, {
        "lat" : 43.076464,
        "lon" : 141.33973,
        "time" : "20171122T175504+0900"
      }, {
        "lat" : 43.076458,
        "lon" : 141.33975,
        "time" : "20171122T175616+0900"
      }, {
        "lat" : 43.076476,
        "lon" : 141.33979,
        "time" : "20171122T175634+0900"
      }, {
        "lat" : 43.076496,
        "lon" : 141.33982,
        "time" : "20171122T175650+0900"
      }, {
        "lat" : 43.076661,
        "lon" : 141.33991,
        "time" : "20171122T175940+0900"
      }, {
        "lat" : 43.077665,
        "lon" : 141.34009,
        "time" : "20171122T175959+0900"
      }, {
        "lat" : 43.077666,
        "lon" : 141.34009,
        "time" : "20171122T180000+0900"
      }, {
        "lat" : 43.078303,
        "lon" : 141.3402,
        "time" : "20171122T180012+0900"
      }, {
        "lat" : 43.078401,
        "lon" : 141.34013,
        "time" : "20171122T180122+0900"
      } ]
    } ],
    "lastUpdate" : "20171122T095847Z"
  }, {
    "type" : "place",
    "startTime" : "20171122T180123+0900",
    "endTime" : "20171122T183915+0900",
    "place" : {
      "id" : 141367536,
      "type" : "unknown",
      "location" : {
        "lat" : 43.0784012398,
        "lon" : 141.340132137
      }
    },
    "activities" : [ {
      "activity" : "walking",
      "group" : "walking",
      "manual" : false,
      "startTime" : "20171122T180123+0900",
      "endTime" : "20171122T180617+0900",
      "duration" : 294.0,
      "distance" : 337.0,
      "steps" : 450,
      "calories" : 19,
      "trackPoints" : [ ]
    } ],
    "lastUpdate" : "20171122T113003Z"
  }, {
    "type" : "move",
    "startTime" : "20171122T183915+0900",
    "endTime" : "20171122T190311+0900",
    "activities" : [ {
      "activity" : "walking",
      "group" : "walking",
      "manual" : false,
      "startTime" : "20171122T183915+0900",
      "endTime" : "20171122T184402+0900",
      "duration" : 287.0,
      "distance" : 188.0,
      "steps" : 377,
      "calories" : 10,
      "trackPoints" : [ {
        "lat" : 43.078401,
        "lon" : 141.34013,
        "time" : "20171122T183915+0900"
      }, {
        "lat" : 43.078616,
        "lon" : 141.34122,
        "time" : "20171122T184152+0900"
      }, {
        "lat" : 43.07868,
        "lon" : 141.3412,
        "time" : "20171122T184208+0900"
      }, {
        "lat" : 43.078778,
        "lon" : 141.34116,
        "time" : "20171122T184248+0900"
      }, {
        "lat" : 43.078702,
        "lon" : 141.34116,
        "time" : "20171122T184402+0900"
      } ]
    }, {
      "activity" : "transport",
      "group" : "transport",
      "manual" : false,
      "startTime" : "20171122T184402+0900",
      "endTime" : "20171122T185232+0900",
      "duration" : 510.0,
      "distance" : 1173.0,
      "trackPoints" : [ {
        "lat" : 43.078702,
        "lon" : 141.34116,
        "time" : "20171122T184402+0900"
      }, {
        "lat" : 43.075816,
        "lon" : 141.34199,
        "time" : "20171122T184738+0900"
      }, {
        "lat" : 43.075786,
        "lon" : 141.34194,
        "time" : "20171122T184754+0900"
      }, {
        "lat" : 43.071171,
        "lon" : 141.34467,
        "time" : "20171122T185112+0900"
      }, {
        "lat" : 43.070882,
        "lon" : 141.34634,
        "time" : "20171122T185128+0900"
      }, {
        "lat" : 43.070892,
        "lon" : 141.34643,
        "time" : "20171122T185146+0900"
      }, {
        "lat" : 43.070894,
        "lon" : 141.34644,
        "time" : "20171122T185232+0900"
      } ]
    }, {
      "activity" : "walking",
      "group" : "walking",
      "manual" : false,
      "startTime" : "20171122T185232+0900",
      "endTime" : "20171122T190311+0900",
      "duration" : 639.0,
      "distance" : 899.0,
      "steps" : 1286,
      "calories" : 50,
      "trackPoints" : [ {
        "lat" : 43.070894,
        "lon" : 141.34644,
        "time" : "20171122T185232+0900"
      }, {
        "lat" : 43.070897,
        "lon" : 141.34644,
        "time" : "20171122T185446+0900"
      }, {
        "lat" : 43.070864,
        "lon" : 141.34655,
        "time" : "20171122T185503+0900"
      }, {
        "lat" : 43.070782,
        "lon" : 141.34678,
        "time" : "20171122T185518+0900"
      }, {
        "lat" : 43.07061,
        "lon" : 141.34692,
        "time" : "20171122T185543+0900"
      }, {
        "lat" : 43.070469,
        "lon" : 141.3471,
        "time" : "20171122T185617+0900"
      }, {
        "lat" : 43.068936,
        "lon" : 141.35007,
        "time" : "20171122T185834+0900"
      }, {
        "lat" : 43.069351,
        "lon" : 141.3504,
        "time" : "20171122T185855+0900"
      }, {
        "lat" : 43.069474,
        "lon" : 141.3506,
        "time" : "20171122T185916+0900"
      }, {
        "lat" : 43.069247,
        "lon" : 141.35141,
        "time" : "20171122T185959+0900"
      }, {
        "lat" : 43.069247,
        "lon" : 141.35141,
        "time" : "20171122T190000+0900"
      }, {
        "lat" : 43.068499,
        "lon" : 141.35407,
        "time" : "20171122T190225+0900"
      }, {
        "lat" : 43.068566,
        "lon" : 141.35442,
        "time" : "20171122T190242+0900"
      }, {
        "lat" : 43.068638,
        "lon" : 141.35478,
        "time" : "20171122T190311+0900"
      } ]
    } ],
    "lastUpdate" : "20171122T113003Z"
  }, {
    "type" : "place",
    "startTime" : "20171122T190311+0900",
    "endTime" : "20171122T215330+0900",
    "place" : {
      "id" : 547386152,
      "type" : "unknown",
      "location" : {
        "lat" : 43.068638,
        "lon" : 141.35478
      }
    },
    "activities" : [ {
      "activity" : "walking",
      "group" : "walking",
      "manual" : false,
      "startTime" : "20171122T190311+0900",
      "endTime" : "20171122T190435+0900",
      "duration" : 84.0,
      "distance" : 62.0,
      "steps" : 124,
      "calories" : 3,
      "trackPoints" : [ ]
    }, {
      "activity" : "walking",
      "group" : "walking",
      "manual" : false,
      "startTime" : "20171122T201547+0900",
      "endTime" : "20171122T201723+0900",
      "duration" : 96.0,
      "distance" : 64.0,
      "steps" : 129,
      "calories" : 4,
      "trackPoints" : [ ]
    }, {
      "activity" : "walking",
      "group" : "walking",
      "manual" : false,
      "startTime" : "20171122T211348+0900",
      "endTime" : "20171122T211533+0900",
      "duration" : 105.0,
      "distance" : 78.0,
      "steps" : 157,
      "calories" : 4,
      "trackPoints" : [ ]
    } ],
    "lastUpdate" : "20171122T130418Z"
  }, {
    "type" : "move",
    "startTime" : "20171122T215330+0900",
    "endTime" : "20171122T222834+0900",
    "activities" : [ {
      "activity" : "walking",
      "group" : "walking",
      "manual" : false,
      "startTime" : "20171122T215330+0900",
      "endTime" : "20171122T215933+0900",
      "duration" : 363.0,
      "distance" : 402.0,
      "steps" : 624,
      "calories" : 22,
      "trackPoints" : [ {
        "lat" : 43.069209,
        "lon" : 141.35366,
        "time" : "20171122T215358+0900"
      }, {
        "lat" : 43.069168,
        "lon" : 141.35367,
        "time" : "20171122T215707+0900"
      }, {
        "lat" : 43.069304,
        "lon" : 141.35366,
        "time" : "20171122T215739+0900"
      }, {
        "lat" : 43.070709,
        "lon" : 141.35034,
        "time" : "20171122T215901+0900"
      }, {
        "lat" : 43.070758,
        "lon" : 141.35013,
        "time" : "20171122T215933+0900"
      } ]
    }, {
      "activity" : "transport",
      "group" : "transport",
      "manual" : false,
      "startTime" : "20171122T215933+0900",
      "endTime" : "20171122T220803+0900",
      "duration" : 510.0,
      "distance" : 1936.0,
      "trackPoints" : [ {
        "lat" : 43.070758,
        "lon" : 141.35013,
        "time" : "20171122T215933+0900"
      }, {
        "lat" : 43.071576,
        "lon" : 141.35023,
        "time" : "20171122T215959+0900"
      }, {
        "lat" : 43.071577,
        "lon" : 141.35023,
        "time" : "20171122T220000+0900"
      }, {
        "lat" : 43.083429,
        "lon" : 141.35168,
        "time" : "20171122T220617+0900"
      }, {
        "lat" : 43.085128,
        "lon" : 141.35126,
        "time" : "20171122T220636+0900"
      }, {
        "lat" : 43.08549,
        "lon" : 141.35112,
        "time" : "20171122T220710+0900"
      }, {
        "lat" : 43.085663,
        "lon" : 141.35106,
        "time" : "20171122T220728+0900"
      }, {
        "lat" : 43.085995,
        "lon" : 141.35084,
        "time" : "20171122T220803+0900"
      } ]
    }, {
      "activity" : "walking",
      "group" : "walking",
      "manual" : false,
      "startTime" : "20171122T220803+0900",
      "endTime" : "20171122T222834+0900",
      "duration" : 1231.0,
      "distance" : 811.0,
      "steps" : 1623,
      "calories" : 45,
      "trackPoints" : [ {
        "lat" : 43.085995,
        "lon" : 141.35084,
        "time" : "20171122T220803+0900"
      }, {
        "lat" : 43.086039,
        "lon" : 141.35081,
        "time" : "20171122T220838+0900"
      }, {
        "lat" : 43.086039,
        "lon" : 141.35081,
        "time" : "20171122T221420+0900"
      }, {
        "lat" : 43.087202,
        "lon" : 141.35002,
        "time" : "20171122T221715+0900"
      }, {
        "lat" : 43.087193,
        "lon" : 141.34977,
        "time" : "20171122T221737+0900"
      }, {
        "lat" : 43.0872,
        "lon" : 141.34971,
        "time" : "20171122T221926+0900"
      }, {
        "lat" : 43.08552,
        "lon" : 141.34789,
        "time" : "20171122T222253+0900"
      }, {
        "lat" : 43.085475,
        "lon" : 141.34754,
        "time" : "20171122T222313+0900"
      }, {
        "lat" : 43.085394,
        "lon" : 141.34741,
        "time" : "20171122T222330+0900"
      }, {
        "lat" : 43.085288,
        "lon" : 141.34731,
        "time" : "20171122T222348+0900"
      }, {
        "lat" : 43.085175,
        "lon" : 141.34714,
        "time" : "20171122T222406+0900"
      }, {
        "lat" : 43.08434,
        "lon" : 141.34552,
        "time" : "20171122T222631+0900"
      }, {
        "lat" : 43.084361,
        "lon" : 141.34519,
        "time" : "20171122T222653+0900"
      }, {
        "lat" : 43.084369,
        "lon" : 141.34508,
        "time" : "20171122T222834+0900"
      } ]
    } ],
    "lastUpdate" : "20171122T143748Z"
  } ],
  "caloriesIdle" : 1596,
  "lastUpdate" : "20171122T143748Z"
} ]