[ {
  "date" : "20150722",
  "summary" : [ {
    "activity" : "cycling",
    "group" : "cycling",
    "duration" : 598.0,
    "distance" : 2668.0,
    "calories" : 71
  }, {
    "activity" : "walking",
    "group" : "walking",
    "duration" : 1477.0,
    "distance" : 1580.0,
    "steps" : 2108,
    "calories" : 94
  }, {
    "activity" : "transport",
    "group" : "transport",
    "duration" : 141.0,
    "distance" : 855.0
  } ],
  "segments" : [ {
    "type" : "place",
    "startTime" : "20150721T202541+0900",
    "endTime" : "20150722T085943+0900",
    "place" : {
      "id" : 152143834,
      "type" : "unknown",
      "location" : {
        "lat" : 43.0846321394,
        "lon" : 141.3451669726
      }
    },
    "lastUpdate" : "20150722T025313Z"
  }, {
    "type" : "move",
    "startTime" : "20150722T085943+0900",
    "endTime" : "20150722T090245+0900",
    "activities" : [ {
      "activity" : "cycling",
      "group" : "cycling",
      "manual" : false,
      "startTime" : "20150722T085943+0900",
      "endTime" : "20150722T090246+0900",
      "duration" : 183.0,
      "distance" : 899.0,
      "calories" : 24,
      "trackPoints" : [ {
        "lat" : 43.0846321394,
        "lon" : 141.3451669726,
        "time" : "20150722T085943+0900"
      }, {
        "lat" : 43.0838074123,
        "lon" : 141.3445329717,
        "time" : "20150722T085959+0900"
      }, {
        "lat" : 43.0837946432,
        "lon" : 141.3445357089,
        "time" : "20150722T085959+0900"
      }, {
        "lat" : 43.0837943001,
        "lon" : 141.3445357824,
        "time" : "20150722T090000+0900"
      }, {
        "lat" : 43.0828500975,
        "lon" : 141.3447381791,
        "time" : "20150722T090027+0900"
      }, {
        "lat" : 43.0815623699,
        "lon" : 141.3450433358,
        "time" : "20150722T090056+0900"
      }, {
        "lat" : 43.0813170062,
        "lon" : 141.3442604325,
        "time" : "20150722T090114+0900"
      }, {
        "lat" : 43.0812188701,
        "lon" : 141.3432285864,
        "time" : "20150722T090131+0900"
      }, {
        "lat" : 43.0809771564,
        "lon" : 141.3419300182,
        "time" : "20150722T090159+0900"
      }, {
        "lat" : 43.0807698217,
        "lon" : 141.341367843,
        "time" : "20150722T090215+0900"
      }, {
        "lat" : 43.0794932905,
        "lon" : 141.3403872229,
        "time" : "20150722T090245+0900"
      } ]
    } ],
    "lastUpdate" : "20150722T025313Z"
  }, {
    "type" : "place",
    "startTime" : "20150722T090245+0900",
    "endTime" : "20150722T120327+0900",
    "place" : {
      "id" : 141367537,
      "type" : "unknown",
      "location" : {
        "lat" : 43.0794932905,
        "lon" : 141.3403872229
      }
    },
    "activities" : [ {
      "activity" : "walking",
      "group" : "walking",
      "manual" : false,
      "startTime" : "20150722T090245+0900",
      "endTime" : "20150722T090545+0900",
      "duration" : 180.0,
      "distance" : 135.0,
      "steps" : 143,
      "calories" : 8,
      "trackPoints" : [ ]
    }, {
      "activity" : "walking",
      "group" : "walking",
      "manual" : false,
      "startTime" : "20150722T100659+0900",
      "endTime" : "20150722T101305+0900",
      "duration" : 366.0,
      "distance" : 403.0,
      "steps" : 537,
      "calories" : 24,
      "trackPoints" : [ ]
    }, {
      "activity" : "walking",
      "group" : "walking",
      "manual" : false,
      "startTime" : "20150722T115757+0900",
      "endTime" : "20150722T120301+0900",
      "duration" : 304.0,
      "distance" : 355.0,
      "steps" : 474,
      "calories" : 21,
      "trackPoints" : [ ]
    } ],
    "lastUpdate" : "20150722T055419Z"
  }, {
    "type" : "move",
    "startTime" : "20150722T120327+0900",
    "endTime" : "20150722T120702+0900",
    "activities" : [ {
      "activity" : "cycling",
      "group" : "cycling",
      "manual" : false,
      "startTime" : "20150722T120327+0900",
      "endTime" : "20150722T120702+0900",
      "duration" : 215.0,
      "distance" : 892.0,
      "calories" : 24,
      "trackPoints" : [ {
        "lat" : 43.0794932905,
        "lon" : 141.3403872229,
        "time" : "20150722T120327+0900"
      }, {
        "lat" : 43.0809534582,
        "lon" : 141.3409237338,
        "time" : "20150722T120347+0900"
      }, {
        "lat" : 43.0811325484,
        "lon" : 141.3425318716,
        "time" : "20150722T120428+0900"
      }, {
        "lat" : 43.081141956,
        "lon" : 141.342841991,
        "time" : "20150722T120449+0900"
      }, {
        "lat" : 43.0811717729,
        "lon" : 141.3433818734,
        "time" : "20150722T120505+0900"
      }, {
        "lat" : 43.0813461965,
        "lon" : 141.3446844395,
        "time" : "20150722T120529+0900"
      }, {
        "lat" : 43.0824693909,
        "lon" : 141.3450101374,
        "time" : "20150722T120559+0900"
      }, {
        "lat" : 43.0835306565,
        "lon" : 141.3451080824,
        "time" : "20150722T120619+0900"
      }, {
        "lat" : 43.0839496379,
        "lon" : 141.3447031449,
        "time" : "20150722T120637+0900"
      }, {
        "lat" : 43.0843685253,
        "lon" : 141.345080654,
        "time" : "20150722T120702+0900"
      } ]
    } ],
    "lastUpdate" : "20150722T055419Z"
  }, {
    "type" : "place",
    "startTime" : "20150722T120702+0900",
    "endTime" : "20150722T125419+0900",
    "place" : {
      "id" : 141435006,
      "type" : "unknown",
      "location" : {
        "lat" : 43.0843685253,
        "lon" : 141.345080654
      }
    },
    "activities" : [ {
      "activity" : "walking",
      "group" : "walking",
      "manual" : false,
      "startTime" : "20150722T120801+0900",
      "endTime" : "20150722T121006+0900",
      "duration" : 125.0,
      "distance" : 168.0,
      "steps" : 224,
      "calories" : 10,
      "trackPoints" : [ ]
    } ],
    "lastUpdate" : "20150722T055419Z"
  }, {
    "type" : "move",
    "startTime" : "20150722T125419+0900",
    "endTime" : "20150722T125640+0900",
    "activities" : [ {
      "activity" : "transport",
      "group" : "transport",
      "manual" : false,
      "startTime" : "20150722T125419+0900",
      "endTime" : "20150722T125640+0900",
      "duration" : 141.0,
      "distance" : 855.0,
      "trackPoints" : [ {
        "lat" : 43.0843685253,
        "lon" : 141.345080654,
        "time" : "20150722T125419+0900"
      }, {
        "lat" : 43.0824503543,
        "lon" : 141.3449427969,
        "time" : "20150722T125440+0900"
      }, {
        "lat" : 43.0817703093,
        "lon" : 141.3448503562,
        "time" : "20150722T125456+0900"
      }, {
        "lat" : 43.0813507207,
        "lon" : 141.3438870136,
        "time" : "20150722T125520+0900"
      }, {
        "lat" : 43.0811555569,
        "lon" : 141.3429180255,
        "time" : "20150722T125535+0900"
      }, {
        "lat" : 43.0809432383,
        "lon" : 141.3415428873,
        "time" : "20150722T125607+0900"
      }, {
        "lat" : 43.0806105528,
        "lon" : 141.3409937832,
        "time" : "20150722T125623+0900"
      }, {
        "lat" : 43.0794932905,
        "lon" : 141.3403872229,
        "time" : "20150722T125640+0900"
      } ]
    } ],
    "lastUpdate" : "20150722T055419Z"
  }, {
    "type" : "place",
    "startTime" : "20150722T125640+0900",
    "endTime" : "20150722T162106+0900",
    "place" : {
      "id" : 141367537,
      "type" : "unknown",
      "location" : {
        "lat" : 43.0794932905,
        "lon" : 141.3403872229
      }
    },
    "activities" : [ {
      "activity" : "walking",
      "group" : "walking",
      "manual" : false,
      "startTime" : "20150722T125642+0900",
      "endTime" : "20150722T125742+0900",
      "duration" : 60.0,
      "distance" : 36.0,
      "steps" : 72,
      "calories" : 2,
      "trackPoints" : [ ]
    }, {
      "activity" : "walking",
      "group" : "walking",
      "manual" : false,
      "startTime" : "20150722T141008+0900",
      "endTime" : "20150722T141438+0900",
      "duration" : 270.0,
      "distance" : 268.0,
      "steps" : 357,
      "calories" : 16,
      "trackPoints" : [ ]
    }, {
      "activity" : "walking",
      "group" : "walking",
      "manual" : false,
      "startTime" : "20150722T161747+0900",
      "endTime" : "20150722T162017+0900",
      "duration" : 150.0,
      "distance" : 192.0,
      "steps" : 256,
      "calories" : 11,
      "trackPoints" : [ ]
    } ],
    "lastUpdate" : "20150722T085547Z"
  }, {
    "type" : "move",
    "startTime" : "20150722T162106+0900",
    "endTime" : "20150722T162426+0900",
    "activities" : [ {
      "activity" : "cycling",
      "group" : "cycling",
      "manual" : false,
      "startTime" : "20150722T162106+0900",
      "endTime" : "20150722T162426+0900",
      "duration" : 200.0,
      "distance" : 877.0,
      "calories" : 23,
      "trackPoints" : [ {
        "lat" : 43.0794932905,
        "lon" : 141.3403872229,
        "time" : "20150722T162106+0900"
      }, {
        "lat" : 43.0810166501,
        "lon" : 141.3413727546,
        "time" : "20150722T162121+0900"
      }, {
        "lat" : 43.0811876639,
        "lon" : 141.3427697241,
        "time" : "20150722T162143+0900"
      }, {
        "lat" : 43.0813104118,
        "lon" : 141.3443791768,
        "time" : "20150722T162210+0900"
      }, {
        "lat" : 43.0816161701,
        "lon" : 141.3449388309,
        "time" : "20150722T162227+0900"
      }, {
        "lat" : 43.0824709793,
        "lon" : 141.3449043949,
        "time" : "20150722T162249+0900"
      }, {
        "lat" : 43.0834864623,
        "lon" : 141.3446795754,
        "time" : "20150722T162315+0900"
      }, {
        "lat" : 43.0837237742,
        "lon" : 141.3446775015,
        "time" : "20150722T162335+0900"
      }, {
        "lat" : 43.0841046859,
        "lon" : 141.3445909975,
        "time" : "20150722T162355+0900"
      }, {
        "lat" : 43.0843685253,
        "lon" : 141.345080654,
        "time" : "20150722T162426+0900"
      } ]
    } ],
    "lastUpdate" : "20150722T085547Z"
  }, {
    "type" : "place",
    "startTime" : "20150722T162426+0900",
    "endTime" : "20150723T102731+0900",
    "place" : {
      "id" : 141435006,
      "type" : "unknown",
      "location" : {
        "lat" : 43.0843685253,
        "lon" : 141.345080654
      }
    },
    "activities" : [ {
      "activity" : "walking",
      "group" : "walking",
      "manual" : false,
      "startTime" : "20150722T162426+0900",
      "endTime" : "20150722T162448+0900",
      "duration" : 22.0,
      "distance" : 23.0,
      "steps" : 45,
      "calories" : 1,
      "trackPoints" : [ ]
    } ],
    "lastUpdate" : "20150723T030850Z"
  } ],
  "caloriesIdle" : 1706,
  "lastUpdate" : "20150723T030850Z"
} ]