[ {
  "date" : "20170410",
  "summary" : [ {
    "activity" : "walking",
    "group" : "walking",
    "duration" : 1218.0,
    "distance" : 1196.0,
    "steps" : 1691,
    "calories" : 66
  }, {
    "activity" : "cycling",
    "group" : "cycling",
    "duration" : 282.0,
    "distance" : 1419.0,
    "calories" : 35
  }, {
    "activity" : "transport",
    "group" : "transport",
    "duration" : 807.0,
    "distance" : 1391.0
  } ],
  "segments" : [ {
    "type" : "place",
    "startTime" : "20170409T184000+0900",
    "endTime" : "20170410T175317+0900",
    "place" : {
      "id" : 257240275,
      "type" : "unknown",
      "location" : {
        "lat" : 43.084886,
        "lon" : 141.3453
      }
    },
    "activities" : [ {
      "activity" : "walking",
      "group" : "walking",
      "manual" : false,
      "startTime" : "20170410T172308+0900",
      "endTime" : "20170410T173114+0900",
      "duration" : 486.0,
      "distance" : 486.0,
      "steps" : 649,
      "calories" : 27,
      "trackPoints" : [ ]
    }, {
      "activity" : "walking",
      "group" : "walking",
      "manual" : false,
      "startTime" : "20170410T180000+0900",
      "endTime" : "20170410T180605+0900",
      "duration" : 365.0,
      "distance" : 365.0,
      "steps" : 487,
      "calories" : 20,
      "trackPoints" : [ ]
    } ],
    "lastUpdate" : "20170410T094003Z"
  }, {
    "type" : "move",
    "startTime" : "20170410T175317+0900",
    "endTime" : "20170410T175800+0900",
    "activities" : [ {
      "activity" : "cycling",
      "group" : "cycling",
      "manual" : false,
      "startTime" : "20170410T175317+0900",
      "endTime" : "20170410T175759+0900",
      "duration" : 282.0,
      "distance" : 1419.0,
      "calories" : 35,
      "trackPoints" : [ {
        "lat" : 43.084886,
        "lon" : 141.3453,
        "time" : "20170410T175317+0900"
      }, {
        "lat" : 43.084024,
        "lon" : 141.34456,
        "time" : "20170410T175352+0900"
      }, {
        "lat" : 43.083325,
        "lon" : 141.34471,
        "time" : "20170410T175409+0900"
      }, {
        "lat" : 43.082378,
        "lon" : 141.34492,
        "time" : "20170410T175432+0900"
      }, {
        "lat" : 43.081819,
        "lon" : 141.345,
        "time" : "20170410T175450+0900"
      }, {
        "lat" : 43.081329,
        "lon" : 141.34438,
        "time" : "20170410T175508+0900"
      }, {
        "lat" : 43.081221,
        "lon" : 141.34321,
        "time" : "20170410T175523+0900"
      }, {
        "lat" : 43.081155,
        "lon" : 141.34208,
        "time" : "20170410T175541+0900"
      }, {
        "lat" : 43.08089,
        "lon" : 141.34139,
        "time" : "20170410T175605+0900"
      }, {
        "lat" : 43.079269,
        "lon" : 141.34088,
        "time" : "20170410T175639+0900"
      }, {
        "lat" : 43.07777,
        "lon" : 141.34139,
        "time" : "20170410T175710+0900"
      }, {
        "lat" : 43.076576,
        "lon" : 141.34165,
        "time" : "20170410T175742+0900"
      }, {
        "lat" : 43.075454,
        "lon" : 141.34061,
        "time" : "20170410T175800+0900"
      } ]
    } ],
    "lastUpdate" : "20170410T094003Z"
  }, {
    "type" : "place",
    "startTime" : "20170410T175800+0900",
    "endTime" : "20170410T202635+0900",
    "place" : {
      "id" : 259007357,
      "type" : "unknown",
      "location" : {
        "lat" : 43.075819,
        "lon" : 141.34081
      }
    },
    "activities" : [ {
      "activity" : "walking",
      "group" : "walking",
      "manual" : false,
      "startTime" : "20170410T175810+0900",
      "endTime" : "20170410T180010+0900",
      "duration" : 120.0,
      "distance" : 107.0,
      "steps" : 215,
      "calories" : 6,
      "trackPoints" : [ ]
    }, {
      "activity" : "walking",
      "group" : "walking",
      "manual" : false,
      "startTime" : "20170410T195854+0900",
      "endTime" : "20170410T195909+0900",
      "duration" : 15.0,
      "distance" : 10.0,
      "steps" : 20,
      "calories" : 1,
      "trackPoints" : [ ]
    }, {
      "activity" : "walking",
      "group" : "walking",
      "manual" : false,
      "startTime" : "20170410T201336+0900",
      "endTime" : "20170410T201646+0900",
      "duration" : 190.0,
      "distance" : 206.0,
      "steps" : 275,
      "calories" : 11,
      "trackPoints" : [ ]
    } ],
    "lastUpdate" : "20170411T064639Z"
  }, {
    "type" : "move",
    "startTime" : "20170410T202635+0900",
    "endTime" : "20170410T204002+0900",
    "activities" : [ {
      "activity" : "transport",
      "group" : "transport",
      "manual" : false,
      "startTime" : "20170410T202635+0900",
      "endTime" : "20170410T204002+0900",
      "duration" : 807.0,
      "distance" : 1391.0,
      "trackPoints" : [ {
        "lat" : 43.075819,
        "lon" : 141.34081,
        "time" : "20170410T202635+0900"
      }, {
        "lat" : 43.077529,
        "lon" : 141.34159,
        "time" : "20170410T202720+0900"
      }, {
        "lat" : 43.077728,
        "lon" : 141.34149,
        "time" : "20170410T202754+0900"
      }, {
        "lat" : 43.077848,
        "lon" : 141.34136,
        "time" : "20170410T202817+0900"
      }, {
        "lat" : 43.07835,
        "lon" : 141.34098,
        "time" : "20170410T202842+0900"
      }, {
        "lat" : 43.078529,
        "lon" : 141.34105,
        "time" : "20170410T202904+0900"
      }, {
        "lat" : 43.07859,
        "lon" : 141.34107,
        "time" : "20170410T202931+0900"
      }, {
        "lat" : 43.078661,
        "lon" : 141.34101,
        "time" : "20170410T202953+0900"
      }, {
        "lat" : 43.07878,
        "lon" : 141.341,
        "time" : "20170410T203012+0900"
      }, {
        "lat" : 43.078927,
        "lon" : 141.34098,
        "time" : "20170410T203037+0900"
      }, {
        "lat" : 43.07908,
        "lon" : 141.34094,
        "time" : "20170410T203100+0900"
      }, {
        "lat" : 43.079663,
        "lon" : 141.34097,
        "time" : "20170410T203136+0900"
      }, {
        "lat" : 43.080424,
        "lon" : 141.34109,
        "time" : "20170410T203157+0900"
      }, {
        "lat" : 43.080449,
        "lon" : 141.34093,
        "time" : "20170410T203213+0900"
      }, {
        "lat" : 43.080332,
        "lon" : 141.34059,
        "time" : "20170410T203229+0900"
      }, {
        "lat" : 43.080693,
        "lon" : 141.34058,
        "time" : "20170410T203258+0900"
      }, {
        "lat" : 43.080753,
        "lon" : 141.34079,
        "time" : "20170410T203318+0900"
      }, {
        "lat" : 43.080822,
        "lon" : 141.34103,
        "time" : "20170410T203343+0900"
      }, {
        "lat" : 43.080879,
        "lon" : 141.34124,
        "time" : "20170410T203406+0900"
      }, {
        "lat" : 43.08093,
        "lon" : 141.34146,
        "time" : "20170410T203429+0900"
      }, {
        "lat" : 43.081052,
        "lon" : 141.34233,
        "time" : "20170410T203452+0900"
      }, {
        "lat" : 43.081154,
        "lon" : 141.34292,
        "time" : "20170410T203515+0900"
      }, {
        "lat" : 43.081132,
        "lon" : 141.34319,
        "time" : "20170410T203553+0900"
      }, {
        "lat" : 43.081104,
        "lon" : 141.3433,
        "time" : "20170410T203612+0900"
      }, {
        "lat" : 43.081185,
        "lon" : 141.34356,
        "time" : "20170410T203627+0900"
      }, {
        "lat" : 43.081249,
        "lon" : 141.34376,
        "time" : "20170410T203642+0900"
      }, {
        "lat" : 43.081249,
        "lon" : 141.34376,
        "time" : "20170410T203642+0900"
      }, {
        "lat" : 43.081295,
        "lon" : 141.34395,
        "time" : "20170410T203703+0900"
      }, {
        "lat" : 43.081345,
        "lon" : 141.34414,
        "time" : "20170410T203726+0900"
      }, {
        "lat" : 43.081381,
        "lon" : 141.34427,
        "time" : "20170410T203742+0900"
      }, {
        "lat" : 43.081433,
        "lon" : 141.34444,
        "time" : "20170410T203805+0900"
      }, {
        "lat" : 43.081488,
        "lon" : 141.3446,
        "time" : "20170410T203828+0900"
      }, {
        "lat" : 43.081676,
        "lon" : 141.34479,
        "time" : "20170410T203902+0900"
      }, {
        "lat" : 43.082031,
        "lon" : 141.34506,
        "time" : "20170410T203925+0900"
      }, {
        "lat" : 43.082251,
        "lon" : 141.34505,
        "time" : "20170410T203946+0900"
      }, {
        "lat" : 43.084251,
        "lon" : 141.34472,
        "time" : "20170410T204002+0900"
      } ]
    } ],
    "lastUpdate" : "20170411T064639Z"
  }, {
    "type" : "place",
    "startTime" : "20170410T204002+0900",
    "endTime" : "20170411T143302+0900",
    "place" : {
      "id" : 174606785,
      "type" : "unknown",
      "location" : {
        "lat" : 43.0842510763,
        "lon" : 141.3447211729
      }
    },
    "activities" : [ {
      "activity" : "walking",
      "group" : "walking",
      "manual" : false,
      "startTime" : "20170410T204337+0900",
      "endTime" : "20170410T204419+0900",
      "duration" : 42.0,
      "distance" : 22.0,
      "steps" : 45,
      "calories" : 1,
      "trackPoints" : [ ]
    } ],
    "lastUpdate" : "20170411T073304Z"
  } ],
  "caloriesIdle" : 1596,
  "lastUpdate" : "20170411T073304Z"
} ]