[ {
  "date" : "20171011",
  "summary" : [ {
    "activity" : "transport",
    "group" : "transport",
    "duration" : 15726.0,
    "distance" : 1801.0
  }, {
    "activity" : "walking",
    "group" : "walking",
    "duration" : 1979.0,
    "distance" : 2135.0,
    "steps" : 2776,
    "calories" : 118
  }, {
    "activity" : "cycling",
    "group" : "cycling",
    "duration" : 1282.0,
    "distance" : 4038.0,
    "calories" : 104
  } ],
  "segments" : [ {
    "type" : "move",
    "startTime" : "20171010T193747+0900",
    "endTime" : "20171011T041622+0900",
    "activities" : [ {
      "activity" : "transport",
      "group" : "transport",
      "manual" : false,
      "startTime" : "20171011T000000+0900",
      "endTime" : "20171011T041622+0900",
      "duration" : 15382.0,
      "distance" : 419.0,
      "trackPoints" : [ {
        "lat" : 43.081609,
        "lon" : 141.3451,
        "time" : "20171011T000000+0900"
      }, {
        "lat" : 43.081609,
        "lon" : 141.3451,
        "time" : "20171011T005959+0900"
      }, {
        "lat" : 43.081609,
        "lon" : 141.3451,
        "time" : "20171011T010000+0900"
      }, {
        "lat" : 43.081609,
        "lon" : 141.3451,
        "time" : "20171011T015959+0900"
      }, {
        "lat" : 43.081609,
        "lon" : 141.3451,
        "time" : "20171011T020000+0900"
      }, {
        "lat" : 43.081609,
        "lon" : 141.3451,
        "time" : "20171011T025959+0900"
      }, {
        "lat" : 43.081609,
        "lon" : 141.3451,
        "time" : "20171011T030000+0900"
      }, {
        "lat" : 43.081609,
        "lon" : 141.3451,
        "time" : "20171011T035959+0900"
      }, {
        "lat" : 43.081609,
        "lon" : 141.3451,
        "time" : "20171011T040000+0900"
      }, {
        "lat" : 43.081609,
        "lon" : 141.3451,
        "time" : "20171011T041203+0900"
      }, {
        "lat" : 43.084886,
        "lon" : 141.3453,
        "time" : "20171011T041622+0900"
      } ]
    } ],
    "lastUpdate" : "20171010T225909Z"
  }, {
    "type" : "place",
    "startTime" : "20171011T041623+0900",
    "endTime" : "20171011T092108+0900",
    "place" : {
      "id" : 257240275,
      "type" : "unknown",
      "location" : {
        "lat" : 43.084886,
        "lon" : 141.3453
      }
    },
    "activities" : [ {
      "activity" : "walking",
      "group" : "walking",
      "manual" : false,
      "startTime" : "20171011T092002+0900",
      "endTime" : "20171011T092326+0900",
      "duration" : 204.0,
      "distance" : 204.0,
      "steps" : 272,
      "calories" : 11,
      "trackPoints" : [ ]
    } ],
    "lastUpdate" : "20171011T003335Z"
  }, {
    "type" : "move",
    "startTime" : "20171011T092108+0900",
    "endTime" : "20171011T092648+0900",
    "activities" : [ {
      "activity" : "walking",
      "group" : "walking",
      "manual" : false,
      "startTime" : "20171011T092108+0900",
      "endTime" : "20171011T092647+0900",
      "duration" : 339.0,
      "distance" : 506.0,
      "steps" : 422,
      "calories" : 28,
      "trackPoints" : [ {
        "lat" : 43.084886,
        "lon" : 141.3453,
        "time" : "20171011T092108+0900"
      }, {
        "lat" : 43.083736,
        "lon" : 141.34468,
        "time" : "20171011T092126+0900"
      }, {
        "lat" : 43.081616,
        "lon" : 141.34509,
        "time" : "20171011T092158+0900"
      }, {
        "lat" : 43.0812,
        "lon" : 141.34418,
        "time" : "20171011T092218+0900"
      }, {
        "lat" : 43.081043,
        "lon" : 141.34306,
        "time" : "20171011T092240+0900"
      }, {
        "lat" : 43.080822,
        "lon" : 141.34233,
        "time" : "20171011T092258+0900"
      }, {
        "lat" : 43.0804,
        "lon" : 141.34145,
        "time" : "20171011T092313+0900"
      }, {
        "lat" : 43.079625,
        "lon" : 141.34069,
        "time" : "20171011T092329+0900"
      }, {
        "lat" : 43.078275,
        "lon" : 141.34106,
        "time" : "20171011T092359+0900"
      }, {
        "lat" : 43.077586,
        "lon" : 141.33974,
        "time" : "20171011T092426+0900"
      }, {
        "lat" : 43.077106,
        "lon" : 141.3395,
        "time" : "20171011T092441+0900"
      }, {
        "lat" : 43.076653,
        "lon" : 141.33934,
        "time" : "20171011T092458+0900"
      }, {
        "lat" : 43.076399,
        "lon" : 141.33918,
        "time" : "20171011T092518+0900"
      }, {
        "lat" : 43.076351,
        "lon" : 141.33909,
        "time" : "20171011T092542+0900"
      }, {
        "lat" : 43.07636,
        "lon" : 141.33919,
        "time" : "20171011T092630+0900"
      }, {
        "lat" : 43.076435,
        "lon" : 141.33918,
        "time" : "20171011T092648+0900"
      } ]
    } ],
    "lastUpdate" : "20171011T003335Z"
  }, {
    "type" : "place",
    "startTime" : "20171011T092648+0900",
    "endTime" : "20171011T104230+0900",
    "place" : {
      "id" : 362494857,
      "type" : "unknown",
      "location" : {
        "lat" : 43.076265,
        "lon" : 141.33885
      }
    },
    "activities" : [ {
      "activity" : "walking",
      "group" : "walking",
      "manual" : false,
      "startTime" : "20171011T092648+0900",
      "endTime" : "20171011T092918+0900",
      "duration" : 150.0,
      "distance" : 150.0,
      "steps" : 200,
      "calories" : 8,
      "trackPoints" : [ ]
    }, {
      "activity" : "walking",
      "group" : "walking",
      "manual" : false,
      "startTime" : "20171011T102337+0900",
      "endTime" : "20171011T102816+0900",
      "duration" : 279.0,
      "distance" : 308.0,
      "steps" : 411,
      "calories" : 17,
      "trackPoints" : [ ]
    } ],
    "lastUpdate" : "20171011T020532Z"
  }, {
    "type" : "move",
    "startTime" : "20171011T104230+0900",
    "endTime" : "20171011T104722+0900",
    "activities" : [ {
      "activity" : "cycling",
      "group" : "cycling",
      "manual" : false,
      "startTime" : "20171011T104230+0900",
      "endTime" : "20171011T104721+0900",
      "duration" : 291.0,
      "distance" : 915.0,
      "calories" : 23,
      "trackPoints" : [ {
        "lat" : 43.076265,
        "lon" : 141.33885,
        "time" : "20171011T104230+0900"
      }, {
        "lat" : 43.076023,
        "lon" : 141.33867,
        "time" : "20171011T104300+0900"
      }, {
        "lat" : 43.075439,
        "lon" : 141.339,
        "time" : "20171011T104319+0900"
      }, {
        "lat" : 43.074948,
        "lon" : 141.34018,
        "time" : "20171011T104349+0900"
      }, {
        "lat" : 43.075084,
        "lon" : 141.34141,
        "time" : "20171011T104415+0900"
      }, {
        "lat" : 43.075192,
        "lon" : 141.3418,
        "time" : "20171011T104433+0900"
      }, {
        "lat" : 43.075187,
        "lon" : 141.34225,
        "time" : "20171011T104451+0900"
      }, {
        "lat" : 43.07509,
        "lon" : 141.34327,
        "time" : "20171011T104515+0900"
      }, {
        "lat" : 43.075279,
        "lon" : 141.34319,
        "time" : "20171011T104533+0900"
      }, {
        "lat" : 43.075379,
        "lon" : 141.34395,
        "time" : "20171011T104554+0900"
      }, {
        "lat" : 43.075027,
        "lon" : 141.34468,
        "time" : "20171011T104622+0900"
      }, {
        "lat" : 43.074648,
        "lon" : 141.34517,
        "time" : "20171011T104642+0900"
      }, {
        "lat" : 43.074223,
        "lon" : 141.34559,
        "time" : "20171011T104706+0900"
      }, {
        "lat" : 43.073427,
        "lon" : 141.3457,
        "time" : "20171011T104722+0900"
      } ]
    } ],
    "lastUpdate" : "20171011T020532Z"
  }, {
    "type" : "place",
    "startTime" : "20171011T104722+0900",
    "endTime" : "20171011T120853+0900",
    "place" : {
      "id" : 335217700,
      "type" : "unknown",
      "location" : {
        "lat" : 43.073427,
        "lon" : 141.3457
      }
    },
    "activities" : [ {
      "activity" : "walking",
      "group" : "walking",
      "manual" : false,
      "startTime" : "20171011T104725+0900",
      "endTime" : "20171011T104841+0900",
      "duration" : 76.0,
      "distance" : 55.0,
      "steps" : 111,
      "calories" : 3,
      "trackPoints" : [ ]
    }, {
      "activity" : "walking",
      "group" : "walking",
      "manual" : false,
      "startTime" : "20171011T111811+0900",
      "endTime" : "20171011T112033+0900",
      "duration" : 142.0,
      "distance" : 156.0,
      "steps" : 208,
      "calories" : 9,
      "trackPoints" : [ ]
    }, {
      "activity" : "walking",
      "group" : "walking",
      "manual" : false,
      "startTime" : "20171011T120258+0900",
      "endTime" : "20171011T120604+0900",
      "duration" : 186.0,
      "distance" : 218.0,
      "steps" : 291,
      "calories" : 12,
      "trackPoints" : [ ]
    } ],
    "lastUpdate" : "20171011T033952Z"
  }, {
    "type" : "move",
    "startTime" : "20171011T120853+0900",
    "endTime" : "20171011T121735+0900",
    "activities" : [ {
      "activity" : "cycling",
      "group" : "cycling",
      "manual" : false,
      "startTime" : "20171011T120853+0900",
      "endTime" : "20171011T121735+0900",
      "duration" : 522.0,
      "distance" : 2029.0,
      "calories" : 51,
      "trackPoints" : [ {
        "lat" : 43.073427,
        "lon" : 141.3457,
        "time" : "20171011T120853+0900"
      }, {
        "lat" : 43.073783,
        "lon" : 141.34511,
        "time" : "20171011T120953+0900"
      }, {
        "lat" : 43.073613,
        "lon" : 141.34427,
        "time" : "20171011T121016+0900"
      }, {
        "lat" : 43.073888,
        "lon" : 141.34282,
        "time" : "20171011T121044+0900"
      }, {
        "lat" : 43.074128,
        "lon" : 141.34219,
        "time" : "20171011T121101+0900"
      }, {
        "lat" : 43.074486,
        "lon" : 141.34204,
        "time" : "20171011T121120+0900"
      }, {
        "lat" : 43.075666,
        "lon" : 141.34178,
        "time" : "20171011T121148+0900"
      }, {
        "lat" : 43.076333,
        "lon" : 141.34159,
        "time" : "20171011T121204+0900"
      }, {
        "lat" : 43.07744,
        "lon" : 141.34141,
        "time" : "20171011T121226+0900"
      }, {
        "lat" : 43.078184,
        "lon" : 141.34128,
        "time" : "20171011T121252+0900"
      }, {
        "lat" : 43.079137,
        "lon" : 141.34096,
        "time" : "20171011T121314+0900"
      }, {
        "lat" : 43.080337,
        "lon" : 141.34059,
        "time" : "20171011T121340+0900"
      }, {
        "lat" : 43.080892,
        "lon" : 141.34071,
        "time" : "20171011T121356+0900"
      }, {
        "lat" : 43.081126,
        "lon" : 141.34245,
        "time" : "20171011T121428+0900"
      }, {
        "lat" : 43.081217,
        "lon" : 141.34401,
        "time" : "20171011T121455+0900"
      }, {
        "lat" : 43.081472,
        "lon" : 141.34467,
        "time" : "20171011T121513+0900"
      }, {
        "lat" : 43.082093,
        "lon" : 141.34495,
        "time" : "20171011T121536+0900"
      }, {
        "lat" : 43.083136,
        "lon" : 141.34473,
        "time" : "20171011T121559+0900"
      }, {
        "lat" : 43.083521,
        "lon" : 141.34467,
        "time" : "20171011T121624+0900"
      }, {
        "lat" : 43.083514,
        "lon" : 141.34474,
        "time" : "20171011T121646+0900"
      }, {
        "lat" : 43.084214,
        "lon" : 141.34458,
        "time" : "20171011T121711+0900"
      }, {
        "lat" : 43.084886,
        "lon" : 141.3453,
        "time" : "20171011T121735+0900"
      } ]
    } ],
    "lastUpdate" : "20171011T033952Z"
  }, {
    "type" : "place",
    "startTime" : "20171011T121735+0900",
    "endTime" : "20171011T143252+0900",
    "place" : {
      "id" : 257240275,
      "type" : "unknown",
      "location" : {
        "lat" : 43.084886,
        "lon" : 141.3453
      }
    },
    "activities" : [ {
      "activity" : "walking",
      "group" : "walking",
      "manual" : false,
      "startTime" : "20171011T121735+0900",
      "endTime" : "20171011T121813+0900",
      "duration" : 38.0,
      "distance" : 25.0,
      "steps" : 51,
      "calories" : 1,
      "trackPoints" : [ ]
    }, {
      "activity" : "walking",
      "group" : "walking",
      "manual" : false,
      "startTime" : "20171011T143138+0900",
      "endTime" : "20171011T143325+0900",
      "duration" : 107.0,
      "distance" : 80.0,
      "steps" : 161,
      "calories" : 4,
      "trackPoints" : [ ]
    } ],
    "lastUpdate" : "20171011T064640Z"
  }, {
    "type" : "move",
    "startTime" : "20171011T143252+0900",
    "endTime" : "20171011T143837+0900",
    "activities" : [ {
      "activity" : "transport",
      "group" : "transport",
      "manual" : false,
      "startTime" : "20171011T143252+0900",
      "endTime" : "20171011T143836+0900",
      "duration" : 344.0,
      "distance" : 1382.0,
      "trackPoints" : [ {
        "lat" : 43.084886,
        "lon" : 141.3453,
        "time" : "20171011T143252+0900"
      }, {
        "lat" : 43.084327,
        "lon" : 141.34505,
        "time" : "20171011T143311+0900"
      }, {
        "lat" : 43.084193,
        "lon" : 141.34472,
        "time" : "20171011T143332+0900"
      }, {
        "lat" : 43.083793,
        "lon" : 141.34458,
        "time" : "20171011T143348+0900"
      }, {
        "lat" : 43.082677,
        "lon" : 141.34483,
        "time" : "20171011T143416+0900"
      }, {
        "lat" : 43.081823,
        "lon" : 141.34504,
        "time" : "20171011T143433+0900"
      }, {
        "lat" : 43.081048,
        "lon" : 141.34301,
        "time" : "20171011T143518+0900"
      }, {
        "lat" : 43.080883,
        "lon" : 141.34259,
        "time" : "20171011T143534+0900"
      }, {
        "lat" : 43.080883,
        "lon" : 141.34259,
        "time" : "20171011T143556+0900"
      }, {
        "lat" : 43.080754,
        "lon" : 141.3419,
        "time" : "20171011T143620+0900"
      }, {
        "lat" : 43.080657,
        "lon" : 141.34128,
        "time" : "20171011T143642+0900"
      }, {
        "lat" : 43.079611,
        "lon" : 141.34058,
        "time" : "20171011T143704+0900"
      }, {
        "lat" : 43.078639,
        "lon" : 141.34102,
        "time" : "20171011T143724+0900"
      }, {
        "lat" : 43.078111,
        "lon" : 141.34095,
        "time" : "20171011T143746+0900"
      }, {
        "lat" : 43.077653,
        "lon" : 141.33984,
        "time" : "20171011T143811+0900"
      }, {
        "lat" : 43.076435,
        "lon" : 141.33918,
        "time" : "20171011T143837+0900"
      } ]
    } ],
    "lastUpdate" : "20171011T064640Z"
  }, {
    "type" : "place",
    "startTime" : "20171011T143837+0900",
    "endTime" : "20171011T174642+0900",
    "place" : {
      "id" : 259240182,
      "type" : "unknown",
      "location" : {
        "lat" : 43.076435,
        "lon" : 141.33918
      }
    },
    "activities" : [ {
      "activity" : "walking",
      "group" : "walking",
      "manual" : false,
      "startTime" : "20171011T143837+0900",
      "endTime" : "20171011T144007+0900",
      "duration" : 90.0,
      "distance" : 67.0,
      "steps" : 135,
      "calories" : 4,
      "trackPoints" : [ ]
    }, {
      "activity" : "walking",
      "group" : "walking",
      "manual" : false,
      "startTime" : "20171011T161618+0900",
      "endTime" : "20171011T161848+0900",
      "duration" : 150.0,
      "distance" : 157.0,
      "steps" : 210,
      "calories" : 9,
      "trackPoints" : [ ]
    }, {
      "activity" : "walking",
      "group" : "walking",
      "manual" : false,
      "startTime" : "20171011T174548+0900",
      "endTime" : "20171011T174833+0900",
      "duration" : 165.0,
      "distance" : 174.0,
      "steps" : 233,
      "calories" : 10,
      "trackPoints" : [ ]
    } ],
    "lastUpdate" : "20171011T095137Z"
  }, {
    "type" : "move",
    "startTime" : "20171011T174642+0900",
    "endTime" : "20171011T175431+0900",
    "activities" : [ {
      "activity" : "cycling",
      "group" : "cycling",
      "manual" : false,
      "startTime" : "20171011T174642+0900",
      "endTime" : "20171011T175431+0900",
      "duration" : 469.0,
      "distance" : 1094.0,
      "calories" : 29,
      "trackPoints" : [ {
        "lat" : 43.076435,
        "lon" : 141.33918,
        "time" : "20171011T174642+0900"
      }, {
        "lat" : 43.079363,
        "lon" : 141.34101,
        "time" : "20171011T175006+0900"
      }, {
        "lat" : 43.080213,
        "lon" : 141.34074,
        "time" : "20171011T175032+0900"
      }, {
        "lat" : 43.083534,
        "lon" : 141.34422,
        "time" : "20171011T175356+0900"
      }, {
        "lat" : 43.083618,
        "lon" : 141.34461,
        "time" : "20171011T175414+0900"
      }, {
        "lat" : 43.083594,
        "lon" : 141.34484,
        "time" : "20171011T175431+0900"
      } ]
    } ],
    "lastUpdate" : "20171011T095137Z"
  }, {
    "type" : "place",
    "startTime" : "20171011T175449+0900",
    "endTime" : "20171012T102526+0900",
    "place" : {
      "id" : 304848157,
      "type" : "unknown",
      "location" : {
        "lat" : 43.083905,
        "lon" : 141.3451
      }
    },
    "activities" : [ {
      "activity" : "walking",
      "group" : "walking",
      "manual" : false,
      "startTime" : "20171011T175449+0900",
      "endTime" : "20171011T175542+0900",
      "duration" : 53.0,
      "distance" : 35.0,
      "steps" : 71,
      "calories" : 2,
      "trackPoints" : [ ]
    } ],
    "lastUpdate" : "20171012T025929Z"
  } ],
  "caloriesIdle" : 1596,
  "lastUpdate" : "20171012T025929Z"
} ]