[ {
  "date" : "20150628",
  "summary" : [ {
    "activity" : "walking",
    "group" : "walking",
    "duration" : 547.0,
    "distance" : 702.0,
    "steps" : 935,
    "calories" : 42
  } ],
  "segments" : [ {
    "type" : "place",
    "startTime" : "20150627T183206+0900",
    "endTime" : "20150628T200042+0900",
    "place" : {
      "id" : 176445990,
      "type" : "unknown",
      "location" : {
        "lat" : 43.0816838793,
        "lon" : 141.3465794769
      }
    },
    "activities" : [ {
      "activity" : "walking",
      "group" : "walking",
      "manual" : false,
      "startTime" : "20150628T185724+0900",
      "endTime" : "20150628T185754+0900",
      "duration" : 30.0,
      "distance" : 15.0,
      "steps" : 20,
      "calories" : 1,
      "trackPoints" : [ ]
    }, {
      "activity" : "walking",
      "group" : "walking",
      "manual" : false,
      "startTime" : "20150628T190124+0900",
      "endTime" : "20150628T190354+0900",
      "duration" : 150.0,
      "distance" : 220.0,
      "steps" : 294,
      "calories" : 13,
      "trackPoints" : [ ]
    } ],
    "lastUpdate" : "20150628T142036Z"
  }, {
    "type" : "move",
    "startTime" : "20150628T200042+0900",
    "endTime" : "20150628T200411+0900",
    "activities" : [ {
      "activity" : "walking",
      "group" : "walking",
      "manual" : false,
      "startTime" : "20150628T200042+0900",
      "endTime" : "20150628T200412+0900",
      "duration" : 210.0,
      "distance" : 323.0,
      "steps" : 334,
      "calories" : 19,
      "trackPoints" : [ {
        "lat" : 43.0816838793,
        "lon" : 141.3465794769,
        "time" : "20150628T200042+0900"
      }, {
        "lat" : 43.0805318896,
        "lon" : 141.3472084967,
        "time" : "20150628T200221+0900"
      }, {
        "lat" : 43.0805581161,
        "lon" : 141.3470566016,
        "time" : "20150628T200242+0900"
      }, {
        "lat" : 43.0811112918,
        "lon" : 141.3456140581,
        "time" : "20150628T200411+0900"
      } ]
    } ],
    "lastUpdate" : "20150628T142036Z"
  }, {
    "type" : "place",
    "startTime" : "20150628T200411+0900",
    "endTime" : "20150628T201633+0900",
    "place" : {
      "id" : 176445991,
      "type" : "unknown",
      "location" : {
        "lat" : 43.0811112918,
        "lon" : 141.3456140581
      }
    },
    "activities" : [ {
      "activity" : "walking",
      "group" : "walking",
      "manual" : false,
      "startTime" : "20150628T200716+0900",
      "endTime" : "20150628T200841+0900",
      "duration" : 85.0,
      "distance" : 77.0,
      "steps" : 154,
      "calories" : 5,
      "trackPoints" : [ ]
    } ],
    "lastUpdate" : "20150628T142036Z"
  }, {
    "type" : "place",
    "startTime" : "20150628T201634+0900",
    "endTime" : "20150629T095152+0900",
    "place" : {
      "id" : 148006119,
      "type" : "unknown",
      "location" : {
        "lat" : 43.0835941285,
        "lon" : 141.3448409624
      }
    },
    "activities" : [ {
      "activity" : "walking",
      "group" : "walking",
      "manual" : false,
      "startTime" : "20150628T201634+0900",
      "endTime" : "20150628T201746+0900",
      "duration" : 72.0,
      "distance" : 67.0,
      "steps" : 133,
      "calories" : 4,
      "trackPoints" : [ ]
    } ],
    "lastUpdate" : "20150629T054130Z"
  } ],
  "caloriesIdle" : 1706,
  "lastUpdate" : "20150629T054130Z"
} ]