[ {
  "date" : "20150723",
  "summary" : [ {
    "activity" : "walking",
    "group" : "walking",
    "duration" : 5008.0,
    "distance" : 4653.0,
    "steps" : 5918,
    "calories" : 276
  }, {
    "activity" : "cycling",
    "group" : "cycling",
    "duration" : 824.0,
    "distance" : 3842.0,
    "calories" : 101
  }, {
    "activity" : "transport",
    "group" : "transport",
    "duration" : 317.0,
    "distance" : 497.0
  } ],
  "segments" : [ {
    "type" : "place",
    "startTime" : "20150722T162426+0900",
    "endTime" : "20150723T102731+0900",
    "place" : {
      "id" : 141435006,
      "type" : "unknown",
      "location" : {
        "lat" : 43.0843685253,
        "lon" : 141.345080654
      }
    },
    "activities" : [ {
      "activity" : "walking",
      "group" : "walking",
      "manual" : false,
      "startTime" : "20150723T102601+0900",
      "endTime" : "20150723T105930+0900",
      "duration" : 2009.0,
      "distance" : 1529.0,
      "steps" : 2038,
      "calories" : 91,
      "trackPoints" : [ ]
    }, {
      "activity" : "walking",
      "group" : "walking",
      "manual" : false,
      "startTime" : "20150723T110000+0900",
      "endTime" : "20150723T110256+0900",
      "duration" : 176.0,
      "distance" : 135.0,
      "steps" : 180,
      "calories" : 8,
      "trackPoints" : [ ]
    } ],
    "lastUpdate" : "20150723T030850Z"
  }, {
    "type" : "move",
    "startTime" : "20150723T102731+0900",
    "endTime" : "20150723T103013+0900",
    "activities" : [ {
      "activity" : "cycling",
      "group" : "cycling",
      "manual" : false,
      "startTime" : "20150723T102731+0900",
      "endTime" : "20150723T103013+0900",
      "duration" : 162.0,
      "distance" : 856.0,
      "calories" : 22,
      "trackPoints" : [ {
        "lat" : 43.0843685253,
        "lon" : 141.345080654,
        "time" : "20150723T102731+0900"
      }, {
        "lat" : 43.083467565,
        "lon" : 141.3445728816,
        "time" : "20150723T102754+0900"
      }, {
        "lat" : 43.0815951661,
        "lon" : 141.3451609191,
        "time" : "20150723T102826+0900"
      }, {
        "lat" : 43.0812180148,
        "lon" : 141.3440235569,
        "time" : "20150723T102850+0900"
      }, {
        "lat" : 43.0810058691,
        "lon" : 141.3422017525,
        "time" : "20150723T102919+0900"
      }, {
        "lat" : 43.0807031112,
        "lon" : 141.3414316777,
        "time" : "20150723T102940+0900"
      }, {
        "lat" : 43.079711611,
        "lon" : 141.340634675,
        "time" : "20150723T103013+0900"
      } ]
    } ],
    "lastUpdate" : "20150723T030850Z"
  }, {
    "type" : "place",
    "startTime" : "20150723T103013+0900",
    "endTime" : "20150723T120755+0900",
    "place" : {
      "id" : 149780344,
      "type" : "unknown",
      "location" : {
        "lat" : 43.079711611,
        "lon" : 141.340634675
      }
    },
    "activities" : [ {
      "activity" : "walking",
      "group" : "walking",
      "manual" : false,
      "startTime" : "20150723T103013+0900",
      "endTime" : "20150723T103101+0900",
      "duration" : 48.0,
      "distance" : 26.0,
      "steps" : 52,
      "calories" : 2,
      "trackPoints" : [ ]
    } ],
    "lastUpdate" : "20150723T081939Z"
  }, {
    "type" : "move",
    "startTime" : "20150723T120755+0900",
    "endTime" : "20150723T121127+0900",
    "activities" : [ {
      "activity" : "walking",
      "group" : "walking",
      "manual" : false,
      "startTime" : "20150723T120755+0900",
      "endTime" : "20150723T121127+0900",
      "duration" : 212.0,
      "distance" : 260.0,
      "steps" : 296,
      "calories" : 15,
      "trackPoints" : [ {
        "lat" : 43.079711611,
        "lon" : 141.340634675,
        "time" : "20150723T120755+0900"
      }, {
        "lat" : 43.0799079361,
        "lon" : 141.3408764829,
        "time" : "20150723T120825+0900"
      }, {
        "lat" : 43.0798780614,
        "lon" : 141.340829125,
        "time" : "20150723T120843+0900"
      }, {
        "lat" : 43.0800349926,
        "lon" : 141.3405587701,
        "time" : "20150723T120910+0900"
      }, {
        "lat" : 43.0797422689,
        "lon" : 141.3406142063,
        "time" : "20150723T120933+0900"
      }, {
        "lat" : 43.0795370265,
        "lon" : 141.3406852018,
        "time" : "20150723T120949+0900"
      }, {
        "lat" : 43.0785915419,
        "lon" : 141.3410046255,
        "time" : "20150723T121103+0900"
      }, {
        "lat" : 43.0785451373,
        "lon" : 141.341093201,
        "time" : "20150723T121127+0900"
      } ]
    } ],
    "lastUpdate" : "20150723T081939Z"
  }, {
    "type" : "place",
    "startTime" : "20150723T121127+0900",
    "endTime" : "20150723T123044+0900",
    "place" : {
      "id" : 149467634,
      "type" : "unknown",
      "location" : {
        "lat" : 43.0785451373,
        "lon" : 141.341093201
      }
    },
    "activities" : [ {
      "activity" : "walking",
      "group" : "walking",
      "manual" : false,
      "startTime" : "20150723T121258+0900",
      "endTime" : "20150723T121858+0900",
      "duration" : 360.0,
      "distance" : 328.0,
      "steps" : 437,
      "calories" : 19,
      "trackPoints" : [ ]
    } ],
    "lastUpdate" : "20150723T081939Z"
  }, {
    "type" : "move",
    "startTime" : "20150723T123044+0900",
    "endTime" : "20150723T123846+0900",
    "activities" : [ {
      "activity" : "walking",
      "group" : "walking",
      "manual" : false,
      "startTime" : "20150723T123044+0900",
      "endTime" : "20150723T123847+0900",
      "duration" : 483.0,
      "distance" : 539.0,
      "steps" : 776,
      "calories" : 32,
      "trackPoints" : [ {
        "lat" : 43.0785451373,
        "lon" : 141.341093201,
        "time" : "20150723T123044+0900"
      }, {
        "lat" : 43.0787775328,
        "lon" : 141.3408883729,
        "time" : "20150723T123122+0900"
      }, {
        "lat" : 43.0789037632,
        "lon" : 141.3412046446,
        "time" : "20150723T123147+0900"
      }, {
        "lat" : 43.0788736251,
        "lon" : 141.3412001858,
        "time" : "20150723T123206+0900"
      }, {
        "lat" : 43.0788090339,
        "lon" : 141.3411150923,
        "time" : "20150723T123232+0900"
      }, {
        "lat" : 43.0787581676,
        "lon" : 141.3411250616,
        "time" : "20150723T123252+0900"
      }, {
        "lat" : 43.078575481,
        "lon" : 141.341404656,
        "time" : "20150723T123328+0900"
      }, {
        "lat" : 43.0784608972,
        "lon" : 141.3420293994,
        "time" : "20150723T123350+0900"
      }, {
        "lat" : 43.0785467977,
        "lon" : 141.3427422175,
        "time" : "20150723T123414+0900"
      }, {
        "lat" : 43.0785598356,
        "lon" : 141.3429229483,
        "time" : "20150723T123433+0900"
      }, {
        "lat" : 43.0786492009,
        "lon" : 141.3429599518,
        "time" : "20150723T123455+0900"
      }, {
        "lat" : 43.0788549214,
        "lon" : 141.3432387822,
        "time" : "20150723T123514+0900"
      }, {
        "lat" : 43.079117622,
        "lon" : 141.3438995863,
        "time" : "20150723T123534+0900"
      }, {
        "lat" : 43.0790211875,
        "lon" : 141.3442424536,
        "time" : "20150723T123602+0900"
      }, {
        "lat" : 43.0789423098,
        "lon" : 141.344473898,
        "time" : "20150723T123626+0900"
      }, {
        "lat" : 43.0788272102,
        "lon" : 141.3446527142,
        "time" : "20150723T123647+0900"
      }, {
        "lat" : 43.0787001473,
        "lon" : 141.3447715512,
        "time" : "20150723T123710+0900"
      }, {
        "lat" : 43.0786345144,
        "lon" : 141.3449227141,
        "time" : "20150723T123728+0900"
      }, {
        "lat" : 43.0784781244,
        "lon" : 141.345482109,
        "time" : "20150723T123757+0900"
      }, {
        "lat" : 43.0783697121,
        "lon" : 141.3455836746,
        "time" : "20150723T123819+0900"
      }, {
        "lat" : 43.0782453101,
        "lon" : 141.3453037071,
        "time" : "20150723T123846+0900"
      } ]
    } ],
    "lastUpdate" : "20150723T081939Z"
  }, {
    "type" : "place",
    "startTime" : "20150723T123846+0900",
    "endTime" : "20150723T125934+0900",
    "place" : {
      "id" : 185437544,
      "type" : "unknown",
      "location" : {
        "lat" : 43.0782453101,
        "lon" : 141.3453037071
      }
    },
    "activities" : [ {
      "activity" : "walking",
      "group" : "walking",
      "manual" : false,
      "startTime" : "20150723T124140+0900",
      "endTime" : "20150723T124240+0900",
      "duration" : 60.0,
      "distance" : 41.0,
      "steps" : 81,
      "calories" : 2,
      "trackPoints" : [ ]
    } ],
    "lastUpdate" : "20150723T081939Z"
  }, {
    "type" : "move",
    "startTime" : "20150723T125934+0900",
    "endTime" : "20150723T130908+0900",
    "activities" : [ {
      "activity" : "walking",
      "group" : "walking",
      "manual" : false,
      "startTime" : "20150723T125934+0900",
      "endTime" : "20150723T130909+0900",
      "duration" : 575.0,
      "distance" : 706.0,
      "steps" : 707,
      "calories" : 42,
      "trackPoints" : [ {
        "lat" : 43.0782453101,
        "lon" : 141.3453037071,
        "time" : "20150723T125934+0900"
      }, {
        "lat" : 43.0782454033,
        "lon" : 141.3453050614,
        "time" : "20150723T125959+0900"
      }, {
        "lat" : 43.0782454034,
        "lon" : 141.345305062,
        "time" : "20150723T130000+0900"
      }, {
        "lat" : 43.0782455296,
        "lon" : 141.3453068969,
        "time" : "20150723T130034+0900"
      }, {
        "lat" : 43.0782693053,
        "lon" : 141.3453445131,
        "time" : "20150723T130103+0900"
      }, {
        "lat" : 43.0782684096,
        "lon" : 141.3453545774,
        "time" : "20150723T130123+0900"
      }, {
        "lat" : 43.0783844976,
        "lon" : 141.3459559991,
        "time" : "20150723T130302+0900"
      }, {
        "lat" : 43.0781915338,
        "lon" : 141.3455172576,
        "time" : "20150723T130317+0900"
      }, {
        "lat" : 43.0783088991,
        "lon" : 141.345294399,
        "time" : "20150723T130334+0900"
      }, {
        "lat" : 43.0785320524,
        "lon" : 141.3450367258,
        "time" : "20150723T130359+0900"
      }, {
        "lat" : 43.0787204324,
        "lon" : 141.3448211922,
        "time" : "20150723T130422+0900"
      }, {
        "lat" : 43.0788843681,
        "lon" : 141.3446007589,
        "time" : "20150723T130445+0900"
      }, {
        "lat" : 43.0790976382,
        "lon" : 141.3444193699,
        "time" : "20150723T130508+0900"
      }, {
        "lat" : 43.0790811944,
        "lon" : 141.3439930873,
        "time" : "20150723T130544+0900"
      }, {
        "lat" : 43.0786413608,
        "lon" : 141.3430950855,
        "time" : "20150723T130618+0900"
      }, {
        "lat" : 43.0788479513,
        "lon" : 141.3428774611,
        "time" : "20150723T130644+0900"
      }, {
        "lat" : 43.0788672811,
        "lon" : 141.3426822958,
        "time" : "20150723T130659+0900"
      }, {
        "lat" : 43.0787509148,
        "lon" : 141.3423915293,
        "time" : "20150723T130714+0900"
      }, {
        "lat" : 43.0786430251,
        "lon" : 141.3418171066,
        "time" : "20150723T130737+0900"
      }, {
        "lat" : 43.078722486,
        "lon" : 141.3411333739,
        "time" : "20150723T130811+0900"
      }, {
        "lat" : 43.0787709796,
        "lon" : 141.3409819769,
        "time" : "20150723T130845+0900"
      }, {
        "lat" : 43.079711611,
        "lon" : 141.340634675,
        "time" : "20150723T130908+0900"
      } ]
    } ],
    "lastUpdate" : "20150723T081939Z"
  }, {
    "type" : "place",
    "startTime" : "20150723T130908+0900",
    "endTime" : "20150723T143216+0900",
    "place" : {
      "id" : 149780344,
      "type" : "unknown",
      "location" : {
        "lat" : 43.079711611,
        "lon" : 141.340634675
      }
    },
    "activities" : [ {
      "activity" : "walking",
      "group" : "walking",
      "manual" : false,
      "startTime" : "20150723T133244+0900",
      "endTime" : "20150723T133314+0900",
      "duration" : 30.0,
      "distance" : 25.0,
      "steps" : 51,
      "calories" : 1,
      "trackPoints" : [ ]
    }, {
      "activity" : "walking",
      "group" : "walking",
      "manual" : false,
      "startTime" : "20150723T140357+0900",
      "endTime" : "20150723T140730+0900",
      "duration" : 213.0,
      "distance" : 171.0,
      "steps" : 227,
      "calories" : 10,
      "trackPoints" : [ ]
    } ],
    "lastUpdate" : "20150723T081939Z"
  }, {
    "type" : "move",
    "startTime" : "20150723T143216+0900",
    "endTime" : "20150723T143901+0900",
    "activities" : [ {
      "activity" : "walking",
      "group" : "walking",
      "manual" : false,
      "startTime" : "20150723T143216+0900",
      "endTime" : "20150723T143901+0900",
      "duration" : 405.0,
      "distance" : 531.0,
      "steps" : 567,
      "calories" : 31,
      "trackPoints" : [ {
        "lat" : 43.079711611,
        "lon" : 141.340634675,
        "time" : "20150723T143216+0900"
      }, {
        "lat" : 43.0784019472,
        "lon" : 141.3402131985,
        "time" : "20150723T143332+0900"
      }, {
        "lat" : 43.0785287614,
        "lon" : 141.3402920009,
        "time" : "20150723T143352+0900"
      }, {
        "lat" : 43.0787595981,
        "lon" : 141.3404321729,
        "time" : "20150723T143408+0900"
      }, {
        "lat" : 43.07854048,
        "lon" : 141.3405112071,
        "time" : "20150723T143425+0900"
      }, {
        "lat" : 43.0788784484,
        "lon" : 141.3406123981,
        "time" : "20150723T143446+0900"
      }, {
        "lat" : 43.0792764501,
        "lon" : 141.34057782,
        "time" : "20150723T143517+0900"
      }, {
        "lat" : 43.0796047298,
        "lon" : 141.3405308892,
        "time" : "20150723T143550+0900"
      }, {
        "lat" : 43.0796911258,
        "lon" : 141.3404857555,
        "time" : "20150723T143606+0900"
      }, {
        "lat" : 43.07973471,
        "lon" : 141.3402775993,
        "time" : "20150723T143706+0900"
      }, {
        "lat" : 43.0797341447,
        "lon" : 141.3400875115,
        "time" : "20150723T143733+0900"
      }, {
        "lat" : 43.0796796697,
        "lon" : 141.3399071406,
        "time" : "20150723T143751+0900"
      }, {
        "lat" : 43.07971799,
        "lon" : 141.3396937691,
        "time" : "20150723T143838+0900"
      }, {
        "lat" : 43.079711611,
        "lon" : 141.340634675,
        "time" : "20150723T143901+0900"
      } ]
    } ],
    "lastUpdate" : "20150723T081939Z"
  }, {
    "type" : "place",
    "startTime" : "20150723T143901+0900",
    "endTime" : "20150723T171817+0900",
    "place" : {
      "id" : 149780344,
      "type" : "unknown",
      "location" : {
        "lat" : 43.079711611,
        "lon" : 141.340634675
      }
    },
    "activities" : [ {
      "activity" : "walking",
      "group" : "walking",
      "manual" : false,
      "startTime" : "20150723T170646+0900",
      "endTime" : "20150723T170916+0900",
      "duration" : 150.0,
      "distance" : 214.0,
      "steps" : 286,
      "calories" : 13,
      "trackPoints" : [ ]
    } ],
    "lastUpdate" : "20150723T095107Z"
  }, {
    "type" : "move",
    "startTime" : "20150723T171817+0900",
    "endTime" : "20150723T173909+0900",
    "activities" : [ {
      "activity" : "cycling",
      "group" : "cycling",
      "manual" : false,
      "startTime" : "20150723T171817+0900",
      "endTime" : "20150723T172235+0900",
      "duration" : 258.0,
      "distance" : 1295.0,
      "calories" : 34,
      "trackPoints" : [ {
        "lat" : 43.079711611,
        "lon" : 141.340634675,
        "time" : "20150723T171817+0900"
      }, {
        "lat" : 43.0775068162,
        "lon" : 141.3413459006,
        "time" : "20150723T172022+0900"
      }, {
        "lat" : 43.0758179108,
        "lon" : 141.34162774,
        "time" : "20150723T172053+0900"
      }, {
        "lat" : 43.0749240904,
        "lon" : 141.3416606387,
        "time" : "20150723T172109+0900"
      }, {
        "lat" : 43.0724652871,
        "lon" : 141.3426299767,
        "time" : "20150723T172142+0900"
      }, {
        "lat" : 43.0703973439,
        "lon" : 141.3426702257,
        "time" : "20150723T172214+0900"
      }, {
        "lat" : 43.069996967,
        "lon" : 141.3433585108,
        "time" : "20150723T172235+0900"
      } ]
    }, {
      "activity" : "walking",
      "group" : "walking",
      "manual" : false,
      "startTime" : "20150723T172235+0900",
      "endTime" : "20150723T172708+0900",
      "duration" : 273.0,
      "distance" : 141.0,
      "steps" : 206,
      "calories" : 8,
      "trackPoints" : [ {
        "lat" : 43.069996967,
        "lon" : 141.3433585108,
        "time" : "20150723T172235+0900"
      }, {
        "lat" : 43.069855769,
        "lon" : 141.3436242011,
        "time" : "20150723T172313+0900"
      }, {
        "lat" : 43.0698746169,
        "lon" : 141.3436066144,
        "time" : "20150723T172330+0900"
      }, {
        "lat" : 43.0698700291,
        "lon" : 141.3435746342,
        "time" : "20150723T172346+0900"
      }, {
        "lat" : 43.0698239254,
        "lon" : 141.3435258568,
        "time" : "20150723T172404+0900"
      }, {
        "lat" : 43.0698665058,
        "lon" : 141.3437018195,
        "time" : "20150723T172423+0900"
      }, {
        "lat" : 43.0697770014,
        "lon" : 141.3440183237,
        "time" : "20150723T172446+0900"
      }, {
        "lat" : 43.0696680369,
        "lon" : 141.3443149985,
        "time" : "20150723T172506+0900"
      }, {
        "lat" : 43.0696187619,
        "lon" : 141.3444469467,
        "time" : "20150723T172529+0900"
      }, {
        "lat" : 43.0695987469,
        "lon" : 141.3445037172,
        "time" : "20150723T172548+0900"
      }, {
        "lat" : 43.0695913812,
        "lon" : 141.3445094523,
        "time" : "20150723T172611+0900"
      }, {
        "lat" : 43.0695906855,
        "lon" : 141.344488195,
        "time" : "20150723T172627+0900"
      }, {
        "lat" : 43.0695853089,
        "lon" : 141.3444329755,
        "time" : "20150723T172647+0900"
      }, {
        "lat" : 43.0695727673,
        "lon" : 141.344377159,
        "time" : "20150723T172708+0900"
      } ]
    }, {
      "activity" : "cycling",
      "group" : "cycling",
      "manual" : false,
      "startTime" : "20150723T172708+0900",
      "endTime" : "20150723T173352+0900",
      "duration" : 404.0,
      "distance" : 1691.0,
      "calories" : 45,
      "trackPoints" : [ {
        "lat" : 43.0695727673,
        "lon" : 141.344377159,
        "time" : "20150723T172708+0900"
      }, {
        "lat" : 43.0696324098,
        "lon" : 141.3444046867,
        "time" : "20150723T172724+0900"
      }, {
        "lat" : 43.0696730727,
        "lon" : 141.3443612156,
        "time" : "20150723T172747+0900"
      }, {
        "lat" : 43.0697256884,
        "lon" : 141.3443518194,
        "time" : "20150723T172808+0900"
      }, {
        "lat" : 43.0697726257,
        "lon" : 141.3443383255,
        "time" : "20150723T172825+0900"
      }, {
        "lat" : 43.0703545957,
        "lon" : 141.3439142563,
        "time" : "20150723T172851+0900"
      }, {
        "lat" : 43.0709052141,
        "lon" : 141.3434876294,
        "time" : "20150723T172910+0900"
      }, {
        "lat" : 43.0718729903,
        "lon" : 141.3430747981,
        "time" : "20150723T172932+0900"
      }, {
        "lat" : 43.0726279499,
        "lon" : 141.3427364787,
        "time" : "20150723T172947+0900"
      }, {
        "lat" : 43.0731843347,
        "lon" : 141.342551,
        "time" : "20150723T173002+0900"
      }, {
        "lat" : 43.0755101095,
        "lon" : 141.3420810506,
        "time" : "20150723T173036+0900"
      }, {
        "lat" : 43.0764259701,
        "lon" : 141.3417736309,
        "time" : "20150723T173057+0900"
      }, {
        "lat" : 43.077326525,
        "lon" : 141.3414530497,
        "time" : "20150723T173115+0900"
      }, {
        "lat" : 43.0782621743,
        "lon" : 141.3412258775,
        "time" : "20150723T173137+0900"
      }, {
        "lat" : 43.0792326333,
        "lon" : 141.3409250864,
        "time" : "20150723T173157+0900"
      }, {
        "lat" : 43.0803609172,
        "lon" : 141.341147797,
        "time" : "20150723T173223+0900"
      }, {
        "lat" : 43.0810007269,
        "lon" : 141.3419551675,
        "time" : "20150723T173247+0900"
      }, {
        "lat" : 43.0810857756,
        "lon" : 141.342565671,
        "time" : "20150723T173311+0900"
      }, {
        "lat" : 43.081144705,
        "lon" : 141.34330837,
        "time" : "20150723T173336+0900"
      }, {
        "lat" : 43.0812267223,
        "lon" : 141.3439522108,
        "time" : "20150723T173352+0900"
      } ]
    }, {
      "activity" : "transport",
      "group" : "transport",
      "manual" : false,
      "startTime" : "20150723T173352+0900",
      "endTime" : "20150723T173909+0900",
      "duration" : 317.0,
      "distance" : 497.0,
      "trackPoints" : [ {
        "lat" : 43.0812267223,
        "lon" : 141.3439522108,
        "time" : "20150723T173352+0900"
      }, {
        "lat" : 43.0814087085,
        "lon" : 141.3447809463,
        "time" : "20150723T173408+0900"
      }, {
        "lat" : 43.0820246095,
        "lon" : 141.3449897498,
        "time" : "20150723T173428+0900"
      }, {
        "lat" : 43.0819463772,
        "lon" : 141.3451229336,
        "time" : "20150723T173443+0900"
      }, {
        "lat" : 43.0819109167,
        "lon" : 141.3451098389,
        "time" : "20150723T173503+0900"
      }, {
        "lat" : 43.0820095518,
        "lon" : 141.3451781064,
        "time" : "20150723T173524+0900"
      }, {
        "lat" : 43.0820954954,
        "lon" : 141.3451546773,
        "time" : "20150723T173600+0900"
      }, {
        "lat" : 43.0820847759,
        "lon" : 141.3450494251,
        "time" : "20150723T173623+0900"
      }, {
        "lat" : 43.0820956039,
        "lon" : 141.3450429947,
        "time" : "20150723T173646+0900"
      }, {
        "lat" : 43.0822527121,
        "lon" : 141.3450945524,
        "time" : "20150723T173721+0900"
      }, {
        "lat" : 43.0827274301,
        "lon" : 141.3452186687,
        "time" : "20150723T173741+0900"
      }, {
        "lat" : 43.0829437593,
        "lon" : 141.3449279376,
        "time" : "20150723T173812+0900"
      }, {
        "lat" : 43.0834432642,
        "lon" : 141.3446451116,
        "time" : "20150723T173828+0900"
      }, {
        "lat" : 43.0839669583,
        "lon" : 141.3445681918,
        "time" : "20150723T173843+0900"
      }, {
        "lat" : 43.0843685253,
        "lon" : 141.345080654,
        "time" : "20150723T173909+0900"
      } ]
    } ],
    "lastUpdate" : "20150723T095107Z"
  }, {
    "type" : "place",
    "startTime" : "20150723T173909+0900",
    "endTime" : "20150724T083738+0900",
    "place" : {
      "id" : 141435006,
      "type" : "unknown",
      "location" : {
        "lat" : 43.0843685253,
        "lon" : 141.345080654
      }
    },
    "activities" : [ {
      "activity" : "walking",
      "group" : "walking",
      "manual" : false,
      "startTime" : "20150723T173909+0900",
      "endTime" : "20150723T173923+0900",
      "duration" : 14.0,
      "distance" : 7.0,
      "steps" : 14,
      "calories" : 0,
      "trackPoints" : [ ]
    } ],
    "lastUpdate" : "20150724T024826Z"
  } ],
  "caloriesIdle" : 1706,
  "lastUpdate" : "20150724T024826Z"
} ]