[ {
  "date" : "20150911",
  "summary" : [ {
    "activity" : "walking",
    "group" : "walking",
    "duration" : 30.0,
    "distance" : 15.0,
    "steps" : 30,
    "calories" : 1
  } ],
  "segments" : [ {
    "type" : "place",
    "startTime" : "20150910T221558+0900",
    "endTime" : "20150911T225946+0900",
    "place" : {
      "id" : 98345442,
      "type" : "unknown",
      "location" : {
        "lat" : 35.7168392789,
        "lon" : 139.7283806079
      }
    },
    "activities" : [ {
      "activity" : "walking",
      "group" : "walking",
      "manual" : false,
      "startTime" : "20150911T105417+0900",
      "endTime" : "20150911T105447+0900",
      "duration" : 30.0,
      "distance" : 15.0,
      "steps" : 30,
      "calories" : 1,
      "trackPoints" : [ ]
    } ],
    "lastUpdate" : "20150912T144442Z"
  }, {
    "type" : "place",
    "startTime" : "20150911T225946+0900",
    "endTime" : "20150913T133120+0900",
    "place" : {
      "id" : 98345442,
      "type" : "unknown",
      "location" : {
        "lat" : 35.7168392789,
        "lon" : 139.7283806079
      }
    },
    "lastUpdate" : "20150913T093253Z"
  } ],
  "caloriesIdle" : 1706,
  "lastUpdate" : "20150913T093253Z"
} ]