[ {
  "date" : "20171220",
  "summary" : [ {
    "activity" : "walking",
    "group" : "walking",
    "duration" : 3485.0,
    "distance" : 3529.0,
    "steps" : 5502,
    "calories" : 196
  } ],
  "segments" : [ {
    "type" : "place",
    "startTime" : "20171219T170433+0900",
    "endTime" : "20171220T103427+0900",
    "place" : {
      "id" : 174606785,
      "type" : "unknown",
      "location" : {
        "lat" : 43.0842510763,
        "lon" : 141.3447211729
      }
    },
    "activities" : [ {
      "activity" : "walking",
      "group" : "walking",
      "manual" : false,
      "startTime" : "20171220T103317+0900",
      "endTime" : "20171220T104349+0900",
      "duration" : 632.0,
      "distance" : 632.0,
      "steps" : 843,
      "calories" : 35,
      "trackPoints" : [ ]
    } ],
    "lastUpdate" : "20171220T022859Z"
  }, {
    "type" : "move",
    "startTime" : "20171220T103427+0900",
    "endTime" : "20171220T104630+0900",
    "activities" : [ {
      "activity" : "walking",
      "group" : "walking",
      "manual" : false,
      "startTime" : "20171220T103427+0900",
      "endTime" : "20171220T104630+0900",
      "duration" : 723.0,
      "distance" : 1003.0,
      "steps" : 1378,
      "calories" : 56,
      "trackPoints" : [ {
        "lat" : 43.084251,
        "lon" : 141.34472,
        "time" : "20171220T103427+0900"
      }, {
        "lat" : 43.081474,
        "lon" : 141.34467,
        "time" : "20171220T103905+0900"
      }, {
        "lat" : 43.08149,
        "lon" : 141.34427,
        "time" : "20171220T103921+0900"
      }, {
        "lat" : 43.081413,
        "lon" : 141.34393,
        "time" : "20171220T103937+0900"
      }, {
        "lat" : 43.081343,
        "lon" : 141.34371,
        "time" : "20171220T103953+0900"
      }, {
        "lat" : 43.081271,
        "lon" : 141.34356,
        "time" : "20171220T104011+0900"
      }, {
        "lat" : 43.080709,
        "lon" : 141.3429,
        "time" : "20171220T104245+0900"
      }, {
        "lat" : 43.077969,
        "lon" : 141.34018,
        "time" : "20171220T104555+0900"
      }, {
        "lat" : 43.077948,
        "lon" : 141.34012,
        "time" : "20171220T104614+0900"
      }, {
        "lat" : 43.077974,
        "lon" : 141.33987,
        "time" : "20171220T104630+0900"
      } ]
    } ],
    "lastUpdate" : "20171220T022859Z"
  }, {
    "type" : "move",
    "startTime" : "20171220T104630+0900",
    "endTime" : "20171220T104812+0900",
    "activities" : [ {
      "activity" : "walking",
      "group" : "walking",
      "manual" : false,
      "startTime" : "20171220T104630+0900",
      "endTime" : "20171220T104811+0900",
      "duration" : 101.0,
      "distance" : 97.0,
      "steps" : 195,
      "calories" : 5,
      "trackPoints" : [ {
        "lat" : 43.077859,
        "lon" : 141.34004,
        "time" : "20171220T104630+0900"
      }, {
        "lat" : 43.077408,
        "lon" : 141.33975,
        "time" : "20171220T104812+0900"
      } ]
    } ],
    "lastUpdate" : "20171220T040355Z"
  }, {
    "type" : "place",
    "startTime" : "20171220T104812+0900",
    "endTime" : "20171220T121938+0900",
    "place" : {
      "id" : 291137617,
      "type" : "unknown",
      "location" : {
        "lat" : 43.077408,
        "lon" : 141.33975
      }
    },
    "activities" : [ {
      "activity" : "walking",
      "group" : "walking",
      "manual" : false,
      "startTime" : "20171220T104812+0900",
      "endTime" : "20171220T105011+0900",
      "duration" : 119.0,
      "distance" : 97.0,
      "steps" : 194,
      "calories" : 5,
      "trackPoints" : [ ]
    }, {
      "activity" : "walking",
      "group" : "walking",
      "manual" : false,
      "startTime" : "20171220T120408+0900",
      "endTime" : "20171220T120822+0900",
      "duration" : 254.0,
      "distance" : 300.0,
      "steps" : 401,
      "calories" : 17,
      "trackPoints" : [ ]
    } ],
    "lastUpdate" : "20171220T040355Z"
  }, {
    "type" : "place",
    "startTime" : "20171220T121939+0900",
    "endTime" : "20171220T181208+0900",
    "place" : {
      "id" : 245014239,
      "type" : "unknown",
      "location" : {
        "lat" : 43.076271,
        "lon" : 141.33948
      }
    },
    "activities" : [ {
      "activity" : "walking",
      "group" : "walking",
      "manual" : false,
      "startTime" : "20171220T125333+0900",
      "endTime" : "20171220T125756+0900",
      "duration" : 263.0,
      "distance" : 314.0,
      "steps" : 419,
      "calories" : 17,
      "trackPoints" : [ ]
    }, {
      "activity" : "walking",
      "group" : "walking",
      "manual" : false,
      "startTime" : "20171220T153741+0900",
      "endTime" : "20171220T153846+0900",
      "duration" : 65.0,
      "distance" : 43.0,
      "steps" : 87,
      "calories" : 2,
      "trackPoints" : [ ]
    }, {
      "activity" : "walking",
      "group" : "walking",
      "manual" : false,
      "startTime" : "20171220T181100+0900",
      "endTime" : "20171220T181132+0900",
      "duration" : 32.0,
      "distance" : 21.0,
      "steps" : 43,
      "calories" : 1,
      "trackPoints" : [ ]
    } ],
    "lastUpdate" : "20171220T101344Z"
  }, {
    "type" : "move",
    "startTime" : "20171220T181208+0900",
    "endTime" : "20171220T181859+0900",
    "activities" : [ {
      "activity" : "walking",
      "group" : "walking",
      "manual" : false,
      "startTime" : "20171220T181208+0900",
      "endTime" : "20171220T181859+0900",
      "duration" : 411.0,
      "distance" : 296.0,
      "steps" : 538,
      "calories" : 16,
      "trackPoints" : [ {
        "lat" : 43.076271,
        "lon" : 141.33948,
        "time" : "20171220T181208+0900"
      }, {
        "lat" : 43.076363,
        "lon" : 141.33966,
        "time" : "20171220T181254+0900"
      }, {
        "lat" : 43.07656,
        "lon" : 141.33987,
        "time" : "20171220T181327+0900"
      }, {
        "lat" : 43.07817,
        "lon" : 141.34015,
        "time" : "20171220T181625+0900"
      }, {
        "lat" : 43.078213,
        "lon" : 141.34013,
        "time" : "20171220T181645+0900"
      }, {
        "lat" : 43.078183,
        "lon" : 141.34011,
        "time" : "20171220T181700+0900"
      }, {
        "lat" : 43.078401,
        "lon" : 141.34013,
        "time" : "20171220T181859+0900"
      } ]
    } ],
    "lastUpdate" : "20171220T101344Z"
  }, {
    "type" : "place",
    "startTime" : "20171220T181900+0900",
    "endTime" : "20171220T192333+0900",
    "place" : {
      "id" : 141367536,
      "type" : "unknown",
      "location" : {
        "lat" : 43.0784012398,
        "lon" : 141.340132137
      }
    },
    "activities" : [ {
      "activity" : "walking",
      "group" : "walking",
      "manual" : false,
      "startTime" : "20171220T190601+0900",
      "endTime" : "20171220T190716+0900",
      "duration" : 75.0,
      "distance" : 50.0,
      "steps" : 100,
      "calories" : 3,
      "trackPoints" : [ ]
    } ],
    "lastUpdate" : "20171221T000636Z"
  }, {
    "type" : "move",
    "startTime" : "20171220T192333+0900",
    "endTime" : "20171220T193702+0900",
    "activities" : [ {
      "activity" : "walking",
      "group" : "walking",
      "manual" : false,
      "startTime" : "20171220T192333+0900",
      "endTime" : "20171220T193702+0900",
      "duration" : 809.0,
      "distance" : 675.0,
      "steps" : 1302,
      "calories" : 37,
      "trackPoints" : [ {
        "lat" : 43.078401,
        "lon" : 141.34013,
        "time" : "20171220T192333+0900"
      }, {
        "lat" : 43.07836,
        "lon" : 141.34033,
        "time" : "20171220T192349+0900"
      }, {
        "lat" : 43.078509,
        "lon" : 141.3403,
        "time" : "20171220T192418+0900"
      }, {
        "lat" : 43.078598,
        "lon" : 141.34038,
        "time" : "20171220T192433+0900"
      }, {
        "lat" : 43.078749,
        "lon" : 141.34125,
        "time" : "20171220T192604+0900"
      }, {
        "lat" : 43.078839,
        "lon" : 141.34177,
        "time" : "20171220T192659+0900"
      }, {
        "lat" : 43.079004,
        "lon" : 141.34272,
        "time" : "20171220T192840+0900"
      }, {
        "lat" : 43.079124,
        "lon" : 141.34376,
        "time" : "20171220T193029+0900"
      }, {
        "lat" : 43.079135,
        "lon" : 141.34412,
        "time" : "20171220T193050+0900"
      }, {
        "lat" : 43.079093,
        "lon" : 141.3444,
        "time" : "20171220T193110+0900"
      }, {
        "lat" : 43.079041,
        "lon" : 141.34443,
        "time" : "20171220T193126+0900"
      }, {
        "lat" : 43.078619,
        "lon" : 141.345,
        "time" : "20171220T193232+0900"
      }, {
        "lat" : 43.078298,
        "lon" : 141.34544,
        "time" : "20171220T193324+0900"
      }, {
        "lat" : 43.077962,
        "lon" : 141.34599,
        "time" : "20171220T193426+0900"
      }, {
        "lat" : 43.078082,
        "lon" : 141.34627,
        "time" : "20171220T193448+0900"
      }, {
        "lat" : 43.07803,
        "lon" : 141.34648,
        "time" : "20171220T193702+0900"
      } ]
    } ],
    "lastUpdate" : "20171221T000636Z"
  }, {
    "type" : "place",
    "startTime" : "20171220T193703+0900",
    "endTime" : "20171221T085948+0900",
    "place" : {
      "id" : 153148821,
      "type" : "unknown",
      "location" : {
        "lat" : 43.0780301711,
        "lon" : 141.346475311
      }
    },
    "activities" : [ {
      "activity" : "walking",
      "group" : "walking",
      "manual" : false,
      "startTime" : "20171220T193703+0900",
      "endTime" : "20171220T193704+0900",
      "duration" : 1.0,
      "distance" : 1.0,
      "steps" : 2,
      "calories" : 0,
      "trackPoints" : [ ]
    } ],
    "lastUpdate" : "20171221T014054Z"
  } ],
  "caloriesIdle" : 1596,
  "lastUpdate" : "20171221T014054Z"
} ]