[ {
  "date" : "20180610",
  "summary" : [ {
    "activity" : "walking",
    "group" : "walking",
    "duration" : 54.0,
    "distance" : 41.0,
    "steps" : 82,
    "calories" : 2
  } ],
  "segments" : [ {
    "type" : "place",
    "startTime" : "20180610T203410+0900",
    "endTime" : "20180611T143125+0900",
    "place" : {
      "id" : 152143834,
      "type" : "unknown",
      "location" : {
        "lat" : 43.0846321394,
        "lon" : 141.3451669726
      }
    },
    "activities" : [ {
      "activity" : "walking",
      "group" : "walking",
      "manual" : false,
      "startTime" : "20180610T203410+0900",
      "endTime" : "20180610T203504+0900",
      "duration" : 54.0,
      "distance" : 41.0,
      "steps" : 82,
      "calories" : 2,
      "trackPoints" : [ ]
    } ],
    "lastUpdate" : "20180611T070245Z"
  } ],
  "caloriesIdle" : 1591,
  "lastUpdate" : "20180611T070245Z"
} ]