[ {
  "date" : "20141205",
  "summary" : [ {
    "activity" : "walking",
    "group" : "walking",
    "duration" : 2768.0,
    "distance" : 3803.0,
    "steps" : 5126,
    "calories" : 226
  }, {
    "activity" : "transport",
    "group" : "transport",
    "duration" : 9460.0,
    "distance" : 113714.0
  } ],
  "segments" : [ {
    "type" : "place",
    "startTime" : "20141204T200001+0900",
    "endTime" : "20141205T114126+0900",
    "place" : {
      "id" : 104196451,
      "type" : "unknown",
      "location" : {
        "lat" : 35.7153167138,
        "lon" : 139.7265351078
      }
    },
    "lastUpdate" : "20141205T065419Z"
  }, {
    "type" : "move",
    "startTime" : "20141205T114126+0900",
    "endTime" : "20141205T124221+0900",
    "activities" : [ {
      "activity" : "walking",
      "group" : "walking",
      "manual" : false,
      "startTime" : "20141205T114126+0900",
      "endTime" : "20141205T114701+0900",
      "duration" : 335.0,
      "distance" : 553.0,
      "steps" : 545,
      "calories" : 33,
      "trackPoints" : [ {
        "lat" : 35.7153167138,
        "lon" : 139.7265351078,
        "time" : "20141205T114126+0900"
      }, {
        "lat" : 35.7169049663,
        "lon" : 139.7283651876,
        "time" : "20141205T114145+0900"
      }, {
        "lat" : 35.716681692,
        "lon" : 139.7284555142,
        "time" : "20141205T114217+0900"
      }, {
        "lat" : 35.7169702689,
        "lon" : 139.7284768466,
        "time" : "20141205T114257+0900"
      }, {
        "lat" : 35.7171553207,
        "lon" : 139.7283526349,
        "time" : "20141205T114320+0900"
      }, {
        "lat" : 35.7175988111,
        "lon" : 139.7280981187,
        "time" : "20141205T114346+0900"
      }, {
        "lat" : 35.7177941575,
        "lon" : 139.7280433949,
        "time" : "20141205T114407+0900"
      }, {
        "lat" : 35.7178767253,
        "lon" : 139.7280582912,
        "time" : "20141205T114429+0900"
      }, {
        "lat" : 35.7178356624,
        "lon" : 139.7281398283,
        "time" : "20141205T114457+0900"
      }, {
        "lat" : 35.7170723824,
        "lon" : 139.7288670853,
        "time" : "20141205T114700+0900"
      } ]
    }, {
      "activity" : "transport",
      "group" : "transport",
      "manual" : false,
      "startTime" : "20141205T114700+0900",
      "endTime" : "20141205T115232+0900",
      "duration" : 332.0,
      "distance" : 2486.0,
      "trackPoints" : [ {
        "lat" : 35.7170723824,
        "lon" : 139.7288670853,
        "time" : "20141205T114700+0900"
      }, {
        "lat" : 35.7016939226,
        "lon" : 139.7435197609,
        "time" : "20141205T115232+0900"
      } ]
    }, {
      "activity" : "walking",
      "group" : "walking",
      "manual" : false,
      "startTime" : "20141205T115232+0900",
      "endTime" : "20141205T115502+0900",
      "duration" : 150.0,
      "distance" : 217.0,
      "steps" : 344,
      "calories" : 13,
      "trackPoints" : [ {
        "lat" : 35.7016939226,
        "lon" : 139.7435197609,
        "time" : "20141205T115232+0900"
      }, {
        "lat" : 35.7016002327,
        "lon" : 139.7436090291,
        "time" : "20141205T115248+0900"
      }, {
        "lat" : 35.7018797916,
        "lon" : 139.7439874639,
        "time" : "20141205T115305+0900"
      }, {
        "lat" : 35.7021520988,
        "lon" : 139.7443058245,
        "time" : "20141205T115332+0900"
      }, {
        "lat" : 35.7021900369,
        "lon" : 139.744521287,
        "time" : "20141205T115353+0900"
      }, {
        "lat" : 35.7020768904,
        "lon" : 139.7451310912,
        "time" : "20141205T115419+0900"
      }, {
        "lat" : 35.7020133876,
        "lon" : 139.7454386043,
        "time" : "20141205T115443+0900"
      }, {
        "lat" : 35.7020231331,
        "lon" : 139.7454285162,
        "time" : "20141205T115503+0900"
      } ]
    }, {
      "activity" : "transport",
      "group" : "transport",
      "manual" : false,
      "startTime" : "20141205T115503+0900",
      "endTime" : "20141205T120704+0900",
      "duration" : 721.0,
      "distance" : 3186.0,
      "trackPoints" : [ {
        "lat" : 35.7020231331,
        "lon" : 139.7454285162,
        "time" : "20141205T115503+0900"
      }, {
        "lat" : 35.7020489071,
        "lon" : 139.7452324471,
        "time" : "20141205T115518+0900"
      }, {
        "lat" : 35.7019250652,
        "lon" : 139.7450118488,
        "time" : "20141205T115536+0900"
      }, {
        "lat" : 35.7018774094,
        "lon" : 139.7449635839,
        "time" : "20141205T115552+0900"
      }, {
        "lat" : 35.7018885216,
        "lon" : 139.7449628554,
        "time" : "20141205T115613+0900"
      }, {
        "lat" : 35.7019037028,
        "lon" : 139.7449611303,
        "time" : "20141205T115636+0900"
      }, {
        "lat" : 35.7019201564,
        "lon" : 139.7449545252,
        "time" : "20141205T115659+0900"
      }, {
        "lat" : 35.7019377476,
        "lon" : 139.7449439481,
        "time" : "20141205T115719+0900"
      }, {
        "lat" : 35.701950433,
        "lon" : 139.7449354745,
        "time" : "20141205T115735+0900"
      }, {
        "lat" : 35.7019735656,
        "lon" : 139.7449178661,
        "time" : "20141205T115800+0900"
      }, {
        "lat" : 35.7020570365,
        "lon" : 139.7448316091,
        "time" : "20141205T115839+0900"
      }, {
        "lat" : 35.7020071281,
        "lon" : 139.7451819388,
        "time" : "20141205T115900+0900"
      }, {
        "lat" : 35.7019914368,
        "lon" : 139.7451557473,
        "time" : "20141205T115918+0900"
      }, {
        "lat" : 35.7019920849,
        "lon" : 139.7451546437,
        "time" : "20141205T115936+0900"
      }, {
        "lat" : 35.7019824249,
        "lon" : 139.7451763219,
        "time" : "20141205T115953+0900"
      }, {
        "lat" : 35.7019759788,
        "lon" : 139.7451876618,
        "time" : "20141205T115959+0900"
      }, {
        "lat" : 35.701975969,
        "lon" : 139.7451876789,
        "time" : "20141205T120000+0900"
      }, {
        "lat" : 35.7019595482,
        "lon" : 139.7452165663,
        "time" : "20141205T120016+0900"
      }, {
        "lat" : 35.7019631373,
        "lon" : 139.7452458457,
        "time" : "20141205T120034+0900"
      }, {
        "lat" : 35.7019321728,
        "lon" : 139.7453322401,
        "time" : "20141205T120052+0900"
      }, {
        "lat" : 35.7020191911,
        "lon" : 139.7458506798,
        "time" : "20141205T120114+0900"
      }, {
        "lat" : 35.7025512125,
        "lon" : 139.7510845239,
        "time" : "20141205T120149+0900"
      }, {
        "lat" : 35.7020792679,
        "lon" : 139.7535417426,
        "time" : "20141205T120211+0900"
      }, {
        "lat" : 35.7022100551,
        "lon" : 139.7546046088,
        "time" : "20141205T120232+0900"
      }, {
        "lat" : 35.7021135186,
        "lon" : 139.7546126676,
        "time" : "20141205T120252+0900"
      }, {
        "lat" : 35.7019551689,
        "lon" : 139.7554447636,
        "time" : "20141205T120312+0900"
      }, {
        "lat" : 35.7017418599,
        "lon" : 139.7602229315,
        "time" : "20141205T120347+0900"
      }, {
        "lat" : 35.6999399011,
        "lon" : 139.7643000083,
        "time" : "20141205T120418+0900"
      }, {
        "lat" : 35.6995690263,
        "lon" : 139.7653972696,
        "time" : "20141205T120445+0900"
      }, {
        "lat" : 35.6995524385,
        "lon" : 139.765438048,
        "time" : "20141205T120501+0900"
      }, {
        "lat" : 35.6995163787,
        "lon" : 139.7655999114,
        "time" : "20141205T120518+0900"
      }, {
        "lat" : 35.6988338661,
        "lon" : 139.7679726494,
        "time" : "20141205T120549+0900"
      }, {
        "lat" : 35.6986150529,
        "lon" : 139.7702690554,
        "time" : "20141205T120605+0900"
      }, {
        "lat" : 35.6984305447,
        "lon" : 139.7731117256,
        "time" : "20141205T120625+0900"
      }, {
        "lat" : 35.698492598,
        "lon" : 139.7737051833,
        "time" : "20141205T120642+0900"
      }, {
        "lat" : 35.6984940131,
        "lon" : 139.7737659546,
        "time" : "20141205T120703+0900"
      } ]
    }, {
      "activity" : "walking",
      "group" : "walking",
      "manual" : false,
      "startTime" : "20141205T120703+0900",
      "endTime" : "20141205T121033+0900",
      "duration" : 210.0,
      "distance" : 265.0,
      "steps" : 474,
      "calories" : 16,
      "trackPoints" : [ {
        "lat" : 35.6984940131,
        "lon" : 139.7737659546,
        "time" : "20141205T120703+0900"
      }, {
        "lat" : 35.6984713222,
        "lon" : 139.7737928851,
        "time" : "20141205T120728+0900"
      }, {
        "lat" : 35.6983269676,
        "lon" : 139.7738588064,
        "time" : "20141205T120754+0900"
      }, {
        "lat" : 35.6983835764,
        "lon" : 139.7738647937,
        "time" : "20141205T120831+0900"
      }, {
        "lat" : 35.6987405427,
        "lon" : 139.7737608751,
        "time" : "20141205T120851+0900"
      }, {
        "lat" : 35.698925802,
        "lon" : 139.7737801989,
        "time" : "20141205T120914+0900"
      }, {
        "lat" : 35.6991352426,
        "lon" : 139.7739721185,
        "time" : "20141205T120938+0900"
      }, {
        "lat" : 35.6999869511,
        "lon" : 139.7748493292,
        "time" : "20141205T121033+0900"
      } ]
    }, {
      "activity" : "transport",
      "group" : "transport",
      "manual" : false,
      "startTime" : "20141205T121033+0900",
      "endTime" : "20141205T124220+0900",
      "duration" : 1907.0,
      "distance" : 27100.0,
      "trackPoints" : [ {
        "lat" : 35.6999869511,
        "lon" : 139.7748493292,
        "time" : "20141205T121033+0900"
      }, {
        "lat" : 35.8329377311,
        "lon" : 139.8990272527,
        "time" : "20141205T123722+0900"
      }, {
        "lat" : 35.8379834376,
        "lon" : 139.903563265,
        "time" : "20141205T123805+0900"
      }, {
        "lat" : 35.8381676328,
        "lon" : 139.9036947005,
        "time" : "20141205T123836+0900"
      }, {
        "lat" : 35.8381401395,
        "lon" : 139.9036716004,
        "time" : "20141205T123900+0900"
      }, {
        "lat" : 35.8382151083,
        "lon" : 139.9037182537,
        "time" : "20141205T123921+0900"
      }, {
        "lat" : 35.8717874224,
        "lon" : 139.9252529392,
        "time" : "20141205T124200+0900"
      }, {
        "lat" : 35.8719529629,
        "lon" : 139.926084324,
        "time" : "20141205T124221+0900"
      } ]
    } ],
    "lastUpdate" : "20141205T065419Z"
  }, {
    "type" : "place",
    "startTime" : "20141205T124221+0900",
    "endTime" : "20141205T124835+0900",
    "place" : {
      "id" : 103245431,
      "type" : "unknown",
      "location" : {
        "lat" : 35.8719529629,
        "lon" : 139.926084324
      }
    },
    "activities" : [ {
      "activity" : "walking",
      "group" : "walking",
      "manual" : false,
      "startTime" : "20141205T124235+0900",
      "endTime" : "20141205T124405+0900",
      "duration" : 90.0,
      "distance" : 101.0,
      "steps" : 203,
      "calories" : 6,
      "trackPoints" : [ ]
    } ],
    "lastUpdate" : "20141205T065419Z"
  }, {
    "type" : "move",
    "startTime" : "20141205T124835+0900",
    "endTime" : "20141205T130437+0900",
    "activities" : [ {
      "activity" : "transport",
      "group" : "transport",
      "manual" : false,
      "startTime" : "20141205T124835+0900",
      "endTime" : "20141205T125606+0900",
      "duration" : 451.0,
      "distance" : 6190.0,
      "trackPoints" : [ {
        "lat" : 35.8719529629,
        "lon" : 139.926084324,
        "time" : "20141205T124835+0900"
      }, {
        "lat" : 35.8720525465,
        "lon" : 139.9258549162,
        "time" : "20141205T124907+0900"
      }, {
        "lat" : 35.8721871319,
        "lon" : 139.9256077649,
        "time" : "20141205T124927+0900"
      }, {
        "lat" : 35.8763850107,
        "lon" : 139.9222769016,
        "time" : "20141205T124959+0900"
      }, {
        "lat" : 35.8801574828,
        "lon" : 139.9199918889,
        "time" : "20141205T125020+0900"
      }, {
        "lat" : 35.8863729625,
        "lon" : 139.9167316657,
        "time" : "20141205T125202+0900"
      }, {
        "lat" : 35.8902250416,
        "lon" : 139.9139535977,
        "time" : "20141205T125223+0900"
      }, {
        "lat" : 35.8987175666,
        "lon" : 139.9098511819,
        "time" : "20141205T125304+0900"
      }, {
        "lat" : 35.89739591,
        "lon" : 139.9103787001,
        "time" : "20141205T125321+0900"
      }, {
        "lat" : 35.8974089826,
        "lon" : 139.9103579596,
        "time" : "20141205T125356+0900"
      }, {
        "lat" : 35.9096479417,
        "lon" : 139.9067736053,
        "time" : "20141205T125515+0900"
      }, {
        "lat" : 35.9135506903,
        "lon" : 139.9061226572,
        "time" : "20141205T125544+0900"
      }, {
        "lat" : 35.9140235514,
        "lon" : 139.9059168798,
        "time" : "20141205T125606+0900"
      } ]
    }, {
      "activity" : "walking",
      "group" : "walking",
      "manual" : false,
      "startTime" : "20141205T125606+0900",
      "endTime" : "20141205T130438+0900",
      "duration" : 512.0,
      "distance" : 712.0,
      "steps" : 987,
      "calories" : 42,
      "trackPoints" : [ {
        "lat" : 35.9140235514,
        "lon" : 139.9059168798,
        "time" : "20141205T125606+0900"
      }, {
        "lat" : 35.9139979113,
        "lon" : 139.9060490427,
        "time" : "20141205T125626+0900"
      }, {
        "lat" : 35.9140858484,
        "lon" : 139.9062276555,
        "time" : "20141205T125720+0900"
      }, {
        "lat" : 35.9143738197,
        "lon" : 139.9060856484,
        "time" : "20141205T125739+0900"
      }, {
        "lat" : 35.9146902821,
        "lon" : 139.906119194,
        "time" : "20141205T125803+0900"
      }, {
        "lat" : 35.9155751111,
        "lon" : 139.9061233703,
        "time" : "20141205T125915+0900"
      }, {
        "lat" : 35.9157767381,
        "lon" : 139.9060567838,
        "time" : "20141205T125931+0900"
      }, {
        "lat" : 35.9161036362,
        "lon" : 139.9060696828,
        "time" : "20141205T125959+0900"
      }, {
        "lat" : 35.9161037505,
        "lon" : 139.9060696873,
        "time" : "20141205T130000+0900"
      }, {
        "lat" : 35.9165927827,
        "lon" : 139.9060889839,
        "time" : "20141205T130042+0900"
      }, {
        "lat" : 35.9167558217,
        "lon" : 139.9060719263,
        "time" : "20141205T130058+0900"
      }, {
        "lat" : 35.916859239,
        "lon" : 139.9064582689,
        "time" : "20141205T130114+0900"
      }, {
        "lat" : 35.9169649026,
        "lon" : 139.9065644278,
        "time" : "20141205T130140+0900"
      }, {
        "lat" : 35.9175852924,
        "lon" : 139.9071289341,
        "time" : "20141205T130225+0900"
      }, {
        "lat" : 35.9175501223,
        "lon" : 139.9074914106,
        "time" : "20141205T130249+0900"
      }, {
        "lat" : 35.9175363071,
        "lon" : 139.9077955215,
        "time" : "20141205T130312+0900"
      }, {
        "lat" : 35.9175738366,
        "lon" : 139.908011233,
        "time" : "20141205T130335+0900"
      }, {
        "lat" : 35.9176830244,
        "lon" : 139.9082571473,
        "time" : "20141205T130358+0900"
      }, {
        "lat" : 35.9179766033,
        "lon" : 139.9083994413,
        "time" : "20141205T130419+0900"
      }, {
        "lat" : 35.917873525,
        "lon" : 139.9090083035,
        "time" : "20141205T130437+0900"
      } ]
    } ],
    "lastUpdate" : "20141205T065419Z"
  }, {
    "type" : "place",
    "startTime" : "20141205T130437+0900",
    "endTime" : "20141205T172152+0900",
    "place" : {
      "id" : 109280694,
      "type" : "unknown",
      "location" : {
        "lat" : 35.9181617411,
        "lon" : 139.9090048253
      }
    },
    "activities" : [ {
      "activity" : "walking",
      "group" : "walking",
      "manual" : false,
      "startTime" : "20141205T130606+0900",
      "endTime" : "20141205T130706+0900",
      "duration" : 60.0,
      "distance" : 56.0,
      "steps" : 112,
      "calories" : 3,
      "trackPoints" : [ ]
    }, {
      "activity" : "walking",
      "group" : "walking",
      "manual" : false,
      "startTime" : "20141205T143236+0900",
      "endTime" : "20141205T143536+0900",
      "duration" : 180.0,
      "distance" : 236.0,
      "steps" : 314,
      "calories" : 14,
      "trackPoints" : [ ]
    } ],
    "lastUpdate" : "20141205T134158Z"
  }, {
    "type" : "move",
    "startTime" : "20141205T172152+0900",
    "endTime" : "20141205T175423+0900",
    "activities" : [ {
      "activity" : "transport",
      "group" : "transport",
      "manual" : false,
      "startTime" : "20141205T172152+0900",
      "endTime" : "20141205T175423+0900",
      "duration" : 1951.0,
      "distance" : 33656.0,
      "trackPoints" : [ {
        "lat" : 35.9181617411,
        "lon" : 139.9090048253,
        "time" : "20141205T172152+0900"
      }, {
        "lat" : 35.6913110976,
        "lon" : 140.0735591589,
        "time" : "20141205T175423+0900"
      } ]
    } ],
    "lastUpdate" : "20141205T134158Z"
  }, {
    "type" : "place",
    "startTime" : "20141205T175423+0900",
    "endTime" : "20141205T195620+0900",
    "place" : {
      "id" : 99571412,
      "type" : "unknown",
      "location" : {
        "lat" : 35.6913110976,
        "lon" : 140.0735591589
      }
    },
    "activities" : [ {
      "activity" : "walking",
      "group" : "walking",
      "manual" : false,
      "startTime" : "20141205T195501+0900",
      "endTime" : "20141205T195531+0900",
      "duration" : 30.0,
      "distance" : 30.0,
      "steps" : 61,
      "calories" : 2,
      "trackPoints" : [ ]
    } ],
    "lastUpdate" : "20141205T134158Z"
  }, {
    "type" : "move",
    "startTime" : "20141205T195620+0900",
    "endTime" : "20141205T211639+0900",
    "activities" : [ {
      "activity" : "transport",
      "group" : "transport",
      "manual" : false,
      "startTime" : "20141205T195620+0900",
      "endTime" : "20141205T202133+0900",
      "duration" : 1513.0,
      "distance" : 10823.0,
      "trackPoints" : [ {
        "lat" : 35.6913110976,
        "lon" : 140.0735591589,
        "time" : "20141205T195620+0900"
      }, {
        "lat" : 35.6901906078,
        "lon" : 140.0721804767,
        "time" : "20141205T195644+0900"
      }, {
        "lat" : 35.6898991546,
        "lon" : 140.0694121905,
        "time" : "20141205T195735+0900"
      }, {
        "lat" : 35.6888342387,
        "lon" : 140.0691524783,
        "time" : "20141205T195756+0900"
      }, {
        "lat" : 35.688230719,
        "lon" : 140.0690831618,
        "time" : "20141205T195827+0900"
      }, {
        "lat" : 35.688230719,
        "lon" : 140.0690831618,
        "time" : "20141205T195853+0900"
      }, {
        "lat" : 35.688230719,
        "lon" : 140.0690831618,
        "time" : "20141205T195927+0900"
      }, {
        "lat" : 35.6873910421,
        "lon" : 140.068965027,
        "time" : "20141205T195958+0900"
      }, {
        "lat" : 35.6873854562,
        "lon" : 140.0689492389,
        "time" : "20141205T195959+0900"
      }, {
        "lat" : 35.6873854101,
        "lon" : 140.0689491086,
        "time" : "20141205T200000+0900"
      }, {
        "lat" : 35.6873061759,
        "lon" : 140.0687251585,
        "time" : "20141205T200017+0900"
      }, {
        "lat" : 35.6873061759,
        "lon" : 140.0687251585,
        "time" : "20141205T200035+0900"
      }, {
        "lat" : 35.6872841469,
        "lon" : 140.0687026459,
        "time" : "20141205T200051+0900"
      }, {
        "lat" : 35.6872605014,
        "lon" : 140.0686753554,
        "time" : "20141205T200107+0900"
      }, {
        "lat" : 35.6872287338,
        "lon" : 140.0686358951,
        "time" : "20141205T200130+0900"
      }, {
        "lat" : 35.6872068751,
        "lon" : 140.0686041097,
        "time" : "20141205T200149+0900"
      }, {
        "lat" : 35.6871865786,
        "lon" : 140.0685641692,
        "time" : "20141205T200214+0900"
      }, {
        "lat" : 35.6871728903,
        "lon" : 140.0685262648,
        "time" : "20141205T200238+0900"
      }, {
        "lat" : 35.6871653451,
        "lon" : 140.0684876137,
        "time" : "20141205T200302+0900"
      }, {
        "lat" : 35.6871658931,
        "lon" : 140.0684433705,
        "time" : "20141205T200328+0900"
      }, {
        "lat" : 35.6871690593,
        "lon" : 140.0684225888,
        "time" : "20141205T200349+0900"
      }, {
        "lat" : 35.6871459431,
        "lon" : 140.0684506771,
        "time" : "20141205T200413+0900"
      }, {
        "lat" : 35.6871112721,
        "lon" : 140.0684747756,
        "time" : "20141205T200446+0900"
      }, {
        "lat" : 35.6870557059,
        "lon" : 140.0685280731,
        "time" : "20141205T200549+0900"
      }, {
        "lat" : 35.6870149314,
        "lon" : 140.0685778838,
        "time" : "20141205T200652+0900"
      }, {
        "lat" : 35.6870028902,
        "lon" : 140.06859426,
        "time" : "20141205T200715+0900"
      }, {
        "lat" : 35.6870028306,
        "lon" : 140.0686193111,
        "time" : "20141205T200733+0900"
      }, {
        "lat" : 35.6868463109,
        "lon" : 140.0674546314,
        "time" : "20141205T200750+0900"
      }, {
        "lat" : 35.686266437,
        "lon" : 140.0636898691,
        "time" : "20141205T200807+0900"
      }, {
        "lat" : 35.6860761489,
        "lon" : 140.0567609893,
        "time" : "20141205T200838+0900"
      }, {
        "lat" : 35.6859760171,
        "lon" : 140.0517992458,
        "time" : "20141205T200855+0900"
      }, {
        "lat" : 35.6860437476,
        "lon" : 140.0487707945,
        "time" : "20141205T200926+0900"
      }, {
        "lat" : 35.6859667788,
        "lon" : 140.047835625,
        "time" : "20141205T200958+0900"
      }, {
        "lat" : 35.6855930609,
        "lon" : 140.0438722149,
        "time" : "20141205T201018+0900"
      }, {
        "lat" : 35.6829203852,
        "lon" : 140.038357204,
        "time" : "20141205T201041+0900"
      }, {
        "lat" : 35.6811434836,
        "lon" : 140.0328703003,
        "time" : "20141205T201104+0900"
      }, {
        "lat" : 35.6808235645,
        "lon" : 140.0309806361,
        "time" : "20141205T201125+0900"
      }, {
        "lat" : 35.6812105067,
        "lon" : 140.0301808837,
        "time" : "20141205T201149+0900"
      }, {
        "lat" : 35.6831011626,
        "lon" : 140.0272183606,
        "time" : "20141205T201237+0900"
      }, {
        "lat" : 35.6835606126,
        "lon" : 140.0250896209,
        "time" : "20141205T201255+0900"
      }, {
        "lat" : 35.6835935778,
        "lon" : 140.0249744235,
        "time" : "20141205T201313+0900"
      }, {
        "lat" : 35.6836286618,
        "lon" : 140.0248500354,
        "time" : "20141205T201330+0900"
      }, {
        "lat" : 35.6836328444,
        "lon" : 140.024848552,
        "time" : "20141205T201356+0900"
      }, {
        "lat" : 35.6837519431,
        "lon" : 140.0244417665,
        "time" : "20141205T201421+0900"
      }, {
        "lat" : 35.684197716,
        "lon" : 140.0216016476,
        "time" : "20141205T201444+0900"
      }, {
        "lat" : 35.6844089725,
        "lon" : 140.017839949,
        "time" : "20141205T201502+0900"
      }, {
        "lat" : 35.6844515487,
        "lon" : 140.0142133969,
        "time" : "20141205T201517+0900"
      }, {
        "lat" : 35.6842969775,
        "lon" : 140.0090493533,
        "time" : "20141205T201542+0900"
      }, {
        "lat" : 35.6851199798,
        "lon" : 140.0075316248,
        "time" : "20141205T201619+0900"
      }, {
        "lat" : 35.6851082489,
        "lon" : 140.00755806,
        "time" : "20141205T201638+0900"
      }, {
        "lat" : 35.6864128307,
        "lon" : 140.0051675598,
        "time" : "20141205T201702+0900"
      }, {
        "lat" : 35.688067615,
        "lon" : 140.0020302019,
        "time" : "20141205T201722+0900"
      }, {
        "lat" : 35.6895377174,
        "lon" : 139.9983880417,
        "time" : "20141205T201749+0900"
      }, {
        "lat" : 35.6895461712,
        "lon" : 139.9982529173,
        "time" : "20141205T201806+0900"
      }, {
        "lat" : 35.6898364168,
        "lon" : 139.99764138,
        "time" : "20141205T201823+0900"
      }, {
        "lat" : 35.6914230258,
        "lon" : 139.9948428475,
        "time" : "20141205T201840+0900"
      }, {
        "lat" : 35.6944940517,
        "lon" : 139.9911973045,
        "time" : "20141205T201949+0900"
      }, {
        "lat" : 35.6988494526,
        "lon" : 139.9916618078,
        "time" : "20141205T202026+0900"
      }, {
        "lat" : 35.7009883771,
        "lon" : 139.9897215277,
        "time" : "20141205T202051+0900"
      }, {
        "lat" : 35.7003422989,
        "lon" : 139.9860281167,
        "time" : "20141205T202110+0900"
      }, {
        "lat" : 35.7003041687,
        "lon" : 139.9858316994,
        "time" : "20141205T202133+0900"
      } ]
    }, {
      "activity" : "walking",
      "group" : "walking",
      "manual" : false,
      "startTime" : "20141205T202133+0900",
      "endTime" : "20141205T202433+0900",
      "duration" : 180.0,
      "distance" : 193.0,
      "steps" : 385,
      "calories" : 11,
      "trackPoints" : [ {
        "lat" : 35.7003041687,
        "lon" : 139.9858316994,
        "time" : "20141205T202133+0900"
      }, {
        "lat" : 35.7004189354,
        "lon" : 139.9857863517,
        "time" : "20141205T202152+0900"
      }, {
        "lat" : 35.7009904804,
        "lon" : 139.9856467363,
        "time" : "20141205T202223+0900"
      }, {
        "lat" : 35.7014254919,
        "lon" : 139.9855108188,
        "time" : "20141205T202310+0900"
      }, {
        "lat" : 35.7015441765,
        "lon" : 139.9854582548,
        "time" : "20141205T202326+0900"
      }, {
        "lat" : 35.7016463948,
        "lon" : 139.9854018349,
        "time" : "20141205T202347+0900"
      }, {
        "lat" : 35.701609286,
        "lon" : 139.9853084431,
        "time" : "20141205T202433+0900"
      } ]
    }, {
      "activity" : "transport",
      "group" : "transport",
      "manual" : false,
      "startTime" : "20141205T202433+0900",
      "endTime" : "20141205T210205+0900",
      "duration" : 2252.0,
      "distance" : 27764.0,
      "trackPoints" : [ {
        "lat" : 35.701609286,
        "lon" : 139.9853084431,
        "time" : "20141205T202433+0900"
      }, {
        "lat" : 35.7015145465,
        "lon" : 139.9850798118,
        "time" : "20141205T202450+0900"
      }, {
        "lat" : 35.701474901,
        "lon" : 139.9850360468,
        "time" : "20141205T202508+0900"
      }, {
        "lat" : 35.7017736907,
        "lon" : 139.9840852876,
        "time" : "20141205T202532+0900"
      }, {
        "lat" : 35.7022189943,
        "lon" : 139.9802162775,
        "time" : "20141205T202552+0900"
      }, {
        "lat" : 35.702045517,
        "lon" : 139.9739163218,
        "time" : "20141205T202614+0900"
      }, {
        "lat" : 35.7030487452,
        "lon" : 139.9687880525,
        "time" : "20141205T202638+0900"
      }, {
        "lat" : 35.7067476779,
        "lon" : 139.9602273145,
        "time" : "20141205T202716+0900"
      }, {
        "lat" : 35.7074636646,
        "lon" : 139.9587664263,
        "time" : "20141205T202736+0900"
      }, {
        "lat" : 35.70750325,
        "lon" : 139.9586240966,
        "time" : "20141205T202800+0900"
      }, {
        "lat" : 35.7077950654,
        "lon" : 139.9585067979,
        "time" : "20141205T202822+0900"
      }, {
        "lat" : 35.7087025608,
        "lon" : 139.9565624872,
        "time" : "20141205T202839+0900"
      }, {
        "lat" : 35.7113364187,
        "lon" : 139.9503442279,
        "time" : "20141205T202908+0900"
      }, {
        "lat" : 35.7153564265,
        "lon" : 139.9401679373,
        "time" : "20141205T203050+0900"
      }, {
        "lat" : 35.7194710079,
        "lon" : 139.9308724831,
        "time" : "20141205T203132+0900"
      }, {
        "lat" : 35.7210023279,
        "lon" : 139.9271568976,
        "time" : "20141205T203204+0900"
      }, {
        "lat" : 35.7210503374,
        "lon" : 139.9273195309,
        "time" : "20141205T203221+0900"
      }, {
        "lat" : 35.7210199124,
        "lon" : 139.9268553986,
        "time" : "20141205T203240+0900"
      }, {
        "lat" : 35.7224809393,
        "lon" : 139.923828341,
        "time" : "20141205T203304+0900"
      }, {
        "lat" : 35.7265010461,
        "lon" : 139.9140255821,
        "time" : "20141205T203345+0900"
      }, {
        "lat" : 35.7286805423,
        "lon" : 139.9085091939,
        "time" : "20141205T203416+0900"
      }, {
        "lat" : 35.7289717128,
        "lon" : 139.9078745018,
        "time" : "20141205T203447+0900"
      }, {
        "lat" : 35.7289860462,
        "lon" : 139.9078253181,
        "time" : "20141205T203503+0900"
      }, {
        "lat" : 35.7289906177,
        "lon" : 139.9078120551,
        "time" : "20141205T203526+0900"
      }, {
        "lat" : 35.7289887378,
        "lon" : 139.9078144982,
        "time" : "20141205T203546+0900"
      }, {
        "lat" : 35.7300682277,
        "lon" : 139.9053675664,
        "time" : "20141205T203612+0900"
      }, {
        "lat" : 35.7322642959,
        "lon" : 139.8997459775,
        "time" : "20141205T203637+0900"
      }, {
        "lat" : 35.7340049614,
        "lon" : 139.8954543539,
        "time" : "20141205T203653+0900"
      }, {
        "lat" : 35.7355535601,
        "lon" : 139.8918697677,
        "time" : "20141205T203712+0900"
      }, {
        "lat" : 35.7354640136,
        "lon" : 139.8861029125,
        "time" : "20141205T203732+0900"
      }, {
        "lat" : 35.7345044201,
        "lon" : 139.8837464947,
        "time" : "20141205T203747+0900"
      }, {
        "lat" : 35.7333788336,
        "lon" : 139.8822210342,
        "time" : "20141205T203808+0900"
      }, {
        "lat" : 35.7332586578,
        "lon" : 139.8819287317,
        "time" : "20141205T203844+0900"
      }, {
        "lat" : 35.7319977708,
        "lon" : 139.8799054158,
        "time" : "20141205T203904+0900"
      }, {
        "lat" : 35.7265870248,
        "lon" : 139.8724504884,
        "time" : "20141205T203938+0900"
      }, {
        "lat" : 35.7238929447,
        "lon" : 139.868434632,
        "time" : "20141205T203956+0900"
      }, {
        "lat" : 35.7209325878,
        "lon" : 139.8645666184,
        "time" : "20141205T204016+0900"
      }, {
        "lat" : 35.7188219284,
        "lon" : 139.8613892069,
        "time" : "20141205T204031+0900"
      }, {
        "lat" : 35.7170741929,
        "lon" : 139.8587247902,
        "time" : "20141205T204054+0900"
      }, {
        "lat" : 35.7167103873,
        "lon" : 139.8579258984,
        "time" : "20141205T204132+0900"
      }, {
        "lat" : 35.7160839353,
        "lon" : 139.85669851,
        "time" : "20141205T204154+0900"
      }, {
        "lat" : 35.7086503543,
        "lon" : 139.84593231,
        "time" : "20141205T204251+0900"
      }, {
        "lat" : 35.7061305357,
        "lon" : 139.8423636314,
        "time" : "20141205T204320+0900"
      }, {
        "lat" : 35.7061445582,
        "lon" : 139.8423685758,
        "time" : "20141205T204339+0900"
      }, {
        "lat" : 35.7061226819,
        "lon" : 139.8423403902,
        "time" : "20141205T204356+0900"
      }, {
        "lat" : 35.7045432044,
        "lon" : 139.8400787917,
        "time" : "20141205T204417+0900"
      }, {
        "lat" : 35.7015136018,
        "lon" : 139.8378997677,
        "time" : "20141205T204437+0900"
      }, {
        "lat" : 35.6985052208,
        "lon" : 139.835073151,
        "time" : "20141205T204502+0900"
      }, {
        "lat" : 35.6975334155,
        "lon" : 139.8284574744,
        "time" : "20141205T204524+0900"
      }, {
        "lat" : 35.6973768207,
        "lon" : 139.8266587488,
        "time" : "20141205T204540+0900"
      }, {
        "lat" : 35.6973811475,
        "lon" : 139.8265793575,
        "time" : "20141205T204603+0900"
      }, {
        "lat" : 35.6973920916,
        "lon" : 139.8255388221,
        "time" : "20141205T204633+0900"
      }, {
        "lat" : 35.6970652396,
        "lon" : 139.8209477681,
        "time" : "20141205T204656+0900"
      }, {
        "lat" : 35.6966875724,
        "lon" : 139.8171824369,
        "time" : "20141205T204718+0900"
      }, {
        "lat" : 35.6968077515,
        "lon" : 139.8143447724,
        "time" : "20141205T204733+0900"
      }, {
        "lat" : 35.696801945,
        "lon" : 139.8141124308,
        "time" : "20141205T204756+0900"
      }, {
        "lat" : 35.6967796893,
        "lon" : 139.8139631869,
        "time" : "20141205T204824+0900"
      }, {
        "lat" : 35.6967164302,
        "lon" : 139.8131009196,
        "time" : "20141205T204906+0900"
      }, {
        "lat" : 35.696392437,
        "lon" : 139.8108976287,
        "time" : "20141205T204924+0900"
      }, {
        "lat" : 35.6962013523,
        "lon" : 139.804512108,
        "time" : "20141205T204950+0900"
      }, {
        "lat" : 35.6960681388,
        "lon" : 139.8000855994,
        "time" : "20141205T205013+0900"
      }, {
        "lat" : 35.6956994414,
        "lon" : 139.7942951295,
        "time" : "20141205T205042+0900"
      }, {
        "lat" : 35.6957755053,
        "lon" : 139.7933113536,
        "time" : "20141205T205058+0900"
      }, {
        "lat" : 35.6957626904,
        "lon" : 139.7932335378,
        "time" : "20141205T205120+0900"
      }, {
        "lat" : 35.6957620105,
        "lon" : 139.7927998297,
        "time" : "20141205T205140+0900"
      }, {
        "lat" : 35.6965678985,
        "lon" : 139.789552025,
        "time" : "20141205T205205+0900"
      }, {
        "lat" : 35.69742618,
        "lon" : 139.7858179997,
        "time" : "20141205T205223+0900"
      }, {
        "lat" : 35.6974817676,
        "lon" : 139.7842175028,
        "time" : "20141205T205252+0900"
      }, {
        "lat" : 35.6974752041,
        "lon" : 139.7842129055,
        "time" : "20141205T205312+0900"
      }, {
        "lat" : 35.6978230904,
        "lon" : 139.7796752619,
        "time" : "20141205T205358+0900"
      }, {
        "lat" : 35.6979495218,
        "lon" : 139.7755224853,
        "time" : "20141205T205416+0900"
      }, {
        "lat" : 35.6982954847,
        "lon" : 139.7731724935,
        "time" : "20141205T205445+0900"
      }, {
        "lat" : 35.6984040528,
        "lon" : 139.7731099295,
        "time" : "20141205T205502+0900"
      }, {
        "lat" : 35.6983927847,
        "lon" : 139.7730268126,
        "time" : "20141205T205522+0900"
      }, {
        "lat" : 35.6985017426,
        "lon" : 139.7716012613,
        "time" : "20141205T205545+0900"
      }, {
        "lat" : 35.6993787563,
        "lon" : 139.7662000383,
        "time" : "20141205T205618+0900"
      }, {
        "lat" : 35.6996535321,
        "lon" : 139.7649816124,
        "time" : "20141205T205653+0900"
      }, {
        "lat" : 35.6996635601,
        "lon" : 139.7649524277,
        "time" : "20141205T205720+0900"
      }, {
        "lat" : 35.6996544138,
        "lon" : 139.7649770728,
        "time" : "20141205T205755+0900"
      }, {
        "lat" : 35.7004395225,
        "lon" : 139.7632329998,
        "time" : "20141205T205820+0900"
      }, {
        "lat" : 35.7019401624,
        "lon" : 139.7584962175,
        "time" : "20141205T205848+0900"
      }, {
        "lat" : 35.7017236978,
        "lon" : 139.7566050688,
        "time" : "20141205T205905+0900"
      }, {
        "lat" : 35.7019433256,
        "lon" : 139.7548383667,
        "time" : "20141205T205923+0900"
      }, {
        "lat" : 35.7019989932,
        "lon" : 139.754209902,
        "time" : "20141205T205955+0900"
      }, {
        "lat" : 35.7020008393,
        "lon" : 139.7541780321,
        "time" : "20141205T205959+0900"
      }, {
        "lat" : 35.7020008435,
        "lon" : 139.7541779589,
        "time" : "20141205T210000+0900"
      }, {
        "lat" : 35.7020097209,
        "lon" : 139.7540247084,
        "time" : "20141205T210020+0900"
      }, {
        "lat" : 35.7020242489,
        "lon" : 139.7536250859,
        "time" : "20141205T210049+0900"
      }, {
        "lat" : 35.7020895608,
        "lon" : 139.7524237841,
        "time" : "20141205T210113+0900"
      }, {
        "lat" : 35.7023724811,
        "lon" : 139.7477179817,
        "time" : "20141205T210140+0900"
      }, {
        "lat" : 35.7016878781,
        "lon" : 139.7451959042,
        "time" : "20141205T210205+0900"
      } ]
    }, {
      "activity" : "walking",
      "group" : "walking",
      "manual" : false,
      "startTime" : "20141205T210205+0900",
      "endTime" : "20141205T210635+0900",
      "duration" : 270.0,
      "distance" : 330.0,
      "steps" : 656,
      "calories" : 20,
      "trackPoints" : [ {
        "lat" : 35.7016878781,
        "lon" : 139.7451959042,
        "time" : "20141205T210205+0900"
      }, {
        "lat" : 35.7016538674,
        "lon" : 139.7452822623,
        "time" : "20141205T210221+0900"
      }, {
        "lat" : 35.7018902645,
        "lon" : 139.7451004019,
        "time" : "20141205T210236+0900"
      }, {
        "lat" : 35.7020221888,
        "lon" : 139.7452507464,
        "time" : "20141205T210255+0900"
      }, {
        "lat" : 35.7020129801,
        "lon" : 139.7454535517,
        "time" : "20141205T210318+0900"
      }, {
        "lat" : 35.7020238213,
        "lon" : 139.7454580733,
        "time" : "20141205T210337+0900"
      }, {
        "lat" : 35.7021187113,
        "lon" : 139.7451007274,
        "time" : "20141205T210357+0900"
      }, {
        "lat" : 35.7022447373,
        "lon" : 139.7445475258,
        "time" : "20141205T210423+0900"
      }, {
        "lat" : 35.7022728462,
        "lon" : 139.7443926582,
        "time" : "20141205T210441+0900"
      }, {
        "lat" : 35.7022504973,
        "lon" : 139.7442909276,
        "time" : "20141205T210504+0900"
      }, {
        "lat" : 35.7021651095,
        "lon" : 139.7441146577,
        "time" : "20141205T210526+0900"
      }, {
        "lat" : 35.7020133727,
        "lon" : 139.7438406469,
        "time" : "20141205T210544+0900"
      }, {
        "lat" : 35.7017950909,
        "lon" : 139.7433800637,
        "time" : "20141205T210600+0900"
      }, {
        "lat" : 35.7020143647,
        "lon" : 139.7431708194,
        "time" : "20141205T210635+0900"
      } ]
    }, {
      "activity" : "transport",
      "group" : "transport",
      "manual" : false,
      "startTime" : "20141205T210635+0900",
      "endTime" : "20141205T211208+0900",
      "duration" : 333.0,
      "distance" : 2509.0,
      "trackPoints" : [ {
        "lat" : 35.7020143647,
        "lon" : 139.7431708194,
        "time" : "20141205T210635+0900"
      }, {
        "lat" : 35.7175223644,
        "lon" : 139.7283721476,
        "time" : "20141205T211208+0900"
      } ]
    }, {
      "activity" : "walking",
      "group" : "walking",
      "manual" : false,
      "startTime" : "20141205T211208+0900",
      "endTime" : "20141205T211639+0900",
      "duration" : 271.0,
      "distance" : 493.0,
      "steps" : 436,
      "calories" : 29,
      "trackPoints" : [ {
        "lat" : 35.7175223644,
        "lon" : 139.7283721476,
        "time" : "20141205T211208+0900"
      }, {
        "lat" : 35.7179804698,
        "lon" : 139.7279349957,
        "time" : "20141205T211321+0900"
      }, {
        "lat" : 35.7179634276,
        "lon" : 139.7279467166,
        "time" : "20141205T211338+0900"
      }, {
        "lat" : 35.7179093232,
        "lon" : 139.727968115,
        "time" : "20141205T211401+0900"
      }, {
        "lat" : 35.7178530443,
        "lon" : 139.7279881366,
        "time" : "20141205T211418+0900"
      }, {
        "lat" : 35.7175632894,
        "lon" : 139.7281861135,
        "time" : "20141205T211441+0900"
      }, {
        "lat" : 35.7172582605,
        "lon" : 139.7282516233,
        "time" : "20141205T211504+0900"
      }, {
        "lat" : 35.7171113588,
        "lon" : 139.7284526404,
        "time" : "20141205T211525+0900"
      }, {
        "lat" : 35.7170728303,
        "lon" : 139.7284482334,
        "time" : "20141205T211547+0900"
      }, {
        "lat" : 35.7170354338,
        "lon" : 139.72845879,
        "time" : "20141205T211603+0900"
      }, {
        "lat" : 35.7153167138,
        "lon" : 139.7265351078,
        "time" : "20141205T211639+0900"
      } ]
    } ],
    "lastUpdate" : "20141205T134158Z"
  }, {
    "type" : "place",
    "startTime" : "20141205T211639+0900",
    "endTime" : "20141205T223645+0900",
    "place" : {
      "id" : 104196451,
      "type" : "unknown",
      "location" : {
        "lat" : 35.7153167138,
        "lon" : 139.7265351078
      }
    },
    "activities" : [ {
      "activity" : "walking",
      "group" : "walking",
      "manual" : false,
      "startTime" : "20141205T211738+0900",
      "endTime" : "20141205T211808+0900",
      "duration" : 30.0,
      "distance" : 15.0,
      "steps" : 30,
      "calories" : 1,
      "trackPoints" : [ ]
    } ],
    "lastUpdate" : "20141205T164756Z"
  }, {
    "type" : "move",
    "startTime" : "20141205T223645+0900",
    "endTime" : "20141205T224246+0900",
    "activities" : [ {
      "activity" : "walking",
      "group" : "walking",
      "manual" : false,
      "startTime" : "20141205T223645+0900",
      "endTime" : "20141205T224245+0900",
      "duration" : 360.0,
      "distance" : 536.0,
      "steps" : 447,
      "calories" : 32,
      "trackPoints" : [ {
        "lat" : 35.7153167138,
        "lon" : 139.7265351078,
        "time" : "20141205T223645+0900"
      }, {
        "lat" : 35.7168345137,
        "lon" : 139.7284545851,
        "time" : "20141205T223731+0900"
      }, {
        "lat" : 35.7167895514,
        "lon" : 139.7281424264,
        "time" : "20141205T223750+0900"
      }, {
        "lat" : 35.7167504891,
        "lon" : 139.7282281634,
        "time" : "20141205T223810+0900"
      }, {
        "lat" : 35.7166908304,
        "lon" : 139.7284095211,
        "time" : "20141205T223833+0900"
      }, {
        "lat" : 35.7167679277,
        "lon" : 139.7285481338,
        "time" : "20141205T223852+0900"
      }, {
        "lat" : 35.7168606336,
        "lon" : 139.7287358596,
        "time" : "20141205T223918+0900"
      }, {
        "lat" : 35.7171433082,
        "lon" : 139.7285199509,
        "time" : "20141205T223941+0900"
      }, {
        "lat" : 35.7174266081,
        "lon" : 139.728307736,
        "time" : "20141205T224008+0900"
      }, {
        "lat" : 35.7181698142,
        "lon" : 139.7278084639,
        "time" : "20141205T224124+0900"
      }, {
        "lat" : 35.7184307809,
        "lon" : 139.7277159206,
        "time" : "20141205T224145+0900"
      }, {
        "lat" : 35.718886332,
        "lon" : 139.7276379501,
        "time" : "20141205T224211+0900"
      }, {
        "lat" : 35.7190741088,
        "lon" : 139.7276088977,
        "time" : "20141205T224227+0900"
      }, {
        "lat" : 35.7193335133,
        "lon" : 139.7273594442,
        "time" : "20141205T224246+0900"
      } ]
    } ],
    "lastUpdate" : "20141205T164756Z"
  }, {
    "type" : "place",
    "startTime" : "20141205T224246+0900",
    "endTime" : "20141206T021819+0900",
    "place" : {
      "id" : 117345858,
      "type" : "unknown",
      "location" : {
        "lat" : 35.7193335133,
        "lon" : 139.7273594442
      }
    },
    "activities" : [ {
      "activity" : "walking",
      "group" : "walking",
      "manual" : false,
      "startTime" : "20141205T224445+0900",
      "endTime" : "20141205T224615+0900",
      "duration" : 90.0,
      "distance" : 66.0,
      "steps" : 132,
      "calories" : 4,
      "trackPoints" : [ ]
    } ],
    "lastUpdate" : "20141205T195244Z"
  } ],
  "caloriesIdle" : 1711,
  "lastUpdate" : "20141205T195244Z"
} ]