[ {
  "date" : "20160902",
  "summary" : [ {
    "activity" : "walking",
    "group" : "walking",
    "duration" : 7675.0,
    "distance" : 9191.0,
    "steps" : 11108,
    "calories" : 511
  }, {
    "activity" : "transport",
    "group" : "transport",
    "duration" : 2486.0,
    "distance" : 10517.0
  } ],
  "segments" : [ {
    "type" : "place",
    "startTime" : "20160901T151508+0900",
    "endTime" : "20160902T133218+0900",
    "place" : {
      "id" : 105416472,
      "type" : "unknown",
      "location" : {
        "lat" : 35.7167813087,
        "lon" : 139.7280424577
      }
    },
    "activities" : [ {
      "activity" : "walking",
      "group" : "walking",
      "manual" : false,
      "startTime" : "20160902T132459+0900",
      "endTime" : "20160902T132648+0900",
      "duration" : 109.0,
      "distance" : 99.0,
      "steps" : 199,
      "calories" : 6,
      "trackPoints" : [ ]
    } ],
    "lastUpdate" : "20160902T061527Z"
  }, {
    "type" : "move",
    "startTime" : "20160902T133218+0900",
    "endTime" : "20160902T140314+0900",
    "activities" : [ {
      "activity" : "transport",
      "group" : "transport",
      "manual" : false,
      "startTime" : "20160902T133218+0900",
      "endTime" : "20160902T140314+0900",
      "duration" : 1856.0,
      "distance" : 5853.0,
      "trackPoints" : [ {
        "lat" : 35.716781,
        "lon" : 139.72804,
        "time" : "20160902T133218+0900"
      }, {
        "lat" : 35.718049,
        "lon" : 139.72791,
        "time" : "20160902T133252+0900"
      }, {
        "lat" : 35.718543,
        "lon" : 139.72751,
        "time" : "20160902T133309+0900"
      }, {
        "lat" : 35.719389,
        "lon" : 139.72741,
        "time" : "20160902T133336+0900"
      }, {
        "lat" : 35.719637,
        "lon" : 139.72721,
        "time" : "20160902T133356+0900"
      }, {
        "lat" : 35.719771,
        "lon" : 139.72714,
        "time" : "20160902T133416+0900"
      }, {
        "lat" : 35.720026,
        "lon" : 139.72697,
        "time" : "20160902T133434+0900"
      }, {
        "lat" : 35.720256,
        "lon" : 139.72763,
        "time" : "20160902T133452+0900"
      }, {
        "lat" : 35.720479,
        "lon" : 139.72824,
        "time" : "20160902T133508+0900"
      }, {
        "lat" : 35.720928,
        "lon" : 139.72968,
        "time" : "20160902T133542+0900"
      }, {
        "lat" : 35.721324,
        "lon" : 139.73138,
        "time" : "20160902T133606+0900"
      }, {
        "lat" : 35.72141,
        "lon" : 139.73195,
        "time" : "20160902T133628+0900"
      }, {
        "lat" : 35.721476,
        "lon" : 139.73247,
        "time" : "20160902T133651+0900"
      }, {
        "lat" : 35.72168,
        "lon" : 139.73374,
        "time" : "20160902T133727+0900"
      }, {
        "lat" : 35.721766,
        "lon" : 139.73408,
        "time" : "20160902T133745+0900"
      }, {
        "lat" : 35.722643,
        "lon" : 139.73593,
        "time" : "20160902T133809+0900"
      }, {
        "lat" : 35.72313,
        "lon" : 139.73678,
        "time" : "20160902T133828+0900"
      }, {
        "lat" : 35.723256,
        "lon" : 139.73695,
        "time" : "20160902T133849+0900"
      }, {
        "lat" : 35.723335,
        "lon" : 139.73705,
        "time" : "20160902T133906+0900"
      }, {
        "lat" : 35.723421,
        "lon" : 139.73716,
        "time" : "20160902T133922+0900"
      }, {
        "lat" : 35.723788,
        "lon" : 139.7376,
        "time" : "20160902T133945+0900"
      }, {
        "lat" : 35.724288,
        "lon" : 139.73842,
        "time" : "20160902T134013+0900"
      }, {
        "lat" : 35.724607,
        "lon" : 139.73892,
        "time" : "20160902T134029+0900"
      }, {
        "lat" : 35.724885,
        "lon" : 139.73933,
        "time" : "20160902T134050+0900"
      }, {
        "lat" : 35.725695,
        "lon" : 139.74058,
        "time" : "20160902T134115+0900"
      }, {
        "lat" : 35.725695,
        "lon" : 139.74058,
        "time" : "20160902T134143+0900"
      }, {
        "lat" : 35.725695,
        "lon" : 139.74058,
        "time" : "20160902T134218+0900"
      }, {
        "lat" : 35.726195,
        "lon" : 139.74119,
        "time" : "20160902T134255+0900"
      }, {
        "lat" : 35.726392,
        "lon" : 139.74144,
        "time" : "20160902T134321+0900"
      }, {
        "lat" : 35.727076,
        "lon" : 139.74219,
        "time" : "20160902T134352+0900"
      }, {
        "lat" : 35.727408,
        "lon" : 139.74256,
        "time" : "20160902T134408+0900"
      }, {
        "lat" : 35.72812,
        "lon" : 139.74332,
        "time" : "20160902T134429+0900"
      }, {
        "lat" : 35.728359,
        "lon" : 139.74362,
        "time" : "20160902T134450+0900"
      }, {
        "lat" : 35.728333,
        "lon" : 139.7436,
        "time" : "20160902T134525+0900"
      }, {
        "lat" : 35.728466,
        "lon" : 139.74377,
        "time" : "20160902T134540+0900"
      }, {
        "lat" : 35.72862,
        "lon" : 139.74393,
        "time" : "20160902T134556+0900"
      }, {
        "lat" : 35.728774,
        "lon" : 139.74411,
        "time" : "20160902T134616+0900"
      }, {
        "lat" : 35.729042,
        "lon" : 139.74448,
        "time" : "20160902T134656+0900"
      }, {
        "lat" : 35.730332,
        "lon" : 139.74646,
        "time" : "20160902T134744+0900"
      }, {
        "lat" : 35.730454,
        "lon" : 139.7469,
        "time" : "20160902T134807+0900"
      }, {
        "lat" : 35.730669,
        "lon" : 139.74724,
        "time" : "20160902T134825+0900"
      }, {
        "lat" : 35.731187,
        "lon" : 139.74778,
        "time" : "20160902T134843+0900"
      }, {
        "lat" : 35.73196,
        "lon" : 139.74883,
        "time" : "20160902T134902+0900"
      }, {
        "lat" : 35.732083,
        "lon" : 139.74903,
        "time" : "20160902T134927+0900"
      }, {
        "lat" : 35.732231,
        "lon" : 139.74932,
        "time" : "20160902T134948+0900"
      }, {
        "lat" : 35.732581,
        "lon" : 139.74989,
        "time" : "20160902T135007+0900"
      }, {
        "lat" : 35.73259,
        "lon" : 139.74998,
        "time" : "20160902T135037+0900"
      }, {
        "lat" : 35.732805,
        "lon" : 139.75017,
        "time" : "20160902T135127+0900"
      }, {
        "lat" : 35.732849,
        "lon" : 139.75032,
        "time" : "20160902T135143+0900"
      }, {
        "lat" : 35.733166,
        "lon" : 139.75126,
        "time" : "20160902T135202+0900"
      }, {
        "lat" : 35.733482,
        "lon" : 139.75343,
        "time" : "20160902T135228+0900"
      }, {
        "lat" : 35.733514,
        "lon" : 139.75378,
        "time" : "20160902T135249+0900"
      }, {
        "lat" : 35.733518,
        "lon" : 139.75396,
        "time" : "20160902T135312+0900"
      }, {
        "lat" : 35.733562,
        "lon" : 139.7554,
        "time" : "20160902T135337+0900"
      }, {
        "lat" : 35.733236,
        "lon" : 139.75677,
        "time" : "20160902T135401+0900"
      }, {
        "lat" : 35.732659,
        "lon" : 139.75805,
        "time" : "20160902T135429+0900"
      }, {
        "lat" : 35.732296,
        "lon" : 139.75871,
        "time" : "20160902T135446+0900"
      }, {
        "lat" : 35.732031,
        "lon" : 139.75883,
        "time" : "20160902T135509+0900"
      }, {
        "lat" : 35.731779,
        "lon" : 139.75926,
        "time" : "20160902T135528+0900"
      }, {
        "lat" : 35.73153,
        "lon" : 139.75972,
        "time" : "20160902T135552+0900"
      }, {
        "lat" : 35.731479,
        "lon" : 139.75981,
        "time" : "20160902T135615+0900"
      }, {
        "lat" : 35.730355,
        "lon" : 139.76178,
        "time" : "20160902T135634+0900"
      }, {
        "lat" : 35.73034,
        "lon" : 139.76179,
        "time" : "20160902T135710+0900"
      }, {
        "lat" : 35.729359,
        "lon" : 139.76281,
        "time" : "20160902T135732+0900"
      }, {
        "lat" : 35.728161,
        "lon" : 139.76352,
        "time" : "20160902T135808+0900"
      }, {
        "lat" : 35.728037,
        "lon" : 139.76354,
        "time" : "20160902T135831+0900"
      }, {
        "lat" : 35.728088,
        "lon" : 139.76353,
        "time" : "20160902T135849+0900"
      }, {
        "lat" : 35.727292,
        "lon" : 139.76371,
        "time" : "20160902T135925+0900"
      }, {
        "lat" : 35.726632,
        "lon" : 139.76362,
        "time" : "20160902T135943+0900"
      }, {
        "lat" : 35.726021,
        "lon" : 139.76342,
        "time" : "20160902T135959+0900"
      }, {
        "lat" : 35.72602,
        "lon" : 139.76342,
        "time" : "20160902T140000+0900"
      }, {
        "lat" : 35.725388,
        "lon" : 139.76322,
        "time" : "20160902T140016+0900"
      }, {
        "lat" : 35.725046,
        "lon" : 139.76309,
        "time" : "20160902T140049+0900"
      }, {
        "lat" : 35.72465,
        "lon" : 139.76299,
        "time" : "20160902T140110+0900"
      }, {
        "lat" : 35.724423,
        "lon" : 139.76293,
        "time" : "20160902T140126+0900"
      }, {
        "lat" : 35.722909,
        "lon" : 139.76245,
        "time" : "20160902T140149+0900"
      }, {
        "lat" : 35.722004,
        "lon" : 139.76233,
        "time" : "20160902T140242+0900"
      }, {
        "lat" : 35.721977,
        "lon" : 139.76235,
        "time" : "20160902T140259+0900"
      }, {
        "lat" : 35.720245,
        "lon" : 139.76287,
        "time" : "20160902T140314+0900"
      } ]
    } ],
    "lastUpdate" : "20160902T061527Z"
  }, {
    "type" : "place",
    "startTime" : "20160902T140314+0900",
    "endTime" : "20160902T150231+0900",
    "place" : {
      "id" : 104116897,
      "type" : "unknown",
      "location" : {
        "lat" : 35.7202445302,
        "lon" : 139.7628733673
      }
    },
    "activities" : [ {
      "activity" : "walking",
      "group" : "walking",
      "manual" : false,
      "startTime" : "20160902T140329+0900",
      "endTime" : "20160902T140446+0900",
      "duration" : 77.0,
      "distance" : 67.0,
      "steps" : 135,
      "calories" : 4,
      "trackPoints" : [ ]
    }, {
      "activity" : "walking",
      "group" : "walking",
      "manual" : false,
      "startTime" : "20160902T150008+0900",
      "endTime" : "20160902T150123+0900",
      "duration" : 75.0,
      "distance" : 58.0,
      "steps" : 116,
      "calories" : 3,
      "trackPoints" : [ ]
    } ],
    "lastUpdate" : "20160902T075032Z"
  }, {
    "type" : "move",
    "startTime" : "20160902T150231+0900",
    "endTime" : "20160902T152930+0900",
    "activities" : [ {
      "activity" : "walking",
      "group" : "walking",
      "manual" : false,
      "startTime" : "20160902T150231+0900",
      "endTime" : "20160902T152930+0900",
      "duration" : 1619.0,
      "distance" : 2418.0,
      "steps" : 2126,
      "calories" : 134,
      "trackPoints" : [ {
        "lat" : 35.720245,
        "lon" : 139.76287,
        "time" : "20160902T150231+0900"
      }, {
        "lat" : 35.719253,
        "lon" : 139.76379,
        "time" : "20160902T150328+0900"
      }, {
        "lat" : 35.71899,
        "lon" : 139.76401,
        "time" : "20160902T150359+0900"
      }, {
        "lat" : 35.71869,
        "lon" : 139.76436,
        "time" : "20160902T150440+0900"
      }, {
        "lat" : 35.718481,
        "lon" : 139.76457,
        "time" : "20160902T150457+0900"
      }, {
        "lat" : 35.718173,
        "lon" : 139.76488,
        "time" : "20160902T150519+0900"
      }, {
        "lat" : 35.718043,
        "lon" : 139.765,
        "time" : "20160902T150536+0900"
      }, {
        "lat" : 35.717797,
        "lon" : 139.76525,
        "time" : "20160902T150611+0900"
      }, {
        "lat" : 35.717661,
        "lon" : 139.7654,
        "time" : "20160902T150627+0900"
      }, {
        "lat" : 35.717408,
        "lon" : 139.76564,
        "time" : "20160902T150653+0900"
      }, {
        "lat" : 35.717149,
        "lon" : 139.76582,
        "time" : "20160902T150715+0900"
      }, {
        "lat" : 35.716892,
        "lon" : 139.76615,
        "time" : "20160902T150741+0900"
      }, {
        "lat" : 35.716634,
        "lon" : 139.76638,
        "time" : "20160902T150803+0900"
      }, {
        "lat" : 35.71637,
        "lon" : 139.76662,
        "time" : "20160902T150829+0900"
      }, {
        "lat" : 35.716123,
        "lon" : 139.76683,
        "time" : "20160902T150849+0900"
      }, {
        "lat" : 35.715813,
        "lon" : 139.76708,
        "time" : "20160902T150920+0900"
      }, {
        "lat" : 35.715635,
        "lon" : 139.76732,
        "time" : "20160902T150942+0900"
      }, {
        "lat" : 35.715652,
        "lon" : 139.76747,
        "time" : "20160902T151010+0900"
      }, {
        "lat" : 35.715563,
        "lon" : 139.76743,
        "time" : "20160902T151027+0900"
      }, {
        "lat" : 35.715133,
        "lon" : 139.7675,
        "time" : "20160902T151054+0900"
      }, {
        "lat" : 35.714752,
        "lon" : 139.76769,
        "time" : "20160902T151121+0900"
      }, {
        "lat" : 35.714533,
        "lon" : 139.7678,
        "time" : "20160902T151140+0900"
      }, {
        "lat" : 35.714387,
        "lon" : 139.76788,
        "time" : "20160902T151156+0900"
      }, {
        "lat" : 35.714231,
        "lon" : 139.76796,
        "time" : "20160902T151214+0900"
      }, {
        "lat" : 35.713909,
        "lon" : 139.76812,
        "time" : "20160902T151236+0900"
      }, {
        "lat" : 35.713642,
        "lon" : 139.76827,
        "time" : "20160902T151259+0900"
      }, {
        "lat" : 35.713384,
        "lon" : 139.76842,
        "time" : "20160902T151321+0900"
      }, {
        "lat" : 35.713175,
        "lon" : 139.76853,
        "time" : "20160902T151340+0900"
      }, {
        "lat" : 35.713094,
        "lon" : 139.76858,
        "time" : "20160902T151402+0900"
      }, {
        "lat" : 35.712984,
        "lon" : 139.7688,
        "time" : "20160902T151426+0900"
      }, {
        "lat" : 35.712909,
        "lon" : 139.76892,
        "time" : "20160902T151441+0900"
      }, {
        "lat" : 35.712825,
        "lon" : 139.76902,
        "time" : "20160902T151457+0900"
      }, {
        "lat" : 35.712786,
        "lon" : 139.7691,
        "time" : "20160902T151525+0900"
      }, {
        "lat" : 35.712748,
        "lon" : 139.76918,
        "time" : "20160902T151541+0900"
      }, {
        "lat" : 35.712628,
        "lon" : 139.76933,
        "time" : "20160902T151557+0900"
      }, {
        "lat" : 35.712651,
        "lon" : 139.76965,
        "time" : "20160902T151612+0900"
      }, {
        "lat" : 35.712895,
        "lon" : 139.77011,
        "time" : "20160902T151633+0900"
      }, {
        "lat" : 35.712764,
        "lon" : 139.77006,
        "time" : "20160902T151649+0900"
      }, {
        "lat" : 35.712684,
        "lon" : 139.7698,
        "time" : "20160902T151705+0900"
      }, {
        "lat" : 35.712554,
        "lon" : 139.76985,
        "time" : "20160902T151722+0900"
      }, {
        "lat" : 35.712282,
        "lon" : 139.77023,
        "time" : "20160902T151746+0900"
      }, {
        "lat" : 35.711827,
        "lon" : 139.77065,
        "time" : "20160902T151803+0900"
      }, {
        "lat" : 35.711813,
        "lon" : 139.77117,
        "time" : "20160902T151825+0900"
      }, {
        "lat" : 35.711823,
        "lon" : 139.77135,
        "time" : "20160902T151840+0900"
      }, {
        "lat" : 35.711761,
        "lon" : 139.77165,
        "time" : "20160902T151902+0900"
      }, {
        "lat" : 35.711877,
        "lon" : 139.77181,
        "time" : "20160902T151920+0900"
      }, {
        "lat" : 35.712368,
        "lon" : 139.77229,
        "time" : "20160902T152004+0900"
      }, {
        "lat" : 35.712461,
        "lon" : 139.7725,
        "time" : "20160902T152021+0900"
      }, {
        "lat" : 35.712527,
        "lon" : 139.77274,
        "time" : "20160902T152042+0900"
      }, {
        "lat" : 35.712486,
        "lon" : 139.77297,
        "time" : "20160902T152100+0900"
      }, {
        "lat" : 35.71246,
        "lon" : 139.77345,
        "time" : "20160902T152128+0900"
      }, {
        "lat" : 35.712399,
        "lon" : 139.77389,
        "time" : "20160902T152159+0900"
      }, {
        "lat" : 35.712419,
        "lon" : 139.77388,
        "time" : "20160902T152309+0900"
      }, {
        "lat" : 35.712105,
        "lon" : 139.77413,
        "time" : "20160902T152338+0900"
      }, {
        "lat" : 35.712006,
        "lon" : 139.77446,
        "time" : "20160902T152359+0900"
      }, {
        "lat" : 35.712135,
        "lon" : 139.77464,
        "time" : "20160902T152419+0900"
      }, {
        "lat" : 35.712399,
        "lon" : 139.77475,
        "time" : "20160902T152436+0900"
      }, {
        "lat" : 35.712556,
        "lon" : 139.77481,
        "time" : "20160902T152455+0900"
      }, {
        "lat" : 35.712661,
        "lon" : 139.77473,
        "time" : "20160902T152512+0900"
      }, {
        "lat" : 35.712951,
        "lon" : 139.77426,
        "time" : "20160902T152540+0900"
      }, {
        "lat" : 35.713144,
        "lon" : 139.77452,
        "time" : "20160902T152558+0900"
      }, {
        "lat" : 35.712563,
        "lon" : 139.77473,
        "time" : "20160902T152632+0900"
      }, {
        "lat" : 35.712581,
        "lon" : 139.77477,
        "time" : "20160902T152647+0900"
      }, {
        "lat" : 35.712614,
        "lon" : 139.77488,
        "time" : "20160902T152718+0900"
      }, {
        "lat" : 35.712607,
        "lon" : 139.77488,
        "time" : "20160902T152744+0900"
      }, {
        "lat" : 35.712605,
        "lon" : 139.77489,
        "time" : "20160902T152808+0900"
      }, {
        "lat" : 35.712604,
        "lon" : 139.7749,
        "time" : "20160902T152846+0900"
      }, {
        "lat" : 35.711279,
        "lon" : 139.77592,
        "time" : "20160902T152909+0900"
      }, {
        "lat" : 35.712705,
        "lon" : 139.77481,
        "time" : "20160902T152930+0900"
      } ]
    } ],
    "lastUpdate" : "20160902T075032Z"
  }, {
    "type" : "place",
    "startTime" : "20160902T152930+0900",
    "endTime" : "20160902T154040+0900",
    "place" : {
      "id" : 328888856,
      "type" : "unknown",
      "location" : {
        "lat" : 35.712705,
        "lon" : 139.77481
      }
    },
    "activities" : [ {
      "activity" : "walking",
      "group" : "walking",
      "manual" : false,
      "startTime" : "20160902T153255+0900",
      "endTime" : "20160902T153343+0900",
      "duration" : 48.0,
      "distance" : 32.0,
      "steps" : 64,
      "calories" : 2,
      "trackPoints" : [ ]
    } ],
    "lastUpdate" : "20160902T075032Z"
  }, {
    "type" : "place",
    "startTime" : "20160902T154109+0900",
    "endTime" : "20160902T154404+0900",
    "place" : {
      "id" : 328888857,
      "type" : "unknown",
      "location" : {
        "lat" : 35.711294,
        "lon" : 139.77594
      }
    },
    "activities" : [ {
      "activity" : "walking",
      "group" : "walking",
      "manual" : false,
      "startTime" : "20160902T154125+0900",
      "endTime" : "20160902T154220+0900",
      "duration" : 55.0,
      "distance" : 37.0,
      "steps" : 74,
      "calories" : 2,
      "trackPoints" : [ ]
    } ],
    "lastUpdate" : "20160902T075032Z"
  }, {
    "type" : "move",
    "startTime" : "20160902T154404+0900",
    "endTime" : "20160902T161316+0900",
    "activities" : [ {
      "activity" : "walking",
      "group" : "walking",
      "manual" : false,
      "startTime" : "20160902T154404+0900",
      "endTime" : "20160902T161316+0900",
      "duration" : 1752.0,
      "distance" : 2025.0,
      "steps" : 2351,
      "calories" : 113,
      "trackPoints" : [ {
        "lat" : 35.711294,
        "lon" : 139.77594,
        "time" : "20160902T154404+0900"
      }, {
        "lat" : 35.711314,
        "lon" : 139.77592,
        "time" : "20160902T154426+0900"
      }, {
        "lat" : 35.712186,
        "lon" : 139.77421,
        "time" : "20160902T154449+0900"
      }, {
        "lat" : 35.71198,
        "lon" : 139.77415,
        "time" : "20160902T154516+0900"
      }, {
        "lat" : 35.711928,
        "lon" : 139.77409,
        "time" : "20160902T154532+0900"
      }, {
        "lat" : 35.711903,
        "lon" : 139.77408,
        "time" : "20160902T154547+0900"
      }, {
        "lat" : 35.711899,
        "lon" : 139.77391,
        "time" : "20160902T154609+0900"
      }, {
        "lat" : 35.711855,
        "lon" : 139.77373,
        "time" : "20160902T154635+0900"
      }, {
        "lat" : 35.711749,
        "lon" : 139.77374,
        "time" : "20160902T154650+0900"
      }, {
        "lat" : 35.711578,
        "lon" : 139.77371,
        "time" : "20160902T154710+0900"
      }, {
        "lat" : 35.711234,
        "lon" : 139.77368,
        "time" : "20160902T154733+0900"
      }, {
        "lat" : 35.710876,
        "lon" : 139.77359,
        "time" : "20160902T154756+0900"
      }, {
        "lat" : 35.710563,
        "lon" : 139.77363,
        "time" : "20160902T154819+0900"
      }, {
        "lat" : 35.710376,
        "lon" : 139.77363,
        "time" : "20160902T154838+0900"
      }, {
        "lat" : 35.710336,
        "lon" : 139.77366,
        "time" : "20160902T154903+0900"
      }, {
        "lat" : 35.710194,
        "lon" : 139.77358,
        "time" : "20160902T154919+0900"
      }, {
        "lat" : 35.7097,
        "lon" : 139.77345,
        "time" : "20160902T154955+0900"
      }, {
        "lat" : 35.709369,
        "lon" : 139.77347,
        "time" : "20160902T155018+0900"
      }, {
        "lat" : 35.709061,
        "lon" : 139.77345,
        "time" : "20160902T155040+0900"
      }, {
        "lat" : 35.708735,
        "lon" : 139.7733,
        "time" : "20160902T155106+0900"
      }, {
        "lat" : 35.708529,
        "lon" : 139.7732,
        "time" : "20160902T155122+0900"
      }, {
        "lat" : 35.708505,
        "lon" : 139.77318,
        "time" : "20160902T155150+0900"
      }, {
        "lat" : 35.708289,
        "lon" : 139.77324,
        "time" : "20160902T155211+0900"
      }, {
        "lat" : 35.707913,
        "lon" : 139.77318,
        "time" : "20160902T155239+0900"
      }, {
        "lat" : 35.707278,
        "lon" : 139.77287,
        "time" : "20160902T155325+0900"
      }, {
        "lat" : 35.707014,
        "lon" : 139.77272,
        "time" : "20160902T155347+0900"
      }, {
        "lat" : 35.706824,
        "lon" : 139.77261,
        "time" : "20160902T155404+0900"
      }, {
        "lat" : 35.706601,
        "lon" : 139.77245,
        "time" : "20160902T155422+0900"
      }, {
        "lat" : 35.706442,
        "lon" : 139.77226,
        "time" : "20160902T155443+0900"
      }, {
        "lat" : 35.706343,
        "lon" : 139.7721,
        "time" : "20160902T155504+0900"
      }, {
        "lat" : 35.706022,
        "lon" : 139.77195,
        "time" : "20160902T155526+0900"
      }, {
        "lat" : 35.705712,
        "lon" : 139.77203,
        "time" : "20160902T155546+0900"
      }, {
        "lat" : 35.705169,
        "lon" : 139.77189,
        "time" : "20160902T155607+0900"
      }, {
        "lat" : 35.705134,
        "lon" : 139.77178,
        "time" : "20160902T155629+0900"
      }, {
        "lat" : 35.70514,
        "lon" : 139.77184,
        "time" : "20160902T155647+0900"
      }, {
        "lat" : 35.704947,
        "lon" : 139.77194,
        "time" : "20160902T155711+0900"
      }, {
        "lat" : 35.704439,
        "lon" : 139.77234,
        "time" : "20160902T155801+0900"
      }, {
        "lat" : 35.704453,
        "lon" : 139.7725,
        "time" : "20160902T155816+0900"
      }, {
        "lat" : 35.7044,
        "lon" : 139.77259,
        "time" : "20160902T155834+0900"
      }, {
        "lat" : 35.704201,
        "lon" : 139.77258,
        "time" : "20160902T155855+0900"
      }, {
        "lat" : 35.703938,
        "lon" : 139.77252,
        "time" : "20160902T155916+0900"
      }, {
        "lat" : 35.703803,
        "lon" : 139.77248,
        "time" : "20160902T155932+0900"
      }, {
        "lat" : 35.703893,
        "lon" : 139.77245,
        "time" : "20160902T155951+0900"
      }, {
        "lat" : 35.704015,
        "lon" : 139.7725,
        "time" : "20160902T155959+0900"
      }, {
        "lat" : 35.704015,
        "lon" : 139.7725,
        "time" : "20160902T160000+0900"
      }, {
        "lat" : 35.704166,
        "lon" : 139.77255,
        "time" : "20160902T160010+0900"
      }, {
        "lat" : 35.704468,
        "lon" : 139.77262,
        "time" : "20160902T160030+0900"
      }, {
        "lat" : 35.704691,
        "lon" : 139.77266,
        "time" : "20160902T160048+0900"
      }, {
        "lat" : 35.70463,
        "lon" : 139.77264,
        "time" : "20160902T160110+0900"
      }, {
        "lat" : 35.704628,
        "lon" : 139.77262,
        "time" : "20160902T160126+0900"
      }, {
        "lat" : 35.704558,
        "lon" : 139.77241,
        "time" : "20160902T160222+0900"
      }, {
        "lat" : 35.704513,
        "lon" : 139.77226,
        "time" : "20160902T160308+0900"
      }, {
        "lat" : 35.704513,
        "lon" : 139.77226,
        "time" : "20160902T160331+0900"
      }, {
        "lat" : 35.704513,
        "lon" : 139.77226,
        "time" : "20160902T160347+0900"
      }, {
        "lat" : 35.70454,
        "lon" : 139.77249,
        "time" : "20160902T160402+0900"
      }, {
        "lat" : 35.704505,
        "lon" : 139.77219,
        "time" : "20160902T160428+0900"
      }, {
        "lat" : 35.704557,
        "lon" : 139.77198,
        "time" : "20160902T160446+0900"
      }, {
        "lat" : 35.704378,
        "lon" : 139.77184,
        "time" : "20160902T160510+0900"
      }, {
        "lat" : 35.703931,
        "lon" : 139.77183,
        "time" : "20160902T160538+0900"
      }, {
        "lat" : 35.703541,
        "lon" : 139.77181,
        "time" : "20160902T160600+0900"
      }, {
        "lat" : 35.703284,
        "lon" : 139.77179,
        "time" : "20160902T160621+0900"
      }, {
        "lat" : 35.703153,
        "lon" : 139.77177,
        "time" : "20160902T160641+0900"
      }, {
        "lat" : 35.70296,
        "lon" : 139.77176,
        "time" : "20160902T160716+0900"
      }, {
        "lat" : 35.702922,
        "lon" : 139.7717,
        "time" : "20160902T160735+0900"
      }, {
        "lat" : 35.702907,
        "lon" : 139.77127,
        "time" : "20160902T160811+0900"
      }, {
        "lat" : 35.703025,
        "lon" : 139.77092,
        "time" : "20160902T160833+0900"
      }, {
        "lat" : 35.702984,
        "lon" : 139.77088,
        "time" : "20160902T160857+0900"
      }, {
        "lat" : 35.702993,
        "lon" : 139.77092,
        "time" : "20160902T160920+0900"
      }, {
        "lat" : 35.702993,
        "lon" : 139.77097,
        "time" : "20160902T160940+0900"
      }, {
        "lat" : 35.702983,
        "lon" : 139.77106,
        "time" : "20160902T161005+0900"
      }, {
        "lat" : 35.702969,
        "lon" : 139.77112,
        "time" : "20160902T161023+0900"
      }, {
        "lat" : 35.70297,
        "lon" : 139.77123,
        "time" : "20160902T161044+0900"
      }, {
        "lat" : 35.702944,
        "lon" : 139.7715,
        "time" : "20160902T161103+0900"
      }, {
        "lat" : 35.702818,
        "lon" : 139.77161,
        "time" : "20160902T161119+0900"
      }, {
        "lat" : 35.702629,
        "lon" : 139.77166,
        "time" : "20160902T161139+0900"
      }, {
        "lat" : 35.702312,
        "lon" : 139.77173,
        "time" : "20160902T161157+0900"
      }, {
        "lat" : 35.702132,
        "lon" : 139.77182,
        "time" : "20160902T161213+0900"
      }, {
        "lat" : 35.701808,
        "lon" : 139.77169,
        "time" : "20160902T161300+0900"
      }, {
        "lat" : 35.701242,
        "lon" : 139.77155,
        "time" : "20160902T161316+0900"
      } ]
    } ],
    "lastUpdate" : "20160902T075032Z"
  }, {
    "type" : "place",
    "startTime" : "20160902T161316+0900",
    "endTime" : "20160902T161654+0900",
    "place" : {
      "id" : 237574953,
      "type" : "unknown",
      "location" : {
        "lat" : 35.701603,
        "lon" : 139.77137
      }
    },
    "activities" : [ {
      "activity" : "walking",
      "group" : "walking",
      "manual" : false,
      "startTime" : "20160902T161316+0900",
      "endTime" : "20160902T161323+0900",
      "duration" : 7.0,
      "distance" : 4.0,
      "steps" : 9,
      "calories" : 0,
      "trackPoints" : [ ]
    } ],
    "lastUpdate" : "20160902T092212Z"
  }, {
    "type" : "place",
    "startTime" : "20160902T161654+0900",
    "endTime" : "20160902T181217+0900",
    "place" : {
      "id" : 328924600,
      "type" : "unknown",
      "location" : {
        "lat" : 35.700457,
        "lon" : 139.77106
      }
    },
    "activities" : [ {
      "activity" : "walking",
      "group" : "walking",
      "manual" : false,
      "startTime" : "20160902T161924+0900",
      "endTime" : "20160902T162830+0900",
      "duration" : 546.0,
      "distance" : 584.0,
      "steps" : 779,
      "calories" : 32,
      "trackPoints" : [ ]
    }, {
      "activity" : "walking",
      "group" : "walking",
      "manual" : false,
      "startTime" : "20160902T170000+0900",
      "endTime" : "20160902T172134+0900",
      "duration" : 1294.0,
      "distance" : 1477.0,
      "steps" : 1969,
      "calories" : 82,
      "trackPoints" : [ ]
    }, {
      "activity" : "walking",
      "group" : "walking",
      "manual" : false,
      "startTime" : "20160902T180017+0900",
      "endTime" : "20160902T180228+0900",
      "duration" : 131.0,
      "distance" : 144.0,
      "steps" : 192,
      "calories" : 8,
      "trackPoints" : [ ]
    } ],
    "lastUpdate" : "20160902T105558Z"
  }, {
    "type" : "move",
    "startTime" : "20160902T181217+0900",
    "endTime" : "20160902T185438+0900",
    "activities" : [ {
      "activity" : "walking",
      "group" : "walking",
      "manual" : false,
      "startTime" : "20160902T181217+0900",
      "endTime" : "20160902T182756+0900",
      "duration" : 939.0,
      "distance" : 1065.0,
      "steps" : 1383,
      "calories" : 59,
      "trackPoints" : [ {
        "lat" : 35.700457,
        "lon" : 139.77106,
        "time" : "20160902T181217+0900"
      }, {
        "lat" : 35.699209,
        "lon" : 139.77057,
        "time" : "20160902T181242+0900"
      }, {
        "lat" : 35.699053,
        "lon" : 139.77056,
        "time" : "20160902T181301+0900"
      }, {
        "lat" : 35.698866,
        "lon" : 139.7706,
        "time" : "20160902T181325+0900"
      }, {
        "lat" : 35.698742,
        "lon" : 139.77071,
        "time" : "20160902T181342+0900"
      }, {
        "lat" : 35.698721,
        "lon" : 139.771,
        "time" : "20160902T181416+0900"
      }, {
        "lat" : 35.698215,
        "lon" : 139.77104,
        "time" : "20160902T181440+0900"
      }, {
        "lat" : 35.698226,
        "lon" : 139.77151,
        "time" : "20160902T181500+0900"
      }, {
        "lat" : 35.698235,
        "lon" : 139.77154,
        "time" : "20160902T181522+0900"
      }, {
        "lat" : 35.698386,
        "lon" : 139.77148,
        "time" : "20160902T181541+0900"
      }, {
        "lat" : 35.698358,
        "lon" : 139.77157,
        "time" : "20160902T181607+0900"
      }, {
        "lat" : 35.698321,
        "lon" : 139.77166,
        "time" : "20160902T181622+0900"
      }, {
        "lat" : 35.698353,
        "lon" : 139.77176,
        "time" : "20160902T181638+0900"
      }, {
        "lat" : 35.698535,
        "lon" : 139.77187,
        "time" : "20160902T181657+0900"
      }, {
        "lat" : 35.698632,
        "lon" : 139.77186,
        "time" : "20160902T181715+0900"
      }, {
        "lat" : 35.69843,
        "lon" : 139.77178,
        "time" : "20160902T181734+0900"
      }, {
        "lat" : 35.698176,
        "lon" : 139.77167,
        "time" : "20160902T181754+0900"
      }, {
        "lat" : 35.698062,
        "lon" : 139.77167,
        "time" : "20160902T181814+0900"
      }, {
        "lat" : 35.697956,
        "lon" : 139.77165,
        "time" : "20160902T181831+0900"
      }, {
        "lat" : 35.697849,
        "lon" : 139.77158,
        "time" : "20160902T181846+0900"
      }, {
        "lat" : 35.697739,
        "lon" : 139.77135,
        "time" : "20160902T181908+0900"
      }, {
        "lat" : 35.6977,
        "lon" : 139.77119,
        "time" : "20160902T181926+0900"
      }, {
        "lat" : 35.697677,
        "lon" : 139.77111,
        "time" : "20160902T181952+0900"
      }, {
        "lat" : 35.697654,
        "lon" : 139.77092,
        "time" : "20160902T182016+0900"
      }, {
        "lat" : 35.697508,
        "lon" : 139.77064,
        "time" : "20160902T182044+0900"
      }, {
        "lat" : 35.697168,
        "lon" : 139.7707,
        "time" : "20160902T182101+0900"
      }, {
        "lat" : 35.697042,
        "lon" : 139.7707,
        "time" : "20160902T182124+0900"
      }, {
        "lat" : 35.696912,
        "lon" : 139.77055,
        "time" : "20160902T182149+0900"
      }, {
        "lat" : 35.696725,
        "lon" : 139.77009,
        "time" : "20160902T182222+0900"
      }, {
        "lat" : 35.696646,
        "lon" : 139.76996,
        "time" : "20160902T182240+0900"
      }, {
        "lat" : 35.696509,
        "lon" : 139.76978,
        "time" : "20160902T182259+0900"
      }, {
        "lat" : 35.696237,
        "lon" : 139.76932,
        "time" : "20160902T182328+0900"
      }, {
        "lat" : 35.695946,
        "lon" : 139.76875,
        "time" : "20160902T182359+0900"
      }, {
        "lat" : 35.6959,
        "lon" : 139.76853,
        "time" : "20160902T182418+0900"
      }, {
        "lat" : 35.695932,
        "lon" : 139.76831,
        "time" : "20160902T182434+0900"
      }, {
        "lat" : 35.695773,
        "lon" : 139.76812,
        "time" : "20160902T182454+0900"
      }, {
        "lat" : 35.695521,
        "lon" : 139.76777,
        "time" : "20160902T182519+0900"
      }, {
        "lat" : 35.69544,
        "lon" : 139.7676,
        "time" : "20160902T182536+0900"
      }, {
        "lat" : 35.695421,
        "lon" : 139.76751,
        "time" : "20160902T182601+0900"
      }, {
        "lat" : 35.695286,
        "lon" : 139.76718,
        "time" : "20160902T182633+0900"
      }, {
        "lat" : 35.695253,
        "lon" : 139.76711,
        "time" : "20160902T182654+0900"
      }, {
        "lat" : 35.695243,
        "lon" : 139.76708,
        "time" : "20160902T182714+0900"
      }, {
        "lat" : 35.695242,
        "lon" : 139.76707,
        "time" : "20160902T182731+0900"
      }, {
        "lat" : 35.695253,
        "lon" : 139.76707,
        "time" : "20160902T182757+0900"
      } ]
    }, {
      "activity" : "transport",
      "group" : "transport",
      "manual" : false,
      "startTime" : "20160902T182757+0900",
      "endTime" : "20160902T183827+0900",
      "duration" : 630.0,
      "distance" : 4664.0,
      "trackPoints" : [ {
        "lat" : 35.695253,
        "lon" : 139.76707,
        "time" : "20160902T182757+0900"
      }, {
        "lat" : 35.695285,
        "lon" : 139.76707,
        "time" : "20160902T182818+0900"
      }, {
        "lat" : 35.699346,
        "lon" : 139.76604,
        "time" : "20160902T182903+0900"
      }, {
        "lat" : 35.699451,
        "lon" : 139.76595,
        "time" : "20160902T182921+0900"
      }, {
        "lat" : 35.700325,
        "lon" : 139.76424,
        "time" : "20160902T182939+0900"
      }, {
        "lat" : 35.700469,
        "lon" : 139.76438,
        "time" : "20160902T183018+0900"
      }, {
        "lat" : 35.700514,
        "lon" : 139.76435,
        "time" : "20160902T183118+0900"
      }, {
        "lat" : 35.70661,
        "lon" : 139.76001,
        "time" : "20160902T183151+0900"
      }, {
        "lat" : 35.706644,
        "lon" : 139.75986,
        "time" : "20160902T183210+0900"
      }, {
        "lat" : 35.706641,
        "lon" : 139.75988,
        "time" : "20160902T183245+0900"
      }, {
        "lat" : 35.707326,
        "lon" : 139.75159,
        "time" : "20160902T183344+0900"
      }, {
        "lat" : 35.707352,
        "lon" : 139.75087,
        "time" : "20160902T183427+0900"
      }, {
        "lat" : 35.70716,
        "lon" : 139.74839,
        "time" : "20160902T183451+0900"
      }, {
        "lat" : 35.711067,
        "lon" : 139.74252,
        "time" : "20160902T183530+0900"
      }, {
        "lat" : 35.712919,
        "lon" : 139.74014,
        "time" : "20160902T183545+0900"
      }, {
        "lat" : 35.714495,
        "lon" : 139.73908,
        "time" : "20160902T183601+0900"
      }, {
        "lat" : 35.71607,
        "lon" : 139.73795,
        "time" : "20160902T183622+0900"
      }, {
        "lat" : 35.716861,
        "lon" : 139.73731,
        "time" : "20160902T183653+0900"
      }, {
        "lat" : 35.716898,
        "lon" : 139.73724,
        "time" : "20160902T183709+0900"
      }, {
        "lat" : 35.716932,
        "lon" : 139.73721,
        "time" : "20160902T183725+0900"
      }, {
        "lat" : 35.716947,
        "lon" : 139.73719,
        "time" : "20160902T183746+0900"
      }, {
        "lat" : 35.716956,
        "lon" : 139.73718,
        "time" : "20160902T183811+0900"
      }, {
        "lat" : 35.717097,
        "lon" : 139.737,
        "time" : "20160902T183828+0900"
      } ]
    }, {
      "activity" : "walking",
      "group" : "walking",
      "manual" : false,
      "startTime" : "20160902T183828+0900",
      "endTime" : "20160902T185437+0900",
      "duration" : 969.0,
      "distance" : 1145.0,
      "steps" : 1638,
      "calories" : 64,
      "trackPoints" : [ {
        "lat" : 35.717097,
        "lon" : 139.737,
        "time" : "20160902T183828+0900"
      }, {
        "lat" : 35.717384,
        "lon" : 139.73681,
        "time" : "20160902T183856+0900"
      }, {
        "lat" : 35.717583,
        "lon" : 139.73674,
        "time" : "20160902T183912+0900"
      }, {
        "lat" : 35.717787,
        "lon" : 139.7367,
        "time" : "20160902T183931+0900"
      }, {
        "lat" : 35.71759,
        "lon" : 139.73661,
        "time" : "20160902T183954+0900"
      }, {
        "lat" : 35.717406,
        "lon" : 139.73651,
        "time" : "20160902T184014+0900"
      }, {
        "lat" : 35.717017,
        "lon" : 139.73625,
        "time" : "20160902T184051+0900"
      }, {
        "lat" : 35.716677,
        "lon" : 139.73615,
        "time" : "20160902T184125+0900"
      }, {
        "lat" : 35.716435,
        "lon" : 139.7361,
        "time" : "20160902T184150+0900"
      }, {
        "lat" : 35.71641,
        "lon" : 139.73598,
        "time" : "20160902T184210+0900"
      }, {
        "lat" : 35.716228,
        "lon" : 139.73555,
        "time" : "20160902T184243+0900"
      }, {
        "lat" : 35.716203,
        "lon" : 139.73521,
        "time" : "20160902T184307+0900"
      }, {
        "lat" : 35.71621,
        "lon" : 139.73496,
        "time" : "20160902T184330+0900"
      }, {
        "lat" : 35.716327,
        "lon" : 139.73455,
        "time" : "20160902T184404+0900"
      }, {
        "lat" : 35.716436,
        "lon" : 139.73438,
        "time" : "20160902T184427+0900"
      }, {
        "lat" : 35.716511,
        "lon" : 139.73436,
        "time" : "20160902T184442+0900"
      }, {
        "lat" : 35.716663,
        "lon" : 139.73419,
        "time" : "20160902T184459+0900"
      }, {
        "lat" : 35.716897,
        "lon" : 139.73413,
        "time" : "20160902T184515+0900"
      }, {
        "lat" : 35.717033,
        "lon" : 139.73412,
        "time" : "20160902T184535+0900"
      }, {
        "lat" : 35.717117,
        "lon" : 139.73413,
        "time" : "20160902T184551+0900"
      }, {
        "lat" : 35.717239,
        "lon" : 139.73409,
        "time" : "20160902T184612+0900"
      }, {
        "lat" : 35.717249,
        "lon" : 139.73414,
        "time" : "20160902T184643+0900"
      }, {
        "lat" : 35.717398,
        "lon" : 139.73308,
        "time" : "20160902T184831+0900"
      }, {
        "lat" : 35.717424,
        "lon" : 139.73252,
        "time" : "20160902T184851+0900"
      }, {
        "lat" : 35.71736,
        "lon" : 139.73235,
        "time" : "20160902T184911+0900"
      }, {
        "lat" : 35.717354,
        "lon" : 139.73209,
        "time" : "20160902T184927+0900"
      }, {
        "lat" : 35.717356,
        "lon" : 139.73185,
        "time" : "20160902T184942+0900"
      }, {
        "lat" : 35.717341,
        "lon" : 139.73165,
        "time" : "20160902T184958+0900"
      }, {
        "lat" : 35.717314,
        "lon" : 139.73137,
        "time" : "20160902T185021+0900"
      }, {
        "lat" : 35.717259,
        "lon" : 139.73116,
        "time" : "20160902T185044+0900"
      }, {
        "lat" : 35.717205,
        "lon" : 139.73068,
        "time" : "20160902T185107+0900"
      }, {
        "lat" : 35.717182,
        "lon" : 139.72995,
        "time" : "20160902T185130+0900"
      }, {
        "lat" : 35.71717,
        "lon" : 139.72939,
        "time" : "20160902T185206+0900"
      }, {
        "lat" : 35.717148,
        "lon" : 139.72932,
        "time" : "20160902T185230+0900"
      }, {
        "lat" : 35.717037,
        "lon" : 139.72895,
        "time" : "20160902T185246+0900"
      }, {
        "lat" : 35.717001,
        "lon" : 139.7287,
        "time" : "20160902T185303+0900"
      }, {
        "lat" : 35.716894,
        "lon" : 139.72863,
        "time" : "20160902T185326+0900"
      }, {
        "lat" : 35.716847,
        "lon" : 139.72865,
        "time" : "20160902T185348+0900"
      }, {
        "lat" : 35.71685,
        "lon" : 139.72857,
        "time" : "20160902T185406+0900"
      }, {
        "lat" : 35.716781,
        "lon" : 139.72804,
        "time" : "20160902T185438+0900"
      } ]
    } ],
    "lastUpdate" : "20160902T105558Z"
  }, {
    "type" : "place",
    "startTime" : "20160902T185438+0900",
    "endTime" : "20160903T133834+0900",
    "place" : {
      "id" : 105416472,
      "type" : "unknown",
      "location" : {
        "lat" : 35.7167813087,
        "lon" : 139.7280424577
      }
    },
    "activities" : [ {
      "activity" : "walking",
      "group" : "walking",
      "manual" : false,
      "startTime" : "20160902T185514+0900",
      "endTime" : "20160902T185601+0900",
      "duration" : 47.0,
      "distance" : 31.0,
      "steps" : 63,
      "calories" : 2,
      "trackPoints" : [ ]
    }, {
      "activity" : "walking",
      "group" : "walking",
      "manual" : false,
      "startTime" : "20160902T230848+0900",
      "endTime" : "20160902T230855+0900",
      "duration" : 7.0,
      "distance" : 5.0,
      "steps" : 10,
      "calories" : 0,
      "trackPoints" : [ ]
    } ],
    "lastUpdate" : "20160903T053230Z"
  } ],
  "caloriesIdle" : 1601,
  "lastUpdate" : "20160903T053230Z"
} ]