[ {
  "date" : "20150515",
  "summary" : [ {
    "activity" : "walking",
    "group" : "walking",
    "duration" : 3950.0,
    "distance" : 4688.0,
    "steps" : 6000,
    "calories" : 278
  }, {
    "activity" : "cycling",
    "group" : "cycling",
    "duration" : 1307.0,
    "distance" : 5359.0,
    "calories" : 143
  }, {
    "activity" : "transport",
    "group" : "transport",
    "duration" : 342.0,
    "distance" : 1098.0
  } ],
  "segments" : [ {
    "type" : "place",
    "startTime" : "20150514T174547+0900",
    "endTime" : "20150515T124454+0900",
    "place" : {
      "id" : 152143834,
      "type" : "unknown",
      "location" : {
        "lat" : 43.0846321394,
        "lon" : 141.3451669726
      }
    },
    "activities" : [ {
      "activity" : "walking",
      "group" : "walking",
      "manual" : false,
      "startTime" : "20150515T112111+0900",
      "endTime" : "20150515T112141+0900",
      "duration" : 30.0,
      "distance" : 15.0,
      "steps" : 20,
      "calories" : 1,
      "trackPoints" : [ ]
    }, {
      "activity" : "walking",
      "group" : "walking",
      "manual" : false,
      "startTime" : "20150515T124310+0900",
      "endTime" : "20150515T124410+0900",
      "duration" : 60.0,
      "distance" : 61.0,
      "steps" : 122,
      "calories" : 4,
      "trackPoints" : [ ]
    } ],
    "lastUpdate" : "20150515T050858Z"
  }, {
    "type" : "move",
    "startTime" : "20150515T124454+0900",
    "endTime" : "20150515T124733+0900",
    "activities" : [ {
      "activity" : "cycling",
      "group" : "cycling",
      "manual" : false,
      "startTime" : "20150515T124454+0900",
      "endTime" : "20150515T124733+0900",
      "duration" : 159.0,
      "distance" : 1024.0,
      "calories" : 26,
      "trackPoints" : [ {
        "lat" : 43.0846321394,
        "lon" : 141.3451669726,
        "time" : "20150515T124454+0900"
      }, {
        "lat" : 43.0829731416,
        "lon" : 141.3447333956,
        "time" : "20150515T124512+0900"
      }, {
        "lat" : 43.0810997728,
        "lon" : 141.3456595636,
        "time" : "20150515T124545+0900"
      }, {
        "lat" : 43.0811794883,
        "lon" : 141.3438904544,
        "time" : "20150515T124604+0900"
      }, {
        "lat" : 43.0812690769,
        "lon" : 141.3432290222,
        "time" : "20150515T124620+0900"
      }, {
        "lat" : 43.0810608677,
        "lon" : 141.3425308548,
        "time" : "20150515T124637+0900"
      }, {
        "lat" : 43.0809470782,
        "lon" : 141.3419654729,
        "time" : "20150515T124658+0900"
      }, {
        "lat" : 43.0794932905,
        "lon" : 141.3403872229,
        "time" : "20150515T124733+0900"
      } ]
    } ],
    "lastUpdate" : "20150515T050858Z"
  }, {
    "type" : "place",
    "startTime" : "20150515T124733+0900",
    "endTime" : "20150515T161759+0900",
    "place" : {
      "id" : 141367537,
      "type" : "unknown",
      "location" : {
        "lat" : 43.0794932905,
        "lon" : 141.3403872229
      }
    },
    "activities" : [ {
      "activity" : "walking",
      "group" : "walking",
      "manual" : false,
      "startTime" : "20150515T124740+0900",
      "endTime" : "20150515T125140+0900",
      "duration" : 240.0,
      "distance" : 374.0,
      "steps" : 498,
      "calories" : 22,
      "trackPoints" : [ ]
    }, {
      "activity" : "walking",
      "group" : "walking",
      "manual" : false,
      "startTime" : "20150515T143147+0900",
      "endTime" : "20150515T143517+0900",
      "duration" : 210.0,
      "distance" : 213.0,
      "steps" : 284,
      "calories" : 13,
      "trackPoints" : [ ]
    }, {
      "activity" : "walking",
      "group" : "walking",
      "manual" : false,
      "startTime" : "20150515T160525+0900",
      "endTime" : "20150515T161025+0900",
      "duration" : 300.0,
      "distance" : 319.0,
      "steps" : 426,
      "calories" : 19,
      "trackPoints" : [ ]
    } ],
    "lastUpdate" : "20150515T130359Z"
  }, {
    "type" : "move",
    "startTime" : "20150515T161759+0900",
    "endTime" : "20150515T162142+0900",
    "activities" : [ {
      "activity" : "walking",
      "group" : "walking",
      "manual" : false,
      "startTime" : "20150515T161759+0900",
      "endTime" : "20150515T162005+0900",
      "duration" : 126.0,
      "distance" : 197.0,
      "steps" : 277,
      "calories" : 12,
      "trackPoints" : [ {
        "lat" : 43.0794932905,
        "lon" : 141.3403872229,
        "time" : "20150515T161759+0900"
      }, {
        "lat" : 43.0787152728,
        "lon" : 141.3410087371,
        "time" : "20150515T161819+0900"
      }, {
        "lat" : 43.0789726509,
        "lon" : 141.3408776442,
        "time" : "20150515T161915+0900"
      }, {
        "lat" : 43.0791948917,
        "lon" : 141.3408220323,
        "time" : "20150515T161938+0900"
      }, {
        "lat" : 43.0794783112,
        "lon" : 141.340761173,
        "time" : "20150515T162005+0900"
      } ]
    }, {
      "activity" : "transport",
      "group" : "transport",
      "manual" : false,
      "startTime" : "20150515T162005+0900",
      "endTime" : "20150515T162142+0900",
      "duration" : 97.0,
      "distance" : 666.0,
      "trackPoints" : [ {
        "lat" : 43.0794783112,
        "lon" : 141.340761173,
        "time" : "20150515T162005+0900"
      }, {
        "lat" : 43.0807240941,
        "lon" : 141.3415636082,
        "time" : "20150515T162042+0900"
      }, {
        "lat" : 43.0810457566,
        "lon" : 141.3415267586,
        "time" : "20150515T162103+0900"
      }, {
        "lat" : 43.0819689302,
        "lon" : 141.3393510515,
        "time" : "20150515T162122+0900"
      }, {
        "lat" : 43.0836343046,
        "lon" : 141.3392407979,
        "time" : "20150515T162142+0900"
      } ]
    } ],
    "lastUpdate" : "20150515T130359Z"
  }, {
    "type" : "place",
    "startTime" : "20150515T162142+0900",
    "endTime" : "20150515T175430+0900",
    "place" : {
      "id" : 159021596,
      "type" : "unknown",
      "location" : {
        "lat" : 43.0836343046,
        "lon" : 141.3392407979
      }
    },
    "activities" : [ {
      "activity" : "walking",
      "group" : "walking",
      "manual" : false,
      "startTime" : "20150515T162206+0900",
      "endTime" : "20150515T162406+0900",
      "duration" : 120.0,
      "distance" : 168.0,
      "steps" : 223,
      "calories" : 10,
      "trackPoints" : [ ]
    }, {
      "activity" : "walking",
      "group" : "walking",
      "manual" : false,
      "startTime" : "20150515T171649+0900",
      "endTime" : "20150515T172112+0900",
      "duration" : 263.0,
      "distance" : 341.0,
      "steps" : 454,
      "calories" : 20,
      "trackPoints" : [ ]
    } ],
    "lastUpdate" : "20150515T130359Z"
  }, {
    "type" : "move",
    "startTime" : "20150515T175430+0900",
    "endTime" : "20150515T180206+0900",
    "activities" : [ {
      "activity" : "walking",
      "group" : "walking",
      "manual" : false,
      "startTime" : "20150515T175430+0900",
      "endTime" : "20150515T175511+0900",
      "duration" : 41.0,
      "distance" : 44.0,
      "steps" : 83,
      "calories" : 3,
      "trackPoints" : [ {
        "lat" : 43.0836343046,
        "lon" : 141.3392407979,
        "time" : "20150515T175430+0900"
      }, {
        "lat" : 43.0833099884,
        "lon" : 141.3390939809,
        "time" : "20150515T175511+0900"
      } ]
    }, {
      "activity" : "cycling",
      "group" : "cycling",
      "manual" : false,
      "startTime" : "20150515T175511+0900",
      "endTime" : "20150515T180206+0900",
      "duration" : 415.0,
      "distance" : 1513.0,
      "calories" : 41,
      "trackPoints" : [ {
        "lat" : 43.0833099884,
        "lon" : 141.3390939809,
        "time" : "20150515T175511+0900"
      }, {
        "lat" : 43.0840800067,
        "lon" : 141.3391578028,
        "time" : "20150515T175552+0900"
      }, {
        "lat" : 43.0843749104,
        "lon" : 141.3382852421,
        "time" : "20150515T175618+0900"
      }, {
        "lat" : 43.0843680992,
        "lon" : 141.3391166309,
        "time" : "20150515T175636+0900"
      }, {
        "lat" : 43.0843823331,
        "lon" : 141.3394515839,
        "time" : "20150515T175653+0900"
      }, {
        "lat" : 43.084820894,
        "lon" : 141.3396967857,
        "time" : "20150515T175709+0900"
      }, {
        "lat" : 43.085247252,
        "lon" : 141.3396420604,
        "time" : "20150515T175728+0900"
      }, {
        "lat" : 43.0861681716,
        "lon" : 141.3392185603,
        "time" : "20150515T175753+0900"
      }, {
        "lat" : 43.0867785306,
        "lon" : 141.3391799379,
        "time" : "20150515T175810+0900"
      }, {
        "lat" : 43.0873119808,
        "lon" : 141.3398914218,
        "time" : "20150515T175833+0900"
      }, {
        "lat" : 43.087548539,
        "lon" : 141.340753559,
        "time" : "20150515T175856+0900"
      }, {
        "lat" : 43.0888123998,
        "lon" : 141.3416918537,
        "time" : "20150515T175957+0900"
      }, {
        "lat" : 43.0888768239,
        "lon" : 141.3416881796,
        "time" : "20150515T175959+0900"
      }, {
        "lat" : 43.088877105,
        "lon" : 141.3416881636,
        "time" : "20150515T180000+0900"
      }, {
        "lat" : 43.0895038664,
        "lon" : 141.3416524191,
        "time" : "20150515T180022+0900"
      }, {
        "lat" : 43.0899269496,
        "lon" : 141.3408154134,
        "time" : "20150515T180052+0900"
      }, {
        "lat" : 43.0898000781,
        "lon" : 141.3399361306,
        "time" : "20150515T180118+0900"
      }, {
        "lat" : 43.0895719839,
        "lon" : 141.3387318193,
        "time" : "20150515T180138+0900"
      }, {
        "lat" : 43.0899688696,
        "lon" : 141.336395042,
        "time" : "20150515T180206+0900"
      } ]
    } ],
    "lastUpdate" : "20150515T130359Z"
  }, {
    "type" : "place",
    "startTime" : "20150515T180206+0900",
    "endTime" : "20150515T184605+0900",
    "place" : {
      "id" : 153402215,
      "type" : "unknown",
      "location" : {
        "lat" : 43.0899688696,
        "lon" : 141.336395042
      }
    },
    "activities" : [ {
      "activity" : "walking",
      "group" : "walking",
      "manual" : false,
      "startTime" : "20150515T180311+0900",
      "endTime" : "20150515T181642+0900",
      "duration" : 811.0,
      "distance" : 876.0,
      "steps" : 1167,
      "calories" : 52,
      "trackPoints" : [ ]
    } ],
    "lastUpdate" : "20150515T130359Z"
  }, {
    "type" : "move",
    "startTime" : "20150515T184605+0900",
    "endTime" : "20150515T185501+0900",
    "activities" : [ {
      "activity" : "transport",
      "group" : "transport",
      "manual" : false,
      "startTime" : "20150515T184605+0900",
      "endTime" : "20150515T185010+0900",
      "duration" : 245.0,
      "distance" : 432.0,
      "trackPoints" : [ {
        "lat" : 43.0899688696,
        "lon" : 141.336395042,
        "time" : "20150515T184605+0900"
      }, {
        "lat" : 43.0898825858,
        "lon" : 141.3369751693,
        "time" : "20150515T184625+0900"
      }, {
        "lat" : 43.0894523959,
        "lon" : 141.3373071658,
        "time" : "20150515T184647+0900"
      }, {
        "lat" : 43.0894331581,
        "lon" : 141.3374254586,
        "time" : "20150515T184704+0900"
      }, {
        "lat" : 43.0895097732,
        "lon" : 141.3376891724,
        "time" : "20150515T184726+0900"
      }, {
        "lat" : 43.0896560612,
        "lon" : 141.339201337,
        "time" : "20150515T184803+0900"
      }, {
        "lat" : 43.0897304488,
        "lon" : 141.3401467923,
        "time" : "20150515T184824+0900"
      }, {
        "lat" : 43.0897332086,
        "lon" : 141.3403520319,
        "time" : "20150515T184848+0900"
      }, {
        "lat" : 43.0897380532,
        "lon" : 141.34047433,
        "time" : "20150515T184910+0900"
      }, {
        "lat" : 43.089816333,
        "lon" : 141.3409468897,
        "time" : "20150515T185010+0900"
      } ]
    }, {
      "activity" : "cycling",
      "group" : "cycling",
      "manual" : false,
      "startTime" : "20150515T185010+0900",
      "endTime" : "20150515T185501+0900",
      "duration" : 291.0,
      "distance" : 848.0,
      "calories" : 23,
      "trackPoints" : [ {
        "lat" : 43.089816333,
        "lon" : 141.3409468897,
        "time" : "20150515T185010+0900"
      }, {
        "lat" : 43.0899570579,
        "lon" : 141.3416480904,
        "time" : "20150515T185035+0900"
      }, {
        "lat" : 43.0894896776,
        "lon" : 141.3430618113,
        "time" : "20150515T185114+0900"
      }, {
        "lat" : 43.0889285006,
        "lon" : 141.3432770372,
        "time" : "20150515T185130+0900"
      }, {
        "lat" : 43.088637879,
        "lon" : 141.3434838239,
        "time" : "20150515T185157+0900"
      }, {
        "lat" : 43.0884973957,
        "lon" : 141.3434247161,
        "time" : "20150515T185222+0900"
      }, {
        "lat" : 43.0876109659,
        "lon" : 141.3436256335,
        "time" : "20150515T185242+0900"
      }, {
        "lat" : 43.0867792017,
        "lon" : 141.3438237008,
        "time" : "20150515T185303+0900"
      }, {
        "lat" : 43.0861240893,
        "lon" : 141.3439737898,
        "time" : "20150515T185319+0900"
      }, {
        "lat" : 43.0855173753,
        "lon" : 141.3441153565,
        "time" : "20150515T185346+0900"
      }, {
        "lat" : 43.0855173753,
        "lon" : 141.3441153565,
        "time" : "20150515T185409+0900"
      }, {
        "lat" : 43.0854965521,
        "lon" : 141.3441159933,
        "time" : "20150515T185432+0900"
      }, {
        "lat" : 43.0846321394,
        "lon" : 141.3451669726,
        "time" : "20150515T185501+0900"
      } ]
    } ],
    "lastUpdate" : "20150515T130359Z"
  }, {
    "type" : "place",
    "startTime" : "20150515T185501+0900",
    "endTime" : "20150515T191037+0900",
    "place" : {
      "id" : 152143834,
      "type" : "unknown",
      "location" : {
        "lat" : 43.0846321394,
        "lon" : 141.3451669726
      }
    },
    "activities" : [ {
      "activity" : "walking",
      "group" : "walking",
      "manual" : false,
      "startTime" : "20150515T185510+0900",
      "endTime" : "20150515T185540+0900",
      "duration" : 30.0,
      "distance" : 20.0,
      "steps" : 41,
      "calories" : 1,
      "trackPoints" : [ ]
    }, {
      "activity" : "walking",
      "group" : "walking",
      "manual" : false,
      "startTime" : "20150515T190141+0900",
      "endTime" : "20150515T190241+0900",
      "duration" : 60.0,
      "distance" : 35.0,
      "steps" : 71,
      "calories" : 2,
      "trackPoints" : [ ]
    } ],
    "lastUpdate" : "20150515T130359Z"
  }, {
    "type" : "move",
    "startTime" : "20150515T191037+0900",
    "endTime" : "20150515T193323+0900",
    "activities" : [ {
      "activity" : "cycling",
      "group" : "cycling",
      "manual" : false,
      "startTime" : "20150515T191037+0900",
      "endTime" : "20150515T191759+0900",
      "duration" : 442.0,
      "distance" : 1974.0,
      "calories" : 52,
      "trackPoints" : [ {
        "lat" : 43.0846321394,
        "lon" : 141.3451669726,
        "time" : "20150515T191037+0900"
      }, {
        "lat" : 43.0796758458,
        "lon" : 141.3407955891,
        "time" : "20150515T191245+0900"
      }, {
        "lat" : 43.07875069,
        "lon" : 141.3409863199,
        "time" : "20150515T191310+0900"
      }, {
        "lat" : 43.0774338645,
        "lon" : 141.3413905609,
        "time" : "20150515T191340+0900"
      }, {
        "lat" : 43.0763103184,
        "lon" : 141.3415470664,
        "time" : "20150515T191402+0900"
      }, {
        "lat" : 43.0752742809,
        "lon" : 141.3418697921,
        "time" : "20150515T191425+0900"
      }, {
        "lat" : 43.0740587918,
        "lon" : 141.3420750314,
        "time" : "20150515T191446+0900"
      }, {
        "lat" : 43.072630029,
        "lon" : 141.342470405,
        "time" : "20150515T191513+0900"
      }, {
        "lat" : 43.0717791294,
        "lon" : 141.3428451886,
        "time" : "20150515T191529+0900"
      }, {
        "lat" : 43.0710040002,
        "lon" : 141.3428549127,
        "time" : "20150515T191550+0900"
      }, {
        "lat" : 43.0709280859,
        "lon" : 141.3437670674,
        "time" : "20150515T191607+0900"
      }, {
        "lat" : 43.0709798825,
        "lon" : 141.3440914128,
        "time" : "20150515T191626+0900"
      }, {
        "lat" : 43.0711638487,
        "lon" : 141.3441481731,
        "time" : "20150515T191643+0900"
      }, {
        "lat" : 43.0712274299,
        "lon" : 141.3442068055,
        "time" : "20150515T191716+0900"
      }, {
        "lat" : 43.0714046759,
        "lon" : 141.3443316278,
        "time" : "20150515T191743+0900"
      }, {
        "lat" : 43.0714096174,
        "lon" : 141.3442941184,
        "time" : "20150515T191758+0900"
      } ]
    }, {
      "activity" : "walking",
      "group" : "walking",
      "manual" : false,
      "startTime" : "20150515T191758+0900",
      "endTime" : "20150515T193323+0900",
      "duration" : 925.0,
      "distance" : 1167.0,
      "steps" : 1136,
      "calories" : 69,
      "trackPoints" : [ {
        "lat" : 43.0714096174,
        "lon" : 141.3442941184,
        "time" : "20150515T191758+0900"
      }, {
        "lat" : 43.0712077542,
        "lon" : 141.344198444,
        "time" : "20150515T191821+0900"
      }, {
        "lat" : 43.0710803832,
        "lon" : 141.3442017839,
        "time" : "20150515T191844+0900"
      }, {
        "lat" : 43.0707945031,
        "lon" : 141.344841638,
        "time" : "20150515T191907+0900"
      }, {
        "lat" : 43.0706170561,
        "lon" : 141.345563603,
        "time" : "20150515T191935+0900"
      }, {
        "lat" : 43.0706184215,
        "lon" : 141.3451122,
        "time" : "20150515T192009+0900"
      }, {
        "lat" : 43.070722406,
        "lon" : 141.3445256835,
        "time" : "20150515T192032+0900"
      }, {
        "lat" : 43.0707428471,
        "lon" : 141.3440625267,
        "time" : "20150515T192048+0900"
      }, {
        "lat" : 43.0699622762,
        "lon" : 141.3444550168,
        "time" : "20150515T192123+0900"
      }, {
        "lat" : 43.0696744505,
        "lon" : 141.3445083605,
        "time" : "20150515T192139+0900"
      }, {
        "lat" : 43.0696046179,
        "lon" : 141.3445925293,
        "time" : "20150515T192155+0900"
      }, {
        "lat" : 43.0695430861,
        "lon" : 141.3449024228,
        "time" : "20150515T192218+0900"
      }, {
        "lat" : 43.0695503577,
        "lon" : 141.3452136716,
        "time" : "20150515T192241+0900"
      }, {
        "lat" : 43.0695551567,
        "lon" : 141.3454864632,
        "time" : "20150515T192304+0900"
      }, {
        "lat" : 43.0696757404,
        "lon" : 141.3460290131,
        "time" : "20150515T192338+0900"
      }, {
        "lat" : 43.0697074306,
        "lon" : 141.3462533681,
        "time" : "20150515T192401+0900"
      }, {
        "lat" : 43.0696901325,
        "lon" : 141.3463631082,
        "time" : "20150515T192421+0900"
      }, {
        "lat" : 43.0695886369,
        "lon" : 141.3468335419,
        "time" : "20150515T192455+0900"
      }, {
        "lat" : 43.0697686187,
        "lon" : 141.3468586509,
        "time" : "20150515T192516+0900"
      }, {
        "lat" : 43.0698523627,
        "lon" : 141.3474681091,
        "time" : "20150515T192546+0900"
      }, {
        "lat" : 43.0698521098,
        "lon" : 141.347825238,
        "time" : "20150515T192604+0900"
      }, {
        "lat" : 43.0697830485,
        "lon" : 141.348049429,
        "time" : "20150515T192625+0900"
      }, {
        "lat" : 43.0695803004,
        "lon" : 141.3481447673,
        "time" : "20150515T192648+0900"
      }, {
        "lat" : 43.0693887787,
        "lon" : 141.3482110669,
        "time" : "20150515T192710+0900"
      }, {
        "lat" : 43.069010629,
        "lon" : 141.3483115567,
        "time" : "20150515T192733+0900"
      }, {
        "lat" : 43.0687674953,
        "lon" : 141.3484040885,
        "time" : "20150515T192754+0900"
      }, {
        "lat" : 43.0687781733,
        "lon" : 141.3485249733,
        "time" : "20150515T192813+0900"
      }, {
        "lat" : 43.0687325013,
        "lon" : 141.3485153202,
        "time" : "20150515T192835+0900"
      }, {
        "lat" : 43.0684848258,
        "lon" : 141.3484633986,
        "time" : "20150515T192851+0900"
      }, {
        "lat" : 43.0682517859,
        "lon" : 141.3484635937,
        "time" : "20150515T192908+0900"
      }, {
        "lat" : 43.0680059561,
        "lon" : 141.3485811432,
        "time" : "20150515T192931+0900"
      }, {
        "lat" : 43.0680244291,
        "lon" : 141.3488432973,
        "time" : "20150515T192955+0900"
      }, {
        "lat" : 43.0680871732,
        "lon" : 141.3490118239,
        "time" : "20150515T193021+0900"
      }, {
        "lat" : 43.0681820368,
        "lon" : 141.3491503506,
        "time" : "20150515T193204+0900"
      }, {
        "lat" : 43.0683976464,
        "lon" : 141.3495821386,
        "time" : "20150515T193223+0900"
      }, {
        "lat" : 43.0685569397,
        "lon" : 141.3499485727,
        "time" : "20150515T193249+0900"
      }, {
        "lat" : 43.0687414177,
        "lon" : 141.3499193678,
        "time" : "20150515T193323+0900"
      } ]
    } ],
    "lastUpdate" : "20150515T130359Z"
  }, {
    "type" : "place",
    "startTime" : "20150515T193323+0900",
    "endTime" : "20150515T203310+0900",
    "place" : {
      "id" : 141367535,
      "type" : "unknown",
      "location" : {
        "lat" : 43.0687414177,
        "lon" : 141.3499193678
      }
    },
    "activities" : [ {
      "activity" : "walking",
      "group" : "walking",
      "manual" : false,
      "startTime" : "20150515T193612+0900",
      "endTime" : "20150515T193642+0900",
      "duration" : 30.0,
      "distance" : 20.0,
      "steps" : 41,
      "calories" : 1,
      "trackPoints" : [ ]
    } ],
    "lastUpdate" : "20150515T143403Z"
  }, {
    "type" : "move",
    "startTime" : "20150515T203310+0900",
    "endTime" : "20150515T204053+0900",
    "activities" : [ {
      "activity" : "walking",
      "group" : "walking",
      "manual" : false,
      "startTime" : "20150515T203310+0900",
      "endTime" : "20150515T204054+0900",
      "duration" : 464.0,
      "distance" : 557.0,
      "steps" : 783,
      "calories" : 33,
      "trackPoints" : [ {
        "lat" : 43.0687414177,
        "lon" : 141.3499193678,
        "time" : "20150515T203310+0900"
      }, {
        "lat" : 43.0687403706,
        "lon" : 141.3502079236,
        "time" : "20150515T203333+0900"
      }, {
        "lat" : 43.0685135721,
        "lon" : 141.3502153161,
        "time" : "20150515T203402+0900"
      }, {
        "lat" : 43.068317926,
        "lon" : 141.3502767293,
        "time" : "20150515T203419+0900"
      }, {
        "lat" : 43.0680236467,
        "lon" : 141.3503805694,
        "time" : "20150515T203440+0900"
      }, {
        "lat" : 43.0676232535,
        "lon" : 141.3505311741,
        "time" : "20150515T203504+0900"
      }, {
        "lat" : 43.0674772139,
        "lon" : 141.3506228649,
        "time" : "20150515T203520+0900"
      }, {
        "lat" : 43.0674329287,
        "lon" : 141.3506670174,
        "time" : "20150515T203539+0900"
      }, {
        "lat" : 43.0674241708,
        "lon" : 141.350673909,
        "time" : "20150515T203616+0900"
      }, {
        "lat" : 43.0674269493,
        "lon" : 141.3506690092,
        "time" : "20150515T203632+0900"
      }, {
        "lat" : 43.0674863877,
        "lon" : 141.3505831295,
        "time" : "20150515T203652+0900"
      }, {
        "lat" : 43.0677263265,
        "lon" : 141.350358044,
        "time" : "20150515T203715+0900"
      }, {
        "lat" : 43.0678811708,
        "lon" : 141.3500264685,
        "time" : "20150515T203738+0900"
      }, {
        "lat" : 43.0679377659,
        "lon" : 141.3495956056,
        "time" : "20150515T203758+0900"
      }, {
        "lat" : 43.0679233335,
        "lon" : 141.3488111375,
        "time" : "20150515T203829+0900"
      }, {
        "lat" : 43.0678987622,
        "lon" : 141.3486044413,
        "time" : "20150515T203849+0900"
      }, {
        "lat" : 43.0678475595,
        "lon" : 141.3485397138,
        "time" : "20150515T203907+0900"
      }, {
        "lat" : 43.0678477473,
        "lon" : 141.3484790337,
        "time" : "20150515T203927+0900"
      }, {
        "lat" : 43.0679713061,
        "lon" : 141.3484173431,
        "time" : "20150515T203946+0900"
      }, {
        "lat" : 43.0682958681,
        "lon" : 141.3484182183,
        "time" : "20150515T204012+0900"
      }, {
        "lat" : 43.0685336285,
        "lon" : 141.348400467,
        "time" : "20150515T204035+0900"
      }, {
        "lat" : 43.0693335315,
        "lon" : 141.3481953453,
        "time" : "20150515T204053+0900"
      } ]
    } ],
    "lastUpdate" : "20150515T143403Z"
  }, {
    "type" : "place",
    "startTime" : "20150515T204053+0900",
    "endTime" : "20150515T205107+0900",
    "place" : {
      "id" : 161340708,
      "type" : "unknown",
      "location" : {
        "lat" : 43.0693335315,
        "lon" : 141.3481953453
      }
    },
    "activities" : [ {
      "activity" : "walking",
      "group" : "walking",
      "manual" : false,
      "startTime" : "20150515T204221+0900",
      "endTime" : "20150515T204621+0900",
      "duration" : 240.0,
      "distance" : 281.0,
      "steps" : 374,
      "calories" : 17,
      "trackPoints" : [ ]
    } ],
    "lastUpdate" : "20150515T143403Z"
  }, {
    "type" : "place",
    "startTime" : "20150515T220427+0900",
    "endTime" : "20150516T102950+0900",
    "place" : {
      "id" : 152143834,
      "type" : "unknown",
      "location" : {
        "lat" : 43.0846321394,
        "lon" : 141.3451669726
      }
    },
    "lastUpdate" : "20150516T033949Z"
  } ],
  "caloriesIdle" : 1706,
  "lastUpdate" : "20150516T033949Z"
} ]