[ {
  "date" : "20150916",
  "summary" : [ {
    "activity" : "walking",
    "group" : "walking",
    "duration" : 5336.0,
    "distance" : 4720.0,
    "steps" : 7825,
    "calories" : 280
  }, {
    "activity" : "transport",
    "group" : "transport",
    "duration" : 6823.0,
    "distance" : 56264.0
  }, {
    "activity" : "running",
    "group" : "running",
    "duration" : 159.0,
    "distance" : 424.0,
    "steps" : 382,
    "calories" : 31
  } ],
  "segments" : [ {
    "type" : "place",
    "startTime" : "20150916T080344+0900",
    "endTime" : "20150916T080821+0900",
    "place" : {
      "id" : 128210246,
      "type" : "unknown",
      "location" : {
        "lat" : 35.9122977722,
        "lon" : 139.9077045032
      }
    },
    "lastUpdate" : "20150916T043432Z"
  }, {
    "type" : "move",
    "startTime" : "20150916T080821+0900",
    "endTime" : "20150916T081359+0900",
    "activities" : [ {
      "activity" : "walking",
      "group" : "walking",
      "manual" : false,
      "startTime" : "20150916T080821+0900",
      "endTime" : "20150916T081359+0900",
      "duration" : 338.0,
      "distance" : 332.0,
      "steps" : 553,
      "calories" : 20,
      "trackPoints" : [ {
        "lat" : 35.9122977722,
        "lon" : 139.9077045032,
        "time" : "20150916T080821+0900"
      }, {
        "lat" : 35.9128231963,
        "lon" : 139.9076488848,
        "time" : "20150916T080844+0900"
      }, {
        "lat" : 35.9131918915,
        "lon" : 139.9073743491,
        "time" : "20150916T080907+0900"
      }, {
        "lat" : 35.913437978,
        "lon" : 139.9070401362,
        "time" : "20150916T080926+0900"
      }, {
        "lat" : 35.9135725158,
        "lon" : 139.9068743167,
        "time" : "20150916T080943+0900"
      }, {
        "lat" : 35.9136517038,
        "lon" : 139.9068470304,
        "time" : "20150916T081003+0900"
      }, {
        "lat" : 35.9137725573,
        "lon" : 139.906931039,
        "time" : "20150916T081030+0900"
      }, {
        "lat" : 35.9138629687,
        "lon" : 139.9069912049,
        "time" : "20150916T081045+0900"
      }, {
        "lat" : 35.9141356764,
        "lon" : 139.9069103523,
        "time" : "20150916T081108+0900"
      }, {
        "lat" : 35.9142881492,
        "lon" : 139.9066990935,
        "time" : "20150916T081134+0900"
      }, {
        "lat" : 35.914259308,
        "lon" : 139.9065555159,
        "time" : "20150916T081149+0900"
      }, {
        "lat" : 35.9142500391,
        "lon" : 139.9063551361,
        "time" : "20150916T081213+0900"
      }, {
        "lat" : 35.9142658327,
        "lon" : 139.9063079783,
        "time" : "20150916T081232+0900"
      }, {
        "lat" : 35.9143882955,
        "lon" : 139.9061767016,
        "time" : "20150916T081308+0900"
      }, {
        "lat" : 35.9144756626,
        "lon" : 139.9060874544,
        "time" : "20150916T081359+0900"
      } ]
    } ],
    "lastUpdate" : "20150916T043432Z"
  }, {
    "type" : "place",
    "startTime" : "20150916T081359+0900",
    "endTime" : "20150916T081813+0900",
    "place" : {
      "id" : 113155441,
      "type" : "unknown",
      "location" : {
        "lat" : 35.9144756626,
        "lon" : 139.9060874544
      }
    },
    "lastUpdate" : "20150916T043432Z"
  }, {
    "type" : "move",
    "startTime" : "20150916T081813+0900",
    "endTime" : "20150916T092115+0900",
    "activities" : [ {
      "activity" : "transport",
      "group" : "transport",
      "manual" : false,
      "startTime" : "20150916T081813+0900",
      "endTime" : "20150916T082509+0900",
      "duration" : 416.0,
      "distance" : 5801.0,
      "trackPoints" : [ {
        "lat" : 35.9144756626,
        "lon" : 139.9060874544,
        "time" : "20150916T081813+0900"
      }, {
        "lat" : 35.911999342,
        "lon" : 139.9062342472,
        "time" : "20150916T081842+0900"
      }, {
        "lat" : 35.9070639163,
        "lon" : 139.9072490815,
        "time" : "20150916T081908+0900"
      }, {
        "lat" : 35.9038258465,
        "lon" : 139.9078065705,
        "time" : "20150916T081926+0900"
      }, {
        "lat" : 35.8975549513,
        "lon" : 139.9103168219,
        "time" : "20150916T082006+0900"
      }, {
        "lat" : 35.8973758607,
        "lon" : 139.9104049044,
        "time" : "20150916T082112+0900"
      }, {
        "lat" : 35.8971486914,
        "lon" : 139.9105411794,
        "time" : "20150916T082156+0900"
      }, {
        "lat" : 35.8891943615,
        "lon" : 139.9149169819,
        "time" : "20150916T082218+0900"
      }, {
        "lat" : 35.8844010654,
        "lon" : 139.9175666448,
        "time" : "20150916T082247+0900"
      }, {
        "lat" : 35.8840099907,
        "lon" : 139.917918096,
        "time" : "20150916T082307+0900"
      }, {
        "lat" : 35.8720661071,
        "lon" : 139.9258427339,
        "time" : "20150916T082508+0900"
      } ]
    }, {
      "activity" : "walking",
      "group" : "walking",
      "manual" : false,
      "startTime" : "20150916T082508+0900",
      "endTime" : "20150916T082708+0900",
      "duration" : 120.0,
      "distance" : 102.0,
      "steps" : 204,
      "calories" : 6,
      "trackPoints" : [ {
        "lat" : 35.8720661071,
        "lon" : 139.9258427339,
        "time" : "20150916T082508+0900"
      }, {
        "lat" : 35.8720224547,
        "lon" : 139.925863638,
        "time" : "20150916T082543+0900"
      }, {
        "lat" : 35.8719725086,
        "lon" : 139.9255730228,
        "time" : "20150916T082624+0900"
      }, {
        "lat" : 35.8719041846,
        "lon" : 139.9254082707,
        "time" : "20150916T082644+0900"
      }, {
        "lat" : 35.8718754358,
        "lon" : 139.9253000162,
        "time" : "20150916T082709+0900"
      } ]
    }, {
      "activity" : "transport",
      "group" : "transport",
      "manual" : false,
      "startTime" : "20150916T082709+0900",
      "endTime" : "20150916T091004+0900",
      "duration" : 2575.0,
      "distance" : 29688.0,
      "trackPoints" : [ {
        "lat" : 35.8718754358,
        "lon" : 139.9253000162,
        "time" : "20150916T082709+0900"
      }, {
        "lat" : 35.8717217919,
        "lon" : 139.925036118,
        "time" : "20150916T082735+0900"
      }, {
        "lat" : 35.8716265799,
        "lon" : 139.9249158902,
        "time" : "20150916T082823+0900"
      }, {
        "lat" : 35.871593955,
        "lon" : 139.9248770621,
        "time" : "20150916T082846+0900"
      }, {
        "lat" : 35.871593955,
        "lon" : 139.9248770621,
        "time" : "20150916T082903+0900"
      }, {
        "lat" : 35.871593955,
        "lon" : 139.9248770621,
        "time" : "20150916T082930+0900"
      }, {
        "lat" : 35.8711285176,
        "lon" : 139.9243282069,
        "time" : "20150916T083002+0900"
      }, {
        "lat" : 35.8668177745,
        "lon" : 139.9196633213,
        "time" : "20150916T083021+0900"
      }, {
        "lat" : 35.8592860613,
        "lon" : 139.9163730487,
        "time" : "20150916T083053+0900"
      }, {
        "lat" : 35.8550421302,
        "lon" : 139.9153345125,
        "time" : "20150916T083119+0900"
      }, {
        "lat" : 35.8545183766,
        "lon" : 139.915245003,
        "time" : "20150916T083149+0900"
      }, {
        "lat" : 35.8544303082,
        "lon" : 139.9152217016,
        "time" : "20150916T083210+0900"
      }, {
        "lat" : 35.8381578646,
        "lon" : 139.9037437691,
        "time" : "20150916T083355+0900"
      }, {
        "lat" : 35.8378416974,
        "lon" : 139.9032074734,
        "time" : "20150916T083444+0900"
      }, {
        "lat" : 35.8244190341,
        "lon" : 139.8783197017,
        "time" : "20150916T083659+0900"
      }, {
        "lat" : 35.82426268,
        "lon" : 139.8780850629,
        "time" : "20150916T083720+0900"
      }, {
        "lat" : 35.8241989993,
        "lon" : 139.8779983362,
        "time" : "20150916T083745+0900"
      }, {
        "lat" : 35.814387983,
        "lon" : 139.8545879159,
        "time" : "20150916T083922+0900"
      }, {
        "lat" : 35.8081160346,
        "lon" : 139.8453441427,
        "time" : "20150916T084001+0900"
      }, {
        "lat" : 35.8078506403,
        "lon" : 139.8449958417,
        "time" : "20150916T084016+0900"
      }, {
        "lat" : 35.8077125218,
        "lon" : 139.8448307349,
        "time" : "20150916T084040+0900"
      }, {
        "lat" : 35.8076688191,
        "lon" : 139.8447966149,
        "time" : "20150916T084056+0900"
      }, {
        "lat" : 35.8076708957,
        "lon" : 139.8447945932,
        "time" : "20150916T084116+0900"
      }, {
        "lat" : 35.8031080307,
        "lon" : 139.8377540238,
        "time" : "20150916T084155+0900"
      }, {
        "lat" : 35.7495212169,
        "lon" : 139.8052629906,
        "time" : "20150916T084947+0900"
      }, {
        "lat" : 35.7492276111,
        "lon" : 139.8051519585,
        "time" : "20150916T085010+0900"
      }, {
        "lat" : 35.7491553059,
        "lon" : 139.8051369725,
        "time" : "20150916T085034+0900"
      }, {
        "lat" : 35.7490762573,
        "lon" : 139.8051081687,
        "time" : "20150916T085110+0900"
      }, {
        "lat" : 35.7333031039,
        "lon" : 139.7988328592,
        "time" : "20150916T085256+0900"
      }, {
        "lat" : 35.732922241,
        "lon" : 139.7987027601,
        "time" : "20150916T085324+0900"
      }, {
        "lat" : 35.7300206747,
        "lon" : 139.7961851846,
        "time" : "20150916T085529+0900"
      }, {
        "lat" : 35.7217459248,
        "lon" : 139.7806603101,
        "time" : "20150916T085959+0900"
      }, {
        "lat" : 35.7217456185,
        "lon" : 139.7806597353,
        "time" : "20150916T090000+0900"
      }, {
        "lat" : 35.7032538537,
        "lon" : 139.7459659583,
        "time" : "20150916T091003+0900"
      } ]
    }, {
      "activity" : "walking",
      "group" : "walking",
      "manual" : false,
      "startTime" : "20150916T091003+0900",
      "endTime" : "20150916T091422+0900",
      "duration" : 259.0,
      "distance" : 335.0,
      "steps" : 407,
      "calories" : 20,
      "trackPoints" : [ {
        "lat" : 35.7032538537,
        "lon" : 139.7459659583,
        "time" : "20150916T091003+0900"
      }, {
        "lat" : 35.7024020847,
        "lon" : 139.7443788357,
        "time" : "20150916T091154+0900"
      }, {
        "lat" : 35.702333291,
        "lon" : 139.7442572404,
        "time" : "20150916T091223+0900"
      }, {
        "lat" : 35.7023265722,
        "lon" : 139.7442412607,
        "time" : "20150916T091241+0900"
      }, {
        "lat" : 35.702380923,
        "lon" : 139.744321263,
        "time" : "20150916T091301+0900"
      }, {
        "lat" : 35.702529381,
        "lon" : 139.7445448041,
        "time" : "20150916T091324+0900"
      }, {
        "lat" : 35.7027714135,
        "lon" : 139.7449086951,
        "time" : "20150916T091341+0900"
      }, {
        "lat" : 35.7029598237,
        "lon" : 139.744698806,
        "time" : "20150916T091422+0900"
      } ]
    }, {
      "activity" : "transport",
      "group" : "transport",
      "manual" : false,
      "startTime" : "20150916T091422+0900",
      "endTime" : "20150916T092115+0900",
      "duration" : 413.0,
      "distance" : 2473.0,
      "trackPoints" : [ {
        "lat" : 35.7029598237,
        "lon" : 139.744698806,
        "time" : "20150916T091422+0900"
      }, {
        "lat" : 35.7167813087,
        "lon" : 139.7280424577,
        "time" : "20150916T092115+0900"
      } ]
    } ],
    "lastUpdate" : "20150916T043432Z"
  }, {
    "type" : "place",
    "startTime" : "20150916T092116+0900",
    "endTime" : "20150916T112207+0900",
    "place" : {
      "id" : 105416472,
      "type" : "unknown",
      "location" : {
        "lat" : 35.7167813087,
        "lon" : 139.7280424577
      }
    },
    "activities" : [ {
      "activity" : "walking",
      "group" : "walking",
      "manual" : false,
      "startTime" : "20150916T092123+0900",
      "endTime" : "20150916T092623+0900",
      "duration" : 300.0,
      "distance" : 299.0,
      "steps" : 398,
      "calories" : 18,
      "trackPoints" : [ ]
    } ],
    "lastUpdate" : "20150916T043432Z"
  }, {
    "type" : "move",
    "startTime" : "20150916T112207+0900",
    "endTime" : "20150916T114320+0900",
    "activities" : [ {
      "activity" : "walking",
      "group" : "walking",
      "manual" : false,
      "startTime" : "20150916T112207+0900",
      "endTime" : "20150916T112744+0900",
      "duration" : 337.0,
      "distance" : 291.0,
      "steps" : 583,
      "calories" : 17,
      "trackPoints" : [ {
        "lat" : 35.7167813087,
        "lon" : 139.7280424577,
        "time" : "20150916T112207+0900"
      }, {
        "lat" : 35.7170021913,
        "lon" : 139.7283949166,
        "time" : "20150916T112226+0900"
      }, {
        "lat" : 35.7171948565,
        "lon" : 139.7284114558,
        "time" : "20150916T112254+0900"
      }, {
        "lat" : 35.7173706065,
        "lon" : 139.7283195906,
        "time" : "20150916T112312+0900"
      }, {
        "lat" : 35.7175724019,
        "lon" : 139.7282098773,
        "time" : "20150916T112329+0900"
      }, {
        "lat" : 35.7178341034,
        "lon" : 139.7280237591,
        "time" : "20150916T112348+0900"
      }, {
        "lat" : 35.7178452387,
        "lon" : 139.7279415188,
        "time" : "20150916T112408+0900"
      }, {
        "lat" : 35.7178964459,
        "lon" : 139.7278248773,
        "time" : "20150916T112448+0900"
      }, {
        "lat" : 35.7179595026,
        "lon" : 139.7277529893,
        "time" : "20150916T112512+0900"
      }, {
        "lat" : 35.7180973184,
        "lon" : 139.7276177659,
        "time" : "20150916T112554+0900"
      }, {
        "lat" : 35.7186403506,
        "lon" : 139.7270635661,
        "time" : "20150916T112745+0900"
      } ]
    }, {
      "activity" : "transport",
      "group" : "transport",
      "manual" : false,
      "startTime" : "20150916T112745+0900",
      "endTime" : "20150916T113116+0900",
      "duration" : 211.0,
      "distance" : 1295.0,
      "trackPoints" : [ {
        "lat" : 35.7186403506,
        "lon" : 139.7270635661,
        "time" : "20150916T112745+0900"
      }, {
        "lat" : 35.7264403698,
        "lon" : 139.7191031384,
        "time" : "20150916T113116+0900"
      } ]
    }, {
      "activity" : "walking",
      "group" : "walking",
      "manual" : false,
      "startTime" : "20150916T113116+0900",
      "endTime" : "20150916T114320+0900",
      "duration" : 724.0,
      "distance" : 612.0,
      "steps" : 1200,
      "calories" : 36,
      "trackPoints" : [ {
        "lat" : 35.7264403698,
        "lon" : 139.7191031384,
        "time" : "20150916T113116+0900"
      }, {
        "lat" : 35.7265873923,
        "lon" : 139.7189530925,
        "time" : "20150916T113146+0900"
      }, {
        "lat" : 35.726482616,
        "lon" : 139.7190408728,
        "time" : "20150916T113204+0900"
      }, {
        "lat" : 35.7265509471,
        "lon" : 139.7189727017,
        "time" : "20150916T113223+0900"
      }, {
        "lat" : 35.7266120643,
        "lon" : 139.7189130866,
        "time" : "20150916T113246+0900"
      }, {
        "lat" : 35.7266669331,
        "lon" : 139.7188624846,
        "time" : "20150916T113313+0900"
      }, {
        "lat" : 35.7267288535,
        "lon" : 139.718805025,
        "time" : "20150916T113330+0900"
      }, {
        "lat" : 35.7267741666,
        "lon" : 139.7187534664,
        "time" : "20150916T113352+0900"
      }, {
        "lat" : 35.7267853388,
        "lon" : 139.7187204157,
        "time" : "20150916T113410+0900"
      }, {
        "lat" : 35.7268251717,
        "lon" : 139.7186592104,
        "time" : "20150916T113429+0900"
      }, {
        "lat" : 35.7269035777,
        "lon" : 139.7185608311,
        "time" : "20150916T113446+0900"
      }, {
        "lat" : 35.7271364319,
        "lon" : 139.7185577219,
        "time" : "20150916T113514+0900"
      }, {
        "lat" : 35.727356126,
        "lon" : 139.7185846234,
        "time" : "20150916T113529+0900"
      }, {
        "lat" : 35.7278536737,
        "lon" : 139.7184861426,
        "time" : "20150916T113556+0900"
      }, {
        "lat" : 35.7280098616,
        "lon" : 139.7186598269,
        "time" : "20150916T113618+0900"
      }, {
        "lat" : 35.7280307915,
        "lon" : 139.7187354936,
        "time" : "20150916T113634+0900"
      }, {
        "lat" : 35.7282513967,
        "lon" : 139.7187841757,
        "time" : "20150916T113702+0900"
      }, {
        "lat" : 35.7287164898,
        "lon" : 139.7183597357,
        "time" : "20150916T113732+0900"
      }, {
        "lat" : 35.7289835662,
        "lon" : 139.7180248153,
        "time" : "20150916T113747+0900"
      }, {
        "lat" : 35.7290995516,
        "lon" : 139.7178590897,
        "time" : "20150916T113805+0900"
      }, {
        "lat" : 35.7292164181,
        "lon" : 139.7177115958,
        "time" : "20150916T113828+0900"
      }, {
        "lat" : 35.7293109132,
        "lon" : 139.7176086996,
        "time" : "20150916T113844+0900"
      }, {
        "lat" : 35.7295650336,
        "lon" : 139.7174589865,
        "time" : "20150916T113909+0900"
      }, {
        "lat" : 35.7297295469,
        "lon" : 139.7172869408,
        "time" : "20150916T113933+0900"
      }, {
        "lat" : 35.7296026701,
        "lon" : 139.7171164271,
        "time" : "20150916T113951+0900"
      }, {
        "lat" : 35.729846983,
        "lon" : 139.7170257924,
        "time" : "20150916T114014+0900"
      }, {
        "lat" : 35.7301005528,
        "lon" : 139.7169222781,
        "time" : "20150916T114040+0900"
      }, {
        "lat" : 35.7301159461,
        "lon" : 139.7166902549,
        "time" : "20150916T114114+0900"
      }, {
        "lat" : 35.7301200752,
        "lon" : 139.7165735719,
        "time" : "20150916T114133+0900"
      }, {
        "lat" : 35.7300865711,
        "lon" : 139.7165331239,
        "time" : "20150916T114206+0900"
      }, {
        "lat" : 35.7300571008,
        "lon" : 139.7165323808,
        "time" : "20150916T114243+0900"
      }, {
        "lat" : 35.7300503751,
        "lon" : 139.7165352182,
        "time" : "20150916T114301+0900"
      }, {
        "lat" : 35.7300909219,
        "lon" : 139.7165876432,
        "time" : "20150916T114320+0900"
      } ]
    } ],
    "lastUpdate" : "20150916T043432Z"
  }, {
    "type" : "place",
    "startTime" : "20150916T114320+0900",
    "endTime" : "20150916T122841+0900",
    "place" : {
      "id" : 205280855,
      "type" : "unknown",
      "location" : {
        "lat" : 35.7300909219,
        "lon" : 139.7165876432
      }
    },
    "activities" : [ {
      "activity" : "walking",
      "group" : "walking",
      "manual" : false,
      "startTime" : "20150916T115217+0900",
      "endTime" : "20150916T115317+0900",
      "duration" : 60.0,
      "distance" : 56.0,
      "steps" : 112,
      "calories" : 3,
      "trackPoints" : [ ]
    }, {
      "activity" : "walking",
      "group" : "walking",
      "manual" : false,
      "startTime" : "20150916T121219+0900",
      "endTime" : "20150916T121319+0900",
      "duration" : 60.0,
      "distance" : 46.0,
      "steps" : 92,
      "calories" : 3,
      "trackPoints" : [ ]
    } ],
    "lastUpdate" : "20150916T113317Z"
  }, {
    "type" : "move",
    "startTime" : "20150916T122841+0900",
    "endTime" : "20150916T123531+0900",
    "activities" : [ {
      "activity" : "walking",
      "group" : "walking",
      "manual" : false,
      "startTime" : "20150916T122841+0900",
      "endTime" : "20150916T123531+0900",
      "duration" : 410.0,
      "distance" : 248.0,
      "steps" : 439,
      "calories" : 15,
      "trackPoints" : [ {
        "lat" : 35.7300909219,
        "lon" : 139.7165876432,
        "time" : "20150916T122841+0900"
      }, {
        "lat" : 35.7301040871,
        "lon" : 139.7165951677,
        "time" : "20150916T122904+0900"
      }, {
        "lat" : 35.7300989112,
        "lon" : 139.7166006288,
        "time" : "20150916T122924+0900"
      }, {
        "lat" : 35.7301020163,
        "lon" : 139.7166059143,
        "time" : "20150916T122942+0900"
      }, {
        "lat" : 35.7301222758,
        "lon" : 139.71661564,
        "time" : "20150916T123002+0900"
      }, {
        "lat" : 35.7301270073,
        "lon" : 139.7165986294,
        "time" : "20150916T123023+0900"
      }, {
        "lat" : 35.7300738583,
        "lon" : 139.7166648847,
        "time" : "20150916T123053+0900"
      }, {
        "lat" : 35.7299098495,
        "lon" : 139.7171469503,
        "time" : "20150916T123124+0900"
      }, {
        "lat" : 35.7298268484,
        "lon" : 139.7174462539,
        "time" : "20150916T123144+0900"
      }, {
        "lat" : 35.7297962271,
        "lon" : 139.7175171331,
        "time" : "20150916T123159+0900"
      }, {
        "lat" : 35.7298058392,
        "lon" : 139.7175801624,
        "time" : "20150916T123223+0900"
      }, {
        "lat" : 35.7298620509,
        "lon" : 139.7176470314,
        "time" : "20150916T123246+0900"
      }, {
        "lat" : 35.7299105765,
        "lon" : 139.7177369829,
        "time" : "20150916T123301+0900"
      }, {
        "lat" : 35.7300152321,
        "lon" : 139.7177421276,
        "time" : "20150916T123325+0900"
      }, {
        "lat" : 35.7298975018,
        "lon" : 139.7180063286,
        "time" : "20150916T123347+0900"
      }, {
        "lat" : 35.7297495272,
        "lon" : 139.718261152,
        "time" : "20150916T123413+0900"
      }, {
        "lat" : 35.7297258115,
        "lon" : 139.7183118155,
        "time" : "20150916T123441+0900"
      }, {
        "lat" : 35.7294838614,
        "lon" : 139.718503975,
        "time" : "20150916T123508+0900"
      }, {
        "lat" : 35.7293699832,
        "lon" : 139.7184432035,
        "time" : "20150916T123531+0900"
      } ]
    } ],
    "lastUpdate" : "20150916T113317Z"
  }, {
    "type" : "place",
    "startTime" : "20150916T123531+0900",
    "endTime" : "20150916T133442+0900",
    "place" : {
      "id" : 201865459,
      "type" : "unknown",
      "location" : {
        "lat" : 35.7293699832,
        "lon" : 139.7184432035
      }
    },
    "activities" : [ {
      "activity" : "walking",
      "group" : "walking",
      "manual" : false,
      "startTime" : "20150916T123621+0900",
      "endTime" : "20150916T123721+0900",
      "duration" : 60.0,
      "distance" : 56.0,
      "steps" : 112,
      "calories" : 3,
      "trackPoints" : [ ]
    } ],
    "lastUpdate" : "20150916T113317Z"
  }, {
    "type" : "move",
    "startTime" : "20150916T133442+0900",
    "endTime" : "20150916T134246+0900",
    "activities" : [ {
      "activity" : "walking",
      "group" : "walking",
      "manual" : false,
      "startTime" : "20150916T133442+0900",
      "endTime" : "20150916T134245+0900",
      "duration" : 483.0,
      "distance" : 356.0,
      "steps" : 534,
      "calories" : 21,
      "trackPoints" : [ {
        "lat" : 35.7293699832,
        "lon" : 139.7184432035,
        "time" : "20150916T133442+0900"
      }, {
        "lat" : 35.7291607118,
        "lon" : 139.7187966256,
        "time" : "20150916T133542+0900"
      }, {
        "lat" : 35.7290931013,
        "lon" : 139.7188730334,
        "time" : "20150916T133603+0900"
      }, {
        "lat" : 35.7290676382,
        "lon" : 139.7188945706,
        "time" : "20150916T133625+0900"
      }, {
        "lat" : 35.7290557509,
        "lon" : 139.7188892759,
        "time" : "20150916T133643+0900"
      }, {
        "lat" : 35.729014462,
        "lon" : 139.7189105994,
        "time" : "20150916T133733+0900"
      }, {
        "lat" : 35.7289390417,
        "lon" : 139.7189559808,
        "time" : "20150916T133756+0900"
      }, {
        "lat" : 35.728924573,
        "lon" : 139.7190047562,
        "time" : "20150916T133812+0900"
      }, {
        "lat" : 35.7289289816,
        "lon" : 139.7191082299,
        "time" : "20150916T133839+0900"
      }, {
        "lat" : 35.7286832829,
        "lon" : 139.7192148015,
        "time" : "20150916T133915+0900"
      }, {
        "lat" : 35.7283429844,
        "lon" : 139.7191006196,
        "time" : "20150916T133936+0900"
      }, {
        "lat" : 35.7280221332,
        "lon" : 139.7188185723,
        "time" : "20150916T133953+0900"
      }, {
        "lat" : 35.7279649264,
        "lon" : 139.718780165,
        "time" : "20150916T134028+0900"
      }, {
        "lat" : 35.7278919014,
        "lon" : 139.7187144473,
        "time" : "20150916T134047+0900"
      }, {
        "lat" : 35.727704568,
        "lon" : 139.7186552992,
        "time" : "20150916T134113+0900"
      }, {
        "lat" : 35.7268575062,
        "lon" : 139.7184686199,
        "time" : "20150916T134246+0900"
      } ]
    } ],
    "lastUpdate" : "20150916T113317Z"
  }, {
    "type" : "place",
    "startTime" : "20150916T134246+0900",
    "endTime" : "20150916T134925+0900",
    "place" : {
      "id" : 205359072,
      "type" : "unknown",
      "location" : {
        "lat" : 35.7268575062,
        "lon" : 139.7184686199
      }
    },
    "activities" : [ {
      "activity" : "walking",
      "group" : "walking",
      "manual" : false,
      "startTime" : "20150916T134610+0900",
      "endTime" : "20150916T134710+0900",
      "duration" : 60.0,
      "distance" : 56.0,
      "steps" : 112,
      "calories" : 3,
      "trackPoints" : [ ]
    } ],
    "lastUpdate" : "20150916T113317Z"
  }, {
    "type" : "move",
    "startTime" : "20150916T134925+0900",
    "endTime" : "20150916T135822+0900",
    "activities" : [ {
      "activity" : "transport",
      "group" : "transport",
      "manual" : false,
      "startTime" : "20150916T134925+0900",
      "endTime" : "20150916T135248+0900",
      "duration" : 203.0,
      "distance" : 1346.0,
      "trackPoints" : [ {
        "lat" : 35.7268575062,
        "lon" : 139.7184686199,
        "time" : "20150916T134925+0900"
      }, {
        "lat" : 35.7189674415,
        "lon" : 139.7270550878,
        "time" : "20150916T135248+0900"
      } ]
    }, {
      "activity" : "walking",
      "group" : "walking",
      "manual" : false,
      "startTime" : "20150916T135248+0900",
      "endTime" : "20150916T135822+0900",
      "duration" : 334.0,
      "distance" : 315.0,
      "steps" : 514,
      "calories" : 19,
      "trackPoints" : [ {
        "lat" : 35.7189674415,
        "lon" : 139.7270550878,
        "time" : "20150916T135248+0900"
      }, {
        "lat" : 35.7181024473,
        "lon" : 139.7279763142,
        "time" : "20150916T135538+0900"
      }, {
        "lat" : 35.7179228874,
        "lon" : 139.7281457941,
        "time" : "20150916T135558+0900"
      }, {
        "lat" : 35.7174309201,
        "lon" : 139.7283368729,
        "time" : "20150916T135623+0900"
      }, {
        "lat" : 35.7171074331,
        "lon" : 139.7284925512,
        "time" : "20150916T135646+0900"
      }, {
        "lat" : 35.7169437805,
        "lon" : 139.7285749346,
        "time" : "20150916T135711+0900"
      }, {
        "lat" : 35.716952365,
        "lon" : 139.7285576302,
        "time" : "20150916T135743+0900"
      }, {
        "lat" : 35.7169133378,
        "lon" : 139.7285556092,
        "time" : "20150916T135806+0900"
      }, {
        "lat" : 35.7168392789,
        "lon" : 139.7283806079,
        "time" : "20150916T135822+0900"
      } ]
    } ],
    "lastUpdate" : "20150916T113317Z"
  }, {
    "type" : "place",
    "startTime" : "20150916T135822+0900",
    "endTime" : "20150916T174303+0900",
    "place" : {
      "id" : 98345442,
      "type" : "unknown",
      "location" : {
        "lat" : 35.7168392789,
        "lon" : 139.7283806079
      }
    },
    "activities" : [ {
      "activity" : "walking",
      "group" : "walking",
      "manual" : false,
      "startTime" : "20150916T165108+0900",
      "endTime" : "20150916T165138+0900",
      "duration" : 30.0,
      "distance" : 15.0,
      "steps" : 31,
      "calories" : 1,
      "trackPoints" : [ ]
    } ],
    "lastUpdate" : "20150916T113320Z"
  }, {
    "type" : "move",
    "startTime" : "20150916T174303+0900",
    "endTime" : "20150916T180306+0900",
    "activities" : [ {
      "activity" : "walking",
      "group" : "walking",
      "manual" : false,
      "startTime" : "20150916T174303+0900",
      "endTime" : "20150916T174606+0900",
      "duration" : 183.0,
      "distance" : 205.0,
      "steps" : 410,
      "calories" : 12,
      "trackPoints" : [ {
        "lat" : 35.7168392789,
        "lon" : 139.7283806079,
        "time" : "20150916T174303+0900"
      }, {
        "lat" : 35.717713276,
        "lon" : 139.7280702446,
        "time" : "20150916T174328+0900"
      }, {
        "lat" : 35.7174552977,
        "lon" : 139.7281268116,
        "time" : "20150916T174427+0900"
      }, {
        "lat" : 35.717346688,
        "lon" : 139.7281561666,
        "time" : "20150916T174448+0900"
      }, {
        "lat" : 35.7170404312,
        "lon" : 139.7282402669,
        "time" : "20150916T174606+0900"
      } ]
    }, {
      "activity" : "transport",
      "group" : "transport",
      "manual" : false,
      "startTime" : "20150916T174606+0900",
      "endTime" : "20150916T180027+0900",
      "duration" : 861.0,
      "distance" : 5044.0,
      "trackPoints" : [ {
        "lat" : 35.7170404312,
        "lon" : 139.7282402669,
        "time" : "20150916T174606+0900"
      }, {
        "lat" : 35.7009256114,
        "lon" : 139.7326655117,
        "time" : "20150916T175508+0900"
      }, {
        "lat" : 35.6861106439,
        "lon" : 139.7367489521,
        "time" : "20150916T175708+0900"
      }, {
        "lat" : 35.6798603811,
        "lon" : 139.7397405877,
        "time" : "20150916T175959+0900"
      }, {
        "lat" : 35.6798600173,
        "lon" : 139.7397407618,
        "time" : "20150916T180000+0900"
      }, {
        "lat" : 35.6788806208,
        "lon" : 139.7402095417,
        "time" : "20150916T180026+0900"
      } ]
    }, {
      "activity" : "running",
      "group" : "running",
      "manual" : false,
      "startTime" : "20150916T180026+0900",
      "endTime" : "20150916T180305+0900",
      "duration" : 159.0,
      "distance" : 424.0,
      "steps" : 382,
      "calories" : 31,
      "trackPoints" : [ {
        "lat" : 35.6788806208,
        "lon" : 139.7402095417,
        "time" : "20150916T180026+0900"
      }, {
        "lat" : 35.6787438044,
        "lon" : 139.740319091,
        "time" : "20150916T180052+0900"
      }, {
        "lat" : 35.6783262588,
        "lon" : 139.7404280306,
        "time" : "20150916T180132+0900"
      }, {
        "lat" : 35.6776445026,
        "lon" : 139.7405547678,
        "time" : "20150916T180153+0900"
      }, {
        "lat" : 35.6774143478,
        "lon" : 139.7400223734,
        "time" : "20150916T180228+0900"
      }, {
        "lat" : 35.6770523017,
        "lon" : 139.739659087,
        "time" : "20150916T180246+0900"
      }, {
        "lat" : 35.6758987069,
        "lon" : 139.7388063062,
        "time" : "20150916T180306+0900"
      } ]
    } ],
    "lastUpdate" : "20150916T113320Z"
  }, {
    "type" : "place",
    "startTime" : "20150916T180306+0900",
    "endTime" : "20150916T220713+0900",
    "place" : {
      "id" : 205411333,
      "type" : "unknown",
      "location" : {
        "lat" : 35.6753938321,
        "lon" : 139.7377736239
      }
    },
    "activities" : [ {
      "activity" : "walking",
      "group" : "walking",
      "manual" : false,
      "startTime" : "20150916T180306+0900",
      "endTime" : "20150916T180727+0900",
      "duration" : 261.0,
      "distance" : 311.0,
      "steps" : 415,
      "calories" : 18,
      "trackPoints" : [ ]
    }, {
      "activity" : "walking",
      "group" : "walking",
      "manual" : false,
      "startTime" : "20150916T193825+0900",
      "endTime" : "20150916T194525+0900",
      "duration" : 420.0,
      "distance" : 367.0,
      "steps" : 490,
      "calories" : 22,
      "trackPoints" : [ ]
    } ],
    "lastUpdate" : "20150916T143615Z"
  }, {
    "type" : "move",
    "startTime" : "20150916T220713+0900",
    "endTime" : "20150916T225754+0900",
    "activities" : [ {
      "activity" : "walking",
      "group" : "walking",
      "manual" : false,
      "startTime" : "20150916T220713+0900",
      "endTime" : "20150916T222007+0900",
      "duration" : 774.0,
      "distance" : 556.0,
      "steps" : 1011,
      "calories" : 33,
      "trackPoints" : [ {
        "lat" : 35.6753938321,
        "lon" : 139.7377736239,
        "time" : "20150916T220713+0900"
      }, {
        "lat" : 35.6757538728,
        "lon" : 139.7371582338,
        "time" : "20150916T220910+0900"
      }, {
        "lat" : 35.6760854629,
        "lon" : 139.7371201272,
        "time" : "20150916T220927+0900"
      }, {
        "lat" : 35.6762390262,
        "lon" : 139.7370169702,
        "time" : "20150916T220945+0900"
      }, {
        "lat" : 35.6764115188,
        "lon" : 139.7369652423,
        "time" : "20150916T221004+0900"
      }, {
        "lat" : 35.6767489026,
        "lon" : 139.7371395202,
        "time" : "20150916T221035+0900"
      }, {
        "lat" : 35.6769127297,
        "lon" : 139.7375575651,
        "time" : "20150916T221102+0900"
      }, {
        "lat" : 35.6770161928,
        "lon" : 139.7372438199,
        "time" : "20150916T221124+0900"
      }, {
        "lat" : 35.6770515947,
        "lon" : 139.7369695723,
        "time" : "20150916T221150+0900"
      }, {
        "lat" : 35.6770625108,
        "lon" : 139.7369518331,
        "time" : "20150916T221210+0900"
      }, {
        "lat" : 35.6771111776,
        "lon" : 139.7370366729,
        "time" : "20150916T221320+0900"
      }, {
        "lat" : 35.677154864,
        "lon" : 139.7370530266,
        "time" : "20150916T221335+0900"
      }, {
        "lat" : 35.6773229129,
        "lon" : 139.7371070426,
        "time" : "20150916T221419+0900"
      }, {
        "lat" : 35.6789602456,
        "lon" : 139.7375874918,
        "time" : "20150916T222007+0900"
      } ]
    }, {
      "activity" : "transport",
      "group" : "transport",
      "manual" : false,
      "startTime" : "20150916T222007+0900",
      "endTime" : "20150916T225551+0900",
      "duration" : 2144.0,
      "distance" : 10617.0,
      "trackPoints" : [ {
        "lat" : 35.6789602456,
        "lon" : 139.7375874918,
        "time" : "20150916T222007+0900"
      }, {
        "lat" : 35.7166219245,
        "lon" : 139.7376091995,
        "time" : "20150916T224404+0900"
      }, {
        "lat" : 35.7167427613,
        "lon" : 139.7373415966,
        "time" : "20150916T224515+0900"
      }, {
        "lat" : 35.7294322462,
        "lon" : 139.7101579564,
        "time" : "20150916T224613+0900"
      }, {
        "lat" : 35.7294311721,
        "lon" : 139.7101603179,
        "time" : "20150916T224632+0900"
      }, {
        "lat" : 35.7295875117,
        "lon" : 139.7098180815,
        "time" : "20150916T224835+0900"
      }, {
        "lat" : 35.7295458123,
        "lon" : 139.7099260289,
        "time" : "20150916T224855+0900"
      }, {
        "lat" : 35.7267981314,
        "lon" : 139.7187230849,
        "time" : "20150916T225045+0900"
      }, {
        "lat" : 35.7267720621,
        "lon" : 139.7187619875,
        "time" : "20150916T225107+0900"
      }, {
        "lat" : 35.7267180555,
        "lon" : 139.718798509,
        "time" : "20150916T225123+0900"
      }, {
        "lat" : 35.7181514276,
        "lon" : 139.7279287575,
        "time" : "20150916T225532+0900"
      }, {
        "lat" : 35.718024829,
        "lon" : 139.7280492693,
        "time" : "20150916T225551+0900"
      } ]
    }, {
      "activity" : "walking",
      "group" : "walking",
      "manual" : false,
      "startTime" : "20150916T225551+0900",
      "endTime" : "20150916T225754+0900",
      "duration" : 123.0,
      "distance" : 162.0,
      "steps" : 208,
      "calories" : 10,
      "trackPoints" : [ {
        "lat" : 35.718024829,
        "lon" : 139.7280492693,
        "time" : "20150916T225551+0900"
      }, {
        "lat" : 35.7177987336,
        "lon" : 139.7281121252,
        "time" : "20150916T225610+0900"
      }, {
        "lat" : 35.7174278541,
        "lon" : 139.7282278672,
        "time" : "20150916T225635+0900"
      }, {
        "lat" : 35.7172702951,
        "lon" : 139.7282964803,
        "time" : "20150916T225654+0900"
      }, {
        "lat" : 35.7170420074,
        "lon" : 139.7284959401,
        "time" : "20150916T225716+0900"
      }, {
        "lat" : 35.7168324737,
        "lon" : 139.7285609397,
        "time" : "20150916T225738+0900"
      }, {
        "lat" : 35.7168392789,
        "lon" : 139.7283806079,
        "time" : "20150916T225754+0900"
      } ]
    } ],
    "lastUpdate" : "20150916T143615Z"
  }, {
    "type" : "place",
    "startTime" : "20150916T225754+0900",
    "endTime" : "20150917T095824+0900",
    "place" : {
      "id" : 98345442,
      "type" : "unknown",
      "location" : {
        "lat" : 35.7168392789,
        "lon" : 139.7283806079
      }
    },
    "lastUpdate" : "20150917T060038Z"
  } ],
  "caloriesIdle" : 1706,
  "lastUpdate" : "20150917T060038Z"
} ]