[ {
  "date" : "20160106",
  "summary" : [ {
    "activity" : "walking",
    "group" : "walking",
    "duration" : 5647.0,
    "distance" : 6508.0,
    "steps" : 8257,
    "calories" : 384
  }, {
    "activity" : "transport",
    "group" : "transport",
    "duration" : 2198.0,
    "distance" : 10636.0
  } ],
  "segments" : [ {
    "type" : "place",
    "startTime" : "20160105T142721+0900",
    "endTime" : "20160106T133041+0900",
    "place" : {
      "id" : 105416472,
      "type" : "unknown",
      "location" : {
        "lat" : 35.7167813087,
        "lon" : 139.7280424577
      }
    },
    "activities" : [ {
      "activity" : "walking",
      "group" : "walking",
      "manual" : false,
      "startTime" : "20160106T131655+0900",
      "endTime" : "20160106T131858+0900",
      "duration" : 123.0,
      "distance" : 156.0,
      "steps" : 209,
      "calories" : 9,
      "trackPoints" : [ ]
    } ],
    "lastUpdate" : "20160106T052725Z"
  }, {
    "type" : "move",
    "startTime" : "20160106T133041+0900",
    "endTime" : "20160106T135745+0900",
    "activities" : [ {
      "activity" : "transport",
      "group" : "transport",
      "manual" : false,
      "startTime" : "20160106T133041+0900",
      "endTime" : "20160106T135745+0900",
      "duration" : 1624.0,
      "distance" : 5988.0,
      "trackPoints" : [ {
        "lat" : 35.716781,
        "lon" : 139.72804,
        "time" : "20160106T133041+0900"
      }, {
        "lat" : 35.719033,
        "lon" : 139.72743,
        "time" : "20160106T133101+0900"
      }, {
        "lat" : 35.719474,
        "lon" : 139.72722,
        "time" : "20160106T133122+0900"
      }, {
        "lat" : 35.719808,
        "lon" : 139.72699,
        "time" : "20160106T133138+0900"
      }, {
        "lat" : 35.719927,
        "lon" : 139.72708,
        "time" : "20160106T133201+0900"
      }, {
        "lat" : 35.720111,
        "lon" : 139.72757,
        "time" : "20160106T133320+0900"
      }, {
        "lat" : 35.72072,
        "lon" : 139.72885,
        "time" : "20160106T133341+0900"
      }, {
        "lat" : 35.720795,
        "lon" : 139.72911,
        "time" : "20160106T133400+0900"
      }, {
        "lat" : 35.721037,
        "lon" : 139.72992,
        "time" : "20160106T133425+0900"
      }, {
        "lat" : 35.72141,
        "lon" : 139.73143,
        "time" : "20160106T133448+0900"
      }, {
        "lat" : 35.721484,
        "lon" : 139.73212,
        "time" : "20160106T133513+0900"
      }, {
        "lat" : 35.721489,
        "lon" : 139.7324,
        "time" : "20160106T133548+0900"
      }, {
        "lat" : 35.721573,
        "lon" : 139.73345,
        "time" : "20160106T133611+0900"
      }, {
        "lat" : 35.721783,
        "lon" : 139.7343,
        "time" : "20160106T133632+0900"
      }, {
        "lat" : 35.723274,
        "lon" : 139.73678,
        "time" : "20160106T133708+0900"
      }, {
        "lat" : 35.723274,
        "lon" : 139.73678,
        "time" : "20160106T133724+0900"
      }, {
        "lat" : 35.723274,
        "lon" : 139.73678,
        "time" : "20160106T133800+0900"
      }, {
        "lat" : 35.723334,
        "lon" : 139.73685,
        "time" : "20160106T133822+0900"
      }, {
        "lat" : 35.723362,
        "lon" : 139.73695,
        "time" : "20160106T133845+0900"
      }, {
        "lat" : 35.723789,
        "lon" : 139.73758,
        "time" : "20160106T133907+0900"
      }, {
        "lat" : 35.724393,
        "lon" : 139.73855,
        "time" : "20160106T133925+0900"
      }, {
        "lat" : 35.72478,
        "lon" : 139.73913,
        "time" : "20160106T133950+0900"
      }, {
        "lat" : 35.725118,
        "lon" : 139.73971,
        "time" : "20160106T134026+0900"
      }, {
        "lat" : 35.725503,
        "lon" : 139.74031,
        "time" : "20160106T134043+0900"
      }, {
        "lat" : 35.726071,
        "lon" : 139.74108,
        "time" : "20160106T134100+0900"
      }, {
        "lat" : 35.72641,
        "lon" : 139.74149,
        "time" : "20160106T134124+0900"
      }, {
        "lat" : 35.72641,
        "lon" : 139.74149,
        "time" : "20160106T134145+0900"
      }, {
        "lat" : 35.72641,
        "lon" : 139.74149,
        "time" : "20160106T134210+0900"
      }, {
        "lat" : 35.727364,
        "lon" : 139.7425,
        "time" : "20160106T134226+0900"
      }, {
        "lat" : 35.728976,
        "lon" : 139.74432,
        "time" : "20160106T134302+0900"
      }, {
        "lat" : 35.728976,
        "lon" : 139.74432,
        "time" : "20160106T134325+0900"
      }, {
        "lat" : 35.728976,
        "lon" : 139.74432,
        "time" : "20160106T134348+0900"
      }, {
        "lat" : 35.728976,
        "lon" : 139.74432,
        "time" : "20160106T134406+0900"
      }, {
        "lat" : 35.728976,
        "lon" : 139.74432,
        "time" : "20160106T134426+0900"
      }, {
        "lat" : 35.729188,
        "lon" : 139.74457,
        "time" : "20160106T134448+0900"
      }, {
        "lat" : 35.730714,
        "lon" : 139.74694,
        "time" : "20160106T134506+0900"
      }, {
        "lat" : 35.730777,
        "lon" : 139.74708,
        "time" : "20160106T134523+0900"
      }, {
        "lat" : 35.731142,
        "lon" : 139.74764,
        "time" : "20160106T134545+0900"
      }, {
        "lat" : 35.731858,
        "lon" : 139.74861,
        "time" : "20160106T134604+0900"
      }, {
        "lat" : 35.732523,
        "lon" : 139.74961,
        "time" : "20160106T134623+0900"
      }, {
        "lat" : 35.732647,
        "lon" : 139.74987,
        "time" : "20160106T134640+0900"
      }, {
        "lat" : 35.732829,
        "lon" : 139.75024,
        "time" : "20160106T134705+0900"
      }, {
        "lat" : 35.732956,
        "lon" : 139.75065,
        "time" : "20160106T134737+0900"
      }, {
        "lat" : 35.733331,
        "lon" : 139.75254,
        "time" : "20160106T134755+0900"
      }, {
        "lat" : 35.733495,
        "lon" : 139.75363,
        "time" : "20160106T134816+0900"
      }, {
        "lat" : 35.733614,
        "lon" : 139.75401,
        "time" : "20160106T134837+0900"
      }, {
        "lat" : 35.733673,
        "lon" : 139.75406,
        "time" : "20160106T134902+0900"
      }, {
        "lat" : 35.733582,
        "lon" : 139.75599,
        "time" : "20160106T134919+0900"
      }, {
        "lat" : 35.732528,
        "lon" : 139.75812,
        "time" : "20160106T134940+0900"
      }, {
        "lat" : 35.732043,
        "lon" : 139.75869,
        "time" : "20160106T134958+0900"
      }, {
        "lat" : 35.732057,
        "lon" : 139.75882,
        "time" : "20160106T135031+0900"
      }, {
        "lat" : 35.73141,
        "lon" : 139.7599,
        "time" : "20160106T135051+0900"
      }, {
        "lat" : 35.731051,
        "lon" : 139.76054,
        "time" : "20160106T135112+0900"
      }, {
        "lat" : 35.730354,
        "lon" : 139.76172,
        "time" : "20160106T135139+0900"
      }, {
        "lat" : 35.729387,
        "lon" : 139.7628,
        "time" : "20160106T135212+0900"
      }, {
        "lat" : 35.728155,
        "lon" : 139.76363,
        "time" : "20160106T135233+0900"
      }, {
        "lat" : 35.727119,
        "lon" : 139.7637,
        "time" : "20160106T135255+0900"
      }, {
        "lat" : 35.727119,
        "lon" : 139.7637,
        "time" : "20160106T135330+0900"
      }, {
        "lat" : 35.726464,
        "lon" : 139.76356,
        "time" : "20160106T135346+0900"
      }, {
        "lat" : 35.72458,
        "lon" : 139.76298,
        "time" : "20160106T135413+0900"
      }, {
        "lat" : 35.72458,
        "lon" : 139.76298,
        "time" : "20160106T135440+0900"
      }, {
        "lat" : 35.72458,
        "lon" : 139.76298,
        "time" : "20160106T135458+0900"
      }, {
        "lat" : 35.72458,
        "lon" : 139.76298,
        "time" : "20160106T135523+0900"
      }, {
        "lat" : 35.724273,
        "lon" : 139.7629,
        "time" : "20160106T135538+0900"
      }, {
        "lat" : 35.722689,
        "lon" : 139.76241,
        "time" : "20160106T135557+0900"
      }, {
        "lat" : 35.72223,
        "lon" : 139.76215,
        "time" : "20160106T135612+0900"
      }, {
        "lat" : 35.722064,
        "lon" : 139.76222,
        "time" : "20160106T135639+0900"
      }, {
        "lat" : 35.721701,
        "lon" : 139.76218,
        "time" : "20160106T135701+0900"
      }, {
        "lat" : 35.720294,
        "lon" : 139.76283,
        "time" : "20160106T135724+0900"
      }, {
        "lat" : 35.720245,
        "lon" : 139.76287,
        "time" : "20160106T135745+0900"
      } ]
    } ],
    "lastUpdate" : "20160106T052725Z"
  }, {
    "type" : "place",
    "startTime" : "20160106T135745+0900",
    "endTime" : "20160106T151159+0900",
    "place" : {
      "id" : 144651937,
      "type" : "unknown",
      "location" : {
        "lat" : 35.7199819559,
        "lon" : 139.7631469061
      }
    },
    "activities" : [ {
      "activity" : "walking",
      "group" : "walking",
      "manual" : false,
      "startTime" : "20160106T135746+0900",
      "endTime" : "20160106T135903+0900",
      "duration" : 77.0,
      "distance" : 64.0,
      "steps" : 129,
      "calories" : 4,
      "trackPoints" : [ ]
    }, {
      "activity" : "walking",
      "group" : "walking",
      "manual" : false,
      "startTime" : "20160106T150625+0900",
      "endTime" : "20160106T151010+0900",
      "duration" : 225.0,
      "distance" : 232.0,
      "steps" : 309,
      "calories" : 14,
      "trackPoints" : [ ]
    } ],
    "lastUpdate" : "20160106T070027Z"
  }, {
    "type" : "move",
    "startTime" : "20160106T151159+0900",
    "endTime" : "20160106T155423+0900",
    "activities" : [ {
      "activity" : "walking",
      "group" : "walking",
      "manual" : false,
      "startTime" : "20160106T151159+0900",
      "endTime" : "20160106T155422+0900",
      "duration" : 2543.0,
      "distance" : 3079.0,
      "steps" : 3708,
      "calories" : 182,
      "trackPoints" : [ {
        "lat" : 35.719982,
        "lon" : 139.76315,
        "time" : "20160106T151159+0900"
      }, {
        "lat" : 35.719341,
        "lon" : 139.7637,
        "time" : "20160106T151238+0900"
      }, {
        "lat" : 35.719053,
        "lon" : 139.76412,
        "time" : "20160106T151308+0900"
      }, {
        "lat" : 35.718851,
        "lon" : 139.76427,
        "time" : "20160106T151323+0900"
      }, {
        "lat" : 35.718547,
        "lon" : 139.76455,
        "time" : "20160106T151345+0900"
      }, {
        "lat" : 35.71836,
        "lon" : 139.76473,
        "time" : "20160106T151402+0900"
      }, {
        "lat" : 35.718154,
        "lon" : 139.76494,
        "time" : "20160106T151421+0900"
      }, {
        "lat" : 35.717995,
        "lon" : 139.7651,
        "time" : "20160106T151438+0900"
      }, {
        "lat" : 35.717823,
        "lon" : 139.76521,
        "time" : "20160106T151500+0900"
      }, {
        "lat" : 35.717656,
        "lon" : 139.76539,
        "time" : "20160106T151518+0900"
      }, {
        "lat" : 35.717494,
        "lon" : 139.76558,
        "time" : "20160106T151535+0900"
      }, {
        "lat" : 35.717292,
        "lon" : 139.7658,
        "time" : "20160106T151552+0900"
      }, {
        "lat" : 35.71703,
        "lon" : 139.7661,
        "time" : "20160106T151614+0900"
      }, {
        "lat" : 35.716845,
        "lon" : 139.76619,
        "time" : "20160106T151634+0900"
      }, {
        "lat" : 35.716663,
        "lon" : 139.76633,
        "time" : "20160106T151656+0900"
      }, {
        "lat" : 35.716408,
        "lon" : 139.76658,
        "time" : "20160106T151718+0900"
      }, {
        "lat" : 35.716169,
        "lon" : 139.76678,
        "time" : "20160106T151741+0900"
      }, {
        "lat" : 35.715915,
        "lon" : 139.76694,
        "time" : "20160106T151806+0900"
      }, {
        "lat" : 35.715657,
        "lon" : 139.76712,
        "time" : "20160106T151824+0900"
      }, {
        "lat" : 35.715164,
        "lon" : 139.76743,
        "time" : "20160106T151858+0900"
      }, {
        "lat" : 35.714999,
        "lon" : 139.76752,
        "time" : "20160106T151919+0900"
      }, {
        "lat" : 35.714673,
        "lon" : 139.76769,
        "time" : "20160106T151944+0900"
      }, {
        "lat" : 35.714531,
        "lon" : 139.76768,
        "time" : "20160106T152000+0900"
      }, {
        "lat" : 35.714068,
        "lon" : 139.76771,
        "time" : "20160106T152029+0900"
      }, {
        "lat" : 35.713857,
        "lon" : 139.76787,
        "time" : "20160106T152045+0900"
      }, {
        "lat" : 35.713688,
        "lon" : 139.76796,
        "time" : "20160106T152101+0900"
      }, {
        "lat" : 35.713449,
        "lon" : 139.76821,
        "time" : "20160106T152119+0900"
      }, {
        "lat" : 35.713304,
        "lon" : 139.7683,
        "time" : "20160106T152137+0900"
      }, {
        "lat" : 35.713,
        "lon" : 139.76829,
        "time" : "20160106T152208+0900"
      }, {
        "lat" : 35.712862,
        "lon" : 139.76842,
        "time" : "20160106T152225+0900"
      }, {
        "lat" : 35.712471,
        "lon" : 139.76854,
        "time" : "20160106T152254+0900"
      }, {
        "lat" : 35.712142,
        "lon" : 139.76863,
        "time" : "20160106T152315+0900"
      }, {
        "lat" : 35.711287,
        "lon" : 139.76882,
        "time" : "20160106T152401+0900"
      }, {
        "lat" : 35.710806,
        "lon" : 139.76887,
        "time" : "20160106T152429+0900"
      }, {
        "lat" : 35.710578,
        "lon" : 139.76892,
        "time" : "20160106T152455+0900"
      }, {
        "lat" : 35.710306,
        "lon" : 139.76865,
        "time" : "20160106T152523+0900"
      }, {
        "lat" : 35.710193,
        "lon" : 139.76858,
        "time" : "20160106T152539+0900"
      }, {
        "lat" : 35.709906,
        "lon" : 139.7688,
        "time" : "20160106T152558+0900"
      }, {
        "lat" : 35.70951,
        "lon" : 139.76967,
        "time" : "20160106T152632+0900"
      }, {
        "lat" : 35.709456,
        "lon" : 139.76986,
        "time" : "20160106T152648+0900"
      }, {
        "lat" : 35.70906,
        "lon" : 139.76983,
        "time" : "20160106T152725+0900"
      }, {
        "lat" : 35.708841,
        "lon" : 139.76985,
        "time" : "20160106T152743+0900"
      }, {
        "lat" : 35.708691,
        "lon" : 139.7699,
        "time" : "20160106T152801+0900"
      }, {
        "lat" : 35.708443,
        "lon" : 139.76996,
        "time" : "20160106T152823+0900"
      }, {
        "lat" : 35.708256,
        "lon" : 139.77011,
        "time" : "20160106T152847+0900"
      }, {
        "lat" : 35.708194,
        "lon" : 139.77055,
        "time" : "20160106T152905+0900"
      }, {
        "lat" : 35.708139,
        "lon" : 139.77103,
        "time" : "20160106T152926+0900"
      }, {
        "lat" : 35.708101,
        "lon" : 139.77135,
        "time" : "20160106T152948+0900"
      }, {
        "lat" : 35.708071,
        "lon" : 139.77189,
        "time" : "20160106T153015+0900"
      }, {
        "lat" : 35.70801,
        "lon" : 139.77212,
        "time" : "20160106T153036+0900"
      }, {
        "lat" : 35.70803,
        "lon" : 139.77241,
        "time" : "20160106T153055+0900"
      }, {
        "lat" : 35.707971,
        "lon" : 139.77277,
        "time" : "20160106T153123+0900"
      }, {
        "lat" : 35.707753,
        "lon" : 139.77302,
        "time" : "20160106T153217+0900"
      }, {
        "lat" : 35.707691,
        "lon" : 139.77308,
        "time" : "20160106T153243+0900"
      }, {
        "lat" : 35.707611,
        "lon" : 139.77307,
        "time" : "20160106T153258+0900"
      }, {
        "lat" : 35.707416,
        "lon" : 139.77311,
        "time" : "20160106T153332+0900"
      }, {
        "lat" : 35.707091,
        "lon" : 139.77293,
        "time" : "20160106T153358+0900"
      }, {
        "lat" : 35.706905,
        "lon" : 139.77273,
        "time" : "20160106T153414+0900"
      }, {
        "lat" : 35.706745,
        "lon" : 139.7726,
        "time" : "20160106T153436+0900"
      }, {
        "lat" : 35.706491,
        "lon" : 139.7723,
        "time" : "20160106T153510+0900"
      }, {
        "lat" : 35.706381,
        "lon" : 139.77221,
        "time" : "20160106T153525+0900"
      }, {
        "lat" : 35.706195,
        "lon" : 139.77222,
        "time" : "20160106T153540+0900"
      }, {
        "lat" : 35.705942,
        "lon" : 139.7722,
        "time" : "20160106T153602+0900"
      }, {
        "lat" : 35.705675,
        "lon" : 139.77211,
        "time" : "20160106T153618+0900"
      }, {
        "lat" : 35.705358,
        "lon" : 139.77203,
        "time" : "20160106T153642+0900"
      }, {
        "lat" : 35.704847,
        "lon" : 139.77188,
        "time" : "20160106T153707+0900"
      }, {
        "lat" : 35.704643,
        "lon" : 139.77165,
        "time" : "20160106T153727+0900"
      }, {
        "lat" : 35.704297,
        "lon" : 139.77166,
        "time" : "20160106T153752+0900"
      }, {
        "lat" : 35.703891,
        "lon" : 139.77179,
        "time" : "20160106T153818+0900"
      }, {
        "lat" : 35.703635,
        "lon" : 139.7718,
        "time" : "20160106T153835+0900"
      }, {
        "lat" : 35.703328,
        "lon" : 139.77179,
        "time" : "20160106T153857+0900"
      }, {
        "lat" : 35.703113,
        "lon" : 139.77174,
        "time" : "20160106T153915+0900"
      }, {
        "lat" : 35.702978,
        "lon" : 139.77164,
        "time" : "20160106T153932+0900"
      }, {
        "lat" : 35.702948,
        "lon" : 139.77165,
        "time" : "20160106T153950+0900"
      }, {
        "lat" : 35.702907,
        "lon" : 139.77162,
        "time" : "20160106T154009+0900"
      }, {
        "lat" : 35.702854,
        "lon" : 139.77158,
        "time" : "20160106T154026+0900"
      }, {
        "lat" : 35.702838,
        "lon" : 139.77157,
        "time" : "20160106T154050+0900"
      }, {
        "lat" : 35.702789,
        "lon" : 139.77157,
        "time" : "20160106T154113+0900"
      }, {
        "lat" : 35.702746,
        "lon" : 139.77155,
        "time" : "20160106T154131+0900"
      }, {
        "lat" : 35.702876,
        "lon" : 139.77146,
        "time" : "20160106T154152+0900"
      }, {
        "lat" : 35.703019,
        "lon" : 139.7712,
        "time" : "20160106T154208+0900"
      }, {
        "lat" : 35.703031,
        "lon" : 139.77102,
        "time" : "20160106T154223+0900"
      }, {
        "lat" : 35.703006,
        "lon" : 139.77092,
        "time" : "20160106T154249+0900"
      }, {
        "lat" : 35.703006,
        "lon" : 139.77087,
        "time" : "20160106T154312+0900"
      }, {
        "lat" : 35.703013,
        "lon" : 139.77078,
        "time" : "20160106T154330+0900"
      }, {
        "lat" : 35.703013,
        "lon" : 139.7704,
        "time" : "20160106T154353+0900"
      }, {
        "lat" : 35.702991,
        "lon" : 139.76998,
        "time" : "20160106T154414+0900"
      }, {
        "lat" : 35.702646,
        "lon" : 139.76947,
        "time" : "20160106T154511+0900"
      }, {
        "lat" : 35.702585,
        "lon" : 139.76932,
        "time" : "20160106T154528+0900"
      }, {
        "lat" : 35.702422,
        "lon" : 139.7694,
        "time" : "20160106T154544+0900"
      }, {
        "lat" : 35.702333,
        "lon" : 139.76944,
        "time" : "20160106T154600+0900"
      }, {
        "lat" : 35.702292,
        "lon" : 139.76948,
        "time" : "20160106T154616+0900"
      }, {
        "lat" : 35.702155,
        "lon" : 139.76957,
        "time" : "20160106T154632+0900"
      }, {
        "lat" : 35.702015,
        "lon" : 139.76982,
        "time" : "20160106T154659+0900"
      }, {
        "lat" : 35.701986,
        "lon" : 139.76991,
        "time" : "20160106T154721+0900"
      }, {
        "lat" : 35.701989,
        "lon" : 139.76996,
        "time" : "20160106T154737+0900"
      }, {
        "lat" : 35.701961,
        "lon" : 139.7702,
        "time" : "20160106T154805+0900"
      }, {
        "lat" : 35.701976,
        "lon" : 139.77039,
        "time" : "20160106T154822+0900"
      }, {
        "lat" : 35.702002,
        "lon" : 139.77057,
        "time" : "20160106T154848+0900"
      }, {
        "lat" : 35.70192,
        "lon" : 139.7707,
        "time" : "20160106T154904+0900"
      }, {
        "lat" : 35.701908,
        "lon" : 139.77093,
        "time" : "20160106T154920+0900"
      }, {
        "lat" : 35.70164,
        "lon" : 139.77109,
        "time" : "20160106T154943+0900"
      }, {
        "lat" : 35.701654,
        "lon" : 139.77097,
        "time" : "20160106T155005+0900"
      }, {
        "lat" : 35.701644,
        "lon" : 139.77099,
        "time" : "20160106T155024+0900"
      }, {
        "lat" : 35.701643,
        "lon" : 139.77103,
        "time" : "20160106T155055+0900"
      }, {
        "lat" : 35.701627,
        "lon" : 139.77103,
        "time" : "20160106T155119+0900"
      }, {
        "lat" : 35.701606,
        "lon" : 139.77103,
        "time" : "20160106T155142+0900"
      }, {
        "lat" : 35.701592,
        "lon" : 139.77102,
        "time" : "20160106T155204+0900"
      }, {
        "lat" : 35.701568,
        "lon" : 139.771,
        "time" : "20160106T155227+0900"
      }, {
        "lat" : 35.701575,
        "lon" : 139.77111,
        "time" : "20160106T155248+0900"
      }, {
        "lat" : 35.701517,
        "lon" : 139.77143,
        "time" : "20160106T155325+0900"
      }, {
        "lat" : 35.70158,
        "lon" : 139.77117,
        "time" : "20160106T155345+0900"
      }, {
        "lat" : 35.701603,
        "lon" : 139.77137,
        "time" : "20160106T155423+0900"
      } ]
    } ],
    "lastUpdate" : "20160106T070027Z"
  }, {
    "type" : "place",
    "startTime" : "20160106T155423+0900",
    "endTime" : "20160106T162953+0900",
    "place" : {
      "id" : 237583588,
      "type" : "unknown",
      "location" : {
        "lat" : 35.700887,
        "lon" : 139.77157
      }
    },
    "activities" : [ {
      "activity" : "walking",
      "group" : "walking",
      "manual" : false,
      "startTime" : "20160106T155423+0900",
      "endTime" : "20160106T155455+0900",
      "duration" : 32.0,
      "distance" : 22.0,
      "steps" : 45,
      "calories" : 1,
      "trackPoints" : [ ]
    }, {
      "activity" : "walking",
      "group" : "walking",
      "manual" : false,
      "startTime" : "20160106T160000+0900",
      "endTime" : "20160106T160324+0900",
      "duration" : 204.0,
      "distance" : 230.0,
      "steps" : 307,
      "calories" : 14,
      "trackPoints" : [ ]
    } ],
    "lastUpdate" : "20160106T082008Z"
  }, {
    "type" : "move",
    "startTime" : "20160106T162953+0900",
    "endTime" : "20160106T163227+0900",
    "activities" : [ {
      "activity" : "walking",
      "group" : "walking",
      "manual" : false,
      "startTime" : "20160106T162953+0900",
      "endTime" : "20160106T163227+0900",
      "duration" : 154.0,
      "distance" : 239.0,
      "steps" : 263,
      "calories" : 14,
      "trackPoints" : [ {
        "lat" : 35.700887,
        "lon" : 139.77157,
        "time" : "20160106T162953+0900"
      }, {
        "lat" : 35.70016,
        "lon" : 139.77143,
        "time" : "20160106T163011+0900"
      }, {
        "lat" : 35.699692,
        "lon" : 139.77121,
        "time" : "20160106T163053+0900"
      }, {
        "lat" : 35.699623,
        "lon" : 139.77104,
        "time" : "20160106T163118+0900"
      }, {
        "lat" : 35.699526,
        "lon" : 139.77076,
        "time" : "20160106T163141+0900"
      }, {
        "lat" : 35.699425,
        "lon" : 139.77057,
        "time" : "20160106T163208+0900"
      }, {
        "lat" : 35.699341,
        "lon" : 139.77026,
        "time" : "20160106T163227+0900"
      } ]
    } ],
    "lastUpdate" : "20160106T082008Z"
  }, {
    "type" : "place",
    "startTime" : "20160106T163227+0900",
    "endTime" : "20160106T165955+0900",
    "place" : {
      "id" : 206322319,
      "type" : "unknown",
      "location" : {
        "lat" : 35.6993413018,
        "lon" : 139.770264395
      }
    },
    "activities" : [ {
      "activity" : "walking",
      "group" : "walking",
      "manual" : false,
      "startTime" : "20160106T163227+0900",
      "endTime" : "20160106T163907+0900",
      "duration" : 400.0,
      "distance" : 420.0,
      "steps" : 561,
      "calories" : 25,
      "trackPoints" : [ ]
    }, {
      "activity" : "walking",
      "group" : "walking",
      "manual" : false,
      "startTime" : "20160106T170000+0900",
      "endTime" : "20160106T170124+0900",
      "duration" : 84.0,
      "distance" : 56.0,
      "steps" : 112,
      "calories" : 3,
      "trackPoints" : [ ]
    } ],
    "lastUpdate" : "20160106T095329Z"
  }, {
    "type" : "move",
    "startTime" : "20160106T165955+0900",
    "endTime" : "20160106T173807+0900",
    "activities" : [ {
      "activity" : "walking",
      "group" : "walking",
      "manual" : false,
      "startTime" : "20160106T165955+0900",
      "endTime" : "20160106T171428+0900",
      "duration" : 873.0,
      "distance" : 867.0,
      "steps" : 1137,
      "calories" : 51,
      "trackPoints" : [ {
        "lat" : 35.699341,
        "lon" : 139.77026,
        "time" : "20160106T165955+0900"
      }, {
        "lat" : 35.699323,
        "lon" : 139.77009,
        "time" : "20160106T165959+0900"
      }, {
        "lat" : 35.699323,
        "lon" : 139.77009,
        "time" : "20160106T170000+0900"
      }, {
        "lat" : 35.69926,
        "lon" : 139.76951,
        "time" : "20160106T170015+0900"
      }, {
        "lat" : 35.699291,
        "lon" : 139.76954,
        "time" : "20160106T170037+0900"
      }, {
        "lat" : 35.699377,
        "lon" : 139.76965,
        "time" : "20160106T170113+0900"
      }, {
        "lat" : 35.699393,
        "lon" : 139.76975,
        "time" : "20160106T170130+0900"
      }, {
        "lat" : 35.69936,
        "lon" : 139.77014,
        "time" : "20160106T170153+0900"
      }, {
        "lat" : 35.699296,
        "lon" : 139.77033,
        "time" : "20160106T170208+0900"
      }, {
        "lat" : 35.699073,
        "lon" : 139.77045,
        "time" : "20160106T170245+0900"
      }, {
        "lat" : 35.698994,
        "lon" : 139.77041,
        "time" : "20160106T170304+0900"
      }, {
        "lat" : 35.699001,
        "lon" : 139.77046,
        "time" : "20160106T170321+0900"
      }, {
        "lat" : 35.69901,
        "lon" : 139.77046,
        "time" : "20160106T170337+0900"
      }, {
        "lat" : 35.699001,
        "lon" : 139.77046,
        "time" : "20160106T170408+0900"
      }, {
        "lat" : 35.698986,
        "lon" : 139.77044,
        "time" : "20160106T170445+0900"
      }, {
        "lat" : 35.698968,
        "lon" : 139.77041,
        "time" : "20160106T170502+0900"
      }, {
        "lat" : 35.69892,
        "lon" : 139.77042,
        "time" : "20160106T170520+0900"
      }, {
        "lat" : 35.698785,
        "lon" : 139.77059,
        "time" : "20160106T170546+0900"
      }, {
        "lat" : 35.698719,
        "lon" : 139.77074,
        "time" : "20160106T170605+0900"
      }, {
        "lat" : 35.698632,
        "lon" : 139.77099,
        "time" : "20160106T170623+0900"
      }, {
        "lat" : 35.698488,
        "lon" : 139.77126,
        "time" : "20160106T170646+0900"
      }, {
        "lat" : 35.698304,
        "lon" : 139.77127,
        "time" : "20160106T170705+0900"
      }, {
        "lat" : 35.698083,
        "lon" : 139.77122,
        "time" : "20160106T170731+0900"
      }, {
        "lat" : 35.697767,
        "lon" : 139.7711,
        "time" : "20160106T170808+0900"
      }, {
        "lat" : 35.697488,
        "lon" : 139.77095,
        "time" : "20160106T170829+0900"
      }, {
        "lat" : 35.696707,
        "lon" : 139.77034,
        "time" : "20160106T170913+0900"
      }, {
        "lat" : 35.696655,
        "lon" : 139.7701,
        "time" : "20160106T170929+0900"
      }, {
        "lat" : 35.696429,
        "lon" : 139.76973,
        "time" : "20160106T171005+0900"
      }, {
        "lat" : 35.696246,
        "lon" : 139.76943,
        "time" : "20160106T171026+0900"
      }, {
        "lat" : 35.696126,
        "lon" : 139.76914,
        "time" : "20160106T171044+0900"
      }, {
        "lat" : 35.69599,
        "lon" : 139.76888,
        "time" : "20160106T171102+0900"
      }, {
        "lat" : 35.695863,
        "lon" : 139.76858,
        "time" : "20160106T171125+0900"
      }, {
        "lat" : 35.695656,
        "lon" : 139.76805,
        "time" : "20160106T171159+0900"
      }, {
        "lat" : 35.695614,
        "lon" : 139.76788,
        "time" : "20160106T171217+0900"
      }, {
        "lat" : 35.695582,
        "lon" : 139.76762,
        "time" : "20160106T171256+0900"
      }, {
        "lat" : 35.69548,
        "lon" : 139.7675,
        "time" : "20160106T171320+0900"
      }, {
        "lat" : 35.695422,
        "lon" : 139.76737,
        "time" : "20160106T171428+0900"
      } ]
    }, {
      "activity" : "transport",
      "group" : "transport",
      "manual" : false,
      "startTime" : "20160106T171428+0900",
      "endTime" : "20160106T172402+0900",
      "duration" : 574.0,
      "distance" : 4648.0,
      "trackPoints" : [ {
        "lat" : 35.695422,
        "lon" : 139.76737,
        "time" : "20160106T171428+0900"
      }, {
        "lat" : 35.695365,
        "lon" : 139.76721,
        "time" : "20160106T171449+0900"
      }, {
        "lat" : 35.695329,
        "lon" : 139.76711,
        "time" : "20160106T171504+0900"
      }, {
        "lat" : 35.695318,
        "lon" : 139.76707,
        "time" : "20160106T171544+0900"
      }, {
        "lat" : 35.695316,
        "lon" : 139.76707,
        "time" : "20160106T171602+0900"
      }, {
        "lat" : 35.695317,
        "lon" : 139.76706,
        "time" : "20160106T171622+0900"
      }, {
        "lat" : 35.699759,
        "lon" : 139.76553,
        "time" : "20160106T171711+0900"
      }, {
        "lat" : 35.700184,
        "lon" : 139.76474,
        "time" : "20160106T171727+0900"
      }, {
        "lat" : 35.700008,
        "lon" : 139.76505,
        "time" : "20160106T171747+0900"
      }, {
        "lat" : 35.70657,
        "lon" : 139.76007,
        "time" : "20160106T171902+0900"
      }, {
        "lat" : 35.706665,
        "lon" : 139.75995,
        "time" : "20160106T171919+0900"
      }, {
        "lat" : 35.706662,
        "lon" : 139.7599,
        "time" : "20160106T171937+0900"
      }, {
        "lat" : 35.706663,
        "lon" : 139.7599,
        "time" : "20160106T172005+0900"
      }, {
        "lat" : 35.706744,
        "lon" : 139.75944,
        "time" : "20160106T172035+0900"
      }, {
        "lat" : 35.707882,
        "lon" : 139.75172,
        "time" : "20160106T172100+0900"
      }, {
        "lat" : 35.707411,
        "lon" : 139.75107,
        "time" : "20160106T172124+0900"
      }, {
        "lat" : 35.707348,
        "lon" : 139.75089,
        "time" : "20160106T172145+0900"
      }, {
        "lat" : 35.710693,
        "lon" : 139.74296,
        "time" : "20160106T172250+0900"
      }, {
        "lat" : 35.714825,
        "lon" : 139.73911,
        "time" : "20160106T172329+0900"
      }, {
        "lat" : 35.716898,
        "lon" : 139.7373,
        "time" : "20160106T172402+0900"
      } ]
    }, {
      "activity" : "walking",
      "group" : "walking",
      "manual" : false,
      "startTime" : "20160106T172402+0900",
      "endTime" : "20160106T173806+0900",
      "duration" : 844.0,
      "distance" : 1085.0,
      "steps" : 1360,
      "calories" : 64,
      "trackPoints" : [ {
        "lat" : 35.716898,
        "lon" : 139.7373,
        "time" : "20160106T172402+0900"
      }, {
        "lat" : 35.717367,
        "lon" : 139.73681,
        "time" : "20160106T172433+0900"
      }, {
        "lat" : 35.717416,
        "lon" : 139.73664,
        "time" : "20160106T172452+0900"
      }, {
        "lat" : 35.71726,
        "lon" : 139.73643,
        "time" : "20160106T172516+0900"
      }, {
        "lat" : 35.716998,
        "lon" : 139.73622,
        "time" : "20160106T172538+0900"
      }, {
        "lat" : 35.716843,
        "lon" : 139.73613,
        "time" : "20160106T172557+0900"
      }, {
        "lat" : 35.716574,
        "lon" : 139.73613,
        "time" : "20160106T172620+0900"
      }, {
        "lat" : 35.716152,
        "lon" : 139.7362,
        "time" : "20160106T172643+0900"
      }, {
        "lat" : 35.716046,
        "lon" : 139.73608,
        "time" : "20160106T172659+0900"
      }, {
        "lat" : 35.71609,
        "lon" : 139.73574,
        "time" : "20160106T172722+0900"
      }, {
        "lat" : 35.716106,
        "lon" : 139.73561,
        "time" : "20160106T172739+0900"
      }, {
        "lat" : 35.716141,
        "lon" : 139.73536,
        "time" : "20160106T172806+0900"
      }, {
        "lat" : 35.716199,
        "lon" : 139.7351,
        "time" : "20160106T172828+0900"
      }, {
        "lat" : 35.716302,
        "lon" : 139.73487,
        "time" : "20160106T172850+0900"
      }, {
        "lat" : 35.716457,
        "lon" : 139.73452,
        "time" : "20160106T172905+0900"
      }, {
        "lat" : 35.71668,
        "lon" : 139.73423,
        "time" : "20160106T172928+0900"
      }, {
        "lat" : 35.716891,
        "lon" : 139.73407,
        "time" : "20160106T172951+0900"
      }, {
        "lat" : 35.717104,
        "lon" : 139.73393,
        "time" : "20160106T173013+0900"
      }, {
        "lat" : 35.717291,
        "lon" : 139.73381,
        "time" : "20160106T173029+0900"
      }, {
        "lat" : 35.717302,
        "lon" : 139.7338,
        "time" : "20160106T173046+0900"
      }, {
        "lat" : 35.717367,
        "lon" : 139.73363,
        "time" : "20160106T173101+0900"
      }, {
        "lat" : 35.717455,
        "lon" : 139.73315,
        "time" : "20160106T173123+0900"
      }, {
        "lat" : 35.717501,
        "lon" : 139.73295,
        "time" : "20160106T173142+0900"
      }, {
        "lat" : 35.717472,
        "lon" : 139.73251,
        "time" : "20160106T173206+0900"
      }, {
        "lat" : 35.717458,
        "lon" : 139.73214,
        "time" : "20160106T173230+0900"
      }, {
        "lat" : 35.717421,
        "lon" : 139.73186,
        "time" : "20160106T173247+0900"
      }, {
        "lat" : 35.717352,
        "lon" : 139.73156,
        "time" : "20160106T173306+0900"
      }, {
        "lat" : 35.717274,
        "lon" : 139.73127,
        "time" : "20160106T173323+0900"
      }, {
        "lat" : 35.717166,
        "lon" : 139.73104,
        "time" : "20160106T173346+0900"
      }, {
        "lat" : 35.717046,
        "lon" : 139.73065,
        "time" : "20160106T173406+0900"
      }, {
        "lat" : 35.717009,
        "lon" : 139.73034,
        "time" : "20160106T173422+0900"
      }, {
        "lat" : 35.716997,
        "lon" : 139.73015,
        "time" : "20160106T173439+0900"
      }, {
        "lat" : 35.717109,
        "lon" : 139.7299,
        "time" : "20160106T173455+0900"
      }, {
        "lat" : 35.71716,
        "lon" : 139.72941,
        "time" : "20160106T173519+0900"
      }, {
        "lat" : 35.717162,
        "lon" : 139.7291,
        "time" : "20160106T173542+0900"
      }, {
        "lat" : 35.717127,
        "lon" : 139.72867,
        "time" : "20160106T173611+0900"
      }, {
        "lat" : 35.717088,
        "lon" : 139.72856,
        "time" : "20160106T173628+0900"
      }, {
        "lat" : 35.71707,
        "lon" : 139.72851,
        "time" : "20160106T173647+0900"
      }, {
        "lat" : 35.717045,
        "lon" : 139.7285,
        "time" : "20160106T173708+0900"
      }, {
        "lat" : 35.716986,
        "lon" : 139.7285,
        "time" : "20160106T173739+0900"
      }, {
        "lat" : 35.716781,
        "lon" : 139.72804,
        "time" : "20160106T173807+0900"
      } ]
    } ],
    "lastUpdate" : "20160106T095329Z"
  }, {
    "type" : "place",
    "startTime" : "20160106T173807+0900",
    "endTime" : "20160107T114526+0900",
    "place" : {
      "id" : 105416472,
      "type" : "unknown",
      "location" : {
        "lat" : 35.7167813087,
        "lon" : 139.7280424577
      }
    },
    "activities" : [ {
      "activity" : "walking",
      "group" : "walking",
      "manual" : false,
      "startTime" : "20160106T173807+0900",
      "endTime" : "20160106T173935+0900",
      "duration" : 88.0,
      "distance" : 58.0,
      "steps" : 117,
      "calories" : 3,
      "trackPoints" : [ ]
    } ],
    "lastUpdate" : "20160107T043505Z"
  } ],
  "caloriesIdle" : 1701,
  "lastUpdate" : "20160107T043505Z"
} ]