[ {
  "date" : "20170609",
  "summary" : [ {
    "activity" : "walking",
    "group" : "walking",
    "duration" : 2608.0,
    "distance" : 2403.0,
    "steps" : 3673,
    "calories" : 133
  }, {
    "activity" : "cycling",
    "group" : "cycling",
    "duration" : 2552.0,
    "distance" : 9852.0,
    "calories" : 247
  }, {
    "activity" : "transport",
    "group" : "transport",
    "duration" : 428.0,
    "distance" : 910.0
  } ],
  "caloriesIdle" : 1596,
  "lastUpdate" : "20170609T224645Z"
} ]