[ {
  "date" : "20170621",
  "summary" : [ {
    "activity" : "walking",
    "group" : "walking",
    "duration" : 1978.0,
    "distance" : 1937.0,
    "steps" : 2792,
    "calories" : 107
  }, {
    "activity" : "transport",
    "group" : "transport",
    "duration" : 208.0,
    "distance" : 752.0
  }, {
    "activity" : "cycling",
    "group" : "cycling",
    "duration" : 2880.0,
    "distance" : 8411.0,
    "calories" : 218
  } ],
  "caloriesIdle" : 1596,
  "lastUpdate" : "20170622T054431Z"
} ]