[ {
  "date" : "20171115",
  "summary" : [ {
    "activity" : "walking",
    "group" : "walking",
    "duration" : 3696.0,
    "distance" : 4205.0,
    "steps" : 5695,
    "calories" : 233
  }, {
    "activity" : "transport",
    "group" : "transport",
    "duration" : 721.0,
    "distance" : 1652.0
  }, {
    "activity" : "cycling",
    "group" : "cycling",
    "duration" : 1055.0,
    "distance" : 4195.0,
    "calories" : 105
  } ],
  "caloriesIdle" : 1596,
  "lastUpdate" : "20171116T050642Z"
} ]