[ {
  "date" : "20170414",
  "summary" : [ {
    "activity" : "walking",
    "group" : "walking",
    "duration" : 1804.0,
    "distance" : 2130.0,
    "steps" : 2595,
    "calories" : 118
  }, {
    "activity" : "cycling",
    "group" : "cycling",
    "duration" : 1293.0,
    "distance" : 5505.0,
    "calories" : 137
  }, {
    "activity" : "transport",
    "group" : "transport",
    "duration" : 115.0,
    "distance" : 611.0
  } ],
  "caloriesIdle" : 1596,
  "lastUpdate" : "20170414T124854Z"
} ]