[ {
  "date" : "20150331",
  "summary" : [ {
    "activity" : "walking",
    "group" : "walking",
    "duration" : 7701.0,
    "distance" : 8924.0,
    "steps" : 11319,
    "calories" : 529
  }, {
    "activity" : "transport",
    "group" : "transport",
    "duration" : 14436.0,
    "distance" : 1071807.0
  }, {
    "activity" : "running",
    "group" : "running",
    "duration" : 270.0,
    "distance" : 562.0,
    "steps" : 620,
    "calories" : 41
  } ],
  "caloriesIdle" : 1706,
  "lastUpdate" : "20150401T021006Z"
} ]