[ {
  "date" : "20180630",
  "summary" : [ {
    "activity" : "walking",
    "group" : "walking",
    "duration" : 2665.0,
    "distance" : 2274.0,
    "steps" : 2799,
    "calories" : 126
  }, {
    "activity" : "cycling",
    "group" : "cycling",
    "duration" : 1926.0,
    "distance" : 6560.0,
    "calories" : 166
  }, {
    "activity" : "transport",
    "group" : "transport",
    "duration" : 409.0,
    "distance" : 491.0
  } ],
  "caloriesIdle" : 1591,
  "lastUpdate" : "20180630T131024Z"
} ]