[ {
  "date" : "20161120",
  "summary" : [ {
    "activity" : "walking",
    "group" : "walking",
    "duration" : 1816.0,
    "distance" : 1775.0,
    "steps" : 2432,
    "calories" : 99
  }, {
    "activity" : "transport",
    "group" : "transport",
    "duration" : 1488.0,
    "distance" : 4996.0
  }, {
    "activity" : "cycling",
    "group" : "cycling",
    "duration" : 817.0,
    "distance" : 3360.0,
    "calories" : 84
  } ],
  "caloriesIdle" : 1601,
  "lastUpdate" : "20161121T045035Z"
} ]