[ {
  "date" : "20171116",
  "summary" : [ {
    "activity" : "walking",
    "group" : "walking",
    "duration" : 3090.0,
    "distance" : 3333.0,
    "steps" : 4732,
    "calories" : 185
  }, {
    "activity" : "cycling",
    "group" : "cycling",
    "duration" : 218.0,
    "distance" : 1439.0,
    "calories" : 35
  }, {
    "activity" : "transport",
    "group" : "transport",
    "duration" : 565.0,
    "distance" : 1237.0
  } ],
  "caloriesIdle" : 1596,
  "lastUpdate" : "20171117T013051Z"
} ]