[ {
  "date" : "20150309",
  "summary" : [ {
    "activity" : "walking",
    "group" : "walking",
    "duration" : 5134.0,
    "distance" : 5247.0,
    "steps" : 8524,
    "calories" : 311
  }, {
    "activity" : "transport",
    "group" : "transport",
    "duration" : 2051.0,
    "distance" : 8887.0
  }, {
    "activity" : "running",
    "group" : "running",
    "duration" : 219.0,
    "distance" : 509.0,
    "steps" : 541,
    "calories" : 37
  } ],
  "caloriesIdle" : 1706,
  "lastUpdate" : "20150309T180831Z"
} ]