[ {
  "date" : "20150122",
  "summary" : [ {
    "activity" : "walking",
    "group" : "walking",
    "duration" : 2664.0,
    "distance" : 2863.0,
    "steps" : 4304,
    "calories" : 170
  }, {
    "activity" : "transport",
    "group" : "transport",
    "duration" : 7496.0,
    "distance" : 111717.0
  }, {
    "activity" : "running",
    "group" : "running",
    "duration" : 240.0,
    "distance" : 579.0,
    "steps" : 629,
    "calories" : 42
  } ],
  "caloriesIdle" : 1706,
  "lastUpdate" : "20150123T053939Z"
} ]