[ {
  "date" : "20180611",
  "summary" : [ {
    "activity" : "walking",
    "group" : "walking",
    "duration" : 1649.0,
    "distance" : 2377.0,
    "steps" : 2425,
    "calories" : 131
  }, {
    "activity" : "cycling",
    "group" : "cycling",
    "duration" : 400.0,
    "distance" : 1732.0,
    "calories" : 43
  }, {
    "activity" : "transport",
    "group" : "transport",
    "duration" : 3098.0,
    "distance" : 12340.0
  }, {
    "activity" : "running",
    "group" : "running",
    "duration" : 390.0,
    "distance" : 849.0,
    "steps" : 998,
    "calories" : 58
  } ],
  "caloriesIdle" : 1591,
  "lastUpdate" : "20180611T153946Z"
} ]