[ {
  "date" : "20161129",
  "summary" : [ {
    "activity" : "walking",
    "group" : "walking",
    "duration" : 1085.0,
    "distance" : 990.0,
    "steps" : 1457,
    "calories" : 55
  }, {
    "activity" : "cycling",
    "group" : "cycling",
    "duration" : 1118.0,
    "distance" : 4124.0,
    "calories" : 104
  }, {
    "activity" : "transport",
    "group" : "transport",
    "duration" : 1000.0,
    "distance" : 1227.0
  } ],
  "caloriesIdle" : 1601,
  "lastUpdate" : "20161130T060528Z"
} ]