[ {
  "date" : "20161124",
  "summary" : [ {
    "activity" : "walking",
    "group" : "walking",
    "duration" : 1266.0,
    "distance" : 1080.0,
    "steps" : 1723,
    "calories" : 60
  }, {
    "activity" : "transport",
    "group" : "transport",
    "duration" : 967.0,
    "distance" : 3138.0
  }, {
    "activity" : "cycling",
    "group" : "cycling",
    "duration" : 500.0,
    "distance" : 2287.0,
    "calories" : 57
  } ],
  "caloriesIdle" : 1601,
  "lastUpdate" : "20161125T015804Z"
} ]