[ {
  "date" : "20170912",
  "summary" : [ {
    "activity" : "walking",
    "group" : "walking",
    "duration" : 4494.0,
    "distance" : 5270.0,
    "steps" : 6747,
    "calories" : 292
  }, {
    "activity" : "transport",
    "group" : "transport",
    "duration" : 735.0,
    "distance" : 4298.0
  }, {
    "activity" : "running",
    "group" : "running",
    "duration" : 276.0,
    "distance" : 634.0,
    "steps" : 720,
    "calories" : 43
  } ],
  "caloriesIdle" : 1596,
  "lastUpdate" : "20170912T115140Z"
} ]