[ {
  "date" : "20141122",
  "summary" : [ {
    "activity" : "walking",
    "group" : "walking",
    "duration" : 7690.0,
    "distance" : 8835.0,
    "steps" : 12614,
    "calories" : 525
  }, {
    "activity" : "transport",
    "group" : "transport",
    "duration" : 8221.0,
    "distance" : 83699.0
  }, {
    "activity" : "running",
    "group" : "running",
    "duration" : 635.0,
    "distance" : 1407.0,
    "steps" : 1502,
    "calories" : 103
  } ],
  "caloriesIdle" : 1711,
  "lastUpdate" : "20141123T054559Z"
} ]