[ {
  "date" : "20170728",
  "summary" : [ {
    "activity" : "walking",
    "group" : "walking",
    "duration" : 1329.0,
    "distance" : 1488.0,
    "steps" : 1918,
    "calories" : 82
  }, {
    "activity" : "cycling",
    "group" : "cycling",
    "duration" : 1205.0,
    "distance" : 4698.0,
    "calories" : 118
  }, {
    "activity" : "transport",
    "group" : "transport",
    "duration" : 405.0,
    "distance" : 533.0
  } ],
  "caloriesIdle" : 1596,
  "lastUpdate" : "20170728T112528Z"
} ]