[ {
  "date" : "20160428",
  "summary" : [ {
    "activity" : "walking",
    "group" : "walking",
    "duration" : 2940.0,
    "distance" : 2987.0,
    "steps" : 4596,
    "calories" : 166
  }, {
    "activity" : "cycling",
    "group" : "cycling",
    "duration" : 1889.0,
    "distance" : 4977.0,
    "calories" : 131
  }, {
    "activity" : "transport",
    "group" : "transport",
    "duration" : 2307.0,
    "distance" : 5325.0
  } ],
  "caloriesIdle" : 1601,
  "lastUpdate" : "20160428T121646Z"
} ]