[ {
  "date" : "20171207",
  "summary" : [ {
    "activity" : "walking",
    "group" : "walking",
    "duration" : 2995.0,
    "distance" : 3403.0,
    "steps" : 4565,
    "calories" : 189
  }, {
    "activity" : "cycling",
    "group" : "cycling",
    "duration" : 606.0,
    "distance" : 712.0,
    "calories" : 22
  }, {
    "activity" : "transport",
    "group" : "transport",
    "duration" : 21041.0,
    "distance" : 339.0
  } ],
  "caloriesIdle" : 1596,
  "lastUpdate" : "20171208T004109Z"
} ]