[ {
  "date" : "20170110",
  "summary" : [ {
    "activity" : "walking",
    "group" : "walking",
    "duration" : 8159.0,
    "distance" : 8560.0,
    "steps" : 13506,
    "calories" : 474
  }, {
    "activity" : "running",
    "group" : "running",
    "duration" : 344.0,
    "distance" : 826.0,
    "steps" : 863,
    "calories" : 56
  }, {
    "activity" : "transport",
    "group" : "transport",
    "duration" : 1721.0,
    "distance" : 3950.0
  } ],
  "caloriesIdle" : 1596,
  "lastUpdate" : "20170111T043731Z"
} ]