[ {
  "date" : "20170130",
  "summary" : [ {
    "activity" : "walking",
    "group" : "walking",
    "duration" : 7757.0,
    "distance" : 8665.0,
    "steps" : 11927,
    "calories" : 480
  }, {
    "activity" : "transport",
    "group" : "transport",
    "duration" : 666.0,
    "distance" : 3609.0
  }, {
    "activity" : "running",
    "group" : "running",
    "duration" : 187.0,
    "distance" : 438.0,
    "steps" : 412,
    "calories" : 30
  } ],
  "caloriesIdle" : 1596,
  "lastUpdate" : "20170131T021445Z"
} ]