[ {
  "date" : "20161108",
  "summary" : [ {
    "activity" : "walking",
    "group" : "walking",
    "duration" : 3325.0,
    "distance" : 3676.0,
    "steps" : 4677,
    "calories" : 204
  }, {
    "activity" : "transport",
    "group" : "transport",
    "duration" : 2372.0,
    "distance" : 7873.0
  }, {
    "activity" : "cycling",
    "group" : "cycling",
    "duration" : 723.0,
    "distance" : 1793.0,
    "calories" : 48
  } ],
  "caloriesIdle" : 1601,
  "lastUpdate" : "20161109T002127Z"
} ]