[ {
  "date" : "20160309",
  "summary" : [ {
    "activity" : "walking",
    "group" : "walking",
    "duration" : 3018.0,
    "distance" : 2998.0,
    "steps" : 4402,
    "calories" : 177
  }, {
    "activity" : "cycling",
    "group" : "cycling",
    "duration" : 2463.0,
    "distance" : 7407.0,
    "calories" : 204
  }, {
    "activity" : "transport",
    "group" : "transport",
    "duration" : 259.0,
    "distance" : 481.0
  } ],
  "caloriesIdle" : 1701,
  "lastUpdate" : "20160309T184017Z"
} ]