[ {
  "date" : "20150724",
  "summary" : [ {
    "activity" : "walking",
    "group" : "walking",
    "duration" : 3700.0,
    "distance" : 4836.0,
    "steps" : 6549,
    "calories" : 287
  }, {
    "activity" : "cycling",
    "group" : "cycling",
    "duration" : 625.0,
    "distance" : 2435.0,
    "calories" : 65
  }, {
    "activity" : "transport",
    "group" : "transport",
    "duration" : 255.0,
    "distance" : 1220.0
  } ],
  "caloriesIdle" : 1706,
  "lastUpdate" : "20150726T092818Z"
} ]