[ {
  "date" : "20150928",
  "summary" : [ {
    "activity" : "transport",
    "group" : "transport",
    "duration" : 178.0,
    "distance" : 945.0
  }, {
    "activity" : "walking",
    "group" : "walking",
    "duration" : 1325.0,
    "distance" : 1175.0,
    "steps" : 1682,
    "calories" : 70
  }, {
    "activity" : "cycling",
    "group" : "cycling",
    "duration" : 1084.0,
    "distance" : 4693.0,
    "calories" : 125
  } ],
  "caloriesIdle" : 1706,
  "lastUpdate" : "20150929T050044Z"
} ]