[ {
  "date" : "20161011",
  "summary" : [ {
    "activity" : "walking",
    "group" : "walking",
    "duration" : 2496.0,
    "distance" : 2420.0,
    "steps" : 3457,
    "calories" : 135
  }, {
    "activity" : "cycling",
    "group" : "cycling",
    "duration" : 2015.0,
    "distance" : 6995.0,
    "calories" : 178
  }, {
    "activity" : "transport",
    "group" : "transport",
    "duration" : 1240.0,
    "distance" : 2936.0
  } ],
  "caloriesIdle" : 1601,
  "lastUpdate" : "20161012T012327Z"
} ]