[ {
  "date" : "20150322",
  "summary" : [ {
    "activity" : "walking",
    "group" : "walking",
    "duration" : 4595.0,
    "distance" : 5005.0,
    "steps" : 7675,
    "calories" : 297
  }, {
    "activity" : "transport",
    "group" : "transport",
    "duration" : 3955.0,
    "distance" : 21229.0
  }, {
    "activity" : "running",
    "group" : "running",
    "duration" : 150.0,
    "distance" : 338.0,
    "steps" : 376,
    "calories" : 25
  } ],
  "caloriesIdle" : 1706,
  "lastUpdate" : "20150322T172601Z"
} ]