[ {
  "date" : "20170605",
  "segments" : [ {
    "type" : "place",
    "startTime" : "20170604T112304+0900",
    "endTime" : "20170605T101259+0900",
    "place" : {
      "id" : 257240275,
      "type" : "unknown",
      "location" : {
        "lat" : 43.084886,
        "lon" : 141.3453
      }
    },
    "lastUpdate" : "20170605T022307Z"
  }, {
    "type" : "place",
    "startTime" : "20170605T101809+0900",
    "endTime" : "20170605T115808+0900",
    "place" : {
      "id" : 259240182,
      "type" : "unknown",
      "location" : {
        "lat" : 43.076435,
        "lon" : 141.33918
      }
    },
    "lastUpdate" : "20170605T035501Z"
  }, {
    "type" : "place",
    "startTime" : "20170605T120405+0900",
    "endTime" : "20170605T182814+0900",
    "place" : {
      "id" : 257240275,
      "type" : "unknown",
      "location" : {
        "lat" : 43.084886,
        "lon" : 141.3453
      }
    },
    "lastUpdate" : "20170605T101006Z"
  }, {
    "type" : "place",
    "startTime" : "20170605T185842+0900",
    "endTime" : "20170605T212309+0900",
    "place" : {
      "id" : 333849665,
      "type" : "unknown",
      "location" : {
        "lat" : 43.090439,
        "lon" : 141.40017
      }
    },
    "lastUpdate" : "20170605T131556Z"
  }, {
    "type" : "place",
    "startTime" : "20170605T215035+0900",
    "endTime" : "20170606T101405+0900",
    "place" : {
      "id" : 257240275,
      "type" : "unknown",
      "location" : {
        "lat" : 43.084886,
        "lon" : 141.3453
      }
    },
    "lastUpdate" : "20170606T014338Z"
  } ],
  "lastUpdate" : "20170606T014338Z"
} ]