[ {
  "date" : "20180713",
  "segments" : [ {
    "type" : "place",
    "startTime" : "20180712T214430+0900",
    "endTime" : "20180713T142342+0900",
    "place" : {
      "id" : 152143834,
      "type" : "unknown",
      "location" : {
        "lat" : 43.0846321394,
        "lon" : 141.3451669726
      }
    },
    "lastUpdate" : "20180713T120828Z"
  }, {
    "type" : "place",
    "startTime" : "20180713T142911+0900",
    "endTime" : "20180713T150613+0900",
    "place" : {
      "id" : 245014239,
      "type" : "unknown",
      "location" : {
        "lat" : 43.076271,
        "lon" : 141.33948
      }
    },
    "lastUpdate" : "20180713T120833Z"
  }, {
    "type" : "place",
    "startTime" : "20180713T151350+0900",
    "endTime" : "20180713T210632+0900",
    "place" : {
      "id" : 268906914,
      "type" : "unknown",
      "location" : {
        "lat" : 43.075967,
        "lon" : 141.3395
      }
    },
    "lastUpdate" : "20180713T133749Z"
  }, {
    "type" : "place",
    "startTime" : "20180713T212110+0900",
    "endTime" : "20180713T223128+0900",
    "place" : {
      "id" : 478625229,
      "type" : "unknown",
      "location" : {
        "lat" : 43.080643,
        "lon" : 141.34726
      }
    },
    "lastUpdate" : "20180713T143808Z"
  }, {
    "type" : "place",
    "startTime" : "20180713T223855+0900",
    "endTime" : "20180714T023414+0900",
    "place" : {
      "id" : 611298859,
      "type" : "unknown",
      "location" : {
        "lat" : 43.077114,
        "lon" : 141.34797
      }
    },
    "lastUpdate" : "20180713T173416Z"
  } ],
  "lastUpdate" : "20180713T173416Z"
} ]