[ {
  "date" : "20180605",
  "segments" : [ {
    "type" : "place",
    "startTime" : "20180604T211820+0900",
    "endTime" : "20180605T083437+0900",
    "place" : {
      "id" : 332193684,
      "type" : "unknown",
      "location" : {
        "lat" : 43.083901,
        "lon" : 141.34601
      }
    },
    "lastUpdate" : "20180604T233446Z"
  }, {
    "type" : "place",
    "startTime" : "20180605T092334+0900",
    "endTime" : "20180605T110850+0900",
    "place" : {
      "id" : 245839091,
      "type" : "unknown",
      "location" : {
        "lat" : 42.993419,
        "lon" : 141.43738
      }
    },
    "lastUpdate" : "20180605T221336Z"
  }, {
    "type" : "place",
    "startTime" : "20180605T112013+0900",
    "endTime" : "20180605T113059+0900",
    "place" : {
      "id" : 601235204,
      "type" : "unknown",
      "location" : {
        "lat" : 42.999777,
        "lon" : 141.43517
      }
    },
    "lastUpdate" : "20180605T221337Z"
  }, {
    "type" : "place",
    "startTime" : "20180605T122850+0900",
    "endTime" : "20180605T123105+0900",
    "place" : {
      "id" : 382269805,
      "type" : "unknown",
      "location" : {
        "lat" : 43.06211,
        "lon" : 141.35167
      }
    },
    "lastUpdate" : "20180605T221337Z"
  }, {
    "type" : "place",
    "startTime" : "20180605T124416+0900",
    "endTime" : "20180605T125035+0900",
    "place" : {
      "id" : 141749345,
      "type" : "unknown",
      "location" : {
        "lat" : 43.0677357622,
        "lon" : 141.3481825467
      }
    },
    "lastUpdate" : "20180605T221337Z"
  }, {
    "type" : "place",
    "startTime" : "20180605T133110+0900",
    "endTime" : "20180606T071340+0900",
    "place" : {
      "id" : 257240275,
      "type" : "unknown",
      "location" : {
        "lat" : 43.084886,
        "lon" : 141.3453
      }
    },
    "lastUpdate" : "20180605T221344Z"
  } ],
  "lastUpdate" : "20180605T221344Z"
} ]