[ {
  "date" : "20161012",
  "segments" : [ {
    "type" : "place",
    "startTime" : "20161011T200841+0900",
    "endTime" : "20161012T090007+0900",
    "place" : {
      "id" : 257240275,
      "type" : "unknown",
      "location" : {
        "lat" : 43.084886,
        "lon" : 141.3453
      }
    },
    "lastUpdate" : "20161012T012327Z"
  }, {
    "type" : "place",
    "startTime" : "20161012T090418+0900",
    "endTime" : "20161012T120324+0900",
    "place" : {
      "id" : 259240182,
      "type" : "unknown",
      "location" : {
        "lat" : 43.076435,
        "lon" : 141.33918
      }
    },
    "lastUpdate" : "20161012T043115Z"
  }, {
    "type" : "place",
    "startTime" : "20161012T121327+0900",
    "endTime" : "20161012T122114+0900",
    "place" : {
      "id" : 259490388,
      "type" : "unknown",
      "location" : {
        "lat" : 43.075454,
        "lon" : 141.34061
      }
    },
    "lastUpdate" : "20161012T043115Z"
  }, {
    "type" : "place",
    "startTime" : "20161012T122543+0900",
    "endTime" : "20161012T174354+0900",
    "place" : {
      "id" : 259240182,
      "type" : "unknown",
      "location" : {
        "lat" : 43.076435,
        "lon" : 141.33918
      }
    },
    "lastUpdate" : "20161012T091133Z"
  }, {
    "type" : "place",
    "startTime" : "20161012T175120+0900",
    "endTime" : "20161012T182034+0900",
    "place" : {
      "id" : 264777759,
      "type" : "unknown",
      "location" : {
        "lat" : 43.083421,
        "lon" : 141.34423
      }
    },
    "lastUpdate" : "20161012T104324Z"
  }, {
    "type" : "place",
    "startTime" : "20161012T184839+0900",
    "endTime" : "20161012T212324+0900",
    "place" : {
      "id" : 351788486,
      "type" : "unknown",
      "location" : {
        "lat" : 43.089142,
        "lon" : 141.39906
      }
    },
    "lastUpdate" : "20161012T134644Z"
  }, {
    "type" : "place",
    "startTime" : "20161012T214904+0900",
    "endTime" : "20161013T102311+0900",
    "place" : {
      "id" : 174606785,
      "type" : "unknown",
      "location" : {
        "lat" : 43.0842510763,
        "lon" : 141.3447211729
      }
    },
    "lastUpdate" : "20161013T021235Z"
  } ],
  "lastUpdate" : "20161013T021235Z"
} ]