[ {
  "date" : "20170424",
  "segments" : [ {
    "type" : "place",
    "startTime" : "20170423T112240+0900",
    "endTime" : "20170424T101758+0900",
    "place" : {
      "id" : 257240275,
      "type" : "unknown",
      "location" : {
        "lat" : 43.084886,
        "lon" : 141.3453
      }
    },
    "lastUpdate" : "20170424T022242Z"
  }, {
    "type" : "place",
    "startTime" : "20170424T102128+0900",
    "endTime" : "20170424T123107+0900",
    "place" : {
      "id" : 362494857,
      "type" : "unknown",
      "location" : {
        "lat" : 43.076265,
        "lon" : 141.33885
      }
    },
    "lastUpdate" : "20170424T035258Z"
  }, {
    "type" : "place",
    "startTime" : "20170424T123928+0900",
    "endTime" : "20170424T130643+0900",
    "place" : {
      "id" : 363496721,
      "type" : "unknown",
      "location" : {
        "lat" : 43.077072,
        "lon" : 141.34458
      }
    },
    "lastUpdate" : "20170424T052833Z"
  }, {
    "type" : "place",
    "startTime" : "20170424T130945+0900",
    "endTime" : "20170424T183200+0900",
    "place" : {
      "id" : 257240275,
      "type" : "unknown",
      "location" : {
        "lat" : 43.084886,
        "lon" : 141.3453
      }
    },
    "lastUpdate" : "20170424T100614Z"
  }, {
    "type" : "place",
    "startTime" : "20170424T183729+0900",
    "endTime" : "20170424T203735+0900",
    "place" : {
      "id" : 259490388,
      "type" : "unknown",
      "location" : {
        "lat" : 43.075454,
        "lon" : 141.34061
      }
    },
    "lastUpdate" : "20170424T131128Z"
  }, {
    "type" : "place",
    "startTime" : "20170424T210240+0900",
    "endTime" : "20170425T083848+0900",
    "place" : {
      "id" : 257240275,
      "type" : "unknown",
      "location" : {
        "lat" : 43.084886,
        "lon" : 141.3453
      }
    },
    "lastUpdate" : "20170425T011255Z"
  } ],
  "lastUpdate" : "20170425T011255Z"
} ]