[ {
  "date" : "20170206",
  "segments" : [ {
    "type" : "place",
    "startTime" : "20170205T110608+0900",
    "endTime" : "20170206T101444+0900",
    "place" : {
      "id" : 257240275,
      "type" : "unknown",
      "location" : {
        "lat" : 43.084886,
        "lon" : 141.3453
      }
    },
    "lastUpdate" : "20170206T020611Z"
  }, {
    "type" : "place",
    "startTime" : "20170206T102646+0900",
    "endTime" : "20170206T120912+0900",
    "place" : {
      "id" : 362494857,
      "type" : "unknown",
      "location" : {
        "lat" : 43.076265,
        "lon" : 141.33885
      }
    },
    "lastUpdate" : "20170206T034016Z"
  }, {
    "type" : "place",
    "startTime" : "20170206T134254+0900",
    "endTime" : "20170207T124841+0900",
    "place" : {
      "id" : 257240275,
      "type" : "unknown",
      "location" : {
        "lat" : 43.084886,
        "lon" : 141.3453
      }
    },
    "lastUpdate" : "20170207T044257Z"
  } ],
  "lastUpdate" : "20170207T044257Z"
} ]