[ {
  "date" : "20161208",
  "segments" : [ {
    "type" : "place",
    "startTime" : "20161207T230117+0900",
    "endTime" : "20161208T102957+0900",
    "place" : {
      "id" : 257240275,
      "type" : "unknown",
      "location" : {
        "lat" : 43.084886,
        "lon" : 141.3453
      }
    },
    "lastUpdate" : "20161208T030233Z"
  }, {
    "type" : "place",
    "startTime" : "20161208T103653+0900",
    "endTime" : "20161208T123341+0900",
    "place" : {
      "id" : 362494857,
      "type" : "unknown",
      "location" : {
        "lat" : 43.076265,
        "lon" : 141.33885
      }
    },
    "lastUpdate" : "20161208T043622Z"
  }, {
    "type" : "place",
    "startTime" : "20161208T123828+0900",
    "endTime" : "20161208T124539+0900",
    "place" : {
      "id" : 259490388,
      "type" : "unknown",
      "location" : {
        "lat" : 43.075454,
        "lon" : 141.34061
      }
    },
    "lastUpdate" : "20161208T043622Z"
  }, {
    "type" : "place",
    "startTime" : "20161208T124958+0900",
    "endTime" : "20161208T143305+0900",
    "place" : {
      "id" : 362494857,
      "type" : "unknown",
      "location" : {
        "lat" : 43.076265,
        "lon" : 141.33885
      }
    },
    "lastUpdate" : "20161208T060937Z"
  }, {
    "type" : "place",
    "startTime" : "20161208T145121+0900",
    "endTime" : "20161209T101813+0900",
    "place" : {
      "id" : 257240275,
      "type" : "unknown",
      "location" : {
        "lat" : 43.084886,
        "lon" : 141.3453
      }
    },
    "lastUpdate" : "20161209T021949Z"
  } ],
  "lastUpdate" : "20161209T021949Z"
} ]