[ {
  "date" : "20160502",
  "segments" : [ {
    "type" : "place",
    "startTime" : "20160501T151304+0900",
    "endTime" : "20160502T144012+0900",
    "place" : {
      "id" : 257240275,
      "type" : "unknown",
      "location" : {
        "lat" : 43.084886,
        "lon" : 141.3453
      }
    },
    "lastUpdate" : "20160502T061307Z"
  }, {
    "type" : "place",
    "startTime" : "20160502T144418+0900",
    "endTime" : "20160502T180905+0900",
    "place" : {
      "id" : 259240182,
      "type" : "unknown",
      "location" : {
        "lat" : 43.076435,
        "lon" : 141.33918
      }
    },
    "lastUpdate" : "20160502T132816Z"
  }, {
    "type" : "place",
    "startTime" : "20160502T181412+0900",
    "endTime" : "20160502T202922+0900",
    "place" : {
      "id" : 141367536,
      "type" : "unknown",
      "location" : {
        "lat" : 43.0784012398,
        "lon" : 141.340132137
      }
    },
    "lastUpdate" : "20160502T132816Z"
  }, {
    "type" : "place",
    "startTime" : "20160502T203611+0900",
    "endTime" : "20160502T223314+0900",
    "place" : {
      "id" : 148786869,
      "type" : "unknown",
      "location" : {
        "lat" : 43.0804758846,
        "lon" : 141.3452249549
      }
    },
    "lastUpdate" : "20160502T150152Z"
  }, {
    "type" : "place",
    "startTime" : "20160502T224638+0900",
    "endTime" : "20160503T004321+0900",
    "place" : {
      "id" : 257772906,
      "type" : "unknown",
      "location" : {
        "lat" : 43.077956,
        "lon" : 141.35354
      }
    },
    "lastUpdate" : "20160502T163733Z"
  } ],
  "lastUpdate" : "20160502T163733Z"
} ]