[ {
  "date" : "20170713",
  "segments" : [ {
    "type" : "place",
    "startTime" : "20170712T205059+0900",
    "endTime" : "20170713T162419+0900",
    "place" : {
      "id" : 257240275,
      "type" : "unknown",
      "location" : {
        "lat" : 43.084886,
        "lon" : 141.3453
      }
    },
    "lastUpdate" : "20170713T090332Z"
  }, {
    "type" : "place",
    "startTime" : "20170713T162809+0900",
    "endTime" : "20170713T182223+0900",
    "place" : {
      "id" : 264571444,
      "type" : "unknown",
      "location" : {
        "lat" : 43.076536,
        "lon" : 141.3388
      }
    },
    "lastUpdate" : "20170713T103745Z"
  }, {
    "type" : "place",
    "startTime" : "20170713T182756+0900",
    "endTime" : "20170714T085101+0900",
    "place" : {
      "id" : 257240275,
      "type" : "unknown",
      "location" : {
        "lat" : 43.084886,
        "lon" : 141.3453
      }
    },
    "lastUpdate" : "20170714T003331Z"
  } ],
  "lastUpdate" : "20170714T003331Z"
} ]