[ {
  "date" : "20170201",
  "segments" : [ {
    "type" : "place",
    "startTime" : "20170131T215909+0900",
    "endTime" : "20170201T124110+0900",
    "place" : {
      "id" : 257240275,
      "type" : "unknown",
      "location" : {
        "lat" : 43.084886,
        "lon" : 141.3453
      }
    },
    "lastUpdate" : "20170201T043441Z"
  }, {
    "type" : "place",
    "startTime" : "20170201T125647+0900",
    "endTime" : "20170201T142115+0900",
    "place" : {
      "id" : 362494857,
      "type" : "unknown",
      "location" : {
        "lat" : 43.076265,
        "lon" : 141.33885
      }
    },
    "lastUpdate" : "20170201T060925Z"
  }, {
    "type" : "place",
    "startTime" : "20170201T142726+0900",
    "endTime" : "20170201T143202+0900",
    "place" : {
      "id" : 148673790,
      "type" : "unknown",
      "location" : {
        "lat" : 43.0789002991,
        "lon" : 141.340795592
      }
    },
    "lastUpdate" : "20170201T060925Z"
  }, {
    "type" : "place",
    "startTime" : "20170201T144903+0900",
    "endTime" : "20170202T082853+0900",
    "place" : {
      "id" : 257240275,
      "type" : "unknown",
      "location" : {
        "lat" : 43.084886,
        "lon" : 141.3453
      }
    },
    "lastUpdate" : "20170202T004546Z"
  } ],
  "lastUpdate" : "20170202T004546Z"
} ]