[ {
  "date" : "20151023",
  "segments" : [ {
    "type" : "place",
    "startTime" : "20151022T180410+0900",
    "endTime" : "20151023T084157+0900",
    "place" : {
      "id" : 152143834,
      "type" : "unknown",
      "location" : {
        "lat" : 43.0846321394,
        "lon" : 141.3451669726
      }
    },
    "lastUpdate" : "20151023T034320Z"
  }, {
    "type" : "place",
    "startTime" : "20151023T084514+0900",
    "endTime" : "20151023T115837+0900",
    "place" : {
      "id" : 141367537,
      "type" : "unknown",
      "location" : {
        "lat" : 43.0794932905,
        "lon" : 141.3403872229
      }
    },
    "lastUpdate" : "20151023T052627Z"
  }, {
    "type" : "place",
    "startTime" : "20151023T120112+0900",
    "endTime" : "20151023T121057+0900",
    "place" : {
      "id" : 173111003,
      "type" : "unknown",
      "location" : {
        "lat" : 43.078808745,
        "lon" : 141.339776401
      }
    },
    "lastUpdate" : "20151023T052627Z"
  }, {
    "type" : "place",
    "startTime" : "20151023T124325+0900",
    "endTime" : "20151023T142451+0900",
    "place" : {
      "id" : 173111003,
      "type" : "unknown",
      "location" : {
        "lat" : 43.078808745,
        "lon" : 141.339776401
      }
    },
    "lastUpdate" : "20151023T113440Z"
  }, {
    "type" : "place",
    "startTime" : "20151023T143012+0900",
    "endTime" : "20151024T151543+0900",
    "place" : {
      "id" : 152143834,
      "type" : "unknown",
      "location" : {
        "lat" : 43.0846321394,
        "lon" : 141.3451669726
      }
    },
    "lastUpdate" : "20151025T070145Z"
  } ],
  "lastUpdate" : "20151025T070145Z"
} ]