[ {
  "date" : "20161008",
  "segments" : [ {
    "type" : "place",
    "startTime" : "20161007T165945+0900",
    "endTime" : "20161008T141413+0900",
    "place" : {
      "id" : 148786870,
      "type" : "unknown",
      "location" : {
        "lat" : 43.0832977285,
        "lon" : 141.3446079718
      }
    },
    "lastUpdate" : "20161008T064904Z"
  }, {
    "type" : "place",
    "startTime" : "20161008T141811+0900",
    "endTime" : "20161008T143034+0900",
    "place" : {
      "id" : 262997484,
      "type" : "unknown",
      "location" : {
        "lat" : 43.080287,
        "lon" : 141.34266
      }
    },
    "lastUpdate" : "20161008T064904Z"
  }, {
    "type" : "place",
    "startTime" : "20161008T144512+0900",
    "endTime" : "20161008T154438+0900",
    "place" : {
      "id" : 258471929,
      "type" : "unknown",
      "location" : {
        "lat" : 43.068581,
        "lon" : 141.3474
      }
    },
    "lastUpdate" : "20161008T082134Z"
  }, {
    "type" : "place",
    "startTime" : "20161008T155025+0900",
    "endTime" : "20161008T161559+0900",
    "place" : {
      "id" : 240665251,
      "type" : "unknown",
      "location" : {
        "lat" : 43.072508,
        "lon" : 141.34271
      }
    },
    "lastUpdate" : "20161008T082134Z"
  }, {
    "type" : "place",
    "startTime" : "20161008T162439+0900",
    "endTime" : "20161008T185153+0900",
    "place" : {
      "id" : 153575117,
      "type" : "unknown",
      "location" : {
        "lat" : 43.0789480864,
        "lon" : 141.3402874001
      }
    },
    "lastUpdate" : "20161008T112827Z"
  }, {
    "type" : "place",
    "startTime" : "20161008T185623+0900",
    "endTime" : "20161008T214137+0900",
    "place" : {
      "id" : 150941205,
      "type" : "unknown",
      "location" : {
        "lat" : 43.0790632738,
        "lon" : 141.3462747755
      }
    },
    "lastUpdate" : "20161008T130306Z"
  }, {
    "type" : "place",
    "startTime" : "20161008T214737+0900",
    "endTime" : "20161008T234129+0900",
    "place" : {
      "id" : 349734953,
      "type" : "unknown",
      "location" : {
        "lat" : 43.078552,
        "lon" : 141.35221
      }
    },
    "lastUpdate" : "20161008T161020Z"
  }, {
    "type" : "place",
    "startTime" : "20161008T234129+0900",
    "endTime" : "20161009T011712+0900",
    "place" : {
      "id" : 257772906,
      "type" : "unknown",
      "location" : {
        "lat" : 43.077956,
        "lon" : 141.35354
      }
    },
    "lastUpdate" : "20161008T174232Z"
  } ],
  "lastUpdate" : "20161008T174232Z"
} ]