[ {
  "date" : "20160713",
  "segments" : [ {
    "type" : "place",
    "startTime" : "20160712T230710+0900",
    "endTime" : "20160713T103507+0900",
    "place" : {
      "id" : 141435006,
      "type" : "unknown",
      "location" : {
        "lat" : 43.0843685253,
        "lon" : 141.345080654
      }
    },
    "lastUpdate" : "20160713T040859Z"
  }, {
    "type" : "place",
    "startTime" : "20160713T103927+0900",
    "endTime" : "20160713T130356+0900",
    "place" : {
      "id" : 265023791,
      "type" : "unknown",
      "location" : {
        "lat" : 43.081043,
        "lon" : 141.34126
      }
    },
    "lastUpdate" : "20160713T071402Z"
  }, {
    "type" : "place",
    "startTime" : "20160713T144949+0900",
    "endTime" : "20160713T145202+0900",
    "place" : {
      "id" : 291137617,
      "type" : "unknown",
      "location" : {
        "lat" : 43.077408,
        "lon" : 141.33975
      }
    },
    "lastUpdate" : "20160714T045453Z"
  }, {
    "type" : "place",
    "startTime" : "20160713T152557+0900",
    "endTime" : "20160714T143400+0900",
    "place" : {
      "id" : 148006119,
      "type" : "unknown",
      "location" : {
        "lat" : 43.0835941285,
        "lon" : 141.3448409624
      }
    },
    "lastUpdate" : "20160714T062559Z"
  } ],
  "lastUpdate" : "20160714T062559Z"
} ]