[ {
  "date" : "20150721",
  "segments" : [ {
    "type" : "place",
    "startTime" : "20150719T193146+0900",
    "endTime" : "20150721T102649+0900",
    "place" : {
      "id" : 152143834,
      "type" : "unknown",
      "location" : {
        "lat" : 43.0846321394,
        "lon" : 141.3451669726
      }
    },
    "lastUpdate" : "20150721T025951Z"
  }, {
    "type" : "place",
    "startTime" : "20150721T103122+0900",
    "endTime" : "20150721T121056+0900",
    "place" : {
      "id" : 141367537,
      "type" : "unknown",
      "location" : {
        "lat" : 43.0794932905,
        "lon" : 141.3403872229
      }
    },
    "lastUpdate" : "20150721T052612Z"
  }, {
    "type" : "place",
    "startTime" : "20150721T122408+0900",
    "endTime" : "20150721T143719+0900",
    "place" : {
      "id" : 152143834,
      "type" : "unknown",
      "location" : {
        "lat" : 43.0846321394,
        "lon" : 141.3451669726
      }
    },
    "lastUpdate" : "20150721T070144Z"
  }, {
    "type" : "place",
    "startTime" : "20150721T144054+0900",
    "endTime" : "20150721T201800+0900",
    "place" : {
      "id" : 141367536,
      "type" : "unknown",
      "location" : {
        "lat" : 43.0784012398,
        "lon" : 141.340132137
      }
    },
    "lastUpdate" : "20150721T130855Z"
  }, {
    "type" : "place",
    "startTime" : "20150721T202541+0900",
    "endTime" : "20150722T085943+0900",
    "place" : {
      "id" : 152143834,
      "type" : "unknown",
      "location" : {
        "lat" : 43.0846321394,
        "lon" : 141.3451669726
      }
    },
    "lastUpdate" : "20150722T025313Z"
  } ],
  "lastUpdate" : "20150722T025313Z"
} ]