[ {
  "date" : "20151110",
  "segments" : [ {
    "type" : "place",
    "startTime" : "20151110T143513+0900",
    "endTime" : "20151110T160205+0900",
    "place" : {
      "id" : 158921548,
      "type" : "unknown",
      "location" : {
        "lat" : 43.0791232997,
        "lon" : 141.3397775791
      }
    },
    "lastUpdate" : "20151110T114053Z"
  }, {
    "type" : "place",
    "startTime" : "20151110T160553+0900",
    "endTime" : "20151110T175426+0900",
    "place" : {
      "id" : 222606236,
      "type" : "unknown",
      "location" : {
        "lat" : 43.0788802886,
        "lon" : 141.343290757
      }
    },
    "lastUpdate" : "20151110T114053Z"
  }, {
    "type" : "place",
    "startTime" : "20151110T175427+0900",
    "endTime" : "20151110T180949+0900",
    "place" : {
      "id" : 149780344,
      "type" : "unknown",
      "location" : {
        "lat" : 43.079711611,
        "lon" : 141.340634675
      }
    },
    "lastUpdate" : "20151110T114054Z"
  }, {
    "type" : "place",
    "startTime" : "20151110T180950+0900",
    "endTime" : "20151110T203311+0900",
    "place" : {
      "id" : 141367536,
      "type" : "unknown",
      "location" : {
        "lat" : 43.0784012398,
        "lon" : 141.340132137
      }
    },
    "lastUpdate" : "20151110T144448Z"
  }, {
    "type" : "place",
    "startTime" : "20151110T205607+0900",
    "endTime" : "20151111T102425+0900",
    "place" : {
      "id" : 147930617,
      "type" : "unknown",
      "location" : {
        "lat" : 43.0839664558,
        "lon" : 141.3445236816
      }
    },
    "lastUpdate" : "20151111T031413Z"
  } ],
  "lastUpdate" : "20151111T031413Z"
} ]