[ {
  "date" : "20150704",
  "segments" : [ {
    "type" : "place",
    "startTime" : "20150703T175833+0900",
    "endTime" : "20150704T184757+0900",
    "place" : {
      "id" : 152143834,
      "type" : "unknown",
      "location" : {
        "lat" : 43.0846321394,
        "lon" : 141.3451669726
      }
    },
    "lastUpdate" : "20150705T103920Z"
  }, {
    "type" : "place",
    "startTime" : "20150704T184757+0900",
    "endTime" : "20150706T125311+0900",
    "place" : {
      "id" : 152143834,
      "type" : "unknown",
      "location" : {
        "lat" : 43.0846321394,
        "lon" : 141.3451669726
      }
    },
    "lastUpdate" : "20150706T051429Z"
  } ],
  "lastUpdate" : "20150706T051429Z"
} ]