[ {
  "date" : "20150924",
  "segments" : [ {
    "type" : "place",
    "startTime" : "20150923T185402+0900",
    "endTime" : "20150924T063144+0900",
    "place" : {
      "id" : 105416472,
      "type" : "unknown",
      "location" : {
        "lat" : 35.7167813087,
        "lon" : 139.7280424577
      }
    },
    "lastUpdate" : "20150923T215952Z"
  }, {
    "type" : "place",
    "startTime" : "20150924T064356+0900",
    "endTime" : "20150924T070012+0900",
    "place" : {
      "id" : 134623125,
      "type" : "unknown",
      "location" : {
        "lat" : 35.717856652,
        "lon" : 139.7279638952
      }
    },
    "lastUpdate" : "20150924T010426Z"
  }, {
    "type" : "place",
    "startTime" : "20150924T071346+0900",
    "endTime" : "20150924T073241+0900",
    "place" : {
      "id" : 208009192,
      "type" : "unknown",
      "location" : {
        "lat" : 35.6731550061,
        "lon" : 139.7639760428
      }
    },
    "lastUpdate" : "20150924T010429Z"
  }, {
    "type" : "place",
    "startTime" : "20150924T084919+0900",
    "endTime" : "20150924T090557+0900",
    "place" : {
      "id" : 208009206,
      "type" : "unknown",
      "location" : {
        "lat" : 35.7783898025,
        "lon" : 140.3843630798
      }
    },
    "lastUpdate" : "20150924T010429Z"
  }, {
    "type" : "place",
    "startTime" : "20150924T090557+0900",
    "endTime" : "20150924T091306+0900",
    "place" : {
      "id" : 208009207,
      "type" : "unknown",
      "location" : {
        "lat" : 35.7795961656,
        "lon" : 140.3852346172
      }
    },
    "lastUpdate" : "20150924T010429Z"
  }, {
    "type" : "place",
    "startTime" : "20150924T091941+0900",
    "endTime" : "20150924T103950+0900",
    "place" : {
      "id" : 200185686,
      "type" : "unknown",
      "location" : {
        "lat" : 35.7810908126,
        "lon" : 140.3868357217
      }
    },
    "lastUpdate" : "20150924T044650Z"
  }, {
    "type" : "place",
    "startTime" : "20150924T121859+0900",
    "endTime" : "20150924T122836+0900",
    "place" : {
      "id" : 208038492,
      "type" : "unknown",
      "location" : {
        "lat" : 42.7898451194,
        "lon" : 141.6781130045
      }
    },
    "lastUpdate" : "20150924T044650Z"
  }, {
    "type" : "place",
    "startTime" : "20150924T123330+0900",
    "endTime" : "20150924T124859+0900",
    "place" : {
      "id" : 208038493,
      "type" : "unknown",
      "location" : {
        "lat" : 42.7884707993,
        "lon" : 141.680613014
      }
    },
    "lastUpdate" : "20150924T062007Z"
  }, {
    "type" : "place",
    "startTime" : "20150924T140813+0900",
    "endTime" : "20150924T145207+0900",
    "place" : {
      "id" : 152143834,
      "type" : "unknown",
      "location" : {
        "lat" : 43.0846321394,
        "lon" : 141.3451669726
      }
    },
    "lastUpdate" : "20150924T062513Z"
  }, {
    "type" : "place",
    "startTime" : "20150924T145512+0900",
    "endTime" : "20150924T155535+0900",
    "place" : {
      "id" : 141367537,
      "type" : "unknown",
      "location" : {
        "lat" : 43.0794932905,
        "lon" : 141.3403872229
      }
    },
    "lastUpdate" : "20150924T090037Z"
  }, {
    "type" : "place",
    "startTime" : "20150924T155939+0900",
    "endTime" : "20150924T173837+0900",
    "place" : {
      "id" : 146720426,
      "type" : "unknown",
      "location" : {
        "lat" : 43.0698576843,
        "lon" : 141.3437207813
      }
    },
    "lastUpdate" : "20150924T230142Z"
  }, {
    "type" : "place",
    "startTime" : "20150924T180122+0900",
    "endTime" : "20150925T154241+0900",
    "place" : {
      "id" : 152143834,
      "type" : "unknown",
      "location" : {
        "lat" : 43.0846321394,
        "lon" : 141.3451669726
      }
    },
    "lastUpdate" : "20150925T141845Z"
  } ],
  "lastUpdate" : "20150925T141845Z"
} ]