[ {
  "date" : "20141207",
  "segments" : [ {
    "type" : "place",
    "startTime" : "20141206T202731+0900",
    "endTime" : "20141207T054813+0900",
    "place" : {
      "id" : 117345858,
      "type" : "unknown",
      "location" : {
        "lat" : 35.7193335133,
        "lon" : 139.7273594442
      }
    },
    "lastUpdate" : "20141207T003318Z"
  }, {
    "type" : "place",
    "startTime" : "20141207T055547+0900",
    "endTime" : "20141208T152903+0900",
    "place" : {
      "id" : 98345442,
      "type" : "unknown",
      "location" : {
        "lat" : 35.7168392789,
        "lon" : 139.7283806079
      }
    },
    "lastUpdate" : "20141208T140100Z"
  } ],
  "lastUpdate" : "20141208T140100Z"
} ]