[ {
  "date" : "20150328",
  "segments" : [ {
    "type" : "place",
    "startTime" : "20150327T113505+0900",
    "endTime" : "20150328T102458+0900",
    "place" : {
      "id" : 145418497,
      "type" : "unknown",
      "location" : {
        "lat" : 35.702060661,
        "lon" : 139.7541333132
      }
    },
    "lastUpdate" : "20150328T152050Z"
  }, {
    "type" : "place",
    "startTime" : "20150328T194918+0900",
    "endTime" : "20150328T201746+0900",
    "place" : {
      "id" : 145910294,
      "type" : "unknown",
      "location" : {
        "lat" : 35.6649245012,
        "lon" : 139.7836295536
      }
    },
    "lastUpdate" : "20150328T152051Z"
  }, {
    "type" : "place",
    "startTime" : "20150328T202118+0900",
    "endTime" : "20150328T203349+0900",
    "place" : {
      "id" : 145910295,
      "type" : "unknown",
      "location" : {
        "lat" : 35.6640298739,
        "lon" : 139.7838527124
      }
    },
    "lastUpdate" : "20150328T152051Z"
  }, {
    "type" : "place",
    "startTime" : "20150328T210427+0900",
    "endTime" : "20150328T222914+0900",
    "place" : {
      "id" : 145910310,
      "type" : "unknown",
      "location" : {
        "lat" : 35.674935131,
        "lon" : 139.7373266313
      }
    },
    "lastUpdate" : "20150329T112931Z"
  }, {
    "type" : "place",
    "startTime" : "20150328T231519+0900",
    "endTime" : "20150328T231951+0900",
    "place" : {
      "id" : 145910330,
      "type" : "unknown",
      "location" : {
        "lat" : 35.6785616576,
        "lon" : 139.76634803
      }
    },
    "lastUpdate" : "20150329T112931Z"
  } ],
  "lastUpdate" : "20150329T112931Z"
} ]