[ {
  "date" : "20150102",
  "segments" : [ {
    "type" : "place",
    "startTime" : "20150101T080633+0900",
    "endTime" : "20150102T204419+0900",
    "place" : {
      "id" : 117753095,
      "type" : "unknown",
      "location" : {
        "lat" : 35.7167271665,
        "lon" : 139.7289428743
      }
    },
    "lastUpdate" : "20150102T162615Z"
  }, {
    "type" : "place",
    "startTime" : "20150102T204943+0900",
    "endTime" : "20150103T062156+0900",
    "place" : {
      "id" : 117345858,
      "type" : "unknown",
      "location" : {
        "lat" : 35.7193335133,
        "lon" : 139.7273594442
      }
    },
    "lastUpdate" : "20150103T001201Z"
  } ],
  "lastUpdate" : "20150103T001201Z"
} ]