[ {
  "date" : "20180208",
  "segments" : [ {
    "type" : "place",
    "startTime" : "20180207T191608+0900",
    "endTime" : "20180208T164633+0900",
    "place" : {
      "id" : 141435006,
      "type" : "unknown",
      "location" : {
        "lat" : 43.0843685253,
        "lon" : 141.345080654
      }
    },
    "lastUpdate" : "20180208T083432Z"
  }, {
    "type" : "place",
    "startTime" : "20180208T165936+0900",
    "endTime" : "20180208T170024+0900",
    "place" : {
      "id" : 263495985,
      "type" : "unknown",
      "location" : {
        "lat" : 43.078254,
        "lon" : 141.33974
      }
    },
    "lastUpdate" : "20180208T083432Z"
  }, {
    "type" : "place",
    "startTime" : "20180208T171218+0900",
    "endTime" : "20180208T184719+0900",
    "place" : {
      "id" : 296366330,
      "type" : "unknown",
      "location" : {
        "lat" : 43.078158,
        "lon" : 141.34046
      }
    },
    "lastUpdate" : "20180208T113850Z"
  }, {
    "type" : "place",
    "startTime" : "20180208T191016+0900",
    "endTime" : "20180208T222057+0900",
    "place" : {
      "id" : 569505723,
      "type" : "unknown",
      "location" : {
        "lat" : 43.086452,
        "lon" : 141.3457
      }
    },
    "lastUpdate" : "20180208T205135Z"
  }, {
    "type" : "place",
    "startTime" : "20180208T222821+0900",
    "endTime" : "20180209T174930+0900",
    "place" : {
      "id" : 257240275,
      "type" : "unknown",
      "location" : {
        "lat" : 43.084886,
        "lon" : 141.3453
      }
    },
    "lastUpdate" : "20180209T091635Z"
  } ],
  "lastUpdate" : "20180209T091635Z"
} ]