[ {
  "date" : "20160326",
  "segments" : [ {
    "type" : "place",
    "startTime" : "20160325T175543+0900",
    "endTime" : "20160326T113221+0900",
    "place" : {
      "id" : 98345442,
      "type" : "unknown",
      "location" : {
        "lat" : 35.7168392789,
        "lon" : 139.7283806079
      }
    },
    "lastUpdate" : "20160326T040812Z"
  }, {
    "type" : "place",
    "startTime" : "20160326T121932+0900",
    "endTime" : "20160326T190039+0900",
    "place" : {
      "id" : 256512405,
      "type" : "unknown",
      "location" : {
        "lat" : 35.703474,
        "lon" : 139.64908
      }
    },
    "lastUpdate" : "20160326T121708Z"
  }, {
    "type" : "place",
    "startTime" : "20160326T194821+0900",
    "endTime" : "20160326T213800+0900",
    "place" : {
      "id" : 256611179,
      "type" : "unknown",
      "location" : {
        "lat" : 35.715482,
        "lon" : 139.72889
      }
    },
    "lastUpdate" : "20160326T134721Z"
  } ],
  "lastUpdate" : "20160326T134721Z"
} ]