[ {
  "date" : "20170131",
  "segments" : [ {
    "type" : "place",
    "startTime" : "20170130T234658+0900",
    "endTime" : "20170131T101824+0900",
    "place" : {
      "id" : 257240275,
      "type" : "unknown",
      "location" : {
        "lat" : 43.084886,
        "lon" : 141.3453
      }
    },
    "lastUpdate" : "20170131T021445Z"
  }, {
    "type" : "place",
    "startTime" : "20170131T103121+0900",
    "endTime" : "20170131T143137+0900",
    "place" : {
      "id" : 264571444,
      "type" : "unknown",
      "location" : {
        "lat" : 43.076536,
        "lon" : 141.3388
      }
    },
    "lastUpdate" : "20170131T065523Z"
  }, {
    "type" : "place",
    "startTime" : "20170131T145047+0900",
    "endTime" : "20170131T182729+0900",
    "place" : {
      "id" : 257240275,
      "type" : "unknown",
      "location" : {
        "lat" : 43.084886,
        "lon" : 141.3453
      }
    },
    "lastUpdate" : "20170131T100315Z"
  }, {
    "type" : "place",
    "startTime" : "20170131T185733+0900",
    "endTime" : "20170131T212235+0900",
    "place" : {
      "id" : 333849665,
      "type" : "unknown",
      "location" : {
        "lat" : 43.090439,
        "lon" : 141.40017
      }
    },
    "lastUpdate" : "20170131T131158Z"
  }, {
    "type" : "place",
    "startTime" : "20170131T215909+0900",
    "endTime" : "20170201T124110+0900",
    "place" : {
      "id" : 257240275,
      "type" : "unknown",
      "location" : {
        "lat" : 43.084886,
        "lon" : 141.3453
      }
    },
    "lastUpdate" : "20170201T043441Z"
  } ],
  "lastUpdate" : "20170201T043441Z"
} ]