[ {
  "date" : "20180425",
  "segments" : [ {
    "type" : "place",
    "startTime" : "20180424T194653+0900",
    "endTime" : "20180425T124810+0900",
    "place" : {
      "id" : 174606785,
      "type" : "unknown",
      "location" : {
        "lat" : 43.0842510763,
        "lon" : 141.3447211729
      }
    },
    "lastUpdate" : "20180425T072031Z"
  }, {
    "type" : "place",
    "startTime" : "20180425T125329+0900",
    "endTime" : "20180425T212524+0900",
    "place" : {
      "id" : 270822334,
      "type" : "unknown",
      "location" : {
        "lat" : 43.075982,
        "lon" : 141.33887
      }
    },
    "lastUpdate" : "20180425T122527Z"
  } ],
  "lastUpdate" : "20180425T122527Z"
} ]