[ {
  "date" : "20170926",
  "segments" : [ {
    "type" : "place",
    "startTime" : "20170925T181958+0900",
    "endTime" : "20170926T180250+0900",
    "place" : {
      "id" : 105416472,
      "type" : "unknown",
      "location" : {
        "lat" : 35.7167813087,
        "lon" : 139.7280424577
      }
    },
    "lastUpdate" : "20170926T092001Z"
  }, {
    "type" : "place",
    "startTime" : "20170926T185519+0900",
    "endTime" : "20170926T190405+0900",
    "place" : {
      "id" : 525880396,
      "type" : "unknown",
      "location" : {
        "lat" : 35.749887,
        "lon" : 139.80438
      }
    },
    "lastUpdate" : "20170926T105227Z"
  }, {
    "type" : "place",
    "startTime" : "20170926T190931+0900",
    "endTime" : "20170926T201820+0900",
    "place" : {
      "id" : 525880397,
      "type" : "unknown",
      "location" : {
        "lat" : 35.750827,
        "lon" : 139.80317
      }
    },
    "lastUpdate" : "20170926T122743Z"
  }, {
    "type" : "place",
    "startTime" : "20170926T202200+0900",
    "endTime" : "20170926T221939+0900",
    "place" : {
      "id" : 525949378,
      "type" : "unknown",
      "location" : {
        "lat" : 35.750387,
        "lon" : 139.80222
      }
    },
    "lastUpdate" : "20170926T140115Z"
  }, {
    "type" : "place",
    "startTime" : "20170926T222443+0900",
    "endTime" : "20170926T231202+0900",
    "place" : {
      "id" : 525949379,
      "type" : "unknown",
      "location" : {
        "lat" : 35.749559,
        "lon" : 139.8042
      }
    },
    "lastUpdate" : "20170926T153304Z"
  } ],
  "lastUpdate" : "20170926T153304Z"
} ]