[ {
  "date" : "20150611",
  "segments" : [ {
    "type" : "place",
    "startTime" : "20150610T235550+0900",
    "endTime" : "20150611T143342+0900",
    "place" : {
      "id" : 152143834,
      "type" : "unknown",
      "location" : {
        "lat" : 43.0846321394,
        "lon" : 141.3451669726
      }
    },
    "lastUpdate" : "20150611T085705Z"
  }, {
    "type" : "place",
    "startTime" : "20150611T143615+0900",
    "endTime" : "20150611T164153+0900",
    "place" : {
      "id" : 141367537,
      "type" : "unknown",
      "location" : {
        "lat" : 43.0794932905,
        "lon" : 141.3403872229
      }
    },
    "lastUpdate" : "20150611T085705Z"
  }, {
    "type" : "place",
    "startTime" : "20150611T164523+0900",
    "endTime" : "20150611T174615+0900",
    "place" : {
      "id" : 152143834,
      "type" : "unknown",
      "location" : {
        "lat" : 43.0846321394,
        "lon" : 141.3451669726
      }
    },
    "lastUpdate" : "20150611T102920Z"
  }, {
    "type" : "place",
    "startTime" : "20150611T174941+0900",
    "endTime" : "20150611T195909+0900",
    "place" : {
      "id" : 141367537,
      "type" : "unknown",
      "location" : {
        "lat" : 43.0794932905,
        "lon" : 141.3403872229
      }
    },
    "lastUpdate" : "20150611T120258Z"
  }, {
    "type" : "place",
    "startTime" : "20150611T200543+0900",
    "endTime" : "20150612T124227+0900",
    "place" : {
      "id" : 152143834,
      "type" : "unknown",
      "location" : {
        "lat" : 43.0846321394,
        "lon" : 141.3451669726
      }
    },
    "lastUpdate" : "20150612T051316Z"
  } ],
  "lastUpdate" : "20150612T051316Z"
} ]