[ {
  "date" : "20160610",
  "segments" : [ {
    "type" : "place",
    "startTime" : "20160609T231549+0900",
    "endTime" : "20160610T071720+0900",
    "place" : {
      "id" : 152143834,
      "type" : "unknown",
      "location" : {
        "lat" : 43.0846321394,
        "lon" : 141.3451669726
      }
    },
    "lastUpdate" : "20160609T231045Z"
  }, {
    "type" : "place",
    "startTime" : "20160610T071753+0900",
    "endTime" : "20160610T073000+0900",
    "place" : {
      "id" : 261061610,
      "type" : "unknown",
      "location" : {
        "lat" : 43.082159,
        "lon" : 141.3468
      }
    },
    "lastUpdate" : "20160609T231045Z"
  }, {
    "type" : "place",
    "startTime" : "20160610T073001+0900",
    "endTime" : "20160610T083421+0900",
    "place" : {
      "id" : 141435006,
      "type" : "unknown",
      "location" : {
        "lat" : 43.0843685253,
        "lon" : 141.345080654
      }
    },
    "lastUpdate" : "20160610T004452Z"
  }, {
    "type" : "place",
    "startTime" : "20160610T084003+0900",
    "endTime" : "20160610T111957+0900",
    "place" : {
      "id" : 264571444,
      "type" : "unknown",
      "location" : {
        "lat" : 43.076536,
        "lon" : 141.3388
      }
    },
    "lastUpdate" : "20160610T035310Z"
  } ],
  "lastUpdate" : "20160610T035310Z"
} ]