[ {
  "date" : "20170912",
  "segments" : [ {
    "type" : "place",
    "startTime" : "20170911T113520+0900",
    "endTime" : "20170912T104300+0900",
    "place" : {
      "id" : 105416472,
      "type" : "unknown",
      "location" : {
        "lat" : 35.7167813087,
        "lon" : 139.7280424577
      }
    },
    "lastUpdate" : "20170912T023523Z"
  }, {
    "type" : "place",
    "startTime" : "20170912T105643+0900",
    "endTime" : "20170912T111739+0900",
    "place" : {
      "id" : 519593304,
      "type" : "unknown",
      "location" : {
        "lat" : 35.729934,
        "lon" : 139.71613
      }
    },
    "lastUpdate" : "20170912T023523Z"
  }, {
    "type" : "place",
    "startTime" : "20170912T113017+0900",
    "endTime" : "20170912T160119+0900",
    "place" : {
      "id" : 413977548,
      "type" : "unknown",
      "location" : {
        "lat" : 35.732284,
        "lon" : 139.70915
      }
    },
    "lastUpdate" : "20170912T084515Z"
  }, {
    "type" : "place",
    "startTime" : "20170912T161829+0900",
    "endTime" : "20170912T184837+0900",
    "place" : {
      "id" : 519665463,
      "type" : "unknown",
      "location" : {
        "lat" : 35.730928,
        "lon" : 139.7153
      }
    },
    "lastUpdate" : "20170912T102001Z"
  }, {
    "type" : "place",
    "startTime" : "20170912T190026+0900",
    "endTime" : "20170912T205137+0900",
    "place" : {
      "id" : 519697039,
      "type" : "unknown",
      "location" : {
        "lat" : 35.717419,
        "lon" : 139.73727
      }
    },
    "lastUpdate" : "20170912T115140Z"
  } ],
  "lastUpdate" : "20170912T115140Z"
} ]