[ {
  "date" : "20170407",
  "segments" : [ {
    "type" : "place",
    "startTime" : "20170406T182703+0900",
    "endTime" : "20170407T085635+0900",
    "place" : {
      "id" : 244211019,
      "type" : "unknown",
      "location" : {
        "lat" : 43.084539,
        "lon" : 141.34467
      }
    },
    "lastUpdate" : "20170407T012724Z"
  }, {
    "type" : "place",
    "startTime" : "20170407T090142+0900",
    "endTime" : "20170407T094521+0900",
    "place" : {
      "id" : 149780344,
      "type" : "unknown",
      "location" : {
        "lat" : 43.079711611,
        "lon" : 141.340634675
      }
    },
    "lastUpdate" : "20170407T012724Z"
  }, {
    "type" : "place",
    "startTime" : "20170407T094522+0900",
    "endTime" : "20170407T095224+0900",
    "place" : {
      "id" : 146950415,
      "type" : "unknown",
      "location" : {
        "lat" : 43.0806703027,
        "lon" : 141.3406359185
      }
    },
    "lastUpdate" : "20170407T043423Z"
  }, {
    "type" : "place",
    "startTime" : "20170407T095356+0900",
    "endTime" : "20170407T125145+0900",
    "place" : {
      "id" : 438374422,
      "type" : "unknown",
      "location" : {
        "lat" : 43.081632,
        "lon" : 141.34304
      }
    },
    "lastUpdate" : "20170407T043423Z"
  }, {
    "type" : "place",
    "startTime" : "20170407T125902+0900",
    "endTime" : "20170407T183805+0900",
    "place" : {
      "id" : 291137617,
      "type" : "unknown",
      "location" : {
        "lat" : 43.077408,
        "lon" : 141.33975
      }
    },
    "lastUpdate" : "20170407T103857Z"
  }, {
    "type" : "place",
    "startTime" : "20170407T184402+0900",
    "endTime" : "20170407T185045+0900",
    "place" : {
      "id" : 156039860,
      "type" : "unknown",
      "location" : {
        "lat" : 43.0842313231,
        "lon" : 141.3442284227
      }
    },
    "lastUpdate" : "20170407T103857Z"
  }, {
    "type" : "place",
    "startTime" : "20170407T185546+0900",
    "endTime" : "20170407T192616+0900",
    "place" : {
      "id" : 363496721,
      "type" : "unknown",
      "location" : {
        "lat" : 43.077072,
        "lon" : 141.34458
      }
    },
    "lastUpdate" : "20170407T103857Z"
  }, {
    "type" : "place",
    "startTime" : "20170407T192926+0900",
    "endTime" : "20170407T193519+0900",
    "place" : {
      "id" : 252191426,
      "type" : "unknown",
      "location" : {
        "lat" : 43.079426,
        "lon" : 141.34548
      }
    },
    "lastUpdate" : "20170407T120904Z"
  }, {
    "type" : "place",
    "startTime" : "20170407T193743+0900",
    "endTime" : "20170408T053714+0900",
    "place" : {
      "id" : 148786870,
      "type" : "unknown",
      "location" : {
        "lat" : 43.0832977285,
        "lon" : 141.3446079718
      }
    },
    "lastUpdate" : "20170408T020715Z"
  } ],
  "lastUpdate" : "20170408T020715Z"
} ]