[ {
  "date" : "20171210",
  "segments" : [ {
    "type" : "place",
    "startTime" : "20171209T153829+0900",
    "endTime" : "20171210T142024+0900",
    "place" : {
      "id" : 257240275,
      "type" : "unknown",
      "location" : {
        "lat" : 43.084886,
        "lon" : 141.3453
      }
    },
    "lastUpdate" : "20171210T063840Z"
  }, {
    "type" : "place",
    "startTime" : "20171210T145613+0900",
    "endTime" : "20171210T190005+0900",
    "place" : {
      "id" : 553077150,
      "type" : "unknown",
      "location" : {
        "lat" : 43.061022,
        "lon" : 141.34396
      }
    },
    "lastUpdate" : "20171210T111555Z"
  }, {
    "type" : "place",
    "startTime" : "20171210T190548+0900",
    "endTime" : "20171210T191512+0900",
    "place" : {
      "id" : 553136826,
      "type" : "unknown",
      "location" : {
        "lat" : 43.059718,
        "lon" : 141.3457
      }
    },
    "lastUpdate" : "20171210T111555Z"
  }, {
    "type" : "place",
    "startTime" : "20171210T192718+0900",
    "endTime" : "20171210T213813+0900",
    "place" : {
      "id" : 382269805,
      "type" : "unknown",
      "location" : {
        "lat" : 43.06211,
        "lon" : 141.35167
      }
    },
    "lastUpdate" : "20171210T141636Z"
  }, {
    "type" : "place",
    "startTime" : "20171210T215222+0900",
    "endTime" : "20171210T220120+0900",
    "place" : {
      "id" : 399647380,
      "type" : "unknown",
      "location" : {
        "lat" : 43.069682,
        "lon" : 141.351
      }
    },
    "lastUpdate" : "20171210T141636Z"
  }, {
    "type" : "place",
    "startTime" : "20171210T222148+0900",
    "endTime" : "20171211T102247+0900",
    "place" : {
      "id" : 257240275,
      "type" : "unknown",
      "location" : {
        "lat" : 43.084886,
        "lon" : 141.3453
      }
    },
    "lastUpdate" : "20171211T024315Z"
  } ],
  "lastUpdate" : "20171211T024315Z"
} ]