[ {
  "date" : "20170621",
  "segments" : [ {
    "type" : "place",
    "startTime" : "20170620T174654+0900",
    "endTime" : "20170621T072401+0900",
    "place" : {
      "id" : 257240275,
      "type" : "unknown",
      "location" : {
        "lat" : 43.084886,
        "lon" : 141.3453
      }
    },
    "lastUpdate" : "20170620T225839Z"
  }, {
    "type" : "place",
    "startTime" : "20170621T072456+0900",
    "endTime" : "20170621T073017+0900",
    "place" : {
      "id" : 261061610,
      "type" : "unknown",
      "location" : {
        "lat" : 43.082159,
        "lon" : 141.3468
      }
    },
    "lastUpdate" : "20170620T225839Z"
  }, {
    "type" : "place",
    "startTime" : "20170621T073251+0900",
    "endTime" : "20170621T083925+0900",
    "place" : {
      "id" : 257240275,
      "type" : "unknown",
      "location" : {
        "lat" : 43.084886,
        "lon" : 141.3453
      }
    },
    "lastUpdate" : "20170621T002945Z"
  }, {
    "type" : "place",
    "startTime" : "20170621T084435+0900",
    "endTime" : "20170621T124635+0900",
    "place" : {
      "id" : 259914648,
      "type" : "unknown",
      "location" : {
        "lat" : 43.076409,
        "lon" : 141.33842
      }
    },
    "lastUpdate" : "20170621T050201Z"
  }, {
    "type" : "place",
    "startTime" : "20170621T125149+0900",
    "endTime" : "20170621T180823+0900",
    "place" : {
      "id" : 257240275,
      "type" : "unknown",
      "location" : {
        "lat" : 43.084886,
        "lon" : 141.3453
      }
    },
    "lastUpdate" : "20170621T093448Z"
  }, {
    "type" : "place",
    "startTime" : "20170621T181339+0900",
    "endTime" : "20170621T203138+0900",
    "place" : {
      "id" : 141367536,
      "type" : "unknown",
      "location" : {
        "lat" : 43.0784012398,
        "lon" : 141.340132137
      }
    },
    "lastUpdate" : "20170621T123644Z"
  }, {
    "type" : "place",
    "startTime" : "20170621T210401+0900",
    "endTime" : "20170622T125956+0900",
    "place" : {
      "id" : 477698331,
      "type" : "unknown",
      "location" : {
        "lat" : 43.060436,
        "lon" : 141.30898
      }
    },
    "lastUpdate" : "20170622T054431Z"
  } ],
  "lastUpdate" : "20170622T054431Z"
} ]