[ {
  "date" : "20161120",
  "segments" : [ {
    "type" : "place",
    "startTime" : "20161119T214954+0900",
    "endTime" : "20161120T144733+0900",
    "place" : {
      "id" : 257240275,
      "type" : "unknown",
      "location" : {
        "lat" : 43.084886,
        "lon" : 141.3453
      }
    },
    "lastUpdate" : "20161120T070432Z"
  }, {
    "type" : "place",
    "startTime" : "20161120T150629+0900",
    "endTime" : "20161120T154732+0900",
    "place" : {
      "id" : 244005768,
      "type" : "unknown",
      "location" : {
        "lat" : 43.058059,
        "lon" : 141.35537
      }
    },
    "lastUpdate" : "20161120T070432Z"
  }, {
    "type" : "place",
    "startTime" : "20161120T154815+0900",
    "endTime" : "20161120T160108+0900",
    "place" : {
      "id" : 371568414,
      "type" : "unknown",
      "location" : {
        "lat" : 43.057866,
        "lon" : 141.35351
      }
    },
    "lastUpdate" : "20161120T083919Z"
  }, {
    "type" : "place",
    "startTime" : "20161120T162308+0900",
    "endTime" : "20161121T125818+0900",
    "place" : {
      "id" : 257240275,
      "type" : "unknown",
      "location" : {
        "lat" : 43.084886,
        "lon" : 141.3453
      }
    },
    "lastUpdate" : "20161121T045035Z"
  } ],
  "lastUpdate" : "20161121T045035Z"
} ]