[ {
  "date" : "20141219",
  "segments" : [ {
    "type" : "place",
    "startTime" : "20141219T031648+0900",
    "endTime" : "20141219T150150+0900",
    "place" : {
      "id" : 117753095,
      "type" : "unknown",
      "location" : {
        "lat" : 35.7167271665,
        "lon" : 139.7289428743
      }
    },
    "lastUpdate" : "20141219T172931Z"
  }, {
    "type" : "place",
    "startTime" : "20141219T184149+0900",
    "endTime" : "20141219T190511+0900",
    "place" : {
      "id" : 99571412,
      "type" : "unknown",
      "location" : {
        "lat" : 35.6913110976,
        "lon" : 140.0735591589
      }
    },
    "lastUpdate" : "20141219T172931Z"
  }, {
    "type" : "place",
    "startTime" : "20141219T191040+0900",
    "endTime" : "20141219T191918+0900",
    "place" : {
      "id" : 99609386,
      "type" : "unknown",
      "location" : {
        "lat" : 35.6869611597,
        "lon" : 140.0686755719
      }
    },
    "lastUpdate" : "20141219T172931Z"
  }, {
    "type" : "place",
    "startTime" : "20141219T215433+0900",
    "endTime" : "20141220T054936+0900",
    "place" : {
      "id" : 117345858,
      "type" : "unknown",
      "location" : {
        "lat" : 35.7193335133,
        "lon" : 139.7273594442
      }
    },
    "lastUpdate" : "20141220T011400Z"
  } ],
  "lastUpdate" : "20141220T011400Z"
} ]