[ {
  "date" : "20171113",
  "segments" : [ {
    "type" : "place",
    "startTime" : "20171112T163636+0900",
    "endTime" : "20171113T125621+0900",
    "place" : {
      "id" : 257240275,
      "type" : "unknown",
      "location" : {
        "lat" : 43.084886,
        "lon" : 141.3453
      }
    },
    "lastUpdate" : "20171113T073639Z"
  }, {
    "type" : "place",
    "startTime" : "20171113T125945+0900",
    "endTime" : "20171113T180650+0900",
    "place" : {
      "id" : 362494857,
      "type" : "unknown",
      "location" : {
        "lat" : 43.076265,
        "lon" : 141.33885
      }
    },
    "lastUpdate" : "20171113T103950Z"
  }, {
    "type" : "place",
    "startTime" : "20171113T182336+0900",
    "endTime" : "20171113T191447+0900",
    "place" : {
      "id" : 174753796,
      "type" : "unknown",
      "location" : {
        "lat" : 43.0894927489,
        "lon" : 141.3364545648
      }
    },
    "lastUpdate" : "20171113T103950Z"
  }, {
    "type" : "place",
    "startTime" : "20171113T191751+0900",
    "endTime" : "20171114T023751+0900",
    "place" : {
      "id" : 257193309,
      "type" : "unknown",
      "location" : {
        "lat" : 43.087869,
        "lon" : 141.34344
      }
    },
    "lastUpdate" : "20171113T195512Z"
  } ],
  "lastUpdate" : "20171113T195512Z"
} ]