[ {
  "date" : "20161018",
  "segments" : [ {
    "type" : "place",
    "startTime" : "20161017T205232+0900",
    "endTime" : "20161018T095653+0900",
    "place" : {
      "id" : 174606785,
      "type" : "unknown",
      "location" : {
        "lat" : 43.0842510763,
        "lon" : 141.3447211729
      }
    },
    "lastUpdate" : "20161018T021818Z"
  }, {
    "type" : "place",
    "startTime" : "20161018T100535+0900",
    "endTime" : "20161018T102632+0900",
    "place" : {
      "id" : 141367536,
      "type" : "unknown",
      "location" : {
        "lat" : 43.0784012398,
        "lon" : 141.340132137
      }
    },
    "lastUpdate" : "20161018T021818Z"
  }, {
    "type" : "place",
    "startTime" : "20161018T102736+0900",
    "endTime" : "20161018T113106+0900",
    "place" : {
      "id" : 264571444,
      "type" : "unknown",
      "location" : {
        "lat" : 43.076536,
        "lon" : 141.3388
      }
    },
    "lastUpdate" : "20161018T035239Z"
  }, {
    "type" : "place",
    "startTime" : "20161018T113944+0900",
    "endTime" : "20161018T175834+0900",
    "place" : {
      "id" : 174606785,
      "type" : "unknown",
      "location" : {
        "lat" : 43.0842510763,
        "lon" : 141.3447211729
      }
    },
    "lastUpdate" : "20161018T100027Z"
  }, {
    "type" : "place",
    "startTime" : "20161018T180413+0900",
    "endTime" : "20161018T211322+0900",
    "place" : {
      "id" : 263053001,
      "type" : "unknown",
      "location" : {
        "lat" : 43.076096,
        "lon" : 141.34087
      }
    },
    "lastUpdate" : "20161018T130639Z"
  }, {
    "type" : "place",
    "startTime" : "20161018T212603+0900",
    "endTime" : "20161019T102124+0900",
    "place" : {
      "id" : 304848157,
      "type" : "unknown",
      "location" : {
        "lat" : 43.083905,
        "lon" : 141.3451
      }
    },
    "lastUpdate" : "20161019T025915Z"
  } ],
  "lastUpdate" : "20161019T025915Z"
} ]