[ {
  "date" : "20161024",
  "segments" : [ {
    "type" : "place",
    "startTime" : "20161023T174028+0900",
    "endTime" : "20161024T084107+0900",
    "place" : {
      "id" : 257240275,
      "type" : "unknown",
      "location" : {
        "lat" : 43.084886,
        "lon" : 141.3453
      }
    },
    "lastUpdate" : "20161024T001703Z"
  }, {
    "type" : "place",
    "startTime" : "20161024T084543+0900",
    "endTime" : "20161024T101715+0900",
    "place" : {
      "id" : 259240182,
      "type" : "unknown",
      "location" : {
        "lat" : 43.076435,
        "lon" : 141.33918
      }
    },
    "lastUpdate" : "20161024T015028Z"
  }, {
    "type" : "place",
    "startTime" : "20161024T102316+0900",
    "endTime" : "20161024T125553+0900",
    "place" : {
      "id" : 257240275,
      "type" : "unknown",
      "location" : {
        "lat" : 43.084886,
        "lon" : 141.3453
      }
    },
    "lastUpdate" : "20161024T045640Z"
  }, {
    "type" : "place",
    "startTime" : "20161024T125955+0900",
    "endTime" : "20161024T142114+0900",
    "place" : {
      "id" : 264571444,
      "type" : "unknown",
      "location" : {
        "lat" : 43.076536,
        "lon" : 141.3388
      }
    },
    "lastUpdate" : "20161024T063140Z"
  }, {
    "type" : "place",
    "startTime" : "20161024T142651+0900",
    "endTime" : "20161025T084336+0900",
    "place" : {
      "id" : 257240275,
      "type" : "unknown",
      "location" : {
        "lat" : 43.084886,
        "lon" : 141.3453
      }
    },
    "lastUpdate" : "20161025T010936Z"
  } ],
  "lastUpdate" : "20161025T010936Z"
} ]