[ {
  "date" : "20160426",
  "segments" : [ {
    "type" : "place",
    "startTime" : "20160425T210002+0900",
    "endTime" : "20160426T053622+0900",
    "place" : {
      "id" : 196286694,
      "type" : "unknown",
      "location" : {
        "lat" : 43.0768498671,
        "lon" : 141.3465168617
      }
    },
    "lastUpdate" : "20160425T221701Z"
  }, {
    "type" : "place",
    "startTime" : "20160426T054153+0900",
    "endTime" : "20160426T102349+0900",
    "place" : {
      "id" : 152143834,
      "type" : "unknown",
      "location" : {
        "lat" : 43.0846321394,
        "lon" : 141.3451669726
      }
    },
    "lastUpdate" : "20160426T025543Z"
  }, {
    "type" : "place",
    "startTime" : "20160426T102800+0900",
    "endTime" : "20160426T161526+0900",
    "place" : {
      "id" : 259240182,
      "type" : "unknown",
      "location" : {
        "lat" : 43.076435,
        "lon" : 141.33918
      }
    },
    "lastUpdate" : "20160426T073335Z"
  }, {
    "type" : "place",
    "startTime" : "20160426T162153+0900",
    "endTime" : "20160427T102224+0900",
    "place" : {
      "id" : 264777759,
      "type" : "unknown",
      "location" : {
        "lat" : 43.083421,
        "lon" : 141.34423
      }
    },
    "lastUpdate" : "20160427T021405Z"
  } ],
  "lastUpdate" : "20160427T021405Z"
} ]