[ {
  "date" : "20170626",
  "segments" : [ {
    "type" : "place",
    "startTime" : "20170626T130445+0900",
    "endTime" : "20170626T184654+0900",
    "place" : {
      "id" : 362494857,
      "type" : "unknown",
      "location" : {
        "lat" : 43.076265,
        "lon" : 141.33885
      }
    },
    "lastUpdate" : "20170626T111029Z"
  }, {
    "type" : "place",
    "startTime" : "20170626T185159+0900",
    "endTime" : "20170627T084429+0900",
    "place" : {
      "id" : 257240275,
      "type" : "unknown",
      "location" : {
        "lat" : 43.084886,
        "lon" : 141.3453
      }
    },
    "lastUpdate" : "20170627T010906Z"
  } ],
  "lastUpdate" : "20170627T010906Z"
} ]