[ {
  "date" : "20161105",
  "segments" : [ {
    "type" : "place",
    "startTime" : "20161104T173852+0900",
    "endTime" : "20161105T170205+0900",
    "place" : {
      "id" : 257240275,
      "type" : "unknown",
      "location" : {
        "lat" : 43.084886,
        "lon" : 141.3453
      }
    },
    "lastUpdate" : "20161105T083855Z"
  }, {
    "type" : "place",
    "startTime" : "20161105T173322+0900",
    "endTime" : "20161105T205001+0900",
    "place" : {
      "id" : 364074224,
      "type" : "unknown",
      "location" : {
        "lat" : 43.044461,
        "lon" : 141.35301
      }
    },
    "lastUpdate" : "20161105T132429Z"
  }, {
    "type" : "place",
    "startTime" : "20161105T213753+0900",
    "endTime" : "20161106T131901+0900",
    "place" : {
      "id" : 257240275,
      "type" : "unknown",
      "location" : {
        "lat" : 43.084886,
        "lon" : 141.3453
      }
    },
    "lastUpdate" : "20161106T054402Z"
  } ],
  "lastUpdate" : "20161106T054402Z"
} ]