[ {
  "date" : "20161219",
  "segments" : [ {
    "type" : "place",
    "startTime" : "20161218T120114+0900",
    "endTime" : "20161219T102009+0900",
    "place" : {
      "id" : 257240275,
      "type" : "unknown",
      "location" : {
        "lat" : 43.084886,
        "lon" : 141.3453
      }
    },
    "lastUpdate" : "20161219T030116Z"
  }, {
    "type" : "place",
    "startTime" : "20161219T103557+0900",
    "endTime" : "20161219T120348+0900",
    "place" : {
      "id" : 264571444,
      "type" : "unknown",
      "location" : {
        "lat" : 43.076536,
        "lon" : 141.3388
      }
    },
    "lastUpdate" : "20161219T043521Z"
  }, {
    "type" : "place",
    "startTime" : "20161219T122303+0900",
    "endTime" : "20161220T101828+0900",
    "place" : {
      "id" : 257240275,
      "type" : "unknown",
      "location" : {
        "lat" : 43.084886,
        "lon" : 141.3453
      }
    },
    "lastUpdate" : "20161220T022340Z"
  } ],
  "lastUpdate" : "20161220T022340Z"
} ]