[ {
  "date" : "20170412",
  "segments" : [ {
    "type" : "place",
    "startTime" : "20170411T181601+0900",
    "endTime" : "20170412T125024+0900",
    "place" : {
      "id" : 257240275,
      "type" : "unknown",
      "location" : {
        "lat" : 43.084886,
        "lon" : 141.3453
      }
    },
    "lastUpdate" : "20170412T045015Z"
  }, {
    "type" : "place",
    "startTime" : "20170412T125554+0900",
    "endTime" : "20170412T145249+0900",
    "place" : {
      "id" : 259240182,
      "type" : "unknown",
      "location" : {
        "lat" : 43.076435,
        "lon" : 141.33918
      }
    },
    "lastUpdate" : "20170412T062304Z"
  }, {
    "type" : "place",
    "startTime" : "20170412T145813+0900",
    "endTime" : "20170412T182112+0900",
    "place" : {
      "id" : 257240275,
      "type" : "unknown",
      "location" : {
        "lat" : 43.084886,
        "lon" : 141.3453
      }
    },
    "lastUpdate" : "20170412T110018Z"
  }, {
    "type" : "place",
    "startTime" : "20170412T184638+0900",
    "endTime" : "20170412T212747+0900",
    "place" : {
      "id" : 366123833,
      "type" : "unknown",
      "location" : {
        "lat" : 43.090044,
        "lon" : 141.39987
      }
    },
    "lastUpdate" : "20170412T140438Z"
  }, {
    "type" : "place",
    "startTime" : "20170412T215021+0900",
    "endTime" : "20170413T102533+0900",
    "place" : {
      "id" : 257240275,
      "type" : "unknown",
      "location" : {
        "lat" : 43.084886,
        "lon" : 141.3453
      }
    },
    "lastUpdate" : "20170413T023718Z"
  } ],
  "lastUpdate" : "20170413T023718Z"
} ]