[ {
  "date" : "20170215",
  "segments" : [ {
    "type" : "place",
    "startTime" : "20170214T151603+0900",
    "endTime" : "20170215T132942+0900",
    "place" : {
      "id" : 257240275,
      "type" : "unknown",
      "location" : {
        "lat" : 43.084886,
        "lon" : 141.3453
      }
    },
    "lastUpdate" : "20170215T061606Z"
  }, {
    "type" : "place",
    "startTime" : "20170215T142055+0900",
    "endTime" : "20170215T181948+0900",
    "place" : {
      "id" : 257240275,
      "type" : "unknown",
      "location" : {
        "lat" : 43.084886,
        "lon" : 141.3453
      }
    },
    "lastUpdate" : "20170215T105720Z"
  }, {
    "type" : "place",
    "startTime" : "20170215T185002+0900",
    "endTime" : "20170215T212305+0900",
    "place" : {
      "id" : 366123833,
      "type" : "unknown",
      "location" : {
        "lat" : 43.090044,
        "lon" : 141.39987
      }
    },
    "lastUpdate" : "20170215T140334Z"
  }, {
    "type" : "place",
    "startTime" : "20170215T215450+0900",
    "endTime" : "20170216T180709+0900",
    "place" : {
      "id" : 257240275,
      "type" : "unknown",
      "location" : {
        "lat" : 43.084886,
        "lon" : 141.3453
      }
    },
    "lastUpdate" : "20170216T100858Z"
  } ],
  "lastUpdate" : "20170216T100858Z"
} ]