[ {
  "date" : "20141106",
  "segments" : [ {
    "type" : "place",
    "startTime" : "20141105T161605+0900",
    "endTime" : "20141106T080618+0900",
    "place" : {
      "id" : 104196451,
      "type" : "unknown",
      "location" : {
        "lat" : 35.7153167138,
        "lon" : 139.7265351078
      }
    },
    "lastUpdate" : "20141106T031204Z"
  }, {
    "type" : "place",
    "startTime" : "20141106T091445+0900",
    "endTime" : "20141106T120416+0900",
    "place" : {
      "id" : 99184598,
      "type" : "unknown",
      "location" : {
        "lat" : 35.9175563486,
        "lon" : 139.9083039557
      }
    },
    "lastUpdate" : "20141106T061048Z"
  }, {
    "type" : "place",
    "startTime" : "20141106T120727+0900",
    "endTime" : "20141106T180902+0900",
    "place" : {
      "id" : 99523782,
      "type" : "unknown",
      "location" : {
        "lat" : 35.917873525,
        "lon" : 139.9090083035
      }
    },
    "lastUpdate" : "20141106T135523Z"
  }, {
    "type" : "place",
    "startTime" : "20141106T183043+0900",
    "endTime" : "20141106T183631+0900",
    "place" : {
      "id" : 98642620,
      "type" : "unknown",
      "location" : {
        "lat" : 35.8719174381,
        "lon" : 139.9253970217
      }
    },
    "lastUpdate" : "20141106T135523Z"
  }, {
    "type" : "place",
    "startTime" : "20141106T194300+0900",
    "endTime" : "20141107T114629+0900",
    "place" : {
      "id" : 104196451,
      "type" : "unknown",
      "location" : {
        "lat" : 35.7153167138,
        "lon" : 139.7265351078
      }
    },
    "lastUpdate" : "20141107T053858Z"
  } ],
  "lastUpdate" : "20141107T053858Z"
} ]