[ {
  "date" : "20170526",
  "segments" : [ {
    "type" : "place",
    "startTime" : "20170525T180619+0900",
    "endTime" : "20170526T154552+0900",
    "place" : {
      "id" : 257240275,
      "type" : "unknown",
      "location" : {
        "lat" : 43.084886,
        "lon" : 141.3453
      }
    },
    "lastUpdate" : "20170526T065615Z"
  }, {
    "type" : "place",
    "startTime" : "20170526T155000+0900",
    "endTime" : "20170526T180954+0900",
    "place" : {
      "id" : 259914648,
      "type" : "unknown",
      "location" : {
        "lat" : 43.076409,
        "lon" : 141.33842
      }
    },
    "lastUpdate" : "20170526T100456Z"
  }, {
    "type" : "place",
    "startTime" : "20170526T181058+0900",
    "endTime" : "20170526T182142+0900",
    "place" : {
      "id" : 149467634,
      "type" : "unknown",
      "location" : {
        "lat" : 43.0785451373,
        "lon" : 141.341093201
      }
    },
    "lastUpdate" : "20170526T100456Z"
  } ],
  "lastUpdate" : "20170526T161937Z"
} ]