[ {
  "date" : "20170502",
  "segments" : [ {
    "type" : "place",
    "startTime" : "20170501T100759+0900",
    "endTime" : "20170502T084513+0900",
    "place" : {
      "id" : 257240275,
      "type" : "unknown",
      "location" : {
        "lat" : 43.084886,
        "lon" : 141.3453
      }
    },
    "lastUpdate" : "20170502T010803Z"
  }, {
    "type" : "place",
    "startTime" : "20170502T085026+0900",
    "endTime" : "20170502T161753+0900",
    "place" : {
      "id" : 362494857,
      "type" : "unknown",
      "location" : {
        "lat" : 43.076265,
        "lon" : 141.33885
      }
    },
    "lastUpdate" : "20170502T085533Z"
  }, {
    "type" : "place",
    "startTime" : "20170502T162240+0900",
    "endTime" : "20170502T164303+0900",
    "place" : {
      "id" : 363496721,
      "type" : "unknown",
      "location" : {
        "lat" : 43.077072,
        "lon" : 141.34458
      }
    },
    "lastUpdate" : "20170502T085533Z"
  }, {
    "type" : "place",
    "startTime" : "20170502T164722+0900",
    "endTime" : "20170502T180339+0900",
    "place" : {
      "id" : 257240275,
      "type" : "unknown",
      "location" : {
        "lat" : 43.084886,
        "lon" : 141.3453
      }
    },
    "lastUpdate" : "20170502T102537Z"
  }, {
    "type" : "place",
    "startTime" : "20170502T180720+0900",
    "endTime" : "20170502T202524+0900",
    "place" : {
      "id" : 141367536,
      "type" : "unknown",
      "location" : {
        "lat" : 43.0784012398,
        "lon" : 141.340132137
      }
    },
    "lastUpdate" : "20170502T115645Z"
  }, {
    "type" : "place",
    "startTime" : "20170502T204507+0900",
    "endTime" : "20170503T132851+0900",
    "place" : {
      "id" : 257240275,
      "type" : "unknown",
      "location" : {
        "lat" : 43.084886,
        "lon" : 141.3453
      }
    },
    "lastUpdate" : "20170503T051555Z"
  } ],
  "lastUpdate" : "20170503T051555Z"
} ]