[ {
  "date" : "20150517",
  "segments" : [ {
    "type" : "place",
    "startTime" : "20150516T205050+0900",
    "endTime" : "20150517T164744+0900",
    "place" : {
      "id" : 152143834,
      "type" : "unknown",
      "location" : {
        "lat" : 43.0846321394,
        "lon" : 141.3451669726
      }
    },
    "lastUpdate" : "20150517T095538Z"
  }, {
    "type" : "place",
    "startTime" : "20150517T165246+0900",
    "endTime" : "20150517T185104+0900",
    "place" : {
      "id" : 156039859,
      "type" : "unknown",
      "location" : {
        "lat" : 43.079009905,
        "lon" : 141.3337467539
      }
    },
    "lastUpdate" : "20150517T125757Z"
  }, {
    "type" : "place",
    "startTime" : "20150517T185951+0900",
    "endTime" : "20150517T193919+0900",
    "place" : {
      "id" : 162147562,
      "type" : "unknown",
      "location" : {
        "lat" : 43.0698082557,
        "lon" : 141.3328580559
      }
    },
    "lastUpdate" : "20150517T125757Z"
  }, {
    "type" : "place",
    "startTime" : "20150517T195422+0900",
    "endTime" : "20150517T235142+0900",
    "place" : {
      "id" : 162147563,
      "type" : "unknown",
      "location" : {
        "lat" : 43.0694740064,
        "lon" : 141.3450535416
      }
    },
    "lastUpdate" : "20150517T173622Z"
  } ],
  "lastUpdate" : "20150517T173622Z"
} ]