[ {
  "date" : "20180630",
  "segments" : [ {
    "type" : "place",
    "startTime" : "20180629T211124+0900",
    "endTime" : "20180630T153417+0900",
    "place" : {
      "id" : 141435006,
      "type" : "unknown",
      "location" : {
        "lat" : 43.0843685253,
        "lon" : 141.345080654
      }
    },
    "lastUpdate" : "20180630T083740Z"
  }, {
    "type" : "place",
    "startTime" : "20180630T154008+0900",
    "endTime" : "20180630T160614+0900",
    "place" : {
      "id" : 182267608,
      "type" : "unknown",
      "location" : {
        "lat" : 43.0851258405,
        "lon" : 141.3443117169
      }
    },
    "lastUpdate" : "20180630T083740Z"
  }, {
    "type" : "place",
    "startTime" : "20180630T161502+0900",
    "endTime" : "20180630T162641+0900",
    "place" : {
      "id" : 136715568,
      "type" : "unknown",
      "location" : {
        "lat" : 43.0684536661,
        "lon" : 141.3483305187
      }
    },
    "lastUpdate" : "20180630T083740Z"
  }, {
    "type" : "place",
    "startTime" : "20180630T163003+0900",
    "endTime" : "20180630T164935+0900",
    "place" : {
      "id" : 243992489,
      "type" : "unknown",
      "location" : {
        "lat" : 43.064341,
        "lon" : 141.35029
      }
    },
    "lastUpdate" : "20180630T094351Z"
  }, {
    "type" : "place",
    "startTime" : "20180630T165856+0900",
    "endTime" : "20180630T173504+0900",
    "place" : {
      "id" : 154598890,
      "type" : "unknown",
      "location" : {
        "lat" : 43.0588032813,
        "lon" : 141.3529041006
      }
    },
    "lastUpdate" : "20180630T094351Z"
  }, {
    "type" : "place",
    "startTime" : "20180630T174005+0900",
    "endTime" : "20180630T175933+0900",
    "place" : {
      "id" : 334620718,
      "type" : "unknown",
      "location" : {
        "lat" : 43.057636,
        "lon" : 141.3551
      }
    },
    "lastUpdate" : "20180630T131016Z"
  }, {
    "type" : "place",
    "startTime" : "20180630T181125+0900",
    "endTime" : "20180630T182544+0900",
    "place" : {
      "id" : 607734218,
      "type" : "unknown",
      "location" : {
        "lat" : 43.05945,
        "lon" : 141.35566
      }
    },
    "lastUpdate" : "20180630T131016Z"
  }, {
    "type" : "place",
    "startTime" : "20180630T184147+0900",
    "endTime" : "20180630T221003+0900",
    "place" : {
      "id" : 270822334,
      "type" : "unknown",
      "location" : {
        "lat" : 43.075982,
        "lon" : 141.33887
      }
    },
    "lastUpdate" : "20180630T131024Z"
  } ],
  "lastUpdate" : "20180630T131024Z"
} ]