[ {
  "date" : "20170825",
  "segments" : [ {
    "type" : "place",
    "startTime" : "20170824T164032+0900",
    "endTime" : "20170825T154837+0900",
    "place" : {
      "id" : 105416472,
      "type" : "unknown",
      "location" : {
        "lat" : 35.7167813087,
        "lon" : 139.7280424577
      }
    },
    "lastUpdate" : "20170825T074036Z"
  }, {
    "type" : "place",
    "startTime" : "20170825T161000+0900",
    "endTime" : "20170825T171531+0900",
    "place" : {
      "id" : 511064828,
      "type" : "unknown",
      "location" : {
        "lat" : 35.730874,
        "lon" : 139.71244
      }
    },
    "lastUpdate" : "20170825T091217Z"
  }, {
    "type" : "place",
    "startTime" : "20170825T171603+0900",
    "endTime" : "20170825T172848+0900",
    "place" : {
      "id" : 511093983,
      "type" : "unknown",
      "location" : {
        "lat" : 35.729007,
        "lon" : 139.7132
      }
    },
    "lastUpdate" : "20170825T091217Z"
  }, {
    "type" : "place",
    "startTime" : "20170825T172916+0900",
    "endTime" : "20170825T182214+0900",
    "place" : {
      "id" : 511064828,
      "type" : "unknown",
      "location" : {
        "lat" : 35.730874,
        "lon" : 139.71244
      }
    },
    "lastUpdate" : "20170825T104701Z"
  }, {
    "type" : "place",
    "startTime" : "20170825T183407+0900",
    "endTime" : "20170825T184030+0900",
    "place" : {
      "id" : 511131649,
      "type" : "unknown",
      "location" : {
        "lat" : 35.731013,
        "lon" : 139.70988
      }
    },
    "lastUpdate" : "20170825T104701Z"
  }, {
    "type" : "place",
    "startTime" : "20170825T185412+0900",
    "endTime" : "20170825T205629+0900",
    "place" : {
      "id" : 511093983,
      "type" : "unknown",
      "location" : {
        "lat" : 35.729007,
        "lon" : 139.7132
      }
    },
    "lastUpdate" : "20170825T121850Z"
  }, {
    "type" : "place",
    "startTime" : "20170825T210847+0900",
    "endTime" : "20170825T225212+0900",
    "place" : {
      "id" : 105416472,
      "type" : "unknown",
      "location" : {
        "lat" : 35.7167813087,
        "lon" : 139.7280424577
      }
    },
    "lastUpdate" : "20170825T135214Z"
  } ],
  "lastUpdate" : "20170825T135214Z"
} ]