[ {
  "date" : "20180113",
  "segments" : [ {
    "type" : "place",
    "startTime" : "20180112T111134+0900",
    "endTime" : "20180113T094746+0900",
    "place" : {
      "id" : 257240275,
      "type" : "unknown",
      "location" : {
        "lat" : 43.084886,
        "lon" : 141.3453
      }
    },
    "lastUpdate" : "20180113T021137Z"
  }, {
    "type" : "place",
    "startTime" : "20180113T095052+0900",
    "endTime" : "20180113T200000+0900",
    "place" : {
      "id" : 194916953,
      "type" : "unknown",
      "location" : {
        "lat" : 43.0870986105,
        "lon" : 141.3500002739
      }
    },
    "lastUpdate" : "20180113T122342Z"
  }, {
    "type" : "place",
    "startTime" : "20180113T202647+0900",
    "endTime" : "20180113T212137+0900",
    "place" : {
      "id" : 563077009,
      "type" : "unknown",
      "location" : {
        "lat" : 43.075653,
        "lon" : 141.34784
      }
    },
    "lastUpdate" : "20180113T142619Z"
  } ],
  "lastUpdate" : "20180113T142619Z"
} ]