[ {
  "date" : "20160814",
  "segments" : [ {
    "type" : "place",
    "startTime" : "20160813T112021+0900",
    "endTime" : "20160814T103314+0900",
    "place" : {
      "id" : 105416472,
      "type" : "unknown",
      "location" : {
        "lat" : 35.7167813087,
        "lon" : 139.7280424577
      }
    },
    "lastUpdate" : "20160814T022025Z"
  }, {
    "type" : "place",
    "startTime" : "20160814T104948+0900",
    "endTime" : "20160814T110305+0900",
    "place" : {
      "id" : 254938942,
      "type" : "unknown",
      "location" : {
        "lat" : 35.718337,
        "lon" : 139.75881
      }
    },
    "lastUpdate" : "20160814T022025Z"
  }, {
    "type" : "place",
    "startTime" : "20160814T111812+0900",
    "endTime" : "20160814T123321+0900",
    "place" : {
      "id" : 254955207,
      "type" : "unknown",
      "location" : {
        "lat" : 35.714287,
        "lon" : 139.75213
      }
    },
    "lastUpdate" : "20160814T035427Z"
  }, {
    "type" : "place",
    "startTime" : "20160814T124347+0900",
    "endTime" : "20160814T141501+0900",
    "place" : {
      "id" : 105416472,
      "type" : "unknown",
      "location" : {
        "lat" : 35.7167813087,
        "lon" : 139.7280424577
      }
    },
    "lastUpdate" : "20160814T052457Z"
  }, {
    "type" : "place",
    "startTime" : "20160814T143544+0900",
    "endTime" : "20160814T144536+0900",
    "place" : {
      "id" : 317146161,
      "type" : "unknown",
      "location" : {
        "lat" : 35.728073,
        "lon" : 139.77074
      }
    },
    "lastUpdate" : "20160814T065908Z"
  }, {
    "type" : "place",
    "startTime" : "20160814T153318+0900",
    "endTime" : "20160814T190748+0900",
    "place" : {
      "id" : 317146162,
      "type" : "unknown",
      "location" : {
        "lat" : 35.915483,
        "lon" : 139.90762
      }
    },
    "lastUpdate" : "20160814T130709Z"
  }, {
    "type" : "place",
    "startTime" : "20160814T194333+0900",
    "endTime" : "20160814T225001+0900",
    "place" : {
      "id" : 317388919,
      "type" : "unknown",
      "location" : {
        "lat" : 35.825934,
        "lon" : 139.92061
      }
    },
    "lastUpdate" : "20160814T161209Z"
  }, {
    "type" : "place",
    "startTime" : "20160814T235815+0900",
    "endTime" : "20160815T103606+0900",
    "place" : {
      "id" : 105416472,
      "type" : "unknown",
      "location" : {
        "lat" : 35.7167813087,
        "lon" : 139.7280424577
      }
    },
    "lastUpdate" : "20160815T013608Z"
  } ],
  "lastUpdate" : "20160815T013608Z"
} ]