[ {
  "date" : "20180314",
  "segments" : [ {
    "type" : "place",
    "startTime" : "20180314T004350+0900",
    "endTime" : "20180314T181314+0900",
    "place" : {
      "id" : 105416472,
      "type" : "unknown",
      "location" : {
        "lat" : 35.7167813087,
        "lon" : 139.7280424577
      }
    },
    "lastUpdate" : "20180314T111702Z"
  }, {
    "type" : "place",
    "startTime" : "20180314T181930+0900",
    "endTime" : "20180314T182451+0900",
    "place" : {
      "id" : 124037187,
      "type" : "unknown",
      "location" : {
        "lat" : 35.7195378491,
        "lon" : 139.7268566997
      }
    },
    "lastUpdate" : "20180314T111702Z"
  }, {
    "type" : "place",
    "startTime" : "20180314T184600+0900",
    "endTime" : "20180314T205753+0900",
    "place" : {
      "id" : 578233369,
      "type" : "unknown",
      "location" : {
        "lat" : 35.687755,
        "lon" : 139.71977
      }
    },
    "lastUpdate" : "20180314T124911Z"
  }, {
    "type" : "place",
    "startTime" : "20180314T210212+0900",
    "endTime" : "20180314T210738+0900",
    "place" : {
      "id" : 578253581,
      "type" : "unknown",
      "location" : {
        "lat" : 35.687991,
        "lon" : 139.72044
      }
    },
    "lastUpdate" : "20180314T124911Z"
  }, {
    "type" : "place",
    "startTime" : "20180314T214042+0900",
    "endTime" : "20180314T230038+0900",
    "place" : {
      "id" : 578253582,
      "type" : "unknown",
      "location" : {
        "lat" : 35.687248,
        "lon" : 139.72601
      }
    },
    "lastUpdate" : "20180314T142214Z"
  }, {
    "type" : "place",
    "startTime" : "20180314T235859+0900",
    "endTime" : "20180315T064611+0900",
    "place" : {
      "id" : 423046715,
      "type" : "unknown",
      "location" : {
        "lat" : 35.738443,
        "lon" : 139.61466
      }
    },
    "lastUpdate" : "20180314T220748Z"
  } ],
  "lastUpdate" : "20180314T220748Z"
} ]