[ {
  "date" : "20170712",
  "segments" : [ {
    "type" : "place",
    "startTime" : "20170711T163454+0900",
    "endTime" : "20170712T084642+0900",
    "place" : {
      "id" : 257240275,
      "type" : "unknown",
      "location" : {
        "lat" : 43.084886,
        "lon" : 141.3453
      }
    },
    "lastUpdate" : "20170712T003051Z"
  }, {
    "type" : "place",
    "startTime" : "20170712T085147+0900",
    "endTime" : "20170712T121308+0900",
    "place" : {
      "id" : 259914648,
      "type" : "unknown",
      "location" : {
        "lat" : 43.076409,
        "lon" : 141.33842
      }
    },
    "lastUpdate" : "20170712T033900Z"
  }, {
    "type" : "place",
    "startTime" : "20170712T122534+0900",
    "endTime" : "20170712T123742+0900",
    "place" : {
      "id" : 434652630,
      "type" : "unknown",
      "location" : {
        "lat" : 43.066857,
        "lon" : 141.35261
      }
    },
    "lastUpdate" : "20170712T051347Z"
  }, {
    "type" : "place",
    "startTime" : "20170712T125425+0900",
    "endTime" : "20170712T173150+0900",
    "place" : {
      "id" : 257240275,
      "type" : "unknown",
      "location" : {
        "lat" : 43.084886,
        "lon" : 141.3453
      }
    },
    "lastUpdate" : "20170712T095202Z"
  }, {
    "type" : "place",
    "startTime" : "20170712T175919+0900",
    "endTime" : "20170712T202039+0900",
    "place" : {
      "id" : 366123833,
      "type" : "unknown",
      "location" : {
        "lat" : 43.090044,
        "lon" : 141.39987
      }
    },
    "lastUpdate" : "20170712T125852Z"
  }, {
    "type" : "place",
    "startTime" : "20170712T205059+0900",
    "endTime" : "20170713T162419+0900",
    "place" : {
      "id" : 257240275,
      "type" : "unknown",
      "location" : {
        "lat" : 43.084886,
        "lon" : 141.3453
      }
    },
    "lastUpdate" : "20170713T090332Z"
  } ],
  "lastUpdate" : "20170713T090332Z"
} ]