[ {
  "date" : "20141215",
  "segments" : [ {
    "type" : "place",
    "startTime" : "20141214T100946+0900",
    "endTime" : "20141215T133050+0900",
    "place" : {
      "id" : 98345442,
      "type" : "unknown",
      "location" : {
        "lat" : 35.7168392789,
        "lon" : 139.7283806079
      }
    },
    "lastUpdate" : "20141215T074525Z"
  }, {
    "type" : "place",
    "startTime" : "20141215T144536+0900",
    "endTime" : "20141215T205613+0900",
    "place" : {
      "id" : 99523782,
      "type" : "unknown",
      "location" : {
        "lat" : 35.917873525,
        "lon" : 139.9090083035
      }
    },
    "lastUpdate" : "20141215T165452Z"
  }, {
    "type" : "place",
    "startTime" : "20141215T212447+0900",
    "endTime" : "20141215T212904+0900",
    "place" : {
      "id" : 116437315,
      "type" : "unknown",
      "location" : {
        "lat" : 35.8715572926,
        "lon" : 139.9249244152
      }
    },
    "lastUpdate" : "20141215T165452Z"
  } ],
  "lastUpdate" : "20141215T165452Z"
} ]