[ {
  "date" : "20160309",
  "segments" : [ {
    "type" : "place",
    "startTime" : "20160308T120844+0900",
    "endTime" : "20160309T101334+0900",
    "place" : {
      "id" : 152143834,
      "type" : "unknown",
      "location" : {
        "lat" : 43.0846321394,
        "lon" : 141.3451669726
      }
    },
    "lastUpdate" : "20160309T030848Z"
  }, {
    "type" : "place",
    "startTime" : "20160309T101335+0900",
    "endTime" : "20160309T103819+0900",
    "place" : {
      "id" : 223269490,
      "type" : "unknown",
      "location" : {
        "lat" : 43.0825413041,
        "lon" : 141.344776408
      }
    },
    "lastUpdate" : "20160309T030848Z"
  }, {
    "type" : "place",
    "startTime" : "20160309T104723+0900",
    "endTime" : "20160309T114524+0900",
    "place" : {
      "id" : 151717399,
      "type" : "unknown",
      "location" : {
        "lat" : 43.0711927674,
        "lon" : 141.3440748411
      }
    },
    "lastUpdate" : "20160309T030848Z"
  }, {
    "type" : "place",
    "startTime" : "20160309T120300+0900",
    "endTime" : "20160309T131148+0900",
    "place" : {
      "id" : 141435006,
      "type" : "unknown",
      "location" : {
        "lat" : 43.0843685253,
        "lon" : 141.345080654
      }
    },
    "lastUpdate" : "20160309T043927Z"
  }, {
    "type" : "place",
    "startTime" : "20160309T131608+0900",
    "endTime" : "20160309T132733+0900",
    "place" : {
      "id" : 167655421,
      "type" : "unknown",
      "location" : {
        "lat" : 43.0809649453,
        "lon" : 141.342886677
      }
    },
    "lastUpdate" : "20160309T061440Z"
  }, {
    "type" : "place",
    "startTime" : "20160309T133415+0900",
    "endTime" : "20160309T140352+0900",
    "place" : {
      "id" : 228858109,
      "type" : "unknown",
      "location" : {
        "lat" : 43.0708449194,
        "lon" : 141.3431646417
      }
    },
    "lastUpdate" : "20160309T061440Z"
  }, {
    "type" : "place",
    "startTime" : "20160309T140755+0900",
    "endTime" : "20160309T142710+0900",
    "place" : {
      "id" : 252154958,
      "type" : "unknown",
      "location" : {
        "lat" : 43.076117,
        "lon" : 141.33848
      }
    },
    "lastUpdate" : "20160309T061440Z"
  }, {
    "type" : "place",
    "startTime" : "20160309T144413+0900",
    "endTime" : "20160309T185725+0900",
    "place" : {
      "id" : 141367536,
      "type" : "unknown",
      "location" : {
        "lat" : 43.0784012398,
        "lon" : 141.340132137
      }
    },
    "lastUpdate" : "20160309T105433Z"
  }, {
    "type" : "place",
    "startTime" : "20160309T191302+0900",
    "endTime" : "20160309T212834+0900",
    "place" : {
      "id" : 252208074,
      "type" : "unknown",
      "location" : {
        "lat" : 43.078609,
        "lon" : 141.3458
      }
    },
    "lastUpdate" : "20160309T140240Z"
  }, {
    "type" : "place",
    "startTime" : "20160309T212835+0900",
    "endTime" : "20160310T022510+0900",
    "place" : {
      "id" : 196286694,
      "type" : "unknown",
      "location" : {
        "lat" : 43.0768498671,
        "lon" : 141.3465168617
      }
    },
    "lastUpdate" : "20160309T184017Z"
  } ],
  "lastUpdate" : "20160309T184017Z"
} ]