[ {
  "date" : "20160622",
  "segments" : [ {
    "type" : "place",
    "startTime" : "20160621T162252+0900",
    "endTime" : "20160622T124256+0900",
    "place" : {
      "id" : 257240275,
      "type" : "unknown",
      "location" : {
        "lat" : 43.084886,
        "lon" : 141.3453
      }
    },
    "lastUpdate" : "20160622T040514Z"
  }, {
    "type" : "place",
    "startTime" : "20160622T124701+0900",
    "endTime" : "20160622T141811+0900",
    "place" : {
      "id" : 245014239,
      "type" : "unknown",
      "location" : {
        "lat" : 43.076271,
        "lon" : 141.33948
      }
    },
    "lastUpdate" : "20160622T053735Z"
  }, {
    "type" : "place",
    "startTime" : "20160622T142320+0900",
    "endTime" : "20160622T143206+0900",
    "place" : {
      "id" : 152143834,
      "type" : "unknown",
      "location" : {
        "lat" : 43.0846321394,
        "lon" : 141.3451669726
      }
    },
    "lastUpdate" : "20160622T070748Z"
  }, {
    "type" : "place",
    "startTime" : "20160622T150624+0900",
    "endTime" : "20160622T152505+0900",
    "place" : {
      "id" : 245828249,
      "type" : "unknown",
      "location" : {
        "lat" : 43.020159,
        "lon" : 141.40285
      }
    },
    "lastUpdate" : "20160622T070748Z"
  } ],
  "lastUpdate" : "20160622T070748Z"
} ]