[ {
  "date" : "20150324",
  "segments" : [ {
    "type" : "place",
    "startTime" : "20150323T205855+0900",
    "endTime" : "20150324T135940+0900",
    "place" : {
      "id" : 99619254,
      "type" : "unknown",
      "location" : {
        "lat" : 35.7181698898,
        "lon" : 139.7278969272
      }
    },
    "lastUpdate" : "20150324T095903Z"
  }, {
    "type" : "place",
    "startTime" : "20150324T143053+0900",
    "endTime" : "20150324T154320+0900",
    "place" : {
      "id" : 144651937,
      "type" : "unknown",
      "location" : {
        "lat" : 35.7199819559,
        "lon" : 139.7631469061
      }
    },
    "lastUpdate" : "20150324T095903Z"
  }, {
    "type" : "place",
    "startTime" : "20150324T161647+0900",
    "endTime" : "20150325T152332+0900",
    "place" : {
      "id" : 98345442,
      "type" : "unknown",
      "location" : {
        "lat" : 35.7168392789,
        "lon" : 139.7283806079
      }
    },
    "lastUpdate" : "20150325T095901Z"
  } ],
  "lastUpdate" : "20150325T095901Z"
} ]