[ {
  "date" : "20160211",
  "segments" : [ {
    "type" : "place",
    "startTime" : "20160210T175432+0900",
    "endTime" : "20160211T085128+0900",
    "place" : {
      "id" : 152143834,
      "type" : "unknown",
      "location" : {
        "lat" : 43.0846321394,
        "lon" : 141.3451669726
      }
    },
    "lastUpdate" : "20160211T005745Z"
  }, {
    "type" : "place",
    "startTime" : "20160211T091128+0900",
    "endTime" : "20160211T122535+0900",
    "place" : {
      "id" : 196221323,
      "type" : "unknown",
      "location" : {
        "lat" : 43.0717961917,
        "lon" : 141.3425384573
      }
    },
    "lastUpdate" : "20160211T040108Z"
  }, {
    "type" : "place",
    "startTime" : "20160211T122536+0900",
    "endTime" : "20160211T124229+0900",
    "place" : {
      "id" : 245379744,
      "type" : "unknown",
      "location" : {
        "lat" : 43.069974,
        "lon" : 141.34329
      }
    },
    "lastUpdate" : "20160211T053637Z"
  }, {
    "type" : "place",
    "startTime" : "20160211T130808+0900",
    "endTime" : "20160211T131823+0900",
    "place" : {
      "id" : 245610125,
      "type" : "unknown",
      "location" : {
        "lat" : 43.060026,
        "lon" : 141.34634
      }
    },
    "lastUpdate" : "20160211T053637Z"
  }, {
    "type" : "place",
    "startTime" : "20160211T131824+0900",
    "endTime" : "20160211T132322+0900",
    "place" : {
      "id" : 245610126,
      "type" : "unknown",
      "location" : {
        "lat" : 43.059587,
        "lon" : 141.34503
      }
    },
    "lastUpdate" : "20160211T053637Z"
  }, {
    "type" : "place",
    "startTime" : "20160211T133155+0900",
    "endTime" : "20160211T133520+0900",
    "place" : {
      "id" : 245610127,
      "type" : "unknown",
      "location" : {
        "lat" : 43.059295,
        "lon" : 141.34156
      }
    },
    "lastUpdate" : "20160211T053637Z"
  }, {
    "type" : "place",
    "startTime" : "20160211T133910+0900",
    "endTime" : "20160211T135101+0900",
    "place" : {
      "id" : 245610128,
      "type" : "unknown",
      "location" : {
        "lat" : 43.058842,
        "lon" : 141.33968
      }
    },
    "lastUpdate" : "20160211T053637Z"
  }, {
    "type" : "place",
    "startTime" : "20160211T140144+0900",
    "endTime" : "20160211T140552+0900",
    "place" : {
      "id" : 245610129,
      "type" : "unknown",
      "location" : {
        "lat" : 43.059951,
        "lon" : 141.34715
      }
    },
    "lastUpdate" : "20160211T053637Z"
  }, {
    "type" : "place",
    "startTime" : "20160211T141558+0900",
    "endTime" : "20160211T142550+0900",
    "place" : {
      "id" : 245610130,
      "type" : "unknown",
      "location" : {
        "lat" : 43.06051,
        "lon" : 141.35277
      }
    },
    "lastUpdate" : "20160211T053637Z"
  }, {
    "type" : "place",
    "startTime" : "20160211T142551+0900",
    "endTime" : "20160211T155138+0900",
    "place" : {
      "id" : 245610131,
      "type" : "unknown",
      "location" : {
        "lat" : 43.060715,
        "lon" : 141.35524
      }
    },
    "lastUpdate" : "20160211T083729Z"
  }, {
    "type" : "place",
    "startTime" : "20160211T162212+0900",
    "endTime" : "20160212T111653+0900",
    "place" : {
      "id" : 152143834,
      "type" : "unknown",
      "location" : {
        "lat" : 43.0846321394,
        "lon" : 141.3451669726
      }
    },
    "lastUpdate" : "20160212T031156Z"
  } ],
  "lastUpdate" : "20160212T031156Z"
} ]