[ {
  "date" : "20170413",
  "segments" : [ {
    "type" : "place",
    "startTime" : "20170412T215021+0900",
    "endTime" : "20170413T102533+0900",
    "place" : {
      "id" : 257240275,
      "type" : "unknown",
      "location" : {
        "lat" : 43.084886,
        "lon" : 141.3453
      }
    },
    "lastUpdate" : "20170413T023718Z"
  }, {
    "type" : "place",
    "startTime" : "20170413T103056+0900",
    "endTime" : "20170413T193334+0900",
    "place" : {
      "id" : 362494857,
      "type" : "unknown",
      "location" : {
        "lat" : 43.076265,
        "lon" : 141.33885
      }
    },
    "lastUpdate" : "20170413T115511Z"
  }, {
    "type" : "place",
    "startTime" : "20170413T194605+0900",
    "endTime" : "20170414T134347+0900",
    "place" : {
      "id" : 257240275,
      "type" : "unknown",
      "location" : {
        "lat" : 43.084886,
        "lon" : 141.3453
      }
    },
    "lastUpdate" : "20170414T050539Z"
  } ],
  "lastUpdate" : "20170414T050539Z"
} ]