[ {
  "date" : "20160531",
  "segments" : [ {
    "type" : "place",
    "startTime" : "20160530T204716+0900",
    "endTime" : "20160531T102140+0900",
    "place" : {
      "id" : 257240275,
      "type" : "unknown",
      "location" : {
        "lat" : 43.084886,
        "lon" : 141.3453
      }
    },
    "lastUpdate" : "20160531T024132Z"
  }, {
    "type" : "place",
    "startTime" : "20160531T103102+0900",
    "endTime" : "20160531T164907+0900",
    "place" : {
      "id" : 259240182,
      "type" : "unknown",
      "location" : {
        "lat" : 43.076435,
        "lon" : 141.33918
      }
    },
    "lastUpdate" : "20160531T084937Z"
  }, {
    "type" : "place",
    "startTime" : "20160531T164908+0900",
    "endTime" : "20160531T165519+0900",
    "place" : {
      "id" : 252154959,
      "type" : "unknown",
      "location" : {
        "lat" : 43.077906,
        "lon" : 141.3403
      }
    },
    "lastUpdate" : "20160531T084937Z"
  }, {
    "type" : "place",
    "startTime" : "20160531T170446+0900",
    "endTime" : "20160531T171622+0900",
    "place" : {
      "id" : 223269490,
      "type" : "unknown",
      "location" : {
        "lat" : 43.0825413041,
        "lon" : 141.344776408
      }
    },
    "lastUpdate" : "20160531T084937Z"
  }, {
    "type" : "place",
    "startTime" : "20160531T171623+0900",
    "endTime" : "20160601T102034+0900",
    "place" : {
      "id" : 244211019,
      "type" : "unknown",
      "location" : {
        "lat" : 43.084539,
        "lon" : 141.34467
      }
    },
    "lastUpdate" : "20160601T031613Z"
  } ],
  "lastUpdate" : "20160601T031613Z"
} ]