[ {
  "date" : "20141211",
  "segments" : [ {
    "type" : "place",
    "startTime" : "20141211T092847+0900",
    "endTime" : "20141211T120507+0900",
    "place" : {
      "id" : 101464332,
      "type" : "unknown",
      "location" : {
        "lat" : 35.9175461037,
        "lon" : 139.907819475
      }
    },
    "lastUpdate" : "20141211T054345Z"
  }, {
    "type" : "place",
    "startTime" : "20141211T121119+0900",
    "endTime" : "20141211T144555+0900",
    "place" : {
      "id" : 118715039,
      "type" : "unknown",
      "location" : {
        "lat" : 35.9176963144,
        "lon" : 139.9093647694
      }
    },
    "lastUpdate" : "20141211T085126Z"
  }, {
    "type" : "place",
    "startTime" : "20141211T145859+0900",
    "endTime" : "20141211T162129+0900",
    "place" : {
      "id" : 111477167,
      "type" : "unknown",
      "location" : {
        "lat" : 35.9125601582,
        "lon" : 139.9076129498
      }
    },
    "lastUpdate" : "20141211T085126Z"
  }, {
    "type" : "place",
    "startTime" : "20141211T163343+0900",
    "endTime" : "20141211T181634+0900",
    "place" : {
      "id" : 109280694,
      "type" : "unknown",
      "location" : {
        "lat" : 35.9181617411,
        "lon" : 139.9090048253
      }
    },
    "lastUpdate" : "20141211T134804Z"
  }, {
    "type" : "place",
    "startTime" : "20141211T192743+0900",
    "endTime" : "20141211T193243+0900",
    "place" : {
      "id" : 118765897,
      "type" : "unknown",
      "location" : {
        "lat" : 35.7025591486,
        "lon" : 139.74361259
      }
    },
    "lastUpdate" : "20141211T134804Z"
  }, {
    "type" : "place",
    "startTime" : "20141211T195254+0900",
    "endTime" : "20141211T224125+0900",
    "place" : {
      "id" : 104196451,
      "type" : "unknown",
      "location" : {
        "lat" : 35.7153167138,
        "lon" : 139.7265351078
      }
    },
    "lastUpdate" : "20141211T163656Z"
  }, {
    "type" : "place",
    "startTime" : "20141211T224505+0900",
    "endTime" : "20141212T112434+0900",
    "place" : {
      "id" : 104196451,
      "type" : "unknown",
      "location" : {
        "lat" : 35.7153167138,
        "lon" : 139.7265351078
      }
    },
    "lastUpdate" : "20141212T054246Z"
  } ],
  "lastUpdate" : "20141212T054246Z"
} ]