[ {
  "date" : "20160116",
  "segments" : [ {
    "type" : "place",
    "startTime" : "20160116T141333+0900",
    "endTime" : "20160116T141542+0900",
    "place" : {
      "id" : 239785053,
      "type" : "unknown",
      "location" : {
        "lat" : 43.060652,
        "lon" : 141.33736
      }
    },
    "lastUpdate" : "20160116T080913Z"
  }, {
    "type" : "place",
    "startTime" : "20160116T141543+0900",
    "endTime" : "20160116T170111+0900",
    "place" : {
      "id" : 239771606,
      "type" : "unknown",
      "location" : {
        "lat" : 43.059438,
        "lon" : 141.33781
      }
    },
    "lastUpdate" : "20160116T094320Z"
  }, {
    "type" : "place",
    "startTime" : "20160116T175743+0900",
    "endTime" : "20160116T180443+0900",
    "place" : {
      "id" : 239771606,
      "type" : "unknown",
      "location" : {
        "lat" : 43.059438,
        "lon" : 141.33781
      }
    },
    "lastUpdate" : "20160116T094320Z"
  }, {
    "type" : "place",
    "startTime" : "20160116T182529+0900",
    "endTime" : "20160116T182900+0900",
    "place" : {
      "id" : 239800520,
      "type" : "unknown",
      "location" : {
        "lat" : 43.061161,
        "lon" : 141.34432
      }
    },
    "lastUpdate" : "20160116T111338Z"
  }, {
    "type" : "place",
    "startTime" : "20160116T184636+0900",
    "endTime" : "20160116T191733+0900",
    "place" : {
      "id" : 154338695,
      "type" : "unknown",
      "location" : {
        "lat" : 43.0680365732,
        "lon" : 141.348531575
      }
    },
    "lastUpdate" : "20160116T111339Z"
  } ],
  "lastUpdate" : "20160116T111339Z"
} ]