[ {
  "date" : "20171004",
  "segments" : [ {
    "type" : "place",
    "startTime" : "20171003T152112+0900",
    "endTime" : "20171004T093142+0900",
    "place" : {
      "id" : 257240275,
      "type" : "unknown",
      "location" : {
        "lat" : 43.084886,
        "lon" : 141.3453
      }
    },
    "lastUpdate" : "20171004T004650Z"
  }, {
    "type" : "place",
    "startTime" : "20171004T093954+0900",
    "endTime" : "20171004T105347+0900",
    "place" : {
      "id" : 245014239,
      "type" : "unknown",
      "location" : {
        "lat" : 43.076271,
        "lon" : 141.33948
      }
    },
    "lastUpdate" : "20171004T021712Z"
  }, {
    "type" : "place",
    "startTime" : "20171004T105854+0900",
    "endTime" : "20171004T143600+0900",
    "place" : {
      "id" : 257240275,
      "type" : "unknown",
      "location" : {
        "lat" : 43.084886,
        "lon" : 141.3453
      }
    },
    "lastUpdate" : "20171004T065534Z"
  }, {
    "type" : "place",
    "startTime" : "20171004T144046+0900",
    "endTime" : "20171004T175859+0900",
    "place" : {
      "id" : 259240182,
      "type" : "unknown",
      "location" : {
        "lat" : 43.076435,
        "lon" : 141.33918
      }
    },
    "lastUpdate" : "20171004T095733Z"
  }, {
    "type" : "place",
    "startTime" : "20171004T180431+0900",
    "endTime" : "20171004T183200+0900",
    "place" : {
      "id" : 257240275,
      "type" : "unknown",
      "location" : {
        "lat" : 43.084886,
        "lon" : 141.3453
      }
    },
    "lastUpdate" : "20171004T113132Z"
  }, {
    "type" : "place",
    "startTime" : "20171004T185952+0900",
    "endTime" : "20171004T212217+0900",
    "place" : {
      "id" : 333849665,
      "type" : "unknown",
      "location" : {
        "lat" : 43.090439,
        "lon" : 141.40017
      }
    },
    "lastUpdate" : "20171004T130146Z"
  }, {
    "type" : "place",
    "startTime" : "20171004T215125+0900",
    "endTime" : "20171005T103402+0900",
    "place" : {
      "id" : 152143834,
      "type" : "unknown",
      "location" : {
        "lat" : 43.0846321394,
        "lon" : 141.3451669726
      }
    },
    "lastUpdate" : "20171005T035357Z"
  } ],
  "lastUpdate" : "20171005T035357Z"
} ]