[ {
  "date" : "20141110",
  "segments" : [ {
    "type" : "place",
    "startTime" : "20141108T213939+0900",
    "endTime" : "20141110T131635+0900",
    "place" : {
      "id" : 98345442,
      "type" : "unknown",
      "location" : {
        "lat" : 35.7168392789,
        "lon" : 139.7283806079
      }
    },
    "lastUpdate" : "20141110T082558Z"
  }, {
    "type" : "place",
    "startTime" : "20141110T143357+0900",
    "endTime" : "20141110T210230+0900",
    "place" : {
      "id" : 98399036,
      "type" : "unknown",
      "location" : {
        "lat" : 35.9175705819,
        "lon" : 139.9089836272
      }
    },
    "lastUpdate" : "20141110T161021Z"
  }, {
    "type" : "place",
    "startTime" : "20141110T215556+0900",
    "endTime" : "20141110T220413+0900",
    "place" : {
      "id" : 104967738,
      "type" : "unknown",
      "location" : {
        "lat" : 35.6984477129,
        "lon" : 139.773336405
      }
    },
    "lastUpdate" : "20141110T161021Z"
  }, {
    "type" : "place",
    "startTime" : "20141110T222811+0900",
    "endTime" : "20141111T115244+0900",
    "place" : {
      "id" : 98345442,
      "type" : "unknown",
      "location" : {
        "lat" : 35.7168392789,
        "lon" : 139.7283806079
      }
    },
    "lastUpdate" : "20141111T062200Z"
  } ],
  "lastUpdate" : "20141111T062200Z"
} ]