[ {
  "date" : "20151031",
  "segments" : [ {
    "type" : "place",
    "startTime" : "20151030T181249+0900",
    "endTime" : "20151031T184138+0900",
    "place" : {
      "id" : 152143834,
      "type" : "unknown",
      "location" : {
        "lat" : 43.0846321394,
        "lon" : 141.3451669726
      }
    },
    "lastUpdate" : "20151101T101041Z"
  }, {
    "type" : "place",
    "startTime" : "20151031T184138+0900",
    "endTime" : "20151102T024508+0900",
    "place" : {
      "id" : 152143834,
      "type" : "unknown",
      "location" : {
        "lat" : 43.0846321394,
        "lon" : 141.3451669726
      }
    },
    "lastUpdate" : "20151102T093114Z"
  } ],
  "lastUpdate" : "20151102T093114Z"
} ]