[ {
  "date" : "20150108",
  "segments" : [ {
    "type" : "place",
    "startTime" : "20150106T193117+0900",
    "endTime" : "20150108T081701+0900",
    "place" : {
      "id" : 98345442,
      "type" : "unknown",
      "location" : {
        "lat" : 35.7168392789,
        "lon" : 139.7283806079
      }
    },
    "lastUpdate" : "20150108T021545Z"
  }, {
    "type" : "place",
    "startTime" : "20150108T084019+0900",
    "endTime" : "20150108T084317+0900",
    "place" : {
      "id" : 104967738,
      "type" : "unknown",
      "location" : {
        "lat" : 35.6984477129,
        "lon" : 139.773336405
      }
    },
    "lastUpdate" : "20150108T021545Z"
  }, {
    "type" : "place",
    "startTime" : "20150108T093440+0900",
    "endTime" : "20150108T191009+0900",
    "place" : {
      "id" : 99211785,
      "type" : "unknown",
      "location" : {
        "lat" : 35.9178679324,
        "lon" : 139.9086242624
      }
    },
    "lastUpdate" : "20150108T143422Z"
  }, {
    "type" : "place",
    "startTime" : "20150108T202144+0900",
    "endTime" : "20150108T203027+0900",
    "place" : {
      "id" : 125773976,
      "type" : "unknown",
      "location" : {
        "lat" : 35.6985583623,
        "lon" : 139.7720229245
      }
    },
    "lastUpdate" : "20150108T143422Z"
  }, {
    "type" : "place",
    "startTime" : "20150108T203659+0900",
    "endTime" : "20150108T205417+0900",
    "place" : {
      "id" : 125773977,
      "type" : "unknown",
      "location" : {
        "lat" : 35.6993866008,
        "lon" : 139.7711985143
      }
    },
    "lastUpdate" : "20150108T143422Z"
  }, {
    "type" : "place",
    "startTime" : "20150108T213015+0900",
    "endTime" : "20150109T114650+0900",
    "place" : {
      "id" : 120660371,
      "type" : "unknown",
      "location" : {
        "lat" : 35.7170691695,
        "lon" : 139.7285884985
      }
    },
    "lastUpdate" : "20150109T055639Z"
  } ],
  "lastUpdate" : "20150109T055639Z"
} ]