[ {
  "date" : "20150523",
  "segments" : [ {
    "type" : "place",
    "startTime" : "20150522T175636+0900",
    "endTime" : "20150523T084152+0900",
    "place" : {
      "id" : 152143834,
      "type" : "unknown",
      "location" : {
        "lat" : 43.0846321394,
        "lon" : 141.3451669726
      }
    },
    "lastUpdate" : "20150523T020812Z"
  }, {
    "type" : "place",
    "startTime" : "20150523T084608+0900",
    "endTime" : "20150523T114307+0900",
    "place" : {
      "id" : 163878606,
      "type" : "unknown",
      "location" : {
        "lat" : 43.0722074717,
        "lon" : 141.3432776446
      }
    },
    "lastUpdate" : "20150523T051305Z"
  }, {
    "type" : "place",
    "startTime" : "20150523T114835+0900",
    "endTime" : "20150523T121006+0900",
    "place" : {
      "id" : 163914993,
      "type" : "unknown",
      "location" : {
        "lat" : 43.0735728968,
        "lon" : 141.3421474559
      }
    },
    "lastUpdate" : "20150523T051305Z"
  }, {
    "type" : "place",
    "startTime" : "20150523T121442+0900",
    "endTime" : "20150523T161322+0900",
    "place" : {
      "id" : 163878606,
      "type" : "unknown",
      "location" : {
        "lat" : 43.0722074717,
        "lon" : 141.3432776446
      }
    },
    "lastUpdate" : "20150523T094858Z"
  }, {
    "type" : "place",
    "startTime" : "20150523T163411+0900",
    "endTime" : "20150524T113655+0900",
    "place" : {
      "id" : 152143834,
      "type" : "unknown",
      "location" : {
        "lat" : 43.0846321394,
        "lon" : 141.3451669726
      }
    },
    "lastUpdate" : "20150524T042003Z"
  } ],
  "lastUpdate" : "20150524T042003Z"
} ]