[ {
  "date" : "20160419",
  "segments" : [ {
    "type" : "place",
    "startTime" : "20160418T175903+0900",
    "endTime" : "20160419T102406+0900",
    "place" : {
      "id" : 174606785,
      "type" : "unknown",
      "location" : {
        "lat" : 43.0842510763,
        "lon" : 141.3447211729
      }
    },
    "lastUpdate" : "20160419T042854Z"
  }, {
    "type" : "place",
    "startTime" : "20160419T102957+0900",
    "endTime" : "20160419T161922+0900",
    "place" : {
      "id" : 259240182,
      "type" : "unknown",
      "location" : {
        "lat" : 43.076435,
        "lon" : 141.33918
      }
    },
    "lastUpdate" : "20160419T073020Z"
  }, {
    "type" : "place",
    "startTime" : "20160419T162620+0900",
    "endTime" : "20160419T205813+0900",
    "place" : {
      "id" : 261061610,
      "type" : "unknown",
      "location" : {
        "lat" : 43.082159,
        "lon" : 141.3468
      }
    },
    "lastUpdate" : "20160420T015413Z"
  }, {
    "type" : "place",
    "startTime" : "20160419T210127+0900",
    "endTime" : "20160420T101803+0900",
    "place" : {
      "id" : 175299022,
      "type" : "unknown",
      "location" : {
        "lat" : 43.0812136632,
        "lon" : 141.3438026841
      }
    },
    "lastUpdate" : "20160420T050142Z"
  } ],
  "lastUpdate" : "20160420T050142Z"
} ]