[ {
  "date" : "20170306",
  "segments" : [ {
    "type" : "place",
    "startTime" : "20170305T212750+0900",
    "endTime" : "20170306T063501+0900",
    "place" : {
      "id" : 117345858,
      "type" : "unknown",
      "location" : {
        "lat" : 35.7193335133,
        "lon" : 139.7273594442
      }
    },
    "lastUpdate" : "20170305T225157Z"
  }, {
    "type" : "place",
    "startTime" : "20170306T064141+0900",
    "endTime" : "20170306T064405+0900",
    "place" : {
      "id" : 99617338,
      "type" : "unknown",
      "location" : {
        "lat" : 35.7200949427,
        "lon" : 139.7268577393
      }
    },
    "lastUpdate" : "20170305T225157Z"
  }, {
    "type" : "place",
    "startTime" : "20170306T064812+0900",
    "endTime" : "20170306T075155+0900",
    "place" : {
      "id" : 105416472,
      "type" : "unknown",
      "location" : {
        "lat" : 35.7167813087,
        "lon" : 139.7280424577
      }
    },
    "lastUpdate" : "20170305T225157Z"
  } ],
  "lastUpdate" : "20170305T225157Z"
} ]