[ {
  "date" : "20170301",
  "summary" : [ {
    "activity" : "walking",
    "group" : "walking",
    "duration" : 1144.0,
    "distance" : 971.0,
    "steps" : 1572,
    "calories" : 54
  }, {
    "activity" : "transport",
    "group" : "transport",
    "duration" : 1770.0,
    "distance" : 11938.0
  } ],
  "caloriesIdle" : 1596,
  "lastUpdate" : "20170228T232127Z"
}, {
  "date" : "20170302",
  "summary" : [ {
    "activity" : "walking",
    "group" : "walking",
    "duration" : 15.0,
    "distance" : 10.0,
    "steps" : 20,
    "calories" : 1
  } ],
  "caloriesIdle" : 1596,
  "lastUpdate" : "20170303T083504Z"
}, {
  "date" : "20170303",
  "summary" : [ {
    "activity" : "walking",
    "group" : "walking",
    "duration" : 3270.0,
    "distance" : 3701.0,
    "steps" : 4815,
    "calories" : 205
  }, {
    "activity" : "transport",
    "group" : "transport",
    "duration" : 2592.0,
    "distance" : 26510.0
  }, {
    "activity" : "running",
    "group" : "running",
    "duration" : 120.0,
    "distance" : 385.0,
    "steps" : 266,
    "calories" : 26
  } ],
  "caloriesIdle" : 1596,
  "lastUpdate" : "20170303T223305Z"
}, {
  "date" : "20170304",
  "summary" : [ {
    "activity" : "walking",
    "group" : "walking",
    "duration" : 2452.0,
    "distance" : 2734.0,
    "steps" : 3558,
    "calories" : 152
  }, {
    "activity" : "transport",
    "group" : "transport",
    "duration" : 2671.0,
    "distance" : 26359.0
  } ],
  "caloriesIdle" : 1596,
  "lastUpdate" : "20170305T133020Z"
}, {
  "date" : "20170305",
  "summary" : [ {
    "activity" : "walking",
    "group" : "walking",
    "duration" : 1475.0,
    "distance" : 1554.0,
    "steps" : 2107,
    "calories" : 86
  } ],
  "caloriesIdle" : 1596,
  "lastUpdate" : "20170305T225157Z"
}, {
  "date" : "20170306",
  "summary" : [ {
    "activity" : "walking",
    "group" : "walking",
    "duration" : 1312.0,
    "distance" : 1736.0,
    "steps" : 2079,
    "calories" : 96
  } ],
  "caloriesIdle" : 1596,
  "lastUpdate" : "20170305T225157Z"
}, {
  "date" : "20170307",
  "summary" : [ {
    "activity" : "walking",
    "group" : "walking",
    "duration" : 5954.0,
    "distance" : 9237.0,
    "steps" : 8789,
    "calories" : 512
  }, {
    "activity" : "transport",
    "group" : "transport",
    "duration" : 4153.0,
    "distance" : 16051.0
  } ],
  "caloriesIdle" : 1596,
  "lastUpdate" : "20170307T225157Z"
}, {
  "date" : "20170308",
  "summary" : [ {
    "activity" : "walking",
    "group" : "walking",
    "duration" : 2545.0,
    "distance" : 2393.0,
    "steps" : 3390,
    "calories" : 133
  }, {
    "activity" : "transport",
    "group" : "transport",
    "duration" : 1722.0,
    "distance" : 11783.0
  } ],
  "caloriesIdle" : 1596,
  "lastUpdate" : "20170308T220158Z"
}, {
  "date" : "20170309",
  "summary" : [ {
    "activity" : "walking",
    "group" : "walking",
    "duration" : 2070.0,
    "distance" : 2460.0,
    "steps" : 3096,
    "calories" : 136
  }, {
    "activity" : "transport",
    "group" : "transport",
    "duration" : 1050.0,
    "distance" : 3282.0
  } ],
  "caloriesIdle" : 1596,
  "lastUpdate" : "20170309T102514Z"
}, {
  "date" : "20170310",
  "summary" : [ {
    "activity" : "walking",
    "group" : "walking",
    "duration" : 342.0,
    "distance" : 241.0,
    "steps" : 188,
    "calories" : 13
  } ],
  "caloriesIdle" : 1596,
  "lastUpdate" : "20170311T090222Z"
}, {
  "date" : "20170311",
  "summary" : [ {
    "activity" : "walking",
    "group" : "walking",
    "duration" : 2296.0,
    "distance" : 2381.0,
    "steps" : 3321,
    "calories" : 132
  }, {
    "activity" : "transport",
    "group" : "transport",
    "duration" : 600.0,
    "distance" : 4885.0
  } ],
  "caloriesIdle" : 1596,
  "lastUpdate" : "20170311T120249Z"
}, {
  "date" : "20170312",
  "summary" : [ {
    "activity" : "walking",
    "group" : "walking",
    "duration" : 5.0,
    "distance" : 3.0,
    "steps" : 7,
    "calories" : 0
  } ],
  "caloriesIdle" : 1596,
  "lastUpdate" : "20170313T103441Z"
}, {
  "date" : "20170313",
  "summary" : [ {
    "activity" : "walking",
    "group" : "walking",
    "duration" : 1926.0,
    "distance" : 1940.0,
    "steps" : 3124,
    "calories" : 108
  }, {
    "activity" : "transport",
    "group" : "transport",
    "duration" : 3196.0,
    "distance" : 11112.0
  } ],
  "caloriesIdle" : 1596,
  "lastUpdate" : "20170313T164552Z"
}, {
  "date" : "20170314",
  "summary" : [ {
    "activity" : "walking",
    "group" : "walking",
    "duration" : 339.0,
    "distance" : 268.0,
    "steps" : 536,
    "calories" : 15
  }, {
    "activity" : "transport",
    "group" : "transport",
    "duration" : 1530.0,
    "distance" : 4798.0
  } ],
  "caloriesIdle" : 1596,
  "lastUpdate" : "20170313T164552Z"
}, {
  "date" : "20170315",
  "summary" : null,
  "caloriesIdle" : 1596,
  "lastUpdate" : "20170316T051429Z"
}, {
  "date" : "20170316",
  "summary" : [ {
    "activity" : "walking",
    "group" : "walking",
    "duration" : 1674.0,
    "distance" : 2069.0,
    "steps" : 2779,
    "calories" : 115
  } ],
  "caloriesIdle" : 1596,
  "lastUpdate" : "20170316T110722Z"
}, {
  "date" : "20170317",
  "summary" : [ {
    "activity" : "walking",
    "group" : "walking",
    "duration" : 210.0,
    "distance" : 105.0,
    "steps" : 184,
    "calories" : 6
  } ],
  "caloriesIdle" : 1596,
  "lastUpdate" : "20170317T201351Z"
}, {
  "date" : "20170318",
  "summary" : null,
  "caloriesIdle" : 1596,
  "lastUpdate" : "20170319T035041Z"
}, {
  "date" : "20170319",
  "summary" : [ {
    "activity" : "walking",
    "group" : "walking",
    "duration" : 6286.0,
    "distance" : 6937.0,
    "steps" : 8763,
    "calories" : 384
  } ],
  "caloriesIdle" : 1596,
  "lastUpdate" : "20170320T122547Z"
}, {
  "date" : "20170320",
  "summary" : [ {
    "activity" : "walking",
    "group" : "walking",
    "duration" : 5524.0,
    "distance" : 6125.0,
    "steps" : 7867,
    "calories" : 339
  }, {
    "activity" : "transport",
    "group" : "transport",
    "duration" : 5275.0,
    "distance" : 28477.0
  } ],
  "caloriesIdle" : 1596,
  "lastUpdate" : "20170321T092415Z"
}, {
  "date" : "20170321",
  "summary" : [ {
    "activity" : "walking",
    "group" : "walking",
    "duration" : 2727.0,
    "distance" : 2440.0,
    "steps" : 3630,
    "calories" : 135
  }, {
    "activity" : "transport",
    "group" : "transport",
    "duration" : 420.0,
    "distance" : 2168.0
  } ],
  "caloriesIdle" : 1596,
  "lastUpdate" : "20170321T135739Z"
}, {
  "date" : "20170322",
  "summary" : null,
  "caloriesIdle" : 1596,
  "lastUpdate" : "20170323T044115Z"
}, {
  "date" : "20170323",
  "summary" : [ {
    "activity" : "walking",
    "group" : "walking",
    "duration" : 4661.0,
    "distance" : 5079.0,
    "steps" : 7476,
    "calories" : 282
  }, {
    "activity" : "transport",
    "group" : "transport",
    "duration" : 3205.0,
    "distance" : 10093.0
  } ],
  "caloriesIdle" : 1596,
  "lastUpdate" : "20170323T061424Z"
}, {
  "date" : "20170326",
  "summary" : [ {
    "activity" : "walking",
    "group" : "walking",
    "duration" : 111.0,
    "distance" : 55.0,
    "steps" : 11,
    "calories" : 3
  } ],
  "caloriesIdle" : 1596,
  "lastUpdate" : "20170327T014649Z"
}, {
  "date" : "20170327",
  "summary" : [ {
    "activity" : "walking",
    "group" : "walking",
    "duration" : 6092.0,
    "distance" : 6266.0,
    "steps" : 8879,
    "calories" : 347
  }, {
    "activity" : "transport",
    "group" : "transport",
    "duration" : 4605.0,
    "distance" : 26483.0
  } ],
  "caloriesIdle" : 1596,
  "lastUpdate" : "20170328T054440Z"
}, {
  "date" : "20170328",
  "summary" : [ {
    "activity" : "walking",
    "group" : "walking",
    "duration" : 3635.0,
    "distance" : 4651.0,
    "steps" : 5438,
    "calories" : 258
  }, {
    "activity" : "transport",
    "group" : "transport",
    "duration" : 18400.0,
    "distance" : 1095267.0
  } ],
  "caloriesIdle" : 1596,
  "lastUpdate" : "20170329T094106Z"
}, {
  "date" : "20170329",
  "summary" : [ {
    "activity" : "walking",
    "group" : "walking",
    "duration" : 673.0,
    "distance" : 822.0,
    "steps" : 1101,
    "calories" : 46
  }, {
    "activity" : "cycling",
    "group" : "cycling",
    "duration" : 226.0,
    "distance" : 880.0,
    "calories" : 22
  }, {
    "activity" : "transport",
    "group" : "transport",
    "duration" : 1088.0,
    "distance" : 2018.0
  } ],
  "caloriesIdle" : 1596,
  "lastUpdate" : "20170329T094106Z"
}, {
  "date" : "20170330",
  "summary" : [ {
    "activity" : "walking",
    "group" : "walking",
    "duration" : 434.0,
    "distance" : 506.0,
    "steps" : 675,
    "calories" : 28
  } ],
  "caloriesIdle" : 1596,
  "lastUpdate" : "20170331T032702Z"
}, {
  "date" : "20170331",
  "summary" : [ {
    "activity" : "walking",
    "group" : "walking",
    "duration" : 4062.0,
    "distance" : 4544.0,
    "steps" : 5700,
    "calories" : 252
  }, {
    "activity" : "cycling",
    "group" : "cycling",
    "duration" : 1943.0,
    "distance" : 6324.0,
    "calories" : 162
  }, {
    "activity" : "transport",
    "group" : "transport",
    "duration" : 1325.0,
    "distance" : 2381.0
  } ],
  "caloriesIdle" : 1596,
  "lastUpdate" : "20170331T063143Z"
} ]