[ {
  "date" : "20150101",
  "summary" : [ {
    "activity" : "walking",
    "group" : "walking",
    "duration" : 943.0,
    "distance" : 1017.0,
    "steps" : 1453,
    "calories" : 60
  } ],
  "caloriesIdle" : 1706,
  "lastUpdate" : "20150102T162615Z"
}, {
  "date" : "20150101",
  "summary" : [ {
    "activity" : "walking",
    "group" : "walking",
    "duration" : 943.0,
    "distance" : 1017.0,
    "steps" : 1453,
    "calories" : 60
  } ],
  "caloriesIdle" : 1706,
  "lastUpdate" : "20150102T162615Z"
}, {
  "date" : "20150102",
  "summary" : [ {
    "activity" : "walking",
    "group" : "walking",
    "duration" : 473.0,
    "distance" : 467.0,
    "steps" : 604,
    "calories" : 28
  } ],
  "caloriesIdle" : 1706,
  "lastUpdate" : "20150103T001201Z"
}, {
  "date" : "20150103",
  "summary" : [ {
    "activity" : "walking",
    "group" : "walking",
    "duration" : 481.0,
    "distance" : 531.0,
    "steps" : 722,
    "calories" : 31
  } ],
  "caloriesIdle" : 1706,
  "lastUpdate" : "20150104T151251Z"
}, {
  "date" : "20150104",
  "summary" : [ {
    "activity" : "walking",
    "group" : "walking",
    "duration" : 511.0,
    "distance" : 463.0,
    "steps" : 797,
    "calories" : 27
  } ],
  "caloriesIdle" : 1706,
  "lastUpdate" : "20150105T003133Z"
}, {
  "date" : "20150105",
  "summary" : [ {
    "activity" : "walking",
    "group" : "walking",
    "duration" : 5736.0,
    "distance" : 5965.0,
    "steps" : 8184,
    "calories" : 353
  }, {
    "activity" : "transport",
    "group" : "transport",
    "duration" : 1938.0,
    "distance" : 9317.0
  } ],
  "caloriesIdle" : 1706,
  "lastUpdate" : "20150106T103809Z"
}, {
  "date" : "20150106",
  "summary" : [ {
    "activity" : "walking",
    "group" : "walking",
    "duration" : 1857.0,
    "distance" : 2604.0,
    "steps" : 3226,
    "calories" : 154
  }, {
    "activity" : "transport",
    "group" : "transport",
    "duration" : 8305.0,
    "distance" : 78561.0
  }, {
    "activity" : "running",
    "group" : "running",
    "duration" : 165.0,
    "distance" : 379.0,
    "steps" : 412,
    "calories" : 28
  } ],
  "caloriesIdle" : 1706,
  "lastUpdate" : "20150108T021545Z"
}, {
  "date" : "20150107",
  "summary" : null,
  "caloriesIdle" : 1706,
  "lastUpdate" : "20150108T021545Z"
}, {
  "date" : "20150108",
  "summary" : [ {
    "activity" : "walking",
    "group" : "walking",
    "duration" : 5232.0,
    "distance" : 5361.0,
    "steps" : 8372,
    "calories" : 318
  }, {
    "activity" : "transport",
    "group" : "transport",
    "duration" : 8157.0,
    "distance" : 77885.0
  }, {
    "activity" : "running",
    "group" : "running",
    "duration" : 246.0,
    "distance" : 678.0,
    "steps" : 582,
    "calories" : 49
  } ],
  "caloriesIdle" : 1706,
  "lastUpdate" : "20150109T055639Z"
}, {
  "date" : "20150109",
  "summary" : [ {
    "activity" : "walking",
    "group" : "walking",
    "duration" : 2460.0,
    "distance" : 2800.0,
    "steps" : 4406,
    "calories" : 166
  }, {
    "activity" : "transport",
    "group" : "transport",
    "duration" : 7244.0,
    "distance" : 74475.0
  }, {
    "activity" : "running",
    "group" : "running",
    "duration" : 241.0,
    "distance" : 388.0,
    "steps" : 555,
    "calories" : 29
  } ],
  "caloriesIdle" : 1706,
  "lastUpdate" : "20150110T053408Z"
}, {
  "date" : "20150110",
  "summary" : [ {
    "activity" : "transport",
    "group" : "transport",
    "duration" : 2210.0,
    "distance" : 2715.0
  }, {
    "activity" : "walking",
    "group" : "walking",
    "duration" : 1432.0,
    "distance" : 1612.0,
    "steps" : 2433,
    "calories" : 96
  } ],
  "caloriesIdle" : 1706,
  "lastUpdate" : "20150111T012123Z"
}, {
  "date" : "20150111",
  "summary" : [ {
    "activity" : "walking",
    "group" : "walking",
    "duration" : 417.0,
    "distance" : 394.0,
    "steps" : 626,
    "calories" : 23
  } ],
  "caloriesIdle" : 1706,
  "lastUpdate" : "20150112T092400Z"
}, {
  "date" : "20150112",
  "summary" : [ {
    "activity" : "walking",
    "group" : "walking",
    "duration" : 599.0,
    "distance" : 440.0,
    "steps" : 861,
    "calories" : 26
  } ],
  "caloriesIdle" : 1706,
  "lastUpdate" : "20150113T113839Z"
}, {
  "date" : "20150113",
  "summary" : [ {
    "activity" : "walking",
    "group" : "walking",
    "duration" : 2557.0,
    "distance" : 2634.0,
    "steps" : 3931,
    "calories" : 156
  }, {
    "activity" : "transport",
    "group" : "transport",
    "duration" : 1759.0,
    "distance" : 10239.0
  } ],
  "caloriesIdle" : 1706,
  "lastUpdate" : "20150114T042907Z"
}, {
  "date" : "20150114",
  "summary" : [ {
    "activity" : "walking",
    "group" : "walking",
    "duration" : 636.0,
    "distance" : 874.0,
    "steps" : 1052,
    "calories" : 52
  } ],
  "caloriesIdle" : 1706,
  "lastUpdate" : "20150115T011032Z"
}, {
  "date" : "20150115",
  "summary" : [ {
    "activity" : "walking",
    "group" : "walking",
    "duration" : 779.0,
    "distance" : 890.0,
    "steps" : 1207,
    "calories" : 53
  } ],
  "caloriesIdle" : 1706,
  "lastUpdate" : "20150116T044841Z"
}, {
  "date" : "20150116",
  "summary" : [ {
    "activity" : "walking",
    "group" : "walking",
    "duration" : 1157.0,
    "distance" : 1061.0,
    "steps" : 1792,
    "calories" : 63
  } ],
  "caloriesIdle" : 1706,
  "lastUpdate" : "20150117T092243Z"
}, {
  "date" : "20150117",
  "summary" : [ {
    "activity" : "walking",
    "group" : "walking",
    "duration" : 2772.0,
    "distance" : 2775.0,
    "steps" : 4589,
    "calories" : 164
  }, {
    "activity" : "transport",
    "group" : "transport",
    "duration" : 2964.0,
    "distance" : 27209.0
  } ],
  "caloriesIdle" : 1706,
  "lastUpdate" : "20150118T102618Z"
}, {
  "date" : "20150118",
  "summary" : [ {
    "activity" : "walking",
    "group" : "walking",
    "duration" : 1624.0,
    "distance" : 1790.0,
    "steps" : 2662,
    "calories" : 106
  }, {
    "activity" : "transport",
    "group" : "transport",
    "duration" : 3165.0,
    "distance" : 28180.0
  }, {
    "activity" : "running",
    "group" : "running",
    "duration" : 283.0,
    "distance" : 644.0,
    "steps" : 829,
    "calories" : 47
  } ],
  "caloriesIdle" : 1706,
  "lastUpdate" : "20150119T031647Z"
}, {
  "date" : "20150119",
  "summary" : [ {
    "activity" : "walking",
    "group" : "walking",
    "duration" : 7101.0,
    "distance" : 8337.0,
    "steps" : 12758,
    "calories" : 494
  }, {
    "activity" : "transport",
    "group" : "transport",
    "duration" : 8276.0,
    "distance" : 120022.0
  }, {
    "activity" : "running",
    "group" : "running",
    "duration" : 398.0,
    "distance" : 813.0,
    "steps" : 934,
    "calories" : 60
  } ],
  "caloriesIdle" : 1706,
  "lastUpdate" : "20150120T050710Z"
}, {
  "date" : "20150120",
  "summary" : [ {
    "activity" : "walking",
    "group" : "walking",
    "duration" : 3787.0,
    "distance" : 4493.0,
    "steps" : 6976,
    "calories" : 266
  }, {
    "activity" : "transport",
    "group" : "transport",
    "duration" : 23454.0,
    "distance" : 116224.0
  } ],
  "caloriesIdle" : 1706,
  "lastUpdate" : "20150121T024444Z"
}, {
  "date" : "20150121",
  "summary" : [ {
    "activity" : "transport",
    "group" : "transport",
    "duration" : 35269.0,
    "distance" : 97323.0
  }, {
    "activity" : "walking",
    "group" : "walking",
    "duration" : 3208.0,
    "distance" : 3496.0,
    "steps" : 5447,
    "calories" : 207
  } ],
  "caloriesIdle" : 1706,
  "lastUpdate" : "20150122T075617Z"
}, {
  "date" : "20150122",
  "summary" : [ {
    "activity" : "walking",
    "group" : "walking",
    "duration" : 2664.0,
    "distance" : 2863.0,
    "steps" : 4304,
    "calories" : 170
  }, {
    "activity" : "transport",
    "group" : "transport",
    "duration" : 7496.0,
    "distance" : 111717.0
  }, {
    "activity" : "running",
    "group" : "running",
    "duration" : 240.0,
    "distance" : 579.0,
    "steps" : 629,
    "calories" : 42
  } ],
  "caloriesIdle" : 1706,
  "lastUpdate" : "20150123T053939Z"
}, {
  "date" : "20150123",
  "summary" : [ {
    "activity" : "walking",
    "group" : "walking",
    "duration" : 4034.0,
    "distance" : 4308.0,
    "steps" : 7021,
    "calories" : 255
  }, {
    "activity" : "transport",
    "group" : "transport",
    "duration" : 6059.0,
    "distance" : 70634.0
  }, {
    "activity" : "running",
    "group" : "running",
    "duration" : 150.0,
    "distance" : 284.0,
    "steps" : 406,
    "calories" : 21
  } ],
  "caloriesIdle" : 1706,
  "lastUpdate" : "20150123T180339Z"
}, {
  "date" : "20150124",
  "summary" : [ {
    "activity" : "walking",
    "group" : "walking",
    "duration" : 2252.0,
    "distance" : 2597.0,
    "steps" : 4104,
    "calories" : 154
  }, {
    "activity" : "transport",
    "group" : "transport",
    "duration" : 40711.0,
    "distance" : 82363.0
  }, {
    "activity" : "running",
    "group" : "running",
    "duration" : 381.0,
    "distance" : 562.0,
    "steps" : 790,
    "calories" : 43
  } ],
  "caloriesIdle" : 1706,
  "lastUpdate" : "20150125T034913Z"
}, {
  "date" : "20150125",
  "summary" : [ {
    "activity" : "walking",
    "group" : "walking",
    "duration" : 5701.0,
    "distance" : 5693.0,
    "steps" : 7630,
    "calories" : 337
  }, {
    "activity" : "transport",
    "group" : "transport",
    "duration" : 41857.0,
    "distance" : 3896.0
  } ],
  "caloriesIdle" : 1706,
  "lastUpdate" : "20150126T074056Z"
}, {
  "date" : "20150126",
  "summary" : null,
  "caloriesIdle" : 1706,
  "lastUpdate" : "20150127T113944Z"
}, {
  "date" : "20150127",
  "summary" : [ {
    "activity" : "walking",
    "group" : "walking",
    "duration" : 1068.0,
    "distance" : 1147.0,
    "steps" : 1648,
    "calories" : 68
  } ],
  "caloriesIdle" : 1706,
  "lastUpdate" : "20150128T013816Z"
}, {
  "date" : "20150128",
  "summary" : [ {
    "activity" : "walking",
    "group" : "walking",
    "duration" : 1539.0,
    "distance" : 1862.0,
    "steps" : 2613,
    "calories" : 110
  }, {
    "activity" : "transport",
    "group" : "transport",
    "duration" : 1481.0,
    "distance" : 11689.0
  } ],
  "caloriesIdle" : 1706,
  "lastUpdate" : "20150129T091220Z"
}, {
  "date" : "20150129",
  "summary" : [ {
    "activity" : "walking",
    "group" : "walking",
    "duration" : 2305.0,
    "distance" : 2277.0,
    "steps" : 3755,
    "calories" : 135
  }, {
    "activity" : "transport",
    "group" : "transport",
    "duration" : 2762.0,
    "distance" : 44943.0
  } ],
  "caloriesIdle" : 1706,
  "lastUpdate" : "20150130T093808Z"
}, {
  "date" : "20150130",
  "summary" : [ {
    "activity" : "walking",
    "group" : "walking",
    "duration" : 1511.0,
    "distance" : 2092.0,
    "steps" : 2714,
    "calories" : 124
  }, {
    "activity" : "transport",
    "group" : "transport",
    "duration" : 7404.0,
    "distance" : 108186.0
  }, {
    "activity" : "running",
    "group" : "running",
    "duration" : 373.0,
    "distance" : 863.0,
    "steps" : 874,
    "calories" : 63
  } ],
  "caloriesIdle" : 1706,
  "lastUpdate" : "20150131T101903Z"
}, {
  "date" : "20150131",
  "summary" : [ {
    "activity" : "walking",
    "group" : "walking",
    "duration" : 3275.0,
    "distance" : 3932.0,
    "steps" : 5619,
    "calories" : 233
  }, {
    "activity" : "transport",
    "group" : "transport",
    "duration" : 7348.0,
    "distance" : 95834.0
  }, {
    "activity" : "running",
    "group" : "running",
    "duration" : 150.0,
    "distance" : 282.0,
    "steps" : 395,
    "calories" : 21
  } ],
  "caloriesIdle" : 1706,
  "lastUpdate" : "20150201T075552Z"
} ]