[ {
  "date" : "20151001",
  "summary" : [ {
    "activity" : "walking",
    "group" : "walking",
    "duration" : 3851.0,
    "distance" : 3414.0,
    "steps" : 4753,
    "calories" : 202
  }, {
    "activity" : "cycling",
    "group" : "cycling",
    "duration" : 3102.0,
    "distance" : 11243.0,
    "calories" : 304
  } ],
  "caloriesIdle" : 1706,
  "lastUpdate" : "20151002T044336Z"
}, {
  "date" : "20151002",
  "summary" : [ {
    "activity" : "walking",
    "group" : "walking",
    "duration" : 1107.0,
    "distance" : 1151.0,
    "steps" : 1550,
    "calories" : 68
  }, {
    "activity" : "cycling",
    "group" : "cycling",
    "duration" : 810.0,
    "distance" : 2712.0,
    "calories" : 74
  }, {
    "activity" : "transport",
    "group" : "transport",
    "duration" : 391.0,
    "distance" : 1113.0
  } ],
  "caloriesIdle" : 1706,
  "lastUpdate" : "20151004T093301Z"
}, {
  "date" : "20151003",
  "summary" : null,
  "caloriesIdle" : 1706,
  "lastUpdate" : "20151005T090731Z"
}, {
  "date" : "20151004",
  "summary" : [ {
    "activity" : "walking",
    "group" : "walking",
    "duration" : 30.0,
    "distance" : 15.0,
    "steps" : 31,
    "calories" : 1
  } ],
  "caloriesIdle" : 1706,
  "lastUpdate" : "20151005T090731Z"
}, {
  "date" : "20151005",
  "summary" : [ {
    "activity" : "cycling",
    "group" : "cycling",
    "duration" : 433.0,
    "distance" : 1511.0,
    "calories" : 41
  }, {
    "activity" : "walking",
    "group" : "walking",
    "duration" : 344.0,
    "distance" : 254.0,
    "steps" : 510,
    "calories" : 15
  } ],
  "caloriesIdle" : 1706,
  "lastUpdate" : "20151006T094605Z"
}, {
  "date" : "20151006",
  "summary" : [ {
    "activity" : "walking",
    "group" : "walking",
    "duration" : 1339.0,
    "distance" : 1191.0,
    "steps" : 1858,
    "calories" : 71
  }, {
    "activity" : "cycling",
    "group" : "cycling",
    "duration" : 2058.0,
    "distance" : 7444.0,
    "calories" : 201
  } ],
  "caloriesIdle" : 1706,
  "lastUpdate" : "20151007T024936Z"
}, {
  "date" : "20151007",
  "summary" : [ {
    "activity" : "walking",
    "group" : "walking",
    "duration" : 1388.0,
    "distance" : 1051.0,
    "steps" : 1502,
    "calories" : 62
  }, {
    "activity" : "cycling",
    "group" : "cycling",
    "duration" : 448.0,
    "distance" : 1798.0,
    "calories" : 48
  } ],
  "caloriesIdle" : 1706,
  "lastUpdate" : "20151008T002936Z"
}, {
  "date" : "20151008",
  "summary" : [ {
    "activity" : "walking",
    "group" : "walking",
    "duration" : 556.0,
    "distance" : 647.0,
    "steps" : 926,
    "calories" : 38
  }, {
    "activity" : "cycling",
    "group" : "cycling",
    "duration" : 489.0,
    "distance" : 1866.0,
    "calories" : 50
  } ],
  "caloriesIdle" : 1706,
  "lastUpdate" : "20151009T011052Z"
}, {
  "date" : "20151009",
  "summary" : [ {
    "activity" : "walking",
    "group" : "walking",
    "duration" : 2480.0,
    "distance" : 2216.0,
    "steps" : 3086,
    "calories" : 131
  }, {
    "activity" : "cycling",
    "group" : "cycling",
    "duration" : 1123.0,
    "distance" : 4507.0,
    "calories" : 121
  }, {
    "activity" : "transport",
    "group" : "transport",
    "duration" : 596.0,
    "distance" : 1007.0
  } ],
  "caloriesIdle" : 1706,
  "lastUpdate" : "20151010T052518Z"
}, {
  "date" : "20151010",
  "summary" : [ {
    "activity" : "walking",
    "group" : "walking",
    "duration" : 2653.0,
    "distance" : 3128.0,
    "steps" : 4149,
    "calories" : 185
  }, {
    "activity" : "cycling",
    "group" : "cycling",
    "duration" : 545.0,
    "distance" : 2141.0,
    "calories" : 57
  } ],
  "caloriesIdle" : 1706,
  "lastUpdate" : "20151012T131614Z"
}, {
  "date" : "20151011",
  "summary" : null,
  "caloriesIdle" : 1706,
  "lastUpdate" : "20151013T000734Z"
}, {
  "date" : "20151012",
  "summary" : null,
  "caloriesIdle" : 1706,
  "lastUpdate" : "20151013T000734Z"
}, {
  "date" : "20151013",
  "summary" : [ {
    "activity" : "walking",
    "group" : "walking",
    "duration" : 1849.0,
    "distance" : 1480.0,
    "steps" : 2140,
    "calories" : 88
  }, {
    "activity" : "cycling",
    "group" : "cycling",
    "duration" : 1228.0,
    "distance" : 3934.0,
    "calories" : 108
  }, {
    "activity" : "transport",
    "group" : "transport",
    "duration" : 1091.0,
    "distance" : 2122.0
  } ],
  "caloriesIdle" : 1706,
  "lastUpdate" : "20151014T025654Z"
}, {
  "date" : "20151014",
  "summary" : [ {
    "activity" : "walking",
    "group" : "walking",
    "duration" : 2208.0,
    "distance" : 2719.0,
    "steps" : 3758,
    "calories" : 161
  }, {
    "activity" : "cycling",
    "group" : "cycling",
    "duration" : 1245.0,
    "distance" : 4990.0,
    "calories" : 134
  }, {
    "activity" : "transport",
    "group" : "transport",
    "duration" : 469.0,
    "distance" : 491.0
  } ],
  "caloriesIdle" : 1706,
  "lastUpdate" : "20151015T105010Z"
}, {
  "date" : "20151015",
  "summary" : [ {
    "activity" : "walking",
    "group" : "walking",
    "duration" : 295.0,
    "distance" : 320.0,
    "steps" : 450,
    "calories" : 19
  }, {
    "activity" : "cycling",
    "group" : "cycling",
    "duration" : 470.0,
    "distance" : 1774.0,
    "calories" : 48
  } ],
  "caloriesIdle" : 1706,
  "lastUpdate" : "20151016T022819Z"
}, {
  "date" : "20151016",
  "summary" : [ {
    "activity" : "cycling",
    "group" : "cycling",
    "duration" : 866.0,
    "distance" : 3701.0,
    "calories" : 98
  }, {
    "activity" : "walking",
    "group" : "walking",
    "duration" : 1393.0,
    "distance" : 1220.0,
    "steps" : 1792,
    "calories" : 72
  } ],
  "caloriesIdle" : 1706,
  "lastUpdate" : "20151018T090140Z"
}, {
  "date" : "20151017",
  "summary" : null,
  "caloriesIdle" : 1706,
  "lastUpdate" : "20151018T232422Z"
}, {
  "date" : "20151018",
  "summary" : [ {
    "activity" : "walking",
    "group" : "walking",
    "duration" : 60.0,
    "distance" : 46.0,
    "steps" : 91,
    "calories" : 3
  } ],
  "caloriesIdle" : 1706,
  "lastUpdate" : "20151018T232422Z"
}, {
  "date" : "20151019",
  "summary" : [ {
    "activity" : "walking",
    "group" : "walking",
    "duration" : 2877.0,
    "distance" : 2827.0,
    "steps" : 3808,
    "calories" : 167
  }, {
    "activity" : "cycling",
    "group" : "cycling",
    "duration" : 2912.0,
    "distance" : 9285.0,
    "calories" : 254
  } ],
  "caloriesIdle" : 1706,
  "lastUpdate" : "20151020T001151Z"
}, {
  "date" : "20151020",
  "summary" : [ {
    "activity" : "walking",
    "group" : "walking",
    "duration" : 1263.0,
    "distance" : 1191.0,
    "steps" : 1687,
    "calories" : 71
  }, {
    "activity" : "cycling",
    "group" : "cycling",
    "duration" : 968.0,
    "distance" : 3230.0,
    "calories" : 88
  }, {
    "activity" : "transport",
    "group" : "transport",
    "duration" : 338.0,
    "distance" : 413.0
  } ],
  "caloriesIdle" : 1706,
  "lastUpdate" : "20151021T065044Z"
}, {
  "date" : "20151021",
  "summary" : [ {
    "activity" : "walking",
    "group" : "walking",
    "duration" : 1523.0,
    "distance" : 1635.0,
    "steps" : 2207,
    "calories" : 97
  }, {
    "activity" : "cycling",
    "group" : "cycling",
    "duration" : 1695.0,
    "distance" : 5608.0,
    "calories" : 153
  } ],
  "caloriesIdle" : 1706,
  "lastUpdate" : "20151022T024701Z"
}, {
  "date" : "20151022",
  "summary" : [ {
    "activity" : "walking",
    "group" : "walking",
    "duration" : 2946.0,
    "distance" : 3028.0,
    "steps" : 4012,
    "calories" : 179
  }, {
    "activity" : "cycling",
    "group" : "cycling",
    "duration" : 2068.0,
    "distance" : 7804.0,
    "calories" : 210
  } ],
  "caloriesIdle" : 1706,
  "lastUpdate" : "20151023T034320Z"
}, {
  "date" : "20151023",
  "summary" : [ {
    "activity" : "walking",
    "group" : "walking",
    "duration" : 2261.0,
    "distance" : 2569.0,
    "steps" : 3494,
    "calories" : 152
  }, {
    "activity" : "cycling",
    "group" : "cycling",
    "duration" : 518.0,
    "distance" : 2087.0,
    "calories" : 56
  } ],
  "caloriesIdle" : 1706,
  "lastUpdate" : "20151025T070145Z"
}, {
  "date" : "20151024",
  "summary" : null,
  "caloriesIdle" : 1706,
  "lastUpdate" : "20151026T112446Z"
}, {
  "date" : "20151025",
  "summary" : [ {
    "activity" : "walking",
    "group" : "walking",
    "duration" : 90.0,
    "distance" : 45.0,
    "steps" : 90,
    "calories" : 3
  } ],
  "caloriesIdle" : 1706,
  "lastUpdate" : "20151026T112446Z"
}, {
  "date" : "20151026",
  "summary" : [ {
    "activity" : "walking",
    "group" : "walking",
    "duration" : 787.0,
    "distance" : 657.0,
    "steps" : 984,
    "calories" : 39
  }, {
    "activity" : "cycling",
    "group" : "cycling",
    "duration" : 542.0,
    "distance" : 1969.0,
    "calories" : 53
  } ],
  "caloriesIdle" : 1706,
  "lastUpdate" : "20151027T021007Z"
}, {
  "date" : "20151027",
  "summary" : [ {
    "activity" : "cycling",
    "group" : "cycling",
    "duration" : 688.0,
    "distance" : 2442.0,
    "calories" : 66
  }, {
    "activity" : "walking",
    "group" : "walking",
    "duration" : 1486.0,
    "distance" : 1540.0,
    "steps" : 1906,
    "calories" : 91
  }, {
    "activity" : "transport",
    "group" : "transport",
    "duration" : 585.0,
    "distance" : 794.0
  } ],
  "caloriesIdle" : 1706,
  "lastUpdate" : "20151028T055021Z"
}, {
  "date" : "20151028",
  "summary" : [ {
    "activity" : "walking",
    "group" : "walking",
    "duration" : 1793.0,
    "distance" : 1431.0,
    "steps" : 1947,
    "calories" : 85
  }, {
    "activity" : "cycling",
    "group" : "cycling",
    "duration" : 893.0,
    "distance" : 983.0,
    "calories" : 33
  }, {
    "activity" : "transport",
    "group" : "transport",
    "duration" : 162.0,
    "distance" : 484.0
  } ],
  "caloriesIdle" : 1706,
  "lastUpdate" : "20151029T012450Z"
}, {
  "date" : "20151029",
  "summary" : [ {
    "activity" : "cycling",
    "group" : "cycling",
    "duration" : 451.0,
    "distance" : 1581.0,
    "calories" : 43
  }, {
    "activity" : "walking",
    "group" : "walking",
    "duration" : 358.0,
    "distance" : 322.0,
    "steps" : 446,
    "calories" : 19
  } ],
  "caloriesIdle" : 1706,
  "lastUpdate" : "20151030T021007Z"
}, {
  "date" : "20151030",
  "summary" : [ {
    "activity" : "cycling",
    "group" : "cycling",
    "duration" : 675.0,
    "distance" : 2564.0,
    "calories" : 69
  }, {
    "activity" : "walking",
    "group" : "walking",
    "duration" : 1821.0,
    "distance" : 1761.0,
    "steps" : 2568,
    "calories" : 104
  }, {
    "activity" : "transport",
    "group" : "transport",
    "duration" : 865.0,
    "distance" : 1306.0
  } ],
  "caloriesIdle" : 1706,
  "lastUpdate" : "20151101T101041Z"
}, {
  "date" : "20151031",
  "summary" : [ {
    "activity" : "walking",
    "group" : "walking",
    "duration" : 60.0,
    "distance" : 30.0,
    "steps" : 51,
    "calories" : 2
  } ],
  "caloriesIdle" : 1706,
  "lastUpdate" : "20151102T093114Z"
} ]