[ {
  "date" : "20150501",
  "summary" : [ {
    "activity" : "transport",
    "group" : "transport",
    "duration" : 488.0,
    "distance" : 1778.0
  }, {
    "activity" : "walking",
    "group" : "walking",
    "duration" : 2670.0,
    "distance" : 3009.0,
    "steps" : 4310,
    "calories" : 178
  }, {
    "activity" : "cycling",
    "group" : "cycling",
    "duration" : 1517.0,
    "distance" : 6900.0,
    "calories" : 183
  } ],
  "caloriesIdle" : 1706,
  "lastUpdate" : "20150502T053154Z"
}, {
  "date" : "20150502",
  "summary" : [ {
    "activity" : "walking",
    "group" : "walking",
    "duration" : 305.0,
    "distance" : 292.0,
    "steps" : 506,
    "calories" : 17
  }, {
    "activity" : "transport",
    "group" : "transport",
    "duration" : 424.0,
    "distance" : 1306.0
  } ],
  "caloriesIdle" : 1706,
  "lastUpdate" : "20150503T043614Z"
}, {
  "date" : "20150503",
  "summary" : [ {
    "activity" : "walking",
    "group" : "walking",
    "duration" : 722.0,
    "distance" : 737.0,
    "steps" : 1214,
    "calories" : 44
  }, {
    "activity" : "cycling",
    "group" : "cycling",
    "duration" : 1219.0,
    "distance" : 6866.0,
    "calories" : 179
  } ],
  "caloriesIdle" : 1706,
  "lastUpdate" : "20150505T122027Z"
}, {
  "date" : "20150504",
  "summary" : [ {
    "activity" : "walking",
    "group" : "walking",
    "duration" : 30.0,
    "distance" : 26.0,
    "steps" : 51,
    "calories" : 2
  } ],
  "caloriesIdle" : 1706,
  "lastUpdate" : "20150505T122031Z"
}, {
  "date" : "20150505",
  "summary" : [ {
    "activity" : "walking",
    "group" : "walking",
    "duration" : 2021.0,
    "distance" : 2171.0,
    "steps" : 2875,
    "calories" : 129
  }, {
    "activity" : "cycling",
    "group" : "cycling",
    "duration" : 1212.0,
    "distance" : 4876.0,
    "calories" : 130
  }, {
    "activity" : "transport",
    "group" : "transport",
    "duration" : 163.0,
    "distance" : 408.0
  } ],
  "caloriesIdle" : 1706,
  "lastUpdate" : "20150506T052431Z"
}, {
  "date" : "20150506",
  "summary" : [ {
    "activity" : "cycling",
    "group" : "cycling",
    "duration" : 674.0,
    "distance" : 3206.0,
    "calories" : 85
  }, {
    "activity" : "walking",
    "group" : "walking",
    "duration" : 240.0,
    "distance" : 181.0,
    "steps" : 355,
    "calories" : 11
  } ],
  "caloriesIdle" : 1706,
  "lastUpdate" : "20150507T074009Z"
}, {
  "date" : "20150507",
  "summary" : [ {
    "activity" : "walking",
    "group" : "walking",
    "duration" : 1044.0,
    "distance" : 1004.0,
    "steps" : 1469,
    "calories" : 59
  }, {
    "activity" : "cycling",
    "group" : "cycling",
    "duration" : 720.0,
    "distance" : 3514.0,
    "calories" : 92
  } ],
  "caloriesIdle" : 1706,
  "lastUpdate" : "20150508T030818Z"
}, {
  "date" : "20150508",
  "summary" : [ {
    "activity" : "walking",
    "group" : "walking",
    "duration" : 1594.0,
    "distance" : 1986.0,
    "steps" : 2907,
    "calories" : 118
  }, {
    "activity" : "cycling",
    "group" : "cycling",
    "duration" : 587.0,
    "distance" : 2431.0,
    "calories" : 65
  }, {
    "activity" : "transport",
    "group" : "transport",
    "duration" : 1136.0,
    "distance" : 3577.0
  } ],
  "caloriesIdle" : 1706,
  "lastUpdate" : "20150509T080504Z"
}, {
  "date" : "20150509",
  "summary" : [ {
    "activity" : "walking",
    "group" : "walking",
    "duration" : 541.0,
    "distance" : 505.0,
    "steps" : 902,
    "calories" : 30
  }, {
    "activity" : "cycling",
    "group" : "cycling",
    "duration" : 604.0,
    "distance" : 3214.0,
    "calories" : 84
  } ],
  "caloriesIdle" : 1706,
  "lastUpdate" : "20150510T060008Z"
}, {
  "date" : "20150510",
  "summary" : [ {
    "activity" : "walking",
    "group" : "walking",
    "duration" : 1983.0,
    "distance" : 1883.0,
    "steps" : 2633,
    "calories" : 112
  }, {
    "activity" : "cycling",
    "group" : "cycling",
    "duration" : 1187.0,
    "distance" : 4196.0,
    "calories" : 114
  }, {
    "activity" : "transport",
    "group" : "transport",
    "duration" : 1000.0,
    "distance" : 2834.0
  } ],
  "caloriesIdle" : 1706,
  "lastUpdate" : "20150511T071437Z"
}, {
  "date" : "20150511",
  "summary" : [ {
    "activity" : "walking",
    "group" : "walking",
    "duration" : 3609.0,
    "distance" : 3047.0,
    "steps" : 4159,
    "calories" : 181
  }, {
    "activity" : "cycling",
    "group" : "cycling",
    "duration" : 803.0,
    "distance" : 4108.0,
    "calories" : 108
  }, {
    "activity" : "transport",
    "group" : "transport",
    "duration" : 945.0,
    "distance" : 1953.0
  } ],
  "caloriesIdle" : 1706,
  "lastUpdate" : "20150512T030659Z"
}, {
  "date" : "20150512",
  "summary" : [ {
    "activity" : "walking",
    "group" : "walking",
    "duration" : 1842.0,
    "distance" : 1771.0,
    "steps" : 2662,
    "calories" : 105
  }, {
    "activity" : "transport",
    "group" : "transport",
    "duration" : 609.0,
    "distance" : 1480.0
  }, {
    "activity" : "cycling",
    "group" : "cycling",
    "duration" : 495.0,
    "distance" : 1783.0,
    "calories" : 48
  } ],
  "caloriesIdle" : 1706,
  "lastUpdate" : "20150513T035034Z"
}, {
  "date" : "20150513",
  "summary" : [ {
    "activity" : "walking",
    "group" : "walking",
    "duration" : 1782.0,
    "distance" : 2238.0,
    "steps" : 3184,
    "calories" : 133
  }, {
    "activity" : "cycling",
    "group" : "cycling",
    "duration" : 1200.0,
    "distance" : 4103.0,
    "calories" : 112
  }, {
    "activity" : "transport",
    "group" : "transport",
    "duration" : 553.0,
    "distance" : 1138.0
  } ],
  "caloriesIdle" : 1706,
  "lastUpdate" : "20150514T072818Z"
}, {
  "date" : "20150514",
  "summary" : [ {
    "activity" : "walking",
    "group" : "walking",
    "duration" : 3223.0,
    "distance" : 2812.0,
    "steps" : 3220,
    "calories" : 167
  }, {
    "activity" : "cycling",
    "group" : "cycling",
    "duration" : 161.0,
    "distance" : 869.0,
    "calories" : 23
  }, {
    "activity" : "transport",
    "group" : "transport",
    "duration" : 161.0,
    "distance" : 611.0
  } ],
  "caloriesIdle" : 1706,
  "lastUpdate" : "20150515T050858Z"
}, {
  "date" : "20150515",
  "summary" : [ {
    "activity" : "walking",
    "group" : "walking",
    "duration" : 3950.0,
    "distance" : 4688.0,
    "steps" : 6000,
    "calories" : 278
  }, {
    "activity" : "cycling",
    "group" : "cycling",
    "duration" : 1307.0,
    "distance" : 5359.0,
    "calories" : 143
  }, {
    "activity" : "transport",
    "group" : "transport",
    "duration" : 342.0,
    "distance" : 1098.0
  } ],
  "caloriesIdle" : 1706,
  "lastUpdate" : "20150516T033949Z"
}, {
  "date" : "20150516",
  "summary" : [ {
    "activity" : "walking",
    "group" : "walking",
    "duration" : 2182.0,
    "distance" : 1948.0,
    "steps" : 2890,
    "calories" : 115
  }, {
    "activity" : "cycling",
    "group" : "cycling",
    "duration" : 1015.0,
    "distance" : 4807.0,
    "calories" : 127
  }, {
    "activity" : "transport",
    "group" : "transport",
    "duration" : 1390.0,
    "distance" : 1819.0
  } ],
  "caloriesIdle" : 1706,
  "lastUpdate" : "20150517T095538Z"
}, {
  "date" : "20150517",
  "summary" : [ {
    "activity" : "walking",
    "group" : "walking",
    "duration" : 1328.0,
    "distance" : 1371.0,
    "steps" : 2214,
    "calories" : 81
  }, {
    "activity" : "cycling",
    "group" : "cycling",
    "duration" : 190.0,
    "distance" : 964.0,
    "calories" : 25
  }, {
    "activity" : "transport",
    "group" : "transport",
    "duration" : 1391.0,
    "distance" : 3950.0
  } ],
  "caloriesIdle" : 1706,
  "lastUpdate" : "20150517T173622Z"
}, {
  "date" : "20150518",
  "summary" : [ {
    "activity" : "walking",
    "group" : "walking",
    "duration" : 3026.0,
    "distance" : 3182.0,
    "steps" : 4473,
    "calories" : 189
  }, {
    "activity" : "transport",
    "group" : "transport",
    "duration" : 596.0,
    "distance" : 1432.0
  }, {
    "activity" : "cycling",
    "group" : "cycling",
    "duration" : 1017.0,
    "distance" : 5111.0,
    "calories" : 134
  } ],
  "caloriesIdle" : 1706,
  "lastUpdate" : "20150519T020008Z"
}, {
  "date" : "20150519",
  "summary" : [ {
    "activity" : "walking",
    "group" : "walking",
    "duration" : 2221.0,
    "distance" : 2354.0,
    "steps" : 3378,
    "calories" : 139
  }, {
    "activity" : "cycling",
    "group" : "cycling",
    "duration" : 1175.0,
    "distance" : 4613.0,
    "calories" : 124
  }, {
    "activity" : "transport",
    "group" : "transport",
    "duration" : 209.0,
    "distance" : 924.0
  } ],
  "caloriesIdle" : 1706,
  "lastUpdate" : "20150520T023003Z"
}, {
  "date" : "20150520",
  "summary" : [ {
    "activity" : "cycling",
    "group" : "cycling",
    "duration" : 645.0,
    "distance" : 3595.0,
    "calories" : 94
  }, {
    "activity" : "walking",
    "group" : "walking",
    "duration" : 1802.0,
    "distance" : 1868.0,
    "steps" : 2674,
    "calories" : 111
  } ],
  "caloriesIdle" : 1706,
  "lastUpdate" : "20150521T080949Z"
}, {
  "date" : "20150521",
  "summary" : [ {
    "activity" : "cycling",
    "group" : "cycling",
    "duration" : 338.0,
    "distance" : 1277.0,
    "calories" : 34
  }, {
    "activity" : "walking",
    "group" : "walking",
    "duration" : 1082.0,
    "distance" : 1450.0,
    "steps" : 1965,
    "calories" : 86
  }, {
    "activity" : "transport",
    "group" : "transport",
    "duration" : 512.0,
    "distance" : 352.0
  } ],
  "caloriesIdle" : 1706,
  "lastUpdate" : "20150522T055704Z"
}, {
  "date" : "20150522",
  "summary" : [ {
    "activity" : "cycling",
    "group" : "cycling",
    "duration" : 230.0,
    "distance" : 1064.0,
    "calories" : 28
  }, {
    "activity" : "walking",
    "group" : "walking",
    "duration" : 1466.0,
    "distance" : 1995.0,
    "steps" : 2317,
    "calories" : 118
  }, {
    "activity" : "transport",
    "group" : "transport",
    "duration" : 217.0,
    "distance" : 829.0
  } ],
  "caloriesIdle" : 1706,
  "lastUpdate" : "20150523T020812Z"
}, {
  "date" : "20150523",
  "summary" : [ {
    "activity" : "walking",
    "group" : "walking",
    "duration" : 1989.0,
    "distance" : 1659.0,
    "steps" : 2703,
    "calories" : 98
  }, {
    "activity" : "cycling",
    "group" : "cycling",
    "duration" : 537.0,
    "distance" : 3134.0,
    "calories" : 81
  }, {
    "activity" : "transport",
    "group" : "transport",
    "duration" : 967.0,
    "distance" : 1827.0
  } ],
  "caloriesIdle" : 1706,
  "lastUpdate" : "20150524T042003Z"
}, {
  "date" : "20150524",
  "summary" : [ {
    "activity" : "walking",
    "group" : "walking",
    "duration" : 2808.0,
    "distance" : 2518.0,
    "steps" : 3532,
    "calories" : 149
  }, {
    "activity" : "cycling",
    "group" : "cycling",
    "duration" : 1123.0,
    "distance" : 4425.0,
    "calories" : 119
  }, {
    "activity" : "transport",
    "group" : "transport",
    "duration" : 108.0,
    "distance" : 569.0
  } ],
  "caloriesIdle" : 1706,
  "lastUpdate" : "20150525T073827Z"
}, {
  "date" : "20150525",
  "summary" : [ {
    "activity" : "walking",
    "group" : "walking",
    "duration" : 2336.0,
    "distance" : 2600.0,
    "steps" : 4026,
    "calories" : 154
  }, {
    "activity" : "transport",
    "group" : "transport",
    "duration" : 181.0,
    "distance" : 842.0
  }, {
    "activity" : "cycling",
    "group" : "cycling",
    "duration" : 795.0,
    "distance" : 4339.0,
    "calories" : 113
  } ],
  "caloriesIdle" : 1706,
  "lastUpdate" : "20150526T033530Z"
}, {
  "date" : "20150526",
  "summary" : [ {
    "activity" : "walking",
    "group" : "walking",
    "duration" : 3249.0,
    "distance" : 4211.0,
    "steps" : 6040,
    "calories" : 249
  }, {
    "activity" : "cycling",
    "group" : "cycling",
    "duration" : 468.0,
    "distance" : 1647.0,
    "calories" : 45
  } ],
  "caloriesIdle" : 1706,
  "lastUpdate" : "20150527T051817Z"
}, {
  "date" : "20150527",
  "summary" : [ {
    "activity" : "walking",
    "group" : "walking",
    "duration" : 1644.0,
    "distance" : 1750.0,
    "steps" : 2693,
    "calories" : 104
  }, {
    "activity" : "cycling",
    "group" : "cycling",
    "duration" : 1104.0,
    "distance" : 5040.0,
    "calories" : 133
  }, {
    "activity" : "transport",
    "group" : "transport",
    "duration" : 94.0,
    "distance" : 409.0
  } ],
  "caloriesIdle" : 1706,
  "lastUpdate" : "20150528T142942Z"
}, {
  "date" : "20150528",
  "summary" : [ {
    "activity" : "walking",
    "group" : "walking",
    "duration" : 1950.0,
    "distance" : 1929.0,
    "steps" : 2815,
    "calories" : 114
  }, {
    "activity" : "transport",
    "group" : "transport",
    "duration" : 337.0,
    "distance" : 708.0
  }, {
    "activity" : "cycling",
    "group" : "cycling",
    "duration" : 1097.0,
    "distance" : 2770.0,
    "calories" : 78
  } ],
  "caloriesIdle" : 1706,
  "lastUpdate" : "20150529T020353Z"
}, {
  "date" : "20150529",
  "summary" : [ {
    "activity" : "walking",
    "group" : "walking",
    "duration" : 1938.0,
    "distance" : 2094.0,
    "steps" : 2803,
    "calories" : 124
  }, {
    "activity" : "cycling",
    "group" : "cycling",
    "duration" : 402.0,
    "distance" : 1898.0,
    "calories" : 50
  } ],
  "caloriesIdle" : 1706,
  "lastUpdate" : "20150530T124350Z"
}, {
  "date" : "20150530",
  "summary" : [ {
    "activity" : "walking",
    "group" : "walking",
    "duration" : 636.0,
    "distance" : 633.0,
    "steps" : 1046,
    "calories" : 38
  }, {
    "activity" : "transport",
    "group" : "transport",
    "duration" : 283.0,
    "distance" : 737.0
  }, {
    "activity" : "cycling",
    "group" : "cycling",
    "duration" : 250.0,
    "distance" : 1184.0,
    "calories" : 31
  } ],
  "caloriesIdle" : 1706,
  "lastUpdate" : "20150601T064306Z"
}, {
  "date" : "20150531",
  "summary" : [ {
    "activity" : "walking",
    "group" : "walking",
    "duration" : 60.0,
    "distance" : 66.0,
    "steps" : 132,
    "calories" : 4
  } ],
  "caloriesIdle" : 1706,
  "lastUpdate" : "20150601T064306Z"
} ]