[ {
  "date" : "20151118",
  "summary" : [ {
    "activity" : "walking",
    "group" : "walking",
    "duration" : 2550.0,
    "distance" : 2476.0,
    "steps" : 3228,
    "calories" : 147
  }, {
    "activity" : "cycling",
    "group" : "cycling",
    "duration" : 1426.0,
    "distance" : 5203.0,
    "calories" : 140
  } ],
  "segments" : [ {
    "type" : "place",
    "startTime" : "20151117T180701+0900",
    "endTime" : "20151118T102320+0900",
    "activities" : [ {
      "activity" : "walking",
      "group" : "walking",
      "manual" : false,
      "startTime" : "20151118T043822+0900",
      "endTime" : "20151118T043852+0900",
      "duration" : 30.0,
      "distance" : 15.0,
      "steps" : 31,
      "calories" : 1
    }, {
      "activity" : "walking",
      "group" : "walking",
      "manual" : false,
      "startTime" : "20151118T101415+0900",
      "endTime" : "20151118T101445+0900",
      "duration" : 30.0,
      "distance" : 15.0,
      "steps" : 30,
      "calories" : 1
    } ],
    "lastUpdate" : "20151118T014819Z"
  }, {
    "type" : "move",
    "startTime" : "20151118T102320+0900",
    "endTime" : "20151118T102806+0900",
    "activities" : [ {
      "activity" : "cycling",
      "group" : "cycling",
      "manual" : false,
      "startTime" : "20151118T102320+0900",
      "endTime" : "20151118T102806+0900",
      "duration" : 286.0,
      "distance" : 931.0,
      "calories" : 25
    } ],
    "lastUpdate" : "20151118T014819Z"
  }, {
    "type" : "place",
    "startTime" : "20151118T102806+0900",
    "endTime" : "20151118T120543+0900",
    "activities" : [ {
      "activity" : "walking",
      "group" : "walking",
      "manual" : false,
      "startTime" : "20151118T102826+0900",
      "endTime" : "20151118T102926+0900",
      "duration" : 60.0,
      "distance" : 36.0,
      "steps" : 71,
      "calories" : 2
    }, {
      "activity" : "walking",
      "group" : "walking",
      "manual" : false,
      "startTime" : "20151118T115724+0900",
      "endTime" : "20151118T115824+0900",
      "duration" : 60.0,
      "distance" : 30.0,
      "steps" : 41,
      "calories" : 2
    }, {
      "activity" : "walking",
      "group" : "walking",
      "manual" : false,
      "startTime" : "20151118T120525+0900",
      "endTime" : "20151118T120746+0900",
      "duration" : 141.0,
      "distance" : 216.0,
      "steps" : 288,
      "calories" : 13
    } ],
    "lastUpdate" : "20151118T045554Z"
  }, {
    "type" : "move",
    "startTime" : "20151118T120543+0900",
    "endTime" : "20151118T121626+0900",
    "activities" : [ {
      "activity" : "cycling",
      "group" : "cycling",
      "manual" : false,
      "startTime" : "20151118T120543+0900",
      "endTime" : "20151118T120956+0900",
      "duration" : 253.0,
      "distance" : 1182.0,
      "calories" : 31
    }, {
      "activity" : "walking",
      "group" : "walking",
      "manual" : false,
      "startTime" : "20151118T120955+0900",
      "endTime" : "20151118T121355+0900",
      "duration" : 240.0,
      "distance" : 174.0,
      "steps" : 213,
      "calories" : 10
    }, {
      "activity" : "cycling",
      "group" : "cycling",
      "manual" : false,
      "startTime" : "20151118T121356+0900",
      "endTime" : "20151118T121627+0900",
      "duration" : 151.0,
      "distance" : 547.0,
      "calories" : 15
    } ],
    "lastUpdate" : "20151118T045554Z"
  }, {
    "type" : "place",
    "startTime" : "20151118T121627+0900",
    "endTime" : "20151118T125120+0900",
    "activities" : [ {
      "activity" : "walking",
      "group" : "walking",
      "manual" : false,
      "startTime" : "20151118T121656+0900",
      "endTime" : "20151118T121856+0900",
      "duration" : 120.0,
      "distance" : 152.0,
      "steps" : 203,
      "calories" : 9
    } ],
    "lastUpdate" : "20151118T045554Z"
  }, {
    "type" : "move",
    "startTime" : "20151118T125120+0900",
    "endTime" : "20151118T125402+0900",
    "activities" : [ {
      "activity" : "walking",
      "group" : "walking",
      "manual" : false,
      "startTime" : "20151118T125120+0900",
      "endTime" : "20151118T125402+0900",
      "duration" : 162.0,
      "distance" : 162.0,
      "steps" : 242,
      "calories" : 10
    } ],
    "lastUpdate" : "20151118T045554Z"
  }, {
    "type" : "place",
    "startTime" : "20151118T125402+0900",
    "endTime" : "20151118T130029+0900",
    "activities" : [ {
      "activity" : "walking",
      "group" : "walking",
      "manual" : false,
      "startTime" : "20151118T125659+0900",
      "endTime" : "20151118T125759+0900",
      "duration" : 60.0,
      "distance" : 41.0,
      "steps" : 81,
      "calories" : 2
    } ],
    "lastUpdate" : "20151118T045554Z"
  }, {
    "type" : "move",
    "startTime" : "20151118T130029+0900",
    "endTime" : "20151118T130846+0900",
    "activities" : [ {
      "activity" : "walking",
      "group" : "walking",
      "manual" : false,
      "startTime" : "20151118T130029+0900",
      "endTime" : "20151118T130846+0900",
      "duration" : 497.0,
      "distance" : 361.0,
      "steps" : 502,
      "calories" : 21
    } ],
    "lastUpdate" : "20151118T045554Z"
  }, {
    "type" : "place",
    "startTime" : "20151118T130847+0900",
    "endTime" : "20151118T133703+0900",
    "activities" : [ {
      "activity" : "walking",
      "group" : "walking",
      "manual" : false,
      "startTime" : "20151118T131401+0900",
      "endTime" : "20151118T131601+0900",
      "duration" : 120.0,
      "distance" : 146.0,
      "steps" : 194,
      "calories" : 9
    } ],
    "lastUpdate" : "20151118T062815Z"
  }, {
    "type" : "move",
    "startTime" : "20151118T133703+0900",
    "endTime" : "20151118T134712+0900",
    "activities" : [ {
      "activity" : "walking",
      "group" : "walking",
      "manual" : false,
      "startTime" : "20151118T133703+0900",
      "endTime" : "20151118T134304+0900",
      "duration" : 361.0,
      "distance" : 395.0,
      "steps" : 470,
      "calories" : 23
    }, {
      "activity" : "cycling",
      "group" : "cycling",
      "manual" : false,
      "startTime" : "20151118T134304+0900",
      "endTime" : "20151118T134712+0900",
      "duration" : 248.0,
      "distance" : 603.0,
      "calories" : 17
    } ],
    "lastUpdate" : "20151118T062815Z"
  }, {
    "type" : "place",
    "startTime" : "20151118T134712+0900",
    "endTime" : "20151118T140851+0900",
    "activities" : [ {
      "activity" : "walking",
      "group" : "walking",
      "manual" : false,
      "startTime" : "20151118T134712+0900",
      "endTime" : "20151118T134905+0900",
      "duration" : 113.0,
      "distance" : 58.0,
      "steps" : 116,
      "calories" : 3
    }, {
      "activity" : "walking",
      "group" : "walking",
      "manual" : false,
      "startTime" : "20151118T140504+0900",
      "endTime" : "20151118T140734+0900",
      "duration" : 150.0,
      "distance" : 113.0,
      "steps" : 142,
      "calories" : 7
    } ],
    "lastUpdate" : "20151118T062815Z"
  }, {
    "type" : "move",
    "startTime" : "20151118T140852+0900",
    "endTime" : "20151118T141311+0900",
    "activities" : [ {
      "activity" : "cycling",
      "group" : "cycling",
      "manual" : false,
      "startTime" : "20151118T140852+0900",
      "endTime" : "20151118T141311+0900",
      "duration" : 259.0,
      "distance" : 1134.0,
      "calories" : 30
    } ],
    "lastUpdate" : "20151118T062815Z"
  }, {
    "type" : "place",
    "startTime" : "20151118T141311+0900",
    "endTime" : "20151118T143633+0900",
    "activities" : [ {
      "activity" : "walking",
      "group" : "walking",
      "manual" : false,
      "startTime" : "20151118T141334+0900",
      "endTime" : "20151118T141604+0900",
      "duration" : 150.0,
      "distance" : 175.0,
      "steps" : 234,
      "calories" : 10
    } ],
    "lastUpdate" : "20151118T062815Z"
  }, {
    "type" : "move",
    "startTime" : "20151118T143633+0900",
    "endTime" : "20151118T144337+0900",
    "activities" : [ {
      "activity" : "walking",
      "group" : "walking",
      "manual" : false,
      "startTime" : "20151118T143633+0900",
      "endTime" : "20151118T143949+0900",
      "duration" : 196.0,
      "distance" : 346.0,
      "steps" : 288,
      "calories" : 20
    }, {
      "activity" : "cycling",
      "group" : "cycling",
      "manual" : false,
      "startTime" : "20151118T143949+0900",
      "endTime" : "20151118T144338+0900",
      "duration" : 229.0,
      "distance" : 806.0,
      "calories" : 22
    } ],
    "lastUpdate" : "20151118T062815Z"
  }, {
    "type" : "place",
    "startTime" : "20151118T144338+0900",
    "endTime" : "20151119T085203+0900",
    "activities" : [ {
      "activity" : "walking",
      "group" : "walking",
      "manual" : false,
      "startTime" : "20151118T144407+0900",
      "endTime" : "20151118T144507+0900",
      "duration" : 60.0,
      "distance" : 41.0,
      "steps" : 82,
      "calories" : 2
    } ],
    "lastUpdate" : "20151119T005956Z"
  } ],
  "caloriesIdle" : 1706,
  "lastUpdate" : "20151119T005956Z"
} ]