[ {
  "date" : "20150712",
  "summary" : [ {
    "activity" : "walking",
    "group" : "walking",
    "duration" : 30.0,
    "distance" : 16.0,
    "steps" : 31,
    "calories" : 1
  } ],
  "segments" : [ {
    "type" : "place",
    "startTime" : "20150712T044756+0900",
    "endTime" : "20150713T125330+0900",
    "activities" : [ {
      "activity" : "walking",
      "group" : "walking",
      "manual" : false,
      "startTime" : "20150712T202457+0900",
      "endTime" : "20150712T202527+0900",
      "duration" : 30.0,
      "distance" : 16.0,
      "steps" : 31,
      "calories" : 1
    } ],
    "lastUpdate" : "20150713T054802Z"
  } ],
  "caloriesIdle" : 1706,
  "lastUpdate" : "20150713T054802Z"
} ]