[ {
  "date" : "20150922",
  "summary" : [ {
    "activity" : "walking",
    "group" : "walking",
    "duration" : 4233.0,
    "distance" : 5301.0,
    "steps" : 6230,
    "calories" : 314
  }, {
    "activity" : "transport",
    "group" : "transport",
    "duration" : 1790.0,
    "distance" : 28381.0
  } ],
  "segments" : [ {
    "type" : "place",
    "startTime" : "20150920T222706+0900",
    "endTime" : "20150922T175225+0900",
    "activities" : [ {
      "activity" : "walking",
      "group" : "walking",
      "manual" : false,
      "startTime" : "20150922T023506+0900",
      "endTime" : "20150922T023536+0900",
      "duration" : 30.0,
      "distance" : 15.0,
      "steps" : 20,
      "calories" : 1
    }, {
      "activity" : "walking",
      "group" : "walking",
      "manual" : false,
      "startTime" : "20150922T053126+0900",
      "endTime" : "20150922T053156+0900",
      "duration" : 30.0,
      "distance" : 15.0,
      "steps" : 30,
      "calories" : 1
    }, {
      "activity" : "walking",
      "group" : "walking",
      "manual" : false,
      "startTime" : "20150922T163753+0900",
      "endTime" : "20150922T163853+0900",
      "duration" : 60.0,
      "distance" : 46.0,
      "steps" : 92,
      "calories" : 3
    } ],
    "lastUpdate" : "20150922T143219Z"
  }, {
    "type" : "move",
    "startTime" : "20150922T175225+0900",
    "endTime" : "20150922T181937+0900",
    "activities" : [ {
      "activity" : "walking",
      "group" : "walking",
      "manual" : false,
      "startTime" : "20150922T175225+0900",
      "endTime" : "20150922T175835+0900",
      "duration" : 370.0,
      "distance" : 281.0,
      "steps" : 562,
      "calories" : 17
    }, {
      "activity" : "transport",
      "group" : "transport",
      "manual" : false,
      "startTime" : "20150922T175835+0900",
      "endTime" : "20150922T181336+0900",
      "duration" : 901.0,
      "distance" : 5162.0
    }, {
      "activity" : "walking",
      "group" : "walking",
      "manual" : false,
      "startTime" : "20150922T181336+0900",
      "endTime" : "20150922T181937+0900",
      "duration" : 361.0,
      "distance" : 358.0,
      "steps" : 501,
      "calories" : 21
    } ],
    "lastUpdate" : "20150922T143219Z"
  }, {
    "type" : "move",
    "startTime" : "20150922T182131+0900",
    "endTime" : "20150922T184112+0900",
    "activities" : [ {
      "activity" : "walking",
      "group" : "walking",
      "manual" : false,
      "startTime" : "20150922T182131+0900",
      "endTime" : "20150922T184112+0900",
      "duration" : 1181.0,
      "distance" : 2149.0,
      "steps" : 1791,
      "calories" : 127
    } ],
    "lastUpdate" : "20150922T143219Z"
  }, {
    "type" : "place",
    "startTime" : "20150922T184112+0900",
    "endTime" : "20150922T185316+0900",
    "activities" : [ {
      "activity" : "walking",
      "group" : "walking",
      "manual" : false,
      "startTime" : "20150922T184445+0900",
      "endTime" : "20150922T184717+0900",
      "duration" : 152.0,
      "distance" : 132.0,
      "steps" : 176,
      "calories" : 8
    } ],
    "lastUpdate" : "20150922T143219Z"
  }, {
    "type" : "move",
    "startTime" : "20150922T185316+0900",
    "endTime" : "20150922T185551+0900",
    "activities" : [ {
      "activity" : "walking",
      "group" : "walking",
      "manual" : false,
      "startTime" : "20150922T185316+0900",
      "endTime" : "20150922T185552+0900",
      "duration" : 156.0,
      "distance" : 170.0,
      "steps" : 243,
      "calories" : 10
    } ],
    "lastUpdate" : "20150922T143219Z"
  }, {
    "type" : "place",
    "startTime" : "20150922T185551+0900",
    "endTime" : "20150922T224817+0900",
    "activities" : [ {
      "activity" : "walking",
      "group" : "walking",
      "manual" : false,
      "startTime" : "20150922T190818+0900",
      "endTime" : "20150922T190848+0900",
      "duration" : 30.0,
      "distance" : 15.0,
      "steps" : 20,
      "calories" : 1
    }, {
      "activity" : "walking",
      "group" : "walking",
      "manual" : false,
      "startTime" : "20150922T202005+0900",
      "endTime" : "20150922T202035+0900",
      "duration" : 30.0,
      "distance" : 15.0,
      "steps" : 31,
      "calories" : 1
    }, {
      "activity" : "walking",
      "group" : "walking",
      "manual" : false,
      "startTime" : "20150922T221931+0900",
      "endTime" : "20150922T222401+0900",
      "duration" : 270.0,
      "distance" : 306.0,
      "steps" : 408,
      "calories" : 18
    } ],
    "lastUpdate" : "20150922T173931Z"
  }, {
    "type" : "move",
    "startTime" : "20150922T224817+0900",
    "endTime" : "20150922T230512+0900",
    "activities" : [ {
      "activity" : "transport",
      "group" : "transport",
      "manual" : false,
      "startTime" : "20150922T224817+0900",
      "endTime" : "20150922T230306+0900",
      "duration" : 889.0,
      "distance" : 23219.0
    }, {
      "activity" : "walking",
      "group" : "walking",
      "manual" : false,
      "startTime" : "20150922T230305+0900",
      "endTime" : "20150922T230512+0900",
      "duration" : 127.0,
      "distance" : 81.0,
      "steps" : 163,
      "calories" : 5
    } ],
    "lastUpdate" : "20150922T173931Z"
  }, {
    "type" : "place",
    "startTime" : "20150922T230513+0900",
    "endTime" : "20150922T231024+0900",
    "activities" : [ {
      "activity" : "walking",
      "group" : "walking",
      "manual" : false,
      "startTime" : "20150922T230836+0900",
      "endTime" : "20150922T230906+0900",
      "duration" : 30.0,
      "distance" : 15.0,
      "steps" : 20,
      "calories" : 1
    } ],
    "lastUpdate" : "20150922T173931Z"
  }, {
    "type" : "move",
    "startTime" : "20150922T231024+0900",
    "endTime" : "20150922T233350+0900",
    "activities" : [ {
      "activity" : "walking",
      "group" : "walking",
      "manual" : false,
      "startTime" : "20150922T231024+0900",
      "endTime" : "20150922T233350+0900",
      "duration" : 1406.0,
      "distance" : 1703.0,
      "steps" : 2173,
      "calories" : 101
    } ],
    "lastUpdate" : "20150922T173931Z"
  } ],
  "caloriesIdle" : 1706,
  "lastUpdate" : "20150923T051212Z"
} ]