[ {
  "date" : "20180521",
  "summary" : [ {
    "activity" : "cycling",
    "group" : "cycling",
    "duration" : 528.0,
    "distance" : 2170.0,
    "calories" : 54
  }, {
    "activity" : "walking",
    "group" : "walking",
    "duration" : 709.0,
    "distance" : 697.0,
    "steps" : 582,
    "calories" : 39
  } ],
  "segments" : [ {
    "type" : "move",
    "startTime" : "20180521T125904+0900",
    "endTime" : "20180521T130257+0900",
    "activities" : [ {
      "activity" : "cycling",
      "group" : "cycling",
      "manual" : false,
      "startTime" : "20180521T125904+0900",
      "endTime" : "20180521T130257+0900",
      "duration" : 233.0,
      "distance" : 1044.0,
      "calories" : 26
    } ],
    "lastUpdate" : "20180521T075617Z"
  }, {
    "type" : "place",
    "startTime" : "20180521T130257+0900",
    "endTime" : "20180521T165354+0900",
    "activities" : [ {
      "activity" : "walking",
      "group" : "walking",
      "manual" : false,
      "startTime" : "20180521T130257+0900",
      "endTime" : "20180521T130430+0900",
      "duration" : 93.0,
      "distance" : 70.0,
      "steps" : 140,
      "calories" : 4
    }, {
      "activity" : "walking",
      "group" : "walking",
      "manual" : false,
      "startTime" : "20180521T143007+0900",
      "endTime" : "20180521T143042+0900",
      "duration" : 35.0,
      "distance" : 25.0,
      "steps" : 51,
      "calories" : 1
    }, {
      "activity" : "walking",
      "group" : "walking",
      "manual" : false,
      "startTime" : "20180521T150911+0900",
      "endTime" : "20180521T151422+0900",
      "duration" : 311.0,
      "distance" : 233.0,
      "steps" : 0,
      "calories" : 13
    }, {
      "activity" : "walking",
      "group" : "walking",
      "manual" : false,
      "startTime" : "20180521T164912+0900",
      "endTime" : "20180521T165024+0900",
      "duration" : 72.0,
      "distance" : 54.0,
      "steps" : 108,
      "calories" : 3
    } ],
    "lastUpdate" : "20180522T002221Z"
  }, {
    "type" : "move",
    "startTime" : "20180521T165354+0900",
    "endTime" : "20180521T170114+0900",
    "activities" : [ {
      "activity" : "walking",
      "group" : "walking",
      "manual" : false,
      "startTime" : "20180521T165354+0900",
      "endTime" : "20180521T165619+0900",
      "duration" : 145.0,
      "distance" : 275.0,
      "steps" : 203,
      "calories" : 15
    }, {
      "activity" : "cycling",
      "group" : "cycling",
      "manual" : false,
      "startTime" : "20180521T165619+0900",
      "endTime" : "20180521T170114+0900",
      "duration" : 295.0,
      "distance" : 1126.0,
      "calories" : 28
    } ],
    "lastUpdate" : "20180522T002221Z"
  }, {
    "type" : "place",
    "startTime" : "20180521T170114+0900",
    "endTime" : "20180522T092103+0900",
    "activities" : [ {
      "activity" : "walking",
      "group" : "walking",
      "manual" : false,
      "startTime" : "20180521T170114+0900",
      "endTime" : "20180521T170207+0900",
      "duration" : 53.0,
      "distance" : 40.0,
      "steps" : 80,
      "calories" : 2
    } ],
    "lastUpdate" : "20180522T012246Z"
  } ],
  "caloriesIdle" : 1591,
  "lastUpdate" : "20180522T012246Z"
} ]