[ {
  "date" : "20151009",
  "summary" : [ {
    "activity" : "walking",
    "group" : "walking",
    "duration" : 2480.0,
    "distance" : 2216.0,
    "steps" : 3086,
    "calories" : 131
  }, {
    "activity" : "cycling",
    "group" : "cycling",
    "duration" : 1123.0,
    "distance" : 4507.0,
    "calories" : 121
  }, {
    "activity" : "transport",
    "group" : "transport",
    "duration" : 596.0,
    "distance" : 1007.0
  } ],
  "segments" : [ {
    "type" : "place",
    "startTime" : "20151008T120229+0900",
    "endTime" : "20151009T083617+0900",
    "activities" : [ {
      "activity" : "walking",
      "group" : "walking",
      "manual" : false,
      "startTime" : "20151009T083456+0900",
      "endTime" : "20151009T083526+0900",
      "duration" : 30.0,
      "distance" : 15.0,
      "steps" : 31,
      "calories" : 1
    } ],
    "lastUpdate" : "20151009T011052Z"
  }, {
    "type" : "move",
    "startTime" : "20151009T083617+0900",
    "endTime" : "20151009T083956+0900",
    "activities" : [ {
      "activity" : "cycling",
      "group" : "cycling",
      "manual" : false,
      "startTime" : "20151009T083617+0900",
      "endTime" : "20151009T083956+0900",
      "duration" : 219.0,
      "distance" : 842.0,
      "calories" : 23
    } ],
    "lastUpdate" : "20151009T011052Z"
  }, {
    "type" : "place",
    "startTime" : "20151009T083956+0900",
    "endTime" : "20151009T115625+0900",
    "activities" : [ {
      "activity" : "walking",
      "group" : "walking",
      "manual" : false,
      "startTime" : "20151009T083956+0900",
      "endTime" : "20151009T084126+0900",
      "duration" : 90.0,
      "distance" : 76.0,
      "steps" : 152,
      "calories" : 5
    }, {
      "activity" : "walking",
      "group" : "walking",
      "manual" : false,
      "startTime" : "20151009T101859+0900",
      "endTime" : "20151009T102129+0900",
      "duration" : 150.0,
      "distance" : 123.0,
      "steps" : 163,
      "calories" : 7
    } ],
    "lastUpdate" : "20151009T074600Z"
  }, {
    "type" : "move",
    "startTime" : "20151009T115625+0900",
    "endTime" : "20151009T120048+0900",
    "activities" : [ {
      "activity" : "walking",
      "group" : "walking",
      "manual" : false,
      "startTime" : "20151009T115625+0900",
      "endTime" : "20151009T120049+0900",
      "duration" : 264.0,
      "distance" : 261.0,
      "steps" : 381,
      "calories" : 15
    } ],
    "lastUpdate" : "20151009T074600Z"
  }, {
    "type" : "place",
    "startTime" : "20151009T120048+0900",
    "endTime" : "20151009T150510+0900",
    "activities" : [ {
      "activity" : "walking",
      "group" : "walking",
      "manual" : false,
      "startTime" : "20151009T120317+0900",
      "endTime" : "20151009T121540+0900",
      "duration" : 743.0,
      "distance" : 722.0,
      "steps" : 962,
      "calories" : 43
    }, {
      "activity" : "walking",
      "group" : "walking",
      "manual" : false,
      "startTime" : "20151009T142915+0900",
      "endTime" : "20151009T143146+0900",
      "duration" : 151.0,
      "distance" : 138.0,
      "steps" : 185,
      "calories" : 8
    }, {
      "activity" : "walking",
      "group" : "walking",
      "manual" : false,
      "startTime" : "20151009T150422+0900",
      "endTime" : "20151009T150904+0900",
      "duration" : 282.0,
      "distance" : 359.0,
      "steps" : 479,
      "calories" : 21
    } ],
    "lastUpdate" : "20151009T074600Z"
  }, {
    "type" : "move",
    "startTime" : "20151009T150510+0900",
    "endTime" : "20151009T152212+0900",
    "activities" : [ {
      "activity" : "cycling",
      "group" : "cycling",
      "manual" : false,
      "startTime" : "20151009T150510+0900",
      "endTime" : "20151009T151032+0900",
      "duration" : 322.0,
      "distance" : 1345.0,
      "calories" : 36
    }, {
      "activity" : "transport",
      "group" : "transport",
      "manual" : false,
      "startTime" : "20151009T151033+0900",
      "endTime" : "20151009T151904+0900",
      "duration" : 511.0,
      "distance" : 629.0
    }, {
      "activity" : "walking",
      "group" : "walking",
      "manual" : false,
      "startTime" : "20151009T151903+0900",
      "endTime" : "20151009T152212+0900",
      "duration" : 189.0,
      "distance" : 95.0,
      "steps" : 138,
      "calories" : 6
    } ],
    "lastUpdate" : "20151009T074600Z"
  }, {
    "type" : "place",
    "startTime" : "20151009T152212+0900",
    "endTime" : "20151009T155940+0900",
    "activities" : [ {
      "activity" : "walking",
      "group" : "walking",
      "manual" : false,
      "startTime" : "20151009T152334+0900",
      "endTime" : "20151009T153115+0900",
      "duration" : 461.0,
      "distance" : 346.0,
      "steps" : 431,
      "calories" : 20
    } ],
    "lastUpdate" : "20151009T074604Z"
  }, {
    "type" : "move",
    "startTime" : "20151009T155940+0900",
    "endTime" : "20151009T161630+0900",
    "activities" : [ {
      "activity" : "cycling",
      "group" : "cycling",
      "manual" : false,
      "startTime" : "20151009T155940+0900",
      "endTime" : "20151009T160922+0900",
      "duration" : 582.0,
      "distance" : 2320.0,
      "calories" : 62
    } ],
    "lastUpdate" : "20151009T074604Z"
  }, {
    "type" : "place",
    "startTime" : "20151009T161630+0900",
    "endTime" : "20151009T162628+0900",
    "activities" : [ {
      "activity" : "walking",
      "group" : "walking",
      "manual" : false,
      "startTime" : "20151009T161753+0900",
      "endTime" : "20151009T161823+0900",
      "duration" : 30.0,
      "distance" : 15.0,
      "steps" : 31,
      "calories" : 1
    } ],
    "lastUpdate" : "20151009T074604Z"
  }, {
    "type" : "move",
    "startTime" : "20151009T162628+0900",
    "endTime" : "20151009T162753+0900",
    "activities" : [ {
      "activity" : "transport",
      "group" : "transport",
      "manual" : false,
      "startTime" : "20151009T162628+0900",
      "endTime" : "20151009T162753+0900",
      "duration" : 85.0,
      "distance" : 378.0
    } ],
    "lastUpdate" : "20151009T074604Z"
  }, {
    "type" : "place",
    "startTime" : "20151009T162753+0900",
    "endTime" : "20151010T134108+0900",
    "activities" : [ {
      "activity" : "walking",
      "group" : "walking",
      "manual" : false,
      "startTime" : "20151009T162916+0900",
      "endTime" : "20151009T163046+0900",
      "duration" : 90.0,
      "distance" : 66.0,
      "steps" : 133,
      "calories" : 4
    } ],
    "lastUpdate" : "20151010T052518Z"
  } ],
  "caloriesIdle" : 1706,
  "lastUpdate" : "20151010T052518Z"
} ]