[ {
  "date" : "20160902",
  "summary" : [ {
    "activity" : "walking",
    "group" : "walking",
    "duration" : 7675.0,
    "distance" : 9191.0,
    "steps" : 11108,
    "calories" : 511
  }, {
    "activity" : "transport",
    "group" : "transport",
    "duration" : 2486.0,
    "distance" : 10517.0
  } ],
  "segments" : [ {
    "type" : "place",
    "startTime" : "20160901T151508+0900",
    "endTime" : "20160902T133218+0900",
    "activities" : [ {
      "activity" : "walking",
      "group" : "walking",
      "manual" : false,
      "startTime" : "20160902T132459+0900",
      "endTime" : "20160902T132648+0900",
      "duration" : 109.0,
      "distance" : 99.0,
      "steps" : 199,
      "calories" : 6
    } ],
    "lastUpdate" : "20160902T061527Z"
  }, {
    "type" : "move",
    "startTime" : "20160902T133218+0900",
    "endTime" : "20160902T140314+0900",
    "activities" : [ {
      "activity" : "transport",
      "group" : "transport",
      "manual" : false,
      "startTime" : "20160902T133218+0900",
      "endTime" : "20160902T140314+0900",
      "duration" : 1856.0,
      "distance" : 5853.0
    } ],
    "lastUpdate" : "20160902T061527Z"
  }, {
    "type" : "place",
    "startTime" : "20160902T140314+0900",
    "endTime" : "20160902T150231+0900",
    "activities" : [ {
      "activity" : "walking",
      "group" : "walking",
      "manual" : false,
      "startTime" : "20160902T140329+0900",
      "endTime" : "20160902T140446+0900",
      "duration" : 77.0,
      "distance" : 67.0,
      "steps" : 135,
      "calories" : 4
    }, {
      "activity" : "walking",
      "group" : "walking",
      "manual" : false,
      "startTime" : "20160902T150008+0900",
      "endTime" : "20160902T150123+0900",
      "duration" : 75.0,
      "distance" : 58.0,
      "steps" : 116,
      "calories" : 3
    } ],
    "lastUpdate" : "20160902T075032Z"
  }, {
    "type" : "move",
    "startTime" : "20160902T150231+0900",
    "endTime" : "20160902T152930+0900",
    "activities" : [ {
      "activity" : "walking",
      "group" : "walking",
      "manual" : false,
      "startTime" : "20160902T150231+0900",
      "endTime" : "20160902T152930+0900",
      "duration" : 1619.0,
      "distance" : 2418.0,
      "steps" : 2126,
      "calories" : 134
    } ],
    "lastUpdate" : "20160902T075032Z"
  }, {
    "type" : "place",
    "startTime" : "20160902T152930+0900",
    "endTime" : "20160902T154040+0900",
    "activities" : [ {
      "activity" : "walking",
      "group" : "walking",
      "manual" : false,
      "startTime" : "20160902T153255+0900",
      "endTime" : "20160902T153343+0900",
      "duration" : 48.0,
      "distance" : 32.0,
      "steps" : 64,
      "calories" : 2
    } ],
    "lastUpdate" : "20160902T075032Z"
  }, {
    "type" : "place",
    "startTime" : "20160902T154109+0900",
    "endTime" : "20160902T154404+0900",
    "activities" : [ {
      "activity" : "walking",
      "group" : "walking",
      "manual" : false,
      "startTime" : "20160902T154125+0900",
      "endTime" : "20160902T154220+0900",
      "duration" : 55.0,
      "distance" : 37.0,
      "steps" : 74,
      "calories" : 2
    } ],
    "lastUpdate" : "20160902T075032Z"
  }, {
    "type" : "move",
    "startTime" : "20160902T154404+0900",
    "endTime" : "20160902T161316+0900",
    "activities" : [ {
      "activity" : "walking",
      "group" : "walking",
      "manual" : false,
      "startTime" : "20160902T154404+0900",
      "endTime" : "20160902T161316+0900",
      "duration" : 1752.0,
      "distance" : 2025.0,
      "steps" : 2351,
      "calories" : 113
    } ],
    "lastUpdate" : "20160902T075032Z"
  }, {
    "type" : "place",
    "startTime" : "20160902T161316+0900",
    "endTime" : "20160902T161654+0900",
    "activities" : [ {
      "activity" : "walking",
      "group" : "walking",
      "manual" : false,
      "startTime" : "20160902T161316+0900",
      "endTime" : "20160902T161323+0900",
      "duration" : 7.0,
      "distance" : 4.0,
      "steps" : 9,
      "calories" : 0
    } ],
    "lastUpdate" : "20160902T092212Z"
  }, {
    "type" : "place",
    "startTime" : "20160902T161654+0900",
    "endTime" : "20160902T181217+0900",
    "activities" : [ {
      "activity" : "walking",
      "group" : "walking",
      "manual" : false,
      "startTime" : "20160902T161924+0900",
      "endTime" : "20160902T162830+0900",
      "duration" : 546.0,
      "distance" : 584.0,
      "steps" : 779,
      "calories" : 32
    }, {
      "activity" : "walking",
      "group" : "walking",
      "manual" : false,
      "startTime" : "20160902T170000+0900",
      "endTime" : "20160902T172134+0900",
      "duration" : 1294.0,
      "distance" : 1477.0,
      "steps" : 1969,
      "calories" : 82
    }, {
      "activity" : "walking",
      "group" : "walking",
      "manual" : false,
      "startTime" : "20160902T180017+0900",
      "endTime" : "20160902T180228+0900",
      "duration" : 131.0,
      "distance" : 144.0,
      "steps" : 192,
      "calories" : 8
    } ],
    "lastUpdate" : "20160902T105558Z"
  }, {
    "type" : "move",
    "startTime" : "20160902T181217+0900",
    "endTime" : "20160902T185438+0900",
    "activities" : [ {
      "activity" : "walking",
      "group" : "walking",
      "manual" : false,
      "startTime" : "20160902T181217+0900",
      "endTime" : "20160902T182756+0900",
      "duration" : 939.0,
      "distance" : 1065.0,
      "steps" : 1383,
      "calories" : 59
    }, {
      "activity" : "transport",
      "group" : "transport",
      "manual" : false,
      "startTime" : "20160902T182757+0900",
      "endTime" : "20160902T183827+0900",
      "duration" : 630.0,
      "distance" : 4664.0
    }, {
      "activity" : "walking",
      "group" : "walking",
      "manual" : false,
      "startTime" : "20160902T183828+0900",
      "endTime" : "20160902T185437+0900",
      "duration" : 969.0,
      "distance" : 1145.0,
      "steps" : 1638,
      "calories" : 64
    } ],
    "lastUpdate" : "20160902T105558Z"
  }, {
    "type" : "place",
    "startTime" : "20160902T185438+0900",
    "endTime" : "20160903T133834+0900",
    "activities" : [ {
      "activity" : "walking",
      "group" : "walking",
      "manual" : false,
      "startTime" : "20160902T185514+0900",
      "endTime" : "20160902T185601+0900",
      "duration" : 47.0,
      "distance" : 31.0,
      "steps" : 63,
      "calories" : 2
    }, {
      "activity" : "walking",
      "group" : "walking",
      "manual" : false,
      "startTime" : "20160902T230848+0900",
      "endTime" : "20160902T230855+0900",
      "duration" : 7.0,
      "distance" : 5.0,
      "steps" : 10,
      "calories" : 0
    } ],
    "lastUpdate" : "20160903T053230Z"
  } ],
  "caloriesIdle" : 1601,
  "lastUpdate" : "20160903T053230Z"
} ]