[ {
  "date" : "20150723",
  "summary" : [ {
    "activity" : "walking",
    "group" : "walking",
    "duration" : 5008.0,
    "distance" : 4653.0,
    "steps" : 5918,
    "calories" : 276
  }, {
    "activity" : "cycling",
    "group" : "cycling",
    "duration" : 824.0,
    "distance" : 3842.0,
    "calories" : 101
  }, {
    "activity" : "transport",
    "group" : "transport",
    "duration" : 317.0,
    "distance" : 497.0
  } ],
  "segments" : [ {
    "type" : "place",
    "startTime" : "20150722T162426+0900",
    "endTime" : "20150723T102731+0900",
    "activities" : [ {
      "activity" : "walking",
      "group" : "walking",
      "manual" : false,
      "startTime" : "20150723T102601+0900",
      "endTime" : "20150723T105930+0900",
      "duration" : 2009.0,
      "distance" : 1529.0,
      "steps" : 2038,
      "calories" : 91
    }, {
      "activity" : "walking",
      "group" : "walking",
      "manual" : false,
      "startTime" : "20150723T110000+0900",
      "endTime" : "20150723T110256+0900",
      "duration" : 176.0,
      "distance" : 135.0,
      "steps" : 180,
      "calories" : 8
    } ],
    "lastUpdate" : "20150723T030850Z"
  }, {
    "type" : "move",
    "startTime" : "20150723T102731+0900",
    "endTime" : "20150723T103013+0900",
    "activities" : [ {
      "activity" : "cycling",
      "group" : "cycling",
      "manual" : false,
      "startTime" : "20150723T102731+0900",
      "endTime" : "20150723T103013+0900",
      "duration" : 162.0,
      "distance" : 856.0,
      "calories" : 22
    } ],
    "lastUpdate" : "20150723T030850Z"
  }, {
    "type" : "place",
    "startTime" : "20150723T103013+0900",
    "endTime" : "20150723T120755+0900",
    "activities" : [ {
      "activity" : "walking",
      "group" : "walking",
      "manual" : false,
      "startTime" : "20150723T103013+0900",
      "endTime" : "20150723T103101+0900",
      "duration" : 48.0,
      "distance" : 26.0,
      "steps" : 52,
      "calories" : 2
    } ],
    "lastUpdate" : "20150723T081939Z"
  }, {
    "type" : "move",
    "startTime" : "20150723T120755+0900",
    "endTime" : "20150723T121127+0900",
    "activities" : [ {
      "activity" : "walking",
      "group" : "walking",
      "manual" : false,
      "startTime" : "20150723T120755+0900",
      "endTime" : "20150723T121127+0900",
      "duration" : 212.0,
      "distance" : 260.0,
      "steps" : 296,
      "calories" : 15
    } ],
    "lastUpdate" : "20150723T081939Z"
  }, {
    "type" : "place",
    "startTime" : "20150723T121127+0900",
    "endTime" : "20150723T123044+0900",
    "activities" : [ {
      "activity" : "walking",
      "group" : "walking",
      "manual" : false,
      "startTime" : "20150723T121258+0900",
      "endTime" : "20150723T121858+0900",
      "duration" : 360.0,
      "distance" : 328.0,
      "steps" : 437,
      "calories" : 19
    } ],
    "lastUpdate" : "20150723T081939Z"
  }, {
    "type" : "move",
    "startTime" : "20150723T123044+0900",
    "endTime" : "20150723T123846+0900",
    "activities" : [ {
      "activity" : "walking",
      "group" : "walking",
      "manual" : false,
      "startTime" : "20150723T123044+0900",
      "endTime" : "20150723T123847+0900",
      "duration" : 483.0,
      "distance" : 539.0,
      "steps" : 776,
      "calories" : 32
    } ],
    "lastUpdate" : "20150723T081939Z"
  }, {
    "type" : "place",
    "startTime" : "20150723T123846+0900",
    "endTime" : "20150723T125934+0900",
    "activities" : [ {
      "activity" : "walking",
      "group" : "walking",
      "manual" : false,
      "startTime" : "20150723T124140+0900",
      "endTime" : "20150723T124240+0900",
      "duration" : 60.0,
      "distance" : 41.0,
      "steps" : 81,
      "calories" : 2
    } ],
    "lastUpdate" : "20150723T081939Z"
  }, {
    "type" : "move",
    "startTime" : "20150723T125934+0900",
    "endTime" : "20150723T130908+0900",
    "activities" : [ {
      "activity" : "walking",
      "group" : "walking",
      "manual" : false,
      "startTime" : "20150723T125934+0900",
      "endTime" : "20150723T130909+0900",
      "duration" : 575.0,
      "distance" : 706.0,
      "steps" : 707,
      "calories" : 42
    } ],
    "lastUpdate" : "20150723T081939Z"
  }, {
    "type" : "place",
    "startTime" : "20150723T130908+0900",
    "endTime" : "20150723T143216+0900",
    "activities" : [ {
      "activity" : "walking",
      "group" : "walking",
      "manual" : false,
      "startTime" : "20150723T133244+0900",
      "endTime" : "20150723T133314+0900",
      "duration" : 30.0,
      "distance" : 25.0,
      "steps" : 51,
      "calories" : 1
    }, {
      "activity" : "walking",
      "group" : "walking",
      "manual" : false,
      "startTime" : "20150723T140357+0900",
      "endTime" : "20150723T140730+0900",
      "duration" : 213.0,
      "distance" : 171.0,
      "steps" : 227,
      "calories" : 10
    } ],
    "lastUpdate" : "20150723T081939Z"
  }, {
    "type" : "move",
    "startTime" : "20150723T143216+0900",
    "endTime" : "20150723T143901+0900",
    "activities" : [ {
      "activity" : "walking",
      "group" : "walking",
      "manual" : false,
      "startTime" : "20150723T143216+0900",
      "endTime" : "20150723T143901+0900",
      "duration" : 405.0,
      "distance" : 531.0,
      "steps" : 567,
      "calories" : 31
    } ],
    "lastUpdate" : "20150723T081939Z"
  }, {
    "type" : "place",
    "startTime" : "20150723T143901+0900",
    "endTime" : "20150723T171817+0900",
    "activities" : [ {
      "activity" : "walking",
      "group" : "walking",
      "manual" : false,
      "startTime" : "20150723T170646+0900",
      "endTime" : "20150723T170916+0900",
      "duration" : 150.0,
      "distance" : 214.0,
      "steps" : 286,
      "calories" : 13
    } ],
    "lastUpdate" : "20150723T095107Z"
  }, {
    "type" : "move",
    "startTime" : "20150723T171817+0900",
    "endTime" : "20150723T173909+0900",
    "activities" : [ {
      "activity" : "cycling",
      "group" : "cycling",
      "manual" : false,
      "startTime" : "20150723T171817+0900",
      "endTime" : "20150723T172235+0900",
      "duration" : 258.0,
      "distance" : 1295.0,
      "calories" : 34
    }, {
      "activity" : "walking",
      "group" : "walking",
      "manual" : false,
      "startTime" : "20150723T172235+0900",
      "endTime" : "20150723T172708+0900",
      "duration" : 273.0,
      "distance" : 141.0,
      "steps" : 206,
      "calories" : 8
    }, {
      "activity" : "cycling",
      "group" : "cycling",
      "manual" : false,
      "startTime" : "20150723T172708+0900",
      "endTime" : "20150723T173352+0900",
      "duration" : 404.0,
      "distance" : 1691.0,
      "calories" : 45
    }, {
      "activity" : "transport",
      "group" : "transport",
      "manual" : false,
      "startTime" : "20150723T173352+0900",
      "endTime" : "20150723T173909+0900",
      "duration" : 317.0,
      "distance" : 497.0
    } ],
    "lastUpdate" : "20150723T095107Z"
  }, {
    "type" : "place",
    "startTime" : "20150723T173909+0900",
    "endTime" : "20150724T083738+0900",
    "activities" : [ {
      "activity" : "walking",
      "group" : "walking",
      "manual" : false,
      "startTime" : "20150723T173909+0900",
      "endTime" : "20150723T173923+0900",
      "duration" : 14.0,
      "distance" : 7.0,
      "steps" : 14,
      "calories" : 0
    } ],
    "lastUpdate" : "20150724T024826Z"
  } ],
  "caloriesIdle" : 1706,
  "lastUpdate" : "20150724T024826Z"
} ]