[ {
  "date" : "20150518",
  "summary" : [ {
    "activity" : "walking",
    "group" : "walking",
    "duration" : 3026.0,
    "distance" : 3182.0,
    "steps" : 4473,
    "calories" : 189
  }, {
    "activity" : "transport",
    "group" : "transport",
    "duration" : 596.0,
    "distance" : 1432.0
  }, {
    "activity" : "cycling",
    "group" : "cycling",
    "duration" : 1017.0,
    "distance" : 5111.0,
    "calories" : 134
  } ],
  "segments" : [ {
    "type" : "move",
    "startTime" : "20150517T235142+0900",
    "endTime" : "20150518T001515+0900",
    "activities" : [ {
      "activity" : "walking",
      "group" : "walking",
      "manual" : false,
      "startTime" : "20150518T000000+0900",
      "endTime" : "20150518T000520+0900",
      "duration" : 320.0,
      "distance" : 373.0,
      "steps" : 492,
      "calories" : 22
    }, {
      "activity" : "transport",
      "group" : "transport",
      "manual" : false,
      "startTime" : "20150518T000519+0900",
      "endTime" : "20150518T001515+0900",
      "duration" : 596.0,
      "distance" : 1432.0
    } ],
    "lastUpdate" : "20150517T173622Z"
  }, {
    "type" : "place",
    "startTime" : "20150518T001515+0900",
    "endTime" : "20150518T125757+0900",
    "activities" : [ {
      "activity" : "walking",
      "group" : "walking",
      "manual" : false,
      "startTime" : "20150518T001626+0900",
      "endTime" : "20150518T001726+0900",
      "duration" : 60.0,
      "distance" : 41.0,
      "steps" : 81,
      "calories" : 2
    }, {
      "activity" : "walking",
      "group" : "walking",
      "manual" : false,
      "startTime" : "20150518T125739+0900",
      "endTime" : "20150518T132302+0900",
      "duration" : 1523.0,
      "distance" : 1555.0,
      "steps" : 2074,
      "calories" : 92
    } ],
    "lastUpdate" : "20150518T043401Z"
  }, {
    "type" : "move",
    "startTime" : "20150518T125757+0900",
    "endTime" : "20150518T130105+0900",
    "activities" : [ {
      "activity" : "cycling",
      "group" : "cycling",
      "manual" : false,
      "startTime" : "20150518T125757+0900",
      "endTime" : "20150518T130106+0900",
      "duration" : 189.0,
      "distance" : 977.0,
      "calories" : 26
    } ],
    "lastUpdate" : "20150518T043401Z"
  }, {
    "type" : "place",
    "startTime" : "20150518T130105+0900",
    "endTime" : "20150518T143551+0900",
    "activities" : [ {
      "activity" : "walking",
      "group" : "walking",
      "manual" : false,
      "startTime" : "20150518T130109+0900",
      "endTime" : "20150518T130309+0900",
      "duration" : 120.0,
      "distance" : 205.0,
      "steps" : 274,
      "calories" : 12
    }, {
      "activity" : "walking",
      "group" : "walking",
      "manual" : false,
      "startTime" : "20150518T142805+0900",
      "endTime" : "20150518T143153+0900",
      "duration" : 228.0,
      "distance" : 248.0,
      "steps" : 330,
      "calories" : 15
    } ],
    "lastUpdate" : "20150518T090222Z"
  }, {
    "type" : "move",
    "startTime" : "20150518T143551+0900",
    "endTime" : "20150518T144224+0900",
    "activities" : [ {
      "activity" : "walking",
      "group" : "walking",
      "manual" : false,
      "startTime" : "20150518T143551+0900",
      "endTime" : "20150518T144224+0900",
      "duration" : 393.0,
      "distance" : 365.0,
      "steps" : 551,
      "calories" : 22
    } ],
    "lastUpdate" : "20150518T090222Z"
  }, {
    "type" : "place",
    "startTime" : "20150518T144224+0900",
    "endTime" : "20150518T145338+0900",
    "activities" : [ {
      "activity" : "walking",
      "group" : "walking",
      "manual" : false,
      "startTime" : "20150518T144624+0900",
      "endTime" : "20150518T144824+0900",
      "duration" : 120.0,
      "distance" : 175.0,
      "steps" : 233,
      "calories" : 10
    } ],
    "lastUpdate" : "20150518T090222Z"
  }, {
    "type" : "move",
    "startTime" : "20150518T145338+0900",
    "endTime" : "20150518T145715+0900",
    "activities" : [ {
      "activity" : "cycling",
      "group" : "cycling",
      "manual" : false,
      "startTime" : "20150518T145338+0900",
      "endTime" : "20150518T145716+0900",
      "duration" : 218.0,
      "distance" : 1162.0,
      "calories" : 30
    } ],
    "lastUpdate" : "20150518T090222Z"
  }, {
    "type" : "place",
    "startTime" : "20150518T145715+0900",
    "endTime" : "20150518T150007+0900",
    "activities" : [ {
      "activity" : "walking",
      "group" : "walking",
      "manual" : false,
      "startTime" : "20150518T145742+0900",
      "endTime" : "20150518T145842+0900",
      "duration" : 60.0,
      "distance" : 51.0,
      "steps" : 102,
      "calories" : 3
    } ],
    "lastUpdate" : "20150518T090222Z"
  }, {
    "type" : "move",
    "startTime" : "20150518T150007+0900",
    "endTime" : "20150518T150509+0900",
    "activities" : [ {
      "activity" : "cycling",
      "group" : "cycling",
      "manual" : false,
      "startTime" : "20150518T150007+0900",
      "endTime" : "20150518T150509+0900",
      "duration" : 302.0,
      "distance" : 1789.0,
      "calories" : 46
    } ],
    "lastUpdate" : "20150518T090222Z"
  }, {
    "type" : "place",
    "startTime" : "20150518T150509+0900",
    "endTime" : "20150518T172202+0900",
    "activities" : [ {
      "activity" : "walking",
      "group" : "walking",
      "manual" : false,
      "startTime" : "20150518T150522+0900",
      "endTime" : "20150518T150622+0900",
      "duration" : 60.0,
      "distance" : 56.0,
      "steps" : 111,
      "calories" : 3
    } ],
    "lastUpdate" : "20150518T090222Z"
  }, {
    "type" : "move",
    "startTime" : "20150518T172202+0900",
    "endTime" : "20150518T173327+0900",
    "activities" : [ {
      "activity" : "cycling",
      "group" : "cycling",
      "manual" : false,
      "startTime" : "20150518T172819+0900",
      "endTime" : "20150518T173327+0900",
      "duration" : 308.0,
      "distance" : 1183.0,
      "calories" : 32
    } ],
    "lastUpdate" : "20150518T090222Z"
  }, {
    "type" : "place",
    "startTime" : "20150518T173327+0900",
    "endTime" : "20150518T174335+0900",
    "activities" : [ {
      "activity" : "walking",
      "group" : "walking",
      "manual" : false,
      "startTime" : "20150518T173327+0900",
      "endTime" : "20150518T173449+0900",
      "duration" : 82.0,
      "distance" : 52.0,
      "steps" : 103,
      "calories" : 3
    } ],
    "lastUpdate" : "20150518T090222Z"
  }, {
    "type" : "place",
    "startTime" : "20150518T174425+0900",
    "endTime" : "20150519T083716+0900",
    "activities" : [ {
      "activity" : "walking",
      "group" : "walking",
      "manual" : false,
      "startTime" : "20150518T174526+0900",
      "endTime" : "20150518T174626+0900",
      "duration" : 60.0,
      "distance" : 61.0,
      "steps" : 122,
      "calories" : 4
    } ],
    "lastUpdate" : "20150519T020008Z"
  } ],
  "caloriesIdle" : 1706,
  "lastUpdate" : "20150519T020008Z"
} ]