[ {
  "date" : "20151227",
  "summary" : [ {
    "activity" : "walking",
    "group" : "walking",
    "duration" : 10385.0,
    "distance" : 11659.0,
    "steps" : 13603,
    "calories" : 691
  }, {
    "activity" : "transport",
    "group" : "transport",
    "duration" : 815.0,
    "distance" : 10842.0
  } ],
  "segments" : [ {
    "type" : "move",
    "startTime" : "20151226T235156+0900",
    "endTime" : "20151227T000548+0900",
    "activities" : [ {
      "activity" : "walking",
      "group" : "walking",
      "manual" : false,
      "startTime" : "20151227T000000+0900",
      "endTime" : "20151227T000548+0900",
      "duration" : 348.0,
      "distance" : 266.0,
      "steps" : 533,
      "calories" : 16
    } ],
    "lastUpdate" : "20151229T142250Z"
  }, {
    "type" : "move",
    "startTime" : "20151227T002510+0900",
    "endTime" : "20151227T002912+0900",
    "activities" : [ {
      "activity" : "transport",
      "group" : "transport",
      "manual" : false,
      "startTime" : "20151227T002510+0900",
      "endTime" : "20151227T002912+0900",
      "duration" : 242.0,
      "distance" : 6641.0
    } ],
    "lastUpdate" : "20151229T142250Z"
  }, {
    "type" : "place",
    "startTime" : "20151227T002912+0900",
    "endTime" : "20151227T114531+0900",
    "activities" : [ {
      "activity" : "walking",
      "group" : "walking",
      "manual" : false,
      "startTime" : "20151227T002919+0900",
      "endTime" : "20151227T003119+0900",
      "duration" : 120.0,
      "distance" : 106.0,
      "steps" : 142,
      "calories" : 6
    }, {
      "activity" : "walking",
      "group" : "walking",
      "manual" : false,
      "startTime" : "20151227T010511+0900",
      "endTime" : "20151227T010541+0900",
      "duration" : 30.0,
      "distance" : 15.0,
      "steps" : 30,
      "calories" : 1
    }, {
      "activity" : "walking",
      "group" : "walking",
      "manual" : false,
      "startTime" : "20151227T114325+0900",
      "endTime" : "20151227T114355+0900",
      "duration" : 30.0,
      "distance" : 20.0,
      "steps" : 40,
      "calories" : 1
    } ],
    "lastUpdate" : "20151229T142250Z"
  }, {
    "type" : "move",
    "startTime" : "20151227T114531+0900",
    "endTime" : "20151227T121402+0900",
    "activities" : [ {
      "activity" : "walking",
      "group" : "walking",
      "manual" : false,
      "startTime" : "20151227T114531+0900",
      "endTime" : "20151227T115601+0900",
      "duration" : 630.0,
      "distance" : 825.0,
      "steps" : 1111,
      "calories" : 49
    }, {
      "activity" : "transport",
      "group" : "transport",
      "manual" : false,
      "startTime" : "20151227T115601+0900",
      "endTime" : "20151227T120534+0900",
      "duration" : 573.0,
      "distance" : 4201.0
    }, {
      "activity" : "walking",
      "group" : "walking",
      "manual" : false,
      "startTime" : "20151227T120534+0900",
      "endTime" : "20151227T121402+0900",
      "duration" : 508.0,
      "distance" : 906.0,
      "steps" : 774,
      "calories" : 54
    } ],
    "lastUpdate" : "20151229T142250Z"
  }, {
    "type" : "place",
    "startTime" : "20151227T121403+0900",
    "endTime" : "20151227T122655+0900",
    "activities" : [ {
      "activity" : "walking",
      "group" : "walking",
      "manual" : false,
      "startTime" : "20151227T121435+0900",
      "endTime" : "20151227T121635+0900",
      "duration" : 120.0,
      "distance" : 60.0,
      "steps" : 121,
      "calories" : 4
    } ],
    "lastUpdate" : "20151229T142250Z"
  }, {
    "type" : "move",
    "startTime" : "20151227T122655+0900",
    "endTime" : "20151227T124643+0900",
    "activities" : [ {
      "activity" : "walking",
      "group" : "walking",
      "manual" : false,
      "startTime" : "20151227T122655+0900",
      "endTime" : "20151227T123407+0900",
      "duration" : 432.0,
      "distance" : 375.0,
      "steps" : 545,
      "calories" : 22
    } ],
    "lastUpdate" : "20151229T142250Z"
  }, {
    "type" : "place",
    "startTime" : "20151227T124644+0900",
    "endTime" : "20151227T130852+0900",
    "activities" : [ {
      "activity" : "walking",
      "group" : "walking",
      "manual" : false,
      "startTime" : "20151227T124647+0900",
      "endTime" : "20151227T124717+0900",
      "duration" : 30.0,
      "distance" : 15.0,
      "steps" : 20,
      "calories" : 1
    }, {
      "activity" : "walking",
      "group" : "walking",
      "manual" : false,
      "startTime" : "20151227T130228+0900",
      "endTime" : "20151227T130558+0900",
      "duration" : 210.0,
      "distance" : 175.0,
      "steps" : 234,
      "calories" : 10
    } ],
    "lastUpdate" : "20151229T142250Z"
  }, {
    "type" : "move",
    "startTime" : "20151227T130852+0900",
    "endTime" : "20151227T131217+0900",
    "activities" : [ {
      "activity" : "walking",
      "group" : "walking",
      "manual" : false,
      "startTime" : "20151227T130852+0900",
      "endTime" : "20151227T131217+0900",
      "duration" : 205.0,
      "distance" : 398.0,
      "steps" : 287,
      "calories" : 24
    } ],
    "lastUpdate" : "20151229T142250Z"
  }, {
    "type" : "place",
    "startTime" : "20151227T131218+0900",
    "endTime" : "20151227T164145+0900",
    "activities" : [ {
      "activity" : "walking",
      "group" : "walking",
      "manual" : false,
      "startTime" : "20151227T131359+0900",
      "endTime" : "20151227T132359+0900",
      "duration" : 600.0,
      "distance" : 472.0,
      "steps" : 630,
      "calories" : 28
    }, {
      "activity" : "walking",
      "group" : "walking",
      "manual" : false,
      "startTime" : "20151227T140043+0900",
      "endTime" : "20151227T140143+0900",
      "duration" : 60.0,
      "distance" : 35.0,
      "steps" : 71,
      "calories" : 2
    }, {
      "activity" : "walking",
      "group" : "walking",
      "manual" : false,
      "startTime" : "20151227T154314+0900",
      "endTime" : "20151227T154344+0900",
      "duration" : 30.0,
      "distance" : 25.0,
      "steps" : 50,
      "calories" : 1
    }, {
      "activity" : "walking",
      "group" : "walking",
      "manual" : false,
      "startTime" : "20151227T162920+0900",
      "endTime" : "20151227T163220+0900",
      "duration" : 180.0,
      "distance" : 175.0,
      "steps" : 234,
      "calories" : 10
    } ],
    "lastUpdate" : "20151229T142250Z"
  }, {
    "type" : "move",
    "startTime" : "20151227T164145+0900",
    "endTime" : "20151227T164401+0900",
    "activities" : [ {
      "activity" : "walking",
      "group" : "walking",
      "manual" : false,
      "startTime" : "20151227T164145+0900",
      "endTime" : "20151227T164401+0900",
      "duration" : 136.0,
      "distance" : 223.0,
      "steps" : 190,
      "calories" : 13
    } ],
    "lastUpdate" : "20151229T142250Z"
  }, {
    "type" : "place",
    "startTime" : "20151227T164402+0900",
    "endTime" : "20151227T165738+0900",
    "activities" : [ {
      "activity" : "walking",
      "group" : "walking",
      "manual" : false,
      "startTime" : "20151227T164735+0900",
      "endTime" : "20151227T165135+0900",
      "duration" : 240.0,
      "distance" : 237.0,
      "steps" : 316,
      "calories" : 14
    } ],
    "lastUpdate" : "20151229T142250Z"
  }, {
    "type" : "move",
    "startTime" : "20151227T170425+0900",
    "endTime" : "20151227T171142+0900",
    "activities" : [ {
      "activity" : "walking",
      "group" : "walking",
      "manual" : false,
      "startTime" : "20151227T170425+0900",
      "endTime" : "20151227T171142+0900",
      "duration" : 437.0,
      "distance" : 445.0,
      "steps" : 611,
      "calories" : 26
    } ],
    "lastUpdate" : "20151229T142250Z"
  }, {
    "type" : "place",
    "startTime" : "20151227T171142+0900",
    "endTime" : "20151227T172527+0900",
    "activities" : [ {
      "activity" : "walking",
      "group" : "walking",
      "manual" : false,
      "startTime" : "20151227T171308+0900",
      "endTime" : "20151227T171708+0900",
      "duration" : 240.0,
      "distance" : 180.0,
      "steps" : 203,
      "calories" : 11
    } ],
    "lastUpdate" : "20151229T142250Z"
  }, {
    "type" : "move",
    "startTime" : "20151227T172527+0900",
    "endTime" : "20151227T173028+0900",
    "activities" : [ {
      "activity" : "walking",
      "group" : "walking",
      "manual" : false,
      "startTime" : "20151227T172527+0900",
      "endTime" : "20151227T173028+0900",
      "duration" : 301.0,
      "distance" : 422.0,
      "steps" : 369,
      "calories" : 25
    } ],
    "lastUpdate" : "20151229T142250Z"
  }, {
    "type" : "place",
    "startTime" : "20151227T173029+0900",
    "endTime" : "20151227T173129+0900",
    "activities" : [ {
      "activity" : "walking",
      "group" : "walking",
      "manual" : false,
      "startTime" : "20151227T173029+0900",
      "endTime" : "20151227T173031+0900",
      "duration" : 2.0,
      "distance" : 1.0,
      "steps" : 2,
      "calories" : 0
    } ],
    "lastUpdate" : "20151229T142250Z"
  }, {
    "type" : "move",
    "startTime" : "20151227T173129+0900",
    "endTime" : "20151227T174822+0900",
    "activities" : [ {
      "activity" : "walking",
      "group" : "walking",
      "manual" : false,
      "startTime" : "20151227T173129+0900",
      "endTime" : "20151227T174822+0900",
      "duration" : 1013.0,
      "distance" : 873.0,
      "steps" : 1274,
      "calories" : 52
    } ],
    "lastUpdate" : "20151229T142250Z"
  }, {
    "type" : "place",
    "startTime" : "20151227T174822+0900",
    "endTime" : "20151227T181150+0900",
    "activities" : [ {
      "activity" : "walking",
      "group" : "walking",
      "manual" : false,
      "startTime" : "20151227T174835+0900",
      "endTime" : "20151227T175505+0900",
      "duration" : 390.0,
      "distance" : 321.0,
      "steps" : 428,
      "calories" : 19
    }, {
      "activity" : "walking",
      "group" : "walking",
      "manual" : false,
      "startTime" : "20151227T180306+0900",
      "endTime" : "20151227T180336+0900",
      "duration" : 30.0,
      "distance" : 20.0,
      "steps" : 40,
      "calories" : 1
    } ],
    "lastUpdate" : "20151229T142250Z"
  }, {
    "type" : "move",
    "startTime" : "20151227T181150+0900",
    "endTime" : "20151227T182525+0900",
    "activities" : [ {
      "activity" : "walking",
      "group" : "walking",
      "manual" : false,
      "startTime" : "20151227T181150+0900",
      "endTime" : "20151227T182524+0900",
      "duration" : 814.0,
      "distance" : 1546.0,
      "steps" : 1139,
      "calories" : 92
    } ],
    "lastUpdate" : "20151229T142250Z"
  }, {
    "type" : "move",
    "startTime" : "20151227T183530+0900",
    "endTime" : "20151227T184610+0900",
    "activities" : [ {
      "activity" : "walking",
      "group" : "walking",
      "manual" : false,
      "startTime" : "20151227T183530+0900",
      "endTime" : "20151227T184610+0900",
      "duration" : 640.0,
      "distance" : 586.0,
      "steps" : 797,
      "calories" : 35
    } ],
    "lastUpdate" : "20151229T142250Z"
  }, {
    "type" : "place",
    "startTime" : "20151227T184611+0900",
    "endTime" : "20151227T191746+0900",
    "activities" : [ {
      "activity" : "walking",
      "group" : "walking",
      "manual" : false,
      "startTime" : "20151227T190634+0900",
      "endTime" : "20151227T190704+0900",
      "duration" : 30.0,
      "distance" : 15.0,
      "steps" : 30,
      "calories" : 1
    } ],
    "lastUpdate" : "20151229T142250Z"
  }, {
    "type" : "move",
    "startTime" : "20151227T191746+0900",
    "endTime" : "20151227T192225+0900",
    "activities" : [ {
      "activity" : "walking",
      "group" : "walking",
      "manual" : false,
      "startTime" : "20151227T191746+0900",
      "endTime" : "20151227T192225+0900",
      "duration" : 279.0,
      "distance" : 286.0,
      "steps" : 390,
      "calories" : 17
    } ],
    "lastUpdate" : "20151229T142250Z"
  }, {
    "type" : "place",
    "startTime" : "20151227T192226+0900",
    "endTime" : "20151227T201737+0900",
    "activities" : [ {
      "activity" : "walking",
      "group" : "walking",
      "manual" : false,
      "startTime" : "20151227T192846+0900",
      "endTime" : "20151227T192946+0900",
      "duration" : 60.0,
      "distance" : 30.0,
      "steps" : 61,
      "calories" : 2
    }, {
      "activity" : "walking",
      "group" : "walking",
      "manual" : false,
      "startTime" : "20151227T201040+0900",
      "endTime" : "20151227T201610+0900",
      "duration" : 330.0,
      "distance" : 282.0,
      "steps" : 376,
      "calories" : 17
    } ],
    "lastUpdate" : "20151229T142250Z"
  }, {
    "type" : "move",
    "startTime" : "20151227T201737+0900",
    "endTime" : "20151227T203143+0900",
    "activities" : [ {
      "activity" : "walking",
      "group" : "walking",
      "manual" : false,
      "startTime" : "20151227T201737+0900",
      "endTime" : "20151227T203143+0900",
      "duration" : 846.0,
      "distance" : 1230.0,
      "steps" : 1212,
      "calories" : 73
    } ],
    "lastUpdate" : "20151229T142250Z"
  }, {
    "type" : "move",
    "startTime" : "20151227T204534+0900",
    "endTime" : "20151227T210106+0900",
    "activities" : [ {
      "activity" : "walking",
      "group" : "walking",
      "manual" : false,
      "startTime" : "20151227T204534+0900",
      "endTime" : "20151227T210106+0900",
      "duration" : 932.0,
      "distance" : 982.0,
      "steps" : 1193,
      "calories" : 58
    } ],
    "lastUpdate" : "20151229T142250Z"
  }, {
    "type" : "place",
    "startTime" : "20151227T210107+0900",
    "endTime" : "20151228T023058+0900",
    "activities" : [ {
      "activity" : "walking",
      "group" : "walking",
      "manual" : false,
      "startTime" : "20151227T210107+0900",
      "endTime" : "20151227T210319+0900",
      "duration" : 132.0,
      "distance" : 112.0,
      "steps" : 150,
      "calories" : 7
    } ],
    "lastUpdate" : "20151229T142250Z"
  } ],
  "caloriesIdle" : 1706,
  "lastUpdate" : "20151229T142250Z"
} ]