[ {
  "date" : "20161230",
  "summary" : [ {
    "activity" : "walking",
    "group" : "walking",
    "duration" : 15557.0,
    "distance" : 18190.0,
    "steps" : 22912,
    "calories" : 1011
  }, {
    "activity" : "transport",
    "group" : "transport",
    "duration" : 4929.0,
    "distance" : 27654.0
  }, {
    "activity" : "running",
    "group" : "running",
    "duration" : 455.0,
    "distance" : 998.0,
    "steps" : 1102,
    "calories" : 68
  } ],
  "segments" : [ {
    "type" : "place",
    "startTime" : "20161229T134021+0900",
    "endTime" : "20161230T123855+0900",
    "activities" : [ {
      "activity" : "walking",
      "group" : "walking",
      "manual" : false,
      "startTime" : "20161230T123555+0900",
      "endTime" : "20161230T124914+0900",
      "duration" : 799.0,
      "distance" : 799.0,
      "steps" : 1065,
      "calories" : 44
    } ],
    "lastUpdate" : "20161230T044022Z"
  }, {
    "type" : "move",
    "startTime" : "20161230T123855+0900",
    "endTime" : "20161230T130108+0900",
    "activities" : [ {
      "activity" : "running",
      "group" : "running",
      "manual" : false,
      "startTime" : "20161230T123855+0900",
      "endTime" : "20161230T124200+0900",
      "duration" : 185.0,
      "distance" : 412.0,
      "steps" : 462,
      "calories" : 28
    }, {
      "activity" : "transport",
      "group" : "transport",
      "manual" : false,
      "startTime" : "20161230T124201+0900",
      "endTime" : "20161230T125408+0900",
      "duration" : 727.0,
      "distance" : 6041.0
    }, {
      "activity" : "walking",
      "group" : "walking",
      "manual" : false,
      "startTime" : "20161230T125408+0900",
      "endTime" : "20161230T130108+0900",
      "duration" : 420.0,
      "distance" : 605.0,
      "steps" : 759,
      "calories" : 34
    } ],
    "lastUpdate" : "20161230T044022Z"
  }, {
    "type" : "place",
    "startTime" : "20161230T130109+0900",
    "endTime" : "20161230T131132+0900",
    "activities" : [ {
      "activity" : "walking",
      "group" : "walking",
      "manual" : false,
      "startTime" : "20161230T130109+0900",
      "endTime" : "20161230T130356+0900",
      "duration" : 167.0,
      "distance" : 176.0,
      "steps" : 235,
      "calories" : 10
    } ],
    "lastUpdate" : "20161230T061545Z"
  }, {
    "type" : "move",
    "startTime" : "20161230T131132+0900",
    "endTime" : "20161230T140550+0900",
    "activities" : [ {
      "activity" : "walking",
      "group" : "walking",
      "manual" : false,
      "startTime" : "20161230T131132+0900",
      "endTime" : "20161230T140550+0900",
      "duration" : 3258.0,
      "distance" : 3581.0,
      "steps" : 5065,
      "calories" : 199
    } ],
    "lastUpdate" : "20161230T061545Z"
  }, {
    "type" : "place",
    "startTime" : "20161230T140551+0900",
    "endTime" : "20161230T145230+0900",
    "activities" : [ {
      "activity" : "walking",
      "group" : "walking",
      "manual" : false,
      "startTime" : "20161230T140605+0900",
      "endTime" : "20161230T140606+0900",
      "duration" : 1.0,
      "distance" : 1.0,
      "steps" : 2,
      "calories" : 0
    } ],
    "lastUpdate" : "20161230T074715Z"
  }, {
    "type" : "move",
    "startTime" : "20161230T145230+0900",
    "endTime" : "20161230T151933+0900",
    "activities" : [ {
      "activity" : "walking",
      "group" : "walking",
      "manual" : false,
      "startTime" : "20161230T145230+0900",
      "endTime" : "20161230T151933+0900",
      "duration" : 1623.0,
      "distance" : 2102.0,
      "steps" : 2587,
      "calories" : 117
    } ],
    "lastUpdate" : "20161230T074715Z"
  }, {
    "type" : "place",
    "startTime" : "20161230T151933+0900",
    "endTime" : "20161230T152329+0900",
    "activities" : [ {
      "activity" : "walking",
      "group" : "walking",
      "manual" : false,
      "startTime" : "20161230T151933+0900",
      "endTime" : "20161230T152043+0900",
      "duration" : 70.0,
      "distance" : 56.0,
      "steps" : 113,
      "calories" : 3
    } ],
    "lastUpdate" : "20161230T074715Z"
  }, {
    "type" : "move",
    "startTime" : "20161230T152329+0900",
    "endTime" : "20161230T164204+0900",
    "activities" : [ {
      "activity" : "walking",
      "group" : "walking",
      "manual" : false,
      "startTime" : "20161230T152329+0900",
      "endTime" : "20161230T164204+0900",
      "duration" : 4715.0,
      "distance" : 6383.0,
      "steps" : 6950,
      "calories" : 355
    } ],
    "lastUpdate" : "20161230T074715Z"
  }, {
    "type" : "place",
    "startTime" : "20161230T164205+0900",
    "endTime" : "20161230T191307+0900",
    "activities" : [ {
      "activity" : "walking",
      "group" : "walking",
      "manual" : false,
      "startTime" : "20161230T164205+0900",
      "endTime" : "20161230T165003+0900",
      "duration" : 478.0,
      "distance" : 512.0,
      "steps" : 683,
      "calories" : 28
    }, {
      "activity" : "walking",
      "group" : "walking",
      "manual" : false,
      "startTime" : "20161230T170020+0900",
      "endTime" : "20161230T170523+0900",
      "duration" : 303.0,
      "distance" : 350.0,
      "steps" : 467,
      "calories" : 19
    }, {
      "activity" : "walking",
      "group" : "walking",
      "manual" : false,
      "startTime" : "20161230T190932+0900",
      "endTime" : "20161230T191025+0900",
      "duration" : 53.0,
      "distance" : 35.0,
      "steps" : 71,
      "calories" : 2
    } ],
    "lastUpdate" : "20161230T105327Z"
  }, {
    "type" : "move",
    "startTime" : "20161230T191307+0900",
    "endTime" : "20161230T192545+0900",
    "activities" : [ {
      "activity" : "walking",
      "group" : "walking",
      "manual" : false,
      "startTime" : "20161230T191307+0900",
      "endTime" : "20161230T192545+0900",
      "duration" : 758.0,
      "distance" : 856.0,
      "steps" : 1030,
      "calories" : 48
    } ],
    "lastUpdate" : "20161230T105327Z"
  }, {
    "type" : "place",
    "startTime" : "20161230T192545+0900",
    "endTime" : "20161230T194314+0900",
    "activities" : [ {
      "activity" : "walking",
      "group" : "walking",
      "manual" : false,
      "startTime" : "20161230T192545+0900",
      "endTime" : "20161230T192742+0900",
      "duration" : 117.0,
      "distance" : 80.0,
      "steps" : 161,
      "calories" : 4
    } ],
    "lastUpdate" : "20161230T130734Z"
  }, {
    "type" : "move",
    "startTime" : "20161230T194314+0900",
    "endTime" : "20161230T205015+0900",
    "activities" : [ {
      "activity" : "running",
      "group" : "running",
      "manual" : false,
      "startTime" : "20161230T194314+0900",
      "endTime" : "20161230T194744+0900",
      "duration" : 270.0,
      "distance" : 586.0,
      "steps" : 640,
      "calories" : 40
    }, {
      "activity" : "transport",
      "group" : "transport",
      "manual" : false,
      "startTime" : "20161230T194744+0900",
      "endTime" : "20161230T201414+0900",
      "duration" : 1590.0,
      "distance" : 8175.0
    }, {
      "activity" : "walking",
      "group" : "walking",
      "manual" : false,
      "startTime" : "20161230T201414+0900",
      "endTime" : "20161230T201614+0900",
      "duration" : 120.0,
      "distance" : 105.0,
      "steps" : 211,
      "calories" : 6
    }, {
      "activity" : "transport",
      "group" : "transport",
      "manual" : false,
      "startTime" : "20161230T201614+0900",
      "endTime" : "20161230T204344+0900",
      "duration" : 1650.0,
      "distance" : 10560.0
    }, {
      "activity" : "walking",
      "group" : "walking",
      "manual" : false,
      "startTime" : "20161230T204344+0900",
      "endTime" : "20161230T205014+0900",
      "duration" : 390.0,
      "distance" : 529.0,
      "steps" : 491,
      "calories" : 29
    } ],
    "lastUpdate" : "20161230T130734Z"
  }, {
    "type" : "place",
    "startTime" : "20161230T205015+0900",
    "endTime" : "20161230T211214+0900",
    "activities" : [ {
      "activity" : "walking",
      "group" : "walking",
      "manual" : false,
      "startTime" : "20161230T205015+0900",
      "endTime" : "20161230T205104+0900",
      "duration" : 49.0,
      "distance" : 33.0,
      "steps" : 67,
      "calories" : 2
    }, {
      "activity" : "walking",
      "group" : "walking",
      "manual" : false,
      "startTime" : "20161230T210004+0900",
      "endTime" : "20161230T210525+0900",
      "duration" : 321.0,
      "distance" : 340.0,
      "steps" : 453,
      "calories" : 19
    } ],
    "lastUpdate" : "20161230T130734Z"
  }, {
    "type" : "move",
    "startTime" : "20161230T211214+0900",
    "endTime" : "20161230T211448+0900",
    "activities" : [ {
      "activity" : "walking",
      "group" : "walking",
      "manual" : false,
      "startTime" : "20161230T211214+0900",
      "endTime" : "20161230T211448+0900",
      "duration" : 154.0,
      "distance" : 280.0,
      "steps" : 266,
      "calories" : 16
    } ],
    "lastUpdate" : "20161230T130734Z"
  }, {
    "type" : "place",
    "startTime" : "20161230T211448+0900",
    "endTime" : "20161230T230417+0900",
    "activities" : [ {
      "activity" : "walking",
      "group" : "walking",
      "manual" : false,
      "startTime" : "20161230T211448+0900",
      "endTime" : "20161230T211534+0900",
      "duration" : 46.0,
      "distance" : 32.0,
      "steps" : 65,
      "calories" : 2
    }, {
      "activity" : "walking",
      "group" : "walking",
      "manual" : false,
      "startTime" : "20161230T225518+0900",
      "endTime" : "20161230T225609+0900",
      "duration" : 51.0,
      "distance" : 34.0,
      "steps" : 69,
      "calories" : 2
    } ],
    "lastUpdate" : "20161230T174451Z"
  }, {
    "type" : "move",
    "startTime" : "20161230T230417+0900",
    "endTime" : "20161231T020817+0900",
    "activities" : [ {
      "activity" : "walking",
      "group" : "walking",
      "manual" : false,
      "startTime" : "20161230T230417+0900",
      "endTime" : "20161230T231705+0900",
      "duration" : 768.0,
      "distance" : 706.0,
      "steps" : 911,
      "calories" : 39
    }, {
      "activity" : "transport",
      "group" : "transport",
      "manual" : false,
      "startTime" : "20161230T231705+0900",
      "endTime" : "20161230T232705+0900",
      "duration" : 600.0,
      "distance" : 2659.0
    }, {
      "activity" : "walking",
      "group" : "walking",
      "manual" : false,
      "startTime" : "20161230T232705+0900",
      "endTime" : "20161230T233701+0900",
      "duration" : 596.0,
      "distance" : 376.0,
      "steps" : 753,
      "calories" : 21
    }, {
      "activity" : "walking",
      "group" : "walking",
      "manual" : false,
      "startTime" : "20161230T234856+0900",
      "endTime" : "20161230T235356+0900",
      "duration" : 300.0,
      "distance" : 219.0,
      "steps" : 438,
      "calories" : 12
    }, {
      "activity" : "transport",
      "group" : "transport",
      "manual" : false,
      "startTime" : "20161230T235357+0900",
      "endTime" : "20161230T235959+0900",
      "duration" : 362.0,
      "distance" : 219.0
    } ],
    "lastUpdate" : "20161230T174451Z"
  } ],
  "caloriesIdle" : 1601,
  "lastUpdate" : "20161230T174451Z"
} ]