[ {
  "date" : "20170412",
  "summary" : [ {
    "activity" : "walking",
    "group" : "walking",
    "duration" : 1042.0,
    "distance" : 1209.0,
    "steps" : 1647,
    "calories" : 67
  }, {
    "activity" : "transport",
    "group" : "transport",
    "duration" : 3312.0,
    "distance" : 14351.0
  } ],
  "segments" : [ {
    "type" : "place",
    "startTime" : "20170411T181601+0900",
    "endTime" : "20170412T125024+0900",
    "activities" : [ {
      "activity" : "walking",
      "group" : "walking",
      "manual" : false,
      "startTime" : "20170412T001949+0900",
      "endTime" : "20170412T001950+0900",
      "duration" : 1.0,
      "distance" : 1.0,
      "steps" : 2,
      "calories" : 0
    }, {
      "activity" : "walking",
      "group" : "walking",
      "manual" : false,
      "startTime" : "20170412T054409+0900",
      "endTime" : "20170412T054424+0900",
      "duration" : 15.0,
      "distance" : 10.0,
      "steps" : 20,
      "calories" : 1
    }, {
      "activity" : "walking",
      "group" : "walking",
      "manual" : false,
      "startTime" : "20170412T121954+0900",
      "endTime" : "20170412T122030+0900",
      "duration" : 36.0,
      "distance" : 24.0,
      "steps" : 48,
      "calories" : 1
    } ],
    "lastUpdate" : "20170412T045015Z"
  }, {
    "type" : "move",
    "startTime" : "20170412T125024+0900",
    "endTime" : "20170412T125554+0900",
    "activities" : [ {
      "activity" : "transport",
      "group" : "transport",
      "manual" : false,
      "startTime" : "20170412T125024+0900",
      "endTime" : "20170412T125553+0900",
      "duration" : 329.0,
      "distance" : 1384.0
    } ],
    "lastUpdate" : "20170412T045015Z"
  }, {
    "type" : "place",
    "startTime" : "20170412T125554+0900",
    "endTime" : "20170412T145249+0900",
    "activities" : [ {
      "activity" : "walking",
      "group" : "walking",
      "manual" : false,
      "startTime" : "20170412T125554+0900",
      "endTime" : "20170412T125704+0900",
      "duration" : 70.0,
      "distance" : 50.0,
      "steps" : 100,
      "calories" : 3
    }, {
      "activity" : "walking",
      "group" : "walking",
      "manual" : false,
      "startTime" : "20170412T142937+0900",
      "endTime" : "20170412T143425+0900",
      "duration" : 288.0,
      "distance" : 304.0,
      "steps" : 406,
      "calories" : 17
    } ],
    "lastUpdate" : "20170412T062304Z"
  }, {
    "type" : "move",
    "startTime" : "20170412T145249+0900",
    "endTime" : "20170412T145813+0900",
    "activities" : [ {
      "activity" : "transport",
      "group" : "transport",
      "manual" : false,
      "startTime" : "20170412T145249+0900",
      "endTime" : "20170412T145812+0900",
      "duration" : 323.0,
      "distance" : 1387.0
    } ],
    "lastUpdate" : "20170412T062304Z"
  }, {
    "type" : "place",
    "startTime" : "20170412T145813+0900",
    "endTime" : "20170412T182112+0900",
    "activities" : [ {
      "activity" : "walking",
      "group" : "walking",
      "manual" : false,
      "startTime" : "20170412T145813+0900",
      "endTime" : "20170412T145917+0900",
      "duration" : 64.0,
      "distance" : 42.0,
      "steps" : 85,
      "calories" : 2
    }, {
      "activity" : "walking",
      "group" : "walking",
      "manual" : false,
      "startTime" : "20170412T181917+0900",
      "endTime" : "20170412T182012+0900",
      "duration" : 55.0,
      "distance" : 37.0,
      "steps" : 74,
      "calories" : 2
    } ],
    "lastUpdate" : "20170412T110018Z"
  }, {
    "type" : "move",
    "startTime" : "20170412T182112+0900",
    "endTime" : "20170412T184638+0900",
    "activities" : [ {
      "activity" : "transport",
      "group" : "transport",
      "manual" : false,
      "startTime" : "20170412T182112+0900",
      "endTime" : "20170412T184258+0900",
      "duration" : 1306.0,
      "distance" : 5611.0
    }, {
      "activity" : "walking",
      "group" : "walking",
      "manual" : false,
      "startTime" : "20170412T184259+0900",
      "endTime" : "20170412T184638+0900",
      "duration" : 219.0,
      "distance" : 381.0,
      "steps" : 387,
      "calories" : 21
    } ],
    "lastUpdate" : "20170412T110018Z"
  }, {
    "type" : "place",
    "startTime" : "20170412T184638+0900",
    "endTime" : "20170412T212747+0900",
    "activities" : [ {
      "activity" : "walking",
      "group" : "walking",
      "manual" : false,
      "startTime" : "20170412T184638+0900",
      "endTime" : "20170412T184646+0900",
      "duration" : 8.0,
      "distance" : 6.0,
      "steps" : 13,
      "calories" : 0
    }, {
      "activity" : "walking",
      "group" : "walking",
      "manual" : false,
      "startTime" : "20170412T212206+0900",
      "endTime" : "20170412T212522+0900",
      "duration" : 196.0,
      "distance" : 294.0,
      "steps" : 392,
      "calories" : 16
    } ],
    "lastUpdate" : "20170412T140438Z"
  }, {
    "type" : "move",
    "startTime" : "20170412T212747+0900",
    "endTime" : "20170412T215021+0900",
    "activities" : [ {
      "activity" : "transport",
      "group" : "transport",
      "manual" : false,
      "startTime" : "20170412T212747+0900",
      "endTime" : "20170412T215021+0900",
      "duration" : 1354.0,
      "distance" : 5969.0
    } ],
    "lastUpdate" : "20170412T140438Z"
  }, {
    "type" : "place",
    "startTime" : "20170412T215021+0900",
    "endTime" : "20170413T102533+0900",
    "activities" : [ {
      "activity" : "walking",
      "group" : "walking",
      "manual" : false,
      "startTime" : "20170412T215021+0900",
      "endTime" : "20170412T215151+0900",
      "duration" : 90.0,
      "distance" : 60.0,
      "steps" : 120,
      "calories" : 3
    } ],
    "lastUpdate" : "20170413T023718Z"
  } ],
  "caloriesIdle" : 1596,
  "lastUpdate" : "20170413T023718Z"
} ]