[ {
  "date" : "20161118",
  "summary" : [ {
    "activity" : "cycling",
    "group" : "cycling",
    "duration" : 1377.0,
    "distance" : 5804.0,
    "calories" : 145
  }, {
    "activity" : "walking",
    "group" : "walking",
    "duration" : 5014.0,
    "distance" : 5966.0,
    "steps" : 7144,
    "calories" : 332
  }, {
    "activity" : "transport",
    "group" : "transport",
    "duration" : 2296.0,
    "distance" : 4713.0
  } ],
  "segments" : [ {
    "type" : "move",
    "startTime" : "20161118T102452+0900",
    "endTime" : "20161118T103043+0900",
    "activities" : [ {
      "activity" : "cycling",
      "group" : "cycling",
      "manual" : false,
      "startTime" : "20161118T102452+0900",
      "endTime" : "20161118T103042+0900",
      "duration" : 350.0,
      "distance" : 1412.0,
      "calories" : 35
    } ],
    "lastUpdate" : "20161118T013924Z"
  }, {
    "type" : "place",
    "startTime" : "20161118T103043+0900",
    "endTime" : "20161118T114822+0900",
    "activities" : [ {
      "activity" : "walking",
      "group" : "walking",
      "manual" : false,
      "startTime" : "20161118T103043+0900",
      "endTime" : "20161118T103310+0900",
      "duration" : 147.0,
      "distance" : 189.0,
      "steps" : 252,
      "calories" : 11
    }, {
      "activity" : "walking",
      "group" : "walking",
      "manual" : false,
      "startTime" : "20161118T114606+0900",
      "endTime" : "20161118T114756+0900",
      "duration" : 110.0,
      "distance" : 90.0,
      "steps" : 180,
      "calories" : 5
    } ],
    "lastUpdate" : "20161118T031407Z"
  }, {
    "type" : "move",
    "startTime" : "20161118T114822+0900",
    "endTime" : "20161118T115258+0900",
    "activities" : [ {
      "activity" : "cycling",
      "group" : "cycling",
      "manual" : false,
      "startTime" : "20161118T114822+0900",
      "endTime" : "20161118T115257+0900",
      "duration" : 275.0,
      "distance" : 1341.0,
      "calories" : 33
    } ],
    "lastUpdate" : "20161118T031407Z"
  }, {
    "type" : "place",
    "startTime" : "20161118T115258+0900",
    "endTime" : "20161118T125624+0900",
    "activities" : [ {
      "activity" : "walking",
      "group" : "walking",
      "manual" : false,
      "startTime" : "20161118T115306+0900",
      "endTime" : "20161118T115432+0900",
      "duration" : 86.0,
      "distance" : 57.0,
      "steps" : 115,
      "calories" : 3
    }, {
      "activity" : "walking",
      "group" : "walking",
      "manual" : false,
      "startTime" : "20161118T125523+0900",
      "endTime" : "20161118T125650+0900",
      "duration" : 87.0,
      "distance" : 58.0,
      "steps" : 116,
      "calories" : 3
    } ],
    "lastUpdate" : "20161118T044743Z"
  }, {
    "type" : "move",
    "startTime" : "20161118T125624+0900",
    "endTime" : "20161118T130006+0900",
    "activities" : [ {
      "activity" : "cycling",
      "group" : "cycling",
      "manual" : false,
      "startTime" : "20161118T125624+0900",
      "endTime" : "20161118T130006+0900",
      "duration" : 222.0,
      "distance" : 1307.0,
      "calories" : 32
    } ],
    "lastUpdate" : "20161118T044743Z"
  }, {
    "type" : "place",
    "startTime" : "20161118T130006+0900",
    "endTime" : "20161118T144616+0900",
    "activities" : [ {
      "activity" : "walking",
      "group" : "walking",
      "manual" : false,
      "startTime" : "20161118T130006+0900",
      "endTime" : "20161118T130158+0900",
      "duration" : 112.0,
      "distance" : 87.0,
      "steps" : 175,
      "calories" : 5
    }, {
      "activity" : "walking",
      "group" : "walking",
      "manual" : false,
      "startTime" : "20161118T142944+0900",
      "endTime" : "20161118T143303+0900",
      "duration" : 199.0,
      "distance" : 245.0,
      "steps" : 327,
      "calories" : 14
    } ],
    "lastUpdate" : "20161118T075359Z"
  }, {
    "type" : "move",
    "startTime" : "20161118T144616+0900",
    "endTime" : "20161118T145847+0900",
    "activities" : [ {
      "activity" : "walking",
      "group" : "walking",
      "manual" : false,
      "startTime" : "20161118T144616+0900",
      "endTime" : "20161118T145002+0900",
      "duration" : 226.0,
      "distance" : 113.0,
      "steps" : 159,
      "calories" : 6
    }, {
      "activity" : "transport",
      "group" : "transport",
      "manual" : false,
      "startTime" : "20161118T145003+0900",
      "endTime" : "20161118T145603+0900",
      "duration" : 360.0,
      "distance" : 1414.0
    }, {
      "activity" : "walking",
      "group" : "walking",
      "manual" : false,
      "startTime" : "20161118T145603+0900",
      "endTime" : "20161118T145846+0900",
      "duration" : 163.0,
      "distance" : 121.0,
      "steps" : 186,
      "calories" : 7
    } ],
    "lastUpdate" : "20161118T075359Z"
  }, {
    "type" : "place",
    "startTime" : "20161118T145847+0900",
    "endTime" : "20161118T150923+0900",
    "activities" : [ {
      "activity" : "walking",
      "group" : "walking",
      "manual" : false,
      "startTime" : "20161118T145853+0900",
      "endTime" : "20161118T145913+0900",
      "duration" : 20.0,
      "distance" : 13.0,
      "steps" : 27,
      "calories" : 1
    }, {
      "activity" : "walking",
      "group" : "walking",
      "manual" : false,
      "startTime" : "20161118T150028+0900",
      "endTime" : "20161118T150341+0900",
      "duration" : 193.0,
      "distance" : 202.0,
      "steps" : 269,
      "calories" : 11
    } ],
    "lastUpdate" : "20161118T075359Z"
  }, {
    "type" : "move",
    "startTime" : "20161118T150923+0900",
    "endTime" : "20161118T151238+0900",
    "activities" : [ {
      "activity" : "cycling",
      "group" : "cycling",
      "manual" : false,
      "startTime" : "20161118T150923+0900",
      "endTime" : "20161118T151238+0900",
      "duration" : 195.0,
      "distance" : 637.0,
      "calories" : 16
    } ],
    "lastUpdate" : "20161118T075359Z"
  }, {
    "type" : "place",
    "startTime" : "20161118T151238+0900",
    "endTime" : "20161118T155625+0900",
    "activities" : [ {
      "activity" : "walking",
      "group" : "walking",
      "manual" : false,
      "startTime" : "20161118T151255+0900",
      "endTime" : "20161118T153410+0900",
      "duration" : 1275.0,
      "distance" : 1445.0,
      "steps" : 1927,
      "calories" : 80
    } ],
    "lastUpdate" : "20161118T075401Z"
  }, {
    "type" : "move",
    "startTime" : "20161118T155625+0900",
    "endTime" : "20161118T161742+0900",
    "activities" : [ {
      "activity" : "walking",
      "group" : "walking",
      "manual" : false,
      "startTime" : "20161118T155625+0900",
      "endTime" : "20161118T155906+0900",
      "duration" : 161.0,
      "distance" : 94.0,
      "steps" : 188,
      "calories" : 5
    }, {
      "activity" : "transport",
      "group" : "transport",
      "manual" : false,
      "startTime" : "20161118T155906+0900",
      "endTime" : "20161118T161742+0900",
      "duration" : 1116.0,
      "distance" : 1218.0
    } ],
    "lastUpdate" : "20161118T075401Z"
  }, {
    "type" : "place",
    "startTime" : "20161118T161743+0900",
    "endTime" : "20161118T171117+0900",
    "activities" : [ {
      "activity" : "walking",
      "group" : "walking",
      "manual" : false,
      "startTime" : "20161118T161743+0900",
      "endTime" : "20161118T162432+0900",
      "duration" : 409.0,
      "distance" : 413.0,
      "steps" : 551,
      "calories" : 23
    }, {
      "activity" : "walking",
      "group" : "walking",
      "manual" : false,
      "startTime" : "20161118T170007+0900",
      "endTime" : "20161118T170721+0900",
      "duration" : 434.0,
      "distance" : 463.0,
      "steps" : 617,
      "calories" : 26
    } ],
    "lastUpdate" : "20161118T092538Z"
  }, {
    "type" : "move",
    "startTime" : "20161118T171117+0900",
    "endTime" : "20161118T171724+0900",
    "activities" : [ {
      "activity" : "transport",
      "group" : "transport",
      "manual" : false,
      "startTime" : "20161118T171117+0900",
      "endTime" : "20161118T171416+0900",
      "duration" : 179.0,
      "distance" : 356.0
    }, {
      "activity" : "cycling",
      "group" : "cycling",
      "manual" : false,
      "startTime" : "20161118T171416+0900",
      "endTime" : "20161118T171616+0900",
      "duration" : 120.0,
      "distance" : 134.0,
      "calories" : 4
    }, {
      "activity" : "transport",
      "group" : "transport",
      "manual" : false,
      "startTime" : "20161118T171616+0900",
      "endTime" : "20161118T171724+0900",
      "duration" : 68.0,
      "distance" : 378.0
    } ],
    "lastUpdate" : "20161118T092538Z"
  }, {
    "type" : "place",
    "startTime" : "20161118T171725+0900",
    "endTime" : "20161118T172908+0900",
    "activities" : [ {
      "activity" : "walking",
      "group" : "walking",
      "manual" : false,
      "startTime" : "20161118T171725+0900",
      "endTime" : "20161118T172057+0900",
      "duration" : 212.0,
      "distance" : 202.0,
      "steps" : 270,
      "calories" : 11
    } ],
    "lastUpdate" : "20161118T092538Z"
  }, {
    "type" : "place",
    "startTime" : "20161118T172909+0900",
    "endTime" : "20161118T180622+0900",
    "activities" : [ {
      "activity" : "walking",
      "group" : "walking",
      "manual" : false,
      "startTime" : "20161118T172909+0900",
      "endTime" : "20161118T173257+0900",
      "duration" : 228.0,
      "distance" : 228.0,
      "steps" : 304,
      "calories" : 13
    }, {
      "activity" : "walking",
      "group" : "walking",
      "manual" : false,
      "startTime" : "20161118T180318+0900",
      "endTime" : "20161118T180541+0900",
      "duration" : 143.0,
      "distance" : 166.0,
      "steps" : 221,
      "calories" : 9
    } ],
    "lastUpdate" : "20161118T092538Z"
  }, {
    "type" : "move",
    "startTime" : "20161118T180622+0900",
    "endTime" : "20161118T182000+0900",
    "activities" : [ {
      "activity" : "transport",
      "group" : "transport",
      "manual" : false,
      "startTime" : "20161118T180622+0900",
      "endTime" : "20161118T181555+0900",
      "duration" : 573.0,
      "distance" : 1347.0
    }, {
      "activity" : "walking",
      "group" : "walking",
      "manual" : false,
      "startTime" : "20161118T181555+0900",
      "endTime" : "20161118T181959+0900",
      "duration" : 244.0,
      "distance" : 1091.0,
      "steps" : 341,
      "calories" : 61
    } ],
    "lastUpdate" : "20161118T092538Z"
  }, {
    "type" : "place",
    "startTime" : "20161118T182000+0900",
    "endTime" : "20161118T185258+0900",
    "activities" : [ {
      "activity" : "walking",
      "group" : "walking",
      "manual" : false,
      "startTime" : "20161118T182007+0900",
      "endTime" : "20161118T182932+0900",
      "duration" : 565.0,
      "distance" : 689.0,
      "steps" : 919,
      "calories" : 38
    } ],
    "lastUpdate" : "20161118T105959Z"
  }, {
    "type" : "move",
    "startTime" : "20161118T185258+0900",
    "endTime" : "20161118T185633+0900",
    "activities" : [ {
      "activity" : "cycling",
      "group" : "cycling",
      "manual" : false,
      "startTime" : "20161118T185258+0900",
      "endTime" : "20161118T185633+0900",
      "duration" : 215.0,
      "distance" : 973.0,
      "calories" : 24
    } ],
    "lastUpdate" : "20161118T105959Z"
  } ],
  "caloriesIdle" : 1601,
  "lastUpdate" : "20161119T110921Z"
} ]