[ {
  "date" : "20160419",
  "summary" : [ {
    "activity" : "walking",
    "group" : "walking",
    "duration" : 2225.0,
    "distance" : 3075.0,
    "steps" : 3187,
    "calories" : 171
  }, {
    "activity" : "cycling",
    "group" : "cycling",
    "duration" : 498.0,
    "distance" : 1142.0,
    "calories" : 31
  } ],
  "segments" : [ {
    "type" : "place",
    "startTime" : "20160418T175903+0900",
    "endTime" : "20160419T102406+0900",
    "activities" : [ {
      "activity" : "walking",
      "group" : "walking",
      "manual" : false,
      "startTime" : "20160419T101753+0900",
      "endTime" : "20160419T102349+0900",
      "duration" : 356.0,
      "distance" : 313.0,
      "steps" : 417,
      "calories" : 17
    } ],
    "lastUpdate" : "20160419T042854Z"
  }, {
    "type" : "move",
    "startTime" : "20160419T102406+0900",
    "endTime" : "20160419T102957+0900",
    "activities" : [ {
      "activity" : "walking",
      "group" : "walking",
      "manual" : false,
      "startTime" : "20160419T102406+0900",
      "endTime" : "20160419T102956+0900",
      "duration" : 350.0,
      "distance" : 1125.0,
      "steps" : 489,
      "calories" : 63
    } ],
    "lastUpdate" : "20160419T042854Z"
  }, {
    "type" : "place",
    "startTime" : "20160419T102957+0900",
    "endTime" : "20160419T161922+0900",
    "activities" : [ {
      "activity" : "walking",
      "group" : "walking",
      "manual" : false,
      "startTime" : "20160419T115729+0900",
      "endTime" : "20160419T120006+0900",
      "duration" : 157.0,
      "distance" : 194.0,
      "steps" : 258,
      "calories" : 11
    }, {
      "activity" : "walking",
      "group" : "walking",
      "manual" : false,
      "startTime" : "20160419T120000+0900",
      "endTime" : "20160419T121031+0900",
      "duration" : 631.0,
      "distance" : 754.0,
      "steps" : 1005,
      "calories" : 42
    }, {
      "activity" : "walking",
      "group" : "walking",
      "manual" : false,
      "startTime" : "20160419T143039+0900",
      "endTime" : "20160419T143303+0900",
      "duration" : 144.0,
      "distance" : 175.0,
      "steps" : 234,
      "calories" : 10
    }, {
      "activity" : "walking",
      "group" : "walking",
      "manual" : false,
      "startTime" : "20160419T161748+0900",
      "endTime" : "20160419T161907+0900",
      "duration" : 79.0,
      "distance" : 59.0,
      "steps" : 118,
      "calories" : 3
    } ],
    "lastUpdate" : "20160419T073020Z"
  }, {
    "type" : "move",
    "startTime" : "20160419T161922+0900",
    "endTime" : "20160419T162427+0900",
    "activities" : [ {
      "activity" : "cycling",
      "group" : "cycling",
      "manual" : false,
      "startTime" : "20160419T161922+0900",
      "endTime" : "20160419T162427+0900",
      "duration" : 305.0,
      "distance" : 838.0,
      "calories" : 22
    } ],
    "lastUpdate" : "20160419T073020Z"
  }, {
    "type" : "move",
    "startTime" : "20160419T162428+0900",
    "endTime" : "20160419T162619+0900",
    "activities" : [ {
      "activity" : "walking",
      "group" : "walking",
      "manual" : false,
      "startTime" : "20160419T162535+0900",
      "endTime" : "20160419T162619+0900",
      "duration" : 44.0,
      "distance" : 52.0,
      "steps" : 44,
      "calories" : 3
    } ],
    "lastUpdate" : "20160419T120631Z"
  }, {
    "type" : "place",
    "startTime" : "20160419T162620+0900",
    "endTime" : "20160419T205813+0900",
    "activities" : [ {
      "activity" : "walking",
      "group" : "walking",
      "manual" : false,
      "startTime" : "20160419T162620+0900",
      "endTime" : "20160419T162720+0900",
      "duration" : 60.0,
      "distance" : 40.0,
      "steps" : 80,
      "calories" : 2
    }, {
      "activity" : "walking",
      "group" : "walking",
      "manual" : false,
      "startTime" : "20160419T195941+0900",
      "endTime" : "20160419T195954+0900",
      "duration" : 13.0,
      "distance" : 9.0,
      "steps" : 18,
      "calories" : 1
    }, {
      "activity" : "walking",
      "group" : "walking",
      "manual" : false,
      "startTime" : "20160419T200016+0900",
      "endTime" : "20160419T200455+0900",
      "duration" : 279.0,
      "distance" : 280.0,
      "steps" : 374,
      "calories" : 16
    }, {
      "activity" : "walking",
      "group" : "walking",
      "manual" : false,
      "startTime" : "20160419T210000+0900",
      "endTime" : "20160419T210125+0900",
      "duration" : 85.0,
      "distance" : 56.0,
      "steps" : 113,
      "calories" : 3
    } ],
    "lastUpdate" : "20160420T015413Z"
  }, {
    "type" : "move",
    "startTime" : "20160419T205813+0900",
    "endTime" : "20160419T210126+0900",
    "activities" : [ {
      "activity" : "cycling",
      "group" : "cycling",
      "manual" : false,
      "startTime" : "20160419T205813+0900",
      "endTime" : "20160419T210126+0900",
      "duration" : 193.0,
      "distance" : 304.0,
      "calories" : 9
    } ],
    "lastUpdate" : "20160420T015413Z"
  }, {
    "type" : "place",
    "startTime" : "20160419T210127+0900",
    "endTime" : "20160420T101803+0900",
    "activities" : [ {
      "activity" : "walking",
      "group" : "walking",
      "manual" : false,
      "startTime" : "20160419T210131+0900",
      "endTime" : "20160419T210158+0900",
      "duration" : 27.0,
      "distance" : 18.0,
      "steps" : 37,
      "calories" : 1
    } ],
    "lastUpdate" : "20160420T050142Z"
  } ],
  "caloriesIdle" : 1601,
  "lastUpdate" : "20160420T050142Z"
} ]