[ {
  "date" : "20150224",
  "summary" : [ {
    "activity" : "walking",
    "group" : "walking",
    "duration" : 3101.0,
    "distance" : 3812.0,
    "steps" : 5195,
    "calories" : 226
  } ],
  "segments" : [ {
    "type" : "place",
    "startTime" : "20150223T191219+0900",
    "endTime" : "20150224T135519+0900",
    "activities" : [ {
      "activity" : "walking",
      "group" : "walking",
      "manual" : false,
      "startTime" : "20150224T075352+0900",
      "endTime" : "20150224T075422+0900",
      "duration" : 30.0,
      "distance" : 25.0,
      "steps" : 51,
      "calories" : 1
    }, {
      "activity" : "walking",
      "group" : "walking",
      "manual" : false,
      "startTime" : "20150224T082345+0900",
      "endTime" : "20150224T082445+0900",
      "duration" : 60.0,
      "distance" : 46.0,
      "steps" : 91,
      "calories" : 3
    }, {
      "activity" : "walking",
      "group" : "walking",
      "manual" : false,
      "startTime" : "20150224T134749+0900",
      "endTime" : "20150224T134849+0900",
      "duration" : 60.0,
      "distance" : 46.0,
      "steps" : 91,
      "calories" : 3
    } ],
    "lastUpdate" : "20150224T093758Z"
  }, {
    "type" : "move",
    "startTime" : "20150224T135519+0900",
    "endTime" : "20150224T140830+0900",
    "activities" : [ {
      "activity" : "walking",
      "group" : "walking",
      "manual" : false,
      "startTime" : "20150224T135519+0900",
      "endTime" : "20150224T140830+0900",
      "duration" : 791.0,
      "distance" : 983.0,
      "steps" : 1398,
      "calories" : 58
    } ],
    "lastUpdate" : "20150224T093758Z"
  }, {
    "type" : "move",
    "startTime" : "20150224T150528+0900",
    "endTime" : "20150224T153527+0900",
    "activities" : [ {
      "activity" : "walking",
      "group" : "walking",
      "manual" : false,
      "startTime" : "20150224T150528+0900",
      "endTime" : "20150224T153528+0900",
      "duration" : 1800.0,
      "distance" : 2310.0,
      "steps" : 3028,
      "calories" : 137
    } ],
    "lastUpdate" : "20150224T093758Z"
  }, {
    "type" : "place",
    "startTime" : "20150224T153527+0900",
    "endTime" : "20150225T080422+0900",
    "activities" : [ {
      "activity" : "walking",
      "group" : "walking",
      "manual" : false,
      "startTime" : "20150224T153649+0900",
      "endTime" : "20150224T154249+0900",
      "duration" : 360.0,
      "distance" : 402.0,
      "steps" : 536,
      "calories" : 24
    } ],
    "lastUpdate" : "20150225T022231Z"
  } ],
  "caloriesIdle" : 1706,
  "lastUpdate" : "20150225T022231Z"
} ]