[ {
  "date" : "20180522",
  "summary" : [ {
    "activity" : "walking",
    "group" : "walking",
    "duration" : 981.0,
    "distance" : 921.0,
    "steps" : 819,
    "calories" : 51
  }, {
    "activity" : "cycling",
    "group" : "cycling",
    "duration" : 309.0,
    "distance" : 1027.0,
    "calories" : 26
  } ],
  "segments" : [ {
    "type" : "place",
    "startTime" : "20180521T170114+0900",
    "endTime" : "20180522T092103+0900",
    "activities" : [ {
      "activity" : "walking",
      "group" : "walking",
      "manual" : false,
      "startTime" : "20180522T092012+0900",
      "endTime" : "20180522T092103+0900",
      "duration" : 51.0,
      "distance" : 25.0,
      "steps" : 35,
      "calories" : 1
    } ],
    "lastUpdate" : "20180522T012246Z"
  }, {
    "type" : "move",
    "startTime" : "20180522T092103+0900",
    "endTime" : "20180522T092613+0900",
    "activities" : [ {
      "activity" : "cycling",
      "group" : "cycling",
      "manual" : false,
      "startTime" : "20180522T092103+0900",
      "endTime" : "20180522T092612+0900",
      "duration" : 309.0,
      "distance" : 1027.0,
      "calories" : 26
    } ],
    "lastUpdate" : "20180522T012246Z"
  }, {
    "type" : "place",
    "startTime" : "20180522T092613+0900",
    "endTime" : "20180522T101846+0900",
    "activities" : [ {
      "activity" : "walking",
      "group" : "walking",
      "manual" : false,
      "startTime" : "20180522T092613+0900",
      "endTime" : "20180522T092812+0900",
      "duration" : 119.0,
      "distance" : 89.0,
      "steps" : 179,
      "calories" : 5
    }, {
      "activity" : "walking",
      "group" : "walking",
      "manual" : false,
      "startTime" : "20180522T100218+0900",
      "endTime" : "20180522T101056+0900",
      "duration" : 518.0,
      "distance" : 388.0,
      "steps" : 183,
      "calories" : 21
    } ],
    "lastUpdate" : "20180522T040033Z"
  }, {
    "type" : "move",
    "startTime" : "20180522T101846+0900",
    "endTime" : "20180522T102142+0900",
    "activities" : [ {
      "activity" : "walking",
      "group" : "walking",
      "manual" : false,
      "startTime" : "20180522T101846+0900",
      "endTime" : "20180522T102142+0900",
      "duration" : 176.0,
      "distance" : 331.0,
      "steps" : 246,
      "calories" : 18
    } ],
    "lastUpdate" : "20180522T040033Z"
  }, {
    "type" : "place",
    "startTime" : "20180522T102202+0900",
    "endTime" : "20180522T144834+0900",
    "activities" : [ {
      "activity" : "walking",
      "group" : "walking",
      "manual" : false,
      "startTime" : "20180522T144548+0900",
      "endTime" : "20180522T144745+0900",
      "duration" : 117.0,
      "distance" : 88.0,
      "steps" : 176,
      "calories" : 5
    } ],
    "lastUpdate" : "20180522T054837Z"
  } ],
  "caloriesIdle" : 1591,
  "lastUpdate" : "20180522T054837Z"
} ]