[ {
  "date" : "20150508",
  "summary" : [ {
    "activity" : "walking",
    "group" : "walking",
    "duration" : 1594.0,
    "distance" : 1986.0,
    "steps" : 2907,
    "calories" : 118
  }, {
    "activity" : "cycling",
    "group" : "cycling",
    "duration" : 587.0,
    "distance" : 2431.0,
    "calories" : 65
  }, {
    "activity" : "transport",
    "group" : "transport",
    "duration" : 1136.0,
    "distance" : 3577.0
  } ],
  "segments" : [ {
    "type" : "place",
    "startTime" : "20150507T194859+0900",
    "endTime" : "20150508T103902+0900",
    "activities" : [ {
      "activity" : "walking",
      "group" : "walking",
      "manual" : false,
      "startTime" : "20150508T103734+0900",
      "endTime" : "20150508T103804+0900",
      "duration" : 30.0,
      "distance" : 25.0,
      "steps" : 51,
      "calories" : 1
    } ],
    "lastUpdate" : "20150508T030818Z"
  }, {
    "type" : "move",
    "startTime" : "20150508T103902+0900",
    "endTime" : "20150508T104135+0900",
    "activities" : [ {
      "activity" : "cycling",
      "group" : "cycling",
      "manual" : false,
      "startTime" : "20150508T103902+0900",
      "endTime" : "20150508T104134+0900",
      "duration" : 152.0,
      "distance" : 962.0,
      "calories" : 25
    } ],
    "lastUpdate" : "20150508T030818Z"
  }, {
    "type" : "place",
    "startTime" : "20150508T104135+0900",
    "endTime" : "20150508T115434+0900",
    "activities" : [ {
      "activity" : "walking",
      "group" : "walking",
      "manual" : false,
      "startTime" : "20150508T104205+0900",
      "endTime" : "20150508T104405+0900",
      "duration" : 120.0,
      "distance" : 144.0,
      "steps" : 192,
      "calories" : 9
    }, {
      "activity" : "walking",
      "group" : "walking",
      "manual" : false,
      "startTime" : "20150508T115232+0900",
      "endTime" : "20150508T115405+0900",
      "duration" : 93.0,
      "distance" : 95.0,
      "steps" : 190,
      "calories" : 6
    } ],
    "lastUpdate" : "20150508T071134Z"
  }, {
    "type" : "move",
    "startTime" : "20150508T115434+0900",
    "endTime" : "20150508T115839+0900",
    "activities" : [ {
      "activity" : "cycling",
      "group" : "cycling",
      "manual" : false,
      "startTime" : "20150508T115434+0900",
      "endTime" : "20150508T115839+0900",
      "duration" : 245.0,
      "distance" : 967.0,
      "calories" : 26
    } ],
    "lastUpdate" : "20150508T071134Z"
  }, {
    "type" : "place",
    "startTime" : "20150508T115839+0900",
    "endTime" : "20150508T123051+0900",
    "activities" : [ {
      "activity" : "walking",
      "group" : "walking",
      "manual" : false,
      "startTime" : "20150508T122954+0900",
      "endTime" : "20150508T123024+0900",
      "duration" : 30.0,
      "distance" : 30.0,
      "steps" : 60,
      "calories" : 2
    } ],
    "lastUpdate" : "20150508T071134Z"
  }, {
    "type" : "move",
    "startTime" : "20150508T123051+0900",
    "endTime" : "20150508T124427+0900",
    "activities" : [ {
      "activity" : "transport",
      "group" : "transport",
      "manual" : false,
      "startTime" : "20150508T123051+0900",
      "endTime" : "20150508T124427+0900",
      "duration" : 816.0,
      "distance" : 2457.0
    } ],
    "lastUpdate" : "20150508T071134Z"
  }, {
    "type" : "place",
    "startTime" : "20150508T124427+0900",
    "endTime" : "20150508T163243+0900",
    "activities" : [ {
      "activity" : "walking",
      "group" : "walking",
      "manual" : false,
      "startTime" : "20150508T124427+0900",
      "endTime" : "20150508T124827+0900",
      "duration" : 240.0,
      "distance" : 343.0,
      "steps" : 457,
      "calories" : 20
    }, {
      "activity" : "walking",
      "group" : "walking",
      "manual" : false,
      "startTime" : "20150508T143404+0900",
      "endTime" : "20150508T143534+0900",
      "duration" : 90.0,
      "distance" : 66.0,
      "steps" : 132,
      "calories" : 4
    }, {
      "activity" : "walking",
      "group" : "walking",
      "manual" : false,
      "startTime" : "20150508T151145+0900",
      "endTime" : "20150508T151215+0900",
      "duration" : 30.0,
      "distance" : 15.0,
      "steps" : 30,
      "calories" : 1
    }, {
      "activity" : "walking",
      "group" : "walking",
      "manual" : false,
      "startTime" : "20150508T160135+0900",
      "endTime" : "20150508T161036+0900",
      "duration" : 541.0,
      "distance" : 738.0,
      "steps" : 984,
      "calories" : 44
    } ],
    "lastUpdate" : "20150508T120726Z"
  }, {
    "type" : "move",
    "startTime" : "20150508T163243+0900",
    "endTime" : "20150508T163343+0900",
    "activities" : [ {
      "activity" : "transport",
      "group" : "transport",
      "manual" : false,
      "startTime" : "20150508T163243+0900",
      "endTime" : "20150508T163343+0900",
      "duration" : 60.0,
      "distance" : 618.0
    } ],
    "lastUpdate" : "20150508T120726Z"
  }, {
    "type" : "place",
    "startTime" : "20150508T163343+0900",
    "endTime" : "20150508T190416+0900",
    "activities" : [ {
      "activity" : "walking",
      "group" : "walking",
      "manual" : false,
      "startTime" : "20150508T163428+0900",
      "endTime" : "20150508T163628+0900",
      "duration" : 120.0,
      "distance" : 183.0,
      "steps" : 243,
      "calories" : 11
    }, {
      "activity" : "walking",
      "group" : "walking",
      "manual" : false,
      "startTime" : "20150508T183240+0900",
      "endTime" : "20150508T183340+0900",
      "duration" : 60.0,
      "distance" : 66.0,
      "steps" : 132,
      "calories" : 4
    }, {
      "activity" : "walking",
      "group" : "walking",
      "manual" : false,
      "startTime" : "20150508T190227+0900",
      "endTime" : "20150508T190357+0900",
      "duration" : 90.0,
      "distance" : 91.0,
      "steps" : 183,
      "calories" : 5
    } ],
    "lastUpdate" : "20150508T120734Z"
  }, {
    "type" : "move",
    "startTime" : "20150508T190416+0900",
    "endTime" : "20150508T190727+0900",
    "activities" : [ {
      "activity" : "cycling",
      "group" : "cycling",
      "manual" : false,
      "startTime" : "20150508T190416+0900",
      "endTime" : "20150508T190726+0900",
      "duration" : 190.0,
      "distance" : 502.0,
      "calories" : 14
    } ],
    "lastUpdate" : "20150508T120734Z"
  }, {
    "type" : "place",
    "startTime" : "20150508T190727+0900",
    "endTime" : "20150508T210045+0900",
    "activities" : [ {
      "activity" : "walking",
      "group" : "walking",
      "manual" : false,
      "startTime" : "20150508T191328+0900",
      "endTime" : "20150508T191558+0900",
      "duration" : 150.0,
      "distance" : 190.0,
      "steps" : 253,
      "calories" : 11
    } ],
    "lastUpdate" : "20150508T150031Z"
  }, {
    "type" : "move",
    "startTime" : "20150508T210045+0900",
    "endTime" : "20150508T210504+0900",
    "activities" : [ {
      "activity" : "transport",
      "group" : "transport",
      "manual" : false,
      "startTime" : "20150508T210045+0900",
      "endTime" : "20150508T210505+0900",
      "duration" : 260.0,
      "distance" : 502.0
    } ],
    "lastUpdate" : "20150508T150031Z"
  } ],
  "caloriesIdle" : 1706,
  "lastUpdate" : "20150509T080504Z"
} ]