[ {
  "date" : "20180519",
  "summary" : [ {
    "activity" : "walking",
    "group" : "walking",
    "duration" : 1627.0,
    "distance" : 1382.0,
    "steps" : 1353,
    "calories" : 76
  }, {
    "activity" : "cycling",
    "group" : "cycling",
    "duration" : 711.0,
    "distance" : 2834.0,
    "calories" : 71
  }, {
    "activity" : "transport",
    "group" : "transport",
    "duration" : 435.0,
    "distance" : 560.0
  } ],
  "segments" : [ {
    "type" : "place",
    "startTime" : "20180518T181615+0900",
    "endTime" : "20180519T163647+0900",
    "activities" : [ {
      "activity" : "walking",
      "group" : "walking",
      "manual" : false,
      "startTime" : "20180519T144829+0900",
      "endTime" : "20180519T144852+0900",
      "duration" : 23.0,
      "distance" : 11.0,
      "steps" : 0,
      "calories" : 1
    }, {
      "activity" : "walking",
      "group" : "walking",
      "manual" : false,
      "startTime" : "20180519T154326+0900",
      "endTime" : "20180519T154337+0900",
      "duration" : 11.0,
      "distance" : 5.0,
      "steps" : 0,
      "calories" : 0
    }, {
      "activity" : "walking",
      "group" : "walking",
      "manual" : false,
      "startTime" : "20180519T162111+0900",
      "endTime" : "20180519T163249+0900",
      "duration" : 698.0,
      "distance" : 523.0,
      "steps" : 315,
      "calories" : 29
    } ],
    "lastUpdate" : "20180519T091929Z"
  }, {
    "type" : "move",
    "startTime" : "20180519T163647+0900",
    "endTime" : "20180519T164514+0900",
    "activities" : [ {
      "activity" : "cycling",
      "group" : "cycling",
      "manual" : false,
      "startTime" : "20180519T163647+0900",
      "endTime" : "20180519T164514+0900",
      "duration" : 507.0,
      "distance" : 2028.0,
      "calories" : 51
    } ],
    "lastUpdate" : "20180519T091929Z"
  }, {
    "type" : "place",
    "startTime" : "20180519T164514+0900",
    "endTime" : "20180519T170629+0900",
    "activities" : [ {
      "activity" : "walking",
      "group" : "walking",
      "manual" : false,
      "startTime" : "20180519T164514+0900",
      "endTime" : "20180519T164807+0900",
      "duration" : 173.0,
      "distance" : 195.0,
      "steps" : 260,
      "calories" : 11
    }, {
      "activity" : "walking",
      "group" : "walking",
      "manual" : false,
      "startTime" : "20180519T170000+0900",
      "endTime" : "20180519T170439+0900",
      "duration" : 279.0,
      "distance" : 209.0,
      "steps" : 238,
      "calories" : 12
    } ],
    "lastUpdate" : "20180519T091929Z"
  }, {
    "type" : "move",
    "startTime" : "20180519T170629+0900",
    "endTime" : "20180519T171710+0900",
    "activities" : [ {
      "activity" : "cycling",
      "group" : "cycling",
      "manual" : false,
      "startTime" : "20180519T170629+0900",
      "endTime" : "20180519T170953+0900",
      "duration" : 204.0,
      "distance" : 806.0,
      "calories" : 20
    }, {
      "activity" : "transport",
      "group" : "transport",
      "manual" : false,
      "startTime" : "20180519T170954+0900",
      "endTime" : "20180519T171709+0900",
      "duration" : 435.0,
      "distance" : 560.0
    } ],
    "lastUpdate" : "20180519T091929Z"
  }, {
    "type" : "place",
    "startTime" : "20180519T171710+0900",
    "endTime" : "20180519T174725+0900",
    "activities" : [ {
      "activity" : "walking",
      "group" : "walking",
      "manual" : false,
      "startTime" : "20180519T171720+0900",
      "endTime" : "20180519T172048+0900",
      "duration" : 208.0,
      "distance" : 235.0,
      "steps" : 313,
      "calories" : 13
    } ],
    "lastUpdate" : "20180519T091931Z"
  }, {
    "type" : "move",
    "startTime" : "20180519T174725+0900",
    "endTime" : "20180519T174852+0900",
    "activities" : [ {
      "activity" : "walking",
      "group" : "walking",
      "manual" : false,
      "startTime" : "20180519T174725+0900",
      "endTime" : "20180519T174852+0900",
      "duration" : 87.0,
      "distance" : 105.0,
      "steps" : 75,
      "calories" : 6
    } ],
    "lastUpdate" : "20180519T091931Z"
  }, {
    "type" : "place",
    "startTime" : "20180519T174852+0900",
    "endTime" : "20180519T181928+0900",
    "activities" : [ {
      "activity" : "walking",
      "group" : "walking",
      "manual" : false,
      "startTime" : "20180519T175035+0900",
      "endTime" : "20180519T175216+0900",
      "duration" : 101.0,
      "distance" : 76.0,
      "steps" : 152,
      "calories" : 4
    }, {
      "activity" : "walking",
      "group" : "walking",
      "manual" : false,
      "startTime" : "20180519T180000+0900",
      "endTime" : "20180519T180047+0900",
      "duration" : 47.0,
      "distance" : 23.0,
      "steps" : 0,
      "calories" : 1
    } ],
    "lastUpdate" : "20180519T091931Z"
  } ],
  "caloriesIdle" : 1591,
  "lastUpdate" : "20180519T091931Z"
} ]