[ {
  "date" : "20161014",
  "summary" : [ {
    "activity" : "walking",
    "group" : "walking",
    "duration" : 6874.0,
    "distance" : 7226.0,
    "steps" : 10050,
    "calories" : 402
  }, {
    "activity" : "cycling",
    "group" : "cycling",
    "duration" : 678.0,
    "distance" : 2044.0,
    "calories" : 53
  }, {
    "activity" : "transport",
    "group" : "transport",
    "duration" : 17482.0,
    "distance" : 1125797.0
  } ],
  "segments" : [ {
    "type" : "place",
    "startTime" : "20161013T121220+0900",
    "endTime" : "20161014T102317+0900",
    "activities" : [ {
      "activity" : "walking",
      "group" : "walking",
      "manual" : false,
      "startTime" : "20161014T045954+0900",
      "endTime" : "20161014T050006+0900",
      "duration" : 12.0,
      "distance" : 7.0,
      "steps" : 15,
      "calories" : 0
    }, {
      "activity" : "walking",
      "group" : "walking",
      "manual" : false,
      "startTime" : "20161014T102159+0900",
      "endTime" : "20161014T103546+0900",
      "duration" : 827.0,
      "distance" : 827.0,
      "steps" : 1103,
      "calories" : 46
    } ],
    "lastUpdate" : "20161014T025813Z"
  }, {
    "type" : "move",
    "startTime" : "20161014T102317+0900",
    "endTime" : "20161014T102857+0900",
    "activities" : [ {
      "activity" : "cycling",
      "group" : "cycling",
      "manual" : false,
      "startTime" : "20161014T102317+0900",
      "endTime" : "20161014T102857+0900",
      "duration" : 340.0,
      "distance" : 1347.0,
      "calories" : 34
    } ],
    "lastUpdate" : "20161014T025813Z"
  }, {
    "type" : "place",
    "startTime" : "20161014T102857+0900",
    "endTime" : "20161014T140827+0900",
    "activities" : [ {
      "activity" : "walking",
      "group" : "walking",
      "manual" : false,
      "startTime" : "20161014T102857+0900",
      "endTime" : "20161014T103006+0900",
      "duration" : 69.0,
      "distance" : 56.0,
      "steps" : 113,
      "calories" : 3
    }, {
      "activity" : "walking",
      "group" : "walking",
      "manual" : false,
      "startTime" : "20161014T111643+0900",
      "endTime" : "20161014T112346+0900",
      "duration" : 423.0,
      "distance" : 498.0,
      "steps" : 664,
      "calories" : 28
    }, {
      "activity" : "walking",
      "group" : "walking",
      "manual" : false,
      "startTime" : "20161014T120953+0900",
      "endTime" : "20161014T122017+0900",
      "duration" : 624.0,
      "distance" : 791.0,
      "steps" : 1055,
      "calories" : 44
    } ],
    "lastUpdate" : "20161014T060321Z"
  }, {
    "type" : "move",
    "startTime" : "20161014T140827+0900",
    "endTime" : "20161014T142054+0900",
    "activities" : [ {
      "activity" : "transport",
      "group" : "transport",
      "manual" : false,
      "startTime" : "20161014T140827+0900",
      "endTime" : "20161014T141516+0900",
      "duration" : 409.0,
      "distance" : 470.0
    }, {
      "activity" : "cycling",
      "group" : "cycling",
      "manual" : false,
      "startTime" : "20161014T141516+0900",
      "endTime" : "20161014T142054+0900",
      "duration" : 338.0,
      "distance" : 697.0,
      "calories" : 19
    } ],
    "lastUpdate" : "20161014T060321Z"
  }, {
    "type" : "place",
    "startTime" : "20161014T142055+0900",
    "endTime" : "20161014T150236+0900",
    "activities" : [ {
      "activity" : "walking",
      "group" : "walking",
      "manual" : false,
      "startTime" : "20161014T142107+0900",
      "endTime" : "20161014T142218+0900",
      "duration" : 71.0,
      "distance" : 50.0,
      "steps" : 100,
      "calories" : 3
    }, {
      "activity" : "walking",
      "group" : "walking",
      "manual" : false,
      "startTime" : "20161014T150058+0900",
      "endTime" : "20161014T150222+0900",
      "duration" : 84.0,
      "distance" : 56.0,
      "steps" : 112,
      "calories" : 3
    } ],
    "lastUpdate" : "20161014T073528Z"
  }, {
    "type" : "move",
    "startTime" : "20161014T150236+0900",
    "endTime" : "20161014T151059+0900",
    "activities" : [ {
      "activity" : "walking",
      "group" : "walking",
      "manual" : false,
      "startTime" : "20161014T150236+0900",
      "endTime" : "20161014T151059+0900",
      "duration" : 503.0,
      "distance" : 728.0,
      "steps" : 888,
      "calories" : 40
    } ],
    "lastUpdate" : "20161014T073528Z"
  }, {
    "type" : "place",
    "startTime" : "20161014T151059+0900",
    "endTime" : "20161014T152102+0900",
    "activities" : [ {
      "activity" : "walking",
      "group" : "walking",
      "manual" : false,
      "startTime" : "20161014T151533+0900",
      "endTime" : "20161014T151551+0900",
      "duration" : 18.0,
      "distance" : 12.0,
      "steps" : 25,
      "calories" : 1
    } ],
    "lastUpdate" : "20161014T073528Z"
  }, {
    "type" : "move",
    "startTime" : "20161014T152102+0900",
    "endTime" : "20161014T162825+0900",
    "activities" : [ {
      "activity" : "transport",
      "group" : "transport",
      "manual" : false,
      "startTime" : "20161014T152102+0900",
      "endTime" : "20161014T162825+0900",
      "duration" : 4043.0,
      "distance" : 58380.0
    } ],
    "lastUpdate" : "20161014T073528Z"
  }, {
    "type" : "place",
    "startTime" : "20161014T162826+0900",
    "endTime" : "20161014T165752+0900",
    "activities" : [ {
      "activity" : "walking",
      "group" : "walking",
      "manual" : false,
      "startTime" : "20161014T162859+0900",
      "endTime" : "20161014T164339+0900",
      "duration" : 880.0,
      "distance" : 1017.0,
      "steps" : 1357,
      "calories" : 57
    } ],
    "lastUpdate" : "20161014T090728Z"
  }, {
    "type" : "move",
    "startTime" : "20161014T165752+0900",
    "endTime" : "20161014T170518+0900",
    "activities" : [ {
      "activity" : "walking",
      "group" : "walking",
      "manual" : false,
      "startTime" : "20161014T165752+0900",
      "endTime" : "20161014T170518+0900",
      "duration" : 446.0,
      "distance" : 349.0,
      "steps" : 696,
      "calories" : 19
    } ],
    "lastUpdate" : "20161014T090728Z"
  }, {
    "type" : "place",
    "startTime" : "20161014T170518+0900",
    "endTime" : "20161014T190406+0900",
    "activities" : [ {
      "activity" : "walking",
      "group" : "walking",
      "manual" : false,
      "startTime" : "20161014T170518+0900",
      "endTime" : "20161014T170728+0900",
      "duration" : 130.0,
      "distance" : 147.0,
      "steps" : 196,
      "calories" : 8
    }, {
      "activity" : "walking",
      "group" : "walking",
      "manual" : false,
      "startTime" : "20161014T180003+0900",
      "endTime" : "20161014T180646+0900",
      "duration" : 403.0,
      "distance" : 472.0,
      "steps" : 630,
      "calories" : 26
    } ],
    "lastUpdate" : "20161014T121303Z"
  }, {
    "type" : "move",
    "startTime" : "20161014T190406+0900",
    "endTime" : "20161014T205915+0900",
    "activities" : [ {
      "activity" : "transport",
      "group" : "transport",
      "manual" : false,
      "startTime" : "20161014T190406+0900",
      "endTime" : "20161014T205017+0900",
      "duration" : 6371.0,
      "distance" : 987084.0
    }, {
      "activity" : "walking",
      "group" : "walking",
      "manual" : false,
      "startTime" : "20161014T205017+0900",
      "endTime" : "20161014T205915+0900",
      "duration" : 538.0,
      "distance" : 288.0,
      "steps" : 576,
      "calories" : 16
    } ],
    "lastUpdate" : "20161014T121303Z"
  }, {
    "type" : "place",
    "startTime" : "20161014T205916+0900",
    "endTime" : "20161014T210217+0900",
    "activities" : [ {
      "activity" : "walking",
      "group" : "walking",
      "manual" : false,
      "startTime" : "20161014T205916+0900",
      "endTime" : "20161014T205920+0900",
      "duration" : 4.0,
      "distance" : 2.0,
      "steps" : 5,
      "calories" : 0
    } ],
    "lastUpdate" : "20161014T153729Z"
  }, {
    "type" : "move",
    "startTime" : "20161014T210217+0900",
    "endTime" : "20161014T231547+0900",
    "activities" : [ {
      "activity" : "transport",
      "group" : "transport",
      "manual" : false,
      "startTime" : "20161014T210217+0900",
      "endTime" : "20161014T220450+0900",
      "duration" : 3753.0,
      "distance" : 73489.0
    }, {
      "activity" : "walking",
      "group" : "walking",
      "manual" : false,
      "startTime" : "20161014T220450+0900",
      "endTime" : "20161014T222420+0900",
      "duration" : 1170.0,
      "distance" : 1307.0,
      "steps" : 1614,
      "calories" : 73
    }, {
      "activity" : "transport",
      "group" : "transport",
      "manual" : false,
      "startTime" : "20161014T222421+0900",
      "endTime" : "20161014T225016+0900",
      "duration" : 1555.0,
      "distance" : 3742.0
    }, {
      "activity" : "walking",
      "group" : "walking",
      "manual" : false,
      "startTime" : "20161014T225016+0900",
      "endTime" : "20161014T225316+0900",
      "duration" : 180.0,
      "distance" : 90.0,
      "steps" : 169,
      "calories" : 5
    }, {
      "activity" : "transport",
      "group" : "transport",
      "manual" : false,
      "startTime" : "20161014T225316+0900",
      "endTime" : "20161014T231547+0900",
      "duration" : 1351.0,
      "distance" : 2632.0
    } ],
    "lastUpdate" : "20161014T153729Z"
  }, {
    "type" : "place",
    "startTime" : "20161014T231548+0900",
    "endTime" : "20161014T232716+0900",
    "activities" : [ {
      "activity" : "walking",
      "group" : "walking",
      "manual" : false,
      "startTime" : "20161014T232003+0900",
      "endTime" : "20161014T232342+0900",
      "duration" : 219.0,
      "distance" : 253.0,
      "steps" : 338,
      "calories" : 14
    } ],
    "lastUpdate" : "20161014T153729Z"
  }, {
    "type" : "place",
    "startTime" : "20161014T232735+0900",
    "endTime" : "20161014T233522+0900",
    "activities" : [ {
      "activity" : "walking",
      "group" : "walking",
      "manual" : false,
      "startTime" : "20161014T232735+0900",
      "endTime" : "20161014T233113+0900",
      "duration" : 218.0,
      "distance" : 237.0,
      "steps" : 316,
      "calories" : 13
    } ],
    "lastUpdate" : "20161015T022146Z"
  }, {
    "type" : "place",
    "startTime" : "20161014T233523+0900",
    "endTime" : "20161015T100621+0900",
    "activities" : [ {
      "activity" : "walking",
      "group" : "walking",
      "manual" : false,
      "startTime" : "20161014T233523+0900",
      "endTime" : "20161014T233618+0900",
      "duration" : 55.0,
      "distance" : 39.0,
      "steps" : 78,
      "calories" : 2
    } ],
    "lastUpdate" : "20161015T022146Z"
  } ],
  "caloriesIdle" : 1601,
  "lastUpdate" : "20161015T022146Z"
} ]