[ {
  "date" : "20151106",
  "summary" : [ {
    "activity" : "walking",
    "group" : "walking",
    "duration" : 2457.0,
    "distance" : 2553.0,
    "steps" : 3341,
    "calories" : 151
  }, {
    "activity" : "cycling",
    "group" : "cycling",
    "duration" : 1274.0,
    "distance" : 2856.0,
    "calories" : 82
  } ],
  "segments" : [ {
    "type" : "place",
    "startTime" : "20151106T052452+0900",
    "endTime" : "20151106T084536+0900",
    "activities" : [ {
      "activity" : "walking",
      "group" : "walking",
      "manual" : false,
      "startTime" : "20151106T083225+0900",
      "endTime" : "20151106T083649+0900",
      "duration" : 264.0,
      "distance" : 380.0,
      "steps" : 507,
      "calories" : 23
    } ],
    "lastUpdate" : "20151106T013350Z"
  }, {
    "type" : "move",
    "startTime" : "20151106T084536+0900",
    "endTime" : "20151106T085244+0900",
    "activities" : [ {
      "activity" : "cycling",
      "group" : "cycling",
      "manual" : false,
      "startTime" : "20151106T084536+0900",
      "endTime" : "20151106T084918+0900",
      "duration" : 222.0,
      "distance" : 420.0,
      "calories" : 12
    }, {
      "activity" : "walking",
      "group" : "walking",
      "manual" : false,
      "startTime" : "20151106T084918+0900",
      "endTime" : "20151106T085245+0900",
      "duration" : 207.0,
      "distance" : 285.0,
      "steps" : 289,
      "calories" : 17
    } ],
    "lastUpdate" : "20151106T013350Z"
  }, {
    "type" : "place",
    "startTime" : "20151106T085245+0900",
    "endTime" : "20151106T143353+0900",
    "activities" : [ {
      "activity" : "walking",
      "group" : "walking",
      "manual" : false,
      "startTime" : "20151106T101533+0900",
      "endTime" : "20151106T102904+0900",
      "duration" : 811.0,
      "distance" : 850.0,
      "steps" : 1133,
      "calories" : 50
    }, {
      "activity" : "walking",
      "group" : "walking",
      "manual" : false,
      "startTime" : "20151106T120115+0900",
      "endTime" : "20151106T121245+0900",
      "duration" : 690.0,
      "distance" : 573.0,
      "steps" : 764,
      "calories" : 34
    }, {
      "activity" : "walking",
      "group" : "walking",
      "manual" : false,
      "startTime" : "20151106T142833+0900",
      "endTime" : "20151106T143133+0900",
      "duration" : 180.0,
      "distance" : 206.0,
      "steps" : 275,
      "calories" : 12
    } ],
    "lastUpdate" : "20151106T073820Z"
  }, {
    "type" : "move",
    "startTime" : "20151106T143353+0900",
    "endTime" : "20151106T143915+0900",
    "activities" : [ {
      "activity" : "cycling",
      "group" : "cycling",
      "manual" : false,
      "startTime" : "20151106T143353+0900",
      "endTime" : "20151106T143916+0900",
      "duration" : 323.0,
      "distance" : 628.0,
      "calories" : 18
    } ],
    "lastUpdate" : "20151106T073820Z"
  }, {
    "type" : "place",
    "startTime" : "20151106T143916+0900",
    "endTime" : "20151106T180100+0900",
    "activities" : [ {
      "activity" : "walking",
      "group" : "walking",
      "manual" : false,
      "startTime" : "20151106T143934+0900",
      "endTime" : "20151106T144004+0900",
      "duration" : 30.0,
      "distance" : 25.0,
      "steps" : 51,
      "calories" : 1
    }, {
      "activity" : "walking",
      "group" : "walking",
      "manual" : false,
      "startTime" : "20151106T150745+0900",
      "endTime" : "20151106T150815+0900",
      "duration" : 30.0,
      "distance" : 15.0,
      "steps" : 20,
      "calories" : 1
    }, {
      "activity" : "walking",
      "group" : "walking",
      "manual" : false,
      "startTime" : "20151106T161030+0900",
      "endTime" : "20151106T161100+0900",
      "duration" : 30.0,
      "distance" : 15.0,
      "steps" : 30,
      "calories" : 1
    }, {
      "activity" : "walking",
      "group" : "walking",
      "manual" : false,
      "startTime" : "20151106T175755+0900",
      "endTime" : "20151106T175825+0900",
      "duration" : 30.0,
      "distance" : 15.0,
      "steps" : 20,
      "calories" : 1
    } ],
    "lastUpdate" : "20151106T104433Z"
  }, {
    "type" : "move",
    "startTime" : "20151106T180100+0900",
    "endTime" : "20151106T180545+0900",
    "activities" : [ {
      "activity" : "cycling",
      "group" : "cycling",
      "manual" : false,
      "startTime" : "20151106T180100+0900",
      "endTime" : "20151106T180545+0900",
      "duration" : 285.0,
      "distance" : 785.0,
      "calories" : 22
    } ],
    "lastUpdate" : "20151106T104433Z"
  }, {
    "type" : "place",
    "startTime" : "20151106T180545+0900",
    "endTime" : "20151106T201526+0900",
    "activities" : [ {
      "activity" : "walking",
      "group" : "walking",
      "manual" : false,
      "startTime" : "20151106T201449+0900",
      "endTime" : "20151106T201754+0900",
      "duration" : 185.0,
      "distance" : 189.0,
      "steps" : 252,
      "calories" : 11
    } ],
    "lastUpdate" : "20151108T091602Z"
  }, {
    "type" : "move",
    "startTime" : "20151106T201526+0900",
    "endTime" : "20151106T202859+0900",
    "activities" : [ {
      "activity" : "cycling",
      "group" : "cycling",
      "manual" : false,
      "startTime" : "20151106T201526+0900",
      "endTime" : "20151106T202250+0900",
      "duration" : 444.0,
      "distance" : 1023.0,
      "calories" : 29
    } ],
    "lastUpdate" : "20151108T091602Z"
  } ],
  "caloriesIdle" : 1706,
  "lastUpdate" : "20151109T073837Z"
} ]