[ {
  "date" : "20170106",
  "summary" : [ {
    "activity" : "walking",
    "group" : "walking",
    "duration" : 3753.0,
    "distance" : 5026.0,
    "steps" : 6504,
    "calories" : 279
  }, {
    "activity" : "running",
    "group" : "running",
    "duration" : 306.0,
    "distance" : 707.0,
    "steps" : 669,
    "calories" : 48
  } ],
  "segments" : [ {
    "type" : "place",
    "startTime" : "20170105T172139+0900",
    "endTime" : "20170106T102141+0900",
    "activities" : [ {
      "activity" : "walking",
      "group" : "walking",
      "manual" : false,
      "startTime" : "20170106T083617+0900",
      "endTime" : "20170106T083624+0900",
      "duration" : 7.0,
      "distance" : 5.0,
      "steps" : 10,
      "calories" : 0
    }, {
      "activity" : "walking",
      "group" : "walking",
      "manual" : false,
      "startTime" : "20170106T102006+0900",
      "endTime" : "20170106T103034+0900",
      "duration" : 628.0,
      "distance" : 879.0,
      "steps" : 1173,
      "calories" : 49
    } ],
    "lastUpdate" : "20170106T024638Z"
  }, {
    "type" : "move",
    "startTime" : "20170106T102141+0900",
    "endTime" : "20170106T103421+0900",
    "activities" : [ {
      "activity" : "running",
      "group" : "running",
      "manual" : false,
      "startTime" : "20170106T102141+0900",
      "endTime" : "20170106T102647+0900",
      "duration" : 306.0,
      "distance" : 707.0,
      "steps" : 669,
      "calories" : 48
    }, {
      "activity" : "walking",
      "group" : "walking",
      "manual" : false,
      "startTime" : "20170106T102647+0900",
      "endTime" : "20170106T103420+0900",
      "duration" : 453.0,
      "distance" : 718.0,
      "steps" : 887,
      "calories" : 40
    } ],
    "lastUpdate" : "20170106T024638Z"
  }, {
    "type" : "place",
    "startTime" : "20170106T103421+0900",
    "endTime" : "20170106T120054+0900",
    "activities" : [ {
      "activity" : "walking",
      "group" : "walking",
      "manual" : false,
      "startTime" : "20170106T103421+0900",
      "endTime" : "20170106T103422+0900",
      "duration" : 1.0,
      "distance" : 0.0,
      "steps" : 1,
      "calories" : 0
    }, {
      "activity" : "walking",
      "group" : "walking",
      "manual" : false,
      "startTime" : "20170106T120042+0900",
      "endTime" : "20170106T120133+0900",
      "duration" : 51.0,
      "distance" : 38.0,
      "steps" : 77,
      "calories" : 2
    } ],
    "lastUpdate" : "20170106T042057Z"
  }, {
    "type" : "move",
    "startTime" : "20170106T120054+0900",
    "endTime" : "20170106T121834+0900",
    "activities" : [ {
      "activity" : "walking",
      "group" : "walking",
      "manual" : false,
      "startTime" : "20170106T120054+0900",
      "endTime" : "20170106T121833+0900",
      "duration" : 1059.0,
      "distance" : 1420.0,
      "steps" : 1877,
      "calories" : 79
    } ],
    "lastUpdate" : "20170106T042057Z"
  }, {
    "type" : "place",
    "startTime" : "20170106T121834+0900",
    "endTime" : "20170106T145434+0900",
    "activities" : [ {
      "activity" : "walking",
      "group" : "walking",
      "manual" : false,
      "startTime" : "20170106T121834+0900",
      "endTime" : "20170106T121904+0900",
      "duration" : 30.0,
      "distance" : 21.0,
      "steps" : 42,
      "calories" : 1
    }, {
      "activity" : "walking",
      "group" : "walking",
      "manual" : false,
      "startTime" : "20170106T145423+0900",
      "endTime" : "20170106T145556+0900",
      "duration" : 93.0,
      "distance" : 62.0,
      "steps" : 124,
      "calories" : 3
    } ],
    "lastUpdate" : "20170106T072452Z"
  }, {
    "type" : "move",
    "startTime" : "20170106T145434+0900",
    "endTime" : "20170106T150139+0900",
    "activities" : [ {
      "activity" : "walking",
      "group" : "walking",
      "manual" : false,
      "startTime" : "20170106T145434+0900",
      "endTime" : "20170106T150139+0900",
      "duration" : 425.0,
      "distance" : 494.0,
      "steps" : 651,
      "calories" : 27
    } ],
    "lastUpdate" : "20170106T072452Z"
  }, {
    "type" : "place",
    "startTime" : "20170106T150139+0900",
    "endTime" : "20170106T150432+0900",
    "activities" : [ {
      "activity" : "walking",
      "group" : "walking",
      "manual" : false,
      "startTime" : "20170106T150139+0900",
      "endTime" : "20170106T150216+0900",
      "duration" : 37.0,
      "distance" : 26.0,
      "steps" : 52,
      "calories" : 1
    } ],
    "lastUpdate" : "20170106T072452Z"
  }, {
    "type" : "move",
    "startTime" : "20170106T150432+0900",
    "endTime" : "20170106T151039+0900",
    "activities" : [ {
      "activity" : "walking",
      "group" : "walking",
      "manual" : false,
      "startTime" : "20170106T150432+0900",
      "endTime" : "20170106T151038+0900",
      "duration" : 366.0,
      "distance" : 501.0,
      "steps" : 577,
      "calories" : 28
    } ],
    "lastUpdate" : "20170106T072452Z"
  }, {
    "type" : "place",
    "startTime" : "20170106T151039+0900",
    "endTime" : "20170106T153755+0900",
    "activities" : [ {
      "activity" : "walking",
      "group" : "walking",
      "manual" : false,
      "startTime" : "20170106T151039+0900",
      "endTime" : "20170106T151138+0900",
      "duration" : 59.0,
      "distance" : 39.0,
      "steps" : 79,
      "calories" : 2
    } ],
    "lastUpdate" : "20170106T072452Z"
  }, {
    "type" : "move",
    "startTime" : "20170106T153755+0900",
    "endTime" : "20170106T154659+0900",
    "activities" : [ {
      "activity" : "walking",
      "group" : "walking",
      "manual" : false,
      "startTime" : "20170106T153755+0900",
      "endTime" : "20170106T154659+0900",
      "duration" : 544.0,
      "distance" : 823.0,
      "steps" : 954,
      "calories" : 46
    } ],
    "lastUpdate" : "20170106T072452Z"
  } ],
  "caloriesIdle" : 1596,
  "lastUpdate" : "20170106T163827Z"
} ]