[ {
  "date" : "20150210",
  "summary" : [ {
    "activity" : "walking",
    "group" : "walking",
    "duration" : 3541.0,
    "distance" : 4701.0,
    "steps" : 6045,
    "calories" : 279
  }, {
    "activity" : "transport",
    "group" : "transport",
    "duration" : 7949.0,
    "distance" : 82438.0
  } ],
  "segments" : [ {
    "type" : "place",
    "startTime" : "20150209T202302+0900",
    "endTime" : "20150210T080619+0900",
    "activities" : [ {
      "activity" : "walking",
      "group" : "walking",
      "manual" : false,
      "startTime" : "20150210T005741+0900",
      "endTime" : "20150210T005811+0900",
      "duration" : 30.0,
      "distance" : 20.0,
      "steps" : 41,
      "calories" : 1
    }, {
      "activity" : "walking",
      "group" : "walking",
      "manual" : false,
      "startTime" : "20150210T080451+0900",
      "endTime" : "20150210T080521+0900",
      "duration" : 30.0,
      "distance" : 20.0,
      "steps" : 41,
      "calories" : 1
    } ],
    "lastUpdate" : "20150210T010546Z"
  }, {
    "type" : "move",
    "startTime" : "20150210T080619+0900",
    "endTime" : "20150210T081252+0900",
    "activities" : [ {
      "activity" : "walking",
      "group" : "walking",
      "manual" : false,
      "startTime" : "20150210T080619+0900",
      "endTime" : "20150210T081253+0900",
      "duration" : 394.0,
      "distance" : 676.0,
      "steps" : 583,
      "calories" : 40
    } ],
    "lastUpdate" : "20150210T010546Z"
  }, {
    "type" : "place",
    "startTime" : "20150210T081252+0900",
    "endTime" : "20150210T175802+0900",
    "activities" : [ {
      "activity" : "walking",
      "group" : "walking",
      "manual" : false,
      "startTime" : "20150210T081451+0900",
      "endTime" : "20150210T082121+0900",
      "duration" : 390.0,
      "distance" : 488.0,
      "steps" : 650,
      "calories" : 29
    }, {
      "activity" : "walking",
      "group" : "walking",
      "manual" : false,
      "startTime" : "20150210T112503+0900",
      "endTime" : "20150210T112533+0900",
      "duration" : 30.0,
      "distance" : 15.0,
      "steps" : 30,
      "calories" : 1
    }, {
      "activity" : "walking",
      "group" : "walking",
      "manual" : false,
      "startTime" : "20150210T170707+0900",
      "endTime" : "20150210T170737+0900",
      "duration" : 30.0,
      "distance" : 15.0,
      "steps" : 30,
      "calories" : 1
    } ],
    "lastUpdate" : "20150210T114856Z"
  }, {
    "type" : "move",
    "startTime" : "20150210T175802+0900",
    "endTime" : "20150210T192403+0900",
    "activities" : [ {
      "activity" : "walking",
      "group" : "walking",
      "manual" : false,
      "startTime" : "20150210T175802+0900",
      "endTime" : "20150210T180247+0900",
      "duration" : 285.0,
      "distance" : 540.0,
      "steps" : 458,
      "calories" : 32
    }, {
      "activity" : "transport",
      "group" : "transport",
      "manual" : false,
      "startTime" : "20150210T180246+0900",
      "endTime" : "20150210T181217+0900",
      "duration" : 571.0,
      "distance" : 3463.0
    }, {
      "activity" : "walking",
      "group" : "walking",
      "manual" : false,
      "startTime" : "20150210T181217+0900",
      "endTime" : "20150210T181517+0900",
      "duration" : 180.0,
      "distance" : 447.0,
      "steps" : 385,
      "calories" : 26
    }, {
      "activity" : "transport",
      "group" : "transport",
      "manual" : false,
      "startTime" : "20150210T181517+0900",
      "endTime" : "20150210T185219+0900",
      "duration" : 2222.0,
      "distance" : 28611.0
    }, {
      "activity" : "walking",
      "group" : "walking",
      "manual" : false,
      "startTime" : "20150210T185219+0900",
      "endTime" : "20150210T185549+0900",
      "duration" : 210.0,
      "distance" : 217.0,
      "steps" : 434,
      "calories" : 13
    }, {
      "activity" : "transport",
      "group" : "transport",
      "manual" : false,
      "startTime" : "20150210T185550+0900",
      "endTime" : "20150210T191321+0900",
      "duration" : 1051.0,
      "distance" : 10108.0
    }, {
      "activity" : "walking",
      "group" : "walking",
      "manual" : false,
      "startTime" : "20150210T191320+0900",
      "endTime" : "20150210T192402+0900",
      "duration" : 642.0,
      "distance" : 922.0,
      "steps" : 1305,
      "calories" : 55
    } ],
    "lastUpdate" : "20150210T114856Z"
  }, {
    "type" : "place",
    "startTime" : "20150210T192403+0900",
    "endTime" : "20150210T213734+0900",
    "activities" : [ {
      "activity" : "walking",
      "group" : "walking",
      "manual" : false,
      "startTime" : "20150210T213605+0900",
      "endTime" : "20150210T213635+0900",
      "duration" : 30.0,
      "distance" : 30.0,
      "steps" : 61,
      "calories" : 2
    } ],
    "lastUpdate" : "20150210T154449Z"
  }, {
    "type" : "move",
    "startTime" : "20150210T213734+0900",
    "endTime" : "20150210T230728+0900",
    "activities" : [ {
      "activity" : "transport",
      "group" : "transport",
      "manual" : false,
      "startTime" : "20150210T213734+0900",
      "endTime" : "20150210T213935+0900",
      "duration" : 121.0,
      "distance" : 705.0
    }, {
      "activity" : "walking",
      "group" : "walking",
      "manual" : false,
      "startTime" : "20150210T213936+0900",
      "endTime" : "20150210T214236+0900",
      "duration" : 180.0,
      "distance" : 117.0,
      "steps" : 234,
      "calories" : 7
    }, {
      "activity" : "transport",
      "group" : "transport",
      "manual" : false,
      "startTime" : "20150210T214236+0900",
      "endTime" : "20150210T220237+0900",
      "duration" : 1201.0,
      "distance" : 12634.0
    }, {
      "activity" : "walking",
      "group" : "walking",
      "manual" : false,
      "startTime" : "20150210T220237+0900",
      "endTime" : "20150210T221007+0900",
      "duration" : 450.0,
      "distance" : 344.0,
      "steps" : 688,
      "calories" : 20
    }, {
      "activity" : "transport",
      "group" : "transport",
      "manual" : false,
      "startTime" : "20150210T221007+0900",
      "endTime" : "20150210T223906+0900",
      "duration" : 1739.0,
      "distance" : 6863.0
    }, {
      "activity" : "walking",
      "group" : "walking",
      "manual" : false,
      "startTime" : "20150210T223906+0900",
      "endTime" : "20150210T224436+0900",
      "duration" : 330.0,
      "distance" : 339.0,
      "steps" : 679,
      "calories" : 20
    }, {
      "activity" : "transport",
      "group" : "transport",
      "manual" : false,
      "startTime" : "20150210T224436+0900",
      "endTime" : "20150210T225407+0900",
      "duration" : 571.0,
      "distance" : 12628.0
    }, {
      "activity" : "walking",
      "group" : "walking",
      "manual" : false,
      "startTime" : "20150210T225406+0900",
      "endTime" : "20150210T225936+0900",
      "duration" : 330.0,
      "distance" : 511.0,
      "steps" : 426,
      "calories" : 30
    }, {
      "activity" : "transport",
      "group" : "transport",
      "manual" : false,
      "startTime" : "20150210T225936+0900",
      "endTime" : "20150210T230729+0900",
      "duration" : 473.0,
      "distance" : 7426.0
    } ],
    "lastUpdate" : "20150210T154449Z"
  } ],
  "caloriesIdle" : 1706,
  "lastUpdate" : "20150211T155100Z"
} ]