[ {
  "date" : "20170131",
  "summary" : [ {
    "activity" : "walking",
    "group" : "walking",
    "duration" : 3153.0,
    "distance" : 3915.0,
    "steps" : 5307,
    "calories" : 217
  }, {
    "activity" : "running",
    "group" : "running",
    "duration" : 574.0,
    "distance" : 1403.0,
    "steps" : 1427,
    "calories" : 95
  }, {
    "activity" : "transport",
    "group" : "transport",
    "duration" : 2581.0,
    "distance" : 10177.0
  } ],
  "segments" : [ {
    "type" : "move",
    "startTime" : "20170131T101824+0900",
    "endTime" : "20170131T103121+0900",
    "activities" : [ {
      "activity" : "walking",
      "group" : "walking",
      "manual" : false,
      "startTime" : "20170131T101824+0900",
      "endTime" : "20170131T102547+0900",
      "duration" : 443.0,
      "distance" : 672.0,
      "steps" : 676,
      "calories" : 37
    }, {
      "activity" : "running",
      "group" : "running",
      "manual" : false,
      "startTime" : "20170131T102547+0900",
      "endTime" : "20170131T103120+0900",
      "duration" : 333.0,
      "distance" : 770.0,
      "steps" : 811,
      "calories" : 52
    } ],
    "lastUpdate" : "20170131T021445Z"
  }, {
    "type" : "place",
    "startTime" : "20170131T103121+0900",
    "endTime" : "20170131T143137+0900",
    "activities" : [ {
      "activity" : "walking",
      "group" : "walking",
      "manual" : false,
      "startTime" : "20170131T103121+0900",
      "endTime" : "20170131T103241+0900",
      "duration" : 80.0,
      "distance" : 67.0,
      "steps" : 134,
      "calories" : 4
    } ],
    "lastUpdate" : "20170131T065523Z"
  }, {
    "type" : "move",
    "startTime" : "20170131T143137+0900",
    "endTime" : "20170131T145046+0900",
    "activities" : [ {
      "activity" : "walking",
      "group" : "walking",
      "manual" : false,
      "startTime" : "20170131T143137+0900",
      "endTime" : "20170131T145046+0900",
      "duration" : 1149.0,
      "distance" : 1346.0,
      "steps" : 2041,
      "calories" : 75
    } ],
    "lastUpdate" : "20170131T065523Z"
  }, {
    "type" : "place",
    "startTime" : "20170131T145047+0900",
    "endTime" : "20170131T182729+0900",
    "activities" : [ {
      "activity" : "walking",
      "group" : "walking",
      "manual" : false,
      "startTime" : "20170131T145054+0900",
      "endTime" : "20170131T145135+0900",
      "duration" : 41.0,
      "distance" : 27.0,
      "steps" : 55,
      "calories" : 1
    }, {
      "activity" : "walking",
      "group" : "walking",
      "manual" : false,
      "startTime" : "20170131T182650+0900",
      "endTime" : "20170131T182912+0900",
      "duration" : 142.0,
      "distance" : 175.0,
      "steps" : 233,
      "calories" : 10
    } ],
    "lastUpdate" : "20170131T100315Z"
  }, {
    "type" : "move",
    "startTime" : "20170131T182729+0900",
    "endTime" : "20170131T185732+0900",
    "activities" : [ {
      "activity" : "running",
      "group" : "running",
      "manual" : false,
      "startTime" : "20170131T182729+0900",
      "endTime" : "20170131T183130+0900",
      "duration" : 241.0,
      "distance" : 633.0,
      "steps" : 616,
      "calories" : 43
    }, {
      "activity" : "walking",
      "group" : "walking",
      "manual" : false,
      "startTime" : "20170131T183130+0900",
      "endTime" : "20170131T183400+0900",
      "duration" : 150.0,
      "distance" : 116.0,
      "steps" : 198,
      "calories" : 6
    }, {
      "activity" : "transport",
      "group" : "transport",
      "manual" : false,
      "startTime" : "20170131T183400+0900",
      "endTime" : "20170131T185400+0900",
      "duration" : 1200.0,
      "distance" : 4983.0
    }, {
      "activity" : "walking",
      "group" : "walking",
      "manual" : false,
      "startTime" : "20170131T185401+0900",
      "endTime" : "20170131T185732+0900",
      "duration" : 211.0,
      "distance" : 324.0,
      "steps" : 391,
      "calories" : 18
    } ],
    "lastUpdate" : "20170131T100315Z"
  }, {
    "type" : "place",
    "startTime" : "20170131T185733+0900",
    "endTime" : "20170131T212235+0900",
    "activities" : [ {
      "activity" : "walking",
      "group" : "walking",
      "manual" : false,
      "startTime" : "20170131T185733+0900",
      "endTime" : "20170131T185755+0900",
      "duration" : 22.0,
      "distance" : 17.0,
      "steps" : 34,
      "calories" : 1
    }, {
      "activity" : "walking",
      "group" : "walking",
      "manual" : false,
      "startTime" : "20170131T212140+0900",
      "endTime" : "20170131T212323+0900",
      "duration" : 103.0,
      "distance" : 69.0,
      "steps" : 138,
      "calories" : 4
    } ],
    "lastUpdate" : "20170131T131158Z"
  }, {
    "type" : "move",
    "startTime" : "20170131T212235+0900",
    "endTime" : "20170131T215909+0900",
    "activities" : [ {
      "activity" : "walking",
      "group" : "walking",
      "manual" : false,
      "startTime" : "20170131T212235+0900",
      "endTime" : "20170131T212537+0900",
      "duration" : 182.0,
      "distance" : 288.0,
      "steps" : 336,
      "calories" : 16
    }, {
      "activity" : "transport",
      "group" : "transport",
      "manual" : false,
      "startTime" : "20170131T212537+0900",
      "endTime" : "20170131T214838+0900",
      "duration" : 1381.0,
      "distance" : 5194.0
    }, {
      "activity" : "walking",
      "group" : "walking",
      "manual" : false,
      "startTime" : "20170131T214838+0900",
      "endTime" : "20170131T215908+0900",
      "duration" : 630.0,
      "distance" : 814.0,
      "steps" : 1071,
      "calories" : 45
    } ],
    "lastUpdate" : "20170131T131158Z"
  } ],
  "caloriesIdle" : 1596,
  "lastUpdate" : "20170201T043441Z"
} ]