[ {
  "date" : "20151217",
  "summary" : [ {
    "activity" : "cycling",
    "group" : "cycling",
    "duration" : 3295.0,
    "distance" : 9664.0,
    "calories" : 267
  }, {
    "activity" : "walking",
    "group" : "walking",
    "duration" : 2163.0,
    "distance" : 1793.0,
    "steps" : 2714,
    "calories" : 106
  }, {
    "activity" : "transport",
    "group" : "transport",
    "duration" : 74.0,
    "distance" : 434.0
  } ],
  "segments" : [ {
    "type" : "move",
    "startTime" : "20151217T084547+0900",
    "endTime" : "20151217T085427+0900",
    "activities" : [ {
      "activity" : "cycling",
      "group" : "cycling",
      "manual" : false,
      "startTime" : "20151217T084547+0900",
      "endTime" : "20151217T085426+0900",
      "duration" : 519.0,
      "distance" : 1647.0,
      "calories" : 45
    } ],
    "lastUpdate" : "20151217T012146Z"
  }, {
    "type" : "place",
    "startTime" : "20151217T085427+0900",
    "endTime" : "20151217T113157+0900",
    "activities" : [ {
      "activity" : "walking",
      "group" : "walking",
      "manual" : false,
      "startTime" : "20151217T085427+0900",
      "endTime" : "20151217T085626+0900",
      "duration" : 119.0,
      "distance" : 91.0,
      "steps" : 183,
      "calories" : 5
    }, {
      "activity" : "walking",
      "group" : "walking",
      "manual" : false,
      "startTime" : "20151217T104027+0900",
      "endTime" : "20151217T104057+0900",
      "duration" : 30.0,
      "distance" : 15.0,
      "steps" : 30,
      "calories" : 1
    }, {
      "activity" : "walking",
      "group" : "walking",
      "manual" : false,
      "startTime" : "20151217T112910+0900",
      "endTime" : "20151217T113142+0900",
      "duration" : 152.0,
      "distance" : 132.0,
      "steps" : 176,
      "calories" : 8
    } ],
    "lastUpdate" : "20151217T025530Z"
  }, {
    "type" : "move",
    "startTime" : "20151217T113157+0900",
    "endTime" : "20151217T113615+0900",
    "activities" : [ {
      "activity" : "cycling",
      "group" : "cycling",
      "manual" : false,
      "startTime" : "20151217T113157+0900",
      "endTime" : "20151217T113615+0900",
      "duration" : 258.0,
      "distance" : 966.0,
      "calories" : 26
    } ],
    "lastUpdate" : "20151217T025530Z"
  }, {
    "type" : "place",
    "startTime" : "20151217T113615+0900",
    "endTime" : "20151217T164750+0900",
    "activities" : [ {
      "activity" : "walking",
      "group" : "walking",
      "manual" : false,
      "startTime" : "20151217T114514+0900",
      "endTime" : "20151217T114614+0900",
      "duration" : 60.0,
      "distance" : 30.0,
      "steps" : 61,
      "calories" : 2
    }, {
      "activity" : "walking",
      "group" : "walking",
      "manual" : false,
      "startTime" : "20151217T164547+0900",
      "endTime" : "20151217T164647+0900",
      "duration" : 60.0,
      "distance" : 56.0,
      "steps" : 112,
      "calories" : 3
    } ],
    "lastUpdate" : "20151217T090818Z"
  }, {
    "type" : "move",
    "startTime" : "20151217T164750+0900",
    "endTime" : "20151217T164904+0900",
    "activities" : [ {
      "activity" : "transport",
      "group" : "transport",
      "manual" : false,
      "startTime" : "20151217T164750+0900",
      "endTime" : "20151217T164904+0900",
      "duration" : 74.0,
      "distance" : 434.0
    } ],
    "lastUpdate" : "20151217T090818Z"
  }, {
    "type" : "place",
    "startTime" : "20151217T164904+0900",
    "endTime" : "20151217T170355+0900",
    "activities" : [ {
      "activity" : "walking",
      "group" : "walking",
      "manual" : false,
      "startTime" : "20151217T170259+0900",
      "endTime" : "20151217T170329+0900",
      "duration" : 30.0,
      "distance" : 15.0,
      "steps" : 30,
      "calories" : 1
    } ],
    "lastUpdate" : "20151217T090818Z"
  }, {
    "type" : "move",
    "startTime" : "20151217T170355+0900",
    "endTime" : "20151217T171504+0900",
    "activities" : [ {
      "activity" : "cycling",
      "group" : "cycling",
      "manual" : false,
      "startTime" : "20151217T170355+0900",
      "endTime" : "20151217T171503+0900",
      "duration" : 668.0,
      "distance" : 1772.0,
      "calories" : 50
    } ],
    "lastUpdate" : "20151217T090818Z"
  }, {
    "type" : "place",
    "startTime" : "20151217T171504+0900",
    "endTime" : "20151217T173330+0900",
    "activities" : [ {
      "activity" : "walking",
      "group" : "walking",
      "manual" : false,
      "startTime" : "20151217T171530+0900",
      "endTime" : "20151217T172001+0900",
      "duration" : 271.0,
      "distance" : 203.0,
      "steps" : 255,
      "calories" : 12
    } ],
    "lastUpdate" : "20151217T090818Z"
  }, {
    "type" : "move",
    "startTime" : "20151217T173330+0900",
    "endTime" : "20151217T174240+0900",
    "activities" : [ {
      "activity" : "cycling",
      "group" : "cycling",
      "manual" : false,
      "startTime" : "20151217T173330+0900",
      "endTime" : "20151217T174239+0900",
      "duration" : 549.0,
      "distance" : 1448.0,
      "calories" : 41
    } ],
    "lastUpdate" : "20151217T090818Z"
  }, {
    "type" : "place",
    "startTime" : "20151217T174240+0900",
    "endTime" : "20151217T174531+0900",
    "activities" : [ {
      "activity" : "walking",
      "group" : "walking",
      "manual" : false,
      "startTime" : "20151217T174332+0900",
      "endTime" : "20151217T174402+0900",
      "duration" : 30.0,
      "distance" : 30.0,
      "steps" : 61,
      "calories" : 2
    } ],
    "lastUpdate" : "20151217T090818Z"
  }, {
    "type" : "move",
    "startTime" : "20151217T174531+0900",
    "endTime" : "20151217T175439+0900",
    "activities" : [ {
      "activity" : "walking",
      "group" : "walking",
      "manual" : false,
      "startTime" : "20151217T174531+0900",
      "endTime" : "20151217T175439+0900",
      "duration" : 548.0,
      "distance" : 542.0,
      "steps" : 767,
      "calories" : 32
    } ],
    "lastUpdate" : "20151217T090818Z"
  }, {
    "type" : "place",
    "startTime" : "20151217T175440+0900",
    "endTime" : "20151217T184835+0900",
    "activities" : [ {
      "activity" : "walking",
      "group" : "walking",
      "manual" : false,
      "startTime" : "20151217T175533+0900",
      "endTime" : "20151217T175703+0900",
      "duration" : 90.0,
      "distance" : 76.0,
      "steps" : 152,
      "calories" : 5
    }, {
      "activity" : "walking",
      "group" : "walking",
      "manual" : false,
      "startTime" : "20151217T180303+0900",
      "endTime" : "20151217T181003+0900",
      "duration" : 420.0,
      "distance" : 335.0,
      "steps" : 447,
      "calories" : 20
    } ],
    "lastUpdate" : "20151217T104319Z"
  }, {
    "type" : "move",
    "startTime" : "20151217T184835+0900",
    "endTime" : "20151217T185144+0900",
    "activities" : [ {
      "activity" : "cycling",
      "group" : "cycling",
      "manual" : false,
      "startTime" : "20151217T184835+0900",
      "endTime" : "20151217T185144+0900",
      "duration" : 189.0,
      "distance" : 813.0,
      "calories" : 22
    } ],
    "lastUpdate" : "20151217T104319Z"
  }, {
    "type" : "place",
    "startTime" : "20151217T185144+0900",
    "endTime" : "20151217T205302+0900",
    "activities" : [ {
      "activity" : "walking",
      "group" : "walking",
      "manual" : false,
      "startTime" : "20151217T185144+0900",
      "endTime" : "20151217T185438+0900",
      "duration" : 174.0,
      "distance" : 147.0,
      "steps" : 196,
      "calories" : 9
    }, {
      "activity" : "walking",
      "group" : "walking",
      "manual" : false,
      "startTime" : "20151217T204901+0900",
      "endTime" : "20151217T205031+0900",
      "duration" : 90.0,
      "distance" : 71.0,
      "steps" : 143,
      "calories" : 4
    } ],
    "lastUpdate" : "20151217T121653Z"
  }, {
    "type" : "move",
    "startTime" : "20151217T205302+0900",
    "endTime" : "20151217T211134+0900",
    "activities" : [ {
      "activity" : "cycling",
      "group" : "cycling",
      "manual" : false,
      "startTime" : "20151217T205302+0900",
      "endTime" : "20151217T211134+0900",
      "duration" : 1112.0,
      "distance" : 3018.0,
      "calories" : 84
    } ],
    "lastUpdate" : "20151217T121653Z"
  }, {
    "type" : "place",
    "startTime" : "20151217T211134+0900",
    "endTime" : "20151217T221139+0900",
    "activities" : [ {
      "activity" : "walking",
      "group" : "walking",
      "manual" : false,
      "startTime" : "20151217T211134+0900",
      "endTime" : "20151217T211303+0900",
      "duration" : 89.0,
      "distance" : 50.0,
      "steps" : 101,
      "calories" : 3
    } ],
    "lastUpdate" : "20151226T135237Z"
  } ],
  "caloriesIdle" : 1706,
  "lastUpdate" : "20151226T135237Z"
} ]