[ {
  "date" : "20150115",
  "summary" : [ {
    "activity" : "walking",
    "group" : "walking",
    "duration" : 779.0,
    "distance" : 890.0,
    "steps" : 1207,
    "calories" : 53
  } ],
  "segments" : [ {
    "type" : "place",
    "startTime" : "20150114T132856+0900",
    "endTime" : "20150115T073441+0900",
    "activities" : [ {
      "activity" : "walking",
      "group" : "walking",
      "manual" : false,
      "startTime" : "20150115T021211+0900",
      "endTime" : "20150115T021241+0900",
      "duration" : 30.0,
      "distance" : 15.0,
      "steps" : 30,
      "calories" : 1
    }, {
      "activity" : "walking",
      "group" : "walking",
      "manual" : false,
      "startTime" : "20150115T065855+0900",
      "endTime" : "20150115T065925+0900",
      "duration" : 30.0,
      "distance" : 15.0,
      "steps" : 20,
      "calories" : 1
    } ],
    "lastUpdate" : "20150115T011032Z"
  }, {
    "type" : "move",
    "startTime" : "20150115T073441+0900",
    "endTime" : "20150115T073946+0900",
    "activities" : [ {
      "activity" : "walking",
      "group" : "walking",
      "manual" : false,
      "startTime" : "20150115T073441+0900",
      "endTime" : "20150115T073946+0900",
      "duration" : 305.0,
      "distance" : 320.0,
      "steps" : 507,
      "calories" : 19
    } ],
    "lastUpdate" : "20150115T011032Z"
  }, {
    "type" : "place",
    "startTime" : "20150115T073946+0900",
    "endTime" : "20150115T225322+0900",
    "activities" : [ {
      "activity" : "walking",
      "group" : "walking",
      "manual" : false,
      "startTime" : "20150115T073946+0900",
      "endTime" : "20150115T073947+0900",
      "duration" : 1.0,
      "distance" : 0.0,
      "steps" : 1,
      "calories" : 0
    }, {
      "activity" : "walking",
      "group" : "walking",
      "manual" : false,
      "startTime" : "20150115T144328+0900",
      "endTime" : "20150115T144428+0900",
      "duration" : 60.0,
      "distance" : 56.0,
      "steps" : 112,
      "calories" : 3
    }, {
      "activity" : "walking",
      "group" : "walking",
      "manual" : false,
      "startTime" : "20150115T202717+0900",
      "endTime" : "20150115T202817+0900",
      "duration" : 60.0,
      "distance" : 51.0,
      "steps" : 101,
      "calories" : 3
    } ],
    "lastUpdate" : "20150115T145842Z"
  }, {
    "type" : "move",
    "startTime" : "20150115T225322+0900",
    "endTime" : "20150115T225744+0900",
    "activities" : [ {
      "activity" : "walking",
      "group" : "walking",
      "manual" : false,
      "startTime" : "20150115T225322+0900",
      "endTime" : "20150115T225745+0900",
      "duration" : 263.0,
      "distance" : 418.0,
      "steps" : 406,
      "calories" : 25
    } ],
    "lastUpdate" : "20150115T145842Z"
  }, {
    "type" : "place",
    "startTime" : "20150115T225744+0900",
    "endTime" : "20150116T110255+0900",
    "activities" : [ {
      "activity" : "walking",
      "group" : "walking",
      "manual" : false,
      "startTime" : "20150115T230009+0900",
      "endTime" : "20150115T230039+0900",
      "duration" : 30.0,
      "distance" : 15.0,
      "steps" : 30,
      "calories" : 1
    } ],
    "lastUpdate" : "20150116T044841Z"
  } ],
  "caloriesIdle" : 1706,
  "lastUpdate" : "20150116T044841Z"
} ]