[ {
  "date" : "20141126",
  "summary" : [ {
    "activity" : "walking",
    "group" : "walking",
    "duration" : 4944.0,
    "distance" : 5820.0,
    "steps" : 8547,
    "calories" : 346
  }, {
    "activity" : "transport",
    "group" : "transport",
    "duration" : 12084.0,
    "distance" : 124130.0
  } ],
  "segments" : [ {
    "type" : "move",
    "startTime" : "20141126T073207+0900",
    "endTime" : "20141126T085605+0900",
    "activities" : [ {
      "activity" : "walking",
      "group" : "walking",
      "manual" : false,
      "startTime" : "20141126T073207+0900",
      "endTime" : "20141126T073458+0900",
      "duration" : 171.0,
      "distance" : 181.0,
      "steps" : 345,
      "calories" : 11
    }, {
      "activity" : "transport",
      "group" : "transport",
      "manual" : false,
      "startTime" : "20141126T073458+0900",
      "endTime" : "20141126T074626+0900",
      "duration" : 688.0,
      "distance" : 2409.0
    }, {
      "activity" : "walking",
      "group" : "walking",
      "manual" : false,
      "startTime" : "20141126T074626+0900",
      "endTime" : "20141126T075057+0900",
      "duration" : 271.0,
      "distance" : 385.0,
      "steps" : 552,
      "calories" : 23
    }, {
      "activity" : "transport",
      "group" : "transport",
      "manual" : false,
      "startTime" : "20141126T075057+0900",
      "endTime" : "20141126T075926+0900",
      "duration" : 509.0,
      "distance" : 3047.0
    }, {
      "activity" : "walking",
      "group" : "walking",
      "manual" : false,
      "startTime" : "20141126T075927+0900",
      "endTime" : "20141126T080357+0900",
      "duration" : 270.0,
      "distance" : 402.0,
      "steps" : 548,
      "calories" : 24
    }, {
      "activity" : "transport",
      "group" : "transport",
      "manual" : false,
      "startTime" : "20141126T080357+0900",
      "endTime" : "20141126T083258+0900",
      "duration" : 1741.0,
      "distance" : 27916.0
    }, {
      "activity" : "walking",
      "group" : "walking",
      "manual" : false,
      "startTime" : "20141126T083258+0900",
      "endTime" : "20141126T083528+0900",
      "duration" : 150.0,
      "distance" : 147.0,
      "steps" : 293,
      "calories" : 9
    }, {
      "activity" : "transport",
      "group" : "transport",
      "manual" : false,
      "startTime" : "20141126T083528+0900",
      "endTime" : "20141126T084729+0900",
      "duration" : 721.0,
      "distance" : 5993.0
    }, {
      "activity" : "walking",
      "group" : "walking",
      "manual" : false,
      "startTime" : "20141126T084729+0900",
      "endTime" : "20141126T085605+0900",
      "duration" : 516.0,
      "distance" : 671.0,
      "steps" : 860,
      "calories" : 40
    } ],
    "lastUpdate" : "20141126T045253Z"
  }, {
    "type" : "place",
    "startTime" : "20141126T085605+0900",
    "endTime" : "20141126T144204+0900",
    "activities" : [ {
      "activity" : "walking",
      "group" : "walking",
      "manual" : false,
      "startTime" : "20141126T094750+0900",
      "endTime" : "20141126T095140+0900",
      "duration" : 230.0,
      "distance" : 203.0,
      "steps" : 271,
      "calories" : 12
    }, {
      "activity" : "walking",
      "group" : "walking",
      "manual" : false,
      "startTime" : "20141126T101243+0900",
      "endTime" : "20141126T101346+0900",
      "duration" : 63.0,
      "distance" : 69.0,
      "steps" : 139,
      "calories" : 4
    }, {
      "activity" : "walking",
      "group" : "walking",
      "manual" : false,
      "startTime" : "20141126T121005+0900",
      "endTime" : "20141126T121453+0900",
      "duration" : 288.0,
      "distance" : 316.0,
      "steps" : 422,
      "calories" : 19
    } ],
    "lastUpdate" : "20141126T093754Z"
  }, {
    "type" : "move",
    "startTime" : "20141126T144204+0900",
    "endTime" : "20141126T145813+0900",
    "activities" : [ {
      "activity" : "walking",
      "group" : "walking",
      "manual" : false,
      "startTime" : "20141126T144204+0900",
      "endTime" : "20141126T145813+0900",
      "duration" : 969.0,
      "distance" : 887.0,
      "steps" : 1474,
      "calories" : 53
    } ],
    "lastUpdate" : "20141126T093754Z"
  }, {
    "type" : "place",
    "startTime" : "20141126T145813+0900",
    "endTime" : "20141126T150559+0900",
    "activities" : [ {
      "activity" : "walking",
      "group" : "walking",
      "manual" : false,
      "startTime" : "20141126T150443+0900",
      "endTime" : "20141126T150513+0900",
      "duration" : 30.0,
      "distance" : 25.0,
      "steps" : 51,
      "calories" : 1
    } ],
    "lastUpdate" : "20141126T093754Z"
  }, {
    "type" : "move",
    "startTime" : "20141126T150559+0900",
    "endTime" : "20141126T151835+0900",
    "activities" : [ {
      "activity" : "transport",
      "group" : "transport",
      "manual" : false,
      "startTime" : "20141126T150559+0900",
      "endTime" : "20141126T151835+0900",
      "duration" : 756.0,
      "distance" : 10789.0
    } ],
    "lastUpdate" : "20141126T093754Z"
  }, {
    "type" : "place",
    "startTime" : "20141126T151835+0900",
    "endTime" : "20141126T152415+0900",
    "activities" : [ {
      "activity" : "walking",
      "group" : "walking",
      "manual" : false,
      "startTime" : "20141126T151851+0900",
      "endTime" : "20141126T152021+0900",
      "duration" : 90.0,
      "distance" : 86.0,
      "steps" : 173,
      "calories" : 5
    } ],
    "lastUpdate" : "20141126T093754Z"
  }, {
    "type" : "move",
    "startTime" : "20141126T152415+0900",
    "endTime" : "20141126T162924+0900",
    "activities" : [ {
      "activity" : "transport",
      "group" : "transport",
      "manual" : false,
      "startTime" : "20141126T152415+0900",
      "endTime" : "20141126T155421+0900",
      "duration" : 1806.0,
      "distance" : 22241.0
    }, {
      "activity" : "walking",
      "group" : "walking",
      "manual" : false,
      "startTime" : "20141126T155422+0900",
      "endTime" : "20141126T155922+0900",
      "duration" : 300.0,
      "distance" : 416.0,
      "steps" : 560,
      "calories" : 25
    }, {
      "activity" : "transport",
      "group" : "transport",
      "manual" : false,
      "startTime" : "20141126T155922+0900",
      "endTime" : "20141126T161723+0900",
      "duration" : 1081.0,
      "distance" : 9795.0
    }, {
      "activity" : "walking",
      "group" : "walking",
      "manual" : false,
      "startTime" : "20141126T161723+0900",
      "endTime" : "20141126T162924+0900",
      "duration" : 721.0,
      "distance" : 1023.0,
      "steps" : 1322,
      "calories" : 61
    } ],
    "lastUpdate" : "20141126T093754Z"
  }, {
    "type" : "move",
    "startTime" : "20141126T183447+0900",
    "endTime" : "20141126T200834+0900",
    "activities" : [ {
      "activity" : "transport",
      "group" : "transport",
      "manual" : false,
      "startTime" : "20141126T183447+0900",
      "endTime" : "20141126T185750+0900",
      "duration" : 1383.0,
      "distance" : 10850.0
    }, {
      "activity" : "walking",
      "group" : "walking",
      "manual" : false,
      "startTime" : "20141126T185750+0900",
      "endTime" : "20141126T190121+0900",
      "duration" : 211.0,
      "distance" : 209.0,
      "steps" : 397,
      "calories" : 12
    }, {
      "activity" : "transport",
      "group" : "transport",
      "manual" : false,
      "startTime" : "20141126T190120+0900",
      "endTime" : "20141126T195129+0900",
      "duration" : 3009.0,
      "distance" : 28502.0
    }, {
      "activity" : "walking",
      "group" : "walking",
      "manual" : false,
      "startTime" : "20141126T195129+0900",
      "endTime" : "20141126T195659+0900",
      "duration" : 330.0,
      "distance" : 474.0,
      "steps" : 709,
      "calories" : 28
    }, {
      "activity" : "transport",
      "group" : "transport",
      "manual" : false,
      "startTime" : "20141126T195700+0900",
      "endTime" : "20141126T200330+0900",
      "duration" : 390.0,
      "distance" : 2588.0
    }, {
      "activity" : "walking",
      "group" : "walking",
      "manual" : false,
      "startTime" : "20141126T200330+0900",
      "endTime" : "20141126T200834+0900",
      "duration" : 304.0,
      "distance" : 301.0,
      "steps" : 380,
      "calories" : 18
    } ],
    "lastUpdate" : "20141126T144352Z"
  }, {
    "type" : "place",
    "startTime" : "20141126T200834+0900",
    "endTime" : "20141126T213302+0900",
    "activities" : [ {
      "activity" : "walking",
      "group" : "walking",
      "manual" : false,
      "startTime" : "20141126T200900+0900",
      "endTime" : "20141126T200930+0900",
      "duration" : 30.0,
      "distance" : 25.0,
      "steps" : 51,
      "calories" : 1
    } ],
    "lastUpdate" : "20141126T161702Z"
  } ],
  "caloriesIdle" : 1711,
  "lastUpdate" : "20141127T013350Z"
} ]