[ {
  "date" : "20150803",
  "summary" : [ {
    "activity" : "walking",
    "group" : "walking",
    "duration" : 5366.0,
    "distance" : 4202.0,
    "steps" : 5752,
    "calories" : 249
  }, {
    "activity" : "cycling",
    "group" : "cycling",
    "duration" : 1240.0,
    "distance" : 5475.0,
    "calories" : 145
  } ],
  "segments" : [ {
    "type" : "place",
    "startTime" : "20150801T154338+0900",
    "endTime" : "20150803T125046+0900",
    "activities" : [ {
      "activity" : "walking",
      "group" : "walking",
      "manual" : false,
      "startTime" : "20150803T023013+0900",
      "endTime" : "20150803T023043+0900",
      "duration" : 30.0,
      "distance" : 15.0,
      "steps" : 20,
      "calories" : 1
    }, {
      "activity" : "walking",
      "group" : "walking",
      "manual" : false,
      "startTime" : "20150803T125010+0900",
      "endTime" : "20150803T141136+0900",
      "duration" : 4886.0,
      "distance" : 3733.0,
      "steps" : 4977,
      "calories" : 221
    } ],
    "lastUpdate" : "20150803T084149Z"
  }, {
    "type" : "move",
    "startTime" : "20150803T125046+0900",
    "endTime" : "20150803T125340+0900",
    "activities" : [ {
      "activity" : "cycling",
      "group" : "cycling",
      "manual" : false,
      "startTime" : "20150803T125046+0900",
      "endTime" : "20150803T125340+0900",
      "duration" : 174.0,
      "distance" : 854.0,
      "calories" : 22
    } ],
    "lastUpdate" : "20150803T084149Z"
  }, {
    "type" : "place",
    "startTime" : "20150803T125340+0900",
    "endTime" : "20150803T125912+0900",
    "activities" : [ {
      "activity" : "walking",
      "group" : "walking",
      "manual" : false,
      "startTime" : "20150803T125410+0900",
      "endTime" : "20150803T125640+0900",
      "duration" : 150.0,
      "distance" : 214.0,
      "steps" : 286,
      "calories" : 13
    } ],
    "lastUpdate" : "20150803T084149Z"
  }, {
    "type" : "move",
    "startTime" : "20150803T143620+0900",
    "endTime" : "20150803T144238+0900",
    "activities" : [ {
      "activity" : "cycling",
      "group" : "cycling",
      "manual" : false,
      "startTime" : "20150803T143620+0900",
      "endTime" : "20150803T144238+0900",
      "duration" : 378.0,
      "distance" : 1892.0,
      "calories" : 50
    } ],
    "lastUpdate" : "20150803T084149Z"
  }, {
    "type" : "place",
    "startTime" : "20150803T144238+0900",
    "endTime" : "20150803T151209+0900",
    "activities" : [ {
      "activity" : "walking",
      "group" : "walking",
      "manual" : false,
      "startTime" : "20150803T144303+0900",
      "endTime" : "20150803T144433+0900",
      "duration" : 90.0,
      "distance" : 82.0,
      "steps" : 163,
      "calories" : 5
    }, {
      "activity" : "walking",
      "group" : "walking",
      "manual" : false,
      "startTime" : "20150803T151115+0900",
      "endTime" : "20150803T151145+0900",
      "duration" : 30.0,
      "distance" : 31.0,
      "steps" : 61,
      "calories" : 2
    } ],
    "lastUpdate" : "20150803T084149Z"
  }, {
    "type" : "move",
    "startTime" : "20150803T151209+0900",
    "endTime" : "20150803T151516+0900",
    "activities" : [ {
      "activity" : "cycling",
      "group" : "cycling",
      "manual" : false,
      "startTime" : "20150803T151209+0900",
      "endTime" : "20150803T151515+0900",
      "duration" : 186.0,
      "distance" : 683.0,
      "calories" : 18
    } ],
    "lastUpdate" : "20150803T084149Z"
  }, {
    "type" : "place",
    "startTime" : "20150803T151516+0900",
    "endTime" : "20150803T151810+0900",
    "activities" : [ {
      "activity" : "walking",
      "group" : "walking",
      "manual" : false,
      "startTime" : "20150803T151546+0900",
      "endTime" : "20150803T151716+0900",
      "duration" : 90.0,
      "distance" : 82.0,
      "steps" : 163,
      "calories" : 5
    } ],
    "lastUpdate" : "20150803T084149Z"
  }, {
    "type" : "move",
    "startTime" : "20150803T151810+0900",
    "endTime" : "20150803T152631+0900",
    "activities" : [ {
      "activity" : "cycling",
      "group" : "cycling",
      "manual" : false,
      "startTime" : "20150803T151810+0900",
      "endTime" : "20150803T152632+0900",
      "duration" : 502.0,
      "distance" : 2046.0,
      "calories" : 55
    } ],
    "lastUpdate" : "20150803T084149Z"
  }, {
    "type" : "place",
    "startTime" : "20150803T152632+0900",
    "endTime" : "20150804T102113+0900",
    "activities" : [ {
      "activity" : "walking",
      "group" : "walking",
      "manual" : false,
      "startTime" : "20150803T152817+0900",
      "endTime" : "20150803T152947+0900",
      "duration" : 90.0,
      "distance" : 45.0,
      "steps" : 82,
      "calories" : 3
    } ],
    "lastUpdate" : "20150804T071021Z"
  } ],
  "caloriesIdle" : 1706,
  "lastUpdate" : "20150804T071021Z"
} ]