[ {
  "date" : "20160228",
  "summary" : [ {
    "activity" : "walking",
    "group" : "walking",
    "duration" : 3661.0,
    "distance" : 4076.0,
    "steps" : 5311,
    "calories" : 241
  }, {
    "activity" : "transport",
    "group" : "transport",
    "duration" : 2166.0,
    "distance" : 14573.0
  } ],
  "segments" : [ {
    "type" : "place",
    "startTime" : "20160227T105533+0900",
    "endTime" : "20160228T095818+0900",
    "activities" : [ {
      "activity" : "walking",
      "group" : "walking",
      "manual" : false,
      "startTime" : "20160228T093144+0900",
      "endTime" : "20160228T093749+0900",
      "duration" : 365.0,
      "distance" : 388.0,
      "steps" : 517,
      "calories" : 23
    }, {
      "activity" : "walking",
      "group" : "walking",
      "manual" : false,
      "startTime" : "20160228T100000+0900",
      "endTime" : "20160228T101200+0900",
      "duration" : 720.0,
      "distance" : 720.0,
      "steps" : 960,
      "calories" : 43
    } ],
    "lastUpdate" : "20160228T015536Z"
  }, {
    "type" : "move",
    "startTime" : "20160228T095818+0900",
    "endTime" : "20160228T100557+0900",
    "activities" : [ {
      "activity" : "walking",
      "group" : "walking",
      "manual" : false,
      "startTime" : "20160228T095818+0900",
      "endTime" : "20160228T100557+0900",
      "duration" : 459.0,
      "distance" : 340.0,
      "steps" : 573,
      "calories" : 20
    } ],
    "lastUpdate" : "20160228T015536Z"
  }, {
    "type" : "place",
    "startTime" : "20160228T100557+0900",
    "endTime" : "20160228T100948+0900",
    "activities" : [ {
      "activity" : "walking",
      "group" : "walking",
      "manual" : false,
      "startTime" : "20160228T100557+0900",
      "endTime" : "20160228T100701+0900",
      "duration" : 64.0,
      "distance" : 46.0,
      "steps" : 92,
      "calories" : 3
    } ],
    "lastUpdate" : "20160228T015536Z"
  }, {
    "type" : "move",
    "startTime" : "20160228T100948+0900",
    "endTime" : "20160228T101452+0900",
    "activities" : [ {
      "activity" : "walking",
      "group" : "walking",
      "manual" : false,
      "startTime" : "20160228T100948+0900",
      "endTime" : "20160228T101451+0900",
      "duration" : 303.0,
      "distance" : 324.0,
      "steps" : 473,
      "calories" : 19
    } ],
    "lastUpdate" : "20160228T015536Z"
  }, {
    "type" : "place",
    "startTime" : "20160228T101452+0900",
    "endTime" : "20160228T102707+0900",
    "activities" : [ {
      "activity" : "walking",
      "group" : "walking",
      "manual" : false,
      "startTime" : "20160228T101452+0900",
      "endTime" : "20160228T102059+0900",
      "duration" : 367.0,
      "distance" : 503.0,
      "steps" : 671,
      "calories" : 30
    } ],
    "lastUpdate" : "20160228T015536Z"
  }, {
    "type" : "move",
    "startTime" : "20160228T102707+0900",
    "endTime" : "20160228T104630+0900",
    "activities" : [ {
      "activity" : "transport",
      "group" : "transport",
      "manual" : false,
      "startTime" : "20160228T102707+0900",
      "endTime" : "20160228T104152+0900",
      "duration" : 885.0,
      "distance" : 6174.0
    }, {
      "activity" : "walking",
      "group" : "walking",
      "manual" : false,
      "startTime" : "20160228T104153+0900",
      "endTime" : "20160228T104630+0900",
      "duration" : 277.0,
      "distance" : 354.0,
      "steps" : 465,
      "calories" : 21
    } ],
    "lastUpdate" : "20160228T015536Z"
  }, {
    "type" : "move",
    "startTime" : "20160228T104630+0900",
    "endTime" : "20160228T111856+0900",
    "activities" : [ {
      "activity" : "transport",
      "group" : "transport",
      "manual" : false,
      "startTime" : "20160228T104630+0900",
      "endTime" : "20160228T110021+0900",
      "duration" : 831.0,
      "distance" : 5776.0
    }, {
      "activity" : "walking",
      "group" : "walking",
      "manual" : false,
      "startTime" : "20160228T110021+0900",
      "endTime" : "20160228T110621+0900",
      "duration" : 360.0,
      "distance" : 715.0,
      "steps" : 596,
      "calories" : 42
    }, {
      "activity" : "transport",
      "group" : "transport",
      "manual" : false,
      "startTime" : "20160228T110622+0900",
      "endTime" : "20160228T111352+0900",
      "duration" : 450.0,
      "distance" : 2623.0
    }, {
      "activity" : "walking",
      "group" : "walking",
      "manual" : false,
      "startTime" : "20160228T111352+0900",
      "endTime" : "20160228T111855+0900",
      "duration" : 303.0,
      "distance" : 319.0,
      "steps" : 423,
      "calories" : 19
    } ],
    "lastUpdate" : "20160228T032951Z"
  }, {
    "type" : "place",
    "startTime" : "20160228T111856+0900",
    "endTime" : "20160228T112329+0900",
    "activities" : [ {
      "activity" : "walking",
      "group" : "walking",
      "manual" : false,
      "startTime" : "20160228T111856+0900",
      "endTime" : "20160228T112024+0900",
      "duration" : 88.0,
      "distance" : 59.0,
      "steps" : 118,
      "calories" : 3
    } ],
    "lastUpdate" : "20160228T032951Z"
  }, {
    "type" : "move",
    "startTime" : "20160228T112329+0900",
    "endTime" : "20160228T112925+0900",
    "activities" : [ {
      "activity" : "walking",
      "group" : "walking",
      "manual" : false,
      "startTime" : "20160228T112329+0900",
      "endTime" : "20160228T112924+0900",
      "duration" : 355.0,
      "distance" : 308.0,
      "steps" : 423,
      "calories" : 18
    } ],
    "lastUpdate" : "20160228T032951Z"
  } ],
  "caloriesIdle" : 1701,
  "lastUpdate" : "20160228T032951Z"
} ]