[ {
  "date" : "20170101",
  "summary" : [ {
    "activity" : "walking",
    "group" : "walking",
    "duration" : 8251.0,
    "distance" : 8821.0,
    "steps" : 12351,
    "calories" : 489
  }, {
    "activity" : "transport",
    "group" : "transport",
    "duration" : 600.0,
    "distance" : 3974.0
  }, {
    "activity" : "running",
    "group" : "running",
    "duration" : 616.0,
    "distance" : 1635.0,
    "steps" : 1570,
    "calories" : 110
  } ],
  "segments" : [ {
    "type" : "place",
    "startTime" : "20161231T074637+0900",
    "endTime" : "20170101T063638+0900",
    "activities" : [ {
      "activity" : "walking",
      "group" : "walking",
      "manual" : false,
      "startTime" : "20170101T063604+0900",
      "endTime" : "20170101T063620+0900",
      "duration" : 16.0,
      "distance" : 11.0,
      "steps" : 22,
      "calories" : 1
    } ],
    "lastUpdate" : "20161231T224641Z"
  }, {
    "type" : "move",
    "startTime" : "20170101T063638+0900",
    "endTime" : "20170101T065410+0900",
    "activities" : [ {
      "activity" : "walking",
      "group" : "walking",
      "manual" : false,
      "startTime" : "20170101T063638+0900",
      "endTime" : "20170101T064545+0900",
      "duration" : 547.0,
      "distance" : 633.0,
      "steps" : 876,
      "calories" : 35
    } ],
    "lastUpdate" : "20161231T224641Z"
  }, {
    "type" : "place",
    "startTime" : "20170101T065410+0900",
    "endTime" : "20170101T072223+0900",
    "activities" : [ {
      "activity" : "walking",
      "group" : "walking",
      "manual" : false,
      "startTime" : "20170101T071243+0900",
      "endTime" : "20170101T071444+0900",
      "duration" : 121.0,
      "distance" : 132.0,
      "steps" : 176,
      "calories" : 7
    } ],
    "lastUpdate" : "20161231T224641Z"
  }, {
    "type" : "move",
    "startTime" : "20170101T072223+0900",
    "endTime" : "20170101T073828+0900",
    "activities" : [ {
      "activity" : "walking",
      "group" : "walking",
      "manual" : false,
      "startTime" : "20170101T072223+0900",
      "endTime" : "20170101T073827+0900",
      "duration" : 964.0,
      "distance" : 1455.0,
      "steps" : 1669,
      "calories" : 81
    } ],
    "lastUpdate" : "20161231T224641Z"
  }, {
    "type" : "place",
    "startTime" : "20170101T073828+0900",
    "endTime" : "20170101T074118+0900",
    "activities" : [ {
      "activity" : "walking",
      "group" : "walking",
      "manual" : false,
      "startTime" : "20170101T073828+0900",
      "endTime" : "20170101T073916+0900",
      "duration" : 48.0,
      "distance" : 37.0,
      "steps" : 74,
      "calories" : 2
    } ],
    "lastUpdate" : "20170101T002028Z"
  }, {
    "type" : "move",
    "startTime" : "20170101T074118+0900",
    "endTime" : "20170101T075107+0900",
    "activities" : [ {
      "activity" : "walking",
      "group" : "walking",
      "manual" : false,
      "startTime" : "20170101T074118+0900",
      "endTime" : "20170101T075107+0900",
      "duration" : 589.0,
      "distance" : 658.0,
      "steps" : 918,
      "calories" : 37
    } ],
    "lastUpdate" : "20170101T002028Z"
  }, {
    "type" : "place",
    "startTime" : "20170101T075107+0900",
    "endTime" : "20170101T124342+0900",
    "activities" : [ {
      "activity" : "walking",
      "group" : "walking",
      "manual" : false,
      "startTime" : "20170101T124109+0900",
      "endTime" : "20170101T124524+0900",
      "duration" : 255.0,
      "distance" : 191.0,
      "steps" : 210,
      "calories" : 11
    } ],
    "lastUpdate" : "20170101T050015Z"
  }, {
    "type" : "move",
    "startTime" : "20170101T124342+0900",
    "endTime" : "20170101T130429+0900",
    "activities" : [ {
      "activity" : "running",
      "group" : "running",
      "manual" : false,
      "startTime" : "20170101T124342+0900",
      "endTime" : "20170101T124927+0900",
      "duration" : 345.0,
      "distance" : 943.0,
      "steps" : 920,
      "calories" : 63
    }, {
      "activity" : "transport",
      "group" : "transport",
      "manual" : false,
      "startTime" : "20170101T124928+0900",
      "endTime" : "20170101T125928+0900",
      "duration" : 600.0,
      "distance" : 3974.0
    }, {
      "activity" : "running",
      "group" : "running",
      "manual" : false,
      "startTime" : "20170101T125928+0900",
      "endTime" : "20170101T130359+0900",
      "duration" : 271.0,
      "distance" : 692.0,
      "steps" : 650,
      "calories" : 47
    }, {
      "activity" : "walking",
      "group" : "walking",
      "manual" : false,
      "startTime" : "20170101T130359+0900",
      "endTime" : "20170101T130429+0900",
      "duration" : 30.0,
      "distance" : 93.0,
      "steps" : 77,
      "calories" : 5
    } ],
    "lastUpdate" : "20170101T050015Z"
  }, {
    "type" : "place",
    "startTime" : "20170101T130429+0900",
    "endTime" : "20170101T161616+0900",
    "activities" : [ {
      "activity" : "walking",
      "group" : "walking",
      "manual" : false,
      "startTime" : "20170101T130429+0900",
      "endTime" : "20170101T131604+0900",
      "duration" : 695.0,
      "distance" : 826.0,
      "steps" : 1101,
      "calories" : 46
    }, {
      "activity" : "walking",
      "group" : "walking",
      "manual" : false,
      "startTime" : "20170101T141202+0900",
      "endTime" : "20170101T141451+0900",
      "duration" : 169.0,
      "distance" : 169.0,
      "steps" : 226,
      "calories" : 9
    }, {
      "activity" : "walking",
      "group" : "walking",
      "manual" : false,
      "startTime" : "20170101T150030+0900",
      "endTime" : "20170101T150157+0900",
      "duration" : 87.0,
      "distance" : 58.0,
      "steps" : 117,
      "calories" : 3
    }, {
      "activity" : "walking",
      "group" : "walking",
      "manual" : false,
      "startTime" : "20170101T160645+0900",
      "endTime" : "20170101T161406+0900",
      "duration" : 441.0,
      "distance" : 441.0,
      "steps" : 588,
      "calories" : 24
    } ],
    "lastUpdate" : "20170101T080406Z"
  }, {
    "type" : "move",
    "startTime" : "20170101T161616+0900",
    "endTime" : "20170101T162627+0900",
    "activities" : [ {
      "activity" : "walking",
      "group" : "walking",
      "manual" : false,
      "startTime" : "20170101T161616+0900",
      "endTime" : "20170101T162626+0900",
      "duration" : 610.0,
      "distance" : 579.0,
      "steps" : 916,
      "calories" : 32
    } ],
    "lastUpdate" : "20170101T080406Z"
  }, {
    "type" : "place",
    "startTime" : "20170101T162627+0900",
    "endTime" : "20170101T173151+0900",
    "activities" : [ {
      "activity" : "walking",
      "group" : "walking",
      "manual" : false,
      "startTime" : "20170101T162627+0900",
      "endTime" : "20170101T163154+0900",
      "duration" : 327.0,
      "distance" : 359.0,
      "steps" : 479,
      "calories" : 20
    }, {
      "activity" : "walking",
      "group" : "walking",
      "manual" : false,
      "startTime" : "20170101T171546+0900",
      "endTime" : "20170101T171737+0900",
      "duration" : 111.0,
      "distance" : 85.0,
      "steps" : 170,
      "calories" : 5
    } ],
    "lastUpdate" : "20170101T093709Z"
  }, {
    "type" : "move",
    "startTime" : "20170101T173151+0900",
    "endTime" : "20170101T174705+0900",
    "activities" : [ {
      "activity" : "walking",
      "group" : "walking",
      "manual" : false,
      "startTime" : "20170101T173151+0900",
      "endTime" : "20170101T174705+0900",
      "duration" : 914.0,
      "distance" : 981.0,
      "steps" : 1362,
      "calories" : 54
    } ],
    "lastUpdate" : "20170101T093709Z"
  }, {
    "type" : "place",
    "startTime" : "20170101T174706+0900",
    "endTime" : "20170101T175801+0900",
    "activities" : [ {
      "activity" : "walking",
      "group" : "walking",
      "manual" : false,
      "startTime" : "20170101T174706+0900",
      "endTime" : "20170101T174747+0900",
      "duration" : 41.0,
      "distance" : 33.0,
      "steps" : 66,
      "calories" : 2
    } ],
    "lastUpdate" : "20170101T093709Z"
  }, {
    "type" : "move",
    "startTime" : "20170101T175801+0900",
    "endTime" : "20170101T181703+0900",
    "activities" : [ {
      "activity" : "walking",
      "group" : "walking",
      "manual" : false,
      "startTime" : "20170101T175801+0900",
      "endTime" : "20170101T181703+0900",
      "duration" : 1142.0,
      "distance" : 1005.0,
      "steps" : 1659,
      "calories" : 56
    } ],
    "lastUpdate" : "20170101T093709Z"
  }, {
    "type" : "place",
    "startTime" : "20170101T181703+0900",
    "endTime" : "20170101T182457+0900",
    "activities" : [ {
      "activity" : "walking",
      "group" : "walking",
      "manual" : false,
      "startTime" : "20170101T181810+0900",
      "endTime" : "20170101T181904+0900",
      "duration" : 54.0,
      "distance" : 36.0,
      "steps" : 72,
      "calories" : 2
    } ],
    "lastUpdate" : "20170101T110208Z"
  }, {
    "type" : "move",
    "startTime" : "20170101T182457+0900",
    "endTime" : "20170101T183607+0900",
    "activities" : [ {
      "activity" : "walking",
      "group" : "walking",
      "manual" : false,
      "startTime" : "20170101T182457+0900",
      "endTime" : "20170101T183606+0900",
      "duration" : 669.0,
      "distance" : 579.0,
      "steps" : 945,
      "calories" : 32
    } ],
    "lastUpdate" : "20170101T110208Z"
  }, {
    "type" : "place",
    "startTime" : "20170101T183607+0900",
    "endTime" : "20170101T213330+0900",
    "activities" : [ {
      "activity" : "walking",
      "group" : "walking",
      "manual" : false,
      "startTime" : "20170101T183611+0900",
      "endTime" : "20170101T184243+0900",
      "duration" : 392.0,
      "distance" : 441.0,
      "steps" : 589,
      "calories" : 24
    }, {
      "activity" : "walking",
      "group" : "walking",
      "manual" : false,
      "startTime" : "20170101T191144+0900",
      "endTime" : "20170101T191213+0900",
      "duration" : 29.0,
      "distance" : 19.0,
      "steps" : 39,
      "calories" : 1
    } ],
    "lastUpdate" : "20170101T123332Z"
  } ],
  "caloriesIdle" : 1596,
  "lastUpdate" : "20170101T123332Z"
} ]