[ {
  "date" : "20171213",
  "summary" : [ {
    "activity" : "walking",
    "group" : "walking",
    "duration" : 2927.0,
    "distance" : 3597.0,
    "steps" : 4814,
    "calories" : 199
  } ],
  "segments" : [ {
    "type" : "place",
    "startTime" : "20171212T181721+0900",
    "endTime" : "20171213T102218+0900",
    "activities" : [ {
      "activity" : "walking",
      "group" : "walking",
      "manual" : false,
      "startTime" : "20171213T102214+0900",
      "endTime" : "20171213T102217+0900",
      "duration" : 3.0,
      "distance" : 1.0,
      "steps" : 1,
      "calories" : 0
    } ],
    "lastUpdate" : "20171213T025814Z"
  }, {
    "type" : "move",
    "startTime" : "20171213T102218+0900",
    "endTime" : "20171213T103336+0900",
    "activities" : [ {
      "activity" : "walking",
      "group" : "walking",
      "manual" : false,
      "startTime" : "20171213T102218+0900",
      "endTime" : "20171213T103336+0900",
      "duration" : 678.0,
      "distance" : 1095.0,
      "steps" : 1201,
      "calories" : 61
    } ],
    "lastUpdate" : "20171213T025814Z"
  }, {
    "type" : "move",
    "startTime" : "20171213T103336+0900",
    "endTime" : "20171213T103435+0900",
    "activities" : [ {
      "activity" : "walking",
      "group" : "walking",
      "manual" : false,
      "startTime" : "20171213T103336+0900",
      "endTime" : "20171213T103435+0900",
      "duration" : 59.0,
      "distance" : 55.0,
      "steps" : 111,
      "calories" : 3
    } ],
    "lastUpdate" : "20171213T043048Z"
  }, {
    "type" : "place",
    "startTime" : "20171213T103436+0900",
    "endTime" : "20171213T114443+0900",
    "activities" : [ {
      "activity" : "walking",
      "group" : "walking",
      "manual" : false,
      "startTime" : "20171213T103436+0900",
      "endTime" : "20171213T103707+0900",
      "duration" : 151.0,
      "distance" : 200.0,
      "steps" : 267,
      "calories" : 11
    } ],
    "lastUpdate" : "20171213T043048Z"
  }, {
    "type" : "place",
    "startTime" : "20171213T114444+0900",
    "endTime" : "20171213T142810+0900",
    "activities" : [ {
      "activity" : "walking",
      "group" : "walking",
      "manual" : false,
      "startTime" : "20171213T120242+0900",
      "endTime" : "20171213T121411+0900",
      "duration" : 689.0,
      "distance" : 771.0,
      "steps" : 1029,
      "calories" : 43
    }, {
      "activity" : "walking",
      "group" : "walking",
      "manual" : false,
      "startTime" : "20171213T141857+0900",
      "endTime" : "20171213T142203+0900",
      "duration" : 186.0,
      "distance" : 197.0,
      "steps" : 263,
      "calories" : 11
    } ],
    "lastUpdate" : "20171213T073425Z"
  }, {
    "type" : "place",
    "startTime" : "20171213T142811+0900",
    "endTime" : "20171213T161523+0900",
    "activities" : [ {
      "activity" : "walking",
      "group" : "walking",
      "manual" : false,
      "startTime" : "20171213T142822+0900",
      "endTime" : "20171213T142926+0900",
      "duration" : 64.0,
      "distance" : 43.0,
      "steps" : 86,
      "calories" : 2
    } ],
    "lastUpdate" : "20171213T090932Z"
  }, {
    "type" : "move",
    "startTime" : "20171213T161523+0900",
    "endTime" : "20171213T163311+0900",
    "activities" : [ {
      "activity" : "walking",
      "group" : "walking",
      "manual" : false,
      "startTime" : "20171213T161523+0900",
      "endTime" : "20171213T163311+0900",
      "duration" : 1068.0,
      "distance" : 1215.0,
      "steps" : 1816,
      "calories" : 67
    } ],
    "lastUpdate" : "20171213T090932Z"
  }, {
    "type" : "place",
    "startTime" : "20171213T163311+0900",
    "endTime" : "20171214T092253+0900",
    "activities" : [ {
      "activity" : "walking",
      "group" : "walking",
      "manual" : false,
      "startTime" : "20171213T163311+0900",
      "endTime" : "20171213T163340+0900",
      "duration" : 29.0,
      "distance" : 20.0,
      "steps" : 40,
      "calories" : 1
    } ],
    "lastUpdate" : "20171214T020950Z"
  } ],
  "caloriesIdle" : 1596,
  "lastUpdate" : "20171214T020950Z"
} ]