[ {
  "date" : "20170123",
  "summary" : [ {
    "activity" : "walking",
    "group" : "walking",
    "duration" : 3202.0,
    "distance" : 3470.0,
    "steps" : 5083,
    "calories" : 192
  } ],
  "segments" : [ {
    "type" : "place",
    "startTime" : "20170122T185830+0900",
    "endTime" : "20170123T175310+0900",
    "activities" : [ {
      "activity" : "walking",
      "group" : "walking",
      "manual" : false,
      "startTime" : "20170123T174017+0900",
      "endTime" : "20170123T174916+0900",
      "duration" : 539.0,
      "distance" : 539.0,
      "steps" : 718,
      "calories" : 30
    }, {
      "activity" : "walking",
      "group" : "walking",
      "manual" : false,
      "startTime" : "20170123T180000+0900",
      "endTime" : "20170123T180546+0900",
      "duration" : 346.0,
      "distance" : 346.0,
      "steps" : 461,
      "calories" : 19
    } ],
    "lastUpdate" : "20170123T095838Z"
  }, {
    "type" : "move",
    "startTime" : "20170123T175310+0900",
    "endTime" : "20170123T180623+0900",
    "activities" : [ {
      "activity" : "walking",
      "group" : "walking",
      "manual" : false,
      "startTime" : "20170123T175310+0900",
      "endTime" : "20170123T180623+0900",
      "duration" : 793.0,
      "distance" : 1144.0,
      "steps" : 1450,
      "calories" : 63
    } ],
    "lastUpdate" : "20170123T095838Z"
  }, {
    "type" : "place",
    "startTime" : "20170123T180623+0900",
    "endTime" : "20170123T202826+0900",
    "activities" : [ {
      "activity" : "walking",
      "group" : "walking",
      "manual" : false,
      "startTime" : "20170123T180801+0900",
      "endTime" : "20170123T180915+0900",
      "duration" : 74.0,
      "distance" : 49.0,
      "steps" : 99,
      "calories" : 3
    }, {
      "activity" : "walking",
      "group" : "walking",
      "manual" : false,
      "startTime" : "20170123T202515+0900",
      "endTime" : "20170123T202741+0900",
      "duration" : 146.0,
      "distance" : 146.0,
      "steps" : 194,
      "calories" : 8
    } ],
    "lastUpdate" : "20170123T130218Z"
  }, {
    "type" : "move",
    "startTime" : "20170123T202826+0900",
    "endTime" : "20170123T204932+0900",
    "activities" : [ {
      "activity" : "walking",
      "group" : "walking",
      "manual" : false,
      "startTime" : "20170123T202826+0900",
      "endTime" : "20170123T204932+0900",
      "duration" : 1266.0,
      "distance" : 1221.0,
      "steps" : 2110,
      "calories" : 68
    } ],
    "lastUpdate" : "20170123T130218Z"
  }, {
    "type" : "place",
    "startTime" : "20170123T204932+0900",
    "endTime" : "20170124T101350+0900",
    "activities" : [ {
      "activity" : "walking",
      "group" : "walking",
      "manual" : false,
      "startTime" : "20170123T204932+0900",
      "endTime" : "20170123T204946+0900",
      "duration" : 14.0,
      "distance" : 9.0,
      "steps" : 19,
      "calories" : 0
    }, {
      "activity" : "walking",
      "group" : "walking",
      "manual" : false,
      "startTime" : "20170123T223214+0900",
      "endTime" : "20170123T223238+0900",
      "duration" : 24.0,
      "distance" : 16.0,
      "steps" : 32,
      "calories" : 1
    } ],
    "lastUpdate" : "20170124T013710Z"
  } ],
  "caloriesIdle" : 1596,
  "lastUpdate" : "20170124T013710Z"
} ]