[ {
  "date" : "20141213",
  "summary" : [ {
    "activity" : "walking",
    "group" : "walking",
    "duration" : 2727.0,
    "distance" : 3067.0,
    "steps" : 4489,
    "calories" : 182
  }, {
    "activity" : "transport",
    "group" : "transport",
    "duration" : 1686.0,
    "distance" : 10984.0
  } ],
  "segments" : [ {
    "type" : "place",
    "startTime" : "20141212T203628+0900",
    "endTime" : "20141213T134056+0900",
    "activities" : [ {
      "activity" : "walking",
      "group" : "walking",
      "manual" : false,
      "startTime" : "20141213T133829+0900",
      "endTime" : "20141213T133859+0900",
      "duration" : 30.0,
      "distance" : 26.0,
      "steps" : 51,
      "calories" : 2
    } ],
    "lastUpdate" : "20141213T061158Z"
  }, {
    "type" : "move",
    "startTime" : "20141213T134056+0900",
    "endTime" : "20141213T140844+0900",
    "activities" : [ {
      "activity" : "walking",
      "group" : "walking",
      "manual" : false,
      "startTime" : "20141213T134056+0900",
      "endTime" : "20141213T134430+0900",
      "duration" : 214.0,
      "distance" : 464.0,
      "steps" : 447,
      "calories" : 28
    }, {
      "activity" : "transport",
      "group" : "transport",
      "manual" : false,
      "startTime" : "20141213T134431+0900",
      "endTime" : "20141213T135206+0900",
      "duration" : 455.0,
      "distance" : 2629.0
    }, {
      "activity" : "walking",
      "group" : "walking",
      "manual" : false,
      "startTime" : "20141213T135206+0900",
      "endTime" : "20141213T135606+0900",
      "duration" : 240.0,
      "distance" : 253.0,
      "steps" : 506,
      "calories" : 15
    }, {
      "activity" : "transport",
      "group" : "transport",
      "manual" : false,
      "startTime" : "20141213T135606+0900",
      "endTime" : "20141213T140237+0900",
      "duration" : 391.0,
      "distance" : 3071.0
    }, {
      "activity" : "walking",
      "group" : "walking",
      "manual" : false,
      "startTime" : "20141213T140236+0900",
      "endTime" : "20141213T140844+0900",
      "duration" : 368.0,
      "distance" : 422.0,
      "steps" : 722,
      "calories" : 25
    } ],
    "lastUpdate" : "20141213T061158Z"
  }, {
    "type" : "place",
    "startTime" : "20141213T140844+0900",
    "endTime" : "20141213T151638+0900",
    "activities" : [ {
      "activity" : "walking",
      "group" : "walking",
      "manual" : false,
      "startTime" : "20141213T141237+0900",
      "endTime" : "20141213T141407+0900",
      "duration" : 90.0,
      "distance" : 86.0,
      "steps" : 172,
      "calories" : 5
    }, {
      "activity" : "walking",
      "group" : "walking",
      "manual" : false,
      "startTime" : "20141213T150412+0900",
      "endTime" : "20141213T150642+0900",
      "duration" : 150.0,
      "distance" : 185.0,
      "steps" : 247,
      "calories" : 11
    } ],
    "lastUpdate" : "20141213T074715Z"
  }, {
    "type" : "place",
    "startTime" : "20141213T151638+0900",
    "endTime" : "20141213T153023+0900",
    "activities" : [ {
      "activity" : "walking",
      "group" : "walking",
      "manual" : false,
      "startTime" : "20141213T151811+0900",
      "endTime" : "20141213T152011+0900",
      "duration" : 120.0,
      "distance" : 102.0,
      "steps" : 205,
      "calories" : 6
    } ],
    "lastUpdate" : "20141213T074715Z"
  }, {
    "type" : "move",
    "startTime" : "20141213T153023+0900",
    "endTime" : "20141213T153743+0900",
    "activities" : [ {
      "activity" : "walking",
      "group" : "walking",
      "manual" : false,
      "startTime" : "20141213T153023+0900",
      "endTime" : "20141213T153343+0900",
      "duration" : 200.0,
      "distance" : 359.0,
      "steps" : 280,
      "calories" : 21
    } ],
    "lastUpdate" : "20141213T074715Z"
  }, {
    "type" : "place",
    "startTime" : "20141213T153743+0900",
    "endTime" : "20141213T154213+0900",
    "activities" : [ {
      "activity" : "walking",
      "group" : "walking",
      "manual" : false,
      "startTime" : "20141213T153813+0900",
      "endTime" : "20141213T153913+0900",
      "duration" : 60.0,
      "distance" : 57.0,
      "steps" : 114,
      "calories" : 3
    } ],
    "lastUpdate" : "20141213T074715Z"
  }, {
    "type" : "move",
    "startTime" : "20141213T154213+0900",
    "endTime" : "20141213T161219+0900",
    "activities" : [ {
      "activity" : "walking",
      "group" : "walking",
      "manual" : false,
      "startTime" : "20141213T154213+0900",
      "endTime" : "20141213T154813+0900",
      "duration" : 360.0,
      "distance" : 304.0,
      "steps" : 491,
      "calories" : 18
    }, {
      "activity" : "transport",
      "group" : "transport",
      "manual" : false,
      "startTime" : "20141213T154813+0900",
      "endTime" : "20141213T155643+0900",
      "duration" : 510.0,
      "distance" : 2691.0
    }, {
      "activity" : "walking",
      "group" : "walking",
      "manual" : false,
      "startTime" : "20141213T155643+0900",
      "endTime" : "20141213T160044+0900",
      "duration" : 241.0,
      "distance" : 230.0,
      "steps" : 347,
      "calories" : 14
    }, {
      "activity" : "transport",
      "group" : "transport",
      "manual" : false,
      "startTime" : "20141213T160044+0900",
      "endTime" : "20141213T160614+0900",
      "duration" : 330.0,
      "distance" : 2593.0
    }, {
      "activity" : "walking",
      "group" : "walking",
      "manual" : false,
      "startTime" : "20141213T160614+0900",
      "endTime" : "20141213T161219+0900",
      "duration" : 365.0,
      "distance" : 243.0,
      "steps" : 371,
      "calories" : 14
    } ],
    "lastUpdate" : "20141213T074715Z"
  }, {
    "type" : "place",
    "startTime" : "20141213T161219+0900",
    "endTime" : "20141213T192110+0900",
    "activities" : [ {
      "activity" : "walking",
      "group" : "walking",
      "manual" : false,
      "startTime" : "20141213T161414+0900",
      "endTime" : "20141213T161444+0900",
      "duration" : 30.0,
      "distance" : 20.0,
      "steps" : 41,
      "calories" : 1
    } ],
    "lastUpdate" : "20141213T122401Z"
  }, {
    "type" : "move",
    "startTime" : "20141213T192110+0900",
    "endTime" : "20141213T192529+0900",
    "activities" : [ {
      "activity" : "walking",
      "group" : "walking",
      "manual" : false,
      "startTime" : "20141213T192110+0900",
      "endTime" : "20141213T192529+0900",
      "duration" : 259.0,
      "distance" : 316.0,
      "steps" : 495,
      "calories" : 19
    } ],
    "lastUpdate" : "20141213T122401Z"
  } ],
  "caloriesIdle" : 1711,
  "lastUpdate" : "20141214T034554Z"
} ]