[ {
  "date" : "20141127",
  "summary" : [ {
    "activity" : "walking",
    "group" : "walking",
    "duration" : 2387.0,
    "distance" : 2572.0,
    "steps" : 3980,
    "calories" : 153
  }, {
    "activity" : "transport",
    "group" : "transport",
    "duration" : 6706.0,
    "distance" : 71334.0
  }, {
    "activity" : "running",
    "group" : "running",
    "duration" : 120.0,
    "distance" : 290.0,
    "steps" : 314,
    "calories" : 21
  } ],
  "segments" : [ {
    "type" : "place",
    "startTime" : "20141126T234417+0900",
    "endTime" : "20141127T081017+0900",
    "activities" : [ {
      "activity" : "walking",
      "group" : "walking",
      "manual" : false,
      "startTime" : "20141127T080727+0900",
      "endTime" : "20141127T080830+0900",
      "duration" : 63.0,
      "distance" : 48.0,
      "steps" : 96,
      "calories" : 3
    } ],
    "lastUpdate" : "20141127T013350Z"
  }, {
    "type" : "move",
    "startTime" : "20141127T081017+0900",
    "endTime" : "20141127T082208+0900",
    "activities" : [ {
      "activity" : "walking",
      "group" : "walking",
      "manual" : false,
      "startTime" : "20141127T081017+0900",
      "endTime" : "20141127T081330+0900",
      "duration" : 193.0,
      "distance" : 234.0,
      "steps" : 467,
      "calories" : 14
    }, {
      "activity" : "transport",
      "group" : "transport",
      "manual" : false,
      "startTime" : "20141127T081331+0900",
      "endTime" : "20141127T082008+0900",
      "duration" : 397.0,
      "distance" : 2426.0
    }, {
      "activity" : "walking",
      "group" : "walking",
      "manual" : false,
      "startTime" : "20141127T082008+0900",
      "endTime" : "20141127T082208+0900",
      "duration" : 120.0,
      "distance" : 229.0,
      "steps" : 223,
      "calories" : 14
    } ],
    "lastUpdate" : "20141127T013350Z"
  }, {
    "type" : "place",
    "startTime" : "20141127T082208+0900",
    "endTime" : "20141127T083805+0900",
    "activities" : [ {
      "activity" : "walking",
      "group" : "walking",
      "manual" : false,
      "startTime" : "20141127T082608+0900",
      "endTime" : "20141127T083108+0900",
      "duration" : 300.0,
      "distance" : 320.0,
      "steps" : 426,
      "calories" : 19
    } ],
    "lastUpdate" : "20141127T013350Z"
  }, {
    "type" : "move",
    "startTime" : "20141127T083805+0900",
    "endTime" : "20141127T084321+0900",
    "activities" : [ {
      "activity" : "transport",
      "group" : "transport",
      "manual" : false,
      "startTime" : "20141127T083805+0900",
      "endTime" : "20141127T084321+0900",
      "duration" : 316.0,
      "distance" : 3117.0
    } ],
    "lastUpdate" : "20141127T013350Z"
  }, {
    "type" : "move",
    "startTime" : "20141127T084321+0900",
    "endTime" : "20141127T093937+0900",
    "activities" : [ {
      "activity" : "walking",
      "group" : "walking",
      "manual" : false,
      "startTime" : "20141127T084321+0900",
      "endTime" : "20141127T084846+0900",
      "duration" : 325.0,
      "distance" : 239.0,
      "steps" : 479,
      "calories" : 14
    }, {
      "activity" : "transport",
      "group" : "transport",
      "manual" : false,
      "startTime" : "20141127T084846+0900",
      "endTime" : "20141127T092446+0900",
      "duration" : 2160.0,
      "distance" : 27984.0
    }, {
      "activity" : "walking",
      "group" : "walking",
      "manual" : false,
      "startTime" : "20141127T092445+0900",
      "endTime" : "20141127T092645+0900",
      "duration" : 120.0,
      "distance" : 117.0,
      "steps" : 233,
      "calories" : 7
    }, {
      "activity" : "transport",
      "group" : "transport",
      "manual" : false,
      "startTime" : "20141127T092645+0900",
      "endTime" : "20141127T093646+0900",
      "duration" : 601.0,
      "distance" : 5908.0
    }, {
      "activity" : "running",
      "group" : "running",
      "manual" : false,
      "startTime" : "20141127T093646+0900",
      "endTime" : "20141127T093846+0900",
      "duration" : 120.0,
      "distance" : 290.0,
      "steps" : 314,
      "calories" : 21
    }, {
      "activity" : "walking",
      "group" : "walking",
      "manual" : false,
      "startTime" : "20141127T093846+0900",
      "endTime" : "20141127T093937+0900",
      "duration" : 51.0,
      "distance" : 133.0,
      "steps" : 111,
      "calories" : 8
    } ],
    "lastUpdate" : "20141127T043636Z"
  }, {
    "type" : "place",
    "startTime" : "20141127T093937+0900",
    "endTime" : "20141127T122307+0900",
    "activities" : [ {
      "activity" : "walking",
      "group" : "walking",
      "manual" : false,
      "startTime" : "20141127T093937+0900",
      "endTime" : "20141127T094217+0900",
      "duration" : 160.0,
      "distance" : 252.0,
      "steps" : 337,
      "calories" : 15
    }, {
      "activity" : "walking",
      "group" : "walking",
      "manual" : false,
      "startTime" : "20141127T111314+0900",
      "endTime" : "20141127T111414+0900",
      "duration" : 60.0,
      "distance" : 51.0,
      "steps" : 101,
      "calories" : 3
    } ],
    "lastUpdate" : "20141127T043638Z"
  }, {
    "type" : "move",
    "startTime" : "20141127T122307+0900",
    "endTime" : "20141127T122712+0900",
    "activities" : [ {
      "activity" : "walking",
      "group" : "walking",
      "manual" : false,
      "startTime" : "20141127T122307+0900",
      "endTime" : "20141127T122712+0900",
      "duration" : 245.0,
      "distance" : 198.0,
      "steps" : 280,
      "calories" : 12
    } ],
    "lastUpdate" : "20141127T043638Z"
  }, {
    "type" : "place",
    "startTime" : "20141127T122712+0900",
    "endTime" : "20141127T185637+0900",
    "activities" : [ {
      "activity" : "walking",
      "group" : "walking",
      "manual" : false,
      "startTime" : "20141127T130625+0900",
      "endTime" : "20141127T130725+0900",
      "duration" : 60.0,
      "distance" : 41.0,
      "steps" : 81,
      "calories" : 2
    }, {
      "activity" : "walking",
      "group" : "walking",
      "manual" : false,
      "startTime" : "20141127T143820+0900",
      "endTime" : "20141127T144050+0900",
      "duration" : 150.0,
      "distance" : 213.0,
      "steps" : 284,
      "calories" : 13
    }, {
      "activity" : "walking",
      "group" : "walking",
      "manual" : false,
      "startTime" : "20141127T162257+0900",
      "endTime" : "20141127T162557+0900",
      "duration" : 180.0,
      "distance" : 198.0,
      "steps" : 264,
      "calories" : 12
    } ],
    "lastUpdate" : "20141127T114845Z"
  }, {
    "type" : "move",
    "startTime" : "20141127T185637+0900",
    "endTime" : "20141127T195628+0900",
    "activities" : [ {
      "activity" : "transport",
      "group" : "transport",
      "manual" : false,
      "startTime" : "20141127T185637+0900",
      "endTime" : "20141127T192040+0900",
      "duration" : 1443.0,
      "distance" : 24879.0
    }, {
      "activity" : "walking",
      "group" : "walking",
      "manual" : false,
      "startTime" : "20141127T192039+0900",
      "endTime" : "20141127T192639+0900",
      "duration" : 360.0,
      "distance" : 299.0,
      "steps" : 598,
      "calories" : 18
    }, {
      "activity" : "transport",
      "group" : "transport",
      "manual" : false,
      "startTime" : "20141127T192639+0900",
      "endTime" : "20141127T195628+0900",
      "duration" : 1789.0,
      "distance" : 7020.0
    } ],
    "lastUpdate" : "20141127T114845Z"
  } ],
  "caloriesIdle" : 1711,
  "lastUpdate" : "20141128T092802Z"
} ]