[ {
  "date" : "20160325",
  "summary" : [ {
    "activity" : "walking",
    "group" : "walking",
    "duration" : 6386.0,
    "distance" : 7380.0,
    "steps" : 10410,
    "calories" : 410
  }, {
    "activity" : "transport",
    "group" : "transport",
    "duration" : 3053.0,
    "distance" : 20047.0
  }, {
    "activity" : "running",
    "group" : "running",
    "duration" : 240.0,
    "distance" : 656.0,
    "steps" : 557,
    "calories" : 44
  } ],
  "segments" : [ {
    "type" : "place",
    "startTime" : "20160324T150810+0900",
    "endTime" : "20160325T134631+0900",
    "activities" : [ {
      "activity" : "walking",
      "group" : "walking",
      "manual" : false,
      "startTime" : "20160325T133700+0900",
      "endTime" : "20160325T135441+0900",
      "duration" : 1061.0,
      "distance" : 1240.0,
      "steps" : 1654,
      "calories" : 69
    } ],
    "lastUpdate" : "20160325T060814Z"
  }, {
    "type" : "move",
    "startTime" : "20160325T134631+0900",
    "endTime" : "20160325T141813+0900",
    "activities" : [ {
      "activity" : "transport",
      "group" : "transport",
      "manual" : false,
      "startTime" : "20160325T134631+0900",
      "endTime" : "20160325T141113+0900",
      "duration" : 1482.0,
      "distance" : 10140.0
    }, {
      "activity" : "walking",
      "group" : "walking",
      "manual" : false,
      "startTime" : "20160325T141113+0900",
      "endTime" : "20160325T141413+0900",
      "duration" : 180.0,
      "distance" : 324.0,
      "steps" : 274,
      "calories" : 18
    }, {
      "activity" : "running",
      "group" : "running",
      "manual" : false,
      "startTime" : "20160325T141413+0900",
      "endTime" : "20160325T141813+0900",
      "duration" : 240.0,
      "distance" : 656.0,
      "steps" : 557,
      "calories" : 44
    } ],
    "lastUpdate" : "20160325T060814Z"
  }, {
    "type" : "place",
    "startTime" : "20160325T141813+0900",
    "endTime" : "20160325T151550+0900",
    "activities" : [ {
      "activity" : "walking",
      "group" : "walking",
      "manual" : false,
      "startTime" : "20160325T141813+0900",
      "endTime" : "20160325T142021+0900",
      "duration" : 128.0,
      "distance" : 177.0,
      "steps" : 236,
      "calories" : 10
    }, {
      "activity" : "walking",
      "group" : "walking",
      "manual" : false,
      "startTime" : "20160325T151351+0900",
      "endTime" : "20160325T151358+0900",
      "duration" : 7.0,
      "distance" : 5.0,
      "steps" : 10,
      "calories" : 0
    } ],
    "lastUpdate" : "20160325T074259Z"
  }, {
    "type" : "move",
    "startTime" : "20160325T151550+0900",
    "endTime" : "20160325T153035+0900",
    "activities" : [ {
      "activity" : "walking",
      "group" : "walking",
      "manual" : false,
      "startTime" : "20160325T151550+0900",
      "endTime" : "20160325T153034+0900",
      "duration" : 884.0,
      "distance" : 1057.0,
      "steps" : 1522,
      "calories" : 59
    } ],
    "lastUpdate" : "20160325T074259Z"
  }, {
    "type" : "place",
    "startTime" : "20160325T153035+0900",
    "endTime" : "20160325T154025+0900",
    "activities" : [ {
      "activity" : "walking",
      "group" : "walking",
      "manual" : false,
      "startTime" : "20160325T153035+0900",
      "endTime" : "20160325T153436+0900",
      "duration" : 241.0,
      "distance" : 280.0,
      "steps" : 373,
      "calories" : 16
    } ],
    "lastUpdate" : "20160325T074259Z"
  }, {
    "type" : "move",
    "startTime" : "20160325T154025+0900",
    "endTime" : "20160325T162412+0900",
    "activities" : [ {
      "activity" : "walking",
      "group" : "walking",
      "manual" : false,
      "startTime" : "20160325T154025+0900",
      "endTime" : "20160325T162412+0900",
      "duration" : 2627.0,
      "distance" : 3132.0,
      "steps" : 4303,
      "calories" : 174
    } ],
    "lastUpdate" : "20160325T074259Z"
  }, {
    "type" : "place",
    "startTime" : "20160325T162412+0900",
    "endTime" : "20160325T171449+0900",
    "activities" : [ {
      "activity" : "walking",
      "group" : "walking",
      "manual" : false,
      "startTime" : "20160325T162449+0900",
      "endTime" : "20160325T162608+0900",
      "duration" : 79.0,
      "distance" : 53.0,
      "steps" : 106,
      "calories" : 3
    }, {
      "activity" : "walking",
      "group" : "walking",
      "manual" : false,
      "startTime" : "20160325T171257+0900",
      "endTime" : "20160325T171323+0900",
      "duration" : 26.0,
      "distance" : 17.0,
      "steps" : 35,
      "calories" : 1
    } ],
    "lastUpdate" : "20160325T091754Z"
  }, {
    "type" : "move",
    "startTime" : "20160325T171449+0900",
    "endTime" : "20160325T175543+0900",
    "activities" : [ {
      "activity" : "walking",
      "group" : "walking",
      "manual" : false,
      "startTime" : "20160325T171449+0900",
      "endTime" : "20160325T172629+0900",
      "duration" : 700.0,
      "distance" : 550.0,
      "steps" : 1068,
      "calories" : 31
    }, {
      "activity" : "transport",
      "group" : "transport",
      "manual" : false,
      "startTime" : "20160325T172630+0900",
      "endTime" : "20160325T173600+0900",
      "duration" : 570.0,
      "distance" : 3790.0
    }, {
      "activity" : "walking",
      "group" : "walking",
      "manual" : false,
      "startTime" : "20160325T173601+0900",
      "endTime" : "20160325T173901+0900",
      "duration" : 180.0,
      "distance" : 189.0,
      "steps" : 331,
      "calories" : 11
    }, {
      "activity" : "transport",
      "group" : "transport",
      "manual" : false,
      "startTime" : "20160325T173901+0900",
      "endTime" : "20160325T175542+0900",
      "duration" : 1001.0,
      "distance" : 6117.0
    } ],
    "lastUpdate" : "20160325T091754Z"
  }, {
    "type" : "place",
    "startTime" : "20160325T175543+0900",
    "endTime" : "20160326T113221+0900",
    "activities" : [ {
      "activity" : "walking",
      "group" : "walking",
      "manual" : false,
      "startTime" : "20160325T175549+0900",
      "endTime" : "20160325T175929+0900",
      "duration" : 220.0,
      "distance" : 321.0,
      "steps" : 428,
      "calories" : 18
    }, {
      "activity" : "walking",
      "group" : "walking",
      "manual" : false,
      "startTime" : "20160325T180000+0900",
      "endTime" : "20160325T180053+0900",
      "duration" : 53.0,
      "distance" : 35.0,
      "steps" : 70,
      "calories" : 2
    } ],
    "lastUpdate" : "20160326T040812Z"
  } ],
  "caloriesIdle" : 1601,
  "lastUpdate" : "20160326T040812Z"
} ]