[ {
  "date" : "20160608",
  "summary" : [ {
    "activity" : "walking",
    "group" : "walking",
    "duration" : 4031.0,
    "distance" : 4197.0,
    "steps" : 5674,
    "calories" : 233
  }, {
    "activity" : "transport",
    "group" : "transport",
    "duration" : 4422.0,
    "distance" : 30687.0
  } ],
  "segments" : [ {
    "type" : "place",
    "startTime" : "20160607T161758+0900",
    "endTime" : "20160608T081945+0900",
    "activities" : [ {
      "activity" : "walking",
      "group" : "walking",
      "manual" : false,
      "startTime" : "20160608T043206+0900",
      "endTime" : "20160608T043221+0900",
      "duration" : 15.0,
      "distance" : 10.0,
      "steps" : 20,
      "calories" : 1
    }, {
      "activity" : "walking",
      "group" : "walking",
      "manual" : false,
      "startTime" : "20160608T081941+0900",
      "endTime" : "20160608T082840+0900",
      "duration" : 539.0,
      "distance" : 539.0,
      "steps" : 718,
      "calories" : 30
    } ],
    "lastUpdate" : "20160608T004625Z"
  }, {
    "type" : "move",
    "startTime" : "20160608T081945+0900",
    "endTime" : "20160608T091227+0900",
    "activities" : [ {
      "activity" : "walking",
      "group" : "walking",
      "manual" : false,
      "startTime" : "20160608T081945+0900",
      "endTime" : "20160608T082649+0900",
      "duration" : 424.0,
      "distance" : 544.0,
      "steps" : 691,
      "calories" : 30
    }, {
      "activity" : "transport",
      "group" : "transport",
      "manual" : false,
      "startTime" : "20160608T082650+0900",
      "endTime" : "20160608T083220+0900",
      "duration" : 330.0,
      "distance" : 2096.0
    }, {
      "activity" : "walking",
      "group" : "walking",
      "manual" : false,
      "startTime" : "20160608T083220+0900",
      "endTime" : "20160608T083620+0900",
      "duration" : 240.0,
      "distance" : 207.0,
      "steps" : 415,
      "calories" : 12
    }, {
      "activity" : "transport",
      "group" : "transport",
      "manual" : false,
      "startTime" : "20160608T083620+0900",
      "endTime" : "20160608T085220+0900",
      "duration" : 960.0,
      "distance" : 7122.0
    }, {
      "activity" : "walking",
      "group" : "walking",
      "manual" : false,
      "startTime" : "20160608T085221+0900",
      "endTime" : "20160608T085521+0900",
      "duration" : 180.0,
      "distance" : 393.0,
      "steps" : 328,
      "calories" : 22
    }, {
      "activity" : "transport",
      "group" : "transport",
      "manual" : false,
      "startTime" : "20160608T085521+0900",
      "endTime" : "20160608T091227+0900",
      "duration" : 1026.0,
      "distance" : 5599.0
    } ],
    "lastUpdate" : "20160608T004625Z"
  }, {
    "type" : "place",
    "startTime" : "20160608T091227+0900",
    "endTime" : "20160608T111351+0900",
    "activities" : [ {
      "activity" : "walking",
      "group" : "walking",
      "manual" : false,
      "startTime" : "20160608T091238+0900",
      "endTime" : "20160608T091432+0900",
      "duration" : 114.0,
      "distance" : 77.0,
      "steps" : 154,
      "calories" : 4
    }, {
      "activity" : "walking",
      "group" : "walking",
      "manual" : false,
      "startTime" : "20160608T103613+0900",
      "endTime" : "20160608T103833+0900",
      "duration" : 140.0,
      "distance" : 147.0,
      "steps" : 197,
      "calories" : 8
    }, {
      "activity" : "walking",
      "group" : "walking",
      "manual" : false,
      "startTime" : "20160608T110416+0900",
      "endTime" : "20160608T110545+0900",
      "duration" : 89.0,
      "distance" : 59.0,
      "steps" : 119,
      "calories" : 3
    } ],
    "lastUpdate" : "20160608T022046Z"
  }, {
    "type" : "move",
    "startTime" : "20160608T111351+0900",
    "endTime" : "20160608T112039+0900",
    "activities" : [ {
      "activity" : "walking",
      "group" : "walking",
      "manual" : false,
      "startTime" : "20160608T111351+0900",
      "endTime" : "20160608T112038+0900",
      "duration" : 407.0,
      "distance" : 286.0,
      "steps" : 452,
      "calories" : 16
    } ],
    "lastUpdate" : "20160608T022046Z"
  }, {
    "type" : "move",
    "startTime" : "20160608T112039+0900",
    "endTime" : "20160608T112505+0900",
    "activities" : [ {
      "activity" : "walking",
      "group" : "walking",
      "manual" : false,
      "startTime" : "20160608T112039+0900",
      "endTime" : "20160608T112505+0900",
      "duration" : 266.0,
      "distance" : 133.0,
      "steps" : 234,
      "calories" : 7
    } ],
    "lastUpdate" : "20160608T035154Z"
  }, {
    "type" : "place",
    "startTime" : "20160608T112505+0900",
    "endTime" : "20160608T113625+0900",
    "activities" : [ {
      "activity" : "walking",
      "group" : "walking",
      "manual" : false,
      "startTime" : "20160608T112505+0900",
      "endTime" : "20160608T112751+0900",
      "duration" : 166.0,
      "distance" : 167.0,
      "steps" : 223,
      "calories" : 9
    } ],
    "lastUpdate" : "20160608T035154Z"
  }, {
    "type" : "move",
    "startTime" : "20160608T113625+0900",
    "endTime" : "20160608T123038+0900",
    "activities" : [ {
      "activity" : "walking",
      "group" : "walking",
      "manual" : false,
      "startTime" : "20160608T113625+0900",
      "endTime" : "20160608T114233+0900",
      "duration" : 368.0,
      "distance" : 375.0,
      "steps" : 505,
      "calories" : 21
    }, {
      "activity" : "transport",
      "group" : "transport",
      "manual" : false,
      "startTime" : "20160608T114233+0900",
      "endTime" : "20160608T115703+0900",
      "duration" : 870.0,
      "distance" : 6187.0
    }, {
      "activity" : "walking",
      "group" : "walking",
      "manual" : false,
      "startTime" : "20160608T115703+0900",
      "endTime" : "20160608T120034+0900",
      "duration" : 211.0,
      "distance" : 319.0,
      "steps" : 294,
      "calories" : 18
    }, {
      "activity" : "transport",
      "group" : "transport",
      "manual" : false,
      "startTime" : "20160608T120034+0900",
      "endTime" : "20160608T121404+0900",
      "duration" : 810.0,
      "distance" : 7158.0
    }, {
      "activity" : "walking",
      "group" : "walking",
      "manual" : false,
      "startTime" : "20160608T121404+0900",
      "endTime" : "20160608T121834+0900",
      "duration" : 270.0,
      "distance" : 209.0,
      "steps" : 419,
      "calories" : 12
    }, {
      "activity" : "transport",
      "group" : "transport",
      "manual" : false,
      "startTime" : "20160608T121834+0900",
      "endTime" : "20160608T122434+0900",
      "duration" : 360.0,
      "distance" : 2142.0
    }, {
      "activity" : "walking",
      "group" : "walking",
      "manual" : false,
      "startTime" : "20160608T122435+0900",
      "endTime" : "20160608T123037+0900",
      "duration" : 362.0,
      "distance" : 512.0,
      "steps" : 578,
      "calories" : 28
    } ],
    "lastUpdate" : "20160608T035154Z"
  }, {
    "type" : "place",
    "startTime" : "20160608T123038+0900",
    "endTime" : "20160608T201615+0900",
    "activities" : [ {
      "activity" : "walking",
      "group" : "walking",
      "manual" : false,
      "startTime" : "20160608T123049+0900",
      "endTime" : "20160608T123109+0900",
      "duration" : 20.0,
      "distance" : 13.0,
      "steps" : 27,
      "calories" : 1
    }, {
      "activity" : "walking",
      "group" : "walking",
      "manual" : false,
      "startTime" : "20160608T201443+0900",
      "endTime" : "20160608T201525+0900",
      "duration" : 42.0,
      "distance" : 28.0,
      "steps" : 56,
      "calories" : 2
    } ],
    "lastUpdate" : "20160608T113652Z"
  }, {
    "type" : "move",
    "startTime" : "20160608T201615+0900",
    "endTime" : "20160608T201721+0900",
    "activities" : [ {
      "activity" : "transport",
      "group" : "transport",
      "manual" : false,
      "startTime" : "20160608T201615+0900",
      "endTime" : "20160608T201721+0900",
      "duration" : 66.0,
      "distance" : 383.0
    } ],
    "lastUpdate" : "20160608T113652Z"
  }, {
    "type" : "place",
    "startTime" : "20160608T201721+0900",
    "endTime" : "20160608T225917+0900",
    "activities" : [ {
      "activity" : "walking",
      "group" : "walking",
      "manual" : false,
      "startTime" : "20160608T201724+0900",
      "endTime" : "20160608T202010+0900",
      "duration" : 166.0,
      "distance" : 171.0,
      "steps" : 228,
      "calories" : 10
    }, {
      "activity" : "walking",
      "group" : "walking",
      "manual" : false,
      "startTime" : "20160608T214750+0900",
      "endTime" : "20160608T214802+0900",
      "duration" : 12.0,
      "distance" : 8.0,
      "steps" : 16,
      "calories" : 0
    } ],
    "lastUpdate" : "20160608T144148Z"
  } ],
  "caloriesIdle" : 1601,
  "lastUpdate" : "20160609T091201Z"
} ]