[ {
  "date" : "20141218",
  "summary" : [ {
    "activity" : "walking",
    "group" : "walking",
    "duration" : 3067.0,
    "distance" : 2994.0,
    "steps" : 5288,
    "calories" : 178
  }, {
    "activity" : "transport",
    "group" : "transport",
    "duration" : 10803.0,
    "distance" : 64430.0
  }, {
    "activity" : "running",
    "group" : "running",
    "duration" : 120.0,
    "distance" : 234.0,
    "steps" : 335,
    "calories" : 17
  } ],
  "segments" : [ {
    "type" : "place",
    "startTime" : "20141218T020631+0900",
    "endTime" : "20141218T084501+0900",
    "activities" : [ {
      "activity" : "walking",
      "group" : "walking",
      "manual" : false,
      "startTime" : "20141218T084425+0900",
      "endTime" : "20141218T084455+0900",
      "duration" : 30.0,
      "distance" : 35.0,
      "steps" : 70,
      "calories" : 2
    } ],
    "lastUpdate" : "20141218T024652Z"
  }, {
    "type" : "move",
    "startTime" : "20141218T084501+0900",
    "endTime" : "20141218T093925+0900",
    "activities" : [ {
      "activity" : "transport",
      "group" : "transport",
      "manual" : false,
      "startTime" : "20141218T084501+0900",
      "endTime" : "20141218T085226+0900",
      "duration" : 445.0,
      "distance" : 2529.0
    }, {
      "activity" : "running",
      "group" : "running",
      "manual" : false,
      "startTime" : "20141218T085225+0900",
      "endTime" : "20141218T085425+0900",
      "duration" : 120.0,
      "distance" : 234.0,
      "steps" : 335,
      "calories" : 17
    }, {
      "activity" : "transport",
      "group" : "transport",
      "manual" : false,
      "startTime" : "20141218T085425+0900",
      "endTime" : "20141218T093558+0900",
      "duration" : 2493.0,
      "distance" : 33202.0
    }, {
      "activity" : "walking",
      "group" : "walking",
      "manual" : false,
      "startTime" : "20141218T093558+0900",
      "endTime" : "20141218T093926+0900",
      "duration" : 208.0,
      "distance" : 275.0,
      "steps" : 410,
      "calories" : 16
    } ],
    "lastUpdate" : "20141218T024652Z"
  }, {
    "type" : "place",
    "startTime" : "20141218T093925+0900",
    "endTime" : "20141218T122317+0900",
    "activities" : [ {
      "activity" : "walking",
      "group" : "walking",
      "manual" : false,
      "startTime" : "20141218T093925+0900",
      "endTime" : "20141218T094058+0900",
      "duration" : 93.0,
      "distance" : 95.0,
      "steps" : 189,
      "calories" : 6
    }, {
      "activity" : "walking",
      "group" : "walking",
      "manual" : false,
      "startTime" : "20141218T100612+0900",
      "endTime" : "20141218T100712+0900",
      "duration" : 60.0,
      "distance" : 66.0,
      "steps" : 132,
      "calories" : 4
    }, {
      "activity" : "walking",
      "group" : "walking",
      "manual" : false,
      "startTime" : "20141218T122249+0900",
      "endTime" : "20141218T122650+0900",
      "duration" : 241.0,
      "distance" : 244.0,
      "steps" : 326,
      "calories" : 14
    } ],
    "lastUpdate" : "20141218T054820Z"
  }, {
    "type" : "place",
    "startTime" : "20141218T122318+0900",
    "endTime" : "20141218T204238+0900",
    "activities" : [ {
      "activity" : "walking",
      "group" : "walking",
      "manual" : false,
      "startTime" : "20141218T122318+0900",
      "endTime" : "20141218T122820+0900",
      "duration" : 302.0,
      "distance" : 292.0,
      "steps" : 389,
      "calories" : 17
    }, {
      "activity" : "walking",
      "group" : "walking",
      "manual" : false,
      "startTime" : "20141218T130818+0900",
      "endTime" : "20141218T130921+0900",
      "duration" : 63.0,
      "distance" : 64.0,
      "steps" : 129,
      "calories" : 4
    }, {
      "activity" : "walking",
      "group" : "walking",
      "manual" : false,
      "startTime" : "20141218T144231+0900",
      "endTime" : "20141218T144501+0900",
      "duration" : 150.0,
      "distance" : 198.0,
      "steps" : 264,
      "calories" : 12
    } ],
    "lastUpdate" : "20141218T163809Z"
  }, {
    "type" : "move",
    "startTime" : "20141218T204238+0900",
    "endTime" : "20141218T210551+0900",
    "activities" : [ {
      "activity" : "transport",
      "group" : "transport",
      "manual" : false,
      "startTime" : "20141218T204238+0900",
      "endTime" : "20141218T210552+0900",
      "duration" : 1394.0,
      "distance" : 24038.0
    } ],
    "lastUpdate" : "20141218T163809Z"
  }, {
    "type" : "place",
    "startTime" : "20141218T210552+0900",
    "endTime" : "20141218T212136+0900",
    "activities" : [ {
      "activity" : "walking",
      "group" : "walking",
      "manual" : false,
      "startTime" : "20141218T211744+0900",
      "endTime" : "20141218T211944+0900",
      "duration" : 120.0,
      "distance" : 106.0,
      "steps" : 142,
      "calories" : 6
    } ],
    "lastUpdate" : "20141219T065719Z"
  }, {
    "type" : "move",
    "startTime" : "20141218T212136+0900",
    "endTime" : "20141218T222101+0900",
    "activities" : [ {
      "activity" : "walking",
      "group" : "walking",
      "manual" : false,
      "startTime" : "20141218T212136+0900",
      "endTime" : "20141218T213645+0900",
      "duration" : 909.0,
      "distance" : 762.0,
      "steps" : 1524,
      "calories" : 45
    }, {
      "activity" : "transport",
      "group" : "transport",
      "manual" : false,
      "startTime" : "20141218T213644+0900",
      "endTime" : "20141218T214614+0900",
      "duration" : 570.0,
      "distance" : 2131.0
    }, {
      "activity" : "walking",
      "group" : "walking",
      "manual" : false,
      "startTime" : "20141218T214614+0900",
      "endTime" : "20141218T215144+0900",
      "duration" : 330.0,
      "distance" : 304.0,
      "steps" : 608,
      "calories" : 18
    }, {
      "activity" : "transport",
      "group" : "transport",
      "manual" : false,
      "startTime" : "20141218T215145+0900",
      "endTime" : "20141218T215802+0900",
      "duration" : 377.0,
      "distance" : 1408.0
    }, {
      "activity" : "walking",
      "group" : "walking",
      "manual" : false,
      "startTime" : "20141218T215801+0900",
      "endTime" : "20141218T220252+0900",
      "duration" : 291.0,
      "distance" : 294.0,
      "steps" : 588,
      "calories" : 17
    }, {
      "activity" : "transport",
      "group" : "transport",
      "manual" : false,
      "startTime" : "20141218T220251+0900",
      "endTime" : "20141218T220751+0900",
      "duration" : 300.0,
      "distance" : 1122.0
    }, {
      "activity" : "walking",
      "group" : "walking",
      "manual" : false,
      "startTime" : "20141218T220752+0900",
      "endTime" : "20141218T221222+0900",
      "duration" : 270.0,
      "distance" : 259.0,
      "steps" : 517,
      "calories" : 15
    } ],
    "lastUpdate" : "20141219T065719Z"
  }, {
    "type" : "move",
    "startTime" : "20141218T223256+0900",
    "endTime" : "20141219T031647+0900",
    "activities" : [ {
      "activity" : "transport",
      "group" : "transport",
      "manual" : false,
      "startTime" : "20141218T223256+0900",
      "endTime" : "20141219T000000+0900",
      "duration" : 5224.0,
      "distance" : 0.0
    } ],
    "lastUpdate" : "20141219T065719Z"
  } ],
  "caloriesIdle" : 1711,
  "lastUpdate" : "20141219T065719Z"
} ]