[ {
  "date" : "20160621",
  "summary" : [ {
    "activity" : "walking",
    "group" : "walking",
    "duration" : 2256.0,
    "distance" : 2255.0,
    "steps" : 3448,
    "calories" : 125
  }, {
    "activity" : "cycling",
    "group" : "cycling",
    "duration" : 456.0,
    "distance" : 2105.0,
    "calories" : 52
  }, {
    "activity" : "transport",
    "group" : "transport",
    "duration" : 149.0,
    "distance" : 512.0
  } ],
  "segments" : [ {
    "type" : "place",
    "startTime" : "20160620T184041+0900",
    "endTime" : "20160621T102318+0900",
    "activities" : [ {
      "activity" : "walking",
      "group" : "walking",
      "manual" : false,
      "startTime" : "20160621T102201+0900",
      "endTime" : "20160621T103140+0900",
      "duration" : 579.0,
      "distance" : 589.0,
      "steps" : 785,
      "calories" : 33
    } ],
    "lastUpdate" : "20160621T030529Z"
  }, {
    "type" : "move",
    "startTime" : "20160621T102318+0900",
    "endTime" : "20160621T102849+0900",
    "activities" : [ {
      "activity" : "transport",
      "group" : "transport",
      "manual" : false,
      "startTime" : "20160621T102318+0900",
      "endTime" : "20160621T102547+0900",
      "duration" : 149.0,
      "distance" : 512.0
    }, {
      "activity" : "cycling",
      "group" : "cycling",
      "manual" : false,
      "startTime" : "20160621T102548+0900",
      "endTime" : "20160621T102848+0900",
      "duration" : 180.0,
      "distance" : 790.0,
      "calories" : 20
    } ],
    "lastUpdate" : "20160621T030529Z"
  }, {
    "type" : "place",
    "startTime" : "20160621T102849+0900",
    "endTime" : "20160621T120235+0900",
    "activities" : [ {
      "activity" : "walking",
      "group" : "walking",
      "manual" : false,
      "startTime" : "20160621T102849+0900",
      "endTime" : "20160621T102949+0900",
      "duration" : 60.0,
      "distance" : 51.0,
      "steps" : 102,
      "calories" : 3
    }, {
      "activity" : "walking",
      "group" : "walking",
      "manual" : false,
      "startTime" : "20160621T120233+0900",
      "endTime" : "20160621T120334+0900",
      "duration" : 61.0,
      "distance" : 40.0,
      "steps" : 81,
      "calories" : 2
    } ],
    "lastUpdate" : "20160621T044021Z"
  }, {
    "type" : "move",
    "startTime" : "20160621T120235+0900",
    "endTime" : "20160621T120852+0900",
    "activities" : [ {
      "activity" : "walking",
      "group" : "walking",
      "manual" : false,
      "startTime" : "20160621T120235+0900",
      "endTime" : "20160621T120851+0900",
      "duration" : 376.0,
      "distance" : 278.0,
      "steps" : 556,
      "calories" : 15
    } ],
    "lastUpdate" : "20160621T044021Z"
  }, {
    "type" : "place",
    "startTime" : "20160621T120852+0900",
    "endTime" : "20160621T122653+0900",
    "activities" : [ {
      "activity" : "walking",
      "group" : "walking",
      "manual" : false,
      "startTime" : "20160621T121207+0900",
      "endTime" : "20160621T121214+0900",
      "duration" : 7.0,
      "distance" : 5.0,
      "steps" : 10,
      "calories" : 0
    } ],
    "lastUpdate" : "20160621T044021Z"
  }, {
    "type" : "move",
    "startTime" : "20160621T122653+0900",
    "endTime" : "20160621T123127+0900",
    "activities" : [ {
      "activity" : "walking",
      "group" : "walking",
      "manual" : false,
      "startTime" : "20160621T122653+0900",
      "endTime" : "20160621T123126+0900",
      "duration" : 273.0,
      "distance" : 234.0,
      "steps" : 468,
      "calories" : 13
    } ],
    "lastUpdate" : "20160621T044021Z"
  }, {
    "type" : "place",
    "startTime" : "20160621T123127+0900",
    "endTime" : "20160621T161815+0900",
    "activities" : [ {
      "activity" : "walking",
      "group" : "walking",
      "manual" : false,
      "startTime" : "20160621T123127+0900",
      "endTime" : "20160621T123747+0900",
      "duration" : 380.0,
      "distance" : 511.0,
      "steps" : 681,
      "calories" : 28
    }, {
      "activity" : "walking",
      "group" : "walking",
      "manual" : false,
      "startTime" : "20160621T143518+0900",
      "endTime" : "20160621T143759+0900",
      "duration" : 161.0,
      "distance" : 209.0,
      "steps" : 279,
      "calories" : 12
    }, {
      "activity" : "walking",
      "group" : "walking",
      "manual" : false,
      "startTime" : "20160621T161545+0900",
      "endTime" : "20160621T162027+0900",
      "duration" : 282.0,
      "distance" : 287.0,
      "steps" : 383,
      "calories" : 16
    } ],
    "lastUpdate" : "20160621T074640Z"
  }, {
    "type" : "move",
    "startTime" : "20160621T161815+0900",
    "endTime" : "20160621T162252+0900",
    "activities" : [ {
      "activity" : "cycling",
      "group" : "cycling",
      "manual" : false,
      "startTime" : "20160621T161815+0900",
      "endTime" : "20160621T162251+0900",
      "duration" : 276.0,
      "distance" : 1315.0,
      "calories" : 33
    } ],
    "lastUpdate" : "20160621T074640Z"
  }, {
    "type" : "place",
    "startTime" : "20160621T162252+0900",
    "endTime" : "20160622T124256+0900",
    "activities" : [ {
      "activity" : "walking",
      "group" : "walking",
      "manual" : false,
      "startTime" : "20160621T162252+0900",
      "endTime" : "20160621T162409+0900",
      "duration" : 77.0,
      "distance" : 51.0,
      "steps" : 103,
      "calories" : 3
    } ],
    "lastUpdate" : "20160622T040514Z"
  } ],
  "caloriesIdle" : 1601,
  "lastUpdate" : "20160622T040514Z"
} ]