[ {
  "date" : "20150510",
  "summary" : [ {
    "activity" : "walking",
    "group" : "walking",
    "duration" : 1983.0,
    "distance" : 1883.0,
    "steps" : 2633,
    "calories" : 112
  }, {
    "activity" : "cycling",
    "group" : "cycling",
    "duration" : 1187.0,
    "distance" : 4196.0,
    "calories" : 114
  }, {
    "activity" : "transport",
    "group" : "transport",
    "duration" : 1000.0,
    "distance" : 2834.0
  } ],
  "segments" : [ {
    "type" : "place",
    "startTime" : "20150509T174343+0900",
    "endTime" : "20150510T121541+0900",
    "activities" : [ {
      "activity" : "walking",
      "group" : "walking",
      "manual" : false,
      "startTime" : "20150510T121343+0900",
      "endTime" : "20150510T121413+0900",
      "duration" : 30.0,
      "distance" : 30.0,
      "steps" : 61,
      "calories" : 2
    } ],
    "lastUpdate" : "20150510T060008Z"
  }, {
    "type" : "move",
    "startTime" : "20150510T121541+0900",
    "endTime" : "20150510T122111+0900",
    "activities" : [ {
      "activity" : "cycling",
      "group" : "cycling",
      "manual" : false,
      "startTime" : "20150510T121541+0900",
      "endTime" : "20150510T122111+0900",
      "duration" : 330.0,
      "distance" : 1598.0,
      "calories" : 42
    } ],
    "lastUpdate" : "20150510T060008Z"
  }, {
    "type" : "place",
    "startTime" : "20150510T122111+0900",
    "endTime" : "20150510T161415+0900",
    "activities" : [ {
      "activity" : "walking",
      "group" : "walking",
      "manual" : false,
      "startTime" : "20150510T122113+0900",
      "endTime" : "20150510T122743+0900",
      "duration" : 390.0,
      "distance" : 403.0,
      "steps" : 538,
      "calories" : 24
    }, {
      "activity" : "walking",
      "group" : "walking",
      "manual" : false,
      "startTime" : "20150510T150612+0900",
      "endTime" : "20150510T151012+0900",
      "duration" : 240.0,
      "distance" : 197.0,
      "steps" : 263,
      "calories" : 12
    }, {
      "activity" : "walking",
      "group" : "walking",
      "manual" : false,
      "startTime" : "20150510T160119+0900",
      "endTime" : "20150510T160149+0900",
      "duration" : 30.0,
      "distance" : 25.0,
      "steps" : 51,
      "calories" : 1
    } ],
    "lastUpdate" : "20150510T104009Z"
  }, {
    "type" : "move",
    "startTime" : "20150510T161415+0900",
    "endTime" : "20150510T163831+0900",
    "activities" : [ {
      "activity" : "transport",
      "group" : "transport",
      "manual" : false,
      "startTime" : "20150510T161415+0900",
      "endTime" : "20150510T163055+0900",
      "duration" : 1000.0,
      "distance" : 2834.0
    }, {
      "activity" : "walking",
      "group" : "walking",
      "manual" : false,
      "startTime" : "20150510T163625+0900",
      "endTime" : "20150510T163830+0900",
      "duration" : 125.0,
      "distance" : 85.0,
      "steps" : 159,
      "calories" : 5
    } ],
    "lastUpdate" : "20150510T104009Z"
  }, {
    "type" : "place",
    "startTime" : "20150510T163831+0900",
    "endTime" : "20150510T164601+0900",
    "activities" : [ {
      "activity" : "walking",
      "group" : "walking",
      "manual" : false,
      "startTime" : "20150510T164437+0900",
      "endTime" : "20150510T164537+0900",
      "duration" : 60.0,
      "distance" : 56.0,
      "steps" : 112,
      "calories" : 3
    } ],
    "lastUpdate" : "20150510T104009Z"
  }, {
    "type" : "move",
    "startTime" : "20150510T164601+0900",
    "endTime" : "20150510T165310+0900",
    "activities" : [ {
      "activity" : "cycling",
      "group" : "cycling",
      "manual" : false,
      "startTime" : "20150510T164601+0900",
      "endTime" : "20150510T165309+0900",
      "duration" : 428.0,
      "distance" : 1315.0,
      "calories" : 36
    } ],
    "lastUpdate" : "20150510T104009Z"
  }, {
    "type" : "place",
    "startTime" : "20150510T165310+0900",
    "endTime" : "20150510T174135+0900",
    "activities" : [ {
      "activity" : "walking",
      "group" : "walking",
      "manual" : false,
      "startTime" : "20150510T165337+0900",
      "endTime" : "20150510T165807+0900",
      "duration" : 270.0,
      "distance" : 266.0,
      "steps" : 355,
      "calories" : 16
    }, {
      "activity" : "walking",
      "group" : "walking",
      "manual" : false,
      "startTime" : "20150510T170338+0900",
      "endTime" : "20150510T171509+0900",
      "duration" : 691.0,
      "distance" : 701.0,
      "steps" : 934,
      "calories" : 42
    } ],
    "lastUpdate" : "20150510T104009Z"
  }, {
    "type" : "move",
    "startTime" : "20150510T174135+0900",
    "endTime" : "20150510T174844+0900",
    "activities" : [ {
      "activity" : "cycling",
      "group" : "cycling",
      "manual" : false,
      "startTime" : "20150510T174135+0900",
      "endTime" : "20150510T174844+0900",
      "duration" : 429.0,
      "distance" : 1283.0,
      "calories" : 35
    } ],
    "lastUpdate" : "20150510T104009Z"
  }, {
    "type" : "place",
    "startTime" : "20150510T174844+0900",
    "endTime" : "20150511T142350+0900",
    "activities" : [ {
      "activity" : "walking",
      "group" : "walking",
      "manual" : false,
      "startTime" : "20150510T174844+0900",
      "endTime" : "20150510T175111+0900",
      "duration" : 147.0,
      "distance" : 120.0,
      "steps" : 160,
      "calories" : 7
    } ],
    "lastUpdate" : "20150511T071437Z"
  } ],
  "caloriesIdle" : 1706,
  "lastUpdate" : "20150511T071437Z"
} ]