[ {
  "date" : "20151015",
  "summary" : [ {
    "activity" : "walking",
    "group" : "walking",
    "duration" : 295.0,
    "distance" : 320.0,
    "steps" : 450,
    "calories" : 19
  }, {
    "activity" : "cycling",
    "group" : "cycling",
    "duration" : 470.0,
    "distance" : 1774.0,
    "calories" : 48
  } ],
  "segments" : [ {
    "type" : "place",
    "startTime" : "20151014T165110+0900",
    "endTime" : "20151015T162159+0900",
    "activities" : [ {
      "activity" : "walking",
      "group" : "walking",
      "manual" : false,
      "startTime" : "20151015T161929+0900",
      "endTime" : "20151015T161959+0900",
      "duration" : 30.0,
      "distance" : 15.0,
      "steps" : 30,
      "calories" : 1
    } ],
    "lastUpdate" : "20151015T105010Z"
  }, {
    "type" : "move",
    "startTime" : "20151015T162159+0900",
    "endTime" : "20151015T162540+0900",
    "activities" : [ {
      "activity" : "cycling",
      "group" : "cycling",
      "manual" : false,
      "startTime" : "20151015T162159+0900",
      "endTime" : "20151015T162540+0900",
      "duration" : 221.0,
      "distance" : 844.0,
      "calories" : 23
    } ],
    "lastUpdate" : "20151015T105010Z"
  }, {
    "type" : "place",
    "startTime" : "20151015T162540+0900",
    "endTime" : "20151015T164633+0900",
    "activities" : [ {
      "activity" : "walking",
      "group" : "walking",
      "manual" : false,
      "startTime" : "20151015T162540+0900",
      "endTime" : "20151015T162935+0900",
      "duration" : 235.0,
      "distance" : 285.0,
      "steps" : 379,
      "calories" : 17
    } ],
    "lastUpdate" : "20151015T105010Z"
  }, {
    "type" : "move",
    "startTime" : "20151015T164633+0900",
    "endTime" : "20151015T165042+0900",
    "activities" : [ {
      "activity" : "cycling",
      "group" : "cycling",
      "manual" : false,
      "startTime" : "20151015T164633+0900",
      "endTime" : "20151015T165042+0900",
      "duration" : 249.0,
      "distance" : 930.0,
      "calories" : 25
    } ],
    "lastUpdate" : "20151015T105010Z"
  }, {
    "type" : "place",
    "startTime" : "20151015T165042+0900",
    "endTime" : "20151016T083025+0900",
    "activities" : [ {
      "activity" : "walking",
      "group" : "walking",
      "manual" : false,
      "startTime" : "20151015T165134+0900",
      "endTime" : "20151015T165204+0900",
      "duration" : 30.0,
      "distance" : 20.0,
      "steps" : 41,
      "calories" : 1
    } ],
    "lastUpdate" : "20151016T022819Z"
  } ],
  "caloriesIdle" : 1706,
  "lastUpdate" : "20151016T022819Z"
} ]