[ {
  "date" : "20150630",
  "summary" : [ {
    "activity" : "walking",
    "group" : "walking",
    "duration" : 2218.0,
    "distance" : 2612.0,
    "steps" : 3190,
    "calories" : 155
  }, {
    "activity" : "cycling",
    "group" : "cycling",
    "duration" : 573.0,
    "distance" : 1486.0,
    "calories" : 42
  }, {
    "activity" : "transport",
    "group" : "transport",
    "duration" : 276.0,
    "distance" : 352.0
  } ],
  "segments" : [ {
    "type" : "place",
    "startTime" : "20150629T161509+0900",
    "endTime" : "20150630T082618+0900",
    "activities" : [ {
      "activity" : "walking",
      "group" : "walking",
      "manual" : false,
      "startTime" : "20150630T082324+0900",
      "endTime" : "20150630T082554+0900",
      "duration" : 150.0,
      "distance" : 160.0,
      "steps" : 214,
      "calories" : 9
    } ],
    "lastUpdate" : "20150630T031458Z"
  }, {
    "type" : "move",
    "startTime" : "20150630T082618+0900",
    "endTime" : "20150630T083329+0900",
    "activities" : [ {
      "activity" : "cycling",
      "group" : "cycling",
      "manual" : false,
      "startTime" : "20150630T082618+0900",
      "endTime" : "20150630T083001+0900",
      "duration" : 223.0,
      "distance" : 668.0,
      "calories" : 18
    }, {
      "activity" : "walking",
      "group" : "walking",
      "manual" : false,
      "startTime" : "20150630T083000+0900",
      "endTime" : "20150630T083329+0900",
      "duration" : 209.0,
      "distance" : 237.0,
      "steps" : 292,
      "calories" : 14
    } ],
    "lastUpdate" : "20150630T031458Z"
  }, {
    "type" : "place",
    "startTime" : "20150630T083330+0900",
    "endTime" : "20150630T115556+0900",
    "activities" : [ {
      "activity" : "walking",
      "group" : "walking",
      "manual" : false,
      "startTime" : "20150630T101534+0900",
      "endTime" : "20150630T102558+0900",
      "duration" : 624.0,
      "distance" : 680.0,
      "steps" : 907,
      "calories" : 40
    }, {
      "activity" : "walking",
      "group" : "walking",
      "manual" : false,
      "startTime" : "20150630T115241+0900",
      "endTime" : "20150630T115714+0900",
      "duration" : 273.0,
      "distance" : 286.0,
      "steps" : 382,
      "calories" : 17
    } ],
    "lastUpdate" : "20150630T061903Z"
  }, {
    "type" : "move",
    "startTime" : "20150630T115556+0900",
    "endTime" : "20150630T115910+0900",
    "activities" : [ {
      "activity" : "walking",
      "group" : "walking",
      "manual" : false,
      "startTime" : "20150630T115556+0900",
      "endTime" : "20150630T115911+0900",
      "duration" : 195.0,
      "distance" : 420.0,
      "steps" : 273,
      "calories" : 25
    } ],
    "lastUpdate" : "20150630T061903Z"
  }, {
    "type" : "move",
    "startTime" : "20150630T142855+0900",
    "endTime" : "20150630T143702+0900",
    "activities" : [ {
      "activity" : "cycling",
      "group" : "cycling",
      "manual" : false,
      "startTime" : "20150630T143415+0900",
      "endTime" : "20150630T143702+0900",
      "duration" : 167.0,
      "distance" : 703.0,
      "calories" : 19
    } ],
    "lastUpdate" : "20150630T061903Z"
  }, {
    "type" : "place",
    "startTime" : "20150630T143702+0900",
    "endTime" : "20150630T210519+0900",
    "activities" : [ {
      "activity" : "walking",
      "group" : "walking",
      "manual" : false,
      "startTime" : "20150630T143715+0900",
      "endTime" : "20150630T143815+0900",
      "duration" : 60.0,
      "distance" : 56.0,
      "steps" : 111,
      "calories" : 3
    }, {
      "activity" : "walking",
      "group" : "walking",
      "manual" : false,
      "startTime" : "20150630T160230+0900",
      "endTime" : "20150630T160730+0900",
      "duration" : 300.0,
      "distance" : 267.0,
      "steps" : 356,
      "calories" : 16
    }, {
      "activity" : "walking",
      "group" : "walking",
      "manual" : false,
      "startTime" : "20150630T210129+0900",
      "endTime" : "20150630T210302+0900",
      "duration" : 93.0,
      "distance" : 89.0,
      "steps" : 178,
      "calories" : 5
    } ],
    "lastUpdate" : "20150630T153300Z"
  }, {
    "type" : "move",
    "startTime" : "20150630T210519+0900",
    "endTime" : "20150630T211712+0900",
    "activities" : [ {
      "activity" : "walking",
      "group" : "walking",
      "manual" : false,
      "startTime" : "20150630T210519+0900",
      "endTime" : "20150630T210933+0900",
      "duration" : 254.0,
      "distance" : 356.0,
      "steps" : 355,
      "calories" : 21
    }, {
      "activity" : "cycling",
      "group" : "cycling",
      "manual" : false,
      "startTime" : "20150630T210933+0900",
      "endTime" : "20150630T211236+0900",
      "duration" : 183.0,
      "distance" : 115.0,
      "calories" : 5
    }, {
      "activity" : "transport",
      "group" : "transport",
      "manual" : false,
      "startTime" : "20150630T211236+0900",
      "endTime" : "20150630T211712+0900",
      "duration" : 276.0,
      "distance" : 352.0
    } ],
    "lastUpdate" : "20150630T153300Z"
  }, {
    "type" : "place",
    "startTime" : "20150630T211713+0900",
    "endTime" : "20150701T101031+0900",
    "activities" : [ {
      "activity" : "walking",
      "group" : "walking",
      "manual" : false,
      "startTime" : "20150630T211736+0900",
      "endTime" : "20150630T211836+0900",
      "duration" : 60.0,
      "distance" : 61.0,
      "steps" : 122,
      "calories" : 4
    } ],
    "lastUpdate" : "20150701T034756Z"
  } ],
  "caloriesIdle" : 1706,
  "lastUpdate" : "20150701T034756Z"
} ]