[ {
  "date" : "20160705",
  "summary" : [ {
    "activity" : "walking",
    "group" : "walking",
    "duration" : 3149.0,
    "distance" : 3117.0,
    "steps" : 4498,
    "calories" : 173
  }, {
    "activity" : "cycling",
    "group" : "cycling",
    "duration" : 736.0,
    "distance" : 1941.0,
    "calories" : 51
  } ],
  "segments" : [ {
    "type" : "place",
    "startTime" : "20160704T162016+0900",
    "endTime" : "20160705T102520+0900",
    "activities" : [ {
      "activity" : "walking",
      "group" : "walking",
      "manual" : false,
      "startTime" : "20160705T102413+0900",
      "endTime" : "20160705T103458+0900",
      "duration" : 645.0,
      "distance" : 645.0,
      "steps" : 860,
      "calories" : 36
    } ],
    "lastUpdate" : "20160705T014216Z"
  }, {
    "type" : "move",
    "startTime" : "20160705T102520+0900",
    "endTime" : "20160705T103043+0900",
    "activities" : [ {
      "activity" : "cycling",
      "group" : "cycling",
      "manual" : false,
      "startTime" : "20160705T102520+0900",
      "endTime" : "20160705T103043+0900",
      "duration" : 323.0,
      "distance" : 1313.0,
      "calories" : 33
    } ],
    "lastUpdate" : "20160705T014216Z"
  }, {
    "type" : "place",
    "startTime" : "20160705T103043+0900",
    "endTime" : "20160705T120051+0900",
    "activities" : [ {
      "activity" : "walking",
      "group" : "walking",
      "manual" : false,
      "startTime" : "20160705T103043+0900",
      "endTime" : "20160705T103119+0900",
      "duration" : 36.0,
      "distance" : 30.0,
      "steps" : 60,
      "calories" : 2
    }, {
      "activity" : "walking",
      "group" : "walking",
      "manual" : false,
      "startTime" : "20160705T120046+0900",
      "endTime" : "20160705T120143+0900",
      "duration" : 57.0,
      "distance" : 38.0,
      "steps" : 76,
      "calories" : 2
    } ],
    "lastUpdate" : "20160705T031644Z"
  }, {
    "type" : "move",
    "startTime" : "20160705T120051+0900",
    "endTime" : "20160705T120506+0900",
    "activities" : [ {
      "activity" : "walking",
      "group" : "walking",
      "manual" : false,
      "startTime" : "20160705T120051+0900",
      "endTime" : "20160705T120506+0900",
      "duration" : 255.0,
      "distance" : 191.0,
      "steps" : 365,
      "calories" : 11
    } ],
    "lastUpdate" : "20160705T031644Z"
  }, {
    "type" : "place",
    "startTime" : "20160705T120506+0900",
    "endTime" : "20160705T122854+0900",
    "activities" : [ {
      "activity" : "walking",
      "group" : "walking",
      "manual" : false,
      "startTime" : "20160705T120520+0900",
      "endTime" : "20160705T120634+0900",
      "duration" : 74.0,
      "distance" : 49.0,
      "steps" : 99,
      "calories" : 3
    } ],
    "lastUpdate" : "20160705T045117Z"
  }, {
    "type" : "move",
    "startTime" : "20160705T122854+0900",
    "endTime" : "20160705T123457+0900",
    "activities" : [ {
      "activity" : "walking",
      "group" : "walking",
      "manual" : false,
      "startTime" : "20160705T122854+0900",
      "endTime" : "20160705T123457+0900",
      "duration" : 363.0,
      "distance" : 236.0,
      "steps" : 446,
      "calories" : 13
    } ],
    "lastUpdate" : "20160705T045117Z"
  }, {
    "type" : "place",
    "startTime" : "20160705T123457+0900",
    "endTime" : "20160705T162500+0900",
    "activities" : [ {
      "activity" : "walking",
      "group" : "walking",
      "manual" : false,
      "startTime" : "20160705T123457+0900",
      "endTime" : "20160705T124417+0900",
      "duration" : 560.0,
      "distance" : 669.0,
      "steps" : 892,
      "calories" : 37
    }, {
      "activity" : "walking",
      "group" : "walking",
      "manual" : false,
      "startTime" : "20160705T130434+0900",
      "endTime" : "20160705T130451+0900",
      "duration" : 17.0,
      "distance" : 11.0,
      "steps" : 23,
      "calories" : 1
    }, {
      "activity" : "walking",
      "group" : "walking",
      "manual" : false,
      "startTime" : "20160705T143155+0900",
      "endTime" : "20160705T143931+0900",
      "duration" : 456.0,
      "distance" : 561.0,
      "steps" : 749,
      "calories" : 31
    }, {
      "activity" : "walking",
      "group" : "walking",
      "manual" : false,
      "startTime" : "20160705T155640+0900",
      "endTime" : "20160705T155920+0900",
      "duration" : 160.0,
      "distance" : 169.0,
      "steps" : 226,
      "calories" : 9
    }, {
      "activity" : "walking",
      "group" : "walking",
      "manual" : false,
      "startTime" : "20160705T160034+0900",
      "endTime" : "20160705T160856+0900",
      "duration" : 502.0,
      "distance" : 502.0,
      "steps" : 670,
      "calories" : 28
    } ],
    "lastUpdate" : "20160705T075222Z"
  }, {
    "type" : "move",
    "startTime" : "20160705T162500+0900",
    "endTime" : "20160705T162839+0900",
    "activities" : [ {
      "activity" : "cycling",
      "group" : "cycling",
      "manual" : false,
      "startTime" : "20160705T162500+0900",
      "endTime" : "20160705T162839+0900",
      "duration" : 219.0,
      "distance" : 595.0,
      "calories" : 16
    } ],
    "lastUpdate" : "20160705T075222Z"
  }, {
    "type" : "move",
    "startTime" : "20160705T162900+0900",
    "endTime" : "20160705T163214+0900",
    "activities" : [ {
      "activity" : "cycling",
      "group" : "cycling",
      "manual" : false,
      "startTime" : "20160705T162900+0900",
      "endTime" : "20160705T163214+0900",
      "duration" : 194.0,
      "distance" : 33.0,
      "calories" : 3
    } ],
    "lastUpdate" : "20160706T053809Z"
  }, {
    "type" : "place",
    "startTime" : "20160705T163215+0900",
    "endTime" : "20160706T130400+0900",
    "activities" : [ {
      "activity" : "walking",
      "group" : "walking",
      "manual" : false,
      "startTime" : "20160705T163229+0900",
      "endTime" : "20160705T163253+0900",
      "duration" : 24.0,
      "distance" : 16.0,
      "steps" : 32,
      "calories" : 1
    } ],
    "lastUpdate" : "20160706T053809Z"
  } ],
  "caloriesIdle" : 1601,
  "lastUpdate" : "20160706T053809Z"
} ]