[ {
  "date" : "20161208",
  "summary" : [ {
    "activity" : "walking",
    "group" : "walking",
    "duration" : 2517.0,
    "distance" : 2892.0,
    "steps" : 3858,
    "calories" : 161
  }, {
    "activity" : "cycling",
    "group" : "cycling",
    "duration" : 415.0,
    "distance" : 1373.0,
    "calories" : 35
  } ],
  "segments" : [ {
    "type" : "place",
    "startTime" : "20161207T230117+0900",
    "endTime" : "20161208T102957+0900",
    "activities" : [ {
      "activity" : "walking",
      "group" : "walking",
      "manual" : false,
      "startTime" : "20161208T025107+0900",
      "endTime" : "20161208T025131+0900",
      "duration" : 24.0,
      "distance" : 16.0,
      "steps" : 32,
      "calories" : 1
    }, {
      "activity" : "walking",
      "group" : "walking",
      "manual" : false,
      "startTime" : "20161208T060323+0900",
      "endTime" : "20161208T060338+0900",
      "duration" : 15.0,
      "distance" : 10.0,
      "steps" : 20,
      "calories" : 1
    }, {
      "activity" : "walking",
      "group" : "walking",
      "manual" : false,
      "startTime" : "20161208T102159+0900",
      "endTime" : "20161208T102300+0900",
      "duration" : 61.0,
      "distance" : 41.0,
      "steps" : 82,
      "calories" : 2
    } ],
    "lastUpdate" : "20161208T030233Z"
  }, {
    "type" : "move",
    "startTime" : "20161208T102957+0900",
    "endTime" : "20161208T103653+0900",
    "activities" : [ {
      "activity" : "cycling",
      "group" : "cycling",
      "manual" : false,
      "startTime" : "20161208T102957+0900",
      "endTime" : "20161208T103652+0900",
      "duration" : 415.0,
      "distance" : 1373.0,
      "calories" : 35
    } ],
    "lastUpdate" : "20161208T030233Z"
  }, {
    "type" : "place",
    "startTime" : "20161208T103653+0900",
    "endTime" : "20161208T123341+0900",
    "activities" : [ {
      "activity" : "walking",
      "group" : "walking",
      "manual" : false,
      "startTime" : "20161208T103653+0900",
      "endTime" : "20161208T103856+0900",
      "duration" : 123.0,
      "distance" : 122.0,
      "steps" : 163,
      "calories" : 7
    }, {
      "activity" : "walking",
      "group" : "walking",
      "manual" : false,
      "startTime" : "20161208T120309+0900",
      "endTime" : "20161208T120732+0900",
      "duration" : 263.0,
      "distance" : 316.0,
      "steps" : 422,
      "calories" : 18
    } ],
    "lastUpdate" : "20161208T043622Z"
  }, {
    "type" : "move",
    "startTime" : "20161208T123341+0900",
    "endTime" : "20161208T123828+0900",
    "activities" : [ {
      "activity" : "walking",
      "group" : "walking",
      "manual" : false,
      "startTime" : "20161208T123341+0900",
      "endTime" : "20161208T123827+0900",
      "duration" : 286.0,
      "distance" : 224.0,
      "steps" : 426,
      "calories" : 12
    } ],
    "lastUpdate" : "20161208T043622Z"
  }, {
    "type" : "place",
    "startTime" : "20161208T123828+0900",
    "endTime" : "20161208T124539+0900",
    "activities" : [ {
      "activity" : "walking",
      "group" : "walking",
      "manual" : false,
      "startTime" : "20161208T123845+0900",
      "endTime" : "20161208T123856+0900",
      "duration" : 11.0,
      "distance" : 7.0,
      "steps" : 15,
      "calories" : 0
    } ],
    "lastUpdate" : "20161208T043622Z"
  }, {
    "type" : "move",
    "startTime" : "20161208T124539+0900",
    "endTime" : "20161208T124958+0900",
    "activities" : [ {
      "activity" : "walking",
      "group" : "walking",
      "manual" : false,
      "startTime" : "20161208T124539+0900",
      "endTime" : "20161208T124957+0900",
      "duration" : 258.0,
      "distance" : 281.0,
      "steps" : 409,
      "calories" : 16
    } ],
    "lastUpdate" : "20161208T043622Z"
  }, {
    "type" : "place",
    "startTime" : "20161208T124958+0900",
    "endTime" : "20161208T143305+0900",
    "activities" : [ {
      "activity" : "walking",
      "group" : "walking",
      "manual" : false,
      "startTime" : "20161208T124958+0900",
      "endTime" : "20161208T125001+0900",
      "duration" : 3.0,
      "distance" : 2.0,
      "steps" : 5,
      "calories" : 0
    }, {
      "activity" : "walking",
      "group" : "walking",
      "manual" : false,
      "startTime" : "20161208T143135+0900",
      "endTime" : "20161208T143149+0900",
      "duration" : 14.0,
      "distance" : 9.0,
      "steps" : 19,
      "calories" : 1
    } ],
    "lastUpdate" : "20161208T060937Z"
  }, {
    "type" : "move",
    "startTime" : "20161208T143305+0900",
    "endTime" : "20161208T145121+0900",
    "activities" : [ {
      "activity" : "walking",
      "group" : "walking",
      "manual" : false,
      "startTime" : "20161208T143305+0900",
      "endTime" : "20161208T145120+0900",
      "duration" : 1095.0,
      "distance" : 1474.0,
      "steps" : 1722,
      "calories" : 82
    } ],
    "lastUpdate" : "20161208T060937Z"
  }, {
    "type" : "place",
    "startTime" : "20161208T145121+0900",
    "endTime" : "20161209T101813+0900",
    "activities" : [ {
      "activity" : "walking",
      "group" : "walking",
      "manual" : false,
      "startTime" : "20161208T145121+0900",
      "endTime" : "20161208T145213+0900",
      "duration" : 52.0,
      "distance" : 35.0,
      "steps" : 70,
      "calories" : 2
    }, {
      "activity" : "walking",
      "group" : "walking",
      "manual" : false,
      "startTime" : "20161208T150000+0900",
      "endTime" : "20161208T150512+0900",
      "duration" : 312.0,
      "distance" : 355.0,
      "steps" : 473,
      "calories" : 20
    } ],
    "lastUpdate" : "20161209T021949Z"
  } ],
  "caloriesIdle" : 1601,
  "lastUpdate" : "20161209T021949Z"
} ]