[ {
  "date" : "20161005",
  "summary" : [ {
    "activity" : "walking",
    "group" : "walking",
    "duration" : 2360.0,
    "distance" : 2567.0,
    "steps" : 3352,
    "calories" : 143
  }, {
    "activity" : "cycling",
    "group" : "cycling",
    "duration" : 875.0,
    "distance" : 2785.0,
    "calories" : 72
  }, {
    "activity" : "transport",
    "group" : "transport",
    "duration" : 2949.0,
    "distance" : 11000.0
  } ],
  "segments" : [ {
    "type" : "place",
    "startTime" : "20161004T151544+0900",
    "endTime" : "20161005T101835+0900",
    "activities" : [ {
      "activity" : "walking",
      "group" : "walking",
      "manual" : false,
      "startTime" : "20161005T081130+0900",
      "endTime" : "20161005T081139+0900",
      "duration" : 9.0,
      "distance" : 6.0,
      "steps" : 13,
      "calories" : 0
    }, {
      "activity" : "walking",
      "group" : "walking",
      "manual" : false,
      "startTime" : "20161005T101630+0900",
      "endTime" : "20161005T101654+0900",
      "duration" : 24.0,
      "distance" : 16.0,
      "steps" : 32,
      "calories" : 1
    } ],
    "lastUpdate" : "20161005T031223Z"
  }, {
    "type" : "move",
    "startTime" : "20161005T101835+0900",
    "endTime" : "20161005T102358+0900",
    "activities" : [ {
      "activity" : "cycling",
      "group" : "cycling",
      "manual" : false,
      "startTime" : "20161005T101835+0900",
      "endTime" : "20161005T102357+0900",
      "duration" : 322.0,
      "distance" : 1368.0,
      "calories" : 34
    } ],
    "lastUpdate" : "20161005T031223Z"
  }, {
    "type" : "place",
    "startTime" : "20161005T102358+0900",
    "endTime" : "20161005T121532+0900",
    "activities" : [ {
      "activity" : "walking",
      "group" : "walking",
      "manual" : false,
      "startTime" : "20161005T102358+0900",
      "endTime" : "20161005T102710+0900",
      "duration" : 192.0,
      "distance" : 227.0,
      "steps" : 302,
      "calories" : 13
    }, {
      "activity" : "walking",
      "group" : "walking",
      "manual" : false,
      "startTime" : "20161005T120510+0900",
      "endTime" : "20161005T120713+0900",
      "duration" : 123.0,
      "distance" : 128.0,
      "steps" : 171,
      "calories" : 7
    } ],
    "lastUpdate" : "20161005T044319Z"
  }, {
    "type" : "move",
    "startTime" : "20161005T121532+0900",
    "endTime" : "20161005T122041+0900",
    "activities" : [ {
      "activity" : "walking",
      "group" : "walking",
      "manual" : false,
      "startTime" : "20161005T121532+0900",
      "endTime" : "20161005T122041+0900",
      "duration" : 309.0,
      "distance" : 363.0,
      "steps" : 432,
      "calories" : 20
    } ],
    "lastUpdate" : "20161005T044319Z"
  }, {
    "type" : "place",
    "startTime" : "20161005T122042+0900",
    "endTime" : "20161005T174242+0900",
    "activities" : [ {
      "activity" : "walking",
      "group" : "walking",
      "manual" : false,
      "startTime" : "20161005T122329+0900",
      "endTime" : "20161005T122740+0900",
      "duration" : 251.0,
      "distance" : 269.0,
      "steps" : 359,
      "calories" : 15
    }, {
      "activity" : "walking",
      "group" : "walking",
      "manual" : false,
      "startTime" : "20161005T143434+0900",
      "endTime" : "20161005T143804+0900",
      "duration" : 210.0,
      "distance" : 224.0,
      "steps" : 299,
      "calories" : 12
    }, {
      "activity" : "walking",
      "group" : "walking",
      "manual" : false,
      "startTime" : "20161005T161238+0900",
      "endTime" : "20161005T161656+0900",
      "duration" : 258.0,
      "distance" : 286.0,
      "steps" : 382,
      "calories" : 16
    } ],
    "lastUpdate" : "20161005T092152Z"
  }, {
    "type" : "move",
    "startTime" : "20161005T174242+0900",
    "endTime" : "20161005T175153+0900",
    "activities" : [ {
      "activity" : "walking",
      "group" : "walking",
      "manual" : false,
      "startTime" : "20161005T174242+0900",
      "endTime" : "20161005T174540+0900",
      "duration" : 178.0,
      "distance" : 193.0,
      "steps" : 249,
      "calories" : 11
    }, {
      "activity" : "cycling",
      "group" : "cycling",
      "manual" : false,
      "startTime" : "20161005T174540+0900",
      "endTime" : "20161005T175153+0900",
      "duration" : 373.0,
      "distance" : 997.0,
      "calories" : 26
    } ],
    "lastUpdate" : "20161005T092152Z"
  }, {
    "type" : "place",
    "startTime" : "20161005T175253+0900",
    "endTime" : "20161005T181713+0900",
    "activities" : [ {
      "activity" : "walking",
      "group" : "walking",
      "manual" : false,
      "startTime" : "20161005T175253+0900",
      "endTime" : "20161005T175302+0900",
      "duration" : 9.0,
      "distance" : 6.0,
      "steps" : 12,
      "calories" : 0
    } ],
    "lastUpdate" : "20161005T105527Z"
  }, {
    "type" : "move",
    "startTime" : "20161005T181713+0900",
    "endTime" : "20161005T184916+0900",
    "activities" : [ {
      "activity" : "transport",
      "group" : "transport",
      "manual" : false,
      "startTime" : "20161005T181713+0900",
      "endTime" : "20161005T184608+0900",
      "duration" : 1735.0,
      "distance" : 5681.0
    }, {
      "activity" : "walking",
      "group" : "walking",
      "manual" : false,
      "startTime" : "20161005T184608+0900",
      "endTime" : "20161005T184916+0900",
      "duration" : 188.0,
      "distance" : 235.0,
      "steps" : 297,
      "calories" : 13
    } ],
    "lastUpdate" : "20161005T105527Z"
  }, {
    "type" : "move",
    "startTime" : "20161005T184916+0900",
    "endTime" : "20161005T185139+0900",
    "activities" : [ {
      "activity" : "walking",
      "group" : "walking",
      "manual" : false,
      "startTime" : "20161005T184916+0900",
      "endTime" : "20161005T185139+0900",
      "duration" : 143.0,
      "distance" : 112.0,
      "steps" : 78,
      "calories" : 6
    } ],
    "lastUpdate" : "20161005T122841Z"
  }, {
    "type" : "place",
    "startTime" : "20161005T185140+0900",
    "endTime" : "20161005T212346+0900",
    "activities" : [ {
      "activity" : "walking",
      "group" : "walking",
      "manual" : false,
      "startTime" : "20161005T211842+0900",
      "endTime" : "20161005T212219+0900",
      "duration" : 217.0,
      "distance" : 285.0,
      "steps" : 381,
      "calories" : 16
    } ],
    "lastUpdate" : "20161005T140130Z"
  }, {
    "type" : "move",
    "startTime" : "20161005T212346+0900",
    "endTime" : "20161005T215006+0900",
    "activities" : [ {
      "activity" : "walking",
      "group" : "walking",
      "manual" : false,
      "startTime" : "20161005T212346+0900",
      "endTime" : "20161005T212652+0900",
      "duration" : 186.0,
      "distance" : 175.0,
      "steps" : 260,
      "calories" : 10
    }, {
      "activity" : "transport",
      "group" : "transport",
      "manual" : false,
      "startTime" : "20161005T212652+0900",
      "endTime" : "20161005T214706+0900",
      "duration" : 1214.0,
      "distance" : 5319.0
    }, {
      "activity" : "cycling",
      "group" : "cycling",
      "manual" : false,
      "startTime" : "20161005T214706+0900",
      "endTime" : "20161005T215006+0900",
      "duration" : 180.0,
      "distance" : 420.0,
      "calories" : 11
    } ],
    "lastUpdate" : "20161005T140130Z"
  }, {
    "type" : "place",
    "startTime" : "20161005T215006+0900",
    "endTime" : "20161006T104328+0900",
    "activities" : [ {
      "activity" : "walking",
      "group" : "walking",
      "manual" : false,
      "startTime" : "20161005T215006+0900",
      "endTime" : "20161005T215100+0900",
      "duration" : 54.0,
      "distance" : 36.0,
      "steps" : 72,
      "calories" : 2
    }, {
      "activity" : "walking",
      "group" : "walking",
      "manual" : false,
      "startTime" : "20161005T233851+0900",
      "endTime" : "20161005T233900+0900",
      "duration" : 9.0,
      "distance" : 6.0,
      "steps" : 13,
      "calories" : 0
    } ],
    "lastUpdate" : "20161006T022406Z"
  } ],
  "caloriesIdle" : 1601,
  "lastUpdate" : "20161006T022406Z"
} ]