[ {
  "date" : "20160203",
  "summary" : [ {
    "activity" : "walking",
    "group" : "walking",
    "duration" : 3754.0,
    "distance" : 4065.0,
    "steps" : 5713,
    "calories" : 240
  }, {
    "activity" : "transport",
    "group" : "transport",
    "duration" : 706.0,
    "distance" : 1617.0
  } ],
  "segments" : [ {
    "type" : "move",
    "startTime" : "20160203T123203+0900",
    "endTime" : "20160203T125436+0900",
    "activities" : [ {
      "activity" : "walking",
      "group" : "walking",
      "manual" : false,
      "startTime" : "20160203T123203+0900",
      "endTime" : "20160203T124249+0900",
      "duration" : 646.0,
      "distance" : 660.0,
      "steps" : 1193,
      "calories" : 39
    }, {
      "activity" : "transport",
      "group" : "transport",
      "manual" : false,
      "startTime" : "20160203T124250+0900",
      "endTime" : "20160203T125436+0900",
      "duration" : 706.0,
      "distance" : 1617.0
    } ],
    "lastUpdate" : "20160203T044536Z"
  }, {
    "type" : "place",
    "startTime" : "20160203T125436+0900",
    "endTime" : "20160203T125740+0900",
    "activities" : [ {
      "activity" : "walking",
      "group" : "walking",
      "manual" : false,
      "startTime" : "20160203T125436+0900",
      "endTime" : "20160203T125502+0900",
      "duration" : 26.0,
      "distance" : 17.0,
      "steps" : 34,
      "calories" : 1
    } ],
    "lastUpdate" : "20160203T044536Z"
  }, {
    "type" : "move",
    "startTime" : "20160203T125740+0900",
    "endTime" : "20160203T130234+0900",
    "activities" : [ {
      "activity" : "walking",
      "group" : "walking",
      "manual" : false,
      "startTime" : "20160203T125740+0900",
      "endTime" : "20160203T130234+0900",
      "duration" : 294.0,
      "distance" : 255.0,
      "steps" : 511,
      "calories" : 15
    } ],
    "lastUpdate" : "20160203T044536Z"
  }, {
    "type" : "place",
    "startTime" : "20160203T130235+0900",
    "endTime" : "20160203T131606+0900",
    "activities" : [ {
      "activity" : "walking",
      "group" : "walking",
      "manual" : false,
      "startTime" : "20160203T130241+0900",
      "endTime" : "20160203T130508+0900",
      "duration" : 147.0,
      "distance" : 190.0,
      "steps" : 254,
      "calories" : 11
    } ],
    "lastUpdate" : "20160203T044536Z"
  }, {
    "type" : "move",
    "startTime" : "20160203T131606+0900",
    "endTime" : "20160203T132552+0900",
    "activities" : [ {
      "activity" : "walking",
      "group" : "walking",
      "manual" : false,
      "startTime" : "20160203T131606+0900",
      "endTime" : "20160203T132552+0900",
      "duration" : 586.0,
      "distance" : 560.0,
      "steps" : 690,
      "calories" : 33
    } ],
    "lastUpdate" : "20160203T044536Z"
  }, {
    "type" : "place",
    "startTime" : "20160203T132553+0900",
    "endTime" : "20160203T133526+0900",
    "activities" : [ {
      "activity" : "walking",
      "group" : "walking",
      "manual" : false,
      "startTime" : "20160203T132553+0900",
      "endTime" : "20160203T132743+0900",
      "duration" : 110.0,
      "distance" : 98.0,
      "steps" : 196,
      "calories" : 6
    } ],
    "lastUpdate" : "20160203T044536Z"
  }, {
    "type" : "place",
    "startTime" : "20160203T133527+0900",
    "endTime" : "20160203T160245+0900",
    "activities" : [ {
      "activity" : "walking",
      "group" : "walking",
      "manual" : false,
      "startTime" : "20160203T133715+0900",
      "endTime" : "20160203T134302+0900",
      "duration" : 347.0,
      "distance" : 404.0,
      "steps" : 539,
      "calories" : 24
    }, {
      "activity" : "walking",
      "group" : "walking",
      "manual" : false,
      "startTime" : "20160203T143107+0900",
      "endTime" : "20160203T143523+0900",
      "duration" : 256.0,
      "distance" : 371.0,
      "steps" : 495,
      "calories" : 22
    } ],
    "lastUpdate" : "20160203T075103Z"
  }, {
    "type" : "move",
    "startTime" : "20160203T160245+0900",
    "endTime" : "20160203T162026+0900",
    "activities" : [ {
      "activity" : "walking",
      "group" : "walking",
      "manual" : false,
      "startTime" : "20160203T160245+0900",
      "endTime" : "20160203T162026+0900",
      "duration" : 1061.0,
      "distance" : 1125.0,
      "steps" : 1287,
      "calories" : 66
    } ],
    "lastUpdate" : "20160203T075103Z"
  }, {
    "type" : "place",
    "startTime" : "20160203T162026+0900",
    "endTime" : "20160204T053842+0900",
    "activities" : [ {
      "activity" : "walking",
      "group" : "walking",
      "manual" : false,
      "startTime" : "20160203T162036+0900",
      "endTime" : "20160203T162517+0900",
      "duration" : 281.0,
      "distance" : 385.0,
      "steps" : 514,
      "calories" : 23
    } ],
    "lastUpdate" : "20160203T224942Z"
  } ],
  "caloriesIdle" : 1701,
  "lastUpdate" : "20160203T224942Z"
} ]