[ {
  "date" : "20180217",
  "summary" : [ {
    "activity" : "walking",
    "group" : "walking",
    "duration" : 5877.0,
    "distance" : 6654.0,
    "steps" : 9686,
    "calories" : 368
  }, {
    "activity" : "transport",
    "group" : "transport",
    "duration" : 1559.0,
    "distance" : 6694.0
  }, {
    "activity" : "running",
    "group" : "running",
    "duration" : 300.0,
    "distance" : 553.0,
    "steps" : 717,
    "calories" : 38
  } ],
  "segments" : [ {
    "type" : "place",
    "startTime" : "20180216T181712+0900",
    "endTime" : "20180217T110825+0900",
    "activities" : [ {
      "activity" : "walking",
      "group" : "walking",
      "manual" : false,
      "startTime" : "20180217T110819+0900",
      "endTime" : "20180217T110825+0900",
      "duration" : 6.0,
      "distance" : 4.0,
      "steps" : 8,
      "calories" : 0
    } ],
    "lastUpdate" : "20180217T030558Z"
  }, {
    "type" : "move",
    "startTime" : "20180217T110825+0900",
    "endTime" : "20180217T111631+0900",
    "activities" : [ {
      "activity" : "walking",
      "group" : "walking",
      "manual" : false,
      "startTime" : "20180217T110825+0900",
      "endTime" : "20180217T111631+0900",
      "duration" : 486.0,
      "distance" : 553.0,
      "steps" : 770,
      "calories" : 31
    } ],
    "lastUpdate" : "20180217T030558Z"
  }, {
    "type" : "place",
    "startTime" : "20180217T111631+0900",
    "endTime" : "20180217T112629+0900",
    "activities" : [ {
      "activity" : "walking",
      "group" : "walking",
      "manual" : false,
      "startTime" : "20180217T111631+0900",
      "endTime" : "20180217T111749+0900",
      "duration" : 78.0,
      "distance" : 59.0,
      "steps" : 118,
      "calories" : 3
    } ],
    "lastUpdate" : "20180217T030558Z"
  }, {
    "type" : "move",
    "startTime" : "20180217T112629+0900",
    "endTime" : "20180217T114508+0900",
    "activities" : [ {
      "activity" : "walking",
      "group" : "walking",
      "manual" : false,
      "startTime" : "20180217T112629+0900",
      "endTime" : "20180217T114507+0900",
      "duration" : 1118.0,
      "distance" : 1375.0,
      "steps" : 1985,
      "calories" : 76
    } ],
    "lastUpdate" : "20180217T030558Z"
  }, {
    "type" : "place",
    "startTime" : "20180217T114508+0900",
    "endTime" : "20180217T115828+0900",
    "activities" : [ {
      "activity" : "walking",
      "group" : "walking",
      "manual" : false,
      "startTime" : "20180217T114508+0900",
      "endTime" : "20180217T114721+0900",
      "duration" : 133.0,
      "distance" : 150.0,
      "steps" : 200,
      "calories" : 8
    } ],
    "lastUpdate" : "20180217T043617Z"
  }, {
    "type" : "move",
    "startTime" : "20180217T115828+0900",
    "endTime" : "20180217T124445+0900",
    "activities" : [ {
      "activity" : "walking",
      "group" : "walking",
      "manual" : false,
      "startTime" : "20180217T115828+0900",
      "endTime" : "20180217T122432+0900",
      "duration" : 1564.0,
      "distance" : 1968.0,
      "steps" : 2673,
      "calories" : 109
    }, {
      "activity" : "running",
      "group" : "running",
      "manual" : false,
      "startTime" : "20180217T122432+0900",
      "endTime" : "20180217T122932+0900",
      "duration" : 300.0,
      "distance" : 553.0,
      "steps" : 717,
      "calories" : 38
    }, {
      "activity" : "transport",
      "group" : "transport",
      "manual" : false,
      "startTime" : "20180217T122932+0900",
      "endTime" : "20180217T124002+0900",
      "duration" : 630.0,
      "distance" : 2370.0
    }, {
      "activity" : "walking",
      "group" : "walking",
      "manual" : false,
      "startTime" : "20180217T124003+0900",
      "endTime" : "20180217T124445+0900",
      "duration" : 282.0,
      "distance" : 304.0,
      "steps" : 506,
      "calories" : 17
    } ],
    "lastUpdate" : "20180217T043617Z"
  }, {
    "type" : "move",
    "startTime" : "20180217T124446+0900",
    "endTime" : "20180217T124543+0900",
    "activities" : [ {
      "activity" : "walking",
      "group" : "walking",
      "manual" : false,
      "startTime" : "20180217T124446+0900",
      "endTime" : "20180217T124543+0900",
      "duration" : 57.0,
      "distance" : 53.0,
      "steps" : 106,
      "calories" : 3
    } ],
    "lastUpdate" : "20180217T060638Z"
  }, {
    "type" : "place",
    "startTime" : "20180217T124543+0900",
    "endTime" : "20180217T144009+0900",
    "activities" : [ {
      "activity" : "walking",
      "group" : "walking",
      "manual" : false,
      "startTime" : "20180217T124543+0900",
      "endTime" : "20180217T125258+0900",
      "duration" : 435.0,
      "distance" : 490.0,
      "steps" : 653,
      "calories" : 27
    }, {
      "activity" : "walking",
      "group" : "walking",
      "manual" : false,
      "startTime" : "20180217T130000+0900",
      "endTime" : "20180217T130900+0900",
      "duration" : 540.0,
      "distance" : 603.0,
      "steps" : 805,
      "calories" : 33
    }, {
      "activity" : "walking",
      "group" : "walking",
      "manual" : false,
      "startTime" : "20180217T140404+0900",
      "endTime" : "20180217T140534+0900",
      "duration" : 90.0,
      "distance" : 67.0,
      "steps" : 134,
      "calories" : 4
    } ],
    "lastUpdate" : "20180217T060638Z"
  }, {
    "type" : "place",
    "startTime" : "20180217T144934+0900",
    "endTime" : "20180217T145845+0900",
    "activities" : [ {
      "activity" : "walking",
      "group" : "walking",
      "manual" : false,
      "startTime" : "20180217T145013+0900",
      "endTime" : "20180217T145730+0900",
      "duration" : 437.0,
      "distance" : 492.0,
      "steps" : 656,
      "calories" : 27
    } ],
    "lastUpdate" : "20180217T074012Z"
  }, {
    "type" : "move",
    "startTime" : "20180217T145845+0900",
    "endTime" : "20180217T152505+0900",
    "activities" : [ {
      "activity" : "transport",
      "group" : "transport",
      "manual" : false,
      "startTime" : "20180217T145845+0900",
      "endTime" : "20180217T151414+0900",
      "duration" : 929.0,
      "distance" : 4324.0
    }, {
      "activity" : "walking",
      "group" : "walking",
      "manual" : false,
      "startTime" : "20180217T151414+0900",
      "endTime" : "20180217T152505+0900",
      "duration" : 651.0,
      "distance" : 536.0,
      "steps" : 1072,
      "calories" : 30
    } ],
    "lastUpdate" : "20180217T074012Z"
  } ],
  "caloriesIdle" : 1591,
  "lastUpdate" : "20180217T074012Z"
} ]