[ {
  "date" : "20170102",
  "summary" : [ {
    "activity" : "walking",
    "group" : "walking",
    "duration" : 90.0,
    "distance" : 51.0,
    "steps" : 46,
    "calories" : 3
  } ],
  "segments" : [ {
    "type" : "off",
    "startTime" : "20170102T101637+0900",
    "endTime" : "20170103T094752+0900",
    "activities" : [ {
      "activity" : "walking",
      "group" : "walking",
      "manual" : false,
      "startTime" : "20170102T142054+0900",
      "endTime" : "20170102T142150+0900",
      "duration" : 56.0,
      "distance" : 28.0,
      "steps" : 0,
      "calories" : 2
    }, {
      "activity" : "walking",
      "group" : "walking",
      "manual" : false,
      "startTime" : "20170102T223432+0900",
      "endTime" : "20170102T223450+0900",
      "duration" : 18.0,
      "distance" : 12.0,
      "steps" : 24,
      "calories" : 1
    }, {
      "activity" : "walking",
      "group" : "walking",
      "manual" : false,
      "startTime" : "20170102T224138+0900",
      "endTime" : "20170102T224144+0900",
      "duration" : 6.0,
      "distance" : 4.0,
      "steps" : 8,
      "calories" : 0
    }, {
      "activity" : "walking",
      "group" : "walking",
      "manual" : false,
      "startTime" : "20170102T235538+0900",
      "endTime" : "20170102T235545+0900",
      "duration" : 7.0,
      "distance" : 5.0,
      "steps" : 10,
      "calories" : 0
    }, {
      "activity" : "walking",
      "group" : "walking",
      "manual" : false,
      "startTime" : "20170102T235640+0900",
      "endTime" : "20170102T235643+0900",
      "duration" : 3.0,
      "distance" : 2.0,
      "steps" : 4,
      "calories" : 0
    } ],
    "lastUpdate" : "20170103T011639Z"
  } ],
  "caloriesIdle" : 1596,
  "lastUpdate" : "20170103T011639Z"
} ]