[ {
  "date" : "20151202",
  "summary" : [ {
    "activity" : "walking",
    "group" : "walking",
    "duration" : 2433.0,
    "distance" : 2585.0,
    "steps" : 3467,
    "calories" : 153
  } ],
  "segments" : [ {
    "type" : "move",
    "startTime" : "20151202T101836+0900",
    "endTime" : "20151202T102957+0900",
    "activities" : [ {
      "activity" : "walking",
      "group" : "walking",
      "manual" : false,
      "startTime" : "20151202T101836+0900",
      "endTime" : "20151202T102958+0900",
      "duration" : 682.0,
      "distance" : 887.0,
      "steps" : 1160,
      "calories" : 53
    } ],
    "lastUpdate" : "20151202T025406Z"
  }, {
    "type" : "move",
    "startTime" : "20151202T115517+0900",
    "endTime" : "20151202T120022+0900",
    "activities" : [ {
      "activity" : "walking",
      "group" : "walking",
      "manual" : false,
      "startTime" : "20151202T115517+0900",
      "endTime" : "20151202T120022+0900",
      "duration" : 305.0,
      "distance" : 208.0,
      "steps" : 394,
      "calories" : 12
    } ],
    "lastUpdate" : "20151202T074037Z"
  }, {
    "type" : "place",
    "startTime" : "20151202T120022+0900",
    "endTime" : "20151202T161124+0900",
    "activities" : [ {
      "activity" : "walking",
      "group" : "walking",
      "manual" : false,
      "startTime" : "20151202T120551+0900",
      "endTime" : "20151202T121151+0900",
      "duration" : 360.0,
      "distance" : 283.0,
      "steps" : 377,
      "calories" : 17
    }, {
      "activity" : "walking",
      "group" : "walking",
      "manual" : false,
      "startTime" : "20151202T143436+0900",
      "endTime" : "20151202T143937+0900",
      "duration" : 301.0,
      "distance" : 254.0,
      "steps" : 338,
      "calories" : 15
    } ],
    "lastUpdate" : "20151202T104438Z"
  }, {
    "type" : "move",
    "startTime" : "20151202T161124+0900",
    "endTime" : "20151202T162429+0900",
    "activities" : [ {
      "activity" : "walking",
      "group" : "walking",
      "manual" : false,
      "startTime" : "20151202T161124+0900",
      "endTime" : "20151202T162429+0900",
      "duration" : 785.0,
      "distance" : 953.0,
      "steps" : 1198,
      "calories" : 56
    } ],
    "lastUpdate" : "20151202T104438Z"
  } ],
  "caloriesIdle" : 1706,
  "lastUpdate" : "20151203T004055Z"
} ]