[ {
  "date" : "20180108",
  "summary" : [ {
    "activity" : "walking",
    "group" : "walking",
    "duration" : 3519.0,
    "distance" : 3970.0,
    "steps" : 5125,
    "calories" : 219
  }, {
    "activity" : "transport",
    "group" : "transport",
    "duration" : 16099.0,
    "distance" : 1196779.0
  }, {
    "activity" : "running",
    "group" : "running",
    "duration" : 150.0,
    "distance" : 292.0,
    "steps" : 311,
    "calories" : 20
  } ],
  "segments" : [ {
    "type" : "place",
    "startTime" : "20180107T165326+0900",
    "endTime" : "20180108T095732+0900",
    "activities" : [ {
      "activity" : "walking",
      "group" : "walking",
      "manual" : false,
      "startTime" : "20180108T095518+0900",
      "endTime" : "20180108T095917+0900",
      "duration" : 239.0,
      "distance" : 252.0,
      "steps" : 336,
      "calories" : 14
    }, {
      "activity" : "walking",
      "group" : "walking",
      "manual" : false,
      "startTime" : "20180108T100000+0900",
      "endTime" : "20180108T100956+0900",
      "duration" : 596.0,
      "distance" : 636.0,
      "steps" : 848,
      "calories" : 35
    } ],
    "lastUpdate" : "20180108T015847Z"
  }, {
    "type" : "move",
    "startTime" : "20180108T095732+0900",
    "endTime" : "20180108T103136+0900",
    "activities" : [ {
      "activity" : "walking",
      "group" : "walking",
      "manual" : false,
      "startTime" : "20180108T095732+0900",
      "endTime" : "20180108T100132+0900",
      "duration" : 240.0,
      "distance" : 271.0,
      "steps" : 357,
      "calories" : 15
    }, {
      "activity" : "transport",
      "group" : "transport",
      "manual" : false,
      "startTime" : "20180108T100132+0900",
      "endTime" : "20180108T101032+0900",
      "duration" : 540.0,
      "distance" : 2782.0
    }, {
      "activity" : "running",
      "group" : "running",
      "manual" : false,
      "startTime" : "20180108T101032+0900",
      "endTime" : "20180108T101302+0900",
      "duration" : 150.0,
      "distance" : 292.0,
      "steps" : 311,
      "calories" : 20
    }, {
      "activity" : "transport",
      "group" : "transport",
      "manual" : false,
      "startTime" : "20180108T101303+0900",
      "endTime" : "20180108T102533+0900",
      "duration" : 750.0,
      "distance" : 3788.0
    }, {
      "activity" : "walking",
      "group" : "walking",
      "manual" : false,
      "startTime" : "20180108T102533+0900",
      "endTime" : "20180108T103136+0900",
      "duration" : 363.0,
      "distance" : 462.0,
      "steps" : 537,
      "calories" : 26
    } ],
    "lastUpdate" : "20180108T015847Z"
  }, {
    "type" : "place",
    "startTime" : "20180108T103136+0900",
    "endTime" : "20180108T104012+0900",
    "activities" : [ {
      "activity" : "walking",
      "group" : "walking",
      "manual" : false,
      "startTime" : "20180108T103956+0900",
      "endTime" : "20180108T104003+0900",
      "duration" : 7.0,
      "distance" : 5.0,
      "steps" : 10,
      "calories" : 0
    } ],
    "lastUpdate" : "20180108T033048Z"
  }, {
    "type" : "move",
    "startTime" : "20180108T104012+0900",
    "endTime" : "20180108T115240+0900",
    "activities" : [ {
      "activity" : "transport",
      "group" : "transport",
      "manual" : false,
      "startTime" : "20180108T104012+0900",
      "endTime" : "20180108T114835+0900",
      "duration" : 4103.0,
      "distance" : 76126.0
    }, {
      "activity" : "walking",
      "group" : "walking",
      "manual" : false,
      "startTime" : "20180108T114835+0900",
      "endTime" : "20180108T115240+0900",
      "duration" : 245.0,
      "distance" : 150.0,
      "steps" : 273,
      "calories" : 8
    } ],
    "lastUpdate" : "20180108T033048Z"
  }, {
    "type" : "place",
    "startTime" : "20180108T115241+0900",
    "endTime" : "20180108T122950+0900",
    "activities" : [ {
      "activity" : "walking",
      "group" : "walking",
      "manual" : false,
      "startTime" : "20180108T115757+0900",
      "endTime" : "20180108T115928+0900",
      "duration" : 91.0,
      "distance" : 75.0,
      "steps" : 151,
      "calories" : 4
    }, {
      "activity" : "walking",
      "group" : "walking",
      "manual" : false,
      "startTime" : "20180108T120000+0900",
      "endTime" : "20180108T120903+0900",
      "duration" : 543.0,
      "distance" : 598.0,
      "steps" : 797,
      "calories" : 33
    } ],
    "lastUpdate" : "20180108T040150Z"
  }, {
    "type" : "place",
    "startTime" : "20180108T122951+0900",
    "endTime" : "20180108T125205+0900",
    "activities" : [ {
      "activity" : "walking",
      "group" : "walking",
      "manual" : false,
      "startTime" : "20180108T123057+0900",
      "endTime" : "20180108T123156+0900",
      "duration" : 59.0,
      "distance" : 39.0,
      "steps" : 79,
      "calories" : 2
    } ],
    "lastUpdate" : "20180108T070239Z"
  }, {
    "type" : "move",
    "startTime" : "20180108T125205+0900",
    "endTime" : "20180108T144421+0900",
    "activities" : [ {
      "activity" : "transport",
      "group" : "transport",
      "manual" : false,
      "startTime" : "20180108T125205+0900",
      "endTime" : "20180108T144421+0900",
      "duration" : 6736.0,
      "distance" : 1056134.0
    } ],
    "lastUpdate" : "20180108T070239Z"
  }, {
    "type" : "place",
    "startTime" : "20180108T144422+0900",
    "endTime" : "20180108T144730+0900",
    "activities" : [ {
      "activity" : "walking",
      "group" : "walking",
      "manual" : false,
      "startTime" : "20180108T144444+0900",
      "endTime" : "20180108T144450+0900",
      "duration" : 6.0,
      "distance" : 4.0,
      "steps" : 9,
      "calories" : 0
    } ],
    "lastUpdate" : "20180108T070239Z"
  }, {
    "type" : "move",
    "startTime" : "20180108T144730+0900",
    "endTime" : "20180108T145329+0900",
    "activities" : [ {
      "activity" : "walking",
      "group" : "walking",
      "manual" : false,
      "startTime" : "20180108T144730+0900",
      "endTime" : "20180108T145329+0900",
      "duration" : 359.0,
      "distance" : 567.0,
      "steps" : 473,
      "calories" : 31
    } ],
    "lastUpdate" : "20180108T070239Z"
  }, {
    "type" : "place",
    "startTime" : "20180108T145329+0900",
    "endTime" : "20180108T151942+0900",
    "activities" : [ {
      "activity" : "walking",
      "group" : "walking",
      "manual" : false,
      "startTime" : "20180108T145503+0900",
      "endTime" : "20180108T145818+0900",
      "duration" : 195.0,
      "distance" : 223.0,
      "steps" : 298,
      "calories" : 12
    }, {
      "activity" : "walking",
      "group" : "walking",
      "manual" : false,
      "startTime" : "20180108T150014+0900",
      "endTime" : "20180108T150050+0900",
      "duration" : 36.0,
      "distance" : 24.0,
      "steps" : 48,
      "calories" : 1
    } ],
    "lastUpdate" : "20180108T083311Z"
  }, {
    "type" : "move",
    "startTime" : "20180108T151942+0900",
    "endTime" : "20180108T163243+0900",
    "activities" : [ {
      "activity" : "transport",
      "group" : "transport",
      "manual" : false,
      "startTime" : "20180108T151942+0900",
      "endTime" : "20180108T162552+0900",
      "duration" : 3970.0,
      "distance" : 57949.0
    }, {
      "activity" : "walking",
      "group" : "walking",
      "manual" : false,
      "startTime" : "20180108T162552+0900",
      "endTime" : "20180108T163243+0900",
      "duration" : 411.0,
      "distance" : 501.0,
      "steps" : 710,
      "calories" : 28
    } ],
    "lastUpdate" : "20180108T083311Z"
  }, {
    "type" : "move",
    "startTime" : "20180108T163243+0900",
    "endTime" : "20180108T163413+0900",
    "activities" : [ {
      "activity" : "walking",
      "group" : "walking",
      "manual" : false,
      "startTime" : "20180108T163243+0900",
      "endTime" : "20180108T163413+0900",
      "duration" : 90.0,
      "distance" : 137.0,
      "steps" : 147,
      "calories" : 8
    } ],
    "lastUpdate" : "20180109T014725Z"
  }, {
    "type" : "place",
    "startTime" : "20180108T163413+0900",
    "endTime" : "20180109T102149+0900",
    "activities" : [ {
      "activity" : "walking",
      "group" : "walking",
      "manual" : false,
      "startTime" : "20180108T163413+0900",
      "endTime" : "20180108T163452+0900",
      "duration" : 39.0,
      "distance" : 26.0,
      "steps" : 52,
      "calories" : 1
    } ],
    "lastUpdate" : "20180109T014725Z"
  } ],
  "caloriesIdle" : 1591,
  "lastUpdate" : "20180109T014725Z"
} ]