[ {
  "date" : "20151201",
  "summary" : [ {
    "activity" : "walking",
    "group" : "walking",
    "duration" : 2492.0,
    "distance" : 2570.0,
    "steps" : 3118,
    "calories" : 152
  } ],
  "segments" : [ {
    "type" : "place",
    "startTime" : "20151130T193753+0900",
    "endTime" : "20151201T083047+0900",
    "activities" : [ {
      "activity" : "walking",
      "group" : "walking",
      "manual" : false,
      "startTime" : "20151201T031526+0900",
      "endTime" : "20151201T031556+0900",
      "duration" : 30.0,
      "distance" : 20.0,
      "steps" : 41,
      "calories" : 1
    }, {
      "activity" : "walking",
      "group" : "walking",
      "manual" : false,
      "startTime" : "20151201T082851+0900",
      "endTime" : "20151201T082921+0900",
      "duration" : 30.0,
      "distance" : 15.0,
      "steps" : 20,
      "calories" : 1
    } ],
    "lastUpdate" : "20151201T002022Z"
  }, {
    "type" : "move",
    "startTime" : "20151201T083047+0900",
    "endTime" : "20151201T084310+0900",
    "activities" : [ {
      "activity" : "walking",
      "group" : "walking",
      "manual" : false,
      "startTime" : "20151201T083047+0900",
      "endTime" : "20151201T084310+0900",
      "duration" : 743.0,
      "distance" : 1062.0,
      "steps" : 1043,
      "calories" : 63
    } ],
    "lastUpdate" : "20151201T002022Z"
  }, {
    "type" : "place",
    "startTime" : "20151201T084310+0900",
    "endTime" : "20151201T160540+0900",
    "activities" : [ {
      "activity" : "walking",
      "group" : "walking",
      "manual" : false,
      "startTime" : "20151201T101400+0900",
      "endTime" : "20151201T102401+0900",
      "duration" : 601.0,
      "distance" : 507.0,
      "steps" : 676,
      "calories" : 30
    }, {
      "activity" : "walking",
      "group" : "walking",
      "manual" : false,
      "startTime" : "20151201T110000+0900",
      "endTime" : "20151201T110232+0900",
      "duration" : 152.0,
      "distance" : 114.0,
      "steps" : 147,
      "calories" : 7
    }, {
      "activity" : "walking",
      "group" : "walking",
      "manual" : false,
      "startTime" : "20151201T124714+0900",
      "endTime" : "20151201T125515+0900",
      "duration" : 481.0,
      "distance" : 452.0,
      "steps" : 603,
      "calories" : 27
    }, {
      "activity" : "walking",
      "group" : "walking",
      "manual" : false,
      "startTime" : "20151201T131752+0900",
      "endTime" : "20151201T131952+0900",
      "duration" : 120.0,
      "distance" : 66.0,
      "steps" : 132,
      "calories" : 4
    }, {
      "activity" : "walking",
      "group" : "walking",
      "manual" : false,
      "startTime" : "20151201T143918+0900",
      "endTime" : "20151201T144221+0900",
      "duration" : 183.0,
      "distance" : 194.0,
      "steps" : 259,
      "calories" : 11
    }, {
      "activity" : "walking",
      "group" : "walking",
      "manual" : false,
      "startTime" : "20151201T160255+0900",
      "endTime" : "20151201T160457+0900",
      "duration" : 122.0,
      "distance" : 125.0,
      "steps" : 167,
      "calories" : 7
    } ],
    "lastUpdate" : "20151201T174111Z"
  }, {
    "type" : "place",
    "startTime" : "20151201T182735+0900",
    "endTime" : "20151202T101836+0900",
    "activities" : [ {
      "activity" : "walking",
      "group" : "walking",
      "manual" : false,
      "startTime" : "20151201T210137+0900",
      "endTime" : "20151201T210207+0900",
      "duration" : 30.0,
      "distance" : 15.0,
      "steps" : 30,
      "calories" : 1
    } ],
    "lastUpdate" : "20151202T025406Z"
  } ],
  "caloriesIdle" : 1706,
  "lastUpdate" : "20151202T025406Z"
} ]