[ {
  "date" : "20171211",
  "summary" : [ {
    "activity" : "walking",
    "group" : "walking",
    "duration" : 3449.0,
    "distance" : 4269.0,
    "steps" : 5793,
    "calories" : 237
  } ],
  "segments" : [ {
    "type" : "place",
    "startTime" : "20171210T222148+0900",
    "endTime" : "20171211T102247+0900",
    "activities" : [ {
      "activity" : "walking",
      "group" : "walking",
      "manual" : false,
      "startTime" : "20171211T100640+0900",
      "endTime" : "20171211T101345+0900",
      "duration" : 425.0,
      "distance" : 425.0,
      "steps" : 566,
      "calories" : 24
    } ],
    "lastUpdate" : "20171211T024315Z"
  }, {
    "type" : "move",
    "startTime" : "20171211T102247+0900",
    "endTime" : "20171211T104023+0900",
    "activities" : [ {
      "activity" : "walking",
      "group" : "walking",
      "manual" : false,
      "startTime" : "20171211T102247+0900",
      "endTime" : "20171211T104022+0900",
      "duration" : 1055.0,
      "distance" : 1422.0,
      "steps" : 1864,
      "calories" : 79
    } ],
    "lastUpdate" : "20171211T024315Z"
  }, {
    "type" : "place",
    "startTime" : "20171211T104023+0900",
    "endTime" : "20171211T172752+0900",
    "activities" : [ {
      "activity" : "walking",
      "group" : "walking",
      "manual" : false,
      "startTime" : "20171211T114316+0900",
      "endTime" : "20171211T114911+0900",
      "duration" : 355.0,
      "distance" : 449.0,
      "steps" : 599,
      "calories" : 25
    }, {
      "activity" : "walking",
      "group" : "walking",
      "manual" : false,
      "startTime" : "20171211T125344+0900",
      "endTime" : "20171211T125554+0900",
      "duration" : 130.0,
      "distance" : 177.0,
      "steps" : 236,
      "calories" : 10
    }, {
      "activity" : "walking",
      "group" : "walking",
      "manual" : false,
      "startTime" : "20171211T143145+0900",
      "endTime" : "20171211T143608+0900",
      "duration" : 263.0,
      "distance" : 297.0,
      "steps" : 397,
      "calories" : 16
    } ],
    "lastUpdate" : "20171211T085337Z"
  }, {
    "type" : "move",
    "startTime" : "20171211T172752+0900",
    "endTime" : "20171211T174731+0900",
    "activities" : [ {
      "activity" : "walking",
      "group" : "walking",
      "manual" : false,
      "startTime" : "20171211T172752+0900",
      "endTime" : "20171211T174730+0900",
      "duration" : 1178.0,
      "distance" : 1470.0,
      "steps" : 2073,
      "calories" : 81
    } ],
    "lastUpdate" : "20171211T085337Z"
  }, {
    "type" : "place",
    "startTime" : "20171211T174731+0900",
    "endTime" : "20171212T101832+0900",
    "activities" : [ {
      "activity" : "walking",
      "group" : "walking",
      "manual" : false,
      "startTime" : "20171211T174743+0900",
      "endTime" : "20171211T174826+0900",
      "duration" : 43.0,
      "distance" : 29.0,
      "steps" : 58,
      "calories" : 2
    } ],
    "lastUpdate" : "20171212T014513Z"
  } ],
  "caloriesIdle" : 1596,
  "lastUpdate" : "20171212T014513Z"
} ]