[ {
  "date" : "20160112",
  "summary" : [ {
    "activity" : "walking",
    "group" : "walking",
    "duration" : 3932.0,
    "distance" : 3842.0,
    "steps" : 5233,
    "calories" : 227
  }, {
    "activity" : "transport",
    "group" : "transport",
    "duration" : 15016.0,
    "distance" : 1078245.0
  } ],
  "segments" : [ {
    "type" : "place",
    "startTime" : "20160111T162654+0900",
    "endTime" : "20160112T113007+0900",
    "activities" : [ {
      "activity" : "walking",
      "group" : "walking",
      "manual" : false,
      "startTime" : "20160112T113005+0900",
      "endTime" : "20160112T114032+0900",
      "duration" : 627.0,
      "distance" : 627.0,
      "steps" : 836,
      "calories" : 37
    } ],
    "lastUpdate" : "20160112T033604Z"
  }, {
    "type" : "move",
    "startTime" : "20160112T113007+0900",
    "endTime" : "20160112T120555+0900",
    "activities" : [ {
      "activity" : "walking",
      "group" : "walking",
      "manual" : false,
      "startTime" : "20160112T113007+0900",
      "endTime" : "20160112T113741+0900",
      "duration" : 454.0,
      "distance" : 244.0,
      "steps" : 489,
      "calories" : 14
    }, {
      "activity" : "transport",
      "group" : "transport",
      "manual" : false,
      "startTime" : "20160112T113741+0900",
      "endTime" : "20160112T114941+0900",
      "duration" : 720.0,
      "distance" : 2758.0
    }, {
      "activity" : "walking",
      "group" : "walking",
      "manual" : false,
      "startTime" : "20160112T114941+0900",
      "endTime" : "20160112T115211+0900",
      "duration" : 150.0,
      "distance" : 137.0,
      "steps" : 275,
      "calories" : 8
    }, {
      "activity" : "transport",
      "group" : "transport",
      "manual" : false,
      "startTime" : "20160112T115212+0900",
      "endTime" : "20160112T120042+0900",
      "duration" : 510.0,
      "distance" : 3211.0
    }, {
      "activity" : "walking",
      "group" : "walking",
      "manual" : false,
      "startTime" : "20160112T120042+0900",
      "endTime" : "20160112T120555+0900",
      "duration" : 313.0,
      "distance" : 344.0,
      "steps" : 410,
      "calories" : 20
    } ],
    "lastUpdate" : "20160112T033604Z"
  }, {
    "type" : "move",
    "startTime" : "20160112T121846+0900",
    "endTime" : "20160112T123102+0900",
    "activities" : [ {
      "activity" : "transport",
      "group" : "transport",
      "manual" : false,
      "startTime" : "20160112T121846+0900",
      "endTime" : "20160112T123102+0900",
      "duration" : 736.0,
      "distance" : 4656.0
    } ],
    "lastUpdate" : "20160112T033604Z"
  }, {
    "type" : "move",
    "startTime" : "20160112T123102+0900",
    "endTime" : "20160112T133328+0900",
    "activities" : [ {
      "activity" : "transport",
      "group" : "transport",
      "manual" : false,
      "startTime" : "20160112T123102+0900",
      "endTime" : "20160112T132923+0900",
      "duration" : 3501.0,
      "distance" : 73222.0
    }, {
      "activity" : "walking",
      "group" : "walking",
      "manual" : false,
      "startTime" : "20160112T132923+0900",
      "endTime" : "20160112T133327+0900",
      "duration" : 244.0,
      "distance" : 195.0,
      "steps" : 280,
      "calories" : 12
    } ],
    "lastUpdate" : "20160112T050814Z"
  }, {
    "type" : "place",
    "startTime" : "20160112T133328+0900",
    "endTime" : "20160112T141125+0900",
    "activities" : [ {
      "activity" : "walking",
      "group" : "walking",
      "manual" : false,
      "startTime" : "20160112T133604+0900",
      "endTime" : "20160112T134120+0900",
      "duration" : 316.0,
      "distance" : 345.0,
      "steps" : 460,
      "calories" : 20
    }, {
      "activity" : "walking",
      "group" : "walking",
      "manual" : false,
      "startTime" : "20160112T140742+0900",
      "endTime" : "20160112T141009+0900",
      "duration" : 147.0,
      "distance" : 162.0,
      "steps" : 216,
      "calories" : 10
    } ],
    "lastUpdate" : "20160112T063907Z"
  }, {
    "type" : "move",
    "startTime" : "20160112T141125+0900",
    "endTime" : "20160112T141637+0900",
    "activities" : [ {
      "activity" : "walking",
      "group" : "walking",
      "manual" : false,
      "startTime" : "20160112T141125+0900",
      "endTime" : "20160112T141636+0900",
      "duration" : 311.0,
      "distance" : 445.0,
      "steps" : 386,
      "calories" : 26
    } ],
    "lastUpdate" : "20160112T063907Z"
  }, {
    "type" : "place",
    "startTime" : "20160112T141637+0900",
    "endTime" : "20160112T155709+0900",
    "activities" : [ {
      "activity" : "walking",
      "group" : "walking",
      "manual" : false,
      "startTime" : "20160112T141637+0900",
      "endTime" : "20160112T141642+0900",
      "duration" : 5.0,
      "distance" : 3.0,
      "steps" : 7,
      "calories" : 0
    }, {
      "activity" : "walking",
      "group" : "walking",
      "manual" : false,
      "startTime" : "20160112T152836+0900",
      "endTime" : "20160112T153022+0900",
      "duration" : 106.0,
      "distance" : 71.0,
      "steps" : 142,
      "calories" : 4
    } ],
    "lastUpdate" : "20160112T094000Z"
  }, {
    "type" : "move",
    "startTime" : "20160112T155709+0900",
    "endTime" : "20160112T173354+0900",
    "activities" : [ {
      "activity" : "transport",
      "group" : "transport",
      "manual" : false,
      "startTime" : "20160112T155709+0900",
      "endTime" : "20160112T172816+0900",
      "duration" : 5467.0,
      "distance" : 934204.0
    }, {
      "activity" : "walking",
      "group" : "walking",
      "manual" : false,
      "startTime" : "20160112T172816+0900",
      "endTime" : "20160112T173354+0900",
      "duration" : 338.0,
      "distance" : 351.0,
      "steps" : 473,
      "calories" : 21
    } ],
    "lastUpdate" : "20160112T094000Z"
  }, {
    "type" : "place",
    "startTime" : "20160112T173354+0900",
    "endTime" : "20160112T174744+0900",
    "activities" : [ {
      "activity" : "walking",
      "group" : "walking",
      "manual" : false,
      "startTime" : "20160112T173829+0900",
      "endTime" : "20160112T174138+0900",
      "duration" : 189.0,
      "distance" : 212.0,
      "steps" : 283,
      "calories" : 13
    } ],
    "lastUpdate" : "20160112T111150Z"
  }, {
    "type" : "move",
    "startTime" : "20160112T174744+0900",
    "endTime" : "20160112T190751+0900",
    "activities" : [ {
      "activity" : "transport",
      "group" : "transport",
      "manual" : false,
      "startTime" : "20160112T174744+0900",
      "endTime" : "20160112T185546+0900",
      "duration" : 4082.0,
      "distance" : 60194.0
    }, {
      "activity" : "walking",
      "group" : "walking",
      "manual" : false,
      "startTime" : "20160112T185546+0900",
      "endTime" : "20160112T190751+0900",
      "duration" : 725.0,
      "distance" : 701.0,
      "steps" : 966,
      "calories" : 41
    } ],
    "lastUpdate" : "20160112T111150Z"
  }, {
    "type" : "place",
    "startTime" : "20160112T190751+0900",
    "endTime" : "20160113T102449+0900",
    "activities" : [ {
      "activity" : "walking",
      "group" : "walking",
      "manual" : false,
      "startTime" : "20160112T194729+0900",
      "endTime" : "20160112T194736+0900",
      "duration" : 7.0,
      "distance" : 5.0,
      "steps" : 10,
      "calories" : 0
    } ],
    "lastUpdate" : "20160113T024405Z"
  } ],
  "caloriesIdle" : 1701,
  "lastUpdate" : "20160113T024405Z"
} ]