[ {
  "date" : "20170119",
  "summary" : [ {
    "activity" : "walking",
    "group" : "walking",
    "duration" : 2186.0,
    "distance" : 2714.0,
    "steps" : 3799,
    "calories" : 150
  }, {
    "activity" : "running",
    "group" : "running",
    "duration" : 427.0,
    "distance" : 1278.0,
    "steps" : 1034,
    "calories" : 85
  } ],
  "segments" : [ {
    "type" : "place",
    "startTime" : "20170118T222644+0900",
    "endTime" : "20170119T102125+0900",
    "activities" : [ {
      "activity" : "walking",
      "group" : "walking",
      "manual" : false,
      "startTime" : "20170119T102042+0900",
      "endTime" : "20170119T102745+0900",
      "duration" : 423.0,
      "distance" : 423.0,
      "steps" : 564,
      "calories" : 23
    } ],
    "lastUpdate" : "20170119T015223Z"
  }, {
    "type" : "move",
    "startTime" : "20170119T102125+0900",
    "endTime" : "20170119T103032+0900",
    "activities" : [ {
      "activity" : "running",
      "group" : "running",
      "manual" : false,
      "startTime" : "20170119T102125+0900",
      "endTime" : "20170119T102556+0900",
      "duration" : 271.0,
      "distance" : 690.0,
      "steps" : 642,
      "calories" : 47
    }, {
      "activity" : "walking",
      "group" : "walking",
      "manual" : false,
      "startTime" : "20170119T102556+0900",
      "endTime" : "20170119T102756+0900",
      "duration" : 120.0,
      "distance" : 210.0,
      "steps" : 271,
      "calories" : 12
    }, {
      "activity" : "running",
      "group" : "running",
      "manual" : false,
      "startTime" : "20170119T102756+0900",
      "endTime" : "20170119T103032+0900",
      "duration" : 156.0,
      "distance" : 588.0,
      "steps" : 392,
      "calories" : 39
    } ],
    "lastUpdate" : "20170119T015223Z"
  }, {
    "type" : "place",
    "startTime" : "20170119T103032+0900",
    "endTime" : "20170119T142947+0900",
    "activities" : [ {
      "activity" : "walking",
      "group" : "walking",
      "manual" : false,
      "startTime" : "20170119T103032+0900",
      "endTime" : "20170119T103322+0900",
      "duration" : 170.0,
      "distance" : 278.0,
      "steps" : 371,
      "calories" : 15
    }, {
      "activity" : "walking",
      "group" : "walking",
      "manual" : false,
      "startTime" : "20170119T115946+0900",
      "endTime" : "20170119T120039+0900",
      "duration" : 53.0,
      "distance" : 34.0,
      "steps" : 70,
      "calories" : 2
    } ],
    "lastUpdate" : "20170119T063024Z"
  }, {
    "type" : "move",
    "startTime" : "20170119T142947+0900",
    "endTime" : "20170119T144831+0900",
    "activities" : [ {
      "activity" : "walking",
      "group" : "walking",
      "manual" : false,
      "startTime" : "20170119T142947+0900",
      "endTime" : "20170119T144831+0900",
      "duration" : 1124.0,
      "distance" : 1482.0,
      "steps" : 2098,
      "calories" : 82
    } ],
    "lastUpdate" : "20170119T063024Z"
  }, {
    "type" : "place",
    "startTime" : "20170119T144832+0900",
    "endTime" : "20170120T101806+0900",
    "activities" : [ {
      "activity" : "walking",
      "group" : "walking",
      "manual" : false,
      "startTime" : "20170119T145348+0900",
      "endTime" : "20170119T145531+0900",
      "duration" : 103.0,
      "distance" : 69.0,
      "steps" : 138,
      "calories" : 4
    }, {
      "activity" : "walking",
      "group" : "walking",
      "manual" : false,
      "startTime" : "20170119T150255+0900",
      "endTime" : "20170119T150555+0900",
      "duration" : 180.0,
      "distance" : 212.0,
      "steps" : 283,
      "calories" : 12
    }, {
      "activity" : "walking",
      "group" : "walking",
      "manual" : false,
      "startTime" : "20170119T232215+0900",
      "endTime" : "20170119T232228+0900",
      "duration" : 13.0,
      "distance" : 6.0,
      "steps" : 4,
      "calories" : 0
    } ],
    "lastUpdate" : "20170120T025234Z"
  } ],
  "caloriesIdle" : 1596,
  "lastUpdate" : "20170120T025234Z"
} ]