[ {
  "date" : "20180314",
  "summary" : [ {
    "activity" : "walking",
    "group" : "walking",
    "duration" : 5471.0,
    "distance" : 5065.0,
    "steps" : 8239,
    "calories" : 280
  }, {
    "activity" : "transport",
    "group" : "transport",
    "duration" : 4908.0,
    "distance" : 35894.0
  } ],
  "segments" : [ {
    "type" : "move",
    "startTime" : "20180313T235614+0900",
    "endTime" : "20180314T004349+0900",
    "activities" : [ {
      "activity" : "transport",
      "group" : "transport",
      "manual" : false,
      "startTime" : "20180314T000000+0900",
      "endTime" : "20180314T001357+0900",
      "duration" : 837.0,
      "distance" : 6530.0
    }, {
      "activity" : "walking",
      "group" : "walking",
      "manual" : false,
      "startTime" : "20180314T001357+0900",
      "endTime" : "20180314T002157+0900",
      "duration" : 480.0,
      "distance" : 421.0,
      "steps" : 843,
      "calories" : 23
    }, {
      "activity" : "transport",
      "group" : "transport",
      "manual" : false,
      "startTime" : "20180314T002158+0900",
      "endTime" : "20180314T003828+0900",
      "duration" : 990.0,
      "distance" : 3987.0
    }, {
      "activity" : "walking",
      "group" : "walking",
      "manual" : false,
      "startTime" : "20180314T003828+0900",
      "endTime" : "20180314T004349+0900",
      "duration" : 321.0,
      "distance" : 296.0,
      "steps" : 400,
      "calories" : 16
    } ],
    "lastUpdate" : "20180313T163751Z"
  }, {
    "type" : "place",
    "startTime" : "20180314T004350+0900",
    "endTime" : "20180314T181314+0900",
    "activities" : [ {
      "activity" : "walking",
      "group" : "walking",
      "manual" : false,
      "startTime" : "20180314T004402+0900",
      "endTime" : "20180314T004426+0900",
      "duration" : 24.0,
      "distance" : 18.0,
      "steps" : 37,
      "calories" : 1
    }, {
      "activity" : "walking",
      "group" : "walking",
      "manual" : false,
      "startTime" : "20180314T021833+0900",
      "endTime" : "20180314T021902+0900",
      "duration" : 29.0,
      "distance" : 14.0,
      "steps" : 0,
      "calories" : 1
    }, {
      "activity" : "walking",
      "group" : "walking",
      "manual" : false,
      "startTime" : "20180314T110452+0900",
      "endTime" : "20180314T110455+0900",
      "duration" : 3.0,
      "distance" : 2.0,
      "steps" : 5,
      "calories" : 0
    }, {
      "activity" : "walking",
      "group" : "walking",
      "manual" : false,
      "startTime" : "20180314T181109+0900",
      "endTime" : "20180314T181147+0900",
      "duration" : 38.0,
      "distance" : 28.0,
      "steps" : 56,
      "calories" : 2
    } ],
    "lastUpdate" : "20180314T111702Z"
  }, {
    "type" : "move",
    "startTime" : "20180314T181314+0900",
    "endTime" : "20180314T181930+0900",
    "activities" : [ {
      "activity" : "walking",
      "group" : "walking",
      "manual" : false,
      "startTime" : "20180314T181314+0900",
      "endTime" : "20180314T181929+0900",
      "duration" : 375.0,
      "distance" : 486.0,
      "steps" : 561,
      "calories" : 27
    } ],
    "lastUpdate" : "20180314T111702Z"
  }, {
    "type" : "place",
    "startTime" : "20180314T181930+0900",
    "endTime" : "20180314T182451+0900",
    "activities" : [ {
      "activity" : "walking",
      "group" : "walking",
      "manual" : false,
      "startTime" : "20180314T182207+0900",
      "endTime" : "20180314T182230+0900",
      "duration" : 23.0,
      "distance" : 18.0,
      "steps" : 36,
      "calories" : 1
    } ],
    "lastUpdate" : "20180314T111702Z"
  }, {
    "type" : "move",
    "startTime" : "20180314T182451+0900",
    "endTime" : "20180314T184600+0900",
    "activities" : [ {
      "activity" : "transport",
      "group" : "transport",
      "manual" : false,
      "startTime" : "20180314T182451+0900",
      "endTime" : "20180314T183746+0900",
      "duration" : 775.0,
      "distance" : 4400.0
    }, {
      "activity" : "walking",
      "group" : "walking",
      "manual" : false,
      "startTime" : "20180314T183747+0900",
      "endTime" : "20180314T184047+0900",
      "duration" : 180.0,
      "distance" : 115.0,
      "steps" : 216,
      "calories" : 6
    }, {
      "activity" : "transport",
      "group" : "transport",
      "manual" : false,
      "startTime" : "20180314T184047+0900",
      "endTime" : "20180314T184315+0900",
      "duration" : 148.0,
      "distance" : 927.0
    }, {
      "activity" : "walking",
      "group" : "walking",
      "manual" : false,
      "startTime" : "20180314T184316+0900",
      "endTime" : "20180314T184559+0900",
      "duration" : 163.0,
      "distance" : 179.0,
      "steps" : 358,
      "calories" : 10
    } ],
    "lastUpdate" : "20180314T111702Z"
  }, {
    "type" : "place",
    "startTime" : "20180314T184600+0900",
    "endTime" : "20180314T205753+0900",
    "activities" : [ {
      "activity" : "walking",
      "group" : "walking",
      "manual" : false,
      "startTime" : "20180314T185456+0900",
      "endTime" : "20180314T185737+0900",
      "duration" : 161.0,
      "distance" : 181.0,
      "steps" : 242,
      "calories" : 10
    } ],
    "lastUpdate" : "20180314T124911Z"
  }, {
    "type" : "move",
    "startTime" : "20180314T205753+0900",
    "endTime" : "20180314T210211+0900",
    "activities" : [ {
      "activity" : "walking",
      "group" : "walking",
      "manual" : false,
      "startTime" : "20180314T205753+0900",
      "endTime" : "20180314T210211+0900",
      "duration" : 258.0,
      "distance" : 187.0,
      "steps" : 282,
      "calories" : 10
    } ],
    "lastUpdate" : "20180314T124911Z"
  }, {
    "type" : "place",
    "startTime" : "20180314T210212+0900",
    "endTime" : "20180314T210738+0900",
    "activities" : [ {
      "activity" : "walking",
      "group" : "walking",
      "manual" : false,
      "startTime" : "20180314T210212+0900",
      "endTime" : "20180314T210218+0900",
      "duration" : 6.0,
      "distance" : 5.0,
      "steps" : 10,
      "calories" : 0
    } ],
    "lastUpdate" : "20180314T124911Z"
  }, {
    "type" : "move",
    "startTime" : "20180314T210738+0900",
    "endTime" : "20180314T214042+0900",
    "activities" : [ {
      "activity" : "walking",
      "group" : "walking",
      "manual" : false,
      "startTime" : "20180314T210738+0900",
      "endTime" : "20180314T214041+0900",
      "duration" : 1983.0,
      "distance" : 1842.0,
      "steps" : 2851,
      "calories" : 102
    } ],
    "lastUpdate" : "20180314T124911Z"
  }, {
    "type" : "place",
    "startTime" : "20180314T214042+0900",
    "endTime" : "20180314T230038+0900",
    "activities" : [ {
      "activity" : "walking",
      "group" : "walking",
      "manual" : false,
      "startTime" : "20180314T214042+0900",
      "endTime" : "20180314T214129+0900",
      "duration" : 47.0,
      "distance" : 35.0,
      "steps" : 71,
      "calories" : 2
    }, {
      "activity" : "walking",
      "group" : "walking",
      "manual" : false,
      "startTime" : "20180314T225410+0900",
      "endTime" : "20180314T225439+0900",
      "duration" : 29.0,
      "distance" : 14.0,
      "steps" : 0,
      "calories" : 1
    }, {
      "activity" : "walking",
      "group" : "walking",
      "manual" : false,
      "startTime" : "20180314T230033+0900",
      "endTime" : "20180314T230037+0900",
      "duration" : 4.0,
      "distance" : 3.0,
      "steps" : 6,
      "calories" : 0
    } ],
    "lastUpdate" : "20180314T142214Z"
  }, {
    "type" : "move",
    "startTime" : "20180314T230038+0900",
    "endTime" : "20180314T231600+0900",
    "activities" : [ {
      "activity" : "walking",
      "group" : "walking",
      "manual" : false,
      "startTime" : "20180314T230038+0900",
      "endTime" : "20180314T230945+0900",
      "duration" : 547.0,
      "distance" : 515.0,
      "steps" : 896,
      "calories" : 28
    }, {
      "activity" : "transport",
      "group" : "transport",
      "manual" : false,
      "startTime" : "20180314T230945+0900",
      "endTime" : "20180314T231600+0900",
      "duration" : 375.0,
      "distance" : 3879.0
    } ],
    "lastUpdate" : "20180314T142214Z"
  }, {
    "type" : "move",
    "startTime" : "20180314T231601+0900",
    "endTime" : "20180314T235858+0900",
    "activities" : [ {
      "activity" : "transport",
      "group" : "transport",
      "manual" : false,
      "startTime" : "20180314T231601+0900",
      "endTime" : "20180314T232914+0900",
      "duration" : 793.0,
      "distance" : 5418.0
    }, {
      "activity" : "walking",
      "group" : "walking",
      "manual" : false,
      "startTime" : "20180314T232914+0900",
      "endTime" : "20180314T233344+0900",
      "duration" : 270.0,
      "distance" : 247.0,
      "steps" : 494,
      "calories" : 14
    }, {
      "activity" : "transport",
      "group" : "transport",
      "manual" : false,
      "startTime" : "20180314T233344+0900",
      "endTime" : "20180314T235014+0900",
      "duration" : 990.0,
      "distance" : 10753.0
    }, {
      "activity" : "walking",
      "group" : "walking",
      "manual" : false,
      "startTime" : "20180314T235015+0900",
      "endTime" : "20180314T235858+0900",
      "duration" : 523.0,
      "distance" : 454.0,
      "steps" : 864,
      "calories" : 25
    } ],
    "lastUpdate" : "20180314T155418Z"
  }, {
    "type" : "place",
    "startTime" : "20180314T235859+0900",
    "endTime" : "20180315T064611+0900",
    "activities" : [ {
      "activity" : "walking",
      "group" : "walking",
      "manual" : false,
      "startTime" : "20180314T235908+0900",
      "endTime" : "20180314T235915+0900",
      "duration" : 7.0,
      "distance" : 5.0,
      "steps" : 11,
      "calories" : 0
    } ],
    "lastUpdate" : "20180314T220748Z"
  } ],
  "caloriesIdle" : 1591,
  "lastUpdate" : "20180314T220748Z"
} ]