[ {
  "date" : "20160315",
  "summary" : [ {
    "activity" : "walking",
    "group" : "walking",
    "duration" : 7752.0,
    "distance" : 8625.0,
    "steps" : 11556,
    "calories" : 509
  }, {
    "activity" : "transport",
    "group" : "transport",
    "duration" : 1362.0,
    "distance" : 8330.0
  } ],
  "segments" : [ {
    "type" : "place",
    "startTime" : "20160314T151119+0900",
    "endTime" : "20160315T140600+0900",
    "activities" : [ {
      "activity" : "walking",
      "group" : "walking",
      "manual" : false,
      "startTime" : "20160315T140514+0900",
      "endTime" : "20160315T140538+0900",
      "duration" : 24.0,
      "distance" : 16.0,
      "steps" : 32,
      "calories" : 1
    } ],
    "lastUpdate" : "20160315T061122Z"
  }, {
    "type" : "move",
    "startTime" : "20160315T140600+0900",
    "endTime" : "20160315T143000+0900",
    "activities" : [ {
      "activity" : "walking",
      "group" : "walking",
      "manual" : false,
      "startTime" : "20160315T140600+0900",
      "endTime" : "20160315T143000+0900",
      "duration" : 1440.0,
      "distance" : 1479.0,
      "steps" : 1889,
      "calories" : 87
    } ],
    "lastUpdate" : "20160315T061122Z"
  }, {
    "type" : "place",
    "startTime" : "20160315T143000+0900",
    "endTime" : "20160315T150724+0900",
    "activities" : [ {
      "activity" : "walking",
      "group" : "walking",
      "manual" : false,
      "startTime" : "20160315T143022+0900",
      "endTime" : "20160315T143124+0900",
      "duration" : 62.0,
      "distance" : 41.0,
      "steps" : 83,
      "calories" : 2
    }, {
      "activity" : "walking",
      "group" : "walking",
      "manual" : false,
      "startTime" : "20160315T150228+0900",
      "endTime" : "20160315T150601+0900",
      "duration" : 213.0,
      "distance" : 279.0,
      "steps" : 372,
      "calories" : 16
    } ],
    "lastUpdate" : "20160315T074236Z"
  }, {
    "type" : "move",
    "startTime" : "20160315T150724+0900",
    "endTime" : "20160315T154417+0900",
    "activities" : [ {
      "activity" : "transport",
      "group" : "transport",
      "manual" : false,
      "startTime" : "20160315T150724+0900",
      "endTime" : "20160315T151136+0900",
      "duration" : 252.0,
      "distance" : 1381.0
    }, {
      "activity" : "walking",
      "group" : "walking",
      "manual" : false,
      "startTime" : "20160315T151137+0900",
      "endTime" : "20160315T151607+0900",
      "duration" : 270.0,
      "distance" : 226.0,
      "steps" : 452,
      "calories" : 13
    }, {
      "activity" : "transport",
      "group" : "transport",
      "manual" : false,
      "startTime" : "20160315T151607+0900",
      "endTime" : "20160315T152537+0900",
      "duration" : 570.0,
      "distance" : 3049.0
    }, {
      "activity" : "walking",
      "group" : "walking",
      "manual" : false,
      "startTime" : "20160315T152538+0900",
      "endTime" : "20160315T154417+0900",
      "duration" : 1119.0,
      "distance" : 1160.0,
      "steps" : 1715,
      "calories" : 69
    } ],
    "lastUpdate" : "20160315T074236Z"
  }, {
    "type" : "place",
    "startTime" : "20160315T154417+0900",
    "endTime" : "20160315T161629+0900",
    "activities" : [ {
      "activity" : "walking",
      "group" : "walking",
      "manual" : false,
      "startTime" : "20160315T154417+0900",
      "endTime" : "20160315T154428+0900",
      "duration" : 11.0,
      "distance" : 7.0,
      "steps" : 15,
      "calories" : 0
    }, {
      "activity" : "walking",
      "group" : "walking",
      "manual" : false,
      "startTime" : "20160315T161340+0900",
      "endTime" : "20160315T161408+0900",
      "duration" : 28.0,
      "distance" : 19.0,
      "steps" : 38,
      "calories" : 1
    } ],
    "lastUpdate" : "20160315T074236Z"
  }, {
    "type" : "move",
    "startTime" : "20160315T161629+0900",
    "endTime" : "20160315T163019+0900",
    "activities" : [ {
      "activity" : "walking",
      "group" : "walking",
      "manual" : false,
      "startTime" : "20160315T161629+0900",
      "endTime" : "20160315T163018+0900",
      "duration" : 829.0,
      "distance" : 982.0,
      "steps" : 1220,
      "calories" : 58
    } ],
    "lastUpdate" : "20160315T074236Z"
  }, {
    "type" : "place",
    "startTime" : "20160315T163019+0900",
    "endTime" : "20160315T191858+0900",
    "activities" : [ {
      "activity" : "walking",
      "group" : "walking",
      "manual" : false,
      "startTime" : "20160315T163019+0900",
      "endTime" : "20160315T163019+0900",
      "duration" : 0.0,
      "distance" : 0.0,
      "steps" : 1,
      "calories" : 0
    }, {
      "activity" : "walking",
      "group" : "walking",
      "manual" : false,
      "startTime" : "20160315T191815+0900",
      "endTime" : "20160315T191834+0900",
      "duration" : 19.0,
      "distance" : 13.0,
      "steps" : 26,
      "calories" : 1
    } ],
    "lastUpdate" : "20160315T104700Z"
  }, {
    "type" : "move",
    "startTime" : "20160315T191858+0900",
    "endTime" : "20160315T193556+0900",
    "activities" : [ {
      "activity" : "walking",
      "group" : "walking",
      "manual" : false,
      "startTime" : "20160315T191858+0900",
      "endTime" : "20160315T193556+0900",
      "duration" : 1018.0,
      "distance" : 1106.0,
      "steps" : 1532,
      "calories" : 65
    } ],
    "lastUpdate" : "20160315T104700Z"
  }, {
    "type" : "place",
    "startTime" : "20160315T193556+0900",
    "endTime" : "20160315T195321+0900",
    "activities" : [ {
      "activity" : "walking",
      "group" : "walking",
      "manual" : false,
      "startTime" : "20160315T193556+0900",
      "endTime" : "20160315T193708+0900",
      "duration" : 72.0,
      "distance" : 48.0,
      "steps" : 97,
      "calories" : 3
    } ],
    "lastUpdate" : "20160315T121929Z"
  }, {
    "type" : "move",
    "startTime" : "20160315T195321+0900",
    "endTime" : "20160315T200458+0900",
    "activities" : [ {
      "activity" : "walking",
      "group" : "walking",
      "manual" : false,
      "startTime" : "20160315T195321+0900",
      "endTime" : "20160315T200458+0900",
      "duration" : 697.0,
      "distance" : 874.0,
      "steps" : 1123,
      "calories" : 52
    } ],
    "lastUpdate" : "20160315T121929Z"
  }, {
    "type" : "place",
    "startTime" : "20160315T200458+0900",
    "endTime" : "20160315T210937+0900",
    "activities" : [ {
      "activity" : "walking",
      "group" : "walking",
      "manual" : false,
      "startTime" : "20160315T200458+0900",
      "endTime" : "20160315T200517+0900",
      "duration" : 19.0,
      "distance" : 12.0,
      "steps" : 25,
      "calories" : 1
    }, {
      "activity" : "walking",
      "group" : "walking",
      "manual" : false,
      "startTime" : "20160315T210536+0900",
      "endTime" : "20160315T210844+0900",
      "duration" : 188.0,
      "distance" : 207.0,
      "steps" : 277,
      "calories" : 12
    } ],
    "lastUpdate" : "20160315T135122Z"
  }, {
    "type" : "move",
    "startTime" : "20160315T210937+0900",
    "endTime" : "20160315T214734+0900",
    "activities" : [ {
      "activity" : "walking",
      "group" : "walking",
      "manual" : false,
      "startTime" : "20160315T210937+0900",
      "endTime" : "20160315T212315+0900",
      "duration" : 818.0,
      "distance" : 992.0,
      "steps" : 1287,
      "calories" : 59
    }, {
      "activity" : "transport",
      "group" : "transport",
      "manual" : false,
      "startTime" : "20160315T212315+0900",
      "endTime" : "20160315T213215+0900",
      "duration" : 540.0,
      "distance" : 3900.0
    }, {
      "activity" : "walking",
      "group" : "walking",
      "manual" : false,
      "startTime" : "20160315T213216+0900",
      "endTime" : "20160315T214734+0900",
      "duration" : 918.0,
      "distance" : 1159.0,
      "steps" : 1362,
      "calories" : 68
    } ],
    "lastUpdate" : "20160315T135122Z"
  }, {
    "type" : "place",
    "startTime" : "20160315T214734+0900",
    "endTime" : "20160316T152728+0900",
    "activities" : [ {
      "activity" : "walking",
      "group" : "walking",
      "manual" : false,
      "startTime" : "20160315T222647+0900",
      "endTime" : "20160315T222654+0900",
      "duration" : 7.0,
      "distance" : 5.0,
      "steps" : 10,
      "calories" : 0
    } ],
    "lastUpdate" : "20160316T065628Z"
  } ],
  "caloriesIdle" : 1701,
  "lastUpdate" : "20160316T065628Z"
} ]