[ {
  "date" : "20151122",
  "summary" : [ {
    "activity" : "walking",
    "group" : "walking",
    "duration" : 30.0,
    "distance" : 25.0,
    "steps" : 51,
    "calories" : 1
  } ],
  "segments" : [ {
    "type" : "place",
    "startTime" : "20151121T175456+0900",
    "endTime" : "20151123T125332+0900",
    "activities" : [ {
      "activity" : "walking",
      "group" : "walking",
      "manual" : false,
      "startTime" : "20151122T231924+0900",
      "endTime" : "20151122T231954+0900",
      "duration" : 30.0,
      "distance" : 25.0,
      "steps" : 51,
      "calories" : 1
    } ],
    "lastUpdate" : "20151123T052006Z"
  } ],
  "caloriesIdle" : 1706,
  "lastUpdate" : "20151123T052006Z"
} ]