[ {
  "date" : "20150507",
  "summary" : [ {
    "activity" : "walking",
    "group" : "walking",
    "duration" : 1044.0,
    "distance" : 1004.0,
    "steps" : 1469,
    "calories" : 59
  }, {
    "activity" : "cycling",
    "group" : "cycling",
    "duration" : 720.0,
    "distance" : 3514.0,
    "calories" : 92
  } ],
  "segments" : [ {
    "type" : "place",
    "startTime" : "20150506T153053+0900",
    "endTime" : "20150507T143650+0900",
    "activities" : [ {
      "activity" : "walking",
      "group" : "walking",
      "manual" : false,
      "startTime" : "20150507T130024+0900",
      "endTime" : "20150507T130054+0900",
      "duration" : 30.0,
      "distance" : 15.0,
      "steps" : 31,
      "calories" : 1
    } ],
    "lastUpdate" : "20150507T074009Z"
  }, {
    "type" : "move",
    "startTime" : "20150507T143650+0900",
    "endTime" : "20150507T143939+0900",
    "activities" : [ {
      "activity" : "cycling",
      "group" : "cycling",
      "manual" : false,
      "startTime" : "20150507T143650+0900",
      "endTime" : "20150507T143939+0900",
      "duration" : 169.0,
      "distance" : 957.0,
      "calories" : 25
    } ],
    "lastUpdate" : "20150507T074009Z"
  }, {
    "type" : "place",
    "startTime" : "20150507T143939+0900",
    "endTime" : "20150507T175957+0900",
    "activities" : [ {
      "activity" : "walking",
      "group" : "walking",
      "manual" : false,
      "startTime" : "20150507T143956+0900",
      "endTime" : "20150507T144156+0900",
      "duration" : 120.0,
      "distance" : 183.0,
      "steps" : 244,
      "calories" : 11
    }, {
      "activity" : "walking",
      "group" : "walking",
      "manual" : false,
      "startTime" : "20150507T154031+0900",
      "endTime" : "20150507T154201+0900",
      "duration" : 90.0,
      "distance" : 51.0,
      "steps" : 101,
      "calories" : 3
    }, {
      "activity" : "walking",
      "group" : "walking",
      "manual" : false,
      "startTime" : "20150507T163620+0900",
      "endTime" : "20150507T163650+0900",
      "duration" : 30.0,
      "distance" : 20.0,
      "steps" : 41,
      "calories" : 1
    }, {
      "activity" : "walking",
      "group" : "walking",
      "manual" : false,
      "startTime" : "20150507T170251+0900",
      "endTime" : "20150507T171024+0900",
      "duration" : 453.0,
      "distance" : 459.0,
      "steps" : 612,
      "calories" : 27
    } ],
    "lastUpdate" : "20150507T104848Z"
  }, {
    "type" : "move",
    "startTime" : "20150507T175957+0900",
    "endTime" : "20150507T180304+0900",
    "activities" : [ {
      "activity" : "cycling",
      "group" : "cycling",
      "manual" : false,
      "startTime" : "20150507T175957+0900",
      "endTime" : "20150507T180304+0900",
      "duration" : 187.0,
      "distance" : 901.0,
      "calories" : 24
    } ],
    "lastUpdate" : "20150507T104848Z"
  }, {
    "type" : "place",
    "startTime" : "20150507T180304+0900",
    "endTime" : "20150507T194256+0900",
    "activities" : [ {
      "activity" : "walking",
      "group" : "walking",
      "manual" : false,
      "startTime" : "20150507T180304+0900",
      "endTime" : "20150507T180431+0900",
      "duration" : 87.0,
      "distance" : 98.0,
      "steps" : 197,
      "calories" : 6
    }, {
      "activity" : "walking",
      "group" : "walking",
      "manual" : false,
      "startTime" : "20150507T193852+0900",
      "endTime" : "20150507T194216+0900",
      "duration" : 204.0,
      "distance" : 153.0,
      "steps" : 192,
      "calories" : 9
    } ],
    "lastUpdate" : "20150507T135920Z"
  }, {
    "type" : "move",
    "startTime" : "20150507T194256+0900",
    "endTime" : "20150507T194859+0900",
    "activities" : [ {
      "activity" : "cycling",
      "group" : "cycling",
      "manual" : false,
      "startTime" : "20150507T194256+0900",
      "endTime" : "20150507T194900+0900",
      "duration" : 364.0,
      "distance" : 1656.0,
      "calories" : 44
    } ],
    "lastUpdate" : "20150507T135920Z"
  }, {
    "type" : "place",
    "startTime" : "20150507T194859+0900",
    "endTime" : "20150508T103902+0900",
    "activities" : [ {
      "activity" : "walking",
      "group" : "walking",
      "manual" : false,
      "startTime" : "20150507T195156+0900",
      "endTime" : "20150507T195226+0900",
      "duration" : 30.0,
      "distance" : 25.0,
      "steps" : 51,
      "calories" : 1
    } ],
    "lastUpdate" : "20150508T030818Z"
  } ],
  "caloriesIdle" : 1706,
  "lastUpdate" : "20150508T030818Z"
} ]