[ {
  "date" : "20180615",
  "summary" : [ {
    "activity" : "walking",
    "group" : "walking",
    "duration" : 1189.0,
    "distance" : 1316.0,
    "steps" : 1646,
    "calories" : 73
  }, {
    "activity" : "cycling",
    "group" : "cycling",
    "duration" : 197.0,
    "distance" : 945.0,
    "calories" : 23
  }, {
    "activity" : "transport",
    "group" : "transport",
    "duration" : 118.0,
    "distance" : 451.0
  } ],
  "segments" : [ {
    "type" : "place",
    "startTime" : "20180614T193649+0900",
    "endTime" : "20180615T155142+0900",
    "activities" : [ {
      "activity" : "walking",
      "group" : "walking",
      "manual" : false,
      "startTime" : "20180615T063206+0900",
      "endTime" : "20180615T063211+0900",
      "duration" : 5.0,
      "distance" : 4.0,
      "steps" : 8,
      "calories" : 0
    }, {
      "activity" : "walking",
      "group" : "walking",
      "manual" : false,
      "startTime" : "20180615T090428+0900",
      "endTime" : "20180615T090439+0900",
      "duration" : 11.0,
      "distance" : 5.0,
      "steps" : 0,
      "calories" : 0
    }, {
      "activity" : "walking",
      "group" : "walking",
      "manual" : false,
      "startTime" : "20180615T151305+0900",
      "endTime" : "20180615T151312+0900",
      "duration" : 7.0,
      "distance" : 5.0,
      "steps" : 10,
      "calories" : 0
    } ],
    "lastUpdate" : "20180615T091412Z"
  }, {
    "type" : "move",
    "startTime" : "20180615T155142+0900",
    "endTime" : "20180615T155419+0900",
    "activities" : [ {
      "activity" : "walking",
      "group" : "walking",
      "manual" : false,
      "startTime" : "20180615T155142+0900",
      "endTime" : "20180615T155418+0900",
      "duration" : 156.0,
      "distance" : 270.0,
      "steps" : 245,
      "calories" : 15
    } ],
    "lastUpdate" : "20180615T091412Z"
  }, {
    "type" : "place",
    "startTime" : "20180615T155419+0900",
    "endTime" : "20180615T155644+0900",
    "activities" : [ {
      "activity" : "walking",
      "group" : "walking",
      "manual" : false,
      "startTime" : "20180615T155422+0900",
      "endTime" : "20180615T155517+0900",
      "duration" : 55.0,
      "distance" : 41.0,
      "steps" : 83,
      "calories" : 2
    } ],
    "lastUpdate" : "20180615T091412Z"
  }, {
    "type" : "move",
    "startTime" : "20180615T155644+0900",
    "endTime" : "20180615T160001+0900",
    "activities" : [ {
      "activity" : "cycling",
      "group" : "cycling",
      "manual" : false,
      "startTime" : "20180615T155644+0900",
      "endTime" : "20180615T160001+0900",
      "duration" : 197.0,
      "distance" : 945.0,
      "calories" : 23
    } ],
    "lastUpdate" : "20180615T091412Z"
  }, {
    "type" : "place",
    "startTime" : "20180615T160001+0900",
    "endTime" : "20180615T181248+0900",
    "activities" : [ {
      "activity" : "walking",
      "group" : "walking",
      "manual" : false,
      "startTime" : "20180615T160001+0900",
      "endTime" : "20180615T160325+0900",
      "duration" : 204.0,
      "distance" : 229.0,
      "steps" : 306,
      "calories" : 13
    }, {
      "activity" : "walking",
      "group" : "walking",
      "manual" : false,
      "startTime" : "20180615T175853+0900",
      "endTime" : "20180615T180131+0900",
      "duration" : 158.0,
      "distance" : 81.0,
      "steps" : 96,
      "calories" : 4
    } ],
    "lastUpdate" : "20180615T131604Z"
  }, {
    "type" : "move",
    "startTime" : "20180615T181248+0900",
    "endTime" : "20180615T181607+0900",
    "activities" : [ {
      "activity" : "walking",
      "group" : "walking",
      "manual" : false,
      "startTime" : "20180615T181248+0900",
      "endTime" : "20180615T181409+0900",
      "duration" : 81.0,
      "distance" : 105.0,
      "steps" : 88,
      "calories" : 6
    }, {
      "activity" : "transport",
      "group" : "transport",
      "manual" : false,
      "startTime" : "20180615T181409+0900",
      "endTime" : "20180615T181607+0900",
      "duration" : 118.0,
      "distance" : 451.0
    } ],
    "lastUpdate" : "20180615T131604Z"
  }, {
    "type" : "place",
    "startTime" : "20180615T181607+0900",
    "endTime" : "20180615T221418+0900",
    "activities" : [ {
      "activity" : "walking",
      "group" : "walking",
      "manual" : false,
      "startTime" : "20180615T181607+0900",
      "endTime" : "20180615T181647+0900",
      "duration" : 40.0,
      "distance" : 30.0,
      "steps" : 61,
      "calories" : 2
    }, {
      "activity" : "walking",
      "group" : "walking",
      "manual" : false,
      "startTime" : "20180615T205632+0900",
      "endTime" : "20180615T205646+0900",
      "duration" : 14.0,
      "distance" : 9.0,
      "steps" : 19,
      "calories" : 0
    }, {
      "activity" : "walking",
      "group" : "walking",
      "manual" : false,
      "startTime" : "20180615T221039+0900",
      "endTime" : "20180615T221331+0900",
      "duration" : 172.0,
      "distance" : 192.0,
      "steps" : 257,
      "calories" : 11
    } ],
    "lastUpdate" : "20180615T150151Z"
  }, {
    "type" : "move",
    "startTime" : "20180615T221418+0900",
    "endTime" : "20180615T221828+0900",
    "activities" : [ {
      "activity" : "walking",
      "group" : "walking",
      "manual" : false,
      "startTime" : "20180615T221418+0900",
      "endTime" : "20180615T221828+0900",
      "duration" : 250.0,
      "distance" : 318.0,
      "steps" : 418,
      "calories" : 18
    } ],
    "lastUpdate" : "20180615T150151Z"
  }, {
    "type" : "place",
    "startTime" : "20180615T221828+0900",
    "endTime" : "20180616T000006+0900",
    "activities" : [ {
      "activity" : "walking",
      "group" : "walking",
      "manual" : false,
      "startTime" : "20180615T235829+0900",
      "endTime" : "20180615T235905+0900",
      "duration" : 36.0,
      "distance" : 27.0,
      "steps" : 55,
      "calories" : 1
    } ],
    "lastUpdate" : "20180616T072243Z"
  } ],
  "caloriesIdle" : 1591,
  "lastUpdate" : "20180616T072243Z"
} ]