[ {
  "date" : "20170327",
  "summary" : [ {
    "activity" : "walking",
    "group" : "walking",
    "duration" : 6092.0,
    "distance" : 6266.0,
    "steps" : 8879,
    "calories" : 347
  }, {
    "activity" : "transport",
    "group" : "transport",
    "duration" : 4605.0,
    "distance" : 26483.0
  } ],
  "segments" : [ {
    "type" : "place",
    "startTime" : "20170326T104646+0900",
    "endTime" : "20170327T093659+0900",
    "activities" : [ {
      "activity" : "walking",
      "group" : "walking",
      "manual" : false,
      "startTime" : "20170327T022917+0900",
      "endTime" : "20170327T022933+0900",
      "duration" : 16.0,
      "distance" : 11.0,
      "steps" : 22,
      "calories" : 1
    }, {
      "activity" : "walking",
      "group" : "walking",
      "manual" : false,
      "startTime" : "20170327T091200+0900",
      "endTime" : "20170327T091246+0900",
      "duration" : 46.0,
      "distance" : 31.0,
      "steps" : 62,
      "calories" : 2
    } ],
    "lastUpdate" : "20170327T014649Z"
  }, {
    "type" : "move",
    "startTime" : "20170327T093659+0900",
    "endTime" : "20170327T103314+0900",
    "activities" : [ {
      "activity" : "walking",
      "group" : "walking",
      "manual" : false,
      "startTime" : "20170327T093659+0900",
      "endTime" : "20170327T093932+0900",
      "duration" : 153.0,
      "distance" : 288.0,
      "steps" : 240,
      "calories" : 16
    }, {
      "activity" : "transport",
      "group" : "transport",
      "manual" : false,
      "startTime" : "20170327T093932+0900",
      "endTime" : "20170327T095032+0900",
      "duration" : 660.0,
      "distance" : 2533.0
    }, {
      "activity" : "walking",
      "group" : "walking",
      "manual" : false,
      "startTime" : "20170327T095033+0900",
      "endTime" : "20170327T095533+0900",
      "duration" : 300.0,
      "distance" : 499.0,
      "steps" : 479,
      "calories" : 28
    }, {
      "activity" : "transport",
      "group" : "transport",
      "manual" : false,
      "startTime" : "20170327T095533+0900",
      "endTime" : "20170327T102134+0900",
      "duration" : 1561.0,
      "distance" : 12797.0
    }, {
      "activity" : "walking",
      "group" : "walking",
      "manual" : false,
      "startTime" : "20170327T102134+0900",
      "endTime" : "20170327T103314+0900",
      "duration" : 700.0,
      "distance" : 873.0,
      "steps" : 1099,
      "calories" : 48
    } ],
    "lastUpdate" : "20170327T014649Z"
  }, {
    "type" : "place",
    "startTime" : "20170327T103314+0900",
    "endTime" : "20170327T164349+0900",
    "activities" : [ {
      "activity" : "walking",
      "group" : "walking",
      "manual" : false,
      "startTime" : "20170327T103329+0900",
      "endTime" : "20170327T103730+0900",
      "duration" : 241.0,
      "distance" : 267.0,
      "steps" : 356,
      "calories" : 15
    }, {
      "activity" : "walking",
      "group" : "walking",
      "manual" : false,
      "startTime" : "20170327T161310+0900",
      "endTime" : "20170327T162222+0900",
      "duration" : 552.0,
      "distance" : 573.0,
      "steps" : 765,
      "calories" : 32
    } ],
    "lastUpdate" : "20170327T093808Z"
  }, {
    "type" : "move",
    "startTime" : "20170327T164349+0900",
    "endTime" : "20170327T171433+0900",
    "activities" : [ {
      "activity" : "transport",
      "group" : "transport",
      "manual" : false,
      "startTime" : "20170327T164349+0900",
      "endTime" : "20170327T170003+0900",
      "duration" : 974.0,
      "distance" : 3317.0
    }, {
      "activity" : "walking",
      "group" : "walking",
      "manual" : false,
      "startTime" : "20170327T170003+0900",
      "endTime" : "20170327T171433+0900",
      "duration" : 870.0,
      "distance" : 836.0,
      "steps" : 1297,
      "calories" : 46
    } ],
    "lastUpdate" : "20170327T093808Z"
  }, {
    "type" : "place",
    "startTime" : "20170327T171434+0900",
    "endTime" : "20170327T185921+0900",
    "activities" : [ {
      "activity" : "walking",
      "group" : "walking",
      "manual" : false,
      "startTime" : "20170327T185519+0900",
      "endTime" : "20170327T185616+0900",
      "duration" : 57.0,
      "distance" : 38.0,
      "steps" : 77,
      "calories" : 2
    } ],
    "lastUpdate" : "20170327T111046Z"
  }, {
    "type" : "move",
    "startTime" : "20170327T185921+0900",
    "endTime" : "20170327T194329+0900",
    "activities" : [ {
      "activity" : "walking",
      "group" : "walking",
      "manual" : false,
      "startTime" : "20170327T185921+0900",
      "endTime" : "20170327T191656+0900",
      "duration" : 1055.0,
      "distance" : 980.0,
      "steps" : 1678,
      "calories" : 54
    }, {
      "activity" : "transport",
      "group" : "transport",
      "manual" : false,
      "startTime" : "20170327T191656+0900",
      "endTime" : "20170327T192956+0900",
      "duration" : 780.0,
      "distance" : 5460.0
    }, {
      "activity" : "walking",
      "group" : "walking",
      "manual" : false,
      "startTime" : "20170327T192956+0900",
      "endTime" : "20170327T194328+0900",
      "duration" : 812.0,
      "distance" : 655.0,
      "steps" : 1074,
      "calories" : 36
    } ],
    "lastUpdate" : "20170327T111046Z"
  }, {
    "type" : "place",
    "startTime" : "20170327T194329+0900",
    "endTime" : "20170327T223723+0900",
    "activities" : [ {
      "activity" : "walking",
      "group" : "walking",
      "manual" : false,
      "startTime" : "20170327T194329+0900",
      "endTime" : "20170327T194437+0900",
      "duration" : 68.0,
      "distance" : 46.0,
      "steps" : 93,
      "calories" : 3
    }, {
      "activity" : "walking",
      "group" : "walking",
      "manual" : false,
      "startTime" : "20170327T223541+0900",
      "endTime" : "20170327T223638+0900",
      "duration" : 57.0,
      "distance" : 39.0,
      "steps" : 78,
      "calories" : 2
    } ],
    "lastUpdate" : "20170327T141844Z"
  }, {
    "type" : "move",
    "startTime" : "20170327T223723+0900",
    "endTime" : "20170327T230659+0900",
    "activities" : [ {
      "activity" : "walking",
      "group" : "walking",
      "manual" : false,
      "startTime" : "20170327T223723+0900",
      "endTime" : "20170327T225054+0900",
      "duration" : 811.0,
      "distance" : 838.0,
      "steps" : 1151,
      "calories" : 46
    }, {
      "activity" : "transport",
      "group" : "transport",
      "manual" : false,
      "startTime" : "20170327T225055+0900",
      "endTime" : "20170327T230125+0900",
      "duration" : 630.0,
      "distance" : 2376.0
    }, {
      "activity" : "walking",
      "group" : "walking",
      "manual" : false,
      "startTime" : "20170327T230125+0900",
      "endTime" : "20170327T230658+0900",
      "duration" : 333.0,
      "distance" : 278.0,
      "steps" : 379,
      "calories" : 15
    } ],
    "lastUpdate" : "20170327T141844Z"
  }, {
    "type" : "place",
    "startTime" : "20170327T230659+0900",
    "endTime" : "20170328T121146+0900",
    "activities" : [ {
      "activity" : "walking",
      "group" : "walking",
      "manual" : false,
      "startTime" : "20170327T230743+0900",
      "endTime" : "20170327T230804+0900",
      "duration" : 21.0,
      "distance" : 14.0,
      "steps" : 29,
      "calories" : 1
    } ],
    "lastUpdate" : "20170328T054440Z"
  } ],
  "caloriesIdle" : 1596,
  "lastUpdate" : "20170328T054440Z"
} ]