[ {
  "date" : "20161108",
  "summary" : [ {
    "activity" : "walking",
    "group" : "walking",
    "duration" : 3325.0,
    "distance" : 3676.0,
    "steps" : 4677,
    "calories" : 204
  }, {
    "activity" : "transport",
    "group" : "transport",
    "duration" : 2372.0,
    "distance" : 7873.0
  }, {
    "activity" : "cycling",
    "group" : "cycling",
    "duration" : 723.0,
    "distance" : 1793.0,
    "calories" : 48
  } ],
  "segments" : [ {
    "type" : "place",
    "startTime" : "20161107T142925+0900",
    "endTime" : "20161108T073345+0900",
    "activities" : [ {
      "activity" : "walking",
      "group" : "walking",
      "manual" : false,
      "startTime" : "20161108T072337+0900",
      "endTime" : "20161108T072624+0900",
      "duration" : 167.0,
      "distance" : 167.0,
      "steps" : 223,
      "calories" : 9
    } ],
    "lastUpdate" : "20161107T232751Z"
  }, {
    "type" : "place",
    "startTime" : "20161108T073346+0900",
    "endTime" : "20161108T083440+0900",
    "activities" : [ {
      "activity" : "walking",
      "group" : "walking",
      "manual" : false,
      "startTime" : "20161108T073351+0900",
      "endTime" : "20161108T073557+0900",
      "duration" : 126.0,
      "distance" : 129.0,
      "steps" : 173,
      "calories" : 7
    }, {
      "activity" : "walking",
      "group" : "walking",
      "manual" : false,
      "startTime" : "20161108T083416+0900",
      "endTime" : "20161108T083422+0900",
      "duration" : 6.0,
      "distance" : 4.0,
      "steps" : 8,
      "calories" : 0
    } ],
    "lastUpdate" : "20161108T010200Z"
  }, {
    "type" : "move",
    "startTime" : "20161108T083440+0900",
    "endTime" : "20161108T084327+0900",
    "activities" : [ {
      "activity" : "transport",
      "group" : "transport",
      "manual" : false,
      "startTime" : "20161108T083440+0900",
      "endTime" : "20161108T084327+0900",
      "duration" : 527.0,
      "distance" : 1191.0
    } ],
    "lastUpdate" : "20161108T010200Z"
  }, {
    "type" : "place",
    "startTime" : "20161108T084327+0900",
    "endTime" : "20161108T142345+0900",
    "activities" : [ {
      "activity" : "walking",
      "group" : "walking",
      "manual" : false,
      "startTime" : "20161108T084327+0900",
      "endTime" : "20161108T084520+0900",
      "duration" : 113.0,
      "distance" : 83.0,
      "steps" : 166,
      "calories" : 5
    }, {
      "activity" : "walking",
      "group" : "walking",
      "manual" : false,
      "startTime" : "20161108T101431+0900",
      "endTime" : "20161108T101953+0900",
      "duration" : 322.0,
      "distance" : 378.0,
      "steps" : 505,
      "calories" : 21
    }, {
      "activity" : "walking",
      "group" : "walking",
      "manual" : false,
      "startTime" : "20161108T125246+0900",
      "endTime" : "20161108T125735+0900",
      "duration" : 289.0,
      "distance" : 328.0,
      "steps" : 438,
      "calories" : 18
    }, {
      "activity" : "walking",
      "group" : "walking",
      "manual" : false,
      "startTime" : "20161108T142344+0900",
      "endTime" : "20161108T142811+0900",
      "duration" : 267.0,
      "distance" : 267.0,
      "steps" : 356,
      "calories" : 15
    } ],
    "lastUpdate" : "20161108T054205Z"
  }, {
    "type" : "move",
    "startTime" : "20161108T142345+0900",
    "endTime" : "20161108T143145+0900",
    "activities" : [ {
      "activity" : "walking",
      "group" : "walking",
      "manual" : false,
      "startTime" : "20161108T142345+0900",
      "endTime" : "20161108T142806+0900",
      "duration" : 261.0,
      "distance" : 333.0,
      "steps" : 365,
      "calories" : 19
    }, {
      "activity" : "cycling",
      "group" : "cycling",
      "manual" : false,
      "startTime" : "20161108T142806+0900",
      "endTime" : "20161108T143145+0900",
      "duration" : 219.0,
      "distance" : 821.0,
      "calories" : 21
    } ],
    "lastUpdate" : "20161108T054205Z"
  }, {
    "type" : "place",
    "startTime" : "20161108T143210+0900",
    "endTime" : "20161108T161153+0900",
    "activities" : [ {
      "activity" : "walking",
      "group" : "walking",
      "manual" : false,
      "startTime" : "20161108T143210+0900",
      "endTime" : "20161108T143302+0900",
      "duration" : 52.0,
      "distance" : 34.0,
      "steps" : 69,
      "calories" : 2
    }, {
      "activity" : "walking",
      "group" : "walking",
      "manual" : false,
      "startTime" : "20161108T160443+0900",
      "endTime" : "20161108T160858+0900",
      "duration" : 255.0,
      "distance" : 263.0,
      "steps" : 351,
      "calories" : 15
    } ],
    "lastUpdate" : "20161108T084830Z"
  }, {
    "type" : "move",
    "startTime" : "20161108T161153+0900",
    "endTime" : "20161108T162951+0900",
    "activities" : [ {
      "activity" : "transport",
      "group" : "transport",
      "manual" : false,
      "startTime" : "20161108T161153+0900",
      "endTime" : "20161108T162126+0900",
      "duration" : 573.0,
      "distance" : 2541.0
    }, {
      "activity" : "cycling",
      "group" : "cycling",
      "manual" : false,
      "startTime" : "20161108T162127+0900",
      "endTime" : "20161108T162951+0900",
      "duration" : 504.0,
      "distance" : 972.0,
      "calories" : 27
    } ],
    "lastUpdate" : "20161108T084830Z"
  }, {
    "type" : "place",
    "startTime" : "20161108T162952+0900",
    "endTime" : "20161108T164308+0900",
    "activities" : [ {
      "activity" : "walking",
      "group" : "walking",
      "manual" : false,
      "startTime" : "20161108T162952+0900",
      "endTime" : "20161108T163309+0900",
      "duration" : 197.0,
      "distance" : 208.0,
      "steps" : 278,
      "calories" : 12
    } ],
    "lastUpdate" : "20161108T084830Z"
  }, {
    "type" : "move",
    "startTime" : "20161108T164308+0900",
    "endTime" : "20161108T164544+0900",
    "activities" : [ {
      "activity" : "transport",
      "group" : "transport",
      "manual" : false,
      "startTime" : "20161108T164308+0900",
      "endTime" : "20161108T164543+0900",
      "duration" : 155.0,
      "distance" : 660.0
    } ],
    "lastUpdate" : "20161108T084830Z"
  }, {
    "type" : "place",
    "startTime" : "20161108T164544+0900",
    "endTime" : "20161108T172610+0900",
    "activities" : [ {
      "activity" : "walking",
      "group" : "walking",
      "manual" : false,
      "startTime" : "20161108T164550+0900",
      "endTime" : "20161108T164733+0900",
      "duration" : 103.0,
      "distance" : 70.0,
      "steps" : 141,
      "calories" : 4
    }, {
      "activity" : "walking",
      "group" : "walking",
      "manual" : false,
      "startTime" : "20161108T171430+0900",
      "endTime" : "20161108T171659+0900",
      "duration" : 149.0,
      "distance" : 151.0,
      "steps" : 202,
      "calories" : 8
    } ],
    "lastUpdate" : "20161108T084830Z"
  }, {
    "type" : "place",
    "startTime" : "20161108T172611+0900",
    "endTime" : "20161108T175838+0900",
    "activities" : [ {
      "activity" : "walking",
      "group" : "walking",
      "manual" : false,
      "startTime" : "20161108T172611+0900",
      "endTime" : "20161108T173418+0900",
      "duration" : 487.0,
      "distance" : 499.0,
      "steps" : 666,
      "calories" : 28
    } ],
    "lastUpdate" : "20161108T102144Z"
  }, {
    "type" : "move",
    "startTime" : "20161108T175838+0900",
    "endTime" : "20161108T180141+0900",
    "activities" : [ {
      "activity" : "walking",
      "group" : "walking",
      "manual" : false,
      "startTime" : "20161108T175838+0900",
      "endTime" : "20161108T180141+0900",
      "duration" : 183.0,
      "distance" : 431.0,
      "steps" : 256,
      "calories" : 24
    } ],
    "lastUpdate" : "20161108T102144Z"
  }, {
    "type" : "place",
    "startTime" : "20161108T180141+0900",
    "endTime" : "20161108T183803+0900",
    "activities" : [ {
      "activity" : "walking",
      "group" : "walking",
      "manual" : false,
      "startTime" : "20161108T180141+0900",
      "endTime" : "20161108T180602+0900",
      "duration" : 261.0,
      "distance" : 273.0,
      "steps" : 364,
      "calories" : 15
    } ],
    "lastUpdate" : "20161108T102144Z"
  }, {
    "type" : "move",
    "startTime" : "20161108T183803+0900",
    "endTime" : "20161108T185640+0900",
    "activities" : [ {
      "activity" : "transport",
      "group" : "transport",
      "manual" : false,
      "startTime" : "20161108T183803+0900",
      "endTime" : "20161108T185640+0900",
      "duration" : 1117.0,
      "distance" : 3481.0
    } ],
    "lastUpdate" : "20161108T102144Z"
  }, {
    "type" : "place",
    "startTime" : "20161108T185657+0900",
    "endTime" : "20161109T084505+0900",
    "activities" : [ {
      "activity" : "walking",
      "group" : "walking",
      "manual" : false,
      "startTime" : "20161108T185657+0900",
      "endTime" : "20161108T185824+0900",
      "duration" : 87.0,
      "distance" : 58.0,
      "steps" : 116,
      "calories" : 3
    } ],
    "lastUpdate" : "20161109T002127Z"
  } ],
  "caloriesIdle" : 1601,
  "lastUpdate" : "20161109T002127Z"
} ]