[ {
  "date" : "20170117",
  "summary" : [ {
    "activity" : "walking",
    "group" : "walking",
    "duration" : 7508.0,
    "distance" : 9259.0,
    "steps" : 12131,
    "calories" : 513
  }, {
    "activity" : "running",
    "group" : "running",
    "duration" : 361.0,
    "distance" : 996.0,
    "steps" : 897,
    "calories" : 67
  }, {
    "activity" : "transport",
    "group" : "transport",
    "duration" : 859.0,
    "distance" : 3511.0
  } ],
  "segments" : [ {
    "type" : "place",
    "startTime" : "20170116T122122+0900",
    "endTime" : "20170117T102106+0900",
    "activities" : [ {
      "activity" : "walking",
      "group" : "walking",
      "manual" : false,
      "startTime" : "20170117T101958+0900",
      "endTime" : "20170117T103231+0900",
      "duration" : 753.0,
      "distance" : 994.0,
      "steps" : 1325,
      "calories" : 55
    } ],
    "lastUpdate" : "20170117T013952Z"
  }, {
    "type" : "move",
    "startTime" : "20170117T102106+0900",
    "endTime" : "20170117T103141+0900",
    "activities" : [ {
      "activity" : "running",
      "group" : "running",
      "manual" : false,
      "startTime" : "20170117T102106+0900",
      "endTime" : "20170117T102707+0900",
      "duration" : 361.0,
      "distance" : 996.0,
      "steps" : 897,
      "calories" : 67
    }, {
      "activity" : "walking",
      "group" : "walking",
      "manual" : false,
      "startTime" : "20170117T102707+0900",
      "endTime" : "20170117T103140+0900",
      "duration" : 273.0,
      "distance" : 448.0,
      "steps" : 649,
      "calories" : 25
    } ],
    "lastUpdate" : "20170117T013952Z"
  }, {
    "type" : "place",
    "startTime" : "20170117T103141+0900",
    "endTime" : "20170117T144323+0900",
    "activities" : [ {
      "activity" : "walking",
      "group" : "walking",
      "manual" : false,
      "startTime" : "20170117T103141+0900",
      "endTime" : "20170117T103252+0900",
      "duration" : 71.0,
      "distance" : 51.0,
      "steps" : 103,
      "calories" : 3
    }, {
      "activity" : "walking",
      "group" : "walking",
      "manual" : false,
      "startTime" : "20170117T120446+0900",
      "endTime" : "20170117T120731+0900",
      "duration" : 165.0,
      "distance" : 165.0,
      "steps" : 221,
      "calories" : 9
    }, {
      "activity" : "walking",
      "group" : "walking",
      "manual" : false,
      "startTime" : "20170117T143317+0900",
      "endTime" : "20170117T143859+0900",
      "duration" : 342.0,
      "distance" : 420.0,
      "steps" : 561,
      "calories" : 23
    } ],
    "lastUpdate" : "20170117T062119Z"
  }, {
    "type" : "move",
    "startTime" : "20170117T144323+0900",
    "endTime" : "20170117T151206+0900",
    "activities" : [ {
      "activity" : "walking",
      "group" : "walking",
      "manual" : false,
      "startTime" : "20170117T144323+0900",
      "endTime" : "20170117T144533+0900",
      "duration" : 130.0,
      "distance" : 207.0,
      "steps" : 203,
      "calories" : 11
    }, {
      "activity" : "transport",
      "group" : "transport",
      "manual" : false,
      "startTime" : "20170117T144533+0900",
      "endTime" : "20170117T145133+0900",
      "duration" : 360.0,
      "distance" : 1050.0
    }, {
      "activity" : "walking",
      "group" : "walking",
      "manual" : false,
      "startTime" : "20170117T145134+0900",
      "endTime" : "20170117T151206+0900",
      "duration" : 1232.0,
      "distance" : 1677.0,
      "steps" : 2313,
      "calories" : 93
    } ],
    "lastUpdate" : "20170117T062119Z"
  }, {
    "type" : "place",
    "startTime" : "20170117T151207+0900",
    "endTime" : "20170117T153040+0900",
    "activities" : [ {
      "activity" : "walking",
      "group" : "walking",
      "manual" : false,
      "startTime" : "20170117T151207+0900",
      "endTime" : "20170117T151735+0900",
      "duration" : 328.0,
      "distance" : 350.0,
      "steps" : 467,
      "calories" : 19
    } ],
    "lastUpdate" : "20170117T075206Z"
  }, {
    "type" : "move",
    "startTime" : "20170117T153040+0900",
    "endTime" : "20170117T154116+0900",
    "activities" : [ {
      "activity" : "walking",
      "group" : "walking",
      "manual" : false,
      "startTime" : "20170117T153040+0900",
      "endTime" : "20170117T154116+0900",
      "duration" : 636.0,
      "distance" : 554.0,
      "steps" : 834,
      "calories" : 31
    } ],
    "lastUpdate" : "20170117T075206Z"
  }, {
    "type" : "place",
    "startTime" : "20170117T154116+0900",
    "endTime" : "20170117T154435+0900",
    "activities" : [ {
      "activity" : "walking",
      "group" : "walking",
      "manual" : false,
      "startTime" : "20170117T154121+0900",
      "endTime" : "20170117T154312+0900",
      "duration" : 111.0,
      "distance" : 77.0,
      "steps" : 155,
      "calories" : 4
    } ],
    "lastUpdate" : "20170117T075206Z"
  }, {
    "type" : "move",
    "startTime" : "20170117T154435+0900",
    "endTime" : "20170117T154903+0900",
    "activities" : [ {
      "activity" : "walking",
      "group" : "walking",
      "manual" : false,
      "startTime" : "20170117T154435+0900",
      "endTime" : "20170117T154903+0900",
      "duration" : 268.0,
      "distance" : 244.0,
      "steps" : 401,
      "calories" : 14
    } ],
    "lastUpdate" : "20170117T075206Z"
  }, {
    "type" : "place",
    "startTime" : "20170117T154904+0900",
    "endTime" : "20170117T155305+0900",
    "activities" : [ {
      "activity" : "walking",
      "group" : "walking",
      "manual" : false,
      "startTime" : "20170117T154904+0900",
      "endTime" : "20170117T155002+0900",
      "duration" : 58.0,
      "distance" : 38.0,
      "steps" : 77,
      "calories" : 2
    } ],
    "lastUpdate" : "20170117T075206Z"
  }, {
    "type" : "move",
    "startTime" : "20170117T155305+0900",
    "endTime" : "20170117T155839+0900",
    "activities" : [ {
      "activity" : "walking",
      "group" : "walking",
      "manual" : false,
      "startTime" : "20170117T155305+0900",
      "endTime" : "20170117T155839+0900",
      "duration" : 334.0,
      "distance" : 331.0,
      "steps" : 459,
      "calories" : 18
    } ],
    "lastUpdate" : "20170117T075206Z"
  }, {
    "type" : "place",
    "startTime" : "20170117T155840+0900",
    "endTime" : "20170117T163240+0900",
    "activities" : [ {
      "activity" : "walking",
      "group" : "walking",
      "manual" : false,
      "startTime" : "20170117T155840+0900",
      "endTime" : "20170117T155945+0900",
      "duration" : 65.0,
      "distance" : 45.0,
      "steps" : 90,
      "calories" : 2
    }, {
      "activity" : "walking",
      "group" : "walking",
      "manual" : false,
      "startTime" : "20170117T160000+0900",
      "endTime" : "20170117T161935+0900",
      "duration" : 1175.0,
      "distance" : 1465.0,
      "steps" : 1953,
      "calories" : 81
    } ],
    "lastUpdate" : "20170117T075206Z"
  }, {
    "type" : "move",
    "startTime" : "20170117T163240+0900",
    "endTime" : "20170117T164656+0900",
    "activities" : [ {
      "activity" : "walking",
      "group" : "walking",
      "manual" : false,
      "startTime" : "20170117T163240+0900",
      "endTime" : "20170117T164656+0900",
      "duration" : 856.0,
      "distance" : 1430.0,
      "steps" : 1235,
      "calories" : 79
    } ],
    "lastUpdate" : "20170117T075206Z"
  }, {
    "type" : "place",
    "startTime" : "20170117T164656+0900",
    "endTime" : "20170117T170139+0900",
    "activities" : [ {
      "activity" : "walking",
      "group" : "walking",
      "manual" : false,
      "startTime" : "20170117T164656+0900",
      "endTime" : "20170117T164656+0900",
      "duration" : 0.0,
      "distance" : 0.0,
      "steps" : 0,
      "calories" : 0
    } ],
    "lastUpdate" : "20170117T092526Z"
  }, {
    "type" : "move",
    "startTime" : "20170117T170139+0900",
    "endTime" : "20170117T172136+0900",
    "activities" : [ {
      "activity" : "transport",
      "group" : "transport",
      "manual" : false,
      "startTime" : "20170117T170139+0900",
      "endTime" : "20170117T170958+0900",
      "duration" : 499.0,
      "distance" : 2461.0
    }, {
      "activity" : "walking",
      "group" : "walking",
      "manual" : false,
      "startTime" : "20170117T170958+0900",
      "endTime" : "20170117T172135+0900",
      "duration" : 697.0,
      "distance" : 754.0,
      "steps" : 1065,
      "calories" : 42
    } ],
    "lastUpdate" : "20170117T092526Z"
  }, {
    "type" : "place",
    "startTime" : "20170117T172136+0900",
    "endTime" : "20170118T130646+0900",
    "activities" : [ {
      "activity" : "walking",
      "group" : "walking",
      "manual" : false,
      "startTime" : "20170117T172136+0900",
      "endTime" : "20170117T172142+0900",
      "duration" : 6.0,
      "distance" : 4.0,
      "steps" : 9,
      "calories" : 0
    }, {
      "activity" : "walking",
      "group" : "walking",
      "manual" : false,
      "startTime" : "20170117T184837+0900",
      "endTime" : "20170117T184845+0900",
      "duration" : 8.0,
      "distance" : 5.0,
      "steps" : 11,
      "calories" : 0
    } ],
    "lastUpdate" : "20170118T054725Z"
  } ],
  "caloriesIdle" : 1596,
  "lastUpdate" : "20170118T054725Z"
} ]