[ {
  "date" : "20170531",
  "summary" : [ {
    "activity" : "walking",
    "group" : "walking",
    "duration" : 1116.0,
    "distance" : 1148.0,
    "steps" : 1704,
    "calories" : 64
  }, {
    "activity" : "cycling",
    "group" : "cycling",
    "duration" : 620.0,
    "distance" : 2958.0,
    "calories" : 73
  } ],
  "segments" : [ {
    "type" : "place",
    "startTime" : "20170530T192526+0900",
    "endTime" : "20170531T084546+0900",
    "activities" : [ {
      "activity" : "walking",
      "group" : "walking",
      "manual" : false,
      "startTime" : "20170531T084434+0900",
      "endTime" : "20170531T085242+0900",
      "duration" : 488.0,
      "distance" : 491.0,
      "steps" : 654,
      "calories" : 27
    } ],
    "lastUpdate" : "20170530T235413Z"
  }, {
    "type" : "move",
    "startTime" : "20170531T084546+0900",
    "endTime" : "20170531T085128+0900",
    "activities" : [ {
      "activity" : "cycling",
      "group" : "cycling",
      "manual" : false,
      "startTime" : "20170531T084546+0900",
      "endTime" : "20170531T085128+0900",
      "duration" : 342.0,
      "distance" : 1456.0,
      "calories" : 36
    } ],
    "lastUpdate" : "20170530T235413Z"
  }, {
    "type" : "place",
    "startTime" : "20170531T085128+0900",
    "endTime" : "20170531T142513+0900",
    "activities" : [ {
      "activity" : "walking",
      "group" : "walking",
      "manual" : false,
      "startTime" : "20170531T085128+0900",
      "endTime" : "20170531T085249+0900",
      "duration" : 81.0,
      "distance" : 67.0,
      "steps" : 135,
      "calories" : 4
    }, {
      "activity" : "walking",
      "group" : "walking",
      "manual" : false,
      "startTime" : "20170531T104312+0900",
      "endTime" : "20170531T104448+0900",
      "duration" : 96.0,
      "distance" : 71.0,
      "steps" : 143,
      "calories" : 4
    }, {
      "activity" : "walking",
      "group" : "walking",
      "manual" : false,
      "startTime" : "20170531T125845+0900",
      "endTime" : "20170531T125955+0900",
      "duration" : 70.0,
      "distance" : 59.0,
      "steps" : 118,
      "calories" : 3
    }, {
      "activity" : "walking",
      "group" : "walking",
      "manual" : false,
      "startTime" : "20170531T130000+0900",
      "endTime" : "20170531T130035+0900",
      "duration" : 35.0,
      "distance" : 23.0,
      "steps" : 46,
      "calories" : 1
    }, {
      "activity" : "walking",
      "group" : "walking",
      "manual" : false,
      "startTime" : "20170531T142223+0900",
      "endTime" : "20170531T142711+0900",
      "duration" : 288.0,
      "distance" : 398.0,
      "steps" : 530,
      "calories" : 22
    } ],
    "lastUpdate" : "20170531T060307Z"
  }, {
    "type" : "move",
    "startTime" : "20170531T142513+0900",
    "endTime" : "20170531T142951+0900",
    "activities" : [ {
      "activity" : "cycling",
      "group" : "cycling",
      "manual" : false,
      "startTime" : "20170531T142513+0900",
      "endTime" : "20170531T142951+0900",
      "duration" : 278.0,
      "distance" : 1502.0,
      "calories" : 37
    } ],
    "lastUpdate" : "20170531T060307Z"
  }, {
    "type" : "place",
    "startTime" : "20170531T142951+0900",
    "endTime" : "20170601T101744+0900",
    "activities" : [ {
      "activity" : "walking",
      "group" : "walking",
      "manual" : false,
      "startTime" : "20170531T142951+0900",
      "endTime" : "20170531T143049+0900",
      "duration" : 58.0,
      "distance" : 39.0,
      "steps" : 78,
      "calories" : 2
    } ],
    "lastUpdate" : "20170601T020951Z"
  } ],
  "caloriesIdle" : 1596,
  "lastUpdate" : "20170601T020951Z"
} ]