[ {
  "date" : "20161226",
  "summary" : [ {
    "activity" : "transport",
    "group" : "transport",
    "duration" : 11161.0,
    "distance" : 88311.0
  }, {
    "activity" : "walking",
    "group" : "walking",
    "duration" : 3642.0,
    "distance" : 2878.0,
    "steps" : 4622,
    "calories" : 160
  } ],
  "segments" : [ {
    "type" : "move",
    "startTime" : "20161225T191020+0900",
    "endTime" : "20161226T005402+0900",
    "activities" : [ {
      "activity" : "transport",
      "group" : "transport",
      "manual" : false,
      "startTime" : "20161226T001504+0900",
      "endTime" : "20161226T005402+0900",
      "duration" : 2338.0,
      "distance" : 2876.0
    } ],
    "lastUpdate" : "20161225T170150Z"
  }, {
    "type" : "place",
    "startTime" : "20161226T005403+0900",
    "endTime" : "20161226T122937+0900",
    "activities" : [ {
      "activity" : "walking",
      "group" : "walking",
      "manual" : false,
      "startTime" : "20161226T043820+0900",
      "endTime" : "20161226T043826+0900",
      "duration" : 6.0,
      "distance" : 4.0,
      "steps" : 8,
      "calories" : 0
    }, {
      "activity" : "walking",
      "group" : "walking",
      "manual" : false,
      "startTime" : "20161226T122936+0900",
      "endTime" : "20161226T123559+0900",
      "duration" : 383.0,
      "distance" : 383.0,
      "steps" : 510,
      "calories" : 21
    } ],
    "lastUpdate" : "20161226T052719Z"
  }, {
    "type" : "move",
    "startTime" : "20161226T122937+0900",
    "endTime" : "20161226T125545+0900",
    "activities" : [ {
      "activity" : "walking",
      "group" : "walking",
      "manual" : false,
      "startTime" : "20161226T122937+0900",
      "endTime" : "20161226T123310+0900",
      "duration" : 213.0,
      "distance" : 177.0,
      "steps" : 279,
      "calories" : 10
    }, {
      "activity" : "transport",
      "group" : "transport",
      "manual" : false,
      "startTime" : "20161226T123311+0900",
      "endTime" : "20161226T125544+0900",
      "duration" : 1353.0,
      "distance" : 10085.0
    } ],
    "lastUpdate" : "20161226T052719Z"
  }, {
    "type" : "place",
    "startTime" : "20161226T125545+0900",
    "endTime" : "20161226T130612+0900",
    "activities" : [ {
      "activity" : "walking",
      "group" : "walking",
      "manual" : false,
      "startTime" : "20161226T125601+0900",
      "endTime" : "20161226T125731+0900",
      "duration" : 90.0,
      "distance" : 79.0,
      "steps" : 159,
      "calories" : 4
    } ],
    "lastUpdate" : "20161226T052719Z"
  }, {
    "type" : "move",
    "startTime" : "20161226T130612+0900",
    "endTime" : "20161226T140427+0900",
    "activities" : [ {
      "activity" : "transport",
      "group" : "transport",
      "manual" : false,
      "startTime" : "20161226T130612+0900",
      "endTime" : "20161226T133420+0900",
      "duration" : 1688.0,
      "distance" : 30738.0
    }, {
      "activity" : "walking",
      "group" : "walking",
      "manual" : false,
      "startTime" : "20161226T133420+0900",
      "endTime" : "20161226T133720+0900",
      "duration" : 180.0,
      "distance" : 127.0,
      "steps" : 254,
      "calories" : 7
    }, {
      "activity" : "transport",
      "group" : "transport",
      "manual" : false,
      "startTime" : "20161226T133720+0900",
      "endTime" : "20161226T135551+0900",
      "duration" : 1111.0,
      "distance" : 10297.0
    }, {
      "activity" : "walking",
      "group" : "walking",
      "manual" : false,
      "startTime" : "20161226T135551+0900",
      "endTime" : "20161226T140427+0900",
      "duration" : 516.0,
      "distance" : 385.0,
      "steps" : 656,
      "calories" : 21
    } ],
    "lastUpdate" : "20161226T052719Z"
  }, {
    "type" : "place",
    "startTime" : "20161226T140428+0900",
    "endTime" : "20161226T174130+0900",
    "activities" : [ {
      "activity" : "walking",
      "group" : "walking",
      "manual" : false,
      "startTime" : "20161226T140510+0900",
      "endTime" : "20161226T140531+0900",
      "duration" : 21.0,
      "distance" : 14.0,
      "steps" : 28,
      "calories" : 1
    }, {
      "activity" : "walking",
      "group" : "walking",
      "manual" : false,
      "startTime" : "20161226T151521+0900",
      "endTime" : "20161226T151530+0900",
      "duration" : 9.0,
      "distance" : 6.0,
      "steps" : 12,
      "calories" : 0
    } ],
    "lastUpdate" : "20161226T100441Z"
  }, {
    "type" : "move",
    "startTime" : "20161226T174130+0900",
    "endTime" : "20161226T183004+0900",
    "activities" : [ {
      "activity" : "walking",
      "group" : "walking",
      "manual" : false,
      "startTime" : "20161226T174130+0900",
      "endTime" : "20161226T174732+0900",
      "duration" : 362.0,
      "distance" : 261.0,
      "steps" : 467,
      "calories" : 15
    }, {
      "activity" : "transport",
      "group" : "transport",
      "manual" : false,
      "startTime" : "20161226T174732+0900",
      "endTime" : "20161226T182710+0900",
      "duration" : 2378.0,
      "distance" : 17416.0
    }, {
      "activity" : "walking",
      "group" : "walking",
      "manual" : false,
      "startTime" : "20161226T182710+0900",
      "endTime" : "20161226T183004+0900",
      "duration" : 174.0,
      "distance" : 87.0,
      "steps" : 102,
      "calories" : 5
    } ],
    "lastUpdate" : "20161226T100441Z"
  }, {
    "type" : "place",
    "startTime" : "20161226T183005+0900",
    "endTime" : "20161226T221239+0900",
    "activities" : [ {
      "activity" : "walking",
      "group" : "walking",
      "manual" : false,
      "startTime" : "20161226T215912+0900",
      "endTime" : "20161226T215929+0900",
      "duration" : 17.0,
      "distance" : 11.0,
      "steps" : 23,
      "calories" : 1
    }, {
      "activity" : "walking",
      "group" : "walking",
      "manual" : false,
      "startTime" : "20161226T220016+0900",
      "endTime" : "20161226T220501+0900",
      "duration" : 285.0,
      "distance" : 302.0,
      "steps" : 403,
      "calories" : 17
    } ],
    "lastUpdate" : "20161226T210902Z"
  }, {
    "type" : "move",
    "startTime" : "20161226T221239+0900",
    "endTime" : "20161226T225349+0900",
    "activities" : [ {
      "activity" : "transport",
      "group" : "transport",
      "manual" : false,
      "startTime" : "20161226T221239+0900",
      "endTime" : "20161226T225052+0900",
      "duration" : 2293.0,
      "distance" : 16899.0
    }, {
      "activity" : "walking",
      "group" : "walking",
      "manual" : false,
      "startTime" : "20161226T225052+0900",
      "endTime" : "20161226T225349+0900",
      "duration" : 177.0,
      "distance" : 88.0,
      "steps" : 128,
      "calories" : 5
    } ],
    "lastUpdate" : "20161226T210902Z"
  }, {
    "type" : "place",
    "startTime" : "20161226T225350+0900",
    "endTime" : "20161226T230449+0900",
    "activities" : [ {
      "activity" : "walking",
      "group" : "walking",
      "manual" : false,
      "startTime" : "20161226T225614+0900",
      "endTime" : "20161226T225628+0900",
      "duration" : 14.0,
      "distance" : 9.0,
      "steps" : 19,
      "calories" : 1
    }, {
      "activity" : "walking",
      "group" : "walking",
      "manual" : false,
      "startTime" : "20161226T230010+0900",
      "endTime" : "20161226T230115+0900",
      "duration" : 65.0,
      "distance" : 43.0,
      "steps" : 87,
      "calories" : 2
    } ],
    "lastUpdate" : "20161226T210902Z"
  }, {
    "type" : "move",
    "startTime" : "20161226T230449+0900",
    "endTime" : "20161226T231022+0900",
    "activities" : [ {
      "activity" : "walking",
      "group" : "walking",
      "manual" : false,
      "startTime" : "20161226T230449+0900",
      "endTime" : "20161226T231022+0900",
      "duration" : 333.0,
      "distance" : 265.0,
      "steps" : 455,
      "calories" : 15
    } ],
    "lastUpdate" : "20161226T210902Z"
  }, {
    "type" : "place",
    "startTime" : "20161226T231023+0900",
    "endTime" : "20161226T231622+0900",
    "activities" : [ {
      "activity" : "walking",
      "group" : "walking",
      "manual" : false,
      "startTime" : "20161226T231023+0900",
      "endTime" : "20161226T231046+0900",
      "duration" : 23.0,
      "distance" : 15.0,
      "steps" : 31,
      "calories" : 1
    } ],
    "lastUpdate" : "20161226T210902Z"
  }, {
    "type" : "move",
    "startTime" : "20161226T231622+0900",
    "endTime" : "20161226T232610+0900",
    "activities" : [ {
      "activity" : "walking",
      "group" : "walking",
      "manual" : false,
      "startTime" : "20161226T231622+0900",
      "endTime" : "20161226T232610+0900",
      "duration" : 588.0,
      "distance" : 433.0,
      "steps" : 749,
      "calories" : 24
    } ],
    "lastUpdate" : "20161226T210902Z"
  }, {
    "type" : "place",
    "startTime" : "20161226T232610+0900",
    "endTime" : "20161227T060406+0900",
    "activities" : [ {
      "activity" : "walking",
      "group" : "walking",
      "manual" : false,
      "startTime" : "20161226T232610+0900",
      "endTime" : "20161226T232916+0900",
      "duration" : 186.0,
      "distance" : 189.0,
      "steps" : 252,
      "calories" : 11
    } ],
    "lastUpdate" : "20161226T224308Z"
  } ],
  "caloriesIdle" : 1601,
  "lastUpdate" : "20161226T224308Z"
} ]