[ {
  "date" : "20151030",
  "summary" : [ {
    "activity" : "cycling",
    "group" : "cycling",
    "duration" : 675.0,
    "distance" : 2564.0,
    "calories" : 69
  }, {
    "activity" : "walking",
    "group" : "walking",
    "duration" : 1821.0,
    "distance" : 1761.0,
    "steps" : 2568,
    "calories" : 104
  }, {
    "activity" : "transport",
    "group" : "transport",
    "duration" : 865.0,
    "distance" : 1306.0
  } ],
  "segments" : [ {
    "type" : "move",
    "startTime" : "20151030T083732+0900",
    "endTime" : "20151030T084225+0900",
    "activities" : [ {
      "activity" : "cycling",
      "group" : "cycling",
      "manual" : false,
      "startTime" : "20151030T083732+0900",
      "endTime" : "20151030T084225+0900",
      "duration" : 293.0,
      "distance" : 961.0,
      "calories" : 26
    } ],
    "lastUpdate" : "20151030T021007Z"
  }, {
    "type" : "place",
    "startTime" : "20151030T084225+0900",
    "endTime" : "20151030T115934+0900",
    "activities" : [ {
      "activity" : "walking",
      "group" : "walking",
      "manual" : false,
      "startTime" : "20151030T084225+0900",
      "endTime" : "20151030T084352+0900",
      "duration" : 87.0,
      "distance" : 84.0,
      "steps" : 168,
      "calories" : 5
    }, {
      "activity" : "walking",
      "group" : "walking",
      "manual" : false,
      "startTime" : "20151030T101621+0900",
      "endTime" : "20151030T101921+0900",
      "duration" : 180.0,
      "distance" : 145.0,
      "steps" : 194,
      "calories" : 9
    } ],
    "lastUpdate" : "20151030T082946Z"
  }, {
    "type" : "move",
    "startTime" : "20151030T115934+0900",
    "endTime" : "20151030T120320+0900",
    "activities" : [ {
      "activity" : "walking",
      "group" : "walking",
      "manual" : false,
      "startTime" : "20151030T115934+0900",
      "endTime" : "20151030T120320+0900",
      "duration" : 226.0,
      "distance" : 257.0,
      "steps" : 422,
      "calories" : 15
    } ],
    "lastUpdate" : "20151030T082946Z"
  }, {
    "type" : "place",
    "startTime" : "20151030T120320+0900",
    "endTime" : "20151030T143254+0900",
    "activities" : [ {
      "activity" : "walking",
      "group" : "walking",
      "manual" : false,
      "startTime" : "20151030T120853+0900",
      "endTime" : "20151030T121423+0900",
      "duration" : 330.0,
      "distance" : 291.0,
      "steps" : 388,
      "calories" : 17
    }, {
      "activity" : "walking",
      "group" : "walking",
      "manual" : false,
      "startTime" : "20151030T142707+0900",
      "endTime" : "20151030T143227+0900",
      "duration" : 320.0,
      "distance" : 408.0,
      "steps" : 544,
      "calories" : 24
    } ],
    "lastUpdate" : "20151030T082946Z"
  }, {
    "type" : "move",
    "startTime" : "20151030T143254+0900",
    "endTime" : "20151030T143602+0900",
    "activities" : [ {
      "activity" : "cycling",
      "group" : "cycling",
      "manual" : false,
      "startTime" : "20151030T143254+0900",
      "endTime" : "20151030T143602+0900",
      "duration" : 188.0,
      "distance" : 957.0,
      "calories" : 25
    } ],
    "lastUpdate" : "20151030T082946Z"
  }, {
    "type" : "place",
    "startTime" : "20151030T143602+0900",
    "endTime" : "20151030T161052+0900",
    "activities" : [ {
      "activity" : "walking",
      "group" : "walking",
      "manual" : false,
      "startTime" : "20151030T143857+0900",
      "endTime" : "20151030T144027+0900",
      "duration" : 90.0,
      "distance" : 71.0,
      "steps" : 143,
      "calories" : 4
    } ],
    "lastUpdate" : "20151030T082946Z"
  }, {
    "type" : "move",
    "startTime" : "20151030T161052+0900",
    "endTime" : "20151030T161832+0900",
    "activities" : [ {
      "activity" : "transport",
      "group" : "transport",
      "manual" : false,
      "startTime" : "20151030T161052+0900",
      "endTime" : "20151030T161233+0900",
      "duration" : 101.0,
      "distance" : 427.0
    }, {
      "activity" : "walking",
      "group" : "walking",
      "manual" : false,
      "startTime" : "20151030T161233+0900",
      "endTime" : "20151030T161518+0900",
      "duration" : 165.0,
      "distance" : 83.0,
      "steps" : 112,
      "calories" : 5
    }, {
      "activity" : "cycling",
      "group" : "cycling",
      "manual" : false,
      "startTime" : "20151030T161518+0900",
      "endTime" : "20151030T161832+0900",
      "duration" : 194.0,
      "distance" : 646.0,
      "calories" : 18
    } ],
    "lastUpdate" : "20151030T082946Z"
  }, {
    "type" : "place",
    "startTime" : "20151030T161832+0900",
    "endTime" : "20151030T180004+0900",
    "activities" : [ {
      "activity" : "walking",
      "group" : "walking",
      "manual" : false,
      "startTime" : "20151030T161832+0900",
      "endTime" : "20151030T162405+0900",
      "duration" : 333.0,
      "distance" : 371.0,
      "steps" : 495,
      "calories" : 22
    } ],
    "lastUpdate" : "20151030T103252Z"
  }, {
    "type" : "move",
    "startTime" : "20151030T180004+0900",
    "endTime" : "20151030T181249+0900",
    "activities" : [ {
      "activity" : "transport",
      "group" : "transport",
      "manual" : false,
      "startTime" : "20151030T180004+0900",
      "endTime" : "20151030T181248+0900",
      "duration" : 764.0,
      "distance" : 879.0
    } ],
    "lastUpdate" : "20151030T103252Z"
  }, {
    "type" : "place",
    "startTime" : "20151030T181249+0900",
    "endTime" : "20151031T184138+0900",
    "activities" : [ {
      "activity" : "walking",
      "group" : "walking",
      "manual" : false,
      "startTime" : "20151030T182134+0900",
      "endTime" : "20151030T182304+0900",
      "duration" : 90.0,
      "distance" : 51.0,
      "steps" : 102,
      "calories" : 3
    } ],
    "lastUpdate" : "20151101T101041Z"
  } ],
  "caloriesIdle" : 1706,
  "lastUpdate" : "20151101T101041Z"
} ]