[ {
  "date" : "20151203",
  "summary" : [ {
    "activity" : "walking",
    "group" : "walking",
    "duration" : 4356.0,
    "distance" : 4446.0,
    "steps" : 6449,
    "calories" : 263
  }, {
    "activity" : "running",
    "group" : "running",
    "duration" : 278.0,
    "distance" : 702.0,
    "steps" : 629,
    "calories" : 51
  }, {
    "activity" : "transport",
    "group" : "transport",
    "duration" : 392.0,
    "distance" : 2172.0
  } ],
  "segments" : [ {
    "type" : "place",
    "startTime" : "20151202T162429+0900",
    "endTime" : "20151203T085051+0900",
    "activities" : [ {
      "activity" : "walking",
      "group" : "walking",
      "manual" : false,
      "startTime" : "20151203T054545+0900",
      "endTime" : "20151203T054615+0900",
      "duration" : 30.0,
      "distance" : 20.0,
      "steps" : 41,
      "calories" : 1
    }, {
      "activity" : "walking",
      "group" : "walking",
      "manual" : false,
      "startTime" : "20151203T082411+0900",
      "endTime" : "20151203T083511+0900",
      "duration" : 660.0,
      "distance" : 982.0,
      "steps" : 1309,
      "calories" : 58
    }, {
      "activity" : "walking",
      "group" : "walking",
      "manual" : false,
      "startTime" : "20151203T090000+0900",
      "endTime" : "20151203T090804+0900",
      "duration" : 484.0,
      "distance" : 736.0,
      "steps" : 981,
      "calories" : 44
    } ],
    "lastUpdate" : "20151203T004055Z"
  }, {
    "type" : "move",
    "startTime" : "20151203T085051+0900",
    "endTime" : "20151203T085942+0900",
    "activities" : [ {
      "activity" : "running",
      "group" : "running",
      "manual" : false,
      "startTime" : "20151203T085051+0900",
      "endTime" : "20151203T085529+0900",
      "duration" : 278.0,
      "distance" : 702.0,
      "steps" : 629,
      "calories" : 51
    }, {
      "activity" : "walking",
      "group" : "walking",
      "manual" : false,
      "startTime" : "20151203T085529+0900",
      "endTime" : "20151203T085942+0900",
      "duration" : 253.0,
      "distance" : 315.0,
      "steps" : 418,
      "calories" : 19
    } ],
    "lastUpdate" : "20151203T004055Z"
  }, {
    "type" : "move",
    "startTime" : "20151203T094310+0900",
    "endTime" : "20151203T094817+0900",
    "activities" : [ {
      "activity" : "walking",
      "group" : "walking",
      "manual" : false,
      "startTime" : "20151203T094310+0900",
      "endTime" : "20151203T094818+0900",
      "duration" : 308.0,
      "distance" : 333.0,
      "steps" : 500,
      "calories" : 20
    } ],
    "lastUpdate" : "20151203T034849Z"
  }, {
    "type" : "place",
    "startTime" : "20151203T094817+0900",
    "endTime" : "20151203T101942+0900",
    "activities" : [ {
      "activity" : "walking",
      "group" : "walking",
      "manual" : false,
      "startTime" : "20151203T100623+0900",
      "endTime" : "20151203T101323+0900",
      "duration" : 420.0,
      "distance" : 460.0,
      "steps" : 613,
      "calories" : 27
    } ],
    "lastUpdate" : "20151203T034849Z"
  }, {
    "type" : "place",
    "startTime" : "20151203T101943+0900",
    "endTime" : "20151203T114643+0900",
    "activities" : [ {
      "activity" : "walking",
      "group" : "walking",
      "manual" : false,
      "startTime" : "20151203T114102+0900",
      "endTime" : "20151203T114321+0900",
      "duration" : 139.0,
      "distance" : 160.0,
      "steps" : 213,
      "calories" : 9
    } ],
    "lastUpdate" : "20151203T065634Z"
  }, {
    "type" : "move",
    "startTime" : "20151203T114643+0900",
    "endTime" : "20151203T115434+0900",
    "activities" : [ {
      "activity" : "transport",
      "group" : "transport",
      "manual" : false,
      "startTime" : "20151203T114643+0900",
      "endTime" : "20151203T114922+0900",
      "duration" : 159.0,
      "distance" : 956.0
    }, {
      "activity" : "walking",
      "group" : "walking",
      "manual" : false,
      "startTime" : "20151203T114923+0900",
      "endTime" : "20151203T115435+0900",
      "duration" : 312.0,
      "distance" : 159.0,
      "steps" : 318,
      "calories" : 9
    } ],
    "lastUpdate" : "20151203T065634Z"
  }, {
    "type" : "move",
    "startTime" : "20151203T135557+0900",
    "endTime" : "20151203T140544+0900",
    "activities" : [ {
      "activity" : "walking",
      "group" : "walking",
      "manual" : false,
      "startTime" : "20151203T135557+0900",
      "endTime" : "20151203T140545+0900",
      "duration" : 588.0,
      "distance" : 376.0,
      "steps" : 722,
      "calories" : 22
    } ],
    "lastUpdate" : "20151203T100432Z"
  }, {
    "type" : "place",
    "startTime" : "20151203T140545+0900",
    "endTime" : "20151203T141805+0900",
    "activities" : [ {
      "activity" : "walking",
      "group" : "walking",
      "manual" : false,
      "startTime" : "20151203T141529+0900",
      "endTime" : "20151203T141629+0900",
      "duration" : 60.0,
      "distance" : 56.0,
      "steps" : 112,
      "calories" : 3
    } ],
    "lastUpdate" : "20151203T100432Z"
  }, {
    "type" : "move",
    "startTime" : "20151203T141805+0900",
    "endTime" : "20151203T143949+0900",
    "activities" : [ {
      "activity" : "transport",
      "group" : "transport",
      "manual" : false,
      "startTime" : "20151203T141805+0900",
      "endTime" : "20151203T142158+0900",
      "duration" : 233.0,
      "distance" : 1216.0
    }, {
      "activity" : "walking",
      "group" : "walking",
      "manual" : false,
      "startTime" : "20151203T142157+0900",
      "endTime" : "20151203T143949+0900",
      "duration" : 1072.0,
      "distance" : 834.0,
      "steps" : 1202,
      "calories" : 49
    } ],
    "lastUpdate" : "20151203T100432Z"
  }, {
    "type" : "place",
    "startTime" : "20151203T143950+0900",
    "endTime" : "20151204T083514+0900",
    "activities" : [ {
      "activity" : "walking",
      "group" : "walking",
      "manual" : false,
      "startTime" : "20151203T221459+0900",
      "endTime" : "20151203T221529+0900",
      "duration" : 30.0,
      "distance" : 15.0,
      "steps" : 20,
      "calories" : 1
    } ],
    "lastUpdate" : "20151204T013158Z"
  } ],
  "caloriesIdle" : 1706,
  "lastUpdate" : "20151204T013158Z"
} ]