[ {
  "date" : "20150801",
  "summary" : null,
  "segments" : null,
  "caloriesIdle" : 1706,
  "lastUpdate" : "20150803T084149Z"
}, {
  "date" : "20150802",
  "summary" : [ {
    "activity" : "walking",
    "group" : "walking",
    "duration" : 60.0,
    "distance" : 30.0,
    "steps" : 50,
    "calories" : 2
  } ],
  "segments" : [ {
    "type" : "place",
    "startTime" : "20150801T154338+0900",
    "endTime" : "20150803T125046+0900",
    "activities" : [ {
      "activity" : "walking",
      "group" : "walking",
      "manual" : false,
      "startTime" : "20150802T174422+0900",
      "endTime" : "20150802T174452+0900",
      "duration" : 30.0,
      "distance" : 15.0,
      "steps" : 20,
      "calories" : 1
    }, {
      "activity" : "walking",
      "group" : "walking",
      "manual" : false,
      "startTime" : "20150802T181545+0900",
      "endTime" : "20150802T181615+0900",
      "duration" : 30.0,
      "distance" : 15.0,
      "steps" : 30,
      "calories" : 1
    } ],
    "lastUpdate" : "20150803T084149Z"
  } ],
  "caloriesIdle" : 1706,
  "lastUpdate" : "20150803T084149Z"
}, {
  "date" : "20150803",
  "summary" : [ {
    "activity" : "walking",
    "group" : "walking",
    "duration" : 5366.0,
    "distance" : 4202.0,
    "steps" : 5752,
    "calories" : 249
  }, {
    "activity" : "cycling",
    "group" : "cycling",
    "duration" : 1240.0,
    "distance" : 5475.0,
    "calories" : 145
  } ],
  "segments" : [ {
    "type" : "place",
    "startTime" : "20150801T154338+0900",
    "endTime" : "20150803T125046+0900",
    "activities" : [ {
      "activity" : "walking",
      "group" : "walking",
      "manual" : false,
      "startTime" : "20150803T023013+0900",
      "endTime" : "20150803T023043+0900",
      "duration" : 30.0,
      "distance" : 15.0,
      "steps" : 20,
      "calories" : 1
    }, {
      "activity" : "walking",
      "group" : "walking",
      "manual" : false,
      "startTime" : "20150803T125010+0900",
      "endTime" : "20150803T141136+0900",
      "duration" : 4886.0,
      "distance" : 3733.0,
      "steps" : 4977,
      "calories" : 221
    } ],
    "lastUpdate" : "20150803T084149Z"
  }, {
    "type" : "move",
    "startTime" : "20150803T125046+0900",
    "endTime" : "20150803T125340+0900",
    "activities" : [ {
      "activity" : "cycling",
      "group" : "cycling",
      "manual" : false,
      "startTime" : "20150803T125046+0900",
      "endTime" : "20150803T125340+0900",
      "duration" : 174.0,
      "distance" : 854.0,
      "calories" : 22
    } ],
    "lastUpdate" : "20150803T084149Z"
  }, {
    "type" : "place",
    "startTime" : "20150803T125340+0900",
    "endTime" : "20150803T125912+0900",
    "activities" : [ {
      "activity" : "walking",
      "group" : "walking",
      "manual" : false,
      "startTime" : "20150803T125410+0900",
      "endTime" : "20150803T125640+0900",
      "duration" : 150.0,
      "distance" : 214.0,
      "steps" : 286,
      "calories" : 13
    } ],
    "lastUpdate" : "20150803T084149Z"
  }, {
    "type" : "move",
    "startTime" : "20150803T143620+0900",
    "endTime" : "20150803T144238+0900",
    "activities" : [ {
      "activity" : "cycling",
      "group" : "cycling",
      "manual" : false,
      "startTime" : "20150803T143620+0900",
      "endTime" : "20150803T144238+0900",
      "duration" : 378.0,
      "distance" : 1892.0,
      "calories" : 50
    } ],
    "lastUpdate" : "20150803T084149Z"
  }, {
    "type" : "place",
    "startTime" : "20150803T144238+0900",
    "endTime" : "20150803T151209+0900",
    "activities" : [ {
      "activity" : "walking",
      "group" : "walking",
      "manual" : false,
      "startTime" : "20150803T144303+0900",
      "endTime" : "20150803T144433+0900",
      "duration" : 90.0,
      "distance" : 82.0,
      "steps" : 163,
      "calories" : 5
    }, {
      "activity" : "walking",
      "group" : "walking",
      "manual" : false,
      "startTime" : "20150803T151115+0900",
      "endTime" : "20150803T151145+0900",
      "duration" : 30.0,
      "distance" : 31.0,
      "steps" : 61,
      "calories" : 2
    } ],
    "lastUpdate" : "20150803T084149Z"
  }, {
    "type" : "move",
    "startTime" : "20150803T151209+0900",
    "endTime" : "20150803T151516+0900",
    "activities" : [ {
      "activity" : "cycling",
      "group" : "cycling",
      "manual" : false,
      "startTime" : "20150803T151209+0900",
      "endTime" : "20150803T151515+0900",
      "duration" : 186.0,
      "distance" : 683.0,
      "calories" : 18
    } ],
    "lastUpdate" : "20150803T084149Z"
  }, {
    "type" : "place",
    "startTime" : "20150803T151516+0900",
    "endTime" : "20150803T151810+0900",
    "activities" : [ {
      "activity" : "walking",
      "group" : "walking",
      "manual" : false,
      "startTime" : "20150803T151546+0900",
      "endTime" : "20150803T151716+0900",
      "duration" : 90.0,
      "distance" : 82.0,
      "steps" : 163,
      "calories" : 5
    } ],
    "lastUpdate" : "20150803T084149Z"
  }, {
    "type" : "move",
    "startTime" : "20150803T151810+0900",
    "endTime" : "20150803T152631+0900",
    "activities" : [ {
      "activity" : "cycling",
      "group" : "cycling",
      "manual" : false,
      "startTime" : "20150803T151810+0900",
      "endTime" : "20150803T152632+0900",
      "duration" : 502.0,
      "distance" : 2046.0,
      "calories" : 55
    } ],
    "lastUpdate" : "20150803T084149Z"
  }, {
    "type" : "place",
    "startTime" : "20150803T152632+0900",
    "endTime" : "20150804T102113+0900",
    "activities" : [ {
      "activity" : "walking",
      "group" : "walking",
      "manual" : false,
      "startTime" : "20150803T152817+0900",
      "endTime" : "20150803T152947+0900",
      "duration" : 90.0,
      "distance" : 45.0,
      "steps" : 82,
      "calories" : 3
    } ],
    "lastUpdate" : "20150804T071021Z"
  } ],
  "caloriesIdle" : 1706,
  "lastUpdate" : "20150804T071021Z"
}, {
  "date" : "20150804",
  "summary" : [ {
    "activity" : "walking",
    "group" : "walking",
    "duration" : 553.0,
    "distance" : 516.0,
    "steps" : 729,
    "calories" : 31
  }, {
    "activity" : "cycling",
    "group" : "cycling",
    "duration" : 170.0,
    "distance" : 563.0,
    "calories" : 15
  }, {
    "activity" : "transport",
    "group" : "transport",
    "duration" : 273.0,
    "distance" : 483.0
  } ],
  "segments" : [ {
    "type" : "place",
    "startTime" : "20150803T152632+0900",
    "endTime" : "20150804T102113+0900",
    "activities" : [ {
      "activity" : "walking",
      "group" : "walking",
      "manual" : false,
      "startTime" : "20150804T045200+0900",
      "endTime" : "20150804T045230+0900",
      "duration" : 30.0,
      "distance" : 31.0,
      "steps" : 61,
      "calories" : 2
    } ],
    "lastUpdate" : "20150804T071021Z"
  }, {
    "type" : "place",
    "startTime" : "20150804T143639+0900",
    "endTime" : "20150804T145845+0900",
    "activities" : [ {
      "activity" : "walking",
      "group" : "walking",
      "manual" : false,
      "startTime" : "20150804T143639+0900",
      "endTime" : "20150804T144422+0900",
      "duration" : 463.0,
      "distance" : 455.0,
      "steps" : 607,
      "calories" : 27
    } ],
    "lastUpdate" : "20150804T071021Z"
  }, {
    "type" : "move",
    "startTime" : "20150804T145845+0900",
    "endTime" : "20150804T150607+0900",
    "activities" : [ {
      "activity" : "cycling",
      "group" : "cycling",
      "manual" : false,
      "startTime" : "20150804T145845+0900",
      "endTime" : "20150804T150135+0900",
      "duration" : 170.0,
      "distance" : 563.0,
      "calories" : 15
    }, {
      "activity" : "transport",
      "group" : "transport",
      "manual" : false,
      "startTime" : "20150804T150134+0900",
      "endTime" : "20150804T150607+0900",
      "duration" : 273.0,
      "distance" : 483.0
    } ],
    "lastUpdate" : "20150804T071021Z"
  }, {
    "type" : "place",
    "startTime" : "20150804T150607+0900",
    "endTime" : "20150805T083858+0900",
    "activities" : [ {
      "activity" : "walking",
      "group" : "walking",
      "manual" : false,
      "startTime" : "20150804T181517+0900",
      "endTime" : "20150804T181547+0900",
      "duration" : 30.0,
      "distance" : 15.0,
      "steps" : 31,
      "calories" : 1
    }, {
      "activity" : "walking",
      "group" : "walking",
      "manual" : false,
      "startTime" : "20150804T202152+0900",
      "endTime" : "20150804T202222+0900",
      "duration" : 30.0,
      "distance" : 15.0,
      "steps" : 30,
      "calories" : 1
    } ],
    "lastUpdate" : "20150805T011838Z"
  } ],
  "caloriesIdle" : 1706,
  "lastUpdate" : "20150805T011838Z"
}, {
  "date" : "20150805",
  "summary" : [ {
    "activity" : "cycling",
    "group" : "cycling",
    "duration" : 1200.0,
    "distance" : 5354.0,
    "calories" : 142
  }, {
    "activity" : "walking",
    "group" : "walking",
    "duration" : 1967.0,
    "distance" : 1712.0,
    "steps" : 2501,
    "calories" : 101
  }, {
    "activity" : "transport",
    "group" : "transport",
    "duration" : 164.0,
    "distance" : 744.0
  } ],
  "segments" : [ {
    "type" : "move",
    "startTime" : "20150805T083858+0900",
    "endTime" : "20150805T084138+0900",
    "activities" : [ {
      "activity" : "cycling",
      "group" : "cycling",
      "manual" : false,
      "startTime" : "20150805T083858+0900",
      "endTime" : "20150805T084138+0900",
      "duration" : 160.0,
      "distance" : 856.0,
      "calories" : 22
    } ],
    "lastUpdate" : "20150805T011838Z"
  }, {
    "type" : "place",
    "startTime" : "20150805T084138+0900",
    "endTime" : "20150805T120428+0900",
    "activities" : [ {
      "activity" : "walking",
      "group" : "walking",
      "manual" : false,
      "startTime" : "20150805T084200+0900",
      "endTime" : "20150805T084300+0900",
      "duration" : 60.0,
      "distance" : 56.0,
      "steps" : 112,
      "calories" : 3
    }, {
      "activity" : "walking",
      "group" : "walking",
      "manual" : false,
      "startTime" : "20150805T101512+0900",
      "endTime" : "20150805T102103+0900",
      "duration" : 351.0,
      "distance" : 323.0,
      "steps" : 431,
      "calories" : 19
    } ],
    "lastUpdate" : "20150805T044308Z"
  }, {
    "type" : "move",
    "startTime" : "20150805T120428+0900",
    "endTime" : "20150805T121234+0900",
    "activities" : [ {
      "activity" : "walking",
      "group" : "walking",
      "manual" : false,
      "startTime" : "20150805T120428+0900",
      "endTime" : "20150805T120755+0900",
      "duration" : 207.0,
      "distance" : 257.0,
      "steps" : 329,
      "calories" : 15
    }, {
      "activity" : "cycling",
      "group" : "cycling",
      "manual" : false,
      "startTime" : "20150805T120755+0900",
      "endTime" : "20150805T121234+0900",
      "duration" : 279.0,
      "distance" : 638.0,
      "calories" : 18
    } ],
    "lastUpdate" : "20150805T044308Z"
  }, {
    "type" : "place",
    "startTime" : "20150805T121235+0900",
    "endTime" : "20150805T142225+0900",
    "activities" : [ {
      "activity" : "walking",
      "group" : "walking",
      "manual" : false,
      "startTime" : "20150805T121235+0900",
      "endTime" : "20150805T121257+0900",
      "duration" : 22.0,
      "distance" : 18.0,
      "steps" : 37,
      "calories" : 1
    }, {
      "activity" : "walking",
      "group" : "walking",
      "manual" : false,
      "startTime" : "20150805T142057+0900",
      "endTime" : "20150805T142351+0900",
      "duration" : 174.0,
      "distance" : 131.0,
      "steps" : 149,
      "calories" : 8
    } ],
    "lastUpdate" : "20150805T061609Z"
  }, {
    "type" : "move",
    "startTime" : "20150805T142225+0900",
    "endTime" : "20150805T142629+0900",
    "activities" : [ {
      "activity" : "cycling",
      "group" : "cycling",
      "manual" : false,
      "startTime" : "20150805T142225+0900",
      "endTime" : "20150805T142629+0900",
      "duration" : 244.0,
      "distance" : 1017.0,
      "calories" : 27
    } ],
    "lastUpdate" : "20150805T061609Z"
  }, {
    "type" : "place",
    "startTime" : "20150805T142629+0900",
    "endTime" : "20150805T163102+0900",
    "activities" : [ {
      "activity" : "walking",
      "group" : "walking",
      "manual" : false,
      "startTime" : "20150805T142658+0900",
      "endTime" : "20150805T142928+0900",
      "duration" : 150.0,
      "distance" : 168.0,
      "steps" : 224,
      "calories" : 10
    }, {
      "activity" : "walking",
      "group" : "walking",
      "manual" : false,
      "startTime" : "20150805T162703+0900",
      "endTime" : "20150805T162949+0900",
      "duration" : 166.0,
      "distance" : 152.0,
      "steps" : 203,
      "calories" : 9
    } ],
    "lastUpdate" : "20150805T092051Z"
  }, {
    "type" : "move",
    "startTime" : "20150805T163102+0900",
    "endTime" : "20150805T163744+0900",
    "activities" : [ {
      "activity" : "cycling",
      "group" : "cycling",
      "manual" : false,
      "startTime" : "20150805T163102+0900",
      "endTime" : "20150805T163423+0900",
      "duration" : 201.0,
      "distance" : 1179.0,
      "calories" : 31
    }, {
      "activity" : "walking",
      "group" : "walking",
      "manual" : false,
      "startTime" : "20150805T163423+0900",
      "endTime" : "20150805T163744+0900",
      "duration" : 201.0,
      "distance" : 144.0,
      "steps" : 241,
      "calories" : 9
    } ],
    "lastUpdate" : "20150805T092051Z"
  }, {
    "type" : "place",
    "startTime" : "20150805T163744+0900",
    "endTime" : "20150805T164135+0900",
    "activities" : [ {
      "activity" : "walking",
      "group" : "walking",
      "manual" : false,
      "startTime" : "20150805T164009+0900",
      "endTime" : "20150805T164047+0900",
      "duration" : 38.0,
      "distance" : 29.0,
      "steps" : 59,
      "calories" : 2
    } ],
    "lastUpdate" : "20150805T092051Z"
  }, {
    "type" : "move",
    "startTime" : "20150805T164135+0900",
    "endTime" : "20150805T164441+0900",
    "activities" : [ {
      "activity" : "cycling",
      "group" : "cycling",
      "manual" : false,
      "startTime" : "20150805T164135+0900",
      "endTime" : "20150805T164440+0900",
      "duration" : 185.0,
      "distance" : 1185.0,
      "calories" : 31
    } ],
    "lastUpdate" : "20150805T092051Z"
  }, {
    "type" : "place",
    "startTime" : "20150805T164441+0900",
    "endTime" : "20150805T164708+0900",
    "activities" : [ {
      "activity" : "walking",
      "group" : "walking",
      "manual" : false,
      "startTime" : "20150805T164509+0900",
      "endTime" : "20150805T164609+0900",
      "duration" : 60.0,
      "distance" : 56.0,
      "steps" : 112,
      "calories" : 3
    } ],
    "lastUpdate" : "20150805T092051Z"
  }, {
    "type" : "move",
    "startTime" : "20150805T164708+0900",
    "endTime" : "20150805T165451+0900",
    "activities" : [ {
      "activity" : "walking",
      "group" : "walking",
      "manual" : false,
      "startTime" : "20150805T164708+0900",
      "endTime" : "20150805T165207+0900",
      "duration" : 299.0,
      "distance" : 149.0,
      "steps" : 273,
      "calories" : 9
    }, {
      "activity" : "transport",
      "group" : "transport",
      "manual" : false,
      "startTime" : "20150805T165206+0900",
      "endTime" : "20150805T165450+0900",
      "duration" : 164.0,
      "distance" : 744.0
    } ],
    "lastUpdate" : "20150805T092051Z"
  }, {
    "type" : "place",
    "startTime" : "20150805T165451+0900",
    "endTime" : "20150805T172848+0900",
    "activities" : [ {
      "activity" : "walking",
      "group" : "walking",
      "manual" : false,
      "startTime" : "20150805T170238+0900",
      "endTime" : "20150805T170545+0900",
      "duration" : 187.0,
      "distance" : 192.0,
      "steps" : 256,
      "calories" : 11
    } ],
    "lastUpdate" : "20150805T092051Z"
  }, {
    "type" : "move",
    "startTime" : "20150805T172848+0900",
    "endTime" : "20150805T173059+0900",
    "activities" : [ {
      "activity" : "cycling",
      "group" : "cycling",
      "manual" : false,
      "startTime" : "20150805T172848+0900",
      "endTime" : "20150805T173059+0900",
      "duration" : 131.0,
      "distance" : 479.0,
      "calories" : 13
    } ],
    "lastUpdate" : "20150805T092051Z"
  }, {
    "type" : "place",
    "startTime" : "20150805T173059+0900",
    "endTime" : "20150806T143536+0900",
    "activities" : [ {
      "activity" : "walking",
      "group" : "walking",
      "manual" : false,
      "startTime" : "20150805T173059+0900",
      "endTime" : "20150805T173121+0900",
      "duration" : 22.0,
      "distance" : 22.0,
      "steps" : 45,
      "calories" : 1
    }, {
      "activity" : "walking",
      "group" : "walking",
      "manual" : false,
      "startTime" : "20150805T214533+0900",
      "endTime" : "20150805T214603+0900",
      "duration" : 30.0,
      "distance" : 15.0,
      "steps" : 30,
      "calories" : 1
    } ],
    "lastUpdate" : "20150806T085120Z"
  } ],
  "caloriesIdle" : 1706,
  "lastUpdate" : "20150806T085120Z"
}, {
  "date" : "20150806",
  "summary" : [ {
    "activity" : "walking",
    "group" : "walking",
    "duration" : 408.0,
    "distance" : 408.0,
    "steps" : 655,
    "calories" : 24
  }, {
    "activity" : "transport",
    "group" : "transport",
    "duration" : 227.0,
    "distance" : 913.0
  }, {
    "activity" : "cycling",
    "group" : "cycling",
    "duration" : 663.0,
    "distance" : 2486.0,
    "calories" : 67
  } ],
  "segments" : [ {
    "type" : "place",
    "startTime" : "20150805T173059+0900",
    "endTime" : "20150806T143536+0900",
    "activities" : [ {
      "activity" : "walking",
      "group" : "walking",
      "manual" : false,
      "startTime" : "20150806T143434+0900",
      "endTime" : "20150806T143504+0900",
      "duration" : 30.0,
      "distance" : 15.0,
      "steps" : 20,
      "calories" : 1
    } ],
    "lastUpdate" : "20150806T085120Z"
  }, {
    "type" : "move",
    "startTime" : "20150806T143536+0900",
    "endTime" : "20150806T143923+0900",
    "activities" : [ {
      "activity" : "transport",
      "group" : "transport",
      "manual" : false,
      "startTime" : "20150806T143536+0900",
      "endTime" : "20150806T143923+0900",
      "duration" : 227.0,
      "distance" : 913.0
    } ],
    "lastUpdate" : "20150806T085120Z"
  }, {
    "type" : "place",
    "startTime" : "20150806T143923+0900",
    "endTime" : "20150806T144101+0900",
    "activities" : [ {
      "activity" : "walking",
      "group" : "walking",
      "manual" : false,
      "startTime" : "20150806T143923+0900",
      "endTime" : "20150806T144034+0900",
      "duration" : 71.0,
      "distance" : 54.0,
      "steps" : 108,
      "calories" : 3
    } ],
    "lastUpdate" : "20150806T085120Z"
  }, {
    "type" : "place",
    "startTime" : "20150806T161156+0900",
    "endTime" : "20150806T161528+0900",
    "activities" : [ {
      "activity" : "walking",
      "group" : "walking",
      "manual" : false,
      "startTime" : "20150806T161419+0900",
      "endTime" : "20150806T161456+0900",
      "duration" : 37.0,
      "distance" : 29.0,
      "steps" : 58,
      "calories" : 2
    } ],
    "lastUpdate" : "20150806T085120Z"
  }, {
    "type" : "move",
    "startTime" : "20150806T161528+0900",
    "endTime" : "20150806T161831+0900",
    "activities" : [ {
      "activity" : "cycling",
      "group" : "cycling",
      "manual" : false,
      "startTime" : "20150806T161528+0900",
      "endTime" : "20150806T161831+0900",
      "duration" : 183.0,
      "distance" : 533.0,
      "calories" : 15
    } ],
    "lastUpdate" : "20150806T085120Z"
  }, {
    "type" : "place",
    "startTime" : "20150806T161831+0900",
    "endTime" : "20150806T205431+0900",
    "activities" : [ {
      "activity" : "walking",
      "group" : "walking",
      "manual" : false,
      "startTime" : "20150806T162050+0900",
      "endTime" : "20150806T162120+0900",
      "duration" : 30.0,
      "distance" : 26.0,
      "steps" : 51,
      "calories" : 2
    }, {
      "activity" : "walking",
      "group" : "walking",
      "manual" : false,
      "startTime" : "20150806T205213+0900",
      "endTime" : "20150806T205243+0900",
      "duration" : 30.0,
      "distance" : 31.0,
      "steps" : 61,
      "calories" : 2
    } ],
    "lastUpdate" : "20150806T132309Z"
  }, {
    "type" : "move",
    "startTime" : "20150806T205431+0900",
    "endTime" : "20150806T210044+0900",
    "activities" : [ {
      "activity" : "cycling",
      "group" : "cycling",
      "manual" : false,
      "startTime" : "20150806T205713+0900",
      "endTime" : "20150806T210045+0900",
      "duration" : 212.0,
      "distance" : 925.0,
      "calories" : 25
    } ],
    "lastUpdate" : "20150806T132309Z"
  }, {
    "type" : "place",
    "startTime" : "20150806T210045+0900",
    "endTime" : "20150806T212646+0900",
    "activities" : [ {
      "activity" : "walking",
      "group" : "walking",
      "manual" : false,
      "startTime" : "20150806T210144+0900",
      "endTime" : "20150806T210444+0900",
      "duration" : 180.0,
      "distance" : 222.0,
      "steps" : 296,
      "calories" : 13
    } ],
    "lastUpdate" : "20150807T092412Z"
  }, {
    "type" : "move",
    "startTime" : "20150806T212646+0900",
    "endTime" : "20150806T213114+0900",
    "activities" : [ {
      "activity" : "cycling",
      "group" : "cycling",
      "manual" : false,
      "startTime" : "20150806T212646+0900",
      "endTime" : "20150806T213114+0900",
      "duration" : 268.0,
      "distance" : 1028.0,
      "calories" : 28
    } ],
    "lastUpdate" : "20150807T092412Z"
  }, {
    "type" : "place",
    "startTime" : "20150806T213114+0900",
    "endTime" : "20150807T154336+0900",
    "activities" : [ {
      "activity" : "walking",
      "group" : "walking",
      "manual" : false,
      "startTime" : "20150806T213446+0900",
      "endTime" : "20150806T213516+0900",
      "duration" : 30.0,
      "distance" : 31.0,
      "steps" : 61,
      "calories" : 2
    } ],
    "lastUpdate" : "20150807T092417Z"
  } ],
  "caloriesIdle" : 1706,
  "lastUpdate" : "20150807T092417Z"
}, {
  "date" : "20150807",
  "summary" : [ {
    "activity" : "transport",
    "group" : "transport",
    "duration" : 861.0,
    "distance" : 1627.0
  }, {
    "activity" : "cycling",
    "group" : "cycling",
    "duration" : 348.0,
    "distance" : 1421.0,
    "calories" : 38
  }, {
    "activity" : "walking",
    "group" : "walking",
    "duration" : 180.0,
    "distance" : 148.0,
    "steps" : 296,
    "calories" : 9
  } ],
  "segments" : [ {
    "type" : "move",
    "startTime" : "20150807T154336+0900",
    "endTime" : "20150807T154650+0900",
    "activities" : [ {
      "activity" : "transport",
      "group" : "transport",
      "manual" : false,
      "startTime" : "20150807T154336+0900",
      "endTime" : "20150807T154651+0900",
      "duration" : 195.0,
      "distance" : 439.0
    } ],
    "lastUpdate" : "20150807T092417Z"
  }, {
    "type" : "move",
    "startTime" : "20150807T164445+0900",
    "endTime" : "20150807T165558+0900",
    "activities" : [ {
      "activity" : "cycling",
      "group" : "cycling",
      "manual" : false,
      "startTime" : "20150807T164445+0900",
      "endTime" : "20150807T165033+0900",
      "duration" : 348.0,
      "distance" : 1421.0,
      "calories" : 38
    } ],
    "lastUpdate" : "20150807T105532Z"
  }, {
    "type" : "place",
    "startTime" : "20150807T182415+0900",
    "endTime" : "20150807T215805+0900",
    "activities" : [ {
      "activity" : "walking",
      "group" : "walking",
      "manual" : false,
      "startTime" : "20150807T182428+0900",
      "endTime" : "20150807T182528+0900",
      "duration" : 60.0,
      "distance" : 51.0,
      "steps" : 102,
      "calories" : 3
    }, {
      "activity" : "walking",
      "group" : "walking",
      "manual" : false,
      "startTime" : "20150807T195814+0900",
      "endTime" : "20150807T195944+0900",
      "duration" : 90.0,
      "distance" : 82.0,
      "steps" : 163,
      "calories" : 5
    } ],
    "lastUpdate" : "20150807T145319Z"
  }, {
    "type" : "move",
    "startTime" : "20150807T215805+0900",
    "endTime" : "20150807T220911+0900",
    "activities" : [ {
      "activity" : "transport",
      "group" : "transport",
      "manual" : false,
      "startTime" : "20150807T215805+0900",
      "endTime" : "20150807T220911+0900",
      "duration" : 666.0,
      "distance" : 1188.0
    } ],
    "lastUpdate" : "20150807T145319Z"
  }, {
    "type" : "place",
    "startTime" : "20150807T220911+0900",
    "endTime" : "20150808T224112+0900",
    "activities" : [ {
      "activity" : "walking",
      "group" : "walking",
      "manual" : false,
      "startTime" : "20150807T235208+0900",
      "endTime" : "20150807T235238+0900",
      "duration" : 30.0,
      "distance" : 15.0,
      "steps" : 31,
      "calories" : 1
    } ],
    "lastUpdate" : "20150809T141339Z"
  } ],
  "caloriesIdle" : 1706,
  "lastUpdate" : "20150809T141339Z"
}, {
  "date" : "20150808",
  "summary" : null,
  "segments" : null,
  "caloriesIdle" : 1706,
  "lastUpdate" : "20150810T042520Z"
}, {
  "date" : "20150809",
  "summary" : null,
  "segments" : null,
  "caloriesIdle" : 1706,
  "lastUpdate" : "20150810T042520Z"
}, {
  "date" : "20150810",
  "summary" : [ {
    "activity" : "walking",
    "group" : "walking",
    "duration" : 619.0,
    "distance" : 608.0,
    "steps" : 895,
    "calories" : 36
  }, {
    "activity" : "cycling",
    "group" : "cycling",
    "duration" : 882.0,
    "distance" : 4470.0,
    "calories" : 117
  } ],
  "segments" : [ {
    "type" : "place",
    "startTime" : "20150808T224112+0900",
    "endTime" : "20150810T044810+0900",
    "activities" : [ {
      "activity" : "walking",
      "group" : "walking",
      "manual" : false,
      "startTime" : "20150810T032549+0900",
      "endTime" : "20150810T032619+0900",
      "duration" : 30.0,
      "distance" : 15.0,
      "steps" : 30,
      "calories" : 1
    }, {
      "activity" : "walking",
      "group" : "walking",
      "manual" : false,
      "startTime" : "20150810T040253+0900",
      "endTime" : "20150810T040323+0900",
      "duration" : 30.0,
      "distance" : 31.0,
      "steps" : 61,
      "calories" : 2
    } ],
    "lastUpdate" : "20150810T042520Z"
  }, {
    "type" : "place",
    "startTime" : "20150810T115433+0900",
    "endTime" : "20150810T132840+0900",
    "activities" : [ {
      "activity" : "walking",
      "group" : "walking",
      "manual" : false,
      "startTime" : "20150810T132646+0900",
      "endTime" : "20150810T132746+0900",
      "duration" : 60.0,
      "distance" : 36.0,
      "steps" : 71,
      "calories" : 2
    } ],
    "lastUpdate" : "20150810T055539Z"
  }, {
    "type" : "move",
    "startTime" : "20150810T132840+0900",
    "endTime" : "20150810T133237+0900",
    "activities" : [ {
      "activity" : "cycling",
      "group" : "cycling",
      "manual" : false,
      "startTime" : "20150810T132840+0900",
      "endTime" : "20150810T133237+0900",
      "duration" : 237.0,
      "distance" : 771.0,
      "calories" : 21
    } ],
    "lastUpdate" : "20150810T055539Z"
  }, {
    "type" : "place",
    "startTime" : "20150810T133237+0900",
    "endTime" : "20150810T135933+0900",
    "activities" : [ {
      "activity" : "walking",
      "group" : "walking",
      "manual" : false,
      "startTime" : "20150810T133247+0900",
      "endTime" : "20150810T133736+0900",
      "duration" : 289.0,
      "distance" : 350.0,
      "steps" : 467,
      "calories" : 21
    } ],
    "lastUpdate" : "20150810T055539Z"
  }, {
    "type" : "move",
    "startTime" : "20150810T135933+0900",
    "endTime" : "20150810T140213+0900",
    "activities" : [ {
      "activity" : "cycling",
      "group" : "cycling",
      "manual" : false,
      "startTime" : "20150810T135933+0900",
      "endTime" : "20150810T140214+0900",
      "duration" : 161.0,
      "distance" : 1356.0,
      "calories" : 35
    } ],
    "lastUpdate" : "20150810T055539Z"
  }, {
    "type" : "place",
    "startTime" : "20150810T140213+0900",
    "endTime" : "20150810T140815+0900",
    "activities" : [ {
      "activity" : "walking",
      "group" : "walking",
      "manual" : false,
      "startTime" : "20150810T140239+0900",
      "endTime" : "20150810T140439+0900",
      "duration" : 120.0,
      "distance" : 130.0,
      "steps" : 174,
      "calories" : 8
    } ],
    "lastUpdate" : "20150810T055539Z"
  }, {
    "type" : "move",
    "startTime" : "20150810T140815+0900",
    "endTime" : "20150810T141618+0900",
    "activities" : [ {
      "activity" : "cycling",
      "group" : "cycling",
      "manual" : false,
      "startTime" : "20150810T140815+0900",
      "endTime" : "20150810T141619+0900",
      "duration" : 484.0,
      "distance" : 2343.0,
      "calories" : 62
    } ],
    "lastUpdate" : "20150810T055539Z"
  }, {
    "type" : "place",
    "startTime" : "20150810T141618+0900",
    "endTime" : "20150811T181458+0900",
    "activities" : [ {
      "activity" : "walking",
      "group" : "walking",
      "manual" : false,
      "startTime" : "20150810T141640+0900",
      "endTime" : "20150810T141740+0900",
      "duration" : 60.0,
      "distance" : 31.0,
      "steps" : 61,
      "calories" : 2
    }, {
      "activity" : "walking",
      "group" : "walking",
      "manual" : false,
      "startTime" : "20150810T174828+0900",
      "endTime" : "20150810T174858+0900",
      "duration" : 30.0,
      "distance" : 15.0,
      "steps" : 31,
      "calories" : 1
    } ],
    "lastUpdate" : "20150812T131417Z"
  } ],
  "caloriesIdle" : 1706,
  "lastUpdate" : "20150812T131417Z"
}, {
  "date" : "20150811",
  "summary" : [ {
    "activity" : "walking",
    "group" : "walking",
    "duration" : 30.0,
    "distance" : 15.0,
    "steps" : 30,
    "calories" : 1
  } ],
  "segments" : [ {
    "type" : "place",
    "startTime" : "20150810T141618+0900",
    "endTime" : "20150811T181458+0900",
    "activities" : [ {
      "activity" : "walking",
      "group" : "walking",
      "manual" : false,
      "startTime" : "20150811T011019+0900",
      "endTime" : "20150811T011049+0900",
      "duration" : 30.0,
      "distance" : 15.0,
      "steps" : 30,
      "calories" : 1
    } ],
    "lastUpdate" : "20150812T131417Z"
  } ],
  "caloriesIdle" : 1706,
  "lastUpdate" : "20150813T104033Z"
}, {
  "date" : "20150812",
  "summary" : null,
  "segments" : null,
  "caloriesIdle" : 1706,
  "lastUpdate" : "20150813T104033Z"
}, {
  "date" : "20150813",
  "summary" : [ {
    "activity" : "cycling",
    "group" : "cycling",
    "duration" : 882.0,
    "distance" : 4017.0,
    "calories" : 106
  }, {
    "activity" : "walking",
    "group" : "walking",
    "duration" : 380.0,
    "distance" : 386.0,
    "steps" : 571,
    "calories" : 23
  } ],
  "segments" : [ {
    "type" : "move",
    "startTime" : "20150813T160436+0900",
    "endTime" : "20150813T160917+0900",
    "activities" : [ {
      "activity" : "cycling",
      "group" : "cycling",
      "manual" : false,
      "startTime" : "20150813T160436+0900",
      "endTime" : "20150813T160917+0900",
      "duration" : 281.0,
      "distance" : 1053.0,
      "calories" : 28
    } ],
    "lastUpdate" : "20150813T104033Z"
  }, {
    "type" : "place",
    "startTime" : "20150813T160917+0900",
    "endTime" : "20150813T161839+0900",
    "activities" : [ {
      "activity" : "walking",
      "group" : "walking",
      "manual" : false,
      "startTime" : "20150813T160917+0900",
      "endTime" : "20150813T161137+0900",
      "duration" : 140.0,
      "distance" : 177.0,
      "steps" : 236,
      "calories" : 10
    } ],
    "lastUpdate" : "20150813T104033Z"
  }, {
    "type" : "move",
    "startTime" : "20150813T161839+0900",
    "endTime" : "20150813T162150+0900",
    "activities" : [ {
      "activity" : "cycling",
      "group" : "cycling",
      "manual" : false,
      "startTime" : "20150813T161839+0900",
      "endTime" : "20150813T162150+0900",
      "duration" : 191.0,
      "distance" : 1147.0,
      "calories" : 30
    } ],
    "lastUpdate" : "20150813T104033Z"
  }, {
    "type" : "place",
    "startTime" : "20150813T162150+0900",
    "endTime" : "20150813T170226+0900",
    "activities" : [ {
      "activity" : "walking",
      "group" : "walking",
      "manual" : false,
      "startTime" : "20150813T162208+0900",
      "endTime" : "20150813T162408+0900",
      "duration" : 120.0,
      "distance" : 122.0,
      "steps" : 163,
      "calories" : 7
    }, {
      "activity" : "walking",
      "group" : "walking",
      "manual" : false,
      "startTime" : "20150813T170141+0900",
      "endTime" : "20150813T170211+0900",
      "duration" : 30.0,
      "distance" : 31.0,
      "steps" : 61,
      "calories" : 2
    } ],
    "lastUpdate" : "20150813T104033Z"
  }, {
    "type" : "move",
    "startTime" : "20150813T170226+0900",
    "endTime" : "20150813T171517+0900",
    "activities" : [ {
      "activity" : "cycling",
      "group" : "cycling",
      "manual" : false,
      "startTime" : "20150813T170226+0900",
      "endTime" : "20150813T170916+0900",
      "duration" : 410.0,
      "distance" : 1817.0,
      "calories" : 48
    } ],
    "lastUpdate" : "20150813T104033Z"
  }, {
    "type" : "place",
    "startTime" : "20150813T171517+0900",
    "endTime" : "20150814T172445+0900",
    "activities" : [ {
      "activity" : "walking",
      "group" : "walking",
      "manual" : false,
      "startTime" : "20150813T171617+0900",
      "endTime" : "20150813T171747+0900",
      "duration" : 90.0,
      "distance" : 56.0,
      "steps" : 111,
      "calories" : 3
    } ],
    "lastUpdate" : "20150815T042524Z"
  } ],
  "caloriesIdle" : 1706,
  "lastUpdate" : "20150815T042524Z"
}, {
  "date" : "20150814",
  "summary" : [ {
    "activity" : "walking",
    "group" : "walking",
    "duration" : 30.0,
    "distance" : 15.0,
    "steps" : 20,
    "calories" : 1
  } ],
  "segments" : [ {
    "type" : "place",
    "startTime" : "20150813T171517+0900",
    "endTime" : "20150814T172445+0900",
    "activities" : [ {
      "activity" : "walking",
      "group" : "walking",
      "manual" : false,
      "startTime" : "20150814T094724+0900",
      "endTime" : "20150814T094754+0900",
      "duration" : 30.0,
      "distance" : 15.0,
      "steps" : 20,
      "calories" : 1
    } ],
    "lastUpdate" : "20150815T042524Z"
  } ],
  "caloriesIdle" : 1706,
  "lastUpdate" : "20150815T042524Z"
}, {
  "date" : "20150815",
  "summary" : [ {
    "activity" : "cycling",
    "group" : "cycling",
    "duration" : 564.0,
    "distance" : 2989.0,
    "calories" : 78
  }, {
    "activity" : "walking",
    "group" : "walking",
    "duration" : 164.0,
    "distance" : 129.0,
    "steps" : 257,
    "calories" : 8
  } ],
  "segments" : [ {
    "type" : "move",
    "startTime" : "20150815T115403+0900",
    "endTime" : "20150815T120212+0900",
    "activities" : [ {
      "activity" : "cycling",
      "group" : "cycling",
      "manual" : false,
      "startTime" : "20150815T115911+0900",
      "endTime" : "20150815T120212+0900",
      "duration" : 181.0,
      "distance" : 1193.0,
      "calories" : 31
    } ],
    "lastUpdate" : "20150815T042524Z"
  }, {
    "type" : "place",
    "startTime" : "20150815T120212+0900",
    "endTime" : "20150815T120539+0900",
    "activities" : [ {
      "activity" : "walking",
      "group" : "walking",
      "manual" : false,
      "startTime" : "20150815T120242+0900",
      "endTime" : "20150815T120342+0900",
      "duration" : 60.0,
      "distance" : 36.0,
      "steps" : 71,
      "calories" : 2
    } ],
    "lastUpdate" : "20150815T042524Z"
  }, {
    "type" : "move",
    "startTime" : "20150815T120539+0900",
    "endTime" : "20150815T121202+0900",
    "activities" : [ {
      "activity" : "cycling",
      "group" : "cycling",
      "manual" : false,
      "startTime" : "20150815T120539+0900",
      "endTime" : "20150815T121202+0900",
      "duration" : 383.0,
      "distance" : 1796.0,
      "calories" : 47
    } ],
    "lastUpdate" : "20150815T042524Z"
  }, {
    "type" : "place",
    "startTime" : "20150815T121202+0900",
    "endTime" : "20150815T121609+0900",
    "activities" : [ {
      "activity" : "walking",
      "group" : "walking",
      "manual" : false,
      "startTime" : "20150815T121202+0900",
      "endTime" : "20150815T121246+0900",
      "duration" : 44.0,
      "distance" : 37.0,
      "steps" : 74,
      "calories" : 2
    } ],
    "lastUpdate" : "20150815T042524Z"
  }, {
    "type" : "place",
    "startTime" : "20150815T121850+0900",
    "endTime" : "20150816T182726+0900",
    "activities" : [ {
      "activity" : "walking",
      "group" : "walking",
      "manual" : false,
      "startTime" : "20150815T121916+0900",
      "endTime" : "20150815T122016+0900",
      "duration" : 60.0,
      "distance" : 56.0,
      "steps" : 112,
      "calories" : 3
    } ],
    "lastUpdate" : "20150816T111805Z"
  } ],
  "caloriesIdle" : 1706,
  "lastUpdate" : "20150816T111805Z"
}, {
  "date" : "20150816",
  "summary" : [ {
    "activity" : "walking",
    "group" : "walking",
    "duration" : 213.0,
    "distance" : 152.0,
    "steps" : 227,
    "calories" : 9
  }, {
    "activity" : "cycling",
    "group" : "cycling",
    "duration" : 228.0,
    "distance" : 1190.0,
    "calories" : 31
  }, {
    "activity" : "transport",
    "group" : "transport",
    "duration" : 392.0,
    "distance" : 1228.0
  } ],
  "segments" : [ {
    "type" : "place",
    "startTime" : "20150815T121850+0900",
    "endTime" : "20150816T182726+0900",
    "activities" : [ {
      "activity" : "walking",
      "group" : "walking",
      "manual" : false,
      "startTime" : "20150816T095140+0900",
      "endTime" : "20150816T095210+0900",
      "duration" : 30.0,
      "distance" : 20.0,
      "steps" : 41,
      "calories" : 1
    }, {
      "activity" : "walking",
      "group" : "walking",
      "manual" : false,
      "startTime" : "20150816T153616+0900",
      "endTime" : "20150816T153646+0900",
      "duration" : 30.0,
      "distance" : 15.0,
      "steps" : 20,
      "calories" : 1
    } ],
    "lastUpdate" : "20150816T111805Z"
  }, {
    "type" : "move",
    "startTime" : "20150816T182726+0900",
    "endTime" : "20150816T183114+0900",
    "activities" : [ {
      "activity" : "cycling",
      "group" : "cycling",
      "manual" : false,
      "startTime" : "20150816T182726+0900",
      "endTime" : "20150816T183114+0900",
      "duration" : 228.0,
      "distance" : 1190.0,
      "calories" : 31
    } ],
    "lastUpdate" : "20150816T111805Z"
  }, {
    "type" : "place",
    "startTime" : "20150816T183114+0900",
    "endTime" : "20150816T233236+0900",
    "activities" : [ {
      "activity" : "walking",
      "group" : "walking",
      "manual" : false,
      "startTime" : "20150816T183414+0900",
      "endTime" : "20150816T183444+0900",
      "duration" : 30.0,
      "distance" : 25.0,
      "steps" : 51,
      "calories" : 1
    }, {
      "activity" : "walking",
      "group" : "walking",
      "manual" : false,
      "startTime" : "20150816T204708+0900",
      "endTime" : "20150816T204711+0900",
      "duration" : 3.0,
      "distance" : 2.0,
      "steps" : 3,
      "calories" : 0
    }, {
      "activity" : "walking",
      "group" : "walking",
      "manual" : false,
      "startTime" : "20150816T231129+0900",
      "endTime" : "20150816T231329+0900",
      "duration" : 120.0,
      "distance" : 90.0,
      "steps" : 112,
      "calories" : 5
    } ],
    "lastUpdate" : "20150816T155521Z"
  }, {
    "type" : "move",
    "startTime" : "20150816T233236+0900",
    "endTime" : "20150816T233907+0900",
    "activities" : [ {
      "activity" : "transport",
      "group" : "transport",
      "manual" : false,
      "startTime" : "20150816T233236+0900",
      "endTime" : "20150816T233908+0900",
      "duration" : 392.0,
      "distance" : 1228.0
    } ],
    "lastUpdate" : "20150816T155521Z"
  } ],
  "caloriesIdle" : 1706,
  "lastUpdate" : "20150817T092711Z"
}, {
  "date" : "20150817",
  "summary" : [ {
    "activity" : "cycling",
    "group" : "cycling",
    "duration" : 2160.0,
    "distance" : 7015.0,
    "calories" : 192
  }, {
    "activity" : "walking",
    "group" : "walking",
    "duration" : 1586.0,
    "distance" : 1489.0,
    "steps" : 2141,
    "calories" : 88
  }, {
    "activity" : "transport",
    "group" : "transport",
    "duration" : 163.0,
    "distance" : 449.0
  } ],
  "segments" : [ {
    "type" : "move",
    "startTime" : "20150817T165214+0900",
    "endTime" : "20150817T165911+0900",
    "activities" : [ {
      "activity" : "cycling",
      "group" : "cycling",
      "manual" : false,
      "startTime" : "20150817T165214+0900",
      "endTime" : "20150817T165911+0900",
      "duration" : 417.0,
      "distance" : 1860.0,
      "calories" : 49
    } ],
    "lastUpdate" : "20150817T092711Z"
  }, {
    "type" : "place",
    "startTime" : "20150817T165911+0900",
    "endTime" : "20150817T173605+0900",
    "activities" : [ {
      "activity" : "walking",
      "group" : "walking",
      "manual" : false,
      "startTime" : "20150817T170216+0900",
      "endTime" : "20150817T170339+0900",
      "duration" : 83.0,
      "distance" : 70.0,
      "steps" : 141,
      "calories" : 4
    } ],
    "lastUpdate" : "20150817T133809Z"
  }, {
    "type" : "move",
    "startTime" : "20150817T173605+0900",
    "endTime" : "20150817T174002+0900",
    "activities" : [ {
      "activity" : "cycling",
      "group" : "cycling",
      "manual" : false,
      "startTime" : "20150817T173605+0900",
      "endTime" : "20150817T174001+0900",
      "duration" : 236.0,
      "distance" : 465.0,
      "calories" : 14
    } ],
    "lastUpdate" : "20150817T133809Z"
  }, {
    "type" : "place",
    "startTime" : "20150817T174002+0900",
    "endTime" : "20150817T174517+0900",
    "activities" : [ {
      "activity" : "walking",
      "group" : "walking",
      "manual" : false,
      "startTime" : "20150817T174349+0900",
      "endTime" : "20150817T174419+0900",
      "duration" : 30.0,
      "distance" : 31.0,
      "steps" : 61,
      "calories" : 2
    } ],
    "lastUpdate" : "20150817T133809Z"
  }, {
    "type" : "move",
    "startTime" : "20150817T174517+0900",
    "endTime" : "20150817T174905+0900",
    "activities" : [ {
      "activity" : "cycling",
      "group" : "cycling",
      "manual" : false,
      "startTime" : "20150817T174517+0900",
      "endTime" : "20150817T174905+0900",
      "duration" : 228.0,
      "distance" : 1086.0,
      "calories" : 29
    } ],
    "lastUpdate" : "20150817T133809Z"
  }, {
    "type" : "place",
    "startTime" : "20150817T174905+0900",
    "endTime" : "20150817T182015+0900",
    "activities" : [ {
      "activity" : "walking",
      "group" : "walking",
      "manual" : false,
      "startTime" : "20150817T175119+0900",
      "endTime" : "20150817T175448+0900",
      "duration" : 209.0,
      "distance" : 181.0,
      "steps" : 241,
      "calories" : 11
    }, {
      "activity" : "walking",
      "group" : "walking",
      "manual" : false,
      "startTime" : "20150817T180000+0900",
      "endTime" : "20150817T181532+0900",
      "duration" : 932.0,
      "distance" : 904.0,
      "steps" : 1205,
      "calories" : 54
    } ],
    "lastUpdate" : "20150817T133809Z"
  }, {
    "type" : "move",
    "startTime" : "20150817T182015+0900",
    "endTime" : "20150817T184134+0900",
    "activities" : [ {
      "activity" : "cycling",
      "group" : "cycling",
      "manual" : false,
      "startTime" : "20150817T182015+0900",
      "endTime" : "20150817T184134+0900",
      "duration" : 1279.0,
      "distance" : 3604.0,
      "calories" : 100
    } ],
    "lastUpdate" : "20150817T133809Z"
  }, {
    "type" : "place",
    "startTime" : "20150817T184134+0900",
    "endTime" : "20150817T194405+0900",
    "activities" : [ {
      "activity" : "walking",
      "group" : "walking",
      "manual" : false,
      "startTime" : "20150817T184134+0900",
      "endTime" : "20150817T184304+0900",
      "duration" : 90.0,
      "distance" : 61.0,
      "steps" : 122,
      "calories" : 4
    }, {
      "activity" : "walking",
      "group" : "walking",
      "manual" : false,
      "startTime" : "20150817T194256+0900",
      "endTime" : "20150817T194458+0900",
      "duration" : 122.0,
      "distance" : 171.0,
      "steps" : 228,
      "calories" : 10
    } ],
    "lastUpdate" : "20150817T133811Z"
  }, {
    "type" : "move",
    "startTime" : "20150817T194405+0900",
    "endTime" : "20150817T194648+0900",
    "activities" : [ {
      "activity" : "transport",
      "group" : "transport",
      "manual" : false,
      "startTime" : "20150817T194405+0900",
      "endTime" : "20150817T194648+0900",
      "duration" : 163.0,
      "distance" : 449.0
    } ],
    "lastUpdate" : "20150817T133811Z"
  }, {
    "type" : "place",
    "startTime" : "20150817T194648+0900",
    "endTime" : "20150818T123849+0900",
    "activities" : [ {
      "activity" : "walking",
      "group" : "walking",
      "manual" : false,
      "startTime" : "20150817T194957+0900",
      "endTime" : "20150817T195127+0900",
      "duration" : 90.0,
      "distance" : 56.0,
      "steps" : 112,
      "calories" : 3
    }, {
      "activity" : "walking",
      "group" : "walking",
      "manual" : false,
      "startTime" : "20150817T213151+0900",
      "endTime" : "20150817T213221+0900",
      "duration" : 30.0,
      "distance" : 15.0,
      "steps" : 31,
      "calories" : 1
    } ],
    "lastUpdate" : "20150818T051054Z"
  } ],
  "caloriesIdle" : 1706,
  "lastUpdate" : "20150818T051054Z"
}, {
  "date" : "20150818",
  "summary" : [ {
    "activity" : "transport",
    "group" : "transport",
    "duration" : 698.0,
    "distance" : 1022.0
  }, {
    "activity" : "walking",
    "group" : "walking",
    "duration" : 586.0,
    "distance" : 476.0,
    "steps" : 850,
    "calories" : 28
  }, {
    "activity" : "cycling",
    "group" : "cycling",
    "duration" : 647.0,
    "distance" : 1761.0,
    "calories" : 49
  } ],
  "segments" : [ {
    "type" : "move",
    "startTime" : "20150818T123849+0900",
    "endTime" : "20150818T124518+0900",
    "activities" : [ {
      "activity" : "transport",
      "group" : "transport",
      "manual" : false,
      "startTime" : "20150818T123849+0900",
      "endTime" : "20150818T124519+0900",
      "duration" : 390.0,
      "distance" : 662.0
    } ],
    "lastUpdate" : "20150818T051054Z"
  }, {
    "type" : "place",
    "startTime" : "20150818T124519+0900",
    "endTime" : "20150818T130516+0900",
    "activities" : [ {
      "activity" : "walking",
      "group" : "walking",
      "manual" : false,
      "startTime" : "20150818T130130+0900",
      "endTime" : "20150818T130310+0900",
      "duration" : 100.0,
      "distance" : 92.0,
      "steps" : 184,
      "calories" : 5
    } ],
    "lastUpdate" : "20150818T051054Z"
  }, {
    "type" : "place",
    "startTime" : "20150818T130517+0900",
    "endTime" : "20150818T143150+0900",
    "activities" : [ {
      "activity" : "walking",
      "group" : "walking",
      "manual" : false,
      "startTime" : "20150818T130517+0900",
      "endTime" : "20150818T130630+0900",
      "duration" : 73.0,
      "distance" : 37.0,
      "steps" : 64,
      "calories" : 2
    }, {
      "activity" : "walking",
      "group" : "walking",
      "manual" : false,
      "startTime" : "20150818T142956+0900",
      "endTime" : "20150818T143056+0900",
      "duration" : 60.0,
      "distance" : 51.0,
      "steps" : 102,
      "calories" : 3
    } ],
    "lastUpdate" : "20150818T081737Z"
  }, {
    "type" : "move",
    "startTime" : "20150818T143150+0900",
    "endTime" : "20150818T143829+0900",
    "activities" : [ {
      "activity" : "cycling",
      "group" : "cycling",
      "manual" : false,
      "startTime" : "20150818T143150+0900",
      "endTime" : "20150818T143830+0900",
      "duration" : 400.0,
      "distance" : 1569.0,
      "calories" : 42
    } ],
    "lastUpdate" : "20150818T081737Z"
  }, {
    "type" : "place",
    "startTime" : "20150818T143830+0900",
    "endTime" : "20150818T163629+0900",
    "activities" : [ {
      "activity" : "walking",
      "group" : "walking",
      "manual" : false,
      "startTime" : "20150818T143857+0900",
      "endTime" : "20150818T144027+0900",
      "duration" : 90.0,
      "distance" : 56.0,
      "steps" : 111,
      "calories" : 3
    }, {
      "activity" : "walking",
      "group" : "walking",
      "manual" : false,
      "startTime" : "20150818T151651+0900",
      "endTime" : "20150818T151821+0900",
      "duration" : 90.0,
      "distance" : 76.0,
      "steps" : 153,
      "calories" : 5
    }, {
      "activity" : "walking",
      "group" : "walking",
      "manual" : false,
      "startTime" : "20150818T162315+0900",
      "endTime" : "20150818T162345+0900",
      "duration" : 30.0,
      "distance" : 25.0,
      "steps" : 51,
      "calories" : 1
    } ],
    "lastUpdate" : "20150818T081737Z"
  }, {
    "type" : "move",
    "startTime" : "20150818T163629+0900",
    "endTime" : "20150818T164543+0900",
    "activities" : [ {
      "activity" : "transport",
      "group" : "transport",
      "manual" : false,
      "startTime" : "20150818T163629+0900",
      "endTime" : "20150818T164137+0900",
      "duration" : 308.0,
      "distance" : 360.0
    }, {
      "activity" : "cycling",
      "group" : "cycling",
      "manual" : false,
      "startTime" : "20150818T164136+0900",
      "endTime" : "20150818T164543+0900",
      "duration" : 247.0,
      "distance" : 192.0,
      "calories" : 7
    } ],
    "lastUpdate" : "20150818T081737Z"
  }, {
    "type" : "place",
    "startTime" : "20150818T164544+0900",
    "endTime" : "20150819T213657+0900",
    "activities" : [ {
      "activity" : "walking",
      "group" : "walking",
      "manual" : false,
      "startTime" : "20150818T164544+0900",
      "endTime" : "20150818T164807+0900",
      "duration" : 143.0,
      "distance" : 139.0,
      "steps" : 185,
      "calories" : 8
    } ],
    "lastUpdate" : "20150821T084312Z"
  } ],
  "caloriesIdle" : 1706,
  "lastUpdate" : "20150821T084312Z"
}, {
  "date" : "20150819",
  "summary" : null,
  "segments" : null,
  "caloriesIdle" : 1706,
  "lastUpdate" : "20150821T084312Z"
}, {
  "date" : "20150820",
  "summary" : [ {
    "activity" : "walking",
    "group" : "walking",
    "duration" : 30.0,
    "distance" : 15.0,
    "steps" : 20,
    "calories" : 1
  } ],
  "segments" : [ {
    "type" : "place",
    "startTime" : "20150819T213657+0900",
    "endTime" : "20150821T022811+0900",
    "activities" : [ {
      "activity" : "walking",
      "group" : "walking",
      "manual" : false,
      "startTime" : "20150820T152518+0900",
      "endTime" : "20150820T152548+0900",
      "duration" : 30.0,
      "distance" : 15.0,
      "steps" : 20,
      "calories" : 1
    } ],
    "lastUpdate" : "20150821T084312Z"
  } ],
  "caloriesIdle" : 1706,
  "lastUpdate" : "20150821T084312Z"
}, {
  "date" : "20150821",
  "summary" : [ {
    "activity" : "walking",
    "group" : "walking",
    "duration" : 2559.0,
    "distance" : 2518.0,
    "steps" : 3496,
    "calories" : 149
  }, {
    "activity" : "cycling",
    "group" : "cycling",
    "duration" : 736.0,
    "distance" : 1843.0,
    "calories" : 52
  }, {
    "activity" : "transport",
    "group" : "transport",
    "duration" : 979.0,
    "distance" : 1505.0
  } ],
  "segments" : [ {
    "type" : "place",
    "startTime" : "20150821T083421+0900",
    "endTime" : "20150821T145127+0900",
    "activities" : [ {
      "activity" : "walking",
      "group" : "walking",
      "manual" : false,
      "startTime" : "20150821T145008+0900",
      "endTime" : "20150821T145038+0900",
      "duration" : 30.0,
      "distance" : 31.0,
      "steps" : 61,
      "calories" : 2
    } ],
    "lastUpdate" : "20150821T084312Z"
  }, {
    "type" : "place",
    "startTime" : "20150821T145128+0900",
    "endTime" : "20150821T150439+0900",
    "activities" : [ {
      "activity" : "walking",
      "group" : "walking",
      "manual" : false,
      "startTime" : "20150821T150009+0900",
      "endTime" : "20150821T150109+0900",
      "duration" : 60.0,
      "distance" : 35.0,
      "steps" : 71,
      "calories" : 2
    } ],
    "lastUpdate" : "20150821T084312Z"
  }, {
    "type" : "move",
    "startTime" : "20150821T150439+0900",
    "endTime" : "20150821T151709+0900",
    "activities" : [ {
      "activity" : "cycling",
      "group" : "cycling",
      "manual" : false,
      "startTime" : "20150821T150439+0900",
      "endTime" : "20150821T151310+0900",
      "duration" : 511.0,
      "distance" : 1559.0,
      "calories" : 43
    }, {
      "activity" : "transport",
      "group" : "transport",
      "manual" : false,
      "startTime" : "20150821T151310+0900",
      "endTime" : "20150821T151709+0900",
      "duration" : 239.0,
      "distance" : 640.0
    } ],
    "lastUpdate" : "20150821T084312Z"
  }, {
    "type" : "move",
    "startTime" : "20150821T151710+0900",
    "endTime" : "20150821T152054+0900",
    "activities" : [ {
      "activity" : "cycling",
      "group" : "cycling",
      "manual" : false,
      "startTime" : "20150821T151710+0900",
      "endTime" : "20150821T152055+0900",
      "duration" : 225.0,
      "distance" : 284.0,
      "calories" : 9
    } ],
    "lastUpdate" : "20150821T114632Z"
  }, {
    "type" : "place",
    "startTime" : "20150821T152054+0900",
    "endTime" : "20150821T180803+0900",
    "activities" : [ {
      "activity" : "walking",
      "group" : "walking",
      "manual" : false,
      "startTime" : "20150821T152141+0900",
      "endTime" : "20150821T152642+0900",
      "duration" : 301.0,
      "distance" : 291.0,
      "steps" : 389,
      "calories" : 17
    }, {
      "activity" : "walking",
      "group" : "walking",
      "manual" : false,
      "startTime" : "20150821T162225+0900",
      "endTime" : "20150821T162255+0900",
      "duration" : 30.0,
      "distance" : 15.0,
      "steps" : 31,
      "calories" : 1
    }, {
      "activity" : "walking",
      "group" : "walking",
      "manual" : false,
      "startTime" : "20150821T173953+0900",
      "endTime" : "20150821T174023+0900",
      "duration" : 30.0,
      "distance" : 15.0,
      "steps" : 30,
      "calories" : 1
    } ],
    "lastUpdate" : "20150821T114632Z"
  }, {
    "type" : "move",
    "startTime" : "20150821T180803+0900",
    "endTime" : "20150821T183117+0900",
    "activities" : [ {
      "activity" : "transport",
      "group" : "transport",
      "manual" : false,
      "startTime" : "20150821T180803+0900",
      "endTime" : "20150821T182023+0900",
      "duration" : 740.0,
      "distance" : 865.0
    }, {
      "activity" : "walking",
      "group" : "walking",
      "manual" : false,
      "startTime" : "20150821T182023+0900",
      "endTime" : "20150821T183118+0900",
      "duration" : 655.0,
      "distance" : 634.0,
      "steps" : 869,
      "calories" : 38
    } ],
    "lastUpdate" : "20150821T114632Z"
  }, {
    "type" : "move",
    "startTime" : "20150821T200529+0900",
    "endTime" : "20150821T202455+0900",
    "activities" : [ {
      "activity" : "walking",
      "group" : "walking",
      "manual" : false,
      "startTime" : "20150821T200529+0900",
      "endTime" : "20150821T202455+0900",
      "duration" : 1166.0,
      "distance" : 1261.0,
      "steps" : 1665,
      "calories" : 75
    } ],
    "lastUpdate" : "20150821T145309Z"
  }, {
    "type" : "move",
    "startTime" : "20150821T202455+0900",
    "endTime" : "20150821T202812+0900",
    "activities" : [ {
      "activity" : "walking",
      "group" : "walking",
      "manual" : false,
      "startTime" : "20150821T202455+0900",
      "endTime" : "20150821T202812+0900",
      "duration" : 197.0,
      "distance" : 185.0,
      "steps" : 279,
      "calories" : 11
    } ],
    "lastUpdate" : "20150821T145310Z"
  }, {
    "type" : "place",
    "startTime" : "20150821T202812+0900",
    "endTime" : "20150821T225043+0900",
    "activities" : [ {
      "activity" : "walking",
      "group" : "walking",
      "manual" : false,
      "startTime" : "20150821T224701+0900",
      "endTime" : "20150821T224731+0900",
      "duration" : 30.0,
      "distance" : 15.0,
      "steps" : 30,
      "calories" : 1
    } ],
    "lastUpdate" : "20150821T145310Z"
  }, {
    "type" : "place",
    "startTime" : "20150821T225250+0900",
    "endTime" : "20150822T023642+0900",
    "activities" : [ {
      "activity" : "walking",
      "group" : "walking",
      "manual" : false,
      "startTime" : "20150821T225331+0900",
      "endTime" : "20150821T225431+0900",
      "duration" : 60.0,
      "distance" : 36.0,
      "steps" : 71,
      "calories" : 2
    } ],
    "lastUpdate" : "20150823T023417Z"
  } ],
  "caloriesIdle" : 1706,
  "lastUpdate" : "20150823T023417Z"
}, {
  "date" : "20150822",
  "summary" : [ {
    "activity" : "walking",
    "group" : "walking",
    "duration" : 30.0,
    "distance" : 31.0,
    "steps" : 61,
    "calories" : 2
  }, {
    "activity" : "transport",
    "group" : "transport",
    "duration" : 530.0,
    "distance" : 811.0
  } ],
  "segments" : [ {
    "type" : "place",
    "startTime" : "20150821T225250+0900",
    "endTime" : "20150822T023642+0900",
    "activities" : [ {
      "activity" : "walking",
      "group" : "walking",
      "manual" : false,
      "startTime" : "20150822T023534+0900",
      "endTime" : "20150822T023604+0900",
      "duration" : 30.0,
      "distance" : 31.0,
      "steps" : 61,
      "calories" : 2
    } ],
    "lastUpdate" : "20150823T023417Z"
  }, {
    "type" : "move",
    "startTime" : "20150822T023642+0900",
    "endTime" : "20150822T024531+0900",
    "activities" : [ {
      "activity" : "transport",
      "group" : "transport",
      "manual" : false,
      "startTime" : "20150822T023642+0900",
      "endTime" : "20150822T024532+0900",
      "duration" : 530.0,
      "distance" : 811.0
    } ],
    "lastUpdate" : "20150823T023417Z"
  } ],
  "caloriesIdle" : 1706,
  "lastUpdate" : "20150823T023417Z"
}, {
  "date" : "20150823",
  "summary" : null,
  "segments" : null,
  "caloriesIdle" : 1706,
  "lastUpdate" : "20150824T013316Z"
}, {
  "date" : "20150824",
  "summary" : [ {
    "activity" : "walking",
    "group" : "walking",
    "duration" : 1056.0,
    "distance" : 1079.0,
    "steps" : 1693,
    "calories" : 64
  }, {
    "activity" : "cycling",
    "group" : "cycling",
    "duration" : 635.0,
    "distance" : 2732.0,
    "calories" : 73
  }, {
    "activity" : "transport",
    "group" : "transport",
    "duration" : 696.0,
    "distance" : 974.0
  } ],
  "segments" : [ {
    "type" : "place",
    "startTime" : "20150823T160110+0900",
    "endTime" : "20150824T084132+0900",
    "activities" : [ {
      "activity" : "walking",
      "group" : "walking",
      "manual" : false,
      "startTime" : "20150824T083924+0900",
      "endTime" : "20150824T083954+0900",
      "duration" : 30.0,
      "distance" : 25.0,
      "steps" : 51,
      "calories" : 1
    } ],
    "lastUpdate" : "20150824T013316Z"
  }, {
    "type" : "move",
    "startTime" : "20150824T084132+0900",
    "endTime" : "20150824T084455+0900",
    "activities" : [ {
      "activity" : "cycling",
      "group" : "cycling",
      "manual" : false,
      "startTime" : "20150824T084132+0900",
      "endTime" : "20150824T084455+0900",
      "duration" : 203.0,
      "distance" : 1011.0,
      "calories" : 27
    } ],
    "lastUpdate" : "20150824T013316Z"
  }, {
    "type" : "place",
    "startTime" : "20150824T084455+0900",
    "endTime" : "20150824T114329+0900",
    "activities" : [ {
      "activity" : "walking",
      "group" : "walking",
      "manual" : false,
      "startTime" : "20150824T084525+0900",
      "endTime" : "20150824T084725+0900",
      "duration" : 120.0,
      "distance" : 81.0,
      "steps" : 163,
      "calories" : 5
    }, {
      "activity" : "walking",
      "group" : "walking",
      "manual" : false,
      "startTime" : "20150824T102029+0900",
      "endTime" : "20150824T102129+0900",
      "duration" : 60.0,
      "distance" : 61.0,
      "steps" : 122,
      "calories" : 4
    }, {
      "activity" : "walking",
      "group" : "walking",
      "manual" : false,
      "startTime" : "20150824T114111+0900",
      "endTime" : "20150824T114518+0900",
      "duration" : 247.0,
      "distance" : 315.0,
      "steps" : 420,
      "calories" : 19
    } ],
    "lastUpdate" : "20150824T074334Z"
  }, {
    "type" : "move",
    "startTime" : "20150824T114329+0900",
    "endTime" : "20150824T115028+0900",
    "activities" : [ {
      "activity" : "cycling",
      "group" : "cycling",
      "manual" : false,
      "startTime" : "20150824T114329+0900",
      "endTime" : "20150824T114601+0900",
      "duration" : 152.0,
      "distance" : 697.0,
      "calories" : 18
    } ],
    "lastUpdate" : "20150824T074334Z"
  }, {
    "type" : "place",
    "startTime" : "20150824T115028+0900",
    "endTime" : "20150824T131550+0900",
    "activities" : [ {
      "activity" : "walking",
      "group" : "walking",
      "manual" : false,
      "startTime" : "20150824T115232+0900",
      "endTime" : "20150824T115302+0900",
      "duration" : 30.0,
      "distance" : 15.0,
      "steps" : 31,
      "calories" : 1
    }, {
      "activity" : "walking",
      "group" : "walking",
      "manual" : false,
      "startTime" : "20150824T131523+0900",
      "endTime" : "20150824T131707+0900",
      "duration" : 104.0,
      "distance" : 106.0,
      "steps" : 212,
      "calories" : 6
    } ],
    "lastUpdate" : "20150824T074334Z"
  }, {
    "type" : "move",
    "startTime" : "20150824T131550+0900",
    "endTime" : "20150824T132030+0900",
    "activities" : [ {
      "activity" : "cycling",
      "group" : "cycling",
      "manual" : false,
      "startTime" : "20150824T131550+0900",
      "endTime" : "20150824T132030+0900",
      "duration" : 280.0,
      "distance" : 1024.0,
      "calories" : 28
    } ],
    "lastUpdate" : "20150824T074334Z"
  }, {
    "type" : "place",
    "startTime" : "20150824T132030+0900",
    "endTime" : "20150824T170624+0900",
    "activities" : [ {
      "activity" : "walking",
      "group" : "walking",
      "manual" : false,
      "startTime" : "20150824T132030+0900",
      "endTime" : "20150824T132224+0900",
      "duration" : 114.0,
      "distance" : 63.0,
      "steps" : 126,
      "calories" : 4
    }, {
      "activity" : "walking",
      "group" : "walking",
      "manual" : false,
      "startTime" : "20150824T142616+0900",
      "endTime" : "20150824T142817+0900",
      "duration" : 121.0,
      "distance" : 124.0,
      "steps" : 165,
      "calories" : 7
    }, {
      "activity" : "walking",
      "group" : "walking",
      "manual" : false,
      "startTime" : "20150824T165321+0900",
      "endTime" : "20150824T165641+0900",
      "duration" : 200.0,
      "distance" : 264.0,
      "steps" : 352,
      "calories" : 16
    } ],
    "lastUpdate" : "20150825T004808Z"
  }, {
    "type" : "move",
    "startTime" : "20150824T170624+0900",
    "endTime" : "20150824T171800+0900",
    "activities" : [ {
      "activity" : "transport",
      "group" : "transport",
      "manual" : false,
      "startTime" : "20150824T170624+0900",
      "endTime" : "20150824T171800+0900",
      "duration" : 696.0,
      "distance" : 974.0
    } ],
    "lastUpdate" : "20150825T004808Z"
  }, {
    "type" : "place",
    "startTime" : "20150824T171800+0900",
    "endTime" : "20150825T094641+0900",
    "activities" : [ {
      "activity" : "walking",
      "group" : "walking",
      "manual" : false,
      "startTime" : "20150824T171904+0900",
      "endTime" : "20150824T171934+0900",
      "duration" : 30.0,
      "distance" : 25.0,
      "steps" : 51,
      "calories" : 1
    } ],
    "lastUpdate" : "20150825T021920Z"
  } ],
  "caloriesIdle" : 1706,
  "lastUpdate" : "20150825T021920Z"
}, {
  "date" : "20150825",
  "summary" : [ {
    "activity" : "transport",
    "group" : "transport",
    "duration" : 208.0,
    "distance" : 906.0
  }, {
    "activity" : "walking",
    "group" : "walking",
    "duration" : 1205.0,
    "distance" : 1276.0,
    "steps" : 1818,
    "calories" : 76
  }, {
    "activity" : "cycling",
    "group" : "cycling",
    "duration" : 696.0,
    "distance" : 2798.0,
    "calories" : 75
  } ],
  "segments" : [ {
    "type" : "move",
    "startTime" : "20150825T094641+0900",
    "endTime" : "20150825T095009+0900",
    "activities" : [ {
      "activity" : "transport",
      "group" : "transport",
      "manual" : false,
      "startTime" : "20150825T094641+0900",
      "endTime" : "20150825T095009+0900",
      "duration" : 208.0,
      "distance" : 906.0
    } ],
    "lastUpdate" : "20150825T021920Z"
  }, {
    "type" : "place",
    "startTime" : "20150825T095009+0900",
    "endTime" : "20150825T124736+0900",
    "activities" : [ {
      "activity" : "walking",
      "group" : "walking",
      "manual" : false,
      "startTime" : "20150825T095009+0900",
      "endTime" : "20150825T095122+0900",
      "duration" : 73.0,
      "distance" : 56.0,
      "steps" : 111,
      "calories" : 3
    }, {
      "activity" : "walking",
      "group" : "walking",
      "manual" : false,
      "startTime" : "20150825T112446+0900",
      "endTime" : "20150825T112717+0900",
      "duration" : 151.0,
      "distance" : 115.0,
      "steps" : 153,
      "calories" : 7
    }, {
      "activity" : "walking",
      "group" : "walking",
      "manual" : false,
      "startTime" : "20150825T121319+0900",
      "endTime" : "20150825T121807+0900",
      "duration" : 288.0,
      "distance" : 360.0,
      "steps" : 480,
      "calories" : 21
    } ],
    "lastUpdate" : "20150825T062911Z"
  }, {
    "type" : "move",
    "startTime" : "20150825T124736+0900",
    "endTime" : "20150825T125129+0900",
    "activities" : [ {
      "activity" : "cycling",
      "group" : "cycling",
      "manual" : false,
      "startTime" : "20150825T124736+0900",
      "endTime" : "20150825T125129+0900",
      "duration" : 233.0,
      "distance" : 901.0,
      "calories" : 24
    } ],
    "lastUpdate" : "20150825T062911Z"
  }, {
    "type" : "place",
    "startTime" : "20150825T125129+0900",
    "endTime" : "20150825T131906+0900",
    "activities" : [ {
      "activity" : "walking",
      "group" : "walking",
      "manual" : false,
      "startTime" : "20150825T125220+0900",
      "endTime" : "20150825T125250+0900",
      "duration" : 30.0,
      "distance" : 15.0,
      "steps" : 30,
      "calories" : 1
    }, {
      "activity" : "walking",
      "group" : "walking",
      "manual" : false,
      "startTime" : "20150825T131812+0900",
      "endTime" : "20150825T131842+0900",
      "duration" : 30.0,
      "distance" : 31.0,
      "steps" : 61,
      "calories" : 2
    } ],
    "lastUpdate" : "20150825T062911Z"
  }, {
    "type" : "move",
    "startTime" : "20150825T131906+0900",
    "endTime" : "20150825T132209+0900",
    "activities" : [ {
      "activity" : "cycling",
      "group" : "cycling",
      "manual" : false,
      "startTime" : "20150825T131906+0900",
      "endTime" : "20150825T132209+0900",
      "duration" : 183.0,
      "distance" : 852.0,
      "calories" : 23
    } ],
    "lastUpdate" : "20150825T062911Z"
  }, {
    "type" : "place",
    "startTime" : "20150825T132209+0900",
    "endTime" : "20150825T173046+0900",
    "activities" : [ {
      "activity" : "walking",
      "group" : "walking",
      "manual" : false,
      "startTime" : "20150825T132213+0900",
      "endTime" : "20150825T132543+0900",
      "duration" : 210.0,
      "distance" : 199.0,
      "steps" : 265,
      "calories" : 12
    }, {
      "activity" : "walking",
      "group" : "walking",
      "manual" : false,
      "startTime" : "20150825T152441+0900",
      "endTime" : "20150825T152611+0900",
      "duration" : 90.0,
      "distance" : 76.0,
      "steps" : 153,
      "calories" : 5
    }, {
      "activity" : "walking",
      "group" : "walking",
      "manual" : false,
      "startTime" : "20150825T172956+0900",
      "endTime" : "20150825T173529+0900",
      "duration" : 333.0,
      "distance" : 424.0,
      "steps" : 565,
      "calories" : 25
    } ],
    "lastUpdate" : "20150825T100249Z"
  }, {
    "type" : "move",
    "startTime" : "20150825T173046+0900",
    "endTime" : "20150825T173527+0900",
    "activities" : [ {
      "activity" : "cycling",
      "group" : "cycling",
      "manual" : false,
      "startTime" : "20150825T173046+0900",
      "endTime" : "20150825T173526+0900",
      "duration" : 280.0,
      "distance" : 1045.0,
      "calories" : 28
    } ],
    "lastUpdate" : "20150825T100249Z"
  } ],
  "caloriesIdle" : 1706,
  "lastUpdate" : "20150826T013115Z"
}, {
  "date" : "20150826",
  "summary" : [ {
    "activity" : "walking",
    "group" : "walking",
    "duration" : 641.0,
    "distance" : 537.0,
    "steps" : 912,
    "calories" : 32
  }, {
    "activity" : "cycling",
    "group" : "cycling",
    "duration" : 846.0,
    "distance" : 2369.0,
    "calories" : 66
  } ],
  "segments" : [ {
    "type" : "place",
    "startTime" : "20150825T173527+0900",
    "endTime" : "20150826T085205+0900",
    "activities" : [ {
      "activity" : "walking",
      "group" : "walking",
      "manual" : false,
      "startTime" : "20150826T085013+0900",
      "endTime" : "20150826T085113+0900",
      "duration" : 60.0,
      "distance" : 30.0,
      "steps" : 50,
      "calories" : 2
    } ],
    "lastUpdate" : "20150826T013115Z"
  }, {
    "type" : "move",
    "startTime" : "20150826T085205+0900",
    "endTime" : "20150826T085514+0900",
    "activities" : [ {
      "activity" : "cycling",
      "group" : "cycling",
      "manual" : false,
      "startTime" : "20150826T085205+0900",
      "endTime" : "20150826T085514+0900",
      "duration" : 189.0,
      "distance" : 903.0,
      "calories" : 24
    } ],
    "lastUpdate" : "20150826T013115Z"
  }, {
    "type" : "place",
    "startTime" : "20150826T085514+0900",
    "endTime" : "20150826T115250+0900",
    "activities" : [ {
      "activity" : "walking",
      "group" : "walking",
      "manual" : false,
      "startTime" : "20150826T085543+0900",
      "endTime" : "20150826T085643+0900",
      "duration" : 60.0,
      "distance" : 51.0,
      "steps" : 102,
      "calories" : 3
    }, {
      "activity" : "walking",
      "group" : "walking",
      "manual" : false,
      "startTime" : "20150826T115142+0900",
      "endTime" : "20150826T115242+0900",
      "duration" : 60.0,
      "distance" : 51.0,
      "steps" : 102,
      "calories" : 3
    } ],
    "lastUpdate" : "20150826T060929Z"
  }, {
    "type" : "move",
    "startTime" : "20150826T115250+0900",
    "endTime" : "20150826T115600+0900",
    "activities" : [ {
      "activity" : "cycling",
      "group" : "cycling",
      "manual" : false,
      "startTime" : "20150826T115250+0900",
      "endTime" : "20150826T115601+0900",
      "duration" : 191.0,
      "distance" : 444.0,
      "calories" : 13
    } ],
    "lastUpdate" : "20150826T060929Z"
  }, {
    "type" : "place",
    "startTime" : "20150826T115601+0900",
    "endTime" : "20150826T125011+0900",
    "activities" : [ {
      "activity" : "walking",
      "group" : "walking",
      "manual" : false,
      "startTime" : "20150826T115743+0900",
      "endTime" : "20150826T115813+0900",
      "duration" : 30.0,
      "distance" : 20.0,
      "steps" : 41,
      "calories" : 1
    } ],
    "lastUpdate" : "20150826T060929Z"
  }, {
    "type" : "move",
    "startTime" : "20150826T125011+0900",
    "endTime" : "20150826T125839+0900",
    "activities" : [ {
      "activity" : "cycling",
      "group" : "cycling",
      "manual" : false,
      "startTime" : "20150826T125011+0900",
      "endTime" : "20150826T125429+0900",
      "duration" : 258.0,
      "distance" : 235.0,
      "calories" : 8
    }, {
      "activity" : "walking",
      "group" : "walking",
      "manual" : false,
      "startTime" : "20150826T125429+0900",
      "endTime" : "20150826T125840+0900",
      "duration" : 251.0,
      "distance" : 252.0,
      "steps" : 351,
      "calories" : 15
    } ],
    "lastUpdate" : "20150826T060929Z"
  }, {
    "type" : "place",
    "startTime" : "20150826T125840+0900",
    "endTime" : "20150826T171434+0900",
    "activities" : [ {
      "activity" : "walking",
      "group" : "walking",
      "manual" : false,
      "startTime" : "20150826T152447+0900",
      "endTime" : "20150826T152617+0900",
      "duration" : 90.0,
      "distance" : 56.0,
      "steps" : 113,
      "calories" : 3
    }, {
      "activity" : "walking",
      "group" : "walking",
      "manual" : false,
      "startTime" : "20150826T171301+0900",
      "endTime" : "20150826T171401+0900",
      "duration" : 60.0,
      "distance" : 46.0,
      "steps" : 92,
      "calories" : 3
    } ],
    "lastUpdate" : "20150827T074849Z"
  }, {
    "type" : "move",
    "startTime" : "20150826T171434+0900",
    "endTime" : "20150826T171802+0900",
    "activities" : [ {
      "activity" : "cycling",
      "group" : "cycling",
      "manual" : false,
      "startTime" : "20150826T171434+0900",
      "endTime" : "20150826T171802+0900",
      "duration" : 208.0,
      "distance" : 787.0,
      "calories" : 21
    } ],
    "lastUpdate" : "20150827T074849Z"
  }, {
    "type" : "place",
    "startTime" : "20150826T171802+0900",
    "endTime" : "20150826T172310+0900",
    "activities" : [ {
      "activity" : "walking",
      "group" : "walking",
      "manual" : false,
      "startTime" : "20150826T172101+0900",
      "endTime" : "20150826T172131+0900",
      "duration" : 30.0,
      "distance" : 31.0,
      "steps" : 61,
      "calories" : 2
    } ],
    "lastUpdate" : "20150827T074853Z"
  } ],
  "caloriesIdle" : 1706,
  "lastUpdate" : "20150827T074853Z"
}, {
  "date" : "20150827",
  "summary" : [ {
    "activity" : "cycling",
    "group" : "cycling",
    "duration" : 1500.0,
    "distance" : 5531.0,
    "calories" : 149
  }, {
    "activity" : "walking",
    "group" : "walking",
    "duration" : 1152.0,
    "distance" : 1185.0,
    "steps" : 1524,
    "calories" : 70
  } ],
  "segments" : [ {
    "type" : "move",
    "startTime" : "20150827T151518+0900",
    "endTime" : "20150827T151758+0900",
    "activities" : [ {
      "activity" : "cycling",
      "group" : "cycling",
      "manual" : false,
      "startTime" : "20150827T151518+0900",
      "endTime" : "20150827T151758+0900",
      "duration" : 160.0,
      "distance" : 785.0,
      "calories" : 21
    } ],
    "lastUpdate" : "20150827T074853Z"
  }, {
    "type" : "place",
    "startTime" : "20150827T151758+0900",
    "endTime" : "20150827T154144+0900",
    "activities" : [ {
      "activity" : "walking",
      "group" : "walking",
      "manual" : false,
      "startTime" : "20150827T151758+0900",
      "endTime" : "20150827T152028+0900",
      "duration" : 150.0,
      "distance" : 122.0,
      "steps" : 162,
      "calories" : 7
    } ],
    "lastUpdate" : "20150827T105026Z"
  }, {
    "type" : "move",
    "startTime" : "20150827T154144+0900",
    "endTime" : "20150827T155115+0900",
    "activities" : [ {
      "activity" : "cycling",
      "group" : "cycling",
      "manual" : false,
      "startTime" : "20150827T154144+0900",
      "endTime" : "20150827T154516+0900",
      "duration" : 212.0,
      "distance" : 746.0,
      "calories" : 20
    }, {
      "activity" : "walking",
      "group" : "walking",
      "manual" : false,
      "startTime" : "20150827T154517+0900",
      "endTime" : "20150827T155115+0900",
      "duration" : 358.0,
      "distance" : 358.0,
      "steps" : 501,
      "calories" : 21
    } ],
    "lastUpdate" : "20150827T105026Z"
  }, {
    "type" : "place",
    "startTime" : "20150827T164847+0900",
    "endTime" : "20150827T165548+0900",
    "activities" : [ {
      "activity" : "walking",
      "group" : "walking",
      "manual" : false,
      "startTime" : "20150827T165200+0900",
      "endTime" : "20150827T165330+0900",
      "duration" : 90.0,
      "distance" : 66.0,
      "steps" : 133,
      "calories" : 4
    } ],
    "lastUpdate" : "20150827T105026Z"
  }, {
    "type" : "move",
    "startTime" : "20150827T165548+0900",
    "endTime" : "20150827T171023+0900",
    "activities" : [ {
      "activity" : "cycling",
      "group" : "cycling",
      "manual" : true,
      "startTime" : "20150827T165548+0900",
      "endTime" : "20150827T170342+0900",
      "duration" : 474.0,
      "distance" : 1420.0,
      "calories" : 39
    } ],
    "lastUpdate" : "20150828T053633Z"
  }, {
    "type" : "place",
    "startTime" : "20150827T171024+0900",
    "endTime" : "20150827T171340+0900",
    "activities" : [ {
      "activity" : "walking",
      "group" : "walking",
      "manual" : false,
      "startTime" : "20150827T171044+0900",
      "endTime" : "20150827T171114+0900",
      "duration" : 30.0,
      "distance" : 25.0,
      "steps" : 51,
      "calories" : 1
    } ],
    "lastUpdate" : "20150827T105026Z"
  }, {
    "type" : "move",
    "startTime" : "20150827T171340+0900",
    "endTime" : "20150827T171640+0900",
    "activities" : [ {
      "activity" : "cycling",
      "group" : "cycling",
      "manual" : false,
      "startTime" : "20150827T171340+0900",
      "endTime" : "20150827T171640+0900",
      "duration" : 180.0,
      "distance" : 645.0,
      "calories" : 17
    } ],
    "lastUpdate" : "20150827T105026Z"
  }, {
    "type" : "place",
    "startTime" : "20150827T171640+0900",
    "endTime" : "20150827T173101+0900",
    "activities" : [ {
      "activity" : "walking",
      "group" : "walking",
      "manual" : false,
      "startTime" : "20150827T172816+0900",
      "endTime" : "20150827T172846+0900",
      "duration" : 30.0,
      "distance" : 15.0,
      "steps" : 21,
      "calories" : 1
    } ],
    "lastUpdate" : "20150827T105027Z"
  }, {
    "type" : "place",
    "startTime" : "20150827T173532+0900",
    "endTime" : "20150827T175908+0900",
    "activities" : [ {
      "activity" : "walking",
      "group" : "walking",
      "manual" : false,
      "startTime" : "20150827T173647+0900",
      "endTime" : "20150827T173947+0900",
      "duration" : 180.0,
      "distance" : 176.0,
      "steps" : 235,
      "calories" : 10
    } ],
    "lastUpdate" : "20150827T105028Z"
  }, {
    "type" : "move",
    "startTime" : "20150827T175908+0900",
    "endTime" : "20150827T180213+0900",
    "activities" : [ {
      "activity" : "walking",
      "group" : "walking",
      "manual" : false,
      "startTime" : "20150827T175908+0900",
      "endTime" : "20150827T180214+0900",
      "duration" : 186.0,
      "distance" : 303.0,
      "steps" : 260,
      "calories" : 18
    } ],
    "lastUpdate" : "20150827T105028Z"
  }, {
    "type" : "place",
    "startTime" : "20150827T180213+0900",
    "endTime" : "20150827T180519+0900",
    "activities" : [ {
      "activity" : "walking",
      "group" : "walking",
      "manual" : false,
      "startTime" : "20150827T180459+0900",
      "endTime" : "20150827T180506+0900",
      "duration" : 7.0,
      "distance" : 4.0,
      "steps" : 7,
      "calories" : 0
    } ],
    "lastUpdate" : "20150827T105028Z"
  }, {
    "type" : "move",
    "startTime" : "20150827T180519+0900",
    "endTime" : "20150827T181313+0900",
    "activities" : [ {
      "activity" : "cycling",
      "group" : "cycling",
      "manual" : false,
      "startTime" : "20150827T180519+0900",
      "endTime" : "20150827T181313+0900",
      "duration" : 474.0,
      "distance" : 1935.0,
      "calories" : 52
    } ],
    "lastUpdate" : "20150827T105028Z"
  }, {
    "type" : "place",
    "startTime" : "20150827T181313+0900",
    "endTime" : "20150828T095641+0900",
    "activities" : [ {
      "activity" : "walking",
      "group" : "walking",
      "manual" : false,
      "startTime" : "20150827T181400+0900",
      "endTime" : "20150827T181601+0900",
      "duration" : 121.0,
      "distance" : 116.0,
      "steps" : 154,
      "calories" : 7
    } ],
    "lastUpdate" : "20150828T051433Z"
  } ],
  "caloriesIdle" : 1706,
  "lastUpdate" : "20150828T053633Z"
}, {
  "date" : "20150828",
  "summary" : [ {
    "activity" : "walking",
    "group" : "walking",
    "duration" : 1051.0,
    "distance" : 982.0,
    "steps" : 1468,
    "calories" : 58
  }, {
    "activity" : "cycling",
    "group" : "cycling",
    "duration" : 2009.0,
    "distance" : 7093.0,
    "calories" : 195
  } ],
  "segments" : [ {
    "type" : "place",
    "startTime" : "20150827T181313+0900",
    "endTime" : "20150828T095641+0900",
    "activities" : [ {
      "activity" : "walking",
      "group" : "walking",
      "manual" : false,
      "startTime" : "20150828T095411+0900",
      "endTime" : "20150828T095441+0900",
      "duration" : 30.0,
      "distance" : 31.0,
      "steps" : 61,
      "calories" : 2
    } ],
    "lastUpdate" : "20150828T051433Z"
  }, {
    "type" : "move",
    "startTime" : "20150828T095641+0900",
    "endTime" : "20150828T100423+0900",
    "activities" : [ {
      "activity" : "cycling",
      "group" : "cycling",
      "manual" : false,
      "startTime" : "20150828T095641+0900",
      "endTime" : "20150828T100424+0900",
      "duration" : 463.0,
      "distance" : 2084.0,
      "calories" : 55
    } ],
    "lastUpdate" : "20150828T051433Z"
  }, {
    "type" : "place",
    "startTime" : "20150828T100424+0900",
    "endTime" : "20150828T115203+0900",
    "activities" : [ {
      "activity" : "walking",
      "group" : "walking",
      "manual" : false,
      "startTime" : "20150828T100612+0900",
      "endTime" : "20150828T100742+0900",
      "duration" : 90.0,
      "distance" : 76.0,
      "steps" : 153,
      "calories" : 5
    }, {
      "activity" : "walking",
      "group" : "walking",
      "manual" : false,
      "startTime" : "20150828T113505+0900",
      "endTime" : "20150828T113535+0900",
      "duration" : 30.0,
      "distance" : 15.0,
      "steps" : 31,
      "calories" : 1
    } ],
    "lastUpdate" : "20150828T051433Z"
  }, {
    "type" : "move",
    "startTime" : "20150828T115203+0900",
    "endTime" : "20150828T120055+0900",
    "activities" : [ {
      "activity" : "cycling",
      "group" : "cycling",
      "manual" : true,
      "startTime" : "20150828T115203+0900",
      "endTime" : "20150828T120056+0900",
      "duration" : 533.0,
      "distance" : 1434.0,
      "calories" : 40
    } ],
    "lastUpdate" : "20150828T053647Z"
  }, {
    "type" : "place",
    "startTime" : "20150828T120055+0900",
    "endTime" : "20150828T131456+0900",
    "activities" : [ {
      "activity" : "walking",
      "group" : "walking",
      "manual" : false,
      "startTime" : "20150828T120607+0900",
      "endTime" : "20150828T121338+0900",
      "duration" : 451.0,
      "distance" : 435.0,
      "steps" : 581,
      "calories" : 26
    } ],
    "lastUpdate" : "20150828T084017Z"
  }, {
    "type" : "place",
    "startTime" : "20150828T131457+0900",
    "endTime" : "20150828T132648+0900",
    "activities" : [ {
      "activity" : "walking",
      "group" : "walking",
      "manual" : false,
      "startTime" : "20150828T132011+0900",
      "endTime" : "20150828T132111+0900",
      "duration" : 60.0,
      "distance" : 51.0,
      "steps" : 102,
      "calories" : 3
    } ],
    "lastUpdate" : "20150828T084017Z"
  }, {
    "type" : "place",
    "startTime" : "20150828T132649+0900",
    "endTime" : "20150828T134116+0900",
    "activities" : [ {
      "activity" : "walking",
      "group" : "walking",
      "manual" : false,
      "startTime" : "20150828T132742+0900",
      "endTime" : "20150828T132942+0900",
      "duration" : 120.0,
      "distance" : 106.0,
      "steps" : 142,
      "calories" : 6
    } ],
    "lastUpdate" : "20150828T084017Z"
  }, {
    "type" : "place",
    "startTime" : "20150828T134117+0900",
    "endTime" : "20150828T135400+0900",
    "activities" : [ {
      "activity" : "walking",
      "group" : "walking",
      "manual" : false,
      "startTime" : "20150828T134314+0900",
      "endTime" : "20150828T134614+0900",
      "duration" : 180.0,
      "distance" : 207.0,
      "steps" : 276,
      "calories" : 12
    }, {
      "activity" : "cycling",
      "group" : "cycling",
      "manual" : false,
      "startTime" : "20150828T135344+0900",
      "endTime" : "20150828T135410+0900",
      "duration" : 26.0,
      "distance" : 0.0,
      "calories" : 3
    } ],
    "lastUpdate" : "20150828T084017Z"
  }, {
    "type" : "move",
    "startTime" : "20150828T135400+0900",
    "endTime" : "20150828T142408+0900",
    "activities" : [ {
      "activity" : "cycling",
      "group" : "cycling",
      "manual" : true,
      "startTime" : "20150828T135400+0900",
      "endTime" : "20150828T140116+0900",
      "duration" : 436.0,
      "distance" : 1226.0,
      "calories" : 34
    }, {
      "activity" : "cycling",
      "group" : "cycling",
      "manual" : false,
      "startTime" : "20150828T141456+0900",
      "endTime" : "20150828T142407+0900",
      "duration" : 551.0,
      "distance" : 2349.0,
      "calories" : 62
    } ],
    "lastUpdate" : "20150828T084017Z"
  }, {
    "type" : "place",
    "startTime" : "20150828T142408+0900",
    "endTime" : "20150830T110009+0900",
    "activities" : [ {
      "activity" : "walking",
      "group" : "walking",
      "manual" : false,
      "startTime" : "20150828T142527+0900",
      "endTime" : "20150828T142627+0900",
      "duration" : 60.0,
      "distance" : 35.0,
      "steps" : 71,
      "calories" : 2
    }, {
      "activity" : "walking",
      "group" : "walking",
      "manual" : false,
      "startTime" : "20150828T215331+0900",
      "endTime" : "20150828T215401+0900",
      "duration" : 30.0,
      "distance" : 26.0,
      "steps" : 51,
      "calories" : 2
    } ],
    "lastUpdate" : "20150830T034258Z"
  } ],
  "caloriesIdle" : 1706,
  "lastUpdate" : "20150830T034258Z"
}, {
  "date" : "20150829",
  "summary" : null,
  "segments" : null,
  "caloriesIdle" : 1706,
  "lastUpdate" : "20150830T034258Z"
}, {
  "date" : "20150830",
  "summary" : [ {
    "activity" : "walking",
    "group" : "walking",
    "duration" : 392.0,
    "distance" : 297.0,
    "steps" : 511,
    "calories" : 18
  }, {
    "activity" : "transport",
    "group" : "transport",
    "duration" : 456.0,
    "distance" : 1463.0
  } ],
  "segments" : [ {
    "type" : "place",
    "startTime" : "20150828T142408+0900",
    "endTime" : "20150830T110009+0900",
    "activities" : [ {
      "activity" : "walking",
      "group" : "walking",
      "manual" : false,
      "startTime" : "20150830T030901+0900",
      "endTime" : "20150830T030931+0900",
      "duration" : 30.0,
      "distance" : 25.0,
      "steps" : 51,
      "calories" : 1
    }, {
      "activity" : "walking",
      "group" : "walking",
      "manual" : false,
      "startTime" : "20150830T102442+0900",
      "endTime" : "20150830T102542+0900",
      "duration" : 60.0,
      "distance" : 41.0,
      "steps" : 82,
      "calories" : 2
    } ],
    "lastUpdate" : "20150830T034258Z"
  }, {
    "type" : "move",
    "startTime" : "20150830T110009+0900",
    "endTime" : "20150830T110432+0900",
    "activities" : [ {
      "activity" : "transport",
      "group" : "transport",
      "manual" : false,
      "startTime" : "20150830T110009+0900",
      "endTime" : "20150830T110432+0900",
      "duration" : 263.0,
      "distance" : 1065.0
    } ],
    "lastUpdate" : "20150830T034258Z"
  }, {
    "type" : "place",
    "startTime" : "20150830T110432+0900",
    "endTime" : "20150830T135909+0900",
    "activities" : [ {
      "activity" : "walking",
      "group" : "walking",
      "manual" : false,
      "startTime" : "20150830T110515+0900",
      "endTime" : "20150830T110615+0900",
      "duration" : 60.0,
      "distance" : 56.0,
      "steps" : 112,
      "calories" : 3
    }, {
      "activity" : "walking",
      "group" : "walking",
      "manual" : false,
      "startTime" : "20150830T133740+0900",
      "endTime" : "20150830T133940+0900",
      "duration" : 120.0,
      "distance" : 115.0,
      "steps" : 153,
      "calories" : 7
    } ],
    "lastUpdate" : "20150830T095209Z"
  }, {
    "type" : "move",
    "startTime" : "20150830T145212+0900",
    "endTime" : "20150830T145525+0900",
    "activities" : [ {
      "activity" : "transport",
      "group" : "transport",
      "manual" : false,
      "startTime" : "20150830T145212+0900",
      "endTime" : "20150830T145525+0900",
      "duration" : 193.0,
      "distance" : 398.0
    } ],
    "lastUpdate" : "20150830T095209Z"
  }, {
    "type" : "place",
    "startTime" : "20150830T145525+0900",
    "endTime" : "20150830T215727+0900",
    "activities" : [ {
      "activity" : "walking",
      "group" : "walking",
      "manual" : false,
      "startTime" : "20150830T145837+0900",
      "endTime" : "20150830T150039+0900",
      "duration" : 122.0,
      "distance" : 60.0,
      "steps" : 113,
      "calories" : 4
    } ],
    "lastUpdate" : "20150831T053348Z"
  } ],
  "caloriesIdle" : 1706,
  "lastUpdate" : "20150831T053348Z"
}, {
  "date" : "20150831",
  "summary" : [ {
    "activity" : "walking",
    "group" : "walking",
    "duration" : 181.0,
    "distance" : 223.0,
    "steps" : 298,
    "calories" : 13
  } ],
  "segments" : [ {
    "type" : "place",
    "startTime" : "20150831T130215+0900",
    "endTime" : "20150901T090524+0900",
    "activities" : [ {
      "activity" : "walking",
      "group" : "walking",
      "manual" : false,
      "startTime" : "20150831T174407+0900",
      "endTime" : "20150831T174708+0900",
      "duration" : 181.0,
      "distance" : 223.0,
      "steps" : 298,
      "calories" : 13
    } ],
    "lastUpdate" : "20150901T023419Z"
  } ],
  "caloriesIdle" : 1706,
  "lastUpdate" : "20150901T023419Z"
} ]