[ {
  "date" : "20151101",
  "summary" : null,
  "segments" : null,
  "caloriesIdle" : 1706,
  "lastUpdate" : "20151102T093114Z"
}, {
  "date" : "20151102",
  "summary" : [ {
    "activity" : "walking",
    "group" : "walking",
    "duration" : 303.0,
    "distance" : 283.0,
    "steps" : 452,
    "calories" : 17
  } ],
  "segments" : [ {
    "type" : "place",
    "startTime" : "20151102T162856+0900",
    "endTime" : "20151102T182657+0900",
    "activities" : [ {
      "activity" : "walking",
      "group" : "walking",
      "manual" : false,
      "startTime" : "20151102T162912+0900",
      "endTime" : "20151102T163012+0900",
      "duration" : 60.0,
      "distance" : 46.0,
      "steps" : 92,
      "calories" : 3
    }, {
      "activity" : "walking",
      "group" : "walking",
      "manual" : false,
      "startTime" : "20151102T175111+0900",
      "endTime" : "20151102T175344+0900",
      "duration" : 153.0,
      "distance" : 171.0,
      "steps" : 228,
      "calories" : 10
    }, {
      "activity" : "walking",
      "group" : "walking",
      "manual" : false,
      "startTime" : "20151102T180215+0900",
      "endTime" : "20151102T180345+0900",
      "duration" : 90.0,
      "distance" : 66.0,
      "steps" : 132,
      "calories" : 4
    } ],
    "lastUpdate" : "20151102T120450Z"
  } ],
  "caloriesIdle" : 1706,
  "lastUpdate" : "20151104T025911Z"
}, {
  "date" : "20151103",
  "summary" : null,
  "segments" : null,
  "caloriesIdle" : 1706,
  "lastUpdate" : "20151104T025911Z"
}, {
  "date" : "20151104",
  "summary" : [ {
    "activity" : "walking",
    "group" : "walking",
    "duration" : 5351.0,
    "distance" : 5197.0,
    "steps" : 7070,
    "calories" : 308
  }, {
    "activity" : "cycling",
    "group" : "cycling",
    "duration" : 1503.0,
    "distance" : 4882.0,
    "calories" : 133
  }, {
    "activity" : "transport",
    "group" : "transport",
    "duration" : 162.0,
    "distance" : 512.0
  } ],
  "segments" : [ {
    "type" : "place",
    "startTime" : "20151102T182657+0900",
    "endTime" : "20151104T102600+0900",
    "activities" : [ {
      "activity" : "walking",
      "group" : "walking",
      "manual" : false,
      "startTime" : "20151104T102506+0900",
      "endTime" : "20151104T113045+0900",
      "duration" : 3939.0,
      "distance" : 4022.0,
      "steps" : 5363,
      "calories" : 238
    } ],
    "lastUpdate" : "20151104T025911Z"
  }, {
    "type" : "move",
    "startTime" : "20151104T102600+0900",
    "endTime" : "20151104T103016+0900",
    "activities" : [ {
      "activity" : "cycling",
      "group" : "cycling",
      "manual" : false,
      "startTime" : "20151104T102600+0900",
      "endTime" : "20151104T103016+0900",
      "duration" : 256.0,
      "distance" : 940.0,
      "calories" : 25
    } ],
    "lastUpdate" : "20151104T025911Z"
  }, {
    "type" : "place",
    "startTime" : "20151104T103016+0900",
    "endTime" : "20151104T120058+0900",
    "activities" : [ {
      "activity" : "walking",
      "group" : "walking",
      "manual" : false,
      "startTime" : "20151104T103016+0900",
      "endTime" : "20151104T103107+0900",
      "duration" : 51.0,
      "distance" : 35.0,
      "steps" : 70,
      "calories" : 2
    }, {
      "activity" : "walking",
      "group" : "walking",
      "manual" : false,
      "startTime" : "20151104T115606+0900",
      "endTime" : "20151104T115815+0900",
      "duration" : 129.0,
      "distance" : 140.0,
      "steps" : 186,
      "calories" : 8
    } ],
    "lastUpdate" : "20151104T054547Z"
  }, {
    "type" : "move",
    "startTime" : "20151104T120058+0900",
    "endTime" : "20151104T120541+0900",
    "activities" : [ {
      "activity" : "cycling",
      "group" : "cycling",
      "manual" : false,
      "startTime" : "20151104T120058+0900",
      "endTime" : "20151104T120541+0900",
      "duration" : 283.0,
      "distance" : 906.0,
      "calories" : 25
    } ],
    "lastUpdate" : "20151104T054547Z"
  }, {
    "type" : "place",
    "startTime" : "20151104T120541+0900",
    "endTime" : "20151104T144121+0900",
    "activities" : [ {
      "activity" : "walking",
      "group" : "walking",
      "manual" : false,
      "startTime" : "20151104T120608+0900",
      "endTime" : "20151104T120708+0900",
      "duration" : 60.0,
      "distance" : 51.0,
      "steps" : 102,
      "calories" : 3
    }, {
      "activity" : "walking",
      "group" : "walking",
      "manual" : false,
      "startTime" : "20151104T143954+0900",
      "endTime" : "20151104T144459+0900",
      "duration" : 305.0,
      "distance" : 303.0,
      "steps" : 404,
      "calories" : 18
    } ],
    "lastUpdate" : "20151104T090633Z"
  }, {
    "type" : "move",
    "startTime" : "20151104T144121+0900",
    "endTime" : "20151104T144409+0900",
    "activities" : [ {
      "activity" : "cycling",
      "group" : "cycling",
      "manual" : false,
      "startTime" : "20151104T144121+0900",
      "endTime" : "20151104T144408+0900",
      "duration" : 167.0,
      "distance" : 782.0,
      "calories" : 21
    } ],
    "lastUpdate" : "20151104T090633Z"
  }, {
    "type" : "place",
    "startTime" : "20151104T144409+0900",
    "endTime" : "20151104T161653+0900",
    "activities" : [ {
      "activity" : "walking",
      "group" : "walking",
      "manual" : false,
      "startTime" : "20151104T144424+0900",
      "endTime" : "20151104T144524+0900",
      "duration" : 60.0,
      "distance" : 51.0,
      "steps" : 102,
      "calories" : 3
    }, {
      "activity" : "walking",
      "group" : "walking",
      "manual" : false,
      "startTime" : "20151104T161328+0900",
      "endTime" : "20151104T161428+0900",
      "duration" : 60.0,
      "distance" : 51.0,
      "steps" : 102,
      "calories" : 3
    } ],
    "lastUpdate" : "20151104T090633Z"
  }, {
    "type" : "move",
    "startTime" : "20151104T161653+0900",
    "endTime" : "20151104T162007+0900",
    "activities" : [ {
      "activity" : "cycling",
      "group" : "cycling",
      "manual" : false,
      "startTime" : "20151104T161653+0900",
      "endTime" : "20151104T162007+0900",
      "duration" : 194.0,
      "distance" : 992.0,
      "calories" : 26
    } ],
    "lastUpdate" : "20151104T090633Z"
  }, {
    "type" : "place",
    "startTime" : "20151104T162008+0900",
    "endTime" : "20151104T180645+0900",
    "activities" : [ {
      "activity" : "walking",
      "group" : "walking",
      "manual" : false,
      "startTime" : "20151104T162008+0900",
      "endTime" : "20151104T162502+0900",
      "duration" : 294.0,
      "distance" : 220.0,
      "steps" : 278,
      "calories" : 13
    }, {
      "activity" : "walking",
      "group" : "walking",
      "manual" : false,
      "startTime" : "20151104T180443+0900",
      "endTime" : "20151104T180543+0900",
      "duration" : 60.0,
      "distance" : 61.0,
      "steps" : 122,
      "calories" : 4
    } ],
    "lastUpdate" : "20151104T104115Z"
  }, {
    "type" : "move",
    "startTime" : "20151104T180645+0900",
    "endTime" : "20151104T181014+0900",
    "activities" : [ {
      "activity" : "cycling",
      "group" : "cycling",
      "manual" : false,
      "startTime" : "20151104T180645+0900",
      "endTime" : "20151104T181013+0900",
      "duration" : 208.0,
      "distance" : 799.0,
      "calories" : 21
    } ],
    "lastUpdate" : "20151104T104115Z"
  }, {
    "type" : "place",
    "startTime" : "20151104T181014+0900",
    "endTime" : "20151104T182609+0900",
    "activities" : [ {
      "activity" : "walking",
      "group" : "walking",
      "manual" : false,
      "startTime" : "20151104T181043+0900",
      "endTime" : "20151104T181444+0900",
      "duration" : 241.0,
      "distance" : 181.0,
      "steps" : 214,
      "calories" : 11
    } ],
    "lastUpdate" : "20151104T104115Z"
  }, {
    "type" : "move",
    "startTime" : "20151104T182610+0900",
    "endTime" : "20151104T183321+0900",
    "activities" : [ {
      "activity" : "cycling",
      "group" : "cycling",
      "manual" : false,
      "startTime" : "20151104T182610+0900",
      "endTime" : "20151104T183245+0900",
      "duration" : 395.0,
      "distance" : 463.0,
      "calories" : 15
    }, {
      "activity" : "walking",
      "group" : "walking",
      "manual" : false,
      "startTime" : "20151104T183245+0900",
      "endTime" : "20151104T183322+0900",
      "duration" : 37.0,
      "distance" : 25.0,
      "steps" : 50,
      "calories" : 1
    } ],
    "lastUpdate" : "20151104T104115Z"
  }, {
    "type" : "place",
    "startTime" : "20151104T183322+0900",
    "endTime" : "20151104T190211+0900",
    "activities" : [ {
      "activity" : "walking",
      "group" : "walking",
      "manual" : false,
      "startTime" : "20151104T183322+0900",
      "endTime" : "20151104T183517+0900",
      "duration" : 115.0,
      "distance" : 57.0,
      "steps" : 77,
      "calories" : 3
    } ],
    "lastUpdate" : "20151104T104115Z"
  }, {
    "type" : "move",
    "startTime" : "20151104T190211+0900",
    "endTime" : "20151104T190452+0900",
    "activities" : [ {
      "activity" : "transport",
      "group" : "transport",
      "manual" : false,
      "startTime" : "20151104T190211+0900",
      "endTime" : "20151104T190453+0900",
      "duration" : 162.0,
      "distance" : 512.0
    } ],
    "lastUpdate" : "20151104T104115Z"
  } ],
  "caloriesIdle" : 1706,
  "lastUpdate" : "20151105T021338Z"
}, {
  "date" : "20151105",
  "summary" : [ {
    "activity" : "walking",
    "group" : "walking",
    "duration" : 2260.0,
    "distance" : 2605.0,
    "steps" : 3516,
    "calories" : 154
  }, {
    "activity" : "cycling",
    "group" : "cycling",
    "duration" : 559.0,
    "distance" : 1840.0,
    "calories" : 50
  } ],
  "segments" : [ {
    "type" : "place",
    "startTime" : "20151104T190453+0900",
    "endTime" : "20151105T084908+0900",
    "activities" : [ {
      "activity" : "walking",
      "group" : "walking",
      "manual" : false,
      "startTime" : "20151105T035500+0900",
      "endTime" : "20151105T035530+0900",
      "duration" : 30.0,
      "distance" : 15.0,
      "steps" : 30,
      "calories" : 1
    }, {
      "activity" : "walking",
      "group" : "walking",
      "manual" : false,
      "startTime" : "20151105T084130+0900",
      "endTime" : "20151105T085319+0900",
      "duration" : 709.0,
      "distance" : 888.0,
      "steps" : 1184,
      "calories" : 53
    }, {
      "activity" : "walking",
      "group" : "walking",
      "manual" : false,
      "startTime" : "20151105T090000+0900",
      "endTime" : "20151105T091228+0900",
      "duration" : 748.0,
      "distance" : 954.0,
      "steps" : 1272,
      "calories" : 57
    } ],
    "lastUpdate" : "20151105T021338Z"
  }, {
    "type" : "move",
    "startTime" : "20151105T084908+0900",
    "endTime" : "20151105T085212+0900",
    "activities" : [ {
      "activity" : "cycling",
      "group" : "cycling",
      "manual" : false,
      "startTime" : "20151105T084908+0900",
      "endTime" : "20151105T085213+0900",
      "duration" : 185.0,
      "distance" : 882.0,
      "calories" : 23
    } ],
    "lastUpdate" : "20151105T021338Z"
  }, {
    "type" : "place",
    "startTime" : "20151105T085212+0900",
    "endTime" : "20151105T113658+0900",
    "activities" : [ {
      "activity" : "walking",
      "group" : "walking",
      "manual" : false,
      "startTime" : "20151105T085212+0900",
      "endTime" : "20151105T085412+0900",
      "duration" : 120.0,
      "distance" : 96.0,
      "steps" : 193,
      "calories" : 6
    }, {
      "activity" : "walking",
      "group" : "walking",
      "manual" : false,
      "startTime" : "20151105T102706+0900",
      "endTime" : "20151105T103036+0900",
      "duration" : 210.0,
      "distance" : 158.0,
      "steps" : 174,
      "calories" : 9
    }, {
      "activity" : "walking",
      "group" : "walking",
      "manual" : false,
      "startTime" : "20151105T112520+0900",
      "endTime" : "20151105T113232+0900",
      "duration" : 432.0,
      "distance" : 489.0,
      "steps" : 652,
      "calories" : 29
    } ],
    "lastUpdate" : "20151105T051949Z"
  }, {
    "type" : "move",
    "startTime" : "20151105T113658+0900",
    "endTime" : "20151105T114311+0900",
    "activities" : [ {
      "activity" : "cycling",
      "group" : "cycling",
      "manual" : false,
      "startTime" : "20151105T113658+0900",
      "endTime" : "20151105T114312+0900",
      "duration" : 374.0,
      "distance" : 958.0,
      "calories" : 27
    } ],
    "lastUpdate" : "20151105T051949Z"
  }, {
    "type" : "place",
    "startTime" : "20151105T114311+0900",
    "endTime" : "20151106T052451+0900",
    "activities" : [ {
      "activity" : "walking",
      "group" : "walking",
      "manual" : false,
      "startTime" : "20151105T114311+0900",
      "endTime" : "20151105T114322+0900",
      "duration" : 11.0,
      "distance" : 5.0,
      "steps" : 11,
      "calories" : 0
    } ],
    "lastUpdate" : "20151106T013350Z"
  } ],
  "caloriesIdle" : 1706,
  "lastUpdate" : "20151106T013350Z"
}, {
  "date" : "20151106",
  "summary" : [ {
    "activity" : "walking",
    "group" : "walking",
    "duration" : 2457.0,
    "distance" : 2553.0,
    "steps" : 3341,
    "calories" : 151
  }, {
    "activity" : "cycling",
    "group" : "cycling",
    "duration" : 1274.0,
    "distance" : 2856.0,
    "calories" : 82
  } ],
  "segments" : [ {
    "type" : "place",
    "startTime" : "20151106T052452+0900",
    "endTime" : "20151106T084536+0900",
    "activities" : [ {
      "activity" : "walking",
      "group" : "walking",
      "manual" : false,
      "startTime" : "20151106T083225+0900",
      "endTime" : "20151106T083649+0900",
      "duration" : 264.0,
      "distance" : 380.0,
      "steps" : 507,
      "calories" : 23
    } ],
    "lastUpdate" : "20151106T013350Z"
  }, {
    "type" : "move",
    "startTime" : "20151106T084536+0900",
    "endTime" : "20151106T085244+0900",
    "activities" : [ {
      "activity" : "cycling",
      "group" : "cycling",
      "manual" : false,
      "startTime" : "20151106T084536+0900",
      "endTime" : "20151106T084918+0900",
      "duration" : 222.0,
      "distance" : 420.0,
      "calories" : 12
    }, {
      "activity" : "walking",
      "group" : "walking",
      "manual" : false,
      "startTime" : "20151106T084918+0900",
      "endTime" : "20151106T085245+0900",
      "duration" : 207.0,
      "distance" : 285.0,
      "steps" : 289,
      "calories" : 17
    } ],
    "lastUpdate" : "20151106T013350Z"
  }, {
    "type" : "place",
    "startTime" : "20151106T085245+0900",
    "endTime" : "20151106T143353+0900",
    "activities" : [ {
      "activity" : "walking",
      "group" : "walking",
      "manual" : false,
      "startTime" : "20151106T101533+0900",
      "endTime" : "20151106T102904+0900",
      "duration" : 811.0,
      "distance" : 850.0,
      "steps" : 1133,
      "calories" : 50
    }, {
      "activity" : "walking",
      "group" : "walking",
      "manual" : false,
      "startTime" : "20151106T120115+0900",
      "endTime" : "20151106T121245+0900",
      "duration" : 690.0,
      "distance" : 573.0,
      "steps" : 764,
      "calories" : 34
    }, {
      "activity" : "walking",
      "group" : "walking",
      "manual" : false,
      "startTime" : "20151106T142833+0900",
      "endTime" : "20151106T143133+0900",
      "duration" : 180.0,
      "distance" : 206.0,
      "steps" : 275,
      "calories" : 12
    } ],
    "lastUpdate" : "20151106T073820Z"
  }, {
    "type" : "move",
    "startTime" : "20151106T143353+0900",
    "endTime" : "20151106T143915+0900",
    "activities" : [ {
      "activity" : "cycling",
      "group" : "cycling",
      "manual" : false,
      "startTime" : "20151106T143353+0900",
      "endTime" : "20151106T143916+0900",
      "duration" : 323.0,
      "distance" : 628.0,
      "calories" : 18
    } ],
    "lastUpdate" : "20151106T073820Z"
  }, {
    "type" : "place",
    "startTime" : "20151106T143916+0900",
    "endTime" : "20151106T180100+0900",
    "activities" : [ {
      "activity" : "walking",
      "group" : "walking",
      "manual" : false,
      "startTime" : "20151106T143934+0900",
      "endTime" : "20151106T144004+0900",
      "duration" : 30.0,
      "distance" : 25.0,
      "steps" : 51,
      "calories" : 1
    }, {
      "activity" : "walking",
      "group" : "walking",
      "manual" : false,
      "startTime" : "20151106T150745+0900",
      "endTime" : "20151106T150815+0900",
      "duration" : 30.0,
      "distance" : 15.0,
      "steps" : 20,
      "calories" : 1
    }, {
      "activity" : "walking",
      "group" : "walking",
      "manual" : false,
      "startTime" : "20151106T161030+0900",
      "endTime" : "20151106T161100+0900",
      "duration" : 30.0,
      "distance" : 15.0,
      "steps" : 30,
      "calories" : 1
    }, {
      "activity" : "walking",
      "group" : "walking",
      "manual" : false,
      "startTime" : "20151106T175755+0900",
      "endTime" : "20151106T175825+0900",
      "duration" : 30.0,
      "distance" : 15.0,
      "steps" : 20,
      "calories" : 1
    } ],
    "lastUpdate" : "20151106T104433Z"
  }, {
    "type" : "move",
    "startTime" : "20151106T180100+0900",
    "endTime" : "20151106T180545+0900",
    "activities" : [ {
      "activity" : "cycling",
      "group" : "cycling",
      "manual" : false,
      "startTime" : "20151106T180100+0900",
      "endTime" : "20151106T180545+0900",
      "duration" : 285.0,
      "distance" : 785.0,
      "calories" : 22
    } ],
    "lastUpdate" : "20151106T104433Z"
  }, {
    "type" : "place",
    "startTime" : "20151106T180545+0900",
    "endTime" : "20151106T201526+0900",
    "activities" : [ {
      "activity" : "walking",
      "group" : "walking",
      "manual" : false,
      "startTime" : "20151106T201449+0900",
      "endTime" : "20151106T201754+0900",
      "duration" : 185.0,
      "distance" : 189.0,
      "steps" : 252,
      "calories" : 11
    } ],
    "lastUpdate" : "20151108T091602Z"
  }, {
    "type" : "move",
    "startTime" : "20151106T201526+0900",
    "endTime" : "20151106T202859+0900",
    "activities" : [ {
      "activity" : "cycling",
      "group" : "cycling",
      "manual" : false,
      "startTime" : "20151106T201526+0900",
      "endTime" : "20151106T202250+0900",
      "duration" : 444.0,
      "distance" : 1023.0,
      "calories" : 29
    } ],
    "lastUpdate" : "20151108T091602Z"
  } ],
  "caloriesIdle" : 1706,
  "lastUpdate" : "20151109T073837Z"
}, {
  "date" : "20151108",
  "summary" : null,
  "segments" : null,
  "caloriesIdle" : 1706,
  "lastUpdate" : "20151109T121503Z"
}, {
  "date" : "20151109",
  "summary" : [ {
    "activity" : "transport",
    "group" : "transport",
    "duration" : 718.0,
    "distance" : 825.0
  }, {
    "activity" : "walking",
    "group" : "walking",
    "duration" : 210.0,
    "distance" : 176.0,
    "steps" : 266,
    "calories" : 10
  }, {
    "activity" : "cycling",
    "group" : "cycling",
    "duration" : 248.0,
    "distance" : 708.0,
    "calories" : 20
  } ],
  "segments" : [ {
    "type" : "move",
    "startTime" : "20151109T162636+0900",
    "endTime" : "20151109T163833+0900",
    "activities" : [ {
      "activity" : "transport",
      "group" : "transport",
      "manual" : false,
      "startTime" : "20151109T162636+0900",
      "endTime" : "20151109T163834+0900",
      "duration" : 718.0,
      "distance" : 825.0
    } ],
    "lastUpdate" : "20151109T121503Z"
  }, {
    "type" : "place",
    "startTime" : "20151109T163833+0900",
    "endTime" : "20151109T175703+0900",
    "activities" : [ {
      "activity" : "walking",
      "group" : "walking",
      "manual" : false,
      "startTime" : "20151109T175406+0900",
      "endTime" : "20151109T175636+0900",
      "duration" : 150.0,
      "distance" : 130.0,
      "steps" : 174,
      "calories" : 8
    } ],
    "lastUpdate" : "20151109T121503Z"
  }, {
    "type" : "move",
    "startTime" : "20151109T175703+0900",
    "endTime" : "20151109T180110+0900",
    "activities" : [ {
      "activity" : "cycling",
      "group" : "cycling",
      "manual" : false,
      "startTime" : "20151109T175703+0900",
      "endTime" : "20151109T180111+0900",
      "duration" : 248.0,
      "distance" : 708.0,
      "calories" : 20
    } ],
    "lastUpdate" : "20151109T121503Z"
  }, {
    "type" : "place",
    "startTime" : "20151109T180111+0900",
    "endTime" : "20151109T181251+0900",
    "activities" : [ {
      "activity" : "walking",
      "group" : "walking",
      "manual" : false,
      "startTime" : "20151109T180507+0900",
      "endTime" : "20151109T180607+0900",
      "duration" : 60.0,
      "distance" : 46.0,
      "steps" : 92,
      "calories" : 3
    } ],
    "lastUpdate" : "20151110T070602Z"
  } ],
  "caloriesIdle" : 1706,
  "lastUpdate" : "20151110T070602Z"
}, {
  "date" : "20151110",
  "summary" : [ {
    "activity" : "cycling",
    "group" : "cycling",
    "duration" : 463.0,
    "distance" : 463.0,
    "calories" : 16
  }, {
    "activity" : "walking",
    "group" : "walking",
    "duration" : 2222.0,
    "distance" : 2065.0,
    "steps" : 2617,
    "calories" : 122
  }, {
    "activity" : "transport",
    "group" : "transport",
    "duration" : 153.0,
    "distance" : 522.0
  } ],
  "segments" : [ {
    "type" : "move",
    "startTime" : "20151110T113246+0900",
    "endTime" : "20151110T143512+0900",
    "activities" : [ {
      "activity" : "cycling",
      "group" : "cycling",
      "manual" : false,
      "startTime" : "20151110T142329+0900",
      "endTime" : "20151110T143112+0900",
      "duration" : 463.0,
      "distance" : 463.0,
      "calories" : 16
    }, {
      "activity" : "walking",
      "group" : "walking",
      "manual" : false,
      "startTime" : "20151110T143111+0900",
      "endTime" : "20151110T143512+0900",
      "duration" : 241.0,
      "distance" : 381.0,
      "steps" : 337,
      "calories" : 23
    } ],
    "lastUpdate" : "20151110T070602Z"
  }, {
    "type" : "place",
    "startTime" : "20151110T143513+0900",
    "endTime" : "20151110T160205+0900",
    "activities" : [ {
      "activity" : "walking",
      "group" : "walking",
      "manual" : false,
      "startTime" : "20151110T160002+0900",
      "endTime" : "20151110T160102+0900",
      "duration" : 60.0,
      "distance" : 35.0,
      "steps" : 71,
      "calories" : 2
    } ],
    "lastUpdate" : "20151110T114053Z"
  }, {
    "type" : "move",
    "startTime" : "20151110T160205+0900",
    "endTime" : "20151110T160553+0900",
    "activities" : [ {
      "activity" : "transport",
      "group" : "transport",
      "manual" : false,
      "startTime" : "20151110T160205+0900",
      "endTime" : "20151110T160438+0900",
      "duration" : 153.0,
      "distance" : 522.0
    }, {
      "activity" : "walking",
      "group" : "walking",
      "manual" : false,
      "startTime" : "20151110T160438+0900",
      "endTime" : "20151110T160553+0900",
      "duration" : 75.0,
      "distance" : 185.0,
      "steps" : 154,
      "calories" : 11
    } ],
    "lastUpdate" : "20151110T114053Z"
  }, {
    "type" : "place",
    "startTime" : "20151110T160553+0900",
    "endTime" : "20151110T175426+0900",
    "activities" : [ {
      "activity" : "walking",
      "group" : "walking",
      "manual" : false,
      "startTime" : "20151110T160553+0900",
      "endTime" : "20151110T160642+0900",
      "duration" : 49.0,
      "distance" : 41.0,
      "steps" : 83,
      "calories" : 2
    } ],
    "lastUpdate" : "20151110T114053Z"
  }, {
    "type" : "place",
    "startTime" : "20151110T175427+0900",
    "endTime" : "20151110T180949+0900",
    "activities" : [ {
      "activity" : "walking",
      "group" : "walking",
      "manual" : false,
      "startTime" : "20151110T180205+0900",
      "endTime" : "20151110T180706+0900",
      "duration" : 301.0,
      "distance" : 330.0,
      "steps" : 440,
      "calories" : 20
    } ],
    "lastUpdate" : "20151110T114054Z"
  }, {
    "type" : "place",
    "startTime" : "20151110T180950+0900",
    "endTime" : "20151110T203311+0900",
    "activities" : [ {
      "activity" : "walking",
      "group" : "walking",
      "manual" : false,
      "startTime" : "20151110T202735+0900",
      "endTime" : "20151110T202805+0900",
      "duration" : 30.0,
      "distance" : 31.0,
      "steps" : 61,
      "calories" : 2
    } ],
    "lastUpdate" : "20151110T144448Z"
  }, {
    "type" : "move",
    "startTime" : "20151110T203311+0900",
    "endTime" : "20151110T205606+0900",
    "activities" : [ {
      "activity" : "walking",
      "group" : "walking",
      "manual" : false,
      "startTime" : "20151110T203311+0900",
      "endTime" : "20151110T205607+0900",
      "duration" : 1376.0,
      "distance" : 1007.0,
      "steps" : 1370,
      "calories" : 60
    } ],
    "lastUpdate" : "20151110T144448Z"
  }, {
    "type" : "place",
    "startTime" : "20151110T205607+0900",
    "endTime" : "20151111T102425+0900",
    "activities" : [ {
      "activity" : "walking",
      "group" : "walking",
      "manual" : false,
      "startTime" : "20151110T205806+0900",
      "endTime" : "20151110T205836+0900",
      "duration" : 30.0,
      "distance" : 25.0,
      "steps" : 51,
      "calories" : 1
    }, {
      "activity" : "walking",
      "group" : "walking",
      "manual" : false,
      "startTime" : "20151110T215857+0900",
      "endTime" : "20151110T215927+0900",
      "duration" : 30.0,
      "distance" : 15.0,
      "steps" : 20,
      "calories" : 1
    }, {
      "activity" : "walking",
      "group" : "walking",
      "manual" : false,
      "startTime" : "20151110T225505+0900",
      "endTime" : "20151110T225535+0900",
      "duration" : 30.0,
      "distance" : 15.0,
      "steps" : 30,
      "calories" : 1
    } ],
    "lastUpdate" : "20151111T031413Z"
  } ],
  "caloriesIdle" : 1706,
  "lastUpdate" : "20151111T031413Z"
}, {
  "date" : "20151111",
  "summary" : [ {
    "activity" : "walking",
    "group" : "walking",
    "duration" : 912.0,
    "distance" : 857.0,
    "steps" : 1296,
    "calories" : 51
  }, {
    "activity" : "cycling",
    "group" : "cycling",
    "duration" : 944.0,
    "distance" : 2035.0,
    "calories" : 59
  }, {
    "activity" : "transport",
    "group" : "transport",
    "duration" : 260.0,
    "distance" : 417.0
  } ],
  "segments" : [ {
    "type" : "place",
    "startTime" : "20151110T205607+0900",
    "endTime" : "20151111T102425+0900",
    "activities" : [ {
      "activity" : "walking",
      "group" : "walking",
      "manual" : false,
      "startTime" : "20151111T102158+0900",
      "endTime" : "20151111T102228+0900",
      "duration" : 30.0,
      "distance" : 25.0,
      "steps" : 51,
      "calories" : 1
    } ],
    "lastUpdate" : "20151111T031413Z"
  }, {
    "type" : "move",
    "startTime" : "20151111T102425+0900",
    "endTime" : "20151111T102718+0900",
    "activities" : [ {
      "activity" : "cycling",
      "group" : "cycling",
      "manual" : false,
      "startTime" : "20151111T102425+0900",
      "endTime" : "20151111T102719+0900",
      "duration" : 174.0,
      "distance" : 380.0,
      "calories" : 11
    } ],
    "lastUpdate" : "20151111T031413Z"
  }, {
    "type" : "place",
    "startTime" : "20151111T102719+0900",
    "endTime" : "20151111T110537+0900",
    "activities" : [ {
      "activity" : "walking",
      "group" : "walking",
      "manual" : false,
      "startTime" : "20151111T102728+0900",
      "endTime" : "20151111T102828+0900",
      "duration" : 60.0,
      "distance" : 56.0,
      "steps" : 111,
      "calories" : 3
    } ],
    "lastUpdate" : "20151111T031413Z"
  }, {
    "type" : "move",
    "startTime" : "20151111T110537+0900",
    "endTime" : "20151111T110956+0900",
    "activities" : [ {
      "activity" : "transport",
      "group" : "transport",
      "manual" : false,
      "startTime" : "20151111T110537+0900",
      "endTime" : "20151111T110957+0900",
      "duration" : 260.0,
      "distance" : 417.0
    } ],
    "lastUpdate" : "20151111T031413Z"
  }, {
    "type" : "place",
    "startTime" : "20151111T110957+0900",
    "endTime" : "20151111T122345+0900",
    "activities" : [ {
      "activity" : "walking",
      "group" : "walking",
      "manual" : false,
      "startTime" : "20151111T120001+0900",
      "endTime" : "20151111T120450+0900",
      "duration" : 289.0,
      "distance" : 247.0,
      "steps" : 329,
      "calories" : 15
    } ],
    "lastUpdate" : "20151111T092121Z"
  }, {
    "type" : "move",
    "startTime" : "20151111T122345+0900",
    "endTime" : "20151111T123130+0900",
    "activities" : [ {
      "activity" : "walking",
      "group" : "walking",
      "manual" : false,
      "startTime" : "20151111T122345+0900",
      "endTime" : "20151111T122742+0900",
      "duration" : 237.0,
      "distance" : 288.0,
      "steps" : 403,
      "calories" : 17
    }, {
      "activity" : "cycling",
      "group" : "cycling",
      "manual" : false,
      "startTime" : "20151111T122742+0900",
      "endTime" : "20151111T123131+0900",
      "duration" : 229.0,
      "distance" : 429.0,
      "calories" : 13
    } ],
    "lastUpdate" : "20151111T092121Z"
  }, {
    "type" : "move",
    "startTime" : "20151111T143819+0900",
    "endTime" : "20151111T144154+0900",
    "activities" : [ {
      "activity" : "cycling",
      "group" : "cycling",
      "manual" : false,
      "startTime" : "20151111T143819+0900",
      "endTime" : "20151111T144123+0900",
      "duration" : 184.0,
      "distance" : 297.0,
      "calories" : 9
    }, {
      "activity" : "walking",
      "group" : "walking",
      "manual" : false,
      "startTime" : "20151111T144123+0900",
      "endTime" : "20151111T144155+0900",
      "duration" : 32.0,
      "distance" : 32.0,
      "steps" : 64,
      "calories" : 2
    } ],
    "lastUpdate" : "20151111T092121Z"
  }, {
    "type" : "place",
    "startTime" : "20151111T144155+0900",
    "endTime" : "20151111T162137+0900",
    "activities" : [ {
      "activity" : "walking",
      "group" : "walking",
      "manual" : false,
      "startTime" : "20151111T144155+0900",
      "endTime" : "20151111T144323+0900",
      "duration" : 88.0,
      "distance" : 60.0,
      "steps" : 120,
      "calories" : 4
    }, {
      "activity" : "walking",
      "group" : "walking",
      "manual" : false,
      "startTime" : "20151111T161918+0900",
      "endTime" : "20151111T162138+0900",
      "duration" : 140.0,
      "distance" : 121.0,
      "steps" : 161,
      "calories" : 7
    } ],
    "lastUpdate" : "20151111T092121Z"
  }, {
    "type" : "move",
    "startTime" : "20151111T162137+0900",
    "endTime" : "20151111T162420+0900",
    "activities" : [ {
      "activity" : "cycling",
      "group" : "cycling",
      "manual" : false,
      "startTime" : "20151111T162137+0900",
      "endTime" : "20151111T162420+0900",
      "duration" : 163.0,
      "distance" : 445.0,
      "calories" : 12
    } ],
    "lastUpdate" : "20151111T092121Z"
  }, {
    "type" : "place",
    "startTime" : "20151111T162420+0900",
    "endTime" : "20151111T162718+0900",
    "activities" : [ {
      "activity" : "walking",
      "group" : "walking",
      "manual" : false,
      "startTime" : "20151111T162649+0900",
      "endTime" : "20151111T162655+0900",
      "duration" : 6.0,
      "distance" : 3.0,
      "steps" : 6,
      "calories" : 0
    } ],
    "lastUpdate" : "20151111T092121Z"
  }, {
    "type" : "move",
    "startTime" : "20151111T162718+0900",
    "endTime" : "20151111T163031+0900",
    "activities" : [ {
      "activity" : "cycling",
      "group" : "cycling",
      "manual" : false,
      "startTime" : "20151111T162718+0900",
      "endTime" : "20151111T163032+0900",
      "duration" : 194.0,
      "distance" : 484.0,
      "calories" : 14
    } ],
    "lastUpdate" : "20151111T092121Z"
  }, {
    "type" : "place",
    "startTime" : "20151111T163032+0900",
    "endTime" : "20151112T084409+0900",
    "activities" : [ {
      "activity" : "walking",
      "group" : "walking",
      "manual" : false,
      "startTime" : "20151111T163120+0900",
      "endTime" : "20151111T163150+0900",
      "duration" : 30.0,
      "distance" : 25.0,
      "steps" : 51,
      "calories" : 1
    } ],
    "lastUpdate" : "20151112T023601Z"
  } ],
  "caloriesIdle" : 1706,
  "lastUpdate" : "20151112T023601Z"
}, {
  "date" : "20151112",
  "summary" : [ {
    "activity" : "walking",
    "group" : "walking",
    "duration" : 1404.0,
    "distance" : 1252.0,
    "steps" : 1742,
    "calories" : 74
  }, {
    "activity" : "transport",
    "group" : "transport",
    "duration" : 616.0,
    "distance" : 945.0
  }, {
    "activity" : "cycling",
    "group" : "cycling",
    "duration" : 745.0,
    "distance" : 2692.0,
    "calories" : 73
  } ],
  "segments" : [ {
    "type" : "place",
    "startTime" : "20151111T163032+0900",
    "endTime" : "20151112T084409+0900",
    "activities" : [ {
      "activity" : "walking",
      "group" : "walking",
      "manual" : false,
      "startTime" : "20151112T084111+0900",
      "endTime" : "20151112T084141+0900",
      "duration" : 30.0,
      "distance" : 15.0,
      "steps" : 31,
      "calories" : 1
    } ],
    "lastUpdate" : "20151112T023601Z"
  }, {
    "type" : "move",
    "startTime" : "20151112T084409+0900",
    "endTime" : "20151112T084723+0900",
    "activities" : [ {
      "activity" : "transport",
      "group" : "transport",
      "manual" : false,
      "startTime" : "20151112T084409+0900",
      "endTime" : "20151112T084724+0900",
      "duration" : 195.0,
      "distance" : 374.0
    } ],
    "lastUpdate" : "20151112T023601Z"
  }, {
    "type" : "place",
    "startTime" : "20151112T084724+0900",
    "endTime" : "20151112T085224+0900",
    "activities" : [ {
      "activity" : "walking",
      "group" : "walking",
      "manual" : false,
      "startTime" : "20151112T084856+0900",
      "endTime" : "20151112T084926+0900",
      "duration" : 30.0,
      "distance" : 20.0,
      "steps" : 41,
      "calories" : 1
    } ],
    "lastUpdate" : "20151112T042048Z"
  }, {
    "type" : "move",
    "startTime" : "20151112T085224+0900",
    "endTime" : "20151112T085410+0900",
    "activities" : [ {
      "activity" : "walking",
      "group" : "walking",
      "manual" : false,
      "startTime" : "20151112T085224+0900",
      "endTime" : "20151112T085409+0900",
      "duration" : 105.0,
      "distance" : 160.0,
      "steps" : 191,
      "calories" : 9
    } ],
    "lastUpdate" : "20151112T042048Z"
  }, {
    "type" : "place",
    "startTime" : "20151112T085410+0900",
    "endTime" : "20151112T113941+0900",
    "activities" : [ {
      "activity" : "walking",
      "group" : "walking",
      "manual" : false,
      "startTime" : "20151112T085410+0900",
      "endTime" : "20151112T085458+0900",
      "duration" : 48.0,
      "distance" : 41.0,
      "steps" : 82,
      "calories" : 2
    } ],
    "lastUpdate" : "20151112T042048Z"
  }, {
    "type" : "move",
    "startTime" : "20151112T113941+0900",
    "endTime" : "20151112T115106+0900",
    "activities" : [ {
      "activity" : "transport",
      "group" : "transport",
      "manual" : false,
      "startTime" : "20151112T113941+0900",
      "endTime" : "20151112T114642+0900",
      "duration" : 421.0,
      "distance" : 571.0
    }, {
      "activity" : "cycling",
      "group" : "cycling",
      "manual" : false,
      "startTime" : "20151112T114641+0900",
      "endTime" : "20151112T115106+0900",
      "duration" : 265.0,
      "distance" : 944.0,
      "calories" : 26
    } ],
    "lastUpdate" : "20151112T042048Z"
  }, {
    "type" : "place",
    "startTime" : "20151112T115106+0900",
    "endTime" : "20151112T120632+0900",
    "activities" : [ {
      "activity" : "walking",
      "group" : "walking",
      "manual" : false,
      "startTime" : "20151112T115112+0900",
      "endTime" : "20151112T115212+0900",
      "duration" : 60.0,
      "distance" : 36.0,
      "steps" : 72,
      "calories" : 2
    } ],
    "lastUpdate" : "20151112T042048Z"
  }, {
    "type" : "place",
    "startTime" : "20151112T120633+0900",
    "endTime" : "20151112T132701+0900",
    "activities" : [ {
      "activity" : "walking",
      "group" : "walking",
      "manual" : false,
      "startTime" : "20151112T120843+0900",
      "endTime" : "20151112T121914+0900",
      "duration" : 631.0,
      "distance" : 590.0,
      "steps" : 786,
      "calories" : 35
    }, {
      "activity" : "walking",
      "group" : "walking",
      "manual" : false,
      "startTime" : "20151112T130138+0900",
      "endTime" : "20151112T130837+0900",
      "duration" : 419.0,
      "distance" : 336.0,
      "steps" : 448,
      "calories" : 20
    } ],
    "lastUpdate" : "20151112T071257Z"
  }, {
    "type" : "move",
    "startTime" : "20151112T132701+0900",
    "endTime" : "20151112T133621+0900",
    "activities" : [ {
      "activity" : "walking",
      "group" : "walking",
      "manual" : false,
      "startTime" : "20151112T132701+0900",
      "endTime" : "20151112T132822+0900",
      "duration" : 81.0,
      "distance" : 54.0,
      "steps" : 91,
      "calories" : 3
    }, {
      "activity" : "cycling",
      "group" : "cycling",
      "manual" : false,
      "startTime" : "20151112T132821+0900",
      "endTime" : "20151112T133621+0900",
      "duration" : 480.0,
      "distance" : 1748.0,
      "calories" : 47
    } ],
    "lastUpdate" : "20151112T071257Z"
  } ],
  "caloriesIdle" : 1706,
  "lastUpdate" : "20151113T002451Z"
}, {
  "date" : "20151113",
  "summary" : [ {
    "activity" : "walking",
    "group" : "walking",
    "duration" : 1061.0,
    "distance" : 975.0,
    "steps" : 1292,
    "calories" : 58
  }, {
    "activity" : "cycling",
    "group" : "cycling",
    "duration" : 244.0,
    "distance" : 942.0,
    "calories" : 25
  } ],
  "segments" : [ {
    "type" : "place",
    "startTime" : "20151113T045316+0900",
    "endTime" : "20151113T085132+0900",
    "activities" : [ {
      "activity" : "walking",
      "group" : "walking",
      "manual" : false,
      "startTime" : "20151113T084758+0900",
      "endTime" : "20151113T084828+0900",
      "duration" : 30.0,
      "distance" : 20.0,
      "steps" : 41,
      "calories" : 1
    } ],
    "lastUpdate" : "20151113T002451Z"
  }, {
    "type" : "place",
    "startTime" : "20151113T085132+0900",
    "endTime" : "20151113T122423+0900",
    "activities" : [ {
      "activity" : "walking",
      "group" : "walking",
      "manual" : false,
      "startTime" : "20151113T101503+0900",
      "endTime" : "20151113T101833+0900",
      "duration" : 210.0,
      "distance" : 168.0,
      "steps" : 225,
      "calories" : 10
    }, {
      "activity" : "walking",
      "group" : "walking",
      "manual" : false,
      "startTime" : "20151113T115947+0900",
      "endTime" : "20151113T120350+0900",
      "duration" : 243.0,
      "distance" : 289.0,
      "steps" : 392,
      "calories" : 17
    } ],
    "lastUpdate" : "20151113T063602Z"
  }, {
    "type" : "place",
    "startTime" : "20151113T122423+0900",
    "endTime" : "20151113T143652+0900",
    "activities" : [ {
      "activity" : "walking",
      "group" : "walking",
      "manual" : false,
      "startTime" : "20151113T123355+0900",
      "endTime" : "20151113T123955+0900",
      "duration" : 360.0,
      "distance" : 270.0,
      "steps" : 316,
      "calories" : 16
    }, {
      "activity" : "walking",
      "group" : "walking",
      "manual" : false,
      "startTime" : "20151113T143202+0900",
      "endTime" : "20151113T143510+0900",
      "duration" : 188.0,
      "distance" : 208.0,
      "steps" : 277,
      "calories" : 12
    } ],
    "lastUpdate" : "20151113T063602Z"
  }, {
    "type" : "move",
    "startTime" : "20151113T143652+0900",
    "endTime" : "20151113T144055+0900",
    "activities" : [ {
      "activity" : "cycling",
      "group" : "cycling",
      "manual" : false,
      "startTime" : "20151113T143652+0900",
      "endTime" : "20151113T144056+0900",
      "duration" : 244.0,
      "distance" : 942.0,
      "calories" : 25
    } ],
    "lastUpdate" : "20151113T063602Z"
  }, {
    "type" : "place",
    "startTime" : "20151113T144056+0900",
    "endTime" : "20151114T173603+0900",
    "activities" : [ {
      "activity" : "walking",
      "group" : "walking",
      "manual" : false,
      "startTime" : "20151113T144334+0900",
      "endTime" : "20151113T144404+0900",
      "duration" : 30.0,
      "distance" : 20.0,
      "steps" : 41,
      "calories" : 1
    } ],
    "lastUpdate" : "20151115T113211Z"
  } ],
  "caloriesIdle" : 1706,
  "lastUpdate" : "20151115T113211Z"
}, {
  "date" : "20151114",
  "summary" : [ {
    "activity" : "walking",
    "group" : "walking",
    "duration" : 30.0,
    "distance" : 15.0,
    "steps" : 20,
    "calories" : 1
  } ],
  "segments" : [ {
    "type" : "place",
    "startTime" : "20151114T173603+0900",
    "endTime" : "20151115T211352+0900",
    "activities" : [ {
      "activity" : "walking",
      "group" : "walking",
      "manual" : false,
      "startTime" : "20151114T225123+0900",
      "endTime" : "20151114T225153+0900",
      "duration" : 30.0,
      "distance" : 15.0,
      "steps" : 20,
      "calories" : 1
    } ],
    "lastUpdate" : "20151116T043504Z"
  } ],
  "caloriesIdle" : 1706,
  "lastUpdate" : "20151116T043504Z"
}, {
  "date" : "20151115",
  "summary" : [ {
    "activity" : "walking",
    "group" : "walking",
    "duration" : 156.0,
    "distance" : 111.0,
    "steps" : 213,
    "calories" : 7
  } ],
  "segments" : [ {
    "type" : "place",
    "startTime" : "20151114T173603+0900",
    "endTime" : "20151115T211352+0900",
    "activities" : [ {
      "activity" : "walking",
      "group" : "walking",
      "manual" : false,
      "startTime" : "20151115T170634+0900",
      "endTime" : "20151115T170734+0900",
      "duration" : 60.0,
      "distance" : 30.0,
      "steps" : 51,
      "calories" : 2
    }, {
      "activity" : "walking",
      "group" : "walking",
      "manual" : false,
      "startTime" : "20151115T205953+0900",
      "endTime" : "20151115T210059+0900",
      "duration" : 66.0,
      "distance" : 61.0,
      "steps" : 121,
      "calories" : 4
    } ],
    "lastUpdate" : "20151116T043504Z"
  }, {
    "type" : "place",
    "startTime" : "20151115T211353+0900",
    "endTime" : "20151116T162702+0900",
    "activities" : [ {
      "activity" : "walking",
      "group" : "walking",
      "manual" : false,
      "startTime" : "20151115T212030+0900",
      "endTime" : "20151115T212100+0900",
      "duration" : 30.0,
      "distance" : 20.0,
      "steps" : 41,
      "calories" : 1
    } ],
    "lastUpdate" : "20151116T104731Z"
  } ],
  "caloriesIdle" : 1706,
  "lastUpdate" : "20151116T104731Z"
}, {
  "date" : "20151116",
  "summary" : [ {
    "activity" : "walking",
    "group" : "walking",
    "duration" : 204.0,
    "distance" : 164.0,
    "steps" : 327,
    "calories" : 10
  }, {
    "activity" : "cycling",
    "group" : "cycling",
    "duration" : 967.0,
    "distance" : 1489.0,
    "calories" : 59
  } ],
  "segments" : [ {
    "type" : "place",
    "startTime" : "20151115T211353+0900",
    "endTime" : "20151116T162702+0900",
    "activities" : [ {
      "activity" : "walking",
      "group" : "walking",
      "manual" : false,
      "startTime" : "20151116T162629+0900",
      "endTime" : "20151116T162659+0900",
      "duration" : 30.0,
      "distance" : 31.0,
      "steps" : 61,
      "calories" : 2
    } ],
    "lastUpdate" : "20151116T104731Z"
  }, {
    "type" : "move",
    "startTime" : "20151116T162702+0900",
    "endTime" : "20151116T163237+0900",
    "activities" : [ {
      "activity" : "cycling",
      "group" : "cycling",
      "manual" : false,
      "startTime" : "20151116T162702+0900",
      "endTime" : "20151116T163238+0900",
      "duration" : 336.0,
      "distance" : 383.0,
      "calories" : 13
    } ],
    "lastUpdate" : "20151116T104731Z"
  }, {
    "type" : "place",
    "startTime" : "20151116T163238+0900",
    "endTime" : "20151116T164426+0900",
    "activities" : [ {
      "activity" : "walking",
      "group" : "walking",
      "manual" : false,
      "startTime" : "20151116T163238+0900",
      "endTime" : "20151116T163432+0900",
      "duration" : 114.0,
      "distance" : 82.0,
      "steps" : 164,
      "calories" : 5
    } ],
    "lastUpdate" : "20151116T104731Z"
  }, {
    "type" : "place",
    "startTime" : "20151116T164426+0900",
    "endTime" : "20151116T175815+0900",
    "activities" : [ {
      "activity" : "walking",
      "group" : "walking",
      "manual" : false,
      "startTime" : "20151116T175545+0900",
      "endTime" : "20151116T175645+0900",
      "duration" : 60.0,
      "distance" : 51.0,
      "steps" : 102,
      "calories" : 3
    } ],
    "lastUpdate" : "20151116T230910Z"
  }, {
    "type" : "move",
    "startTime" : "20151116T175815+0900",
    "endTime" : "20151117T050708+0900",
    "activities" : [ {
      "activity" : "cycling",
      "group" : "cycling",
      "manual" : false,
      "startTime" : "20151116T175815+0900",
      "endTime" : "20151116T180646+0900",
      "duration" : 511.0,
      "distance" : 1106.0,
      "calories" : 32
    }, {
      "activity" : "cycling",
      "group" : "cycling",
      "manual" : false,
      "startTime" : "20151116T181445+0900",
      "endTime" : "20151116T181645+0900",
      "duration" : 120.0,
      "distance" : 0.0,
      "calories" : 14
    } ],
    "lastUpdate" : "20151116T230910Z"
  } ],
  "caloriesIdle" : 1706,
  "lastUpdate" : "20151116T230910Z"
}, {
  "date" : "20151117",
  "summary" : [ {
    "activity" : "cycling",
    "group" : "cycling",
    "duration" : 1275.0,
    "distance" : 2973.0,
    "calories" : 85
  }, {
    "activity" : "walking",
    "group" : "walking",
    "duration" : 2228.0,
    "distance" : 2249.0,
    "steps" : 3054,
    "calories" : 133
  } ],
  "segments" : [ {
    "type" : "move",
    "startTime" : "20151117T084018+0900",
    "endTime" : "20151117T084707+0900",
    "activities" : [ {
      "activity" : "cycling",
      "group" : "cycling",
      "manual" : false,
      "startTime" : "20151117T084018+0900",
      "endTime" : "20151117T084707+0900",
      "duration" : 409.0,
      "distance" : 687.0,
      "calories" : 21
    } ],
    "lastUpdate" : "20151117T034520Z"
  }, {
    "type" : "place",
    "startTime" : "20151117T084707+0900",
    "endTime" : "20151117T101327+0900",
    "activities" : [ {
      "activity" : "walking",
      "group" : "walking",
      "manual" : false,
      "startTime" : "20151117T101146+0900",
      "endTime" : "20151117T101407+0900",
      "duration" : 141.0,
      "distance" : 114.0,
      "steps" : 152,
      "calories" : 7
    } ],
    "lastUpdate" : "20151117T034520Z"
  }, {
    "type" : "move",
    "startTime" : "20151117T101327+0900",
    "endTime" : "20151117T101829+0900",
    "activities" : [ {
      "activity" : "cycling",
      "group" : "cycling",
      "manual" : false,
      "startTime" : "20151117T101327+0900",
      "endTime" : "20151117T101830+0900",
      "duration" : 303.0,
      "distance" : 677.0,
      "calories" : 19
    } ],
    "lastUpdate" : "20151117T034520Z"
  }, {
    "type" : "place",
    "startTime" : "20151117T101830+0900",
    "endTime" : "20151117T125409+0900",
    "activities" : [ {
      "activity" : "walking",
      "group" : "walking",
      "manual" : false,
      "startTime" : "20151117T101847+0900",
      "endTime" : "20151117T101947+0900",
      "duration" : 60.0,
      "distance" : 41.0,
      "steps" : 82,
      "calories" : 2
    }, {
      "activity" : "walking",
      "group" : "walking",
      "manual" : false,
      "startTime" : "20151117T125337+0900",
      "endTime" : "20151117T125724+0900",
      "duration" : 227.0,
      "distance" : 232.0,
      "steps" : 309,
      "calories" : 14
    } ],
    "lastUpdate" : "20151117T112603Z"
  }, {
    "type" : "move",
    "startTime" : "20151117T125409+0900",
    "endTime" : "20151117T125853+0900",
    "activities" : [ {
      "activity" : "cycling",
      "group" : "cycling",
      "manual" : false,
      "startTime" : "20151117T125409+0900",
      "endTime" : "20151117T125853+0900",
      "duration" : 284.0,
      "distance" : 783.0,
      "calories" : 22
    } ],
    "lastUpdate" : "20151117T112603Z"
  }, {
    "type" : "place",
    "startTime" : "20151117T125853+0900",
    "endTime" : "20151117T180222+0900",
    "activities" : [ {
      "activity" : "walking",
      "group" : "walking",
      "manual" : false,
      "startTime" : "20151117T125853+0900",
      "endTime" : "20151117T125938+0900",
      "duration" : 45.0,
      "distance" : 41.0,
      "steps" : 81,
      "calories" : 2
    }, {
      "activity" : "walking",
      "group" : "walking",
      "manual" : false,
      "startTime" : "20151117T140551+0900",
      "endTime" : "20151117T141151+0900",
      "duration" : 360.0,
      "distance" : 344.0,
      "steps" : 459,
      "calories" : 20
    }, {
      "activity" : "walking",
      "group" : "walking",
      "manual" : false,
      "startTime" : "20151117T160017+0900",
      "endTime" : "20151117T161324+0900",
      "duration" : 787.0,
      "distance" : 787.0,
      "steps" : 1050,
      "calories" : 47
    }, {
      "activity" : "walking",
      "group" : "walking",
      "manual" : false,
      "startTime" : "20151117T180036+0900",
      "endTime" : "20151117T180814+0900",
      "duration" : 458.0,
      "distance" : 545.0,
      "steps" : 727,
      "calories" : 32
    } ],
    "lastUpdate" : "20151117T112603Z"
  }, {
    "type" : "move",
    "startTime" : "20151117T180222+0900",
    "endTime" : "20151117T180700+0900",
    "activities" : [ {
      "activity" : "cycling",
      "group" : "cycling",
      "manual" : false,
      "startTime" : "20151117T180222+0900",
      "endTime" : "20151117T180701+0900",
      "duration" : 279.0,
      "distance" : 826.0,
      "calories" : 23
    } ],
    "lastUpdate" : "20151117T112603Z"
  }, {
    "type" : "place",
    "startTime" : "20151117T180701+0900",
    "endTime" : "20151118T102320+0900",
    "activities" : [ {
      "activity" : "walking",
      "group" : "walking",
      "manual" : false,
      "startTime" : "20151117T180709+0900",
      "endTime" : "20151117T180939+0900",
      "duration" : 150.0,
      "distance" : 145.0,
      "steps" : 194,
      "calories" : 9
    } ],
    "lastUpdate" : "20151118T014819Z"
  } ],
  "caloriesIdle" : 1706,
  "lastUpdate" : "20151118T014819Z"
}, {
  "date" : "20151118",
  "summary" : [ {
    "activity" : "walking",
    "group" : "walking",
    "duration" : 2550.0,
    "distance" : 2476.0,
    "steps" : 3228,
    "calories" : 147
  }, {
    "activity" : "cycling",
    "group" : "cycling",
    "duration" : 1426.0,
    "distance" : 5203.0,
    "calories" : 140
  } ],
  "segments" : [ {
    "type" : "place",
    "startTime" : "20151117T180701+0900",
    "endTime" : "20151118T102320+0900",
    "activities" : [ {
      "activity" : "walking",
      "group" : "walking",
      "manual" : false,
      "startTime" : "20151118T043822+0900",
      "endTime" : "20151118T043852+0900",
      "duration" : 30.0,
      "distance" : 15.0,
      "steps" : 31,
      "calories" : 1
    }, {
      "activity" : "walking",
      "group" : "walking",
      "manual" : false,
      "startTime" : "20151118T101415+0900",
      "endTime" : "20151118T101445+0900",
      "duration" : 30.0,
      "distance" : 15.0,
      "steps" : 30,
      "calories" : 1
    } ],
    "lastUpdate" : "20151118T014819Z"
  }, {
    "type" : "move",
    "startTime" : "20151118T102320+0900",
    "endTime" : "20151118T102806+0900",
    "activities" : [ {
      "activity" : "cycling",
      "group" : "cycling",
      "manual" : false,
      "startTime" : "20151118T102320+0900",
      "endTime" : "20151118T102806+0900",
      "duration" : 286.0,
      "distance" : 931.0,
      "calories" : 25
    } ],
    "lastUpdate" : "20151118T014819Z"
  }, {
    "type" : "place",
    "startTime" : "20151118T102806+0900",
    "endTime" : "20151118T120543+0900",
    "activities" : [ {
      "activity" : "walking",
      "group" : "walking",
      "manual" : false,
      "startTime" : "20151118T102826+0900",
      "endTime" : "20151118T102926+0900",
      "duration" : 60.0,
      "distance" : 36.0,
      "steps" : 71,
      "calories" : 2
    }, {
      "activity" : "walking",
      "group" : "walking",
      "manual" : false,
      "startTime" : "20151118T115724+0900",
      "endTime" : "20151118T115824+0900",
      "duration" : 60.0,
      "distance" : 30.0,
      "steps" : 41,
      "calories" : 2
    }, {
      "activity" : "walking",
      "group" : "walking",
      "manual" : false,
      "startTime" : "20151118T120525+0900",
      "endTime" : "20151118T120746+0900",
      "duration" : 141.0,
      "distance" : 216.0,
      "steps" : 288,
      "calories" : 13
    } ],
    "lastUpdate" : "20151118T045554Z"
  }, {
    "type" : "move",
    "startTime" : "20151118T120543+0900",
    "endTime" : "20151118T121626+0900",
    "activities" : [ {
      "activity" : "cycling",
      "group" : "cycling",
      "manual" : false,
      "startTime" : "20151118T120543+0900",
      "endTime" : "20151118T120956+0900",
      "duration" : 253.0,
      "distance" : 1182.0,
      "calories" : 31
    }, {
      "activity" : "walking",
      "group" : "walking",
      "manual" : false,
      "startTime" : "20151118T120955+0900",
      "endTime" : "20151118T121355+0900",
      "duration" : 240.0,
      "distance" : 174.0,
      "steps" : 213,
      "calories" : 10
    }, {
      "activity" : "cycling",
      "group" : "cycling",
      "manual" : false,
      "startTime" : "20151118T121356+0900",
      "endTime" : "20151118T121627+0900",
      "duration" : 151.0,
      "distance" : 547.0,
      "calories" : 15
    } ],
    "lastUpdate" : "20151118T045554Z"
  }, {
    "type" : "place",
    "startTime" : "20151118T121627+0900",
    "endTime" : "20151118T125120+0900",
    "activities" : [ {
      "activity" : "walking",
      "group" : "walking",
      "manual" : false,
      "startTime" : "20151118T121656+0900",
      "endTime" : "20151118T121856+0900",
      "duration" : 120.0,
      "distance" : 152.0,
      "steps" : 203,
      "calories" : 9
    } ],
    "lastUpdate" : "20151118T045554Z"
  }, {
    "type" : "move",
    "startTime" : "20151118T125120+0900",
    "endTime" : "20151118T125402+0900",
    "activities" : [ {
      "activity" : "walking",
      "group" : "walking",
      "manual" : false,
      "startTime" : "20151118T125120+0900",
      "endTime" : "20151118T125402+0900",
      "duration" : 162.0,
      "distance" : 162.0,
      "steps" : 242,
      "calories" : 10
    } ],
    "lastUpdate" : "20151118T045554Z"
  }, {
    "type" : "place",
    "startTime" : "20151118T125402+0900",
    "endTime" : "20151118T130029+0900",
    "activities" : [ {
      "activity" : "walking",
      "group" : "walking",
      "manual" : false,
      "startTime" : "20151118T125659+0900",
      "endTime" : "20151118T125759+0900",
      "duration" : 60.0,
      "distance" : 41.0,
      "steps" : 81,
      "calories" : 2
    } ],
    "lastUpdate" : "20151118T045554Z"
  }, {
    "type" : "move",
    "startTime" : "20151118T130029+0900",
    "endTime" : "20151118T130846+0900",
    "activities" : [ {
      "activity" : "walking",
      "group" : "walking",
      "manual" : false,
      "startTime" : "20151118T130029+0900",
      "endTime" : "20151118T130846+0900",
      "duration" : 497.0,
      "distance" : 361.0,
      "steps" : 502,
      "calories" : 21
    } ],
    "lastUpdate" : "20151118T045554Z"
  }, {
    "type" : "place",
    "startTime" : "20151118T130847+0900",
    "endTime" : "20151118T133703+0900",
    "activities" : [ {
      "activity" : "walking",
      "group" : "walking",
      "manual" : false,
      "startTime" : "20151118T131401+0900",
      "endTime" : "20151118T131601+0900",
      "duration" : 120.0,
      "distance" : 146.0,
      "steps" : 194,
      "calories" : 9
    } ],
    "lastUpdate" : "20151118T062815Z"
  }, {
    "type" : "move",
    "startTime" : "20151118T133703+0900",
    "endTime" : "20151118T134712+0900",
    "activities" : [ {
      "activity" : "walking",
      "group" : "walking",
      "manual" : false,
      "startTime" : "20151118T133703+0900",
      "endTime" : "20151118T134304+0900",
      "duration" : 361.0,
      "distance" : 395.0,
      "steps" : 470,
      "calories" : 23
    }, {
      "activity" : "cycling",
      "group" : "cycling",
      "manual" : false,
      "startTime" : "20151118T134304+0900",
      "endTime" : "20151118T134712+0900",
      "duration" : 248.0,
      "distance" : 603.0,
      "calories" : 17
    } ],
    "lastUpdate" : "20151118T062815Z"
  }, {
    "type" : "place",
    "startTime" : "20151118T134712+0900",
    "endTime" : "20151118T140851+0900",
    "activities" : [ {
      "activity" : "walking",
      "group" : "walking",
      "manual" : false,
      "startTime" : "20151118T134712+0900",
      "endTime" : "20151118T134905+0900",
      "duration" : 113.0,
      "distance" : 58.0,
      "steps" : 116,
      "calories" : 3
    }, {
      "activity" : "walking",
      "group" : "walking",
      "manual" : false,
      "startTime" : "20151118T140504+0900",
      "endTime" : "20151118T140734+0900",
      "duration" : 150.0,
      "distance" : 113.0,
      "steps" : 142,
      "calories" : 7
    } ],
    "lastUpdate" : "20151118T062815Z"
  }, {
    "type" : "move",
    "startTime" : "20151118T140852+0900",
    "endTime" : "20151118T141311+0900",
    "activities" : [ {
      "activity" : "cycling",
      "group" : "cycling",
      "manual" : false,
      "startTime" : "20151118T140852+0900",
      "endTime" : "20151118T141311+0900",
      "duration" : 259.0,
      "distance" : 1134.0,
      "calories" : 30
    } ],
    "lastUpdate" : "20151118T062815Z"
  }, {
    "type" : "place",
    "startTime" : "20151118T141311+0900",
    "endTime" : "20151118T143633+0900",
    "activities" : [ {
      "activity" : "walking",
      "group" : "walking",
      "manual" : false,
      "startTime" : "20151118T141334+0900",
      "endTime" : "20151118T141604+0900",
      "duration" : 150.0,
      "distance" : 175.0,
      "steps" : 234,
      "calories" : 10
    } ],
    "lastUpdate" : "20151118T062815Z"
  }, {
    "type" : "move",
    "startTime" : "20151118T143633+0900",
    "endTime" : "20151118T144337+0900",
    "activities" : [ {
      "activity" : "walking",
      "group" : "walking",
      "manual" : false,
      "startTime" : "20151118T143633+0900",
      "endTime" : "20151118T143949+0900",
      "duration" : 196.0,
      "distance" : 346.0,
      "steps" : 288,
      "calories" : 20
    }, {
      "activity" : "cycling",
      "group" : "cycling",
      "manual" : false,
      "startTime" : "20151118T143949+0900",
      "endTime" : "20151118T144338+0900",
      "duration" : 229.0,
      "distance" : 806.0,
      "calories" : 22
    } ],
    "lastUpdate" : "20151118T062815Z"
  }, {
    "type" : "place",
    "startTime" : "20151118T144338+0900",
    "endTime" : "20151119T085203+0900",
    "activities" : [ {
      "activity" : "walking",
      "group" : "walking",
      "manual" : false,
      "startTime" : "20151118T144407+0900",
      "endTime" : "20151118T144507+0900",
      "duration" : 60.0,
      "distance" : 41.0,
      "steps" : 82,
      "calories" : 2
    } ],
    "lastUpdate" : "20151119T005956Z"
  } ],
  "caloriesIdle" : 1706,
  "lastUpdate" : "20151119T005956Z"
}, {
  "date" : "20151119",
  "summary" : [ {
    "activity" : "walking",
    "group" : "walking",
    "duration" : 1783.0,
    "distance" : 1481.0,
    "steps" : 2062,
    "calories" : 88
  }, {
    "activity" : "cycling",
    "group" : "cycling",
    "duration" : 607.0,
    "distance" : 1711.0,
    "calories" : 48
  } ],
  "segments" : [ {
    "type" : "place",
    "startTime" : "20151118T144338+0900",
    "endTime" : "20151119T085203+0900",
    "activities" : [ {
      "activity" : "walking",
      "group" : "walking",
      "manual" : false,
      "startTime" : "20151119T085153+0900",
      "endTime" : "20151119T091149+0900",
      "duration" : 1196.0,
      "distance" : 897.0,
      "steps" : 1196,
      "calories" : 53
    } ],
    "lastUpdate" : "20151119T005956Z"
  }, {
    "type" : "move",
    "startTime" : "20151119T085203+0900",
    "endTime" : "20151119T085742+0900",
    "activities" : [ {
      "activity" : "cycling",
      "group" : "cycling",
      "manual" : false,
      "startTime" : "20151119T085203+0900",
      "endTime" : "20151119T085742+0900",
      "duration" : 339.0,
      "distance" : 1018.0,
      "calories" : 28
    } ],
    "lastUpdate" : "20151119T005956Z"
  }, {
    "type" : "place",
    "startTime" : "20151119T085742+0900",
    "endTime" : "20151119T113555+0900",
    "activities" : [ {
      "activity" : "walking",
      "group" : "walking",
      "manual" : false,
      "startTime" : "20151119T085742+0900",
      "endTime" : "20151119T085753+0900",
      "duration" : 11.0,
      "distance" : 6.0,
      "steps" : 11,
      "calories" : 0
    }, {
      "activity" : "walking",
      "group" : "walking",
      "manual" : false,
      "startTime" : "20151119T094104+0900",
      "endTime" : "20151119T094409+0900",
      "duration" : 185.0,
      "distance" : 205.0,
      "steps" : 273,
      "calories" : 12
    }, {
      "activity" : "walking",
      "group" : "walking",
      "manual" : false,
      "startTime" : "20151119T100036+0900",
      "endTime" : "20151119T100106+0900",
      "duration" : 30.0,
      "distance" : 15.0,
      "steps" : 20,
      "calories" : 1
    }, {
      "activity" : "walking",
      "group" : "walking",
      "manual" : false,
      "startTime" : "20151119T113438+0900",
      "endTime" : "20151119T113756+0900",
      "duration" : 198.0,
      "distance" : 235.0,
      "steps" : 314,
      "calories" : 14
    } ],
    "lastUpdate" : "20151119T053629Z"
  }, {
    "type" : "place",
    "startTime" : "20151119T113556+0900",
    "endTime" : "20151119T115246+0900",
    "activities" : [ {
      "activity" : "walking",
      "group" : "walking",
      "manual" : false,
      "startTime" : "20151119T113556+0900",
      "endTime" : "20151119T113639+0900",
      "duration" : 43.0,
      "distance" : 32.0,
      "steps" : 64,
      "calories" : 2
    } ],
    "lastUpdate" : "20151119T053629Z"
  }, {
    "type" : "move",
    "startTime" : "20151119T115246+0900",
    "endTime" : "20151119T115713+0900",
    "activities" : [ {
      "activity" : "cycling",
      "group" : "cycling",
      "manual" : false,
      "startTime" : "20151119T115246+0900",
      "endTime" : "20151119T115714+0900",
      "duration" : 268.0,
      "distance" : 693.0,
      "calories" : 19
    } ],
    "lastUpdate" : "20151119T053629Z"
  }, {
    "type" : "place",
    "startTime" : "20151119T115713+0900",
    "endTime" : "20151119T123852+0900",
    "activities" : [ {
      "activity" : "walking",
      "group" : "walking",
      "manual" : false,
      "startTime" : "20151119T115910+0900",
      "endTime" : "20151119T115940+0900",
      "duration" : 30.0,
      "distance" : 25.0,
      "steps" : 51,
      "calories" : 1
    }, {
      "activity" : "walking",
      "group" : "walking",
      "manual" : false,
      "startTime" : "20151119T120311+0900",
      "endTime" : "20151119T120441+0900",
      "duration" : 90.0,
      "distance" : 66.0,
      "steps" : 133,
      "calories" : 4
    } ],
    "lastUpdate" : "20151119T053629Z"
  } ],
  "caloriesIdle" : 1706,
  "lastUpdate" : "20151120T001506Z"
}, {
  "date" : "20151120",
  "summary" : [ {
    "activity" : "walking",
    "group" : "walking",
    "duration" : 2402.0,
    "distance" : 2092.0,
    "steps" : 3162,
    "calories" : 124
  }, {
    "activity" : "cycling",
    "group" : "cycling",
    "duration" : 1652.0,
    "distance" : 4678.0,
    "calories" : 130
  }, {
    "activity" : "transport",
    "group" : "transport",
    "duration" : 234.0,
    "distance" : 475.0
  } ],
  "segments" : [ {
    "type" : "place",
    "startTime" : "20151119T123852+0900",
    "endTime" : "20151120T084355+0900",
    "activities" : [ {
      "activity" : "walking",
      "group" : "walking",
      "manual" : false,
      "startTime" : "20151120T044234+0900",
      "endTime" : "20151120T044304+0900",
      "duration" : 30.0,
      "distance" : 15.0,
      "steps" : 31,
      "calories" : 1
    }, {
      "activity" : "walking",
      "group" : "walking",
      "manual" : false,
      "startTime" : "20151120T084257+0900",
      "endTime" : "20151120T084327+0900",
      "duration" : 30.0,
      "distance" : 20.0,
      "steps" : 41,
      "calories" : 1
    } ],
    "lastUpdate" : "20151120T001506Z"
  }, {
    "type" : "move",
    "startTime" : "20151120T084355+0900",
    "endTime" : "20151120T084635+0900",
    "activities" : [ {
      "activity" : "cycling",
      "group" : "cycling",
      "manual" : false,
      "startTime" : "20151120T084355+0900",
      "endTime" : "20151120T084635+0900",
      "duration" : 160.0,
      "distance" : 822.0,
      "calories" : 22
    } ],
    "lastUpdate" : "20151120T001506Z"
  }, {
    "type" : "place",
    "startTime" : "20151120T084635+0900",
    "endTime" : "20151120T115522+0900",
    "activities" : [ {
      "activity" : "walking",
      "group" : "walking",
      "manual" : false,
      "startTime" : "20151120T084635+0900",
      "endTime" : "20151120T084828+0900",
      "duration" : 113.0,
      "distance" : 58.0,
      "steps" : 115,
      "calories" : 3
    }, {
      "activity" : "walking",
      "group" : "walking",
      "manual" : false,
      "startTime" : "20151120T100933+0900",
      "endTime" : "20151120T101133+0900",
      "duration" : 120.0,
      "distance" : 123.0,
      "steps" : 163,
      "calories" : 7
    } ],
    "lastUpdate" : "20151120T032037Z"
  }, {
    "type" : "move",
    "startTime" : "20151120T115522+0900",
    "endTime" : "20151120T120142+0900",
    "activities" : [ {
      "activity" : "walking",
      "group" : "walking",
      "manual" : false,
      "startTime" : "20151120T115522+0900",
      "endTime" : "20151120T120143+0900",
      "duration" : 381.0,
      "distance" : 247.0,
      "steps" : 492,
      "calories" : 15
    } ],
    "lastUpdate" : "20151120T032037Z"
  }, {
    "type" : "place",
    "startTime" : "20151120T120143+0900",
    "endTime" : "20151120T143244+0900",
    "activities" : [ {
      "activity" : "walking",
      "group" : "walking",
      "manual" : false,
      "startTime" : "20151120T120256+0900",
      "endTime" : "20151120T120826+0900",
      "duration" : 330.0,
      "distance" : 307.0,
      "steps" : 409,
      "calories" : 18
    } ],
    "lastUpdate" : "20151120T062558Z"
  }, {
    "type" : "move",
    "startTime" : "20151120T143244+0900",
    "endTime" : "20151120T144034+0900",
    "activities" : [ {
      "activity" : "walking",
      "group" : "walking",
      "manual" : false,
      "startTime" : "20151120T143244+0900",
      "endTime" : "20151120T143641+0900",
      "duration" : 237.0,
      "distance" : 188.0,
      "steps" : 352,
      "calories" : 11
    }, {
      "activity" : "transport",
      "group" : "transport",
      "manual" : false,
      "startTime" : "20151120T143641+0900",
      "endTime" : "20151120T144035+0900",
      "duration" : 234.0,
      "distance" : 475.0
    } ],
    "lastUpdate" : "20151120T062558Z"
  }, {
    "type" : "place",
    "startTime" : "20151120T144035+0900",
    "endTime" : "20151120T153818+0900",
    "activities" : [ {
      "activity" : "walking",
      "group" : "walking",
      "manual" : false,
      "startTime" : "20151120T153655+0900",
      "endTime" : "20151120T153725+0900",
      "duration" : 30.0,
      "distance" : 25.0,
      "steps" : 51,
      "calories" : 1
    } ],
    "lastUpdate" : "20151120T093141Z"
  }, {
    "type" : "move",
    "startTime" : "20151120T153818+0900",
    "endTime" : "20151120T154655+0900",
    "activities" : [ {
      "activity" : "cycling",
      "group" : "cycling",
      "manual" : false,
      "startTime" : "20151120T153818+0900",
      "endTime" : "20151120T154624+0900",
      "duration" : 486.0,
      "distance" : 1366.0,
      "calories" : 38
    }, {
      "activity" : "walking",
      "group" : "walking",
      "manual" : false,
      "startTime" : "20151120T154624+0900",
      "endTime" : "20151120T154655+0900",
      "duration" : 31.0,
      "distance" : 50.0,
      "steps" : 42,
      "calories" : 3
    } ],
    "lastUpdate" : "20151120T093141Z"
  }, {
    "type" : "place",
    "startTime" : "20151120T154655+0900",
    "endTime" : "20151120T171912+0900",
    "activities" : [ {
      "activity" : "walking",
      "group" : "walking",
      "manual" : false,
      "startTime" : "20151120T154655+0900",
      "endTime" : "20151120T155328+0900",
      "duration" : 393.0,
      "distance" : 370.0,
      "steps" : 493,
      "calories" : 22
    }, {
      "activity" : "walking",
      "group" : "walking",
      "manual" : false,
      "startTime" : "20151120T161618+0900",
      "endTime" : "20151120T161748+0900",
      "duration" : 90.0,
      "distance" : 82.0,
      "steps" : 163,
      "calories" : 5
    }, {
      "activity" : "walking",
      "group" : "walking",
      "manual" : false,
      "startTime" : "20151120T170810+0900",
      "endTime" : "20151120T171611+0900",
      "duration" : 481.0,
      "distance" : 466.0,
      "steps" : 622,
      "calories" : 28
    } ],
    "lastUpdate" : "20151120T093141Z"
  }, {
    "type" : "move",
    "startTime" : "20151120T171912+0900",
    "endTime" : "20151120T173557+0900",
    "activities" : [ {
      "activity" : "cycling",
      "group" : "cycling",
      "manual" : false,
      "startTime" : "20151120T171912+0900",
      "endTime" : "20151120T173558+0900",
      "duration" : 1006.0,
      "distance" : 2490.0,
      "calories" : 70
    } ],
    "lastUpdate" : "20151120T093141Z"
  }, {
    "type" : "place",
    "startTime" : "20151120T173558+0900",
    "endTime" : "20151121T175456+0900",
    "activities" : [ {
      "activity" : "walking",
      "group" : "walking",
      "manual" : false,
      "startTime" : "20151120T173558+0900",
      "endTime" : "20151120T173814+0900",
      "duration" : 136.0,
      "distance" : 141.0,
      "steps" : 188,
      "calories" : 8
    } ],
    "lastUpdate" : "20151122T091417Z"
  } ],
  "caloriesIdle" : 1706,
  "lastUpdate" : "20151122T091417Z"
}, {
  "date" : "20151121",
  "summary" : null,
  "segments" : null,
  "caloriesIdle" : 1706,
  "lastUpdate" : "20151123T052006Z"
}, {
  "date" : "20151122",
  "summary" : [ {
    "activity" : "walking",
    "group" : "walking",
    "duration" : 30.0,
    "distance" : 25.0,
    "steps" : 51,
    "calories" : 1
  } ],
  "segments" : [ {
    "type" : "place",
    "startTime" : "20151121T175456+0900",
    "endTime" : "20151123T125332+0900",
    "activities" : [ {
      "activity" : "walking",
      "group" : "walking",
      "manual" : false,
      "startTime" : "20151122T231924+0900",
      "endTime" : "20151122T231954+0900",
      "duration" : 30.0,
      "distance" : 25.0,
      "steps" : 51,
      "calories" : 1
    } ],
    "lastUpdate" : "20151123T052006Z"
  } ],
  "caloriesIdle" : 1706,
  "lastUpdate" : "20151123T052006Z"
}, {
  "date" : "20151123",
  "summary" : [ {
    "activity" : "walking",
    "group" : "walking",
    "duration" : 4311.0,
    "distance" : 3393.0,
    "steps" : 2996,
    "calories" : 201
  }, {
    "activity" : "cycling",
    "group" : "cycling",
    "duration" : 594.0,
    "distance" : 2042.0,
    "calories" : 55
  } ],
  "segments" : [ {
    "type" : "place",
    "startTime" : "20151121T175456+0900",
    "endTime" : "20151123T125332+0900",
    "activities" : [ {
      "activity" : "walking",
      "group" : "walking",
      "manual" : false,
      "startTime" : "20151123T125117+0900",
      "endTime" : "20151123T135355+0900",
      "duration" : 3758.0,
      "distance" : 2819.0,
      "steps" : 2234,
      "calories" : 167
    } ],
    "lastUpdate" : "20151123T052006Z"
  }, {
    "type" : "move",
    "startTime" : "20151123T125332+0900",
    "endTime" : "20151123T125655+0900",
    "activities" : [ {
      "activity" : "cycling",
      "group" : "cycling",
      "manual" : false,
      "startTime" : "20151123T125332+0900",
      "endTime" : "20151123T125655+0900",
      "duration" : 203.0,
      "distance" : 936.0,
      "calories" : 25
    } ],
    "lastUpdate" : "20151123T052006Z"
  }, {
    "type" : "place",
    "startTime" : "20151123T125655+0900",
    "endTime" : "20151123T142103+0900",
    "activities" : [ {
      "activity" : "walking",
      "group" : "walking",
      "manual" : false,
      "startTime" : "20151123T125720+0900",
      "endTime" : "20151123T125820+0900",
      "duration" : 60.0,
      "distance" : 51.0,
      "steps" : 102,
      "calories" : 3
    } ],
    "lastUpdate" : "20151123T065010Z"
  }, {
    "type" : "move",
    "startTime" : "20151123T142103+0900",
    "endTime" : "20151123T142523+0900",
    "activities" : [ {
      "activity" : "walking",
      "group" : "walking",
      "manual" : false,
      "startTime" : "20151123T142103+0900",
      "endTime" : "20151123T142523+0900",
      "duration" : 260.0,
      "distance" : 311.0,
      "steps" : 341,
      "calories" : 18
    } ],
    "lastUpdate" : "20151123T065010Z"
  }, {
    "type" : "place",
    "startTime" : "20151123T142523+0900",
    "endTime" : "20151123T154617+0900",
    "activities" : [ {
      "activity" : "walking",
      "group" : "walking",
      "manual" : false,
      "startTime" : "20151123T143046+0900",
      "endTime" : "20151123T143316+0900",
      "duration" : 150.0,
      "distance" : 160.0,
      "steps" : 214,
      "calories" : 9
    } ],
    "lastUpdate" : "20151123T082448Z"
  }, {
    "type" : "move",
    "startTime" : "20151123T154617+0900",
    "endTime" : "20151123T155248+0900",
    "activities" : [ {
      "activity" : "cycling",
      "group" : "cycling",
      "manual" : false,
      "startTime" : "20151123T154617+0900",
      "endTime" : "20151123T155248+0900",
      "duration" : 391.0,
      "distance" : 1106.0,
      "calories" : 31
    } ],
    "lastUpdate" : "20151123T082448Z"
  }, {
    "type" : "place",
    "startTime" : "20151123T155248+0900",
    "endTime" : "20151124T123759+0900",
    "activities" : [ {
      "activity" : "walking",
      "group" : "walking",
      "manual" : false,
      "startTime" : "20151123T155248+0900",
      "endTime" : "20151123T155341+0900",
      "duration" : 53.0,
      "distance" : 37.0,
      "steps" : 74,
      "calories" : 2
    }, {
      "activity" : "walking",
      "group" : "walking",
      "manual" : false,
      "startTime" : "20151123T182604+0900",
      "endTime" : "20151123T182634+0900",
      "duration" : 30.0,
      "distance" : 15.0,
      "steps" : 31,
      "calories" : 1
    } ],
    "lastUpdate" : "20151124T060917Z"
  } ],
  "caloriesIdle" : 1706,
  "lastUpdate" : "20151124T060917Z"
}, {
  "date" : "20151124",
  "summary" : [ {
    "activity" : "walking",
    "group" : "walking",
    "duration" : 1923.0,
    "distance" : 2204.0,
    "steps" : 2763,
    "calories" : 131
  } ],
  "segments" : [ {
    "type" : "place",
    "startTime" : "20151123T155248+0900",
    "endTime" : "20151124T123759+0900",
    "activities" : [ {
      "activity" : "walking",
      "group" : "walking",
      "manual" : false,
      "startTime" : "20151124T122720+0900",
      "endTime" : "20151124T122750+0900",
      "duration" : 30.0,
      "distance" : 15.0,
      "steps" : 31,
      "calories" : 1
    } ],
    "lastUpdate" : "20151124T060917Z"
  }, {
    "type" : "move",
    "startTime" : "20151124T123759+0900",
    "endTime" : "20151124T125034+0900",
    "activities" : [ {
      "activity" : "walking",
      "group" : "walking",
      "manual" : false,
      "startTime" : "20151124T123759+0900",
      "endTime" : "20151124T125034+0900",
      "duration" : 755.0,
      "distance" : 938.0,
      "steps" : 1261,
      "calories" : 56
    } ],
    "lastUpdate" : "20151124T060917Z"
  }, {
    "type" : "place",
    "startTime" : "20151124T125034+0900",
    "endTime" : "20151124T174147+0900",
    "activities" : [ {
      "activity" : "walking",
      "group" : "walking",
      "manual" : false,
      "startTime" : "20151124T143115+0900",
      "endTime" : "20151124T143415+0900",
      "duration" : 180.0,
      "distance" : 184.0,
      "steps" : 245,
      "calories" : 11
    }, {
      "activity" : "walking",
      "group" : "walking",
      "manual" : false,
      "startTime" : "20151124T152057+0900",
      "endTime" : "20151124T152157+0900",
      "duration" : 60.0,
      "distance" : 41.0,
      "steps" : 82,
      "calories" : 2
    }, {
      "activity" : "walking",
      "group" : "walking",
      "manual" : false,
      "startTime" : "20151124T160215+0900",
      "endTime" : "20151124T160524+0900",
      "duration" : 189.0,
      "distance" : 230.0,
      "steps" : 307,
      "calories" : 14
    } ],
    "lastUpdate" : "20151124T104746Z"
  }, {
    "type" : "move",
    "startTime" : "20151124T174147+0900",
    "endTime" : "20151124T175157+0900",
    "activities" : [ {
      "activity" : "walking",
      "group" : "walking",
      "manual" : false,
      "startTime" : "20151124T174147+0900",
      "endTime" : "20151124T175158+0900",
      "duration" : 611.0,
      "distance" : 747.0,
      "steps" : 778,
      "calories" : 44
    } ],
    "lastUpdate" : "20151124T104746Z"
  }, {
    "type" : "place",
    "startTime" : "20151124T175157+0900",
    "endTime" : "20151124T175543+0900",
    "activities" : [ {
      "activity" : "walking",
      "group" : "walking",
      "manual" : false,
      "startTime" : "20151124T175355+0900",
      "endTime" : "20151124T175403+0900",
      "duration" : 8.0,
      "distance" : 4.0,
      "steps" : 8,
      "calories" : 0
    } ],
    "lastUpdate" : "20151124T104746Z"
  }, {
    "type" : "place",
    "startTime" : "20151124T181639+0900",
    "endTime" : "20151125T102127+0900",
    "activities" : [ {
      "activity" : "walking",
      "group" : "walking",
      "manual" : false,
      "startTime" : "20151124T232038+0900",
      "endTime" : "20151124T232208+0900",
      "duration" : 90.0,
      "distance" : 45.0,
      "steps" : 51,
      "calories" : 3
    } ],
    "lastUpdate" : "20151125T020904Z"
  } ],
  "caloriesIdle" : 1706,
  "lastUpdate" : "20151125T020904Z"
}, {
  "date" : "20151125",
  "summary" : [ {
    "activity" : "walking",
    "group" : "walking",
    "duration" : 5032.0,
    "distance" : 5480.0,
    "steps" : 7071,
    "calories" : 325
  }, {
    "activity" : "transport",
    "group" : "transport",
    "duration" : 1022.0,
    "distance" : 2865.0
  } ],
  "segments" : [ {
    "type" : "place",
    "startTime" : "20151124T181639+0900",
    "endTime" : "20151125T102127+0900",
    "activities" : [ {
      "activity" : "walking",
      "group" : "walking",
      "manual" : false,
      "startTime" : "20151125T075411+0900",
      "endTime" : "20151125T075441+0900",
      "duration" : 30.0,
      "distance" : 15.0,
      "steps" : 20,
      "calories" : 1
    } ],
    "lastUpdate" : "20151125T020904Z"
  }, {
    "type" : "move",
    "startTime" : "20151125T102127+0900",
    "endTime" : "20151125T103556+0900",
    "activities" : [ {
      "activity" : "walking",
      "group" : "walking",
      "manual" : false,
      "startTime" : "20151125T102127+0900",
      "endTime" : "20151125T103557+0900",
      "duration" : 870.0,
      "distance" : 906.0,
      "steps" : 1106,
      "calories" : 54
    } ],
    "lastUpdate" : "20151125T020904Z"
  }, {
    "type" : "move",
    "startTime" : "20151125T115611+0900",
    "endTime" : "20151125T115909+0900",
    "activities" : [ {
      "activity" : "walking",
      "group" : "walking",
      "manual" : false,
      "startTime" : "20151125T115611+0900",
      "endTime" : "20151125T115909+0900",
      "duration" : 178.0,
      "distance" : 157.0,
      "steps" : 314,
      "calories" : 9
    } ],
    "lastUpdate" : "20151125T051459Z"
  }, {
    "type" : "place",
    "startTime" : "20151125T115909+0900",
    "endTime" : "20151125T143506+0900",
    "activities" : [ {
      "activity" : "walking",
      "group" : "walking",
      "manual" : false,
      "startTime" : "20151125T120141+0900",
      "endTime" : "20151125T120641+0900",
      "duration" : 300.0,
      "distance" : 328.0,
      "steps" : 438,
      "calories" : 19
    }, {
      "activity" : "walking",
      "group" : "walking",
      "manual" : false,
      "startTime" : "20151125T142428+0900",
      "endTime" : "20151125T142918+0900",
      "duration" : 290.0,
      "distance" : 353.0,
      "steps" : 471,
      "calories" : 21
    } ],
    "lastUpdate" : "20151125T064923Z"
  }, {
    "type" : "place",
    "startTime" : "20151125T143507+0900",
    "endTime" : "20151125T161543+0900",
    "activities" : [ {
      "activity" : "walking",
      "group" : "walking",
      "manual" : false,
      "startTime" : "20151125T160543+0900",
      "endTime" : "20151125T160844+0900",
      "duration" : 181.0,
      "distance" : 162.0,
      "steps" : 215,
      "calories" : 10
    } ],
    "lastUpdate" : "20151125T085538Z"
  }, {
    "type" : "move",
    "startTime" : "20151125T161543+0900",
    "endTime" : "20151125T164122+0900",
    "activities" : [ {
      "activity" : "transport",
      "group" : "transport",
      "manual" : false,
      "startTime" : "20151125T161543+0900",
      "endTime" : "20151125T162445+0900",
      "duration" : 542.0,
      "distance" : 1465.0
    }, {
      "activity" : "walking",
      "group" : "walking",
      "manual" : false,
      "startTime" : "20151125T162445+0900",
      "endTime" : "20151125T164122+0900",
      "duration" : 997.0,
      "distance" : 1133.0,
      "steps" : 1313,
      "calories" : 67
    } ],
    "lastUpdate" : "20151125T085538Z"
  }, {
    "type" : "place",
    "startTime" : "20151125T164122+0900",
    "endTime" : "20151125T173014+0900",
    "activities" : [ {
      "activity" : "walking",
      "group" : "walking",
      "manual" : false,
      "startTime" : "20151125T164347+0900",
      "endTime" : "20151125T164417+0900",
      "duration" : 30.0,
      "distance" : 15.0,
      "steps" : 31,
      "calories" : 1
    }, {
      "activity" : "walking",
      "group" : "walking",
      "manual" : false,
      "startTime" : "20151125T171240+0900",
      "endTime" : "20151125T171940+0900",
      "duration" : 420.0,
      "distance" : 367.0,
      "steps" : 490,
      "calories" : 22
    } ],
    "lastUpdate" : "20151125T125511Z"
  }, {
    "type" : "move",
    "startTime" : "20151125T173014+0900",
    "endTime" : "20151125T180159+0900",
    "activities" : [ {
      "activity" : "walking",
      "group" : "walking",
      "manual" : false,
      "startTime" : "20151125T173014+0900",
      "endTime" : "20151125T174453+0900",
      "duration" : 879.0,
      "distance" : 1011.0,
      "steps" : 1289,
      "calories" : 60
    }, {
      "activity" : "transport",
      "group" : "transport",
      "manual" : false,
      "startTime" : "20151125T174453+0900",
      "endTime" : "20151125T175253+0900",
      "duration" : 480.0,
      "distance" : 1400.0
    }, {
      "activity" : "walking",
      "group" : "walking",
      "manual" : false,
      "startTime" : "20151125T175253+0900",
      "endTime" : "20151125T180159+0900",
      "duration" : 546.0,
      "distance" : 681.0,
      "steps" : 928,
      "calories" : 40
    } ],
    "lastUpdate" : "20151125T125511Z"
  }, {
    "type" : "move",
    "startTime" : "20151125T180550+0900",
    "endTime" : "20151125T181001+0900",
    "activities" : [ {
      "activity" : "walking",
      "group" : "walking",
      "manual" : false,
      "startTime" : "20151125T180550+0900",
      "endTime" : "20151125T181001+0900",
      "duration" : 251.0,
      "distance" : 322.0,
      "steps" : 405,
      "calories" : 19
    } ],
    "lastUpdate" : "20151125T125511Z"
  }, {
    "type" : "place",
    "startTime" : "20151125T181001+0900",
    "endTime" : "20151126T085202+0900",
    "activities" : [ {
      "activity" : "walking",
      "group" : "walking",
      "manual" : false,
      "startTime" : "20151125T181124+0900",
      "endTime" : "20151125T181224+0900",
      "duration" : 60.0,
      "distance" : 30.0,
      "steps" : 51,
      "calories" : 2
    } ],
    "lastUpdate" : "20151126T042443Z"
  } ],
  "caloriesIdle" : 1706,
  "lastUpdate" : "20151126T042443Z"
}, {
  "date" : "20151126",
  "summary" : [ {
    "activity" : "walking",
    "group" : "walking",
    "duration" : 1345.0,
    "distance" : 1835.0,
    "steps" : 1982,
    "calories" : 109
  }, {
    "activity" : "running",
    "group" : "running",
    "duration" : 184.0,
    "distance" : 427.0,
    "steps" : 480,
    "calories" : 31
  } ],
  "segments" : [ {
    "type" : "move",
    "startTime" : "20151126T085202+0900",
    "endTime" : "20151126T085942+0900",
    "activities" : [ {
      "activity" : "walking",
      "group" : "walking",
      "manual" : false,
      "startTime" : "20151126T085202+0900",
      "endTime" : "20151126T085638+0900",
      "duration" : 276.0,
      "distance" : 558.0,
      "steps" : 561,
      "calories" : 33
    }, {
      "activity" : "running",
      "group" : "running",
      "manual" : false,
      "startTime" : "20151126T085638+0900",
      "endTime" : "20151126T085942+0900",
      "duration" : 184.0,
      "distance" : 427.0,
      "steps" : 480,
      "calories" : 31
    } ],
    "lastUpdate" : "20151126T042443Z"
  }, {
    "type" : "place",
    "startTime" : "20151126T085942+0900",
    "endTime" : "20151126T113300+0900",
    "activities" : [ {
      "activity" : "walking",
      "group" : "walking",
      "manual" : false,
      "startTime" : "20151126T085942+0900",
      "endTime" : "20151126T090038+0900",
      "duration" : 56.0,
      "distance" : 38.0,
      "steps" : 76,
      "calories" : 2
    }, {
      "activity" : "walking",
      "group" : "walking",
      "manual" : false,
      "startTime" : "20151126T101229+0900",
      "endTime" : "20151126T101559+0900",
      "duration" : 210.0,
      "distance" : 158.0,
      "steps" : 203,
      "calories" : 9
    } ],
    "lastUpdate" : "20151126T042443Z"
  }, {
    "type" : "move",
    "startTime" : "20151126T113300+0900",
    "endTime" : "20151126T114041+0900",
    "activities" : [ {
      "activity" : "walking",
      "group" : "walking",
      "manual" : false,
      "startTime" : "20151126T113300+0900",
      "endTime" : "20151126T114041+0900",
      "duration" : 461.0,
      "distance" : 638.0,
      "steps" : 645,
      "calories" : 38
    } ],
    "lastUpdate" : "20151126T042443Z"
  }, {
    "type" : "place",
    "startTime" : "20151126T114041+0900",
    "endTime" : "20151126T114753+0900",
    "activities" : [ {
      "activity" : "walking",
      "group" : "walking",
      "manual" : false,
      "startTime" : "20151126T114234+0900",
      "endTime" : "20151126T114334+0900",
      "duration" : 60.0,
      "distance" : 46.0,
      "steps" : 92,
      "calories" : 3
    } ],
    "lastUpdate" : "20151126T042443Z"
  }, {
    "type" : "move",
    "startTime" : "20151126T114753+0900",
    "endTime" : "20151126T115235+0900",
    "activities" : [ {
      "activity" : "walking",
      "group" : "walking",
      "manual" : false,
      "startTime" : "20151126T114753+0900",
      "endTime" : "20151126T115235+0900",
      "duration" : 282.0,
      "distance" : 397.0,
      "steps" : 405,
      "calories" : 24
    } ],
    "lastUpdate" : "20151126T042443Z"
  } ],
  "caloriesIdle" : 1706,
  "lastUpdate" : "20151127T002620Z"
}, {
  "date" : "20151127",
  "summary" : [ {
    "activity" : "walking",
    "group" : "walking",
    "duration" : 2431.0,
    "distance" : 2479.0,
    "steps" : 3261,
    "calories" : 147
  }, {
    "activity" : "running",
    "group" : "running",
    "duration" : 383.0,
    "distance" : 692.0,
    "steps" : 798,
    "calories" : 51
  } ],
  "segments" : [ {
    "type" : "place",
    "startTime" : "20151126T115235+0900",
    "endTime" : "20151127T083411+0900",
    "activities" : [ {
      "activity" : "walking",
      "group" : "walking",
      "manual" : false,
      "startTime" : "20151127T083318+0900",
      "endTime" : "20151127T083348+0900",
      "duration" : 30.0,
      "distance" : 20.0,
      "steps" : 41,
      "calories" : 1
    } ],
    "lastUpdate" : "20151127T002620Z"
  }, {
    "type" : "move",
    "startTime" : "20151127T083411+0900",
    "endTime" : "20151127T084239+0900",
    "activities" : [ {
      "activity" : "running",
      "group" : "running",
      "manual" : false,
      "startTime" : "20151127T083411+0900",
      "endTime" : "20151127T083803+0900",
      "duration" : 232.0,
      "distance" : 416.0,
      "steps" : 519,
      "calories" : 31
    }, {
      "activity" : "walking",
      "group" : "walking",
      "manual" : false,
      "startTime" : "20151127T083804+0900",
      "endTime" : "20151127T084219+0900",
      "duration" : 255.0,
      "distance" : 318.0,
      "steps" : 442,
      "calories" : 19
    }, {
      "activity" : "running",
      "group" : "running",
      "manual" : false,
      "startTime" : "20151127T084219+0900",
      "endTime" : "20151127T084239+0900",
      "duration" : 20.0,
      "distance" : 62.0,
      "steps" : 41,
      "calories" : 4
    } ],
    "lastUpdate" : "20151127T002620Z"
  }, {
    "type" : "move",
    "startTime" : "20151127T084239+0900",
    "endTime" : "20151127T084303+0900",
    "activities" : [ {
      "activity" : "running",
      "group" : "running",
      "manual" : false,
      "startTime" : "20151127T084239+0900",
      "endTime" : "20151127T084304+0900",
      "duration" : 25.0,
      "distance" : 89.0,
      "steps" : 59,
      "calories" : 6
    } ],
    "lastUpdate" : "20151127T050913Z"
  }, {
    "type" : "place",
    "startTime" : "20151127T084303+0900",
    "endTime" : "20151127T134348+0900",
    "activities" : [ {
      "activity" : "running",
      "group" : "running",
      "manual" : false,
      "startTime" : "20151127T084303+0900",
      "endTime" : "20151127T084449+0900",
      "duration" : 106.0,
      "distance" : 125.0,
      "steps" : 179,
      "calories" : 10
    }, {
      "activity" : "walking",
      "group" : "walking",
      "manual" : false,
      "startTime" : "20151127T084519+0900",
      "endTime" : "20151127T084549+0900",
      "duration" : 30.0,
      "distance" : 15.0,
      "steps" : 20,
      "calories" : 1
    }, {
      "activity" : "walking",
      "group" : "walking",
      "manual" : false,
      "startTime" : "20151127T101010+0900",
      "endTime" : "20151127T101341+0900",
      "duration" : 211.0,
      "distance" : 201.0,
      "steps" : 268,
      "calories" : 12
    }, {
      "activity" : "walking",
      "group" : "walking",
      "manual" : false,
      "startTime" : "20151127T120008+0900",
      "endTime" : "20151127T121039+0900",
      "duration" : 631.0,
      "distance" : 643.0,
      "steps" : 857,
      "calories" : 38
    } ],
    "lastUpdate" : "20151127T064324Z"
  }, {
    "type" : "move",
    "startTime" : "20151127T142923+0900",
    "endTime" : "20151127T143926+0900",
    "activities" : [ {
      "activity" : "walking",
      "group" : "walking",
      "manual" : false,
      "startTime" : "20151127T142923+0900",
      "endTime" : "20151127T143927+0900",
      "duration" : 604.0,
      "distance" : 636.0,
      "steps" : 820,
      "calories" : 38
    } ],
    "lastUpdate" : "20151127T064324Z"
  }, {
    "type" : "move",
    "startTime" : "20151127T144316+0900",
    "endTime" : "20151127T145126+0900",
    "activities" : [ {
      "activity" : "walking",
      "group" : "walking",
      "manual" : false,
      "startTime" : "20151127T144316+0900",
      "endTime" : "20151127T145126+0900",
      "duration" : 490.0,
      "distance" : 450.0,
      "steps" : 537,
      "calories" : 27
    } ],
    "lastUpdate" : "20151127T064324Z"
  }, {
    "type" : "place",
    "startTime" : "20151127T145126+0900",
    "endTime" : "20151128T171447+0900",
    "activities" : [ {
      "activity" : "walking",
      "group" : "walking",
      "manual" : false,
      "startTime" : "20151127T145207+0900",
      "endTime" : "20151127T145237+0900",
      "duration" : 30.0,
      "distance" : 20.0,
      "steps" : 41,
      "calories" : 1
    }, {
      "activity" : "walking",
      "group" : "walking",
      "manual" : false,
      "startTime" : "20151127T150008+0900",
      "endTime" : "20151127T150238+0900",
      "duration" : 150.0,
      "distance" : 176.0,
      "steps" : 235,
      "calories" : 10
    } ],
    "lastUpdate" : "20151128T132603Z"
  } ],
  "caloriesIdle" : 1706,
  "lastUpdate" : "20151128T132603Z"
}, {
  "date" : "20151128",
  "summary" : [ {
    "activity" : "walking",
    "group" : "walking",
    "duration" : 60.0,
    "distance" : 35.0,
    "steps" : 61,
    "calories" : 2
  } ],
  "segments" : [ {
    "type" : "place",
    "startTime" : "20151127T145126+0900",
    "endTime" : "20151128T171447+0900",
    "activities" : [ {
      "activity" : "walking",
      "group" : "walking",
      "manual" : false,
      "startTime" : "20151128T064446+0900",
      "endTime" : "20151128T064516+0900",
      "duration" : 30.0,
      "distance" : 20.0,
      "steps" : 41,
      "calories" : 1
    } ],
    "lastUpdate" : "20151128T132603Z"
  }, {
    "type" : "place",
    "startTime" : "20151128T205211+0900",
    "endTime" : "20151129T230228+0900",
    "activities" : [ {
      "activity" : "walking",
      "group" : "walking",
      "manual" : false,
      "startTime" : "20151128T234025+0900",
      "endTime" : "20151128T234055+0900",
      "duration" : 30.0,
      "distance" : 15.0,
      "steps" : 20,
      "calories" : 1
    } ],
    "lastUpdate" : "20151130T103314Z"
  } ],
  "caloriesIdle" : 1706,
  "lastUpdate" : "20151130T103314Z"
}, {
  "date" : "20151129",
  "summary" : null,
  "segments" : null,
  "caloriesIdle" : 1706,
  "lastUpdate" : "20151130T103314Z"
}, {
  "date" : "20151130",
  "summary" : [ {
    "activity" : "running",
    "group" : "running",
    "duration" : 287.0,
    "distance" : 721.0,
    "steps" : 691,
    "calories" : 52
  }, {
    "activity" : "walking",
    "group" : "walking",
    "duration" : 1631.0,
    "distance" : 1466.0,
    "steps" : 2266,
    "calories" : 87
  } ],
  "segments" : [ {
    "type" : "move",
    "startTime" : "20151130T162353+0900",
    "endTime" : "20151130T162839+0900",
    "activities" : [ {
      "activity" : "running",
      "group" : "running",
      "manual" : false,
      "startTime" : "20151130T162353+0900",
      "endTime" : "20151130T162840+0900",
      "duration" : 287.0,
      "distance" : 721.0,
      "steps" : 691,
      "calories" : 52
    } ],
    "lastUpdate" : "20151130T103314Z"
  }, {
    "type" : "place",
    "startTime" : "20151130T162839+0900",
    "endTime" : "20151130T174245+0900",
    "activities" : [ {
      "activity" : "walking",
      "group" : "walking",
      "manual" : false,
      "startTime" : "20151130T162839+0900",
      "endTime" : "20151130T163005+0900",
      "duration" : 86.0,
      "distance" : 83.0,
      "steps" : 165,
      "calories" : 5
    } ],
    "lastUpdate" : "20151130T103316Z"
  }, {
    "type" : "move",
    "startTime" : "20151130T174245+0900",
    "endTime" : "20151130T174826+0900",
    "activities" : [ {
      "activity" : "walking",
      "group" : "walking",
      "manual" : false,
      "startTime" : "20151130T174245+0900",
      "endTime" : "20151130T174826+0900",
      "duration" : 341.0,
      "distance" : 252.0,
      "steps" : 411,
      "calories" : 15
    } ],
    "lastUpdate" : "20151130T103316Z"
  }, {
    "type" : "place",
    "startTime" : "20151130T174826+0900",
    "endTime" : "20151130T191949+0900",
    "activities" : [ {
      "activity" : "walking",
      "group" : "walking",
      "manual" : false,
      "startTime" : "20151130T191657+0900",
      "endTime" : "20151130T191827+0900",
      "duration" : 90.0,
      "distance" : 76.0,
      "steps" : 153,
      "calories" : 5
    } ],
    "lastUpdate" : "20151130T120418Z"
  }, {
    "type" : "move",
    "startTime" : "20151130T191949+0900",
    "endTime" : "20151130T193752+0900",
    "activities" : [ {
      "activity" : "walking",
      "group" : "walking",
      "manual" : false,
      "startTime" : "20151130T191949+0900",
      "endTime" : "20151130T193753+0900",
      "duration" : 1084.0,
      "distance" : 1040.0,
      "steps" : 1517,
      "calories" : 62
    } ],
    "lastUpdate" : "20151130T120418Z"
  }, {
    "type" : "place",
    "startTime" : "20151130T193753+0900",
    "endTime" : "20151201T083047+0900",
    "activities" : [ {
      "activity" : "walking",
      "group" : "walking",
      "manual" : false,
      "startTime" : "20151130T203221+0900",
      "endTime" : "20151130T203251+0900",
      "duration" : 30.0,
      "distance" : 15.0,
      "steps" : 20,
      "calories" : 1
    } ],
    "lastUpdate" : "20151201T002022Z"
  } ],
  "caloriesIdle" : 1706,
  "lastUpdate" : "20151201T002022Z"
} ]