Date,Activity,Group,Duration,Distance,Steps,Calories
15/04/01,walking,walking,9724,7.380,15553,704
15/04/01,running,running,421,0.478,913,57
15/04/02,walking,walking,2983,2.105,4306,201
15/04/03,walking,walking,4843,3.243,6972,309
15/04/03,transport,transport,195,0.217,0,0
15/04/04,walking,walking,4968,3.967,7902,378
15/04/05,walking,walking,60,0.019,60,2
15/04/06,walking,walking,3589,2.231,5335,213
15/04/07,walking,walking,9108,6.194,14302,591
15/04/07,running,running,704,0.954,1541,112
15/04/07,transport,transport,766,3.649,0,0
15/04/08,walking,walking,4836,3.327,7631,317
15/04/08,transport,transport,4312,17.725,0,0
15/04/08,running,running,125,0.210,296,24
15/04/08,cycling,cycling,6406,13.863,0,605
15/04/09,walking,walking,2471,1.424,3434,136
15/04/09,transport,transport,632,1.871,0,0
15/04/09,cycling,cycling,600,1.819,0,77
15/04/10,walking,walking,4694,3.135,7603,299
15/04/10,transport,transport,362,0.844,0,0
15/04/10,cycling,cycling,1281,3.190,0,137
15/04/11,walking,walking,63,0.019,52,2
15/04/12,walking,walking,5896,4.746,10661,453
15/04/12,cycling,cycling,964,2.220,0,96
15/04/12,transport,transport,1579,1.368,0,0
15/04/13,walking,walking,4721,3.171,7832,302
15/04/13,cycling,cycling,1169,3.728,0,157
15/04/13,transport,transport,510,0.895,0,0
15/04/14,walking,walking,4751,3.198,7207,305
15/04/14,transport,transport,249,0.566,0,0
15/04/14,cycling,cycling,1994,5.533,0,236
15/04/15,walking,walking,3010,2.091,4700,199
15/04/15,cycling,cycling,228,0.536,0,23
15/04/16,walking,walking,2958,1.680,4031,160
15/04/16,cycling,cycling,3373,6.922,0,304
15/04/16,running,running,150,0.182,325,22
15/04/17,cycling,cycling,741,2.316,0,98
15/04/17,walking,walking,2250,1.464,3474,140
15/04/17,transport,transport,315,0.555,0,0
15/04/18,transport,transport,2097,2.295,0,0
15/04/18,walking,walking,3618,2.680,6083,256
15/04/19,walking,walking,30,0.009,31,1
15/04/20,walking,walking,5199,3.565,8286,340
15/04/20,transport,transport,1572,3.782,0,0
15/04/20,cycling,cycling,250,0.528,0,23
15/04/21,walking,walking,3780,2.534,6076,242
15/04/21,cycling,cycling,1655,4.456,0,191
15/04/21,transport,transport,556,0.964,0,0
15/04/22,walking,walking,2712,1.576,3876,150
15/04/22,cycling,cycling,103,0.416,0,17
15/04/22,transport,transport,5673,10.235,0,0
15/04/23,walking,walking,1804,1.324,2815,126
15/04/23,cycling,cycling,1027,2.295,0,100
15/04/24,cycling,cycling,710,2.503,0,105
15/04/24,walking,walking,4823,3.517,7949,335
15/04/24,running,running,337,0.615,747,71
15/04/25,walking,walking,5030,2.915,8476,278
15/04/25,cycling,cycling,2710,4.931,0,220
15/04/25,transport,transport,210,0.224,0,0
15/04/26,walking,walking,975,0.617,1534,59
15/04/26,cycling,cycling,1100,2.782,0,120
15/04/26,transport,transport,5217,10.786,0,0
15/04/27,walking,walking,2116,1.331,2952,127
15/04/27,cycling,cycling,2401,3.778,0,171
15/04/27,running,running,121,0.164,315,19
15/04/28,walking,walking,1637,1.523,2426,145
15/04/28,cycling,cycling,865,1.776,0,78
15/04/28,transport,transport,580,0.414,0,0
15/04/30,cycling,cycling,951,1.404,0,64
15/04/30,walking,walking,236,0.165,419,16
15/04/30,transport,transport,673,0.481,0,0
