Date,Activity,Group,Duration,Distance,Steps,Calories
14/11/02,walking,walking,60,0.019,60,2
14/11/03,walking,walking,4082,3.139,6543,300
14/11/03,transport,transport,7002,48.478,0,0
14/11/04,walking,walking,4048,2.559,6619,245
14/11/04,transport,transport,6517,49.023,0,0
14/11/05,walking,walking,3220,2.179,5702,208
14/11/05,transport,transport,11881,48.570,0,0
14/11/05,running,running,120,0.228,297,26
14/11/06,walking,walking,3394,2.669,5933,255
14/11/06,transport,transport,6586,48.182,0,0
14/11/06,running,running,361,0.495,908,58
14/11/07,walking,walking,4168,3.078,7211,294
14/11/07,transport,transport,11382,95.443,0,0
14/11/07,running,running,168,0.285,420,33
14/11/10,walking,walking,4641,3.231,7338,309
14/11/10,transport,transport,6527,48.919,0,0
14/11/10,running,running,129,0.130,300,16
14/11/11,walking,walking,4356,3.318,7769,317
14/11/11,transport,transport,11663,76.346,0,0
14/11/11,running,running,120,0.158,298,19
14/11/12,walking,walking,7049,5.305,12765,507
14/11/12,transport,transport,10706,76.873,0,0
14/11/12,running,running,151,0.231,370,27
14/11/13,walking,walking,4400,2.971,7190,284
14/11/13,transport,transport,6421,48.639,0,0
14/11/13,running,running,158,0.180,413,21
14/11/14,walking,walking,4441,3.877,7415,371
14/11/14,transport,transport,11610,87.202,0,0
14/11/14,running,running,270,0.403,703,47
14/11/16,walking,walking,1551,1.255,2177,120
14/11/17,walking,walking,5044,3.637,8573,348
14/11/17,transport,transport,7082,48.709,0,0
14/11/18,walking,walking,4376,3.073,7826,294
14/11/18,transport,transport,11752,76.475,0,0
14/11/19,walking,walking,5660,4.053,9755,388
14/11/19,transport,transport,10797,76.267,0,0
14/11/19,running,running,158,0.191,395,23
14/11/20,walking,walking,3333,2.394,5270,229
14/11/20,transport,transport,7030,48.824,0,0
14/11/20,running,running,443,0.774,1146,90
14/11/21,walking,walking,8082,5.734,13624,548
14/11/21,transport,transport,3525,24.431,0,0
14/11/21,running,running,263,0.303,603,36
14/11/22,walking,walking,7690,5.490,12614,525
14/11/22,transport,transport,8221,52.008,0,0
14/11/22,running,running,635,0.874,1502,103
14/11/23,walking,walking,1427,1.048,2020,100
14/11/23,cycling,cycling,4566,8.276,0,370
14/11/24,walking,walking,8217,5.706,12595,546
14/11/24,transport,transport,4899,18.594,0,0
14/11/25,transport,transport,8910,69.799,0,0
14/11/25,walking,walking,2648,1.514,4295,145
14/11/26,walking,walking,4944,3.616,8547,346
14/11/26,transport,transport,12084,77.131,0,0
14/11/27,walking,walking,2387,1.598,3980,153
14/11/27,transport,transport,6706,44.325,0,0
14/11/27,running,running,120,0.180,314,21
14/11/28,walking,walking,3341,2.461,6230,235
14/11/28,transport,transport,10956,82.099,0,0
14/11/29,walking,walking,216,0.144,332,14
14/11/30,walking,walking,30,0.009,31,1
