Date,Activity,Group,Duration,Distance,Steps,Calories
15/01/01,walking,walking,943,0.632,1453,60
15/01/01,walking,walking,943,0.632,1453,60
15/01/02,walking,walking,473,0.290,604,28
15/01/03,walking,walking,481,0.330,722,31
15/01/04,walking,walking,511,0.288,797,27
15/01/05,walking,walking,5736,3.706,8184,353
15/01/05,transport,transport,1938,5.789,0,0
15/01/06,walking,walking,1857,1.618,3226,154
15/01/06,transport,transport,8305,48.816,0,0
15/01/06,running,running,165,0.236,412,28
15/01/08,walking,walking,5232,3.331,8372,318
15/01/08,transport,transport,8157,48.396,0,0
15/01/08,running,running,246,0.421,582,49
15/01/09,walking,walking,2460,1.740,4406,166
15/01/09,transport,transport,7244,46.277,0,0
15/01/09,running,running,241,0.241,555,29
15/01/10,transport,transport,2210,1.687,0,0
15/01/10,walking,walking,1432,1.002,2433,96
15/01/11,walking,walking,417,0.245,626,23
15/01/12,walking,walking,599,0.273,861,26
15/01/13,walking,walking,2557,1.637,3931,156
15/01/13,transport,transport,1759,6.362,0,0
15/01/14,walking,walking,636,0.543,1052,52
15/01/15,walking,walking,779,0.553,1207,53
15/01/16,walking,walking,1157,0.659,1792,63
15/01/17,walking,walking,2772,1.724,4589,164
15/01/17,transport,transport,2964,16.907,0,0
15/01/18,walking,walking,1624,1.112,2662,106
15/01/18,transport,transport,3165,17.510,0,0
15/01/18,running,running,283,0.400,829,47
15/01/19,walking,walking,7101,5.180,12758,494
15/01/19,transport,transport,8276,74.578,0,0
15/01/19,running,running,398,0.505,934,60
15/01/20,walking,walking,3787,2.792,6976,266
15/01/20,transport,transport,23454,72.218,0,0
15/01/21,transport,transport,35269,60.474,0,0
15/01/21,walking,walking,3208,2.172,5447,207
15/01/22,walking,walking,2664,1.779,4304,170
15/01/22,transport,transport,7496,69.418,0,0
15/01/22,running,running,240,0.360,629,42
15/01/23,walking,walking,4034,2.677,7021,255
15/01/23,transport,transport,6059,43.890,0,0
15/01/23,running,running,150,0.176,406,21
15/01/24,walking,walking,2252,1.614,4104,154
15/01/24,transport,transport,40711,51.178,0,0
15/01/24,running,running,381,0.349,790,43
15/01/25,walking,walking,5701,3.537,7630,337
15/01/25,transport,transport,41857,2.421,0,0
15/01/27,walking,walking,1068,0.713,1648,68
15/01/28,walking,walking,1539,1.157,2613,110
15/01/28,transport,transport,1481,7.263,0,0
15/01/29,walking,walking,2305,1.415,3755,135
15/01/29,transport,transport,2762,27.926,0,0
15/01/30,walking,walking,1511,1.300,2714,124
15/01/30,transport,transport,7404,67.224,0,0
15/01/30,running,running,373,0.536,874,63
15/01/31,walking,walking,3275,2.443,5619,233
15/01/31,transport,transport,7348,59.549,0,0
15/01/31,running,running,150,0.175,395,21
