Date,Activity,Group,Duration,Distance,Steps,Calories
15/07/01,walking,walking,1842,1.068,2711,102
15/07/01,cycling,cycling,563,0.668,0,32
15/07/01,transport,transport,777,0.964,0,0
15/07/02,transport,transport,64,0.236,0,0
15/07/02,walking,walking,970,0.575,1319,55
15/07/02,cycling,cycling,620,2.193,0,92
15/07/03,walking,walking,3462,2.362,5183,225
15/07/03,cycling,cycling,330,0.953,0,41
15/07/03,transport,transport,141,0.341,0,0
15/07/05,walking,walking,90,0.028,82,3
15/07/06,walking,walking,6045,4.686,10083,447
15/07/06,cycling,cycling,682,2.196,0,93
15/07/07,transport,transport,1367,1.097,0,0
15/07/07,walking,walking,850,0.469,1173,45
15/07/07,cycling,cycling,1239,2.863,0,124
15/07/08,walking,walking,2830,1.766,3927,168
15/07/08,cycling,cycling,1070,2.285,0,100
15/07/09,walking,walking,2977,2.238,4954,213
15/07/09,transport,transport,581,0.810,0,0
15/07/09,cycling,cycling,539,1.854,0,78
15/07/10,walking,walking,1129,0.848,1752,81
15/07/10,cycling,cycling,430,0.802,0,36
15/07/12,walking,walking,30,0.010,31,1
15/07/13,walking,walking,1049,0.561,1391,53
15/07/13,cycling,cycling,958,2.572,0,110
15/07/14,cycling,cycling,1563,2.460,0,112
15/07/14,walking,walking,1751,1.086,2333,104
15/07/14,transport,transport,814,0.574,0,0
15/07/15,walking,walking,2413,1.434,3304,137
15/07/15,cycling,cycling,1475,3.988,0,170
15/07/15,transport,transport,650,1.287,0,0
15/07/16,walking,walking,3337,2.410,5159,230
15/07/16,cycling,cycling,218,0.574,0,25
15/07/16,transport,transport,195,0.605,0,0
15/07/17,walking,walking,2141,1.422,2886,136
15/07/17,cycling,cycling,389,1.204,0,51
15/07/17,transport,transport,150,0.285,0,0
15/07/19,walking,walking,5124,3.959,8506,377
15/07/19,cycling,cycling,139,0.404,0,17
15/07/20,walking,walking,30,0.012,41,1
15/07/21,walking,walking,1631,1.285,2570,123
15/07/21,cycling,cycling,1129,3.211,0,137
15/07/22,cycling,cycling,598,1.658,0,71
15/07/22,walking,walking,1477,0.982,2108,94
15/07/22,transport,transport,141,0.531,0,0
15/07/23,walking,walking,5008,2.891,5918,276
15/07/23,cycling,cycling,824,2.387,0,101
15/07/23,transport,transport,317,0.309,0,0
15/07/24,walking,walking,3700,3.005,6549,287
15/07/24,cycling,cycling,625,1.513,0,65
15/07/24,transport,transport,255,0.758,0,0
15/07/26,cycling,cycling,2013,4.970,0,214
15/07/26,walking,walking,644,0.329,714,31
15/07/27,walking,walking,998,0.813,1975,78
15/07/27,cycling,cycling,558,2.073,0,87
15/07/28,walking,walking,2561,1.278,3030,122
15/07/28,cycling,cycling,810,2.050,0,88
15/07/29,walking,walking,3041,2.556,5677,244
15/07/29,cycling,cycling,876,1.928,0,84
15/07/30,walking,walking,751,0.442,1153,42
15/07/30,cycling,cycling,1760,4.722,0,202
15/07/31,walking,walking,1622,1.023,2427,98
15/07/31,cycling,cycling,799,2.285,0,97
15/07/31,transport,transport,155,0.193,0,0
