Date,Activity,Group,Duration,Distance,Steps,Calories
15/10/01,walking,walking,3851,2.121,4753,202
15/10/01,cycling,cycling,3102,6.986,0,304
15/10/02,walking,walking,1107,0.715,1550,68
15/10/02,cycling,cycling,810,1.685,0,74
15/10/02,transport,transport,391,0.692,0,0
15/10/04,walking,walking,30,0.009,31,1
15/10/05,cycling,cycling,433,0.939,0,41
15/10/05,walking,walking,344,0.158,510,15
15/10/06,walking,walking,1339,0.740,1858,71
15/10/06,cycling,cycling,2058,4.625,0,201
15/10/07,walking,walking,1388,0.653,1502,62
15/10/07,cycling,cycling,448,1.117,0,48
15/10/08,walking,walking,556,0.402,926,38
15/10/08,cycling,cycling,489,1.159,0,50
15/10/09,walking,walking,2480,1.377,3086,131
15/10/09,cycling,cycling,1123,2.801,0,121
15/10/09,transport,transport,596,0.626,0,0
15/10/10,walking,walking,2653,1.944,4149,185
15/10/10,cycling,cycling,545,1.330,0,57
15/10/13,walking,walking,1849,0.920,2140,88
15/10/13,cycling,cycling,1228,2.444,0,108
15/10/13,transport,transport,1091,1.319,0,0
15/10/14,walking,walking,2208,1.690,3758,161
15/10/14,cycling,cycling,1245,3.101,0,134
15/10/14,transport,transport,469,0.305,0,0
15/10/15,walking,walking,295,0.199,450,19
15/10/15,cycling,cycling,470,1.102,0,48
15/10/16,cycling,cycling,866,2.300,0,98
15/10/16,walking,walking,1393,0.758,1792,72
15/10/18,walking,walking,60,0.029,91,3
15/10/19,walking,walking,2877,1.757,3808,167
15/10/19,cycling,cycling,2912,5.769,0,254
15/10/20,walking,walking,1263,0.740,1687,71
15/10/20,cycling,cycling,968,2.007,0,88
15/10/20,transport,transport,338,0.257,0,0
15/10/21,walking,walking,1523,1.016,2207,97
15/10/21,cycling,cycling,1695,3.485,0,153
15/10/22,walking,walking,2946,1.882,4012,179
15/10/22,cycling,cycling,2068,4.849,0,210
15/10/23,walking,walking,2261,1.596,3494,152
15/10/23,cycling,cycling,518,1.297,0,56
15/10/25,walking,walking,90,0.028,90,3
15/10/26,walking,walking,787,0.408,984,39
15/10/26,cycling,cycling,542,1.223,0,53
15/10/27,cycling,cycling,688,1.517,0,66
15/10/27,walking,walking,1486,0.957,1906,91
15/10/27,transport,transport,585,0.493,0,0
15/10/28,walking,walking,1793,0.889,1947,85
15/10/28,cycling,cycling,893,0.611,0,33
15/10/28,transport,transport,162,0.301,0,0
15/10/29,cycling,cycling,451,0.982,0,43
15/10/29,walking,walking,358,0.200,446,19
15/10/30,cycling,cycling,675,1.593,0,69
15/10/30,walking,walking,1821,1.094,2568,104
15/10/30,transport,transport,865,0.812,0,0
15/10/31,walking,walking,60,0.019,51,2
