Date,Activity,Group,Duration,Distance,Steps,Calories
15/02/01,walking,walking,468,0.282,854,27
15/02/02,walking,walking,4096,3.268,6175,312
15/02/02,transport,transport,1838,4.852,0,0
15/02/03,walking,walking,3586,2.925,6292,279
15/02/03,transport,transport,9204,76.108,0,0
15/02/03,running,running,420,0.755,1035,87
15/02/04,walking,walking,507,0.263,623,25
15/02/05,walking,walking,3494,2.471,5851,236
15/02/05,transport,transport,11787,45.283,0,0
15/02/05,running,running,713,0.869,1583,103
15/02/06,transport,transport,1550,2.928,0,0
15/02/06,walking,walking,389,0.219,470,21
15/02/07,walking,walking,535,0.277,755,26
15/02/09,walking,walking,184,0.170,364,16
15/02/10,walking,walking,3541,2.921,6045,279
15/02/10,transport,transport,7949,51.225,0,0
15/02/11,walking,walking,507,0.304,756,29
15/02/12,walking,walking,1187,0.856,1851,82
15/02/13,walking,walking,1565,1.439,2773,137
15/02/13,transport,transport,10400,47.185,0,0
15/02/13,running,running,581,0.711,1436,84
15/02/14,walking,walking,721,0.520,1178,50
15/02/15,walking,walking,849,0.536,1225,51
15/02/16,walking,walking,60,0.022,71,2
15/02/16,running,running,187,0.224,401,27
15/02/17,walking,walking,3379,2.199,5788,210
15/02/17,transport,transport,10530,51.276,0,0
15/02/17,running,running,277,0.380,644,45
15/02/18,transport,transport,36341,1.970,0,0
15/02/18,walking,walking,405,0.265,531,25
15/02/19,walking,walking,3340,2.262,5515,216
15/02/19,transport,transport,19876,46.477,0,0
15/02/20,walking,walking,30,0.009,20,1
15/02/21,walking,walking,573,0.364,723,35
15/02/22,walking,walking,576,0.423,920,40
15/02/23,transport,transport,14440,655.853,0,0
15/02/23,walking,walking,5034,5.055,7586,482
15/02/24,walking,walking,3101,2.369,5195,226
15/02/25,walking,walking,4992,3.691,7972,352
15/02/25,transport,transport,11744,676.320,0,0
15/02/27,walking,walking,2243,2.156,3961,206
15/02/27,transport,transport,6474,50.410,0,0
