Date,Activity,Group,Duration,Distance,Steps,Calories
15/09/01,walking,walking,4333,2.998,6093,286
15/09/01,transport,transport,15051,662.298,0,0
15/09/02,walking,walking,2404,1.548,3582,148
15/09/02,transport,transport,10067,50.256,0,0
15/09/03,walking,walking,4566,3.288,6543,314
15/09/03,transport,transport,9505,56.437,0,0
15/09/04,walking,walking,2769,2.049,4326,195
15/09/04,transport,transport,11054,14.100,0,0
15/09/05,walking,walking,30,0.009,20,1
15/09/06,walking,walking,3795,2.533,5935,242
15/09/06,transport,transport,7685,52.910,0,0
15/09/08,walking,walking,2019,1.634,3146,156
15/09/08,transport,transport,2121,5.999,0,0
15/09/09,walking,walking,30,0.009,31,1
15/09/10,walking,walking,2256,1.735,4052,165
15/09/10,transport,transport,8449,63.781,0,0
15/09/11,walking,walking,30,0.009,30,1
15/09/13,walking,walking,1899,1.613,3417,154
15/09/13,transport,transport,8263,52.481,0,0
15/09/15,walking,walking,4149,2.973,6965,283
15/09/15,transport,transport,3537,24.335,0,0
15/09/16,walking,walking,5336,2.933,7825,280
15/09/16,transport,transport,6823,34.961,0,0
15/09/16,running,running,159,0.263,382,31
15/09/17,walking,walking,4226,3.107,7465,296
15/09/17,transport,transport,11955,77.127,0,0
15/09/19,walking,walking,6154,4.378,8938,417
15/09/19,transport,transport,1480,6.541,0,0
15/09/20,walking,walking,7262,5.681,11062,542
15/09/20,transport,transport,8738,58.622,0,0
15/09/21,walking,walking,390,0.171,382,16
15/09/22,walking,walking,4233,3.294,6230,314
15/09/22,transport,transport,1790,17.635,0,0
15/09/23,walking,walking,9057,6.764,12966,645
15/09/23,transport,transport,5641,23.777,0,0
15/09/24,walking,walking,4458,2.548,5612,243
15/09/24,transport,transport,8697,91.191,0,0
15/09/24,airplane,transport,5950,570.269,0,0
15/09/24,cycling,cycling,430,1.345,0,57
15/09/25,walking,walking,3483,2.211,4360,211
15/09/25,transport,transport,2574,8.381,0,0
15/09/25,cycling,cycling,305,0.580,0,26
15/09/27,walking,walking,30,0.016,51,1
15/09/28,transport,transport,178,0.587,0,0
15/09/28,walking,walking,1325,0.730,1682,70
15/09/28,cycling,cycling,1084,2.916,0,125
15/09/29,walking,walking,2848,2.395,5232,228
15/09/29,cycling,cycling,479,0.963,0,42
15/09/29,transport,transport,312,0.483,0,0
15/09/30,walking,walking,3233,2.374,5279,226
15/09/30,cycling,cycling,1167,2.324,0,102
