[ {
  "date" : "20160823",
  "summary" : null,
  "segments" : [ {
    "type" : "place",
    "startTime" : "20160823T201953+0900",
    "endTime" : "20160824T193448+0900",
    "place" : {
      "id" : 105416472,
      "type" : "unknown",
      "location" : {
        "lat" : 35.7167813087,
        "lon" : 139.7280424577
      }
    },
    "lastUpdate" : "20160824T111957Z"
  } ],
  "caloriesIdle" : 1601,
  "lastUpdate" : "20160824T111957Z"
}, {
  "date" : "20160824",
  "summary" : [ {
    "activity" : "walking",
    "group" : "walking",
    "duration" : 2539.0,
    "distance" : 3022.0,
    "steps" : 3697,
    "calories" : 168
  } ],
  "segments" : [ {
    "type" : "place",
    "startTime" : "20160823T201953+0900",
    "endTime" : "20160824T193448+0900",
    "place" : {
      "id" : 105416472,
      "type" : "unknown",
      "location" : {
        "lat" : 35.7167813087,
        "lon" : 139.7280424577
      }
    },
    "activities" : [ {
      "activity" : "walking",
      "group" : "walking",
      "manual" : false,
      "startTime" : "20160824T020938+0900",
      "endTime" : "20160824T020945+0900",
      "duration" : 7.0,
      "distance" : 5.0,
      "steps" : 10,
      "calories" : 0,
      "trackPoints" : [ ]
    }, {
      "activity" : "walking",
      "group" : "walking",
      "manual" : false,
      "startTime" : "20160824T190550+0900",
      "endTime" : "20160824T191915+0900",
      "duration" : 805.0,
      "distance" : 805.0,
      "steps" : 1073,
      "calories" : 45,
      "trackPoints" : [ ]
    } ],
    "lastUpdate" : "20160824T111957Z"
  }, {
    "type" : "move",
    "startTime" : "20160824T193448+0900",
    "endTime" : "20160824T194720+0900",
    "activities" : [ {
      "activity" : "walking",
      "group" : "walking",
      "manual" : false,
      "startTime" : "20160824T193448+0900",
      "endTime" : "20160824T194719+0900",
      "duration" : 751.0,
      "distance" : 1083.0,
      "steps" : 1289,
      "calories" : 60,
      "trackPoints" : [ {
        "lat" : 35.716781,
        "lon" : 139.72804,
        "time" : "20160824T193448+0900"
      }, {
        "lat" : 35.716566,
        "lon" : 139.72852,
        "time" : "20160824T193511+0900"
      }, {
        "lat" : 35.716375,
        "lon" : 139.72868,
        "time" : "20160824T193534+0900"
      }, {
        "lat" : 35.716154,
        "lon" : 139.72866,
        "time" : "20160824T193555+0900"
      }, {
        "lat" : 35.715926,
        "lon" : 139.72856,
        "time" : "20160824T193611+0900"
      }, {
        "lat" : 35.715669,
        "lon" : 139.72849,
        "time" : "20160824T193627+0900"
      }, {
        "lat" : 35.715172,
        "lon" : 139.72866,
        "time" : "20160824T193731+0900"
      }, {
        "lat" : 35.715023,
        "lon" : 139.72877,
        "time" : "20160824T193752+0900"
      }, {
        "lat" : 35.714739,
        "lon" : 139.72886,
        "time" : "20160824T193814+0900"
      }, {
        "lat" : 35.714413,
        "lon" : 139.72902,
        "time" : "20160824T193837+0900"
      }, {
        "lat" : 35.71391,
        "lon" : 139.72927,
        "time" : "20160824T193913+0900"
      }, {
        "lat" : 35.713638,
        "lon" : 139.72941,
        "time" : "20160824T193934+0900"
      }, {
        "lat" : 35.713219,
        "lon" : 139.72946,
        "time" : "20160824T193959+0900"
      }, {
        "lat" : 35.712962,
        "lon" : 139.72957,
        "time" : "20160824T194018+0900"
      }, {
        "lat" : 35.712813,
        "lon" : 139.72985,
        "time" : "20160824T194040+0900"
      }, {
        "lat" : 35.712855,
        "lon" : 139.72997,
        "time" : "20160824T194100+0900"
      }, {
        "lat" : 35.712696,
        "lon" : 139.73012,
        "time" : "20160824T194125+0900"
      }, {
        "lat" : 35.712365,
        "lon" : 139.73049,
        "time" : "20160824T194154+0900"
      }, {
        "lat" : 35.712233,
        "lon" : 139.73071,
        "time" : "20160824T194217+0900"
      }, {
        "lat" : 35.712133,
        "lon" : 139.73081,
        "time" : "20160824T194238+0900"
      }, {
        "lat" : 35.71176,
        "lon" : 139.73109,
        "time" : "20160824T194313+0900"
      }, {
        "lat" : 35.711519,
        "lon" : 139.73128,
        "time" : "20160824T194330+0900"
      }, {
        "lat" : 35.711386,
        "lon" : 139.73126,
        "time" : "20160824T194349+0900"
      }, {
        "lat" : 35.711181,
        "lon" : 139.73131,
        "time" : "20160824T194407+0900"
      }, {
        "lat" : 35.710928,
        "lon" : 139.73157,
        "time" : "20160824T194432+0900"
      }, {
        "lat" : 35.710834,
        "lon" : 139.732,
        "time" : "20160824T194457+0900"
      }, {
        "lat" : 35.710668,
        "lon" : 139.73239,
        "time" : "20160824T194522+0900"
      }, {
        "lat" : 35.710557,
        "lon" : 139.7327,
        "time" : "20160824T194542+0900"
      }, {
        "lat" : 35.710314,
        "lon" : 139.73337,
        "time" : "20160824T194639+0900"
      }, {
        "lat" : 35.710178,
        "lon" : 139.73375,
        "time" : "20160824T194702+0900"
      }, {
        "lat" : 35.709723,
        "lon" : 139.73386,
        "time" : "20160824T194720+0900"
      } ]
    } ],
    "lastUpdate" : "20160824T111957Z"
  }, {
    "type" : "place",
    "startTime" : "20160824T194720+0900",
    "endTime" : "20160824T233209+0900",
    "place" : {
      "id" : 146492708,
      "type" : "unknown",
      "location" : {
        "lat" : 35.7094486922,
        "lon" : 139.7336469579
      }
    },
    "activities" : [ {
      "activity" : "walking",
      "group" : "walking",
      "manual" : false,
      "startTime" : "20160824T194720+0900",
      "endTime" : "20160824T194759+0900",
      "duration" : 39.0,
      "distance" : 28.0,
      "steps" : 56,
      "calories" : 2,
      "trackPoints" : [ ]
    }, {
      "activity" : "walking",
      "group" : "walking",
      "manual" : false,
      "startTime" : "20160824T203632+0900",
      "endTime" : "20160824T203638+0900",
      "duration" : 6.0,
      "distance" : 4.0,
      "steps" : 8,
      "calories" : 0,
      "trackPoints" : [ ]
    }, {
      "activity" : "walking",
      "group" : "walking",
      "manual" : false,
      "startTime" : "20160824T224759+0900",
      "endTime" : "20160824T224805+0900",
      "duration" : 6.0,
      "distance" : 4.0,
      "steps" : 8,
      "calories" : 0,
      "trackPoints" : [ ]
    } ],
    "lastUpdate" : "20160824T155730Z"
  }, {
    "type" : "move",
    "startTime" : "20160824T233209+0900",
    "endTime" : "20160824T234725+0900",
    "activities" : [ {
      "activity" : "walking",
      "group" : "walking",
      "manual" : false,
      "startTime" : "20160824T233209+0900",
      "endTime" : "20160824T234725+0900",
      "duration" : 916.0,
      "distance" : 1087.0,
      "steps" : 1241,
      "calories" : 60,
      "trackPoints" : [ {
        "lat" : 35.709449,
        "lon" : 139.73365,
        "time" : "20160824T233209+0900"
      }, {
        "lat" : 35.709705,
        "lon" : 139.73374,
        "time" : "20160824T233240+0900"
      }, {
        "lat" : 35.709702,
        "lon" : 139.73374,
        "time" : "20160824T233258+0900"
      }, {
        "lat" : 35.709845,
        "lon" : 139.73375,
        "time" : "20160824T233317+0900"
      }, {
        "lat" : 35.709964,
        "lon" : 139.73373,
        "time" : "20160824T233336+0900"
      }, {
        "lat" : 35.71015,
        "lon" : 139.73364,
        "time" : "20160824T233407+0900"
      }, {
        "lat" : 35.710296,
        "lon" : 139.73339,
        "time" : "20160824T233437+0900"
      }, {
        "lat" : 35.710394,
        "lon" : 139.73316,
        "time" : "20160824T233504+0900"
      }, {
        "lat" : 35.710464,
        "lon" : 139.73294,
        "time" : "20160824T233521+0900"
      }, {
        "lat" : 35.710577,
        "lon" : 139.73257,
        "time" : "20160824T233544+0900"
      }, {
        "lat" : 35.710671,
        "lon" : 139.73219,
        "time" : "20160824T233607+0900"
      }, {
        "lat" : 35.710817,
        "lon" : 139.73213,
        "time" : "20160824T233623+0900"
      }, {
        "lat" : 35.71096,
        "lon" : 139.73191,
        "time" : "20160824T233652+0900"
      }, {
        "lat" : 35.710904,
        "lon" : 139.73157,
        "time" : "20160824T233711+0900"
      }, {
        "lat" : 35.711007,
        "lon" : 139.73137,
        "time" : "20160824T233731+0900"
      }, {
        "lat" : 35.711267,
        "lon" : 139.73125,
        "time" : "20160824T233757+0900"
      }, {
        "lat" : 35.711456,
        "lon" : 139.73118,
        "time" : "20160824T233814+0900"
      }, {
        "lat" : 35.711723,
        "lon" : 139.73107,
        "time" : "20160824T233835+0900"
      }, {
        "lat" : 35.712028,
        "lon" : 139.73092,
        "time" : "20160824T233859+0900"
      }, {
        "lat" : 35.712266,
        "lon" : 139.7308,
        "time" : "20160824T233930+0900"
      }, {
        "lat" : 35.712299,
        "lon" : 139.73074,
        "time" : "20160824T233949+0900"
      }, {
        "lat" : 35.712441,
        "lon" : 139.73074,
        "time" : "20160824T234013+0900"
      }, {
        "lat" : 35.71264,
        "lon" : 139.73069,
        "time" : "20160824T234030+0900"
      }, {
        "lat" : 35.712952,
        "lon" : 139.73045,
        "time" : "20160824T234057+0900"
      }, {
        "lat" : 35.713134,
        "lon" : 139.73032,
        "time" : "20160824T234112+0900"
      }, {
        "lat" : 35.713539,
        "lon" : 139.73015,
        "time" : "20160824T234140+0900"
      }, {
        "lat" : 35.713719,
        "lon" : 139.73006,
        "time" : "20160824T234156+0900"
      }, {
        "lat" : 35.71394,
        "lon" : 139.72993,
        "time" : "20160824T234219+0900"
      }, {
        "lat" : 35.714156,
        "lon" : 139.72981,
        "time" : "20160824T234241+0900"
      }, {
        "lat" : 35.714468,
        "lon" : 139.72969,
        "time" : "20160824T234304+0900"
      }, {
        "lat" : 35.714804,
        "lon" : 139.72956,
        "time" : "20160824T234327+0900"
      }, {
        "lat" : 35.71512,
        "lon" : 139.72938,
        "time" : "20160824T234352+0900"
      }, {
        "lat" : 35.715289,
        "lon" : 139.72935,
        "time" : "20160824T234412+0900"
      }, {
        "lat" : 35.715578,
        "lon" : 139.72919,
        "time" : "20160824T234432+0900"
      }, {
        "lat" : 35.715947,
        "lon" : 139.72902,
        "time" : "20160824T234459+0900"
      }, {
        "lat" : 35.716249,
        "lon" : 139.7289,
        "time" : "20160824T234522+0900"
      }, {
        "lat" : 35.71644,
        "lon" : 139.72881,
        "time" : "20160824T234539+0900"
      }, {
        "lat" : 35.716598,
        "lon" : 139.72872,
        "time" : "20160824T234555+0900"
      }, {
        "lat" : 35.716779,
        "lon" : 139.72858,
        "time" : "20160824T234617+0900"
      }, {
        "lat" : 35.716781,
        "lon" : 139.72804,
        "time" : "20160824T234725+0900"
      } ]
    } ],
    "lastUpdate" : "20160824T155730Z"
  }, {
    "type" : "place",
    "startTime" : "20160824T234726+0900",
    "endTime" : "20160825T112529+0900",
    "place" : {
      "id" : 105416472,
      "type" : "unknown",
      "location" : {
        "lat" : 35.7167813087,
        "lon" : 139.7280424577
      }
    },
    "activities" : [ {
      "activity" : "walking",
      "group" : "walking",
      "manual" : false,
      "startTime" : "20160824T234735+0900",
      "endTime" : "20160824T234744+0900",
      "duration" : 9.0,
      "distance" : 6.0,
      "steps" : 12,
      "calories" : 0,
      "trackPoints" : [ ]
    } ],
    "lastUpdate" : "20160825T024916Z"
  } ],
  "caloriesIdle" : 1601,
  "lastUpdate" : "20160825T024916Z"
}, {
  "date" : "20160825",
  "summary" : [ {
    "activity" : "walking",
    "group" : "walking",
    "duration" : 3390.0,
    "distance" : 3682.0,
    "steps" : 4937,
    "calories" : 205
  }, {
    "activity" : "transport",
    "group" : "transport",
    "duration" : 3511.0,
    "distance" : 28315.0
  } ],
  "segments" : [ {
    "type" : "place",
    "startTime" : "20160824T234726+0900",
    "endTime" : "20160825T112529+0900",
    "place" : {
      "id" : 105416472,
      "type" : "unknown",
      "location" : {
        "lat" : 35.7167813087,
        "lon" : 139.7280424577
      }
    },
    "activities" : [ {
      "activity" : "walking",
      "group" : "walking",
      "manual" : false,
      "startTime" : "20160825T022144+0900",
      "endTime" : "20160825T022205+0900",
      "duration" : 21.0,
      "distance" : 14.0,
      "steps" : 28,
      "calories" : 1,
      "trackPoints" : [ ]
    }, {
      "activity" : "walking",
      "group" : "walking",
      "manual" : false,
      "startTime" : "20160825T112307+0900",
      "endTime" : "20160825T113018+0900",
      "duration" : 431.0,
      "distance" : 558.0,
      "steps" : 744,
      "calories" : 31,
      "trackPoints" : [ ]
    } ],
    "lastUpdate" : "20160825T024916Z"
  }, {
    "type" : "move",
    "startTime" : "20160825T112529+0900",
    "endTime" : "20160825T114439+0900",
    "activities" : [ {
      "activity" : "walking",
      "group" : "walking",
      "manual" : false,
      "startTime" : "20160825T112529+0900",
      "endTime" : "20160825T112931+0900",
      "duration" : 242.0,
      "distance" : 188.0,
      "steps" : 321,
      "calories" : 10,
      "trackPoints" : [ {
        "lat" : 35.716781,
        "lon" : 139.72804,
        "time" : "20160825T112529+0900"
      }, {
        "lat" : 35.717034,
        "lon" : 139.72833,
        "time" : "20160825T112548+0900"
      }, {
        "lat" : 35.717175,
        "lon" : 139.72835,
        "time" : "20160825T112609+0900"
      }, {
        "lat" : 35.717398,
        "lon" : 139.72827,
        "time" : "20160825T112630+0900"
      }, {
        "lat" : 35.717696,
        "lon" : 139.72814,
        "time" : "20160825T112656+0900"
      }, {
        "lat" : 35.717911,
        "lon" : 139.72809,
        "time" : "20160825T112717+0900"
      }, {
        "lat" : 35.71797,
        "lon" : 139.72809,
        "time" : "20160825T112734+0900"
      }, {
        "lat" : 35.71808,
        "lon" : 139.72801,
        "time" : "20160825T112750+0900"
      }, {
        "lat" : 35.718147,
        "lon" : 139.72796,
        "time" : "20160825T112809+0900"
      }, {
        "lat" : 35.718187,
        "lon" : 139.72792,
        "time" : "20160825T112841+0900"
      }, {
        "lat" : 35.718168,
        "lon" : 139.72792,
        "time" : "20160825T112904+0900"
      }, {
        "lat" : 35.718097,
        "lon" : 139.72797,
        "time" : "20160825T112931+0900"
      } ]
    }, {
      "activity" : "transport",
      "group" : "transport",
      "manual" : false,
      "startTime" : "20160825T112931+0900",
      "endTime" : "20160825T113501+0900",
      "duration" : 330.0,
      "distance" : 2721.0,
      "trackPoints" : [ {
        "lat" : 35.718097,
        "lon" : 139.72797,
        "time" : "20160825T112931+0900"
      }, {
        "lat" : 35.700628,
        "lon" : 139.74294,
        "time" : "20160825T113501+0900"
      } ]
    }, {
      "activity" : "walking",
      "group" : "walking",
      "manual" : false,
      "startTime" : "20160825T113501+0900",
      "endTime" : "20160825T114001+0900",
      "duration" : 300.0,
      "distance" : 492.0,
      "steps" : 508,
      "calories" : 27,
      "trackPoints" : [ {
        "lat" : 35.700628,
        "lon" : 139.74294,
        "time" : "20160825T113501+0900"
      }, {
        "lat" : 35.701653,
        "lon" : 139.74373,
        "time" : "20160825T113540+0900"
      }, {
        "lat" : 35.702006,
        "lon" : 139.74403,
        "time" : "20160825T113607+0900"
      }, {
        "lat" : 35.702007,
        "lon" : 139.74512,
        "time" : "20160825T113828+0900"
      }, {
        "lat" : 35.701881,
        "lon" : 139.74562,
        "time" : "20160825T113844+0900"
      }, {
        "lat" : 35.701774,
        "lon" : 139.74591,
        "time" : "20160825T113900+0900"
      }, {
        "lat" : 35.701631,
        "lon" : 139.74618,
        "time" : "20160825T113916+0900"
      }, {
        "lat" : 35.701697,
        "lon" : 139.7456,
        "time" : "20160825T114002+0900"
      } ]
    }, {
      "activity" : "transport",
      "group" : "transport",
      "manual" : false,
      "startTime" : "20160825T114002+0900",
      "endTime" : "20160825T114439+0900",
      "duration" : 277.0,
      "distance" : 2719.0,
      "trackPoints" : [ {
        "lat" : 35.701697,
        "lon" : 139.7456,
        "time" : "20160825T114002+0900"
      }, {
        "lat" : 35.704099,
        "lon" : 139.73341,
        "time" : "20160825T114135+0900"
      }, {
        "lat" : 35.70415,
        "lon" : 139.73321,
        "time" : "20160825T114157+0900"
      }, {
        "lat" : 35.704165,
        "lon" : 139.73314,
        "time" : "20160825T114217+0900"
      }, {
        "lat" : 35.704166,
        "lon" : 139.73313,
        "time" : "20160825T114234+0900"
      }, {
        "lat" : 35.704165,
        "lon" : 139.73314,
        "time" : "20160825T114254+0900"
      }, {
        "lat" : 35.705995,
        "lon" : 139.71999,
        "time" : "20160825T114439+0900"
      } ]
    } ],
    "lastUpdate" : "20160825T024916Z"
  }, {
    "type" : "move",
    "startTime" : "20160825T114439+0900",
    "endTime" : "20160825T120739+0900",
    "activities" : [ {
      "activity" : "transport",
      "group" : "transport",
      "manual" : false,
      "startTime" : "20160825T114439+0900",
      "endTime" : "20160825T115902+0900",
      "duration" : 863.0,
      "distance" : 7370.0,
      "trackPoints" : [ {
        "lat" : 35.705972,
        "lon" : 139.72019,
        "time" : "20160825T114439+0900"
      }, {
        "lat" : 35.705995,
        "lon" : 139.71999,
        "time" : "20160825T114457+0900"
      }, {
        "lat" : 35.705997,
        "lon" : 139.71997,
        "time" : "20160825T114517+0900"
      }, {
        "lat" : 35.705997,
        "lon" : 139.71997,
        "time" : "20160825T114544+0900"
      }, {
        "lat" : 35.705758,
        "lon" : 139.66608,
        "time" : "20160825T115229+0900"
      }, {
        "lat" : 35.705856,
        "lon" : 139.66557,
        "time" : "20160825T115253+0900"
      }, {
        "lat" : 35.705845,
        "lon" : 139.66562,
        "time" : "20160825T115323+0900"
      }, {
        "lat" : 35.70583,
        "lon" : 139.66569,
        "time" : "20160825T115350+0900"
      }, {
        "lat" : 35.705824,
        "lon" : 139.66572,
        "time" : "20160825T115411+0900"
      }, {
        "lat" : 35.705817,
        "lon" : 139.66577,
        "time" : "20160825T115436+0900"
      }, {
        "lat" : 35.705813,
        "lon" : 139.6658,
        "time" : "20160825T115456+0900"
      }, {
        "lat" : 35.705811,
        "lon" : 139.66584,
        "time" : "20160825T115522+0900"
      }, {
        "lat" : 35.705811,
        "lon" : 139.66585,
        "time" : "20160825T115541+0900"
      }, {
        "lat" : 35.7058,
        "lon" : 139.66591,
        "time" : "20160825T115605+0900"
      }, {
        "lat" : 35.705755,
        "lon" : 139.66603,
        "time" : "20160825T115623+0900"
      }, {
        "lat" : 35.705793,
        "lon" : 139.66581,
        "time" : "20160825T115641+0900"
      }, {
        "lat" : 35.705919,
        "lon" : 139.66533,
        "time" : "20160825T115703+0900"
      }, {
        "lat" : 35.705546,
        "lon" : 139.65717,
        "time" : "20160825T115737+0900"
      }, {
        "lat" : 35.70544,
        "lon" : 139.65152,
        "time" : "20160825T115803+0900"
      }, {
        "lat" : 35.705249,
        "lon" : 139.65006,
        "time" : "20160825T115835+0900"
      }, {
        "lat" : 35.705245,
        "lon" : 139.65012,
        "time" : "20160825T115902+0900"
      } ]
    }, {
      "activity" : "walking",
      "group" : "walking",
      "manual" : false,
      "startTime" : "20160825T115902+0900",
      "endTime" : "20160825T120739+0900",
      "duration" : 517.0,
      "distance" : 656.0,
      "steps" : 793,
      "calories" : 36,
      "trackPoints" : [ {
        "lat" : 35.705245,
        "lon" : 139.65012,
        "time" : "20160825T115902+0900"
      }, {
        "lat" : 35.705136,
        "lon" : 139.65019,
        "time" : "20160825T115959+0900"
      }, {
        "lat" : 35.705136,
        "lon" : 139.65019,
        "time" : "20160825T120000+0900"
      }, {
        "lat" : 35.705134,
        "lon" : 139.65019,
        "time" : "20160825T120001+0900"
      }, {
        "lat" : 35.705111,
        "lon" : 139.64997,
        "time" : "20160825T120023+0900"
      }, {
        "lat" : 35.705092,
        "lon" : 139.64987,
        "time" : "20160825T120039+0900"
      }, {
        "lat" : 35.70493,
        "lon" : 139.64982,
        "time" : "20160825T120059+0900"
      }, {
        "lat" : 35.704633,
        "lon" : 139.64975,
        "time" : "20160825T120122+0900"
      }, {
        "lat" : 35.704074,
        "lon" : 139.64964,
        "time" : "20160825T120154+0900"
      }, {
        "lat" : 35.703795,
        "lon" : 139.64958,
        "time" : "20160825T120214+0900"
      }, {
        "lat" : 35.703763,
        "lon" : 139.64946,
        "time" : "20160825T120230+0900"
      }, {
        "lat" : 35.704189,
        "lon" : 139.64962,
        "time" : "20160825T120257+0900"
      }, {
        "lat" : 35.704487,
        "lon" : 139.64968,
        "time" : "20160825T120314+0900"
      }, {
        "lat" : 35.704943,
        "lon" : 139.64979,
        "time" : "20160825T120335+0900"
      }, {
        "lat" : 35.705339,
        "lon" : 139.64988,
        "time" : "20160825T120351+0900"
      }, {
        "lat" : 35.705704,
        "lon" : 139.64997,
        "time" : "20160825T120408+0900"
      }, {
        "lat" : 35.705327,
        "lon" : 139.64998,
        "time" : "20160825T120436+0900"
      }, {
        "lat" : 35.705278,
        "lon" : 139.65002,
        "time" : "20160825T120453+0900"
      }, {
        "lat" : 35.705374,
        "lon" : 139.65013,
        "time" : "20160825T120520+0900"
      }, {
        "lat" : 35.705655,
        "lon" : 139.65041,
        "time" : "20160825T120547+0900"
      }, {
        "lat" : 35.7056,
        "lon" : 139.65079,
        "time" : "20160825T120604+0900"
      }, {
        "lat" : 35.705764,
        "lon" : 139.65103,
        "time" : "20160825T120624+0900"
      }, {
        "lat" : 35.705805,
        "lon" : 139.65098,
        "time" : "20160825T120648+0900"
      }, {
        "lat" : 35.705745,
        "lon" : 139.6509,
        "time" : "20160825T120714+0900"
      }, {
        "lat" : 35.705667,
        "lon" : 139.65079,
        "time" : "20160825T120739+0900"
      } ]
    } ],
    "lastUpdate" : "20160825T042125Z"
  }, {
    "type" : "place",
    "startTime" : "20160825T120739+0900",
    "endTime" : "20160825T121933+0900",
    "place" : {
      "id" : 323808792,
      "type" : "unknown",
      "location" : {
        "lat" : 35.705667,
        "lon" : 139.65079
      }
    },
    "activities" : [ {
      "activity" : "walking",
      "group" : "walking",
      "manual" : false,
      "startTime" : "20160825T120739+0900",
      "endTime" : "20160825T120757+0900",
      "duration" : 18.0,
      "distance" : 12.0,
      "steps" : 24,
      "calories" : 1,
      "trackPoints" : [ ]
    } ],
    "lastUpdate" : "20160825T042125Z"
  }, {
    "type" : "move",
    "startTime" : "20160825T121933+0900",
    "endTime" : "20160825T122645+0900",
    "activities" : [ {
      "activity" : "walking",
      "group" : "walking",
      "manual" : false,
      "startTime" : "20160825T121933+0900",
      "endTime" : "20160825T122644+0900",
      "duration" : 431.0,
      "distance" : 367.0,
      "steps" : 576,
      "calories" : 20,
      "trackPoints" : [ {
        "lat" : 35.705667,
        "lon" : 139.65079,
        "time" : "20160825T121933+0900"
      }, {
        "lat" : 35.705657,
        "lon" : 139.65076,
        "time" : "20160825T121951+0900"
      }, {
        "lat" : 35.705604,
        "lon" : 139.65058,
        "time" : "20160825T122103+0900"
      }, {
        "lat" : 35.705685,
        "lon" : 139.65034,
        "time" : "20160825T122122+0900"
      }, {
        "lat" : 35.705643,
        "lon" : 139.65018,
        "time" : "20160825T122145+0900"
      }, {
        "lat" : 35.705229,
        "lon" : 139.64996,
        "time" : "20160825T122231+0900"
      }, {
        "lat" : 35.705147,
        "lon" : 139.64978,
        "time" : "20160825T122255+0900"
      }, {
        "lat" : 35.704909,
        "lon" : 139.64973,
        "time" : "20160825T122322+0900"
      }, {
        "lat" : 35.704608,
        "lon" : 139.64977,
        "time" : "20160825T122344+0900"
      }, {
        "lat" : 35.704254,
        "lon" : 139.64966,
        "time" : "20160825T122414+0900"
      }, {
        "lat" : 35.704071,
        "lon" : 139.64965,
        "time" : "20160825T122430+0900"
      }, {
        "lat" : 35.703822,
        "lon" : 139.6496,
        "time" : "20160825T122450+0900"
      }, {
        "lat" : 35.703523,
        "lon" : 139.64947,
        "time" : "20160825T122515+0900"
      }, {
        "lat" : 35.703464,
        "lon" : 139.64924,
        "time" : "20160825T122538+0900"
      }, {
        "lat" : 35.703458,
        "lon" : 139.64907,
        "time" : "20160825T122555+0900"
      }, {
        "lat" : 35.70346,
        "lon" : 139.64908,
        "time" : "20160825T122619+0900"
      }, {
        "lat" : 35.703474,
        "lon" : 139.64908,
        "time" : "20160825T122645+0900"
      } ]
    } ],
    "lastUpdate" : "20160825T042125Z"
  }, {
    "type" : "place",
    "startTime" : "20160825T122645+0900",
    "endTime" : "20160825T212111+0900",
    "place" : {
      "id" : 256512405,
      "type" : "unknown",
      "location" : {
        "lat" : 35.703474,
        "lon" : 139.64908
      }
    },
    "activities" : [ {
      "activity" : "walking",
      "group" : "walking",
      "manual" : false,
      "startTime" : "20160825T122805+0900",
      "endTime" : "20160825T122835+0900",
      "duration" : 30.0,
      "distance" : 20.0,
      "steps" : 41,
      "calories" : 1,
      "trackPoints" : [ ]
    }, {
      "activity" : "walking",
      "group" : "walking",
      "manual" : false,
      "startTime" : "20160825T143042+0900",
      "endTime" : "20160825T143049+0900",
      "duration" : 7.0,
      "distance" : 5.0,
      "steps" : 10,
      "calories" : 0,
      "trackPoints" : [ ]
    }, {
      "activity" : "walking",
      "group" : "walking",
      "manual" : false,
      "startTime" : "20160825T150205+0900",
      "endTime" : "20160825T150249+0900",
      "duration" : 44.0,
      "distance" : 29.0,
      "steps" : 59,
      "calories" : 2,
      "trackPoints" : [ ]
    }, {
      "activity" : "walking",
      "group" : "walking",
      "manual" : false,
      "startTime" : "20160825T160706+0900",
      "endTime" : "20160825T160713+0900",
      "duration" : 7.0,
      "distance" : 5.0,
      "steps" : 10,
      "calories" : 0,
      "trackPoints" : [ ]
    }, {
      "activity" : "walking",
      "group" : "walking",
      "manual" : false,
      "startTime" : "20160825T171113+0900",
      "endTime" : "20160825T171134+0900",
      "duration" : 21.0,
      "distance" : 14.0,
      "steps" : 28,
      "calories" : 1,
      "trackPoints" : [ ]
    }, {
      "activity" : "walking",
      "group" : "walking",
      "manual" : false,
      "startTime" : "20160825T182506+0900",
      "endTime" : "20160825T182526+0900",
      "duration" : 20.0,
      "distance" : 13.0,
      "steps" : 27,
      "calories" : 1,
      "trackPoints" : [ ]
    }, {
      "activity" : "walking",
      "group" : "walking",
      "manual" : false,
      "startTime" : "20160825T190053+0900",
      "endTime" : "20160825T190143+0900",
      "duration" : 50.0,
      "distance" : 33.0,
      "steps" : 67,
      "calories" : 2,
      "trackPoints" : [ ]
    }, {
      "activity" : "walking",
      "group" : "walking",
      "manual" : false,
      "startTime" : "20160825T205005+0900",
      "endTime" : "20160825T205017+0900",
      "duration" : 12.0,
      "distance" : 8.0,
      "steps" : 17,
      "calories" : 0,
      "trackPoints" : [ ]
    }, {
      "activity" : "walking",
      "group" : "walking",
      "manual" : false,
      "startTime" : "20160825T211056+0900",
      "endTime" : "20160825T211126+0900",
      "duration" : 30.0,
      "distance" : 21.0,
      "steps" : 42,
      "calories" : 1,
      "trackPoints" : [ ]
    } ],
    "lastUpdate" : "20160825T133147Z"
  }, {
    "type" : "move",
    "startTime" : "20160825T212111+0900",
    "endTime" : "20160825T221500+0900",
    "activities" : [ {
      "activity" : "walking",
      "group" : "walking",
      "manual" : false,
      "startTime" : "20160825T212111+0900",
      "endTime" : "20160825T212820+0900",
      "duration" : 429.0,
      "distance" : 335.0,
      "steps" : 547,
      "calories" : 19,
      "trackPoints" : [ {
        "lat" : 35.703474,
        "lon" : 139.64908,
        "time" : "20160825T212111+0900"
      }, {
        "lat" : 35.703502,
        "lon" : 139.64911,
        "time" : "20160825T212137+0900"
      }, {
        "lat" : 35.703496,
        "lon" : 139.64911,
        "time" : "20160825T212154+0900"
      }, {
        "lat" : 35.703482,
        "lon" : 139.64909,
        "time" : "20160825T212211+0900"
      }, {
        "lat" : 35.703492,
        "lon" : 139.64908,
        "time" : "20160825T212233+0900"
      }, {
        "lat" : 35.703508,
        "lon" : 139.64934,
        "time" : "20160825T212255+0900"
      }, {
        "lat" : 35.703892,
        "lon" : 139.64959,
        "time" : "20160825T212331+0900"
      }, {
        "lat" : 35.704129,
        "lon" : 139.64965,
        "time" : "20160825T212346+0900"
      }, {
        "lat" : 35.704425,
        "lon" : 139.64969,
        "time" : "20160825T212403+0900"
      }, {
        "lat" : 35.704692,
        "lon" : 139.64975,
        "time" : "20160825T212421+0900"
      }, {
        "lat" : 35.705054,
        "lon" : 139.64982,
        "time" : "20160825T212503+0900"
      }, {
        "lat" : 35.705108,
        "lon" : 139.64994,
        "time" : "20160825T212536+0900"
      }, {
        "lat" : 35.704974,
        "lon" : 139.64994,
        "time" : "20160825T212553+0900"
      }, {
        "lat" : 35.705305,
        "lon" : 139.64998,
        "time" : "20160825T212630+0900"
      }, {
        "lat" : 35.705359,
        "lon" : 139.64978,
        "time" : "20160825T212651+0900"
      }, {
        "lat" : 35.705363,
        "lon" : 139.64971,
        "time" : "20160825T212742+0900"
      }, {
        "lat" : 35.705345,
        "lon" : 139.64965,
        "time" : "20160825T212759+0900"
      }, {
        "lat" : 35.705329,
        "lon" : 139.64957,
        "time" : "20160825T212821+0900"
      } ]
    }, {
      "activity" : "transport",
      "group" : "transport",
      "manual" : false,
      "startTime" : "20160825T212821+0900",
      "endTime" : "20160825T215722+0900",
      "duration" : 1741.0,
      "distance" : 12987.0,
      "trackPoints" : [ {
        "lat" : 35.705329,
        "lon" : 139.64957,
        "time" : "20160825T212821+0900"
      }, {
        "lat" : 35.705251,
        "lon" : 139.6493,
        "time" : "20160825T212855+0900"
      }, {
        "lat" : 35.70524,
        "lon" : 139.64927,
        "time" : "20160825T212914+0900"
      }, {
        "lat" : 35.705237,
        "lon" : 139.64923,
        "time" : "20160825T212935+0900"
      }, {
        "lat" : 35.705249,
        "lon" : 139.6492,
        "time" : "20160825T212956+0900"
      }, {
        "lat" : 35.705262,
        "lon" : 139.64917,
        "time" : "20160825T213022+0900"
      }, {
        "lat" : 35.70527,
        "lon" : 139.64914,
        "time" : "20160825T213041+0900"
      }, {
        "lat" : 35.705277,
        "lon" : 139.64909,
        "time" : "20160825T213105+0900"
      }, {
        "lat" : 35.70528,
        "lon" : 139.64903,
        "time" : "20160825T213129+0900"
      }, {
        "lat" : 35.70528,
        "lon" : 139.64893,
        "time" : "20160825T213151+0900"
      }, {
        "lat" : 35.70528,
        "lon" : 139.64877,
        "time" : "20160825T213211+0900"
      }, {
        "lat" : 35.705246,
        "lon" : 139.64596,
        "time" : "20160825T213227+0900"
      }, {
        "lat" : 35.705027,
        "lon" : 139.63997,
        "time" : "20160825T213312+0900"
      }, {
        "lat" : 35.704897,
        "lon" : 139.63634,
        "time" : "20160825T213330+0900"
      }, {
        "lat" : 35.704942,
        "lon" : 139.63557,
        "time" : "20160825T213401+0900"
      }, {
        "lat" : 35.704927,
        "lon" : 139.6354,
        "time" : "20160825T213417+0900"
      }, {
        "lat" : 35.704927,
        "lon" : 139.6354,
        "time" : "20160825T213433+0900"
      }, {
        "lat" : 35.704927,
        "lon" : 139.6354,
        "time" : "20160825T213453+0900"
      }, {
        "lat" : 35.704928,
        "lon" : 139.63538,
        "time" : "20160825T213524+0900"
      }, {
        "lat" : 35.704929,
        "lon" : 139.63544,
        "time" : "20160825T213551+0900"
      }, {
        "lat" : 35.704932,
        "lon" : 139.6355,
        "time" : "20160825T213619+0900"
      }, {
        "lat" : 35.704935,
        "lon" : 139.63556,
        "time" : "20160825T213641+0900"
      }, {
        "lat" : 35.704942,
        "lon" : 139.63566,
        "time" : "20160825T213731+0900"
      }, {
        "lat" : 35.704946,
        "lon" : 139.6357,
        "time" : "20160825T213754+0900"
      }, {
        "lat" : 35.704942,
        "lon" : 139.63567,
        "time" : "20160825T213810+0900"
      }, {
        "lat" : 35.704971,
        "lon" : 139.63598,
        "time" : "20160825T213833+0900"
      }, {
        "lat" : 35.704991,
        "lon" : 139.63716,
        "time" : "20160825T213851+0900"
      }, {
        "lat" : 35.70521,
        "lon" : 139.64562,
        "time" : "20160825T213913+0900"
      }, {
        "lat" : 35.705274,
        "lon" : 139.64894,
        "time" : "20160825T213939+0900"
      }, {
        "lat" : 35.705301,
        "lon" : 139.64982,
        "time" : "20160825T214009+0900"
      }, {
        "lat" : 35.705309,
        "lon" : 139.64969,
        "time" : "20160825T214026+0900"
      }, {
        "lat" : 35.705441,
        "lon" : 139.65128,
        "time" : "20160825T214047+0900"
      }, {
        "lat" : 35.70549,
        "lon" : 139.65587,
        "time" : "20160825T214106+0900"
      }, {
        "lat" : 35.705562,
        "lon" : 139.65821,
        "time" : "20160825T214122+0900"
      }, {
        "lat" : 35.705833,
        "lon" : 139.66406,
        "time" : "20160825T214145+0900"
      }, {
        "lat" : 35.705814,
        "lon" : 139.66517,
        "time" : "20160825T214211+0900"
      }, {
        "lat" : 35.705835,
        "lon" : 139.66529,
        "time" : "20160825T214231+0900"
      }, {
        "lat" : 35.70585,
        "lon" : 139.66539,
        "time" : "20160825T214249+0900"
      }, {
        "lat" : 35.705858,
        "lon" : 139.66545,
        "time" : "20160825T214329+0900"
      }, {
        "lat" : 35.705858,
        "lon" : 139.66545,
        "time" : "20160825T214349+0900"
      }, {
        "lat" : 35.705886,
        "lon" : 139.66589,
        "time" : "20160825T214415+0900"
      }, {
        "lat" : 35.705935,
        "lon" : 139.66773,
        "time" : "20160825T214432+0900"
      }, {
        "lat" : 35.705934,
        "lon" : 139.66959,
        "time" : "20160825T214455+0900"
      }, {
        "lat" : 35.712284,
        "lon" : 139.70646,
        "time" : "20160825T215035+0900"
      }, {
        "lat" : 35.705991,
        "lon" : 139.72002,
        "time" : "20160825T215234+0900"
      }, {
        "lat" : 35.70594,
        "lon" : 139.72048,
        "time" : "20160825T215300+0900"
      }, {
        "lat" : 35.705957,
        "lon" : 139.72029,
        "time" : "20160825T215320+0900"
      }, {
        "lat" : 35.705894,
        "lon" : 139.72087,
        "time" : "20160825T215336+0900"
      }, {
        "lat" : 35.702275,
        "lon" : 139.7435,
        "time" : "20160825T215723+0900"
      } ]
    }, {
      "activity" : "walking",
      "group" : "walking",
      "manual" : false,
      "startTime" : "20160825T215723+0900",
      "endTime" : "20160825T220453+0900",
      "duration" : 450.0,
      "distance" : 433.0,
      "steps" : 652,
      "calories" : 24,
      "trackPoints" : [ {
        "lat" : 35.702275,
        "lon" : 139.7435,
        "time" : "20160825T215723+0900"
      }, {
        "lat" : 35.70194,
        "lon" : 139.74559,
        "time" : "20160825T215959+0900"
      }, {
        "lat" : 35.70194,
        "lon" : 139.74559,
        "time" : "20160825T220000+0900"
      }, {
        "lat" : 35.701925,
        "lon" : 139.74568,
        "time" : "20160825T220007+0900"
      }, {
        "lat" : 35.701922,
        "lon" : 139.74571,
        "time" : "20160825T220024+0900"
      }, {
        "lat" : 35.70195,
        "lon" : 139.74571,
        "time" : "20160825T220107+0900"
      }, {
        "lat" : 35.703037,
        "lon" : 139.74451,
        "time" : "20160825T220453+0900"
      } ]
    }, {
      "activity" : "transport",
      "group" : "transport",
      "manual" : false,
      "startTime" : "20160825T220453+0900",
      "endTime" : "20160825T220953+0900",
      "duration" : 300.0,
      "distance" : 2518.0,
      "trackPoints" : [ {
        "lat" : 35.703037,
        "lon" : 139.74451,
        "time" : "20160825T220453+0900"
      }, {
        "lat" : 35.708515,
        "lon" : 139.7385,
        "time" : "20160825T220726+0900"
      }, {
        "lat" : 35.71776,
        "lon" : 139.72841,
        "time" : "20160825T220953+0900"
      } ]
    }, {
      "activity" : "walking",
      "group" : "walking",
      "manual" : false,
      "startTime" : "20160825T220953+0900",
      "endTime" : "20160825T221500+0900",
      "duration" : 307.0,
      "distance" : 464.0,
      "steps" : 412,
      "calories" : 26,
      "trackPoints" : [ {
        "lat" : 35.71776,
        "lon" : 139.72841,
        "time" : "20160825T220953+0900"
      }, {
        "lat" : 35.718188,
        "lon" : 139.72795,
        "time" : "20160825T221033+0900"
      }, {
        "lat" : 35.718212,
        "lon" : 139.72792,
        "time" : "20160825T221130+0900"
      }, {
        "lat" : 35.71824,
        "lon" : 139.7279,
        "time" : "20160825T221156+0900"
      }, {
        "lat" : 35.718293,
        "lon" : 139.72786,
        "time" : "20160825T221219+0900"
      }, {
        "lat" : 35.718431,
        "lon" : 139.7278,
        "time" : "20160825T221243+0900"
      }, {
        "lat" : 35.718316,
        "lon" : 139.72786,
        "time" : "20160825T221258+0900"
      }, {
        "lat" : 35.718214,
        "lon" : 139.72792,
        "time" : "20160825T221315+0900"
      }, {
        "lat" : 35.720076,
        "lon" : 139.72729,
        "time" : "20160825T221343+0900"
      }, {
        "lat" : 35.719849,
        "lon" : 139.72723,
        "time" : "20160825T221412+0900"
      }, {
        "lat" : 35.71958,
        "lon" : 139.72723,
        "time" : "20160825T221434+0900"
      }, {
        "lat" : 35.719334,
        "lon" : 139.72736,
        "time" : "20160825T221500+0900"
      } ]
    } ],
    "lastUpdate" : "20160825T133147Z"
  }, {
    "type" : "place",
    "startTime" : "20160825T221500+0900",
    "endTime" : "20160826T005509+0900",
    "place" : {
      "id" : 117345858,
      "type" : "unknown",
      "location" : {
        "lat" : 35.7193335133,
        "lon" : 139.7273594442
      }
    },
    "activities" : [ {
      "activity" : "walking",
      "group" : "walking",
      "manual" : false,
      "startTime" : "20160825T221500+0900",
      "endTime" : "20160825T221523+0900",
      "duration" : 23.0,
      "distance" : 15.0,
      "steps" : 31,
      "calories" : 1,
      "trackPoints" : [ ]
    } ],
    "lastUpdate" : "20160825T163409Z"
  } ],
  "caloriesIdle" : 1601,
  "lastUpdate" : "20160825T163409Z"
}, {
  "date" : "20160826",
  "summary" : [ {
    "activity" : "walking",
    "group" : "walking",
    "duration" : 381.0,
    "distance" : 380.0,
    "steps" : 497,
    "calories" : 21
  } ],
  "segments" : [ {
    "type" : "place",
    "startTime" : "20160825T221500+0900",
    "endTime" : "20160826T005509+0900",
    "place" : {
      "id" : 117345858,
      "type" : "unknown",
      "location" : {
        "lat" : 35.7193335133,
        "lon" : 139.7273594442
      }
    },
    "activities" : [ {
      "activity" : "walking",
      "group" : "walking",
      "manual" : false,
      "startTime" : "20160826T005405+0900",
      "endTime" : "20160826T005419+0900",
      "duration" : 14.0,
      "distance" : 9.0,
      "steps" : 19,
      "calories" : 1,
      "trackPoints" : [ ]
    } ],
    "lastUpdate" : "20160825T163409Z"
  }, {
    "type" : "move",
    "startTime" : "20160826T005509+0900",
    "endTime" : "20160826T010116+0900",
    "activities" : [ {
      "activity" : "walking",
      "group" : "walking",
      "manual" : false,
      "startTime" : "20160826T005509+0900",
      "endTime" : "20160826T010116+0900",
      "duration" : 367.0,
      "distance" : 371.0,
      "steps" : 478,
      "calories" : 21,
      "trackPoints" : [ {
        "lat" : 35.719334,
        "lon" : 139.72736,
        "time" : "20160826T005509+0900"
      }, {
        "lat" : 35.719149,
        "lon" : 139.72746,
        "time" : "20160826T005525+0900"
      }, {
        "lat" : 35.718916,
        "lon" : 139.72754,
        "time" : "20160826T005549+0900"
      }, {
        "lat" : 35.718761,
        "lon" : 139.7276,
        "time" : "20160826T005610+0900"
      }, {
        "lat" : 35.718572,
        "lon" : 139.72768,
        "time" : "20160826T005633+0900"
      }, {
        "lat" : 35.718356,
        "lon" : 139.72778,
        "time" : "20160826T005655+0900"
      }, {
        "lat" : 35.718167,
        "lon" : 139.72803,
        "time" : "20160826T005724+0900"
      }, {
        "lat" : 35.717976,
        "lon" : 139.7281,
        "time" : "20160826T005742+0900"
      }, {
        "lat" : 35.717759,
        "lon" : 139.72813,
        "time" : "20160826T005805+0900"
      }, {
        "lat" : 35.717435,
        "lon" : 139.7283,
        "time" : "20160826T005829+0900"
      }, {
        "lat" : 35.71713,
        "lon" : 139.72846,
        "time" : "20160826T005931+0900"
      }, {
        "lat" : 35.71707,
        "lon" : 139.72849,
        "time" : "20160826T005946+0900"
      }, {
        "lat" : 35.717048,
        "lon" : 139.7285,
        "time" : "20160826T005959+0900"
      }, {
        "lat" : 35.717048,
        "lon" : 139.7285,
        "time" : "20160826T010000+0900"
      }, {
        "lat" : 35.717041,
        "lon" : 139.7285,
        "time" : "20160826T010004+0900"
      }, {
        "lat" : 35.716946,
        "lon" : 139.72854,
        "time" : "20160826T010025+0900"
      }, {
        "lat" : 35.716758,
        "lon" : 139.72863,
        "time" : "20160826T010050+0900"
      }, {
        "lat" : 35.716781,
        "lon" : 139.72804,
        "time" : "20160826T010116+0900"
      } ]
    } ],
    "lastUpdate" : "20160825T163409Z"
  } ],
  "caloriesIdle" : 1601,
  "lastUpdate" : "20160825T163409Z"
}, {
  "date" : "20160828",
  "summary" : [ {
    "activity" : "walking",
    "group" : "walking",
    "duration" : 15.0,
    "distance" : 10.0,
    "steps" : 20,
    "calories" : 1
  } ],
  "segments" : [ {
    "type" : "place",
    "startTime" : "20160828T162534+0900",
    "endTime" : "20160829T145734+0900",
    "place" : {
      "id" : 105416472,
      "type" : "unknown",
      "location" : {
        "lat" : 35.7167813087,
        "lon" : 139.7280424577
      }
    },
    "activities" : [ {
      "activity" : "walking",
      "group" : "walking",
      "manual" : false,
      "startTime" : "20160828T202601+0900",
      "endTime" : "20160828T202616+0900",
      "duration" : 15.0,
      "distance" : 10.0,
      "steps" : 20,
      "calories" : 1,
      "trackPoints" : [ ]
    } ],
    "lastUpdate" : "20160829T072538Z"
  } ],
  "caloriesIdle" : 1601,
  "lastUpdate" : "20160829T072538Z"
} ]