[ {
  "date" : "20180507",
  "summary" : [ {
    "activity" : "cycling",
    "group" : "cycling",
    "duration" : 227.0,
    "distance" : 1190.0,
    "calories" : 29
  }, {
    "activity" : "walking",
    "group" : "walking",
    "duration" : 79.0,
    "distance" : 59.0,
    "steps" : 118,
    "calories" : 3
  } ],
  "segments" : [ {
    "type" : "move",
    "startTime" : "20180507T125932+0900",
    "endTime" : "20180507T130319+0900",
    "activities" : [ {
      "activity" : "cycling",
      "group" : "cycling",
      "manual" : false,
      "startTime" : "20180507T125932+0900",
      "endTime" : "20180507T130319+0900",
      "duration" : 227.0,
      "distance" : 1190.0,
      "calories" : 29,
      "trackPoints" : [ {
        "lat" : 43.082397,
        "lon" : 141.34504,
        "time" : "20180507T125932+0900"
      }, {
        "lat" : 43.081424,
        "lon" : 141.34537,
        "time" : "20180507T125958+0900"
      }, {
        "lat" : 43.081417,
        "lon" : 141.34536,
        "time" : "20180507T125959+0900"
      }, {
        "lat" : 43.081417,
        "lon" : 141.34536,
        "time" : "20180507T130000+0900"
      }, {
        "lat" : 43.08129,
        "lon" : 141.34522,
        "time" : "20180507T130019+0900"
      }, {
        "lat" : 43.081276,
        "lon" : 141.34357,
        "time" : "20180507T130051+0900"
      }, {
        "lat" : 43.081157,
        "lon" : 141.34246,
        "time" : "20180507T130108+0900"
      }, {
        "lat" : 43.081021,
        "lon" : 141.34169,
        "time" : "20180507T130123+0900"
      }, {
        "lat" : 43.080949,
        "lon" : 141.34135,
        "time" : "20180507T130154+0900"
      }, {
        "lat" : 43.077801,
        "lon" : 141.34134,
        "time" : "20180507T130226+0900"
      }, {
        "lat" : 43.076974,
        "lon" : 141.33963,
        "time" : "20180507T130302+0900"
      }, {
        "lat" : 43.076435,
        "lon" : 141.33918,
        "time" : "20180507T130319+0900"
      } ]
    } ],
    "lastUpdate" : "20180507T054715Z"
  }, {
    "type" : "place",
    "startTime" : "20180507T130319+0900",
    "endTime" : "20180507T144716+0900",
    "place" : {
      "id" : 259240182,
      "type" : "unknown",
      "location" : {
        "lat" : 43.076435,
        "lon" : 141.33918
      }
    },
    "activities" : [ {
      "activity" : "walking",
      "group" : "walking",
      "manual" : false,
      "startTime" : "20180507T130319+0900",
      "endTime" : "20180507T130438+0900",
      "duration" : 79.0,
      "distance" : 59.0,
      "steps" : 118,
      "calories" : 3,
      "trackPoints" : [ ]
    } ],
    "lastUpdate" : "20180507T054719Z"
  } ],
  "caloriesIdle" : 1591,
  "lastUpdate" : "20180507T054719Z"
}, {
  "date" : "20180508",
  "summary" : [ {
    "activity" : "cycling",
    "group" : "cycling",
    "duration" : 584.0,
    "distance" : 2341.0,
    "calories" : 58
  }, {
    "activity" : "walking",
    "group" : "walking",
    "duration" : 537.0,
    "distance" : 549.0,
    "steps" : 855,
    "calories" : 30
  } ],
  "segments" : [ {
    "type" : "move",
    "startTime" : "20180508T162303+0900",
    "endTime" : "20180508T162921+0900",
    "activities" : [ {
      "activity" : "cycling",
      "group" : "cycling",
      "manual" : false,
      "startTime" : "20180508T162303+0900",
      "endTime" : "20180508T162637+0900",
      "duration" : 214.0,
      "distance" : 897.0,
      "calories" : 22,
      "trackPoints" : [ {
        "lat" : 43.081709,
        "lon" : 141.34486,
        "time" : "20180508T162303+0900"
      }, {
        "lat" : 43.081138,
        "lon" : 141.34401,
        "time" : "20180508T162331+0900"
      }, {
        "lat" : 43.081101,
        "lon" : 141.34267,
        "time" : "20180508T162356+0900"
      }, {
        "lat" : 43.080925,
        "lon" : 141.34198,
        "time" : "20180508T162411+0900"
      }, {
        "lat" : 43.078827,
        "lon" : 141.34102,
        "time" : "20180508T162504+0900"
      }, {
        "lat" : 43.078368,
        "lon" : 141.3409,
        "time" : "20180508T162524+0900"
      }, {
        "lat" : 43.077928,
        "lon" : 141.34015,
        "time" : "20180508T162542+0900"
      }, {
        "lat" : 43.076795,
        "lon" : 141.33949,
        "time" : "20180508T162619+0900"
      }, {
        "lat" : 43.076547,
        "lon" : 141.33948,
        "time" : "20180508T162637+0900"
      } ]
    }, {
      "activity" : "walking",
      "group" : "walking",
      "manual" : false,
      "startTime" : "20180508T162637+0900",
      "endTime" : "20180508T162921+0900",
      "duration" : 164.0,
      "distance" : 204.0,
      "steps" : 303,
      "calories" : 11,
      "trackPoints" : [ {
        "lat" : 43.076547,
        "lon" : 141.33948,
        "time" : "20180508T162637+0900"
      }, {
        "lat" : 43.076384,
        "lon" : 141.33965,
        "time" : "20180508T162724+0900"
      }, {
        "lat" : 43.076047,
        "lon" : 141.33988,
        "time" : "20180508T162803+0900"
      }, {
        "lat" : 43.075914,
        "lon" : 141.34011,
        "time" : "20180508T162825+0900"
      }, {
        "lat" : 43.075904,
        "lon" : 141.34058,
        "time" : "20180508T162900+0900"
      }, {
        "lat" : 43.075673,
        "lon" : 141.34129,
        "time" : "20180508T162921+0900"
      } ]
    } ],
    "lastUpdate" : "20180508T105810Z"
  }, {
    "type" : "place",
    "startTime" : "20180508T162921+0900",
    "endTime" : "20180508T164635+0900",
    "place" : {
      "id" : 244999950,
      "type" : "unknown",
      "location" : {
        "lat" : 43.075673,
        "lon" : 141.34129
      }
    },
    "activities" : [ {
      "activity" : "walking",
      "group" : "walking",
      "manual" : false,
      "startTime" : "20180508T162921+0900",
      "endTime" : "20180508T163227+0900",
      "duration" : 186.0,
      "distance" : 209.0,
      "steps" : 279,
      "calories" : 12,
      "trackPoints" : [ ]
    } ],
    "lastUpdate" : "20180508T105810Z"
  }, {
    "type" : "place",
    "startTime" : "20180508T164733+0900",
    "endTime" : "20180508T195723+0900",
    "place" : {
      "id" : 259240182,
      "type" : "unknown",
      "location" : {
        "lat" : 43.076435,
        "lon" : 141.33918
      }
    },
    "activities" : [ {
      "activity" : "walking",
      "group" : "walking",
      "manual" : false,
      "startTime" : "20180508T164733+0900",
      "endTime" : "20180508T164915+0900",
      "duration" : 102.0,
      "distance" : 76.0,
      "steps" : 153,
      "calories" : 4,
      "trackPoints" : [ ]
    }, {
      "activity" : "walking",
      "group" : "walking",
      "manual" : false,
      "startTime" : "20180508T190128+0900",
      "endTime" : "20180508T190204+0900",
      "duration" : 36.0,
      "distance" : 23.0,
      "steps" : 46,
      "calories" : 1,
      "trackPoints" : [ ]
    } ],
    "lastUpdate" : "20180509T044324Z"
  }, {
    "type" : "move",
    "startTime" : "20180508T195723+0900",
    "endTime" : "20180508T200333+0900",
    "activities" : [ {
      "activity" : "cycling",
      "group" : "cycling",
      "manual" : false,
      "startTime" : "20180508T195723+0900",
      "endTime" : "20180508T200333+0900",
      "duration" : 370.0,
      "distance" : 1444.0,
      "calories" : 36,
      "trackPoints" : [ {
        "lat" : 43.076435,
        "lon" : 141.33918,
        "time" : "20180508T195723+0900"
      }, {
        "lat" : 43.076417,
        "lon" : 141.33938,
        "time" : "20180508T195727+0900"
      }, {
        "lat" : 43.076418,
        "lon" : 141.33938,
        "time" : "20180508T195749+0900"
      }, {
        "lat" : 43.07642,
        "lon" : 141.33938,
        "time" : "20180508T195809+0900"
      }, {
        "lat" : 43.077243,
        "lon" : 141.33953,
        "time" : "20180508T195907+0900"
      }, {
        "lat" : 43.078091,
        "lon" : 141.34066,
        "time" : "20180508T195935+0900"
      }, {
        "lat" : 43.078792,
        "lon" : 141.34105,
        "time" : "20180508T195959+0900"
      }, {
        "lat" : 43.078829,
        "lon" : 141.34104,
        "time" : "20180508T195959+0900"
      }, {
        "lat" : 43.078829,
        "lon" : 141.34104,
        "time" : "20180508T200000+0900"
      }, {
        "lat" : 43.079756,
        "lon" : 141.34089,
        "time" : "20180508T200022+0900"
      }, {
        "lat" : 43.081137,
        "lon" : 141.34089,
        "time" : "20180508T200045+0900"
      }, {
        "lat" : 43.08115,
        "lon" : 141.34181,
        "time" : "20180508T200103+0900"
      }, {
        "lat" : 43.081254,
        "lon" : 141.34328,
        "time" : "20180508T200129+0900"
      }, {
        "lat" : 43.081621,
        "lon" : 141.34488,
        "time" : "20180508T200207+0900"
      }, {
        "lat" : 43.082844,
        "lon" : 141.34495,
        "time" : "20180508T200239+0900"
      }, {
        "lat" : 43.084021,
        "lon" : 141.34486,
        "time" : "20180508T200315+0900"
      }, {
        "lat" : 43.084886,
        "lon" : 141.3453,
        "time" : "20180508T200333+0900"
      } ]
    } ],
    "lastUpdate" : "20180509T044324Z"
  }, {
    "type" : "place",
    "startTime" : "20180508T200333+0900",
    "endTime" : "20180509T134213+0900",
    "place" : {
      "id" : 152143834,
      "type" : "unknown",
      "location" : {
        "lat" : 43.0846321394,
        "lon" : 141.3451669726
      }
    },
    "activities" : [ {
      "activity" : "walking",
      "group" : "walking",
      "manual" : false,
      "startTime" : "20180508T200333+0900",
      "endTime" : "20180508T200422+0900",
      "duration" : 49.0,
      "distance" : 37.0,
      "steps" : 74,
      "calories" : 2,
      "trackPoints" : [ ]
    } ],
    "lastUpdate" : "20180509T081826Z"
  } ],
  "caloriesIdle" : 1591,
  "lastUpdate" : "20180509T081826Z"
}, {
  "date" : "20180509",
  "summary" : [ {
    "activity" : "walking",
    "group" : "walking",
    "duration" : 492.0,
    "distance" : 536.0,
    "steps" : 728,
    "calories" : 30
  }, {
    "activity" : "cycling",
    "group" : "cycling",
    "duration" : 598.0,
    "distance" : 2716.0,
    "calories" : 67
  } ],
  "segments" : [ {
    "type" : "place",
    "startTime" : "20180508T200333+0900",
    "endTime" : "20180509T134213+0900",
    "place" : {
      "id" : 152143834,
      "type" : "unknown",
      "location" : {
        "lat" : 43.0846321394,
        "lon" : 141.3451669726
      }
    },
    "activities" : [ {
      "activity" : "walking",
      "group" : "walking",
      "manual" : false,
      "startTime" : "20180509T134106+0900",
      "endTime" : "20180509T134203+0900",
      "duration" : 57.0,
      "distance" : 30.0,
      "steps" : 60,
      "calories" : 2,
      "trackPoints" : [ ]
    } ],
    "lastUpdate" : "20180509T081826Z"
  }, {
    "type" : "move",
    "startTime" : "20180509T134213+0900",
    "endTime" : "20180509T134807+0900",
    "activities" : [ {
      "activity" : "cycling",
      "group" : "cycling",
      "manual" : false,
      "startTime" : "20180509T134213+0900",
      "endTime" : "20180509T134737+0900",
      "duration" : 324.0,
      "distance" : 1324.0,
      "calories" : 33,
      "trackPoints" : [ {
        "lat" : 43.084632,
        "lon" : 141.34517,
        "time" : "20180509T134213+0900"
      }, {
        "lat" : 43.082321,
        "lon" : 141.3449,
        "time" : "20180509T134323+0900"
      }, {
        "lat" : 43.081479,
        "lon" : 141.34501,
        "time" : "20180509T134347+0900"
      }, {
        "lat" : 43.08128,
        "lon" : 141.34409,
        "time" : "20180509T134406+0900"
      }, {
        "lat" : 43.081194,
        "lon" : 141.34339,
        "time" : "20180509T134425+0900"
      }, {
        "lat" : 43.081132,
        "lon" : 141.34286,
        "time" : "20180509T134446+0900"
      }, {
        "lat" : 43.081086,
        "lon" : 141.34273,
        "time" : "20180509T134502+0900"
      }, {
        "lat" : 43.080944,
        "lon" : 141.34207,
        "time" : "20180509T134524+0900"
      }, {
        "lat" : 43.078812,
        "lon" : 141.34108,
        "time" : "20180509T134607+0900"
      }, {
        "lat" : 43.077928,
        "lon" : 141.34126,
        "time" : "20180509T134624+0900"
      }, {
        "lat" : 43.077415,
        "lon" : 141.33975,
        "time" : "20180509T134655+0900"
      }, {
        "lat" : 43.076786,
        "lon" : 141.33955,
        "time" : "20180509T134717+0900"
      }, {
        "lat" : 43.076493,
        "lon" : 141.33962,
        "time" : "20180509T134737+0900"
      } ]
    }, {
      "activity" : "walking",
      "group" : "walking",
      "manual" : false,
      "startTime" : "20180509T134737+0900",
      "endTime" : "20180509T134807+0900",
      "duration" : 30.0,
      "distance" : 74.0,
      "steps" : 61,
      "calories" : 4,
      "trackPoints" : [ {
        "lat" : 43.076493,
        "lon" : 141.33962,
        "time" : "20180509T134737+0900"
      }, {
        "lat" : 43.075454,
        "lon" : 141.34061,
        "time" : "20180509T134807+0900"
      } ]
    } ],
    "lastUpdate" : "20180509T081826Z"
  }, {
    "type" : "place",
    "startTime" : "20180509T134807+0900",
    "endTime" : "20180509T171734+0900",
    "place" : {
      "id" : 379252884,
      "type" : "unknown",
      "location" : {
        "lat" : 43.075861,
        "lon" : 141.34026
      }
    },
    "activities" : [ {
      "activity" : "walking",
      "group" : "walking",
      "manual" : false,
      "startTime" : "20180509T134807+0900",
      "endTime" : "20180509T135352+0900",
      "duration" : 345.0,
      "distance" : 388.0,
      "steps" : 518,
      "calories" : 21,
      "trackPoints" : [ ]
    }, {
      "activity" : "walking",
      "group" : "walking",
      "manual" : false,
      "startTime" : "20180509T171530+0900",
      "endTime" : "20180509T171630+0900",
      "duration" : 60.0,
      "distance" : 44.0,
      "steps" : 89,
      "calories" : 2,
      "trackPoints" : [ ]
    } ],
    "lastUpdate" : "20180510T041654Z"
  }, {
    "type" : "move",
    "startTime" : "20180509T171734+0900",
    "endTime" : "20180509T172209+0900",
    "activities" : [ {
      "activity" : "cycling",
      "group" : "cycling",
      "manual" : false,
      "startTime" : "20180509T171734+0900",
      "endTime" : "20180509T172208+0900",
      "duration" : 274.0,
      "distance" : 1392.0,
      "calories" : 34,
      "trackPoints" : [ {
        "lat" : 43.075861,
        "lon" : 141.34026,
        "time" : "20180509T171734+0900"
      }, {
        "lat" : 43.07781,
        "lon" : 141.33987,
        "time" : "20180509T171822+0900"
      }, {
        "lat" : 43.078048,
        "lon" : 141.34068,
        "time" : "20180509T171839+0900"
      }, {
        "lat" : 43.078385,
        "lon" : 141.34111,
        "time" : "20180509T171855+0900"
      }, {
        "lat" : 43.080917,
        "lon" : 141.34191,
        "time" : "20180509T171945+0900"
      }, {
        "lat" : 43.081041,
        "lon" : 141.34193,
        "time" : "20180509T172005+0900"
      }, {
        "lat" : 43.080971,
        "lon" : 141.34306,
        "time" : "20180509T172026+0900"
      }, {
        "lat" : 43.081386,
        "lon" : 141.34476,
        "time" : "20180509T172103+0900"
      }, {
        "lat" : 43.082405,
        "lon" : 141.34492,
        "time" : "20180509T172132+0900"
      }, {
        "lat" : 43.084632,
        "lon" : 141.34517,
        "time" : "20180509T172209+0900"
      } ]
    } ],
    "lastUpdate" : "20180510T041654Z"
  } ],
  "caloriesIdle" : 1591,
  "lastUpdate" : "20180510T041654Z"
}, {
  "date" : "20180510",
  "summary" : [ {
    "activity" : "cycling",
    "group" : "cycling",
    "duration" : 263.0,
    "distance" : 988.0,
    "calories" : 25
  }, {
    "activity" : "walking",
    "group" : "walking",
    "duration" : 4934.0,
    "distance" : 4241.0,
    "steps" : 2748,
    "calories" : 234
  } ],
  "segments" : [ {
    "type" : "move",
    "startTime" : "20180510T131651+0900",
    "endTime" : "20180510T132114+0900",
    "activities" : [ {
      "activity" : "cycling",
      "group" : "cycling",
      "manual" : false,
      "startTime" : "20180510T131651+0900",
      "endTime" : "20180510T132114+0900",
      "duration" : 263.0,
      "distance" : 988.0,
      "calories" : 25,
      "trackPoints" : [ {
        "lat" : 43.082117,
        "lon" : 141.34459,
        "time" : "20180510T131651+0900"
      }, {
        "lat" : 43.081323,
        "lon" : 141.34441,
        "time" : "20180510T131719+0900"
      }, {
        "lat" : 43.081185,
        "lon" : 141.3432,
        "time" : "20180510T131739+0900"
      }, {
        "lat" : 43.081132,
        "lon" : 141.34297,
        "time" : "20180510T131757+0900"
      }, {
        "lat" : 43.080991,
        "lon" : 141.3427,
        "time" : "20180510T131842+0900"
      }, {
        "lat" : 43.080881,
        "lon" : 141.34232,
        "time" : "20180510T131901+0900"
      }, {
        "lat" : 43.079015,
        "lon" : 141.34081,
        "time" : "20180510T131955+0900"
      }, {
        "lat" : 43.077553,
        "lon" : 141.33945,
        "time" : "20180510T132037+0900"
      }, {
        "lat" : 43.076802,
        "lon" : 141.33957,
        "time" : "20180510T132054+0900"
      }, {
        "lat" : 43.075982,
        "lon" : 141.33887,
        "time" : "20180510T132114+0900"
      } ]
    } ],
    "lastUpdate" : "20180510T093841Z"
  }, {
    "type" : "place",
    "startTime" : "20180510T132114+0900",
    "endTime" : "20180510T183431+0900",
    "place" : {
      "id" : 259240182,
      "type" : "unknown",
      "location" : {
        "lat" : 43.076435,
        "lon" : 141.33918
      }
    },
    "activities" : [ {
      "activity" : "walking",
      "group" : "walking",
      "manual" : false,
      "startTime" : "20180510T132114+0900",
      "endTime" : "20180510T132245+0900",
      "duration" : 91.0,
      "distance" : 69.0,
      "steps" : 138,
      "calories" : 4,
      "trackPoints" : [ ]
    }, {
      "activity" : "walking",
      "group" : "walking",
      "manual" : false,
      "startTime" : "20180510T141653+0900",
      "endTime" : "20180510T143653+0900",
      "duration" : 1200.0,
      "distance" : 900.0,
      "steps" : 196,
      "calories" : 50,
      "trackPoints" : [ ]
    }, {
      "activity" : "walking",
      "group" : "walking",
      "manual" : false,
      "startTime" : "20180510T154658+0900",
      "endTime" : "20180510T155036+0900",
      "duration" : 218.0,
      "distance" : 163.0,
      "steps" : 177,
      "calories" : 9,
      "trackPoints" : [ ]
    }, {
      "activity" : "walking",
      "group" : "walking",
      "manual" : false,
      "startTime" : "20180510T172058+0900",
      "endTime" : "20180510T175224+0900",
      "duration" : 1886.0,
      "distance" : 1414.0,
      "steps" : 0,
      "calories" : 78,
      "trackPoints" : [ ]
    }, {
      "activity" : "walking",
      "group" : "walking",
      "manual" : false,
      "startTime" : "20180510T183238+0900",
      "endTime" : "20180510T183430+0900",
      "duration" : 112.0,
      "distance" : 56.0,
      "steps" : 53,
      "calories" : 3,
      "trackPoints" : [ ]
    } ],
    "lastUpdate" : "20180510T112709Z"
  }, {
    "type" : "move",
    "startTime" : "20180510T183431+0900",
    "endTime" : "20180510T183624+0900",
    "activities" : [ {
      "activity" : "walking",
      "group" : "walking",
      "manual" : false,
      "startTime" : "20180510T183431+0900",
      "endTime" : "20180510T183624+0900",
      "duration" : 113.0,
      "distance" : 135.0,
      "steps" : 53,
      "calories" : 7,
      "trackPoints" : [ {
        "lat" : 43.076435,
        "lon" : 141.33918,
        "time" : "20180510T183431+0900"
      }, {
        "lat" : 43.078158,
        "lon" : 141.34046,
        "time" : "20180510T183624+0900"
      } ]
    } ],
    "lastUpdate" : "20180510T112709Z"
  }, {
    "type" : "place",
    "startTime" : "20180510T183837+0900",
    "endTime" : "20180510T202424+0900",
    "place" : {
      "id" : 172873341,
      "type" : "unknown",
      "location" : {
        "lat" : 43.0785741794,
        "lon" : 141.3405326786
      }
    },
    "activities" : [ {
      "activity" : "walking",
      "group" : "walking",
      "manual" : false,
      "startTime" : "20180510T183837+0900",
      "endTime" : "20180510T184138+0900",
      "duration" : 181.0,
      "distance" : 203.0,
      "steps" : 271,
      "calories" : 11,
      "trackPoints" : [ ]
    }, {
      "activity" : "walking",
      "group" : "walking",
      "manual" : false,
      "startTime" : "20180510T202148+0900",
      "endTime" : "20180510T202423+0900",
      "duration" : 155.0,
      "distance" : 174.0,
      "steps" : 232,
      "calories" : 10,
      "trackPoints" : [ ]
    } ],
    "lastUpdate" : "20180511T012559Z"
  }, {
    "type" : "move",
    "startTime" : "20180510T202424+0900",
    "endTime" : "20180510T203934+0900",
    "activities" : [ {
      "activity" : "walking",
      "group" : "walking",
      "manual" : false,
      "startTime" : "20180510T202424+0900",
      "endTime" : "20180510T203934+0900",
      "duration" : 910.0,
      "distance" : 1076.0,
      "steps" : 1526,
      "calories" : 59,
      "trackPoints" : [ {
        "lat" : 43.078574,
        "lon" : 141.34053,
        "time" : "20180510T202424+0900"
      }, {
        "lat" : 43.080004,
        "lon" : 141.34061,
        "time" : "20180510T202700+0900"
      }, {
        "lat" : 43.080313,
        "lon" : 141.34055,
        "time" : "20180510T202724+0900"
      }, {
        "lat" : 43.080862,
        "lon" : 141.34135,
        "time" : "20180510T202833+0900"
      }, {
        "lat" : 43.081063,
        "lon" : 141.34197,
        "time" : "20180510T202947+0900"
      }, {
        "lat" : 43.081136,
        "lon" : 141.34235,
        "time" : "20180510T203008+0900"
      }, {
        "lat" : 43.081285,
        "lon" : 141.34278,
        "time" : "20180510T203034+0900"
      }, {
        "lat" : 43.081197,
        "lon" : 141.34284,
        "time" : "20180510T203101+0900"
      }, {
        "lat" : 43.081184,
        "lon" : 141.34321,
        "time" : "20180510T203152+0900"
      }, {
        "lat" : 43.081229,
        "lon" : 141.34342,
        "time" : "20180510T203211+0900"
      }, {
        "lat" : 43.081344,
        "lon" : 141.34403,
        "time" : "20180510T203255+0900"
      }, {
        "lat" : 43.081807,
        "lon" : 141.34503,
        "time" : "20180510T203429+0900"
      }, {
        "lat" : 43.082013,
        "lon" : 141.3449,
        "time" : "20180510T203452+0900"
      }, {
        "lat" : 43.082737,
        "lon" : 141.34481,
        "time" : "20180510T203555+0900"
      }, {
        "lat" : 43.083018,
        "lon" : 141.34476,
        "time" : "20180510T203614+0900"
      }, {
        "lat" : 43.083223,
        "lon" : 141.34472,
        "time" : "20180510T203632+0900"
      }, {
        "lat" : 43.083495,
        "lon" : 141.34466,
        "time" : "20180510T203657+0900"
      }, {
        "lat" : 43.083616,
        "lon" : 141.34464,
        "time" : "20180510T203718+0900"
      }, {
        "lat" : 43.083872,
        "lon" : 141.34448,
        "time" : "20180510T203833+0900"
      }, {
        "lat" : 43.084095,
        "lon" : 141.34447,
        "time" : "20180510T203852+0900"
      }, {
        "lat" : 43.084227,
        "lon" : 141.34463,
        "time" : "20180510T203915+0900"
      }, {
        "lat" : 43.084886,
        "lon" : 141.3453,
        "time" : "20180510T203934+0900"
      } ]
    } ],
    "lastUpdate" : "20180511T012559Z"
  }, {
    "type" : "place",
    "startTime" : "20180510T203934+0900",
    "endTime" : "20180511T102509+0900",
    "place" : {
      "id" : 152143834,
      "type" : "unknown",
      "location" : {
        "lat" : 43.0846321394,
        "lon" : 141.3451669726
      }
    },
    "activities" : [ {
      "activity" : "walking",
      "group" : "walking",
      "manual" : false,
      "startTime" : "20180510T203934+0900",
      "endTime" : "20180510T204042+0900",
      "duration" : 68.0,
      "distance" : 51.0,
      "steps" : 102,
      "calories" : 3,
      "trackPoints" : [ ]
    } ],
    "lastUpdate" : "20180511T031155Z"
  } ],
  "caloriesIdle" : 1591,
  "lastUpdate" : "20180511T031155Z"
}, {
  "date" : "20180511",
  "summary" : [ {
    "activity" : "walking",
    "group" : "walking",
    "duration" : 2344.0,
    "distance" : 2240.0,
    "steps" : 2872,
    "calories" : 124
  }, {
    "activity" : "cycling",
    "group" : "cycling",
    "duration" : 810.0,
    "distance" : 3665.0,
    "calories" : 90
  }, {
    "activity" : "transport",
    "group" : "transport",
    "duration" : 256.0,
    "distance" : 1209.0
  } ],
  "segments" : [ {
    "type" : "place",
    "startTime" : "20180510T203934+0900",
    "endTime" : "20180511T102509+0900",
    "place" : {
      "id" : 152143834,
      "type" : "unknown",
      "location" : {
        "lat" : 43.0846321394,
        "lon" : 141.3451669726
      }
    },
    "activities" : [ {
      "activity" : "walking",
      "group" : "walking",
      "manual" : false,
      "startTime" : "20180511T025950+0900",
      "endTime" : "20180511T030221+0900",
      "duration" : 151.0,
      "distance" : 109.0,
      "steps" : 15,
      "calories" : 6,
      "trackPoints" : [ ]
    }, {
      "activity" : "walking",
      "group" : "walking",
      "manual" : false,
      "startTime" : "20180511T102348+0900",
      "endTime" : "20180511T102509+0900",
      "duration" : 81.0,
      "distance" : 40.0,
      "steps" : 70,
      "calories" : 2,
      "trackPoints" : [ ]
    } ],
    "lastUpdate" : "20180511T031155Z"
  }, {
    "type" : "move",
    "startTime" : "20180511T102509+0900",
    "endTime" : "20180511T102943+0900",
    "activities" : [ {
      "activity" : "cycling",
      "group" : "cycling",
      "manual" : false,
      "startTime" : "20180511T102509+0900",
      "endTime" : "20180511T102942+0900",
      "duration" : 273.0,
      "distance" : 1321.0,
      "calories" : 32,
      "trackPoints" : [ {
        "lat" : 43.084632,
        "lon" : 141.34517,
        "time" : "20180511T102509+0900"
      }, {
        "lat" : 43.082754,
        "lon" : 141.34494,
        "time" : "20180511T102559+0900"
      }, {
        "lat" : 43.081383,
        "lon" : 141.34539,
        "time" : "20180511T102629+0900"
      }, {
        "lat" : 43.081269,
        "lon" : 141.34445,
        "time" : "20180511T102705+0900"
      }, {
        "lat" : 43.080756,
        "lon" : 141.34244,
        "time" : "20180511T102753+0900"
      }, {
        "lat" : 43.079305,
        "lon" : 141.34109,
        "time" : "20180511T102821+0900"
      }, {
        "lat" : 43.078727,
        "lon" : 141.34091,
        "time" : "20180511T102840+0900"
      }, {
        "lat" : 43.077782,
        "lon" : 141.33998,
        "time" : "20180511T102919+0900"
      }, {
        "lat" : 43.076435,
        "lon" : 141.33918,
        "time" : "20180511T102943+0900"
      } ]
    } ],
    "lastUpdate" : "20180511T031155Z"
  }, {
    "type" : "place",
    "startTime" : "20180511T102943+0900",
    "endTime" : "20180511T120757+0900",
    "place" : {
      "id" : 259240182,
      "type" : "unknown",
      "location" : {
        "lat" : 43.076435,
        "lon" : 141.33918
      }
    },
    "activities" : [ {
      "activity" : "walking",
      "group" : "walking",
      "manual" : false,
      "startTime" : "20180511T102943+0900",
      "endTime" : "20180511T103315+0900",
      "duration" : 212.0,
      "distance" : 239.0,
      "steps" : 319,
      "calories" : 13,
      "trackPoints" : [ ]
    }, {
      "activity" : "walking",
      "group" : "walking",
      "manual" : false,
      "startTime" : "20180511T113221+0900",
      "endTime" : "20180511T113729+0900",
      "duration" : 308.0,
      "distance" : 344.0,
      "steps" : 459,
      "calories" : 19,
      "trackPoints" : [ ]
    }, {
      "activity" : "walking",
      "group" : "walking",
      "manual" : false,
      "startTime" : "20180511T120403+0900",
      "endTime" : "20180511T120756+0900",
      "duration" : 233.0,
      "distance" : 202.0,
      "steps" : 270,
      "calories" : 11,
      "trackPoints" : [ ]
    } ],
    "lastUpdate" : "20180511T071036Z"
  }, {
    "type" : "move",
    "startTime" : "20180511T120757+0900",
    "endTime" : "20180511T121510+0900",
    "activities" : [ {
      "activity" : "walking",
      "group" : "walking",
      "manual" : false,
      "startTime" : "20180511T120757+0900",
      "endTime" : "20180511T121150+0900",
      "duration" : 233.0,
      "distance" : 239.0,
      "steps" : 326,
      "calories" : 13,
      "trackPoints" : [ {
        "lat" : 43.076435,
        "lon" : 141.33918,
        "time" : "20180511T120757+0900"
      }, {
        "lat" : 43.078075,
        "lon" : 141.34043,
        "time" : "20180511T121151+0900"
      } ]
    }, {
      "activity" : "cycling",
      "group" : "cycling",
      "manual" : false,
      "startTime" : "20180511T121151+0900",
      "endTime" : "20180511T121510+0900",
      "duration" : 199.0,
      "distance" : 1011.0,
      "calories" : 25,
      "trackPoints" : [ {
        "lat" : 43.078075,
        "lon" : 141.34043,
        "time" : "20180511T121151+0900"
      }, {
        "lat" : 43.078307,
        "lon" : 141.34124,
        "time" : "20180511T121207+0900"
      }, {
        "lat" : 43.078931,
        "lon" : 141.34096,
        "time" : "20180511T121223+0900"
      }, {
        "lat" : 43.079778,
        "lon" : 141.341,
        "time" : "20180511T121241+0900"
      }, {
        "lat" : 43.081036,
        "lon" : 141.34214,
        "time" : "20180511T121323+0900"
      }, {
        "lat" : 43.081204,
        "lon" : 141.34351,
        "time" : "20180511T121350+0900"
      }, {
        "lat" : 43.081434,
        "lon" : 141.34474,
        "time" : "20180511T121412+0900"
      }, {
        "lat" : 43.081911,
        "lon" : 141.345,
        "time" : "20180511T121428+0900"
      }, {
        "lat" : 43.08297,
        "lon" : 141.34483,
        "time" : "20180511T121455+0900"
      }, {
        "lat" : 43.084251,
        "lon" : 141.34472,
        "time" : "20180511T121510+0900"
      } ]
    } ],
    "lastUpdate" : "20180511T071036Z"
  }, {
    "type" : "place",
    "startTime" : "20180511T121510+0900",
    "endTime" : "20180511T161019+0900",
    "place" : {
      "id" : 304848157,
      "type" : "unknown",
      "location" : {
        "lat" : 43.083905,
        "lon" : 141.3451
      }
    },
    "activities" : [ {
      "activity" : "walking",
      "group" : "walking",
      "manual" : false,
      "startTime" : "20180511T121510+0900",
      "endTime" : "20180511T121649+0900",
      "duration" : 99.0,
      "distance" : 74.0,
      "steps" : 149,
      "calories" : 4,
      "trackPoints" : [ ]
    }, {
      "activity" : "walking",
      "group" : "walking",
      "manual" : false,
      "startTime" : "20180511T160844+0900",
      "endTime" : "20180511T160939+0900",
      "duration" : 55.0,
      "distance" : 41.0,
      "steps" : 82,
      "calories" : 2,
      "trackPoints" : [ ]
    } ],
    "lastUpdate" : "20180511T094737Z"
  }, {
    "type" : "move",
    "startTime" : "20180511T161019+0900",
    "endTime" : "20180511T161436+0900",
    "activities" : [ {
      "activity" : "transport",
      "group" : "transport",
      "manual" : false,
      "startTime" : "20180511T161019+0900",
      "endTime" : "20180511T161435+0900",
      "duration" : 256.0,
      "distance" : 1209.0,
      "trackPoints" : [ {
        "lat" : 43.083905,
        "lon" : 141.3451,
        "time" : "20180511T161019+0900"
      }, {
        "lat" : 43.083297,
        "lon" : 141.34482,
        "time" : "20180511T161036+0900"
      }, {
        "lat" : 43.081756,
        "lon" : 141.34515,
        "time" : "20180511T161107+0900"
      }, {
        "lat" : 43.08133,
        "lon" : 141.34425,
        "time" : "20180511T161128+0900"
      }, {
        "lat" : 43.080901,
        "lon" : 141.34267,
        "time" : "20180511T161203+0900"
      }, {
        "lat" : 43.080901,
        "lon" : 141.34267,
        "time" : "20180511T161240+0900"
      }, {
        "lat" : 43.079981,
        "lon" : 141.34135,
        "time" : "20180511T161308+0900"
      }, {
        "lat" : 43.079068,
        "lon" : 141.34082,
        "time" : "20180511T161337+0900"
      }, {
        "lat" : 43.077833,
        "lon" : 141.33995,
        "time" : "20180511T161420+0900"
      }, {
        "lat" : 43.076265,
        "lon" : 141.33885,
        "time" : "20180511T161436+0900"
      } ]
    } ],
    "lastUpdate" : "20180511T094737Z"
  }, {
    "type" : "place",
    "startTime" : "20180511T161436+0900",
    "endTime" : "20180511T184646+0900",
    "place" : {
      "id" : 288478635,
      "type" : "unknown",
      "location" : {
        "lat" : 43.076568,
        "lon" : 141.33955
      }
    },
    "activities" : [ {
      "activity" : "walking",
      "group" : "walking",
      "manual" : false,
      "startTime" : "20180511T161436+0900",
      "endTime" : "20180511T161615+0900",
      "duration" : 99.0,
      "distance" : 74.0,
      "steps" : 149,
      "calories" : 4,
      "trackPoints" : [ ]
    }, {
      "activity" : "walking",
      "group" : "walking",
      "manual" : false,
      "startTime" : "20180511T180749+0900",
      "endTime" : "20180511T181742+0900",
      "duration" : 593.0,
      "distance" : 669.0,
      "steps" : 892,
      "calories" : 37,
      "trackPoints" : [ ]
    } ],
    "lastUpdate" : "20180512T002050Z"
  }, {
    "type" : "move",
    "startTime" : "20180511T184646+0900",
    "endTime" : "20180511T185225+0900",
    "activities" : [ {
      "activity" : "cycling",
      "group" : "cycling",
      "manual" : false,
      "startTime" : "20180511T184646+0900",
      "endTime" : "20180511T185224+0900",
      "duration" : 338.0,
      "distance" : 1333.0,
      "calories" : 33,
      "trackPoints" : [ {
        "lat" : 43.076568,
        "lon" : 141.33955,
        "time" : "20180511T184646+0900"
      }, {
        "lat" : 43.078088,
        "lon" : 141.34058,
        "time" : "20180511T184741+0900"
      }, {
        "lat" : 43.078684,
        "lon" : 141.34108,
        "time" : "20180511T184805+0900"
      }, {
        "lat" : 43.079599,
        "lon" : 141.34096,
        "time" : "20180511T184835+0900"
      }, {
        "lat" : 43.081027,
        "lon" : 141.34194,
        "time" : "20180511T184916+0900"
      }, {
        "lat" : 43.081211,
        "lon" : 141.3432,
        "time" : "20180511T184941+0900"
      }, {
        "lat" : 43.081418,
        "lon" : 141.34426,
        "time" : "20180511T185002+0900"
      }, {
        "lat" : 43.08215,
        "lon" : 141.34502,
        "time" : "20180511T185030+0900"
      }, {
        "lat" : 43.083267,
        "lon" : 141.34471,
        "time" : "20180511T185057+0900"
      }, {
        "lat" : 43.084394,
        "lon" : 141.34468,
        "time" : "20180511T185142+0900"
      }, {
        "lat" : 43.084632,
        "lon" : 141.34454,
        "time" : "20180511T185158+0900"
      }, {
        "lat" : 43.085126,
        "lon" : 141.34431,
        "time" : "20180511T185225+0900"
      } ]
    } ],
    "lastUpdate" : "20180512T002050Z"
  }, {
    "type" : "place",
    "startTime" : "20180511T185225+0900",
    "endTime" : "20180512T091853+0900",
    "place" : {
      "id" : 182267608,
      "type" : "unknown",
      "location" : {
        "lat" : 43.0851258405,
        "lon" : 141.3443117169
      }
    },
    "activities" : [ {
      "activity" : "walking",
      "group" : "walking",
      "manual" : false,
      "startTime" : "20180511T185225+0900",
      "endTime" : "20180511T185359+0900",
      "duration" : 94.0,
      "distance" : 70.0,
      "steps" : 141,
      "calories" : 4,
      "trackPoints" : [ ]
    }, {
      "activity" : "walking",
      "group" : "walking",
      "manual" : false,
      "startTime" : "20180511T190243+0900",
      "endTime" : "20180511T190549+0900",
      "duration" : 186.0,
      "distance" : 139.0,
      "steps" : 0,
      "calories" : 8,
      "trackPoints" : [ ]
    } ],
    "lastUpdate" : "20180512T051820Z"
  } ],
  "caloriesIdle" : 1591,
  "lastUpdate" : "20180512T051820Z"
}, {
  "date" : "20180512",
  "summary" : [ {
    "activity" : "walking",
    "group" : "walking",
    "duration" : 723.0,
    "distance" : 725.0,
    "steps" : 810,
    "calories" : 40
  }, {
    "activity" : "cycling",
    "group" : "cycling",
    "duration" : 530.0,
    "distance" : 1868.0,
    "calories" : 47
  } ],
  "segments" : [ {
    "type" : "place",
    "startTime" : "20180511T185225+0900",
    "endTime" : "20180512T091853+0900",
    "place" : {
      "id" : 182267608,
      "type" : "unknown",
      "location" : {
        "lat" : 43.0851258405,
        "lon" : 141.3443117169
      }
    },
    "activities" : [ {
      "activity" : "walking",
      "group" : "walking",
      "manual" : false,
      "startTime" : "20180512T014208+0900",
      "endTime" : "20180512T014219+0900",
      "duration" : 11.0,
      "distance" : 8.0,
      "steps" : 16,
      "calories" : 0,
      "trackPoints" : [ ]
    }, {
      "activity" : "walking",
      "group" : "walking",
      "manual" : false,
      "startTime" : "20180512T083954+0900",
      "endTime" : "20180512T084003+0900",
      "duration" : 9.0,
      "distance" : 4.0,
      "steps" : 0,
      "calories" : 0,
      "trackPoints" : [ ]
    }, {
      "activity" : "walking",
      "group" : "walking",
      "manual" : false,
      "startTime" : "20180512T091656+0900",
      "endTime" : "20180512T091852+0900",
      "duration" : 116.0,
      "distance" : 58.0,
      "steps" : 52,
      "calories" : 3,
      "trackPoints" : [ ]
    } ],
    "lastUpdate" : "20180512T051820Z"
  }, {
    "type" : "move",
    "startTime" : "20180512T091853+0900",
    "endTime" : "20180512T092940+0900",
    "activities" : [ {
      "activity" : "walking",
      "group" : "walking",
      "manual" : false,
      "startTime" : "20180512T091853+0900",
      "endTime" : "20180512T092049+0900",
      "duration" : 116.0,
      "distance" : 139.0,
      "steps" : 52,
      "calories" : 8,
      "trackPoints" : [ {
        "lat" : 43.085126,
        "lon" : 141.34431,
        "time" : "20180512T091853+0900"
      }, {
        "lat" : 43.083153,
        "lon" : 141.34466,
        "time" : "20180512T092050+0900"
      } ]
    }, {
      "activity" : "cycling",
      "group" : "cycling",
      "manual" : false,
      "startTime" : "20180512T092050+0900",
      "endTime" : "20180512T092940+0900",
      "duration" : 530.0,
      "distance" : 1868.0,
      "calories" : 47,
      "trackPoints" : [ {
        "lat" : 43.083153,
        "lon" : 141.34466,
        "time" : "20180512T092050+0900"
      }, {
        "lat" : 43.081889,
        "lon" : 141.34515,
        "time" : "20180512T092120+0900"
      }, {
        "lat" : 43.081291,
        "lon" : 141.34528,
        "time" : "20180512T092136+0900"
      }, {
        "lat" : 43.080222,
        "lon" : 141.34547,
        "time" : "20180512T092206+0900"
      }, {
        "lat" : 43.079443,
        "lon" : 141.34566,
        "time" : "20180512T092238+0900"
      }, {
        "lat" : 43.078828,
        "lon" : 141.34584,
        "time" : "20180512T092256+0900"
      }, {
        "lat" : 43.077841,
        "lon" : 141.34616,
        "time" : "20180512T092324+0900"
      }, {
        "lat" : 43.077216,
        "lon" : 141.34616,
        "time" : "20180512T092343+0900"
      }, {
        "lat" : 43.075461,
        "lon" : 141.34657,
        "time" : "20180512T092427+0900"
      }, {
        "lat" : 43.074485,
        "lon" : 141.34683,
        "time" : "20180512T092452+0900"
      }, {
        "lat" : 43.074024,
        "lon" : 141.3472,
        "time" : "20180512T092510+0900"
      }, {
        "lat" : 43.073853,
        "lon" : 141.34732,
        "time" : "20180512T092543+0900"
      }, {
        "lat" : 43.073754,
        "lon" : 141.34728,
        "time" : "20180512T092610+0900"
      }, {
        "lat" : 43.073433,
        "lon" : 141.3473,
        "time" : "20180512T092635+0900"
      }, {
        "lat" : 43.072414,
        "lon" : 141.34771,
        "time" : "20180512T092706+0900"
      }, {
        "lat" : 43.071923,
        "lon" : 141.34765,
        "time" : "20180512T092724+0900"
      }, {
        "lat" : 43.071326,
        "lon" : 141.34781,
        "time" : "20180512T092744+0900"
      }, {
        "lat" : 43.070981,
        "lon" : 141.34791,
        "time" : "20180512T092803+0900"
      }, {
        "lat" : 43.069774,
        "lon" : 141.34806,
        "time" : "20180512T092842+0900"
      }, {
        "lat" : 43.069682,
        "lon" : 141.34812,
        "time" : "20180512T092901+0900"
      }, {
        "lat" : 43.069143,
        "lon" : 141.34823,
        "time" : "20180512T092922+0900"
      }, {
        "lat" : 43.069781,
        "lon" : 141.34806,
        "time" : "20180512T092940+0900"
      } ]
    } ],
    "lastUpdate" : "20180512T051820Z"
  }, {
    "type" : "place",
    "startTime" : "20180512T092940+0900",
    "endTime" : "20180512T141633+0900",
    "place" : {
      "id" : 161340708,
      "type" : "unknown",
      "location" : {
        "lat" : 43.0693335315,
        "lon" : 141.3481953453
      }
    },
    "activities" : [ {
      "activity" : "walking",
      "group" : "walking",
      "manual" : false,
      "startTime" : "20180512T092948+0900",
      "endTime" : "20180512T093404+0900",
      "duration" : 256.0,
      "distance" : 288.0,
      "steps" : 385,
      "calories" : 16,
      "trackPoints" : [ ]
    }, {
      "activity" : "walking",
      "group" : "walking",
      "manual" : false,
      "startTime" : "20180512T140458+0900",
      "endTime" : "20180512T140644+0900",
      "duration" : 106.0,
      "distance" : 79.0,
      "steps" : 159,
      "calories" : 4,
      "trackPoints" : [ ]
    } ],
    "lastUpdate" : "20180512T064926Z"
  }, {
    "type" : "move",
    "startTime" : "20180512T141633+0900",
    "endTime" : "20180512T141823+0900",
    "activities" : [ {
      "activity" : "walking",
      "group" : "walking",
      "manual" : false,
      "startTime" : "20180512T141633+0900",
      "endTime" : "20180512T141822+0900",
      "duration" : 109.0,
      "distance" : 149.0,
      "steps" : 146,
      "calories" : 8,
      "trackPoints" : [ {
        "lat" : 43.069334,
        "lon" : 141.3482,
        "time" : "20180512T141633+0900"
      }, {
        "lat" : 43.068283,
        "lon" : 141.34749,
        "time" : "20180512T141800+0900"
      }, {
        "lat" : 43.068283,
        "lon" : 141.34749,
        "time" : "20180512T141823+0900"
      } ]
    } ],
    "lastUpdate" : "20180512T064926Z"
  }, {
    "type" : "place",
    "startTime" : "20180512T141823+0900",
    "endTime" : "20180512T154925+0900",
    "place" : {
      "id" : 594424171,
      "type" : "unknown",
      "location" : {
        "lat" : 43.068283,
        "lon" : 141.34749
      }
    },
    "lastUpdate" : "20180512T064927Z"
  } ],
  "caloriesIdle" : 1591,
  "lastUpdate" : "20180512T064927Z"
} ]