[ {
  "date" : "20180618",
  "summary" : [ {
    "activity" : "transport",
    "group" : "transport",
    "duration" : 2945.0,
    "distance" : 12539.0
  }, {
    "activity" : "walking",
    "group" : "walking",
    "duration" : 2004.0,
    "distance" : 2914.0,
    "steps" : 3813,
    "calories" : 161
  }, {
    "activity" : "cycling",
    "group" : "cycling",
    "duration" : 237.0,
    "distance" : 1054.0,
    "calories" : 26
  } ],
  "segments" : [ {
    "type" : "move",
    "startTime" : "20180618T142547+0900",
    "endTime" : "20180618T142720+0900",
    "activities" : [ {
      "activity" : "transport",
      "group" : "transport",
      "manual" : false,
      "startTime" : "20180618T142547+0900",
      "endTime" : "20180618T142720+0900",
      "duration" : 93.0,
      "distance" : 536.0,
      "trackPoints" : [ {
        "lat" : 43.080088,
        "lon" : 141.34085,
        "time" : "20180618T142547+0900"
      }, {
        "lat" : 43.079603,
        "lon" : 141.34086,
        "time" : "20180618T142602+0900"
      }, {
        "lat" : 43.078842,
        "lon" : 141.34106,
        "time" : "20180618T142619+0900"
      }, {
        "lat" : 43.076265,
        "lon" : 141.33885,
        "time" : "20180618T142720+0900"
      } ]
    } ],
    "lastUpdate" : "20180618T065630Z"
  }, {
    "type" : "place",
    "startTime" : "20180618T142721+0900",
    "endTime" : "20180618T143557+0900",
    "place" : {
      "id" : 362494857,
      "type" : "unknown",
      "location" : {
        "lat" : 43.076265,
        "lon" : 141.33885
      }
    },
    "activities" : [ {
      "activity" : "walking",
      "group" : "walking",
      "manual" : false,
      "startTime" : "20180618T142722+0900",
      "endTime" : "20180618T143157+0900",
      "duration" : 275.0,
      "distance" : 309.0,
      "steps" : 413,
      "calories" : 17,
      "trackPoints" : [ ]
    } ],
    "lastUpdate" : "20180618T065630Z"
  }, {
    "type" : "move",
    "startTime" : "20180618T143557+0900",
    "endTime" : "20180618T155617+0900",
    "activities" : [ {
      "activity" : "cycling",
      "group" : "cycling",
      "manual" : false,
      "startTime" : "20180618T143557+0900",
      "endTime" : "20180618T143954+0900",
      "duration" : 237.0,
      "distance" : 1054.0,
      "calories" : 26,
      "trackPoints" : [ {
        "lat" : 43.076265,
        "lon" : 141.33885,
        "time" : "20180618T143557+0900"
      }, {
        "lat" : 43.075406,
        "lon" : 141.33884,
        "time" : "20180618T143635+0900"
      }, {
        "lat" : 43.075035,
        "lon" : 141.34068,
        "time" : "20180618T143712+0900"
      }, {
        "lat" : 43.075093,
        "lon" : 141.34146,
        "time" : "20180618T143735+0900"
      }, {
        "lat" : 43.073514,
        "lon" : 141.34204,
        "time" : "20180618T143814+0900"
      }, {
        "lat" : 43.07224,
        "lon" : 141.34273,
        "time" : "20180618T143847+0900"
      }, {
        "lat" : 43.071495,
        "lon" : 141.34305,
        "time" : "20180618T143905+0900"
      }, {
        "lat" : 43.070007,
        "lon" : 141.34396,
        "time" : "20180618T143954+0900"
      } ]
    }, {
      "activity" : "walking",
      "group" : "walking",
      "manual" : false,
      "startTime" : "20180618T143954+0900",
      "endTime" : "20180618T145334+0900",
      "duration" : 820.0,
      "distance" : 1281.0,
      "steps" : 1573,
      "calories" : 71,
      "trackPoints" : [ {
        "lat" : 43.070007,
        "lon" : 141.34396,
        "time" : "20180618T143954+0900"
      }, {
        "lat" : 43.069522,
        "lon" : 141.34451,
        "time" : "20180618T144017+0900"
      }, {
        "lat" : 43.069652,
        "lon" : 141.3445,
        "time" : "20180618T144037+0900"
      }, {
        "lat" : 43.069585,
        "lon" : 141.34462,
        "time" : "20180618T144114+0900"
      }, {
        "lat" : 43.069529,
        "lon" : 141.34474,
        "time" : "20180618T144137+0900"
      }, {
        "lat" : 43.069622,
        "lon" : 141.34535,
        "time" : "20180618T144228+0900"
      }, {
        "lat" : 43.069519,
        "lon" : 141.34635,
        "time" : "20180618T144323+0900"
      }, {
        "lat" : 43.06964,
        "lon" : 141.34664,
        "time" : "20180618T144338+0900"
      }, {
        "lat" : 43.069413,
        "lon" : 141.34671,
        "time" : "20180618T144355+0900"
      }, {
        "lat" : 43.06881,
        "lon" : 141.34725,
        "time" : "20180618T144502+0900"
      }, {
        "lat" : 43.068597,
        "lon" : 141.34795,
        "time" : "20180618T144550+0900"
      }, {
        "lat" : 43.068455,
        "lon" : 141.34829,
        "time" : "20180618T144619+0900"
      }, {
        "lat" : 43.068279,
        "lon" : 141.34844,
        "time" : "20180618T144638+0900"
      }, {
        "lat" : 43.067665,
        "lon" : 141.34878,
        "time" : "20180618T144718+0900"
      }, {
        "lat" : 43.06744,
        "lon" : 141.34872,
        "time" : "20180618T144736+0900"
      }, {
        "lat" : 43.0669,
        "lon" : 141.34959,
        "time" : "20180618T144843+0900"
      }, {
        "lat" : 43.066899,
        "lon" : 141.34991,
        "time" : "20180618T144859+0900"
      }, {
        "lat" : 43.067003,
        "lon" : 141.35035,
        "time" : "20180618T144925+0900"
      }, {
        "lat" : 43.067891,
        "lon" : 141.35164,
        "time" : "20180618T145051+0900"
      }, {
        "lat" : 43.067506,
        "lon" : 141.35185,
        "time" : "20180618T145111+0900"
      }, {
        "lat" : 43.066783,
        "lon" : 141.35193,
        "time" : "20180618T145142+0900"
      }, {
        "lat" : 43.066357,
        "lon" : 141.35232,
        "time" : "20180618T145218+0900"
      }, {
        "lat" : 43.066051,
        "lon" : 141.35283,
        "time" : "20180618T145258+0900"
      }, {
        "lat" : 43.065995,
        "lon" : 141.35298,
        "time" : "20180618T145313+0900"
      }, {
        "lat" : 43.065964,
        "lon" : 141.3532,
        "time" : "20180618T145335+0900"
      } ]
    }, {
      "activity" : "transport",
      "group" : "transport",
      "manual" : false,
      "startTime" : "20180618T145335+0900",
      "endTime" : "20180618T154107+0900",
      "duration" : 2852.0,
      "distance" : 12003.0,
      "trackPoints" : [ {
        "lat" : 43.065964,
        "lon" : 141.3532,
        "time" : "20180618T145335+0900"
      }, {
        "lat" : 43.065976,
        "lon" : 141.35328,
        "time" : "20180618T145352+0900"
      }, {
        "lat" : 43.066031,
        "lon" : 141.35332,
        "time" : "20180618T145411+0900"
      }, {
        "lat" : 43.066176,
        "lon" : 141.35337,
        "time" : "20180618T145456+0900"
      }, {
        "lat" : 43.066103,
        "lon" : 141.35343,
        "time" : "20180618T145515+0900"
      }, {
        "lat" : 43.065979,
        "lon" : 141.35385,
        "time" : "20180618T145546+0900"
      }, {
        "lat" : 43.065831,
        "lon" : 141.354,
        "time" : "20180618T145604+0900"
      }, {
        "lat" : 43.0646,
        "lon" : 141.35443,
        "time" : "20180618T145623+0900"
      }, {
        "lat" : 43.062071,
        "lon" : 141.35489,
        "time" : "20180618T145652+0900"
      }, {
        "lat" : 43.061939,
        "lon" : 141.35497,
        "time" : "20180618T145714+0900"
      }, {
        "lat" : 43.061969,
        "lon" : 141.35495,
        "time" : "20180618T145730+0900"
      }, {
        "lat" : 43.061382,
        "lon" : 141.35531,
        "time" : "20180618T145829+0900"
      }, {
        "lat" : 43.060564,
        "lon" : 141.35544,
        "time" : "20180618T145845+0900"
      }, {
        "lat" : 43.059592,
        "lon" : 141.35533,
        "time" : "20180618T145916+0900"
      }, {
        "lat" : 43.059389,
        "lon" : 141.3554,
        "time" : "20180618T145949+0900"
      }, {
        "lat" : 43.059337,
        "lon" : 141.35541,
        "time" : "20180618T145959+0900"
      }, {
        "lat" : 43.059337,
        "lon" : 141.35541,
        "time" : "20180618T150000+0900"
      }, {
        "lat" : 43.059225,
        "lon" : 141.35545,
        "time" : "20180618T150022+0900"
      }, {
        "lat" : 43.058398,
        "lon" : 141.35588,
        "time" : "20180618T150050+0900"
      }, {
        "lat" : 43.057285,
        "lon" : 141.35616,
        "time" : "20180618T150105+0900"
      }, {
        "lat" : 43.05618,
        "lon" : 141.35702,
        "time" : "20180618T150133+0900"
      }, {
        "lat" : 43.056573,
        "lon" : 141.35934,
        "time" : "20180618T150204+0900"
      }, {
        "lat" : 43.056861,
        "lon" : 141.36144,
        "time" : "20180618T150220+0900"
      }, {
        "lat" : 43.056545,
        "lon" : 141.36343,
        "time" : "20180618T150236+0900"
      }, {
        "lat" : 43.055196,
        "lon" : 141.3654,
        "time" : "20180618T150259+0900"
      }, {
        "lat" : 43.054361,
        "lon" : 141.36667,
        "time" : "20180618T150330+0900"
      }, {
        "lat" : 43.054332,
        "lon" : 141.36671,
        "time" : "20180618T150346+0900"
      }, {
        "lat" : 43.054355,
        "lon" : 141.36668,
        "time" : "20180618T150403+0900"
      }, {
        "lat" : 43.053835,
        "lon" : 141.36763,
        "time" : "20180618T150419+0900"
      }, {
        "lat" : 43.052193,
        "lon" : 141.37001,
        "time" : "20180618T150459+0900"
      }, {
        "lat" : 43.051916,
        "lon" : 141.37079,
        "time" : "20180618T150533+0900"
      }, {
        "lat" : 43.051952,
        "lon" : 141.37086,
        "time" : "20180618T150550+0900"
      }, {
        "lat" : 43.050788,
        "lon" : 141.37231,
        "time" : "20180618T150624+0900"
      }, {
        "lat" : 43.049748,
        "lon" : 141.3744,
        "time" : "20180618T150706+0900"
      }, {
        "lat" : 43.048739,
        "lon" : 141.37566,
        "time" : "20180618T150749+0900"
      }, {
        "lat" : 43.047846,
        "lon" : 141.37716,
        "time" : "20180618T150842+0900"
      }, {
        "lat" : 43.046984,
        "lon" : 141.37856,
        "time" : "20180618T150920+0900"
      }, {
        "lat" : 43.045463,
        "lon" : 141.38121,
        "time" : "20180618T151007+0900"
      }, {
        "lat" : 43.043981,
        "lon" : 141.3834,
        "time" : "20180618T151043+0900"
      }, {
        "lat" : 43.043579,
        "lon" : 141.38405,
        "time" : "20180618T151102+0900"
      }, {
        "lat" : 43.042869,
        "lon" : 141.38531,
        "time" : "20180618T151127+0900"
      }, {
        "lat" : 43.04268,
        "lon" : 141.38554,
        "time" : "20180618T151144+0900"
      }, {
        "lat" : 43.042419,
        "lon" : 141.38601,
        "time" : "20180618T151201+0900"
      }, {
        "lat" : 43.041122,
        "lon" : 141.38805,
        "time" : "20180618T151240+0900"
      }, {
        "lat" : 43.040384,
        "lon" : 141.38944,
        "time" : "20180618T151312+0900"
      }, {
        "lat" : 43.039187,
        "lon" : 141.39057,
        "time" : "20180618T151428+0900"
      }, {
        "lat" : 43.039044,
        "lon" : 141.39071,
        "time" : "20180618T151448+0900"
      }, {
        "lat" : 43.038037,
        "lon" : 141.39144,
        "time" : "20180618T151504+0900"
      }, {
        "lat" : 43.035877,
        "lon" : 141.39284,
        "time" : "20180618T151524+0900"
      }, {
        "lat" : 43.035548,
        "lon" : 141.39301,
        "time" : "20180618T151551+0900"
      }, {
        "lat" : 43.034667,
        "lon" : 141.3937,
        "time" : "20180618T151620+0900"
      }, {
        "lat" : 43.031993,
        "lon" : 141.39529,
        "time" : "20180618T151719+0900"
      }, {
        "lat" : 43.031085,
        "lon" : 141.39598,
        "time" : "20180618T151734+0900"
      }, {
        "lat" : 43.030817,
        "lon" : 141.39611,
        "time" : "20180618T151808+0900"
      }, {
        "lat" : 43.030771,
        "lon" : 141.39615,
        "time" : "20180618T151824+0900"
      }, {
        "lat" : 43.030376,
        "lon" : 141.39645,
        "time" : "20180618T151852+0900"
      }, {
        "lat" : 43.028465,
        "lon" : 141.39758,
        "time" : "20180618T151914+0900"
      }, {
        "lat" : 43.027525,
        "lon" : 141.39818,
        "time" : "20180618T152020+0900"
      }, {
        "lat" : 43.025939,
        "lon" : 141.39892,
        "time" : "20180618T152049+0900"
      }, {
        "lat" : 43.023822,
        "lon" : 141.40058,
        "time" : "20180618T152136+0900"
      }, {
        "lat" : 43.023619,
        "lon" : 141.40088,
        "time" : "20180618T152154+0900"
      }, {
        "lat" : 43.021839,
        "lon" : 141.40288,
        "time" : "20180618T152217+0900"
      }, {
        "lat" : 43.021356,
        "lon" : 141.4033,
        "time" : "20180618T152336+0900"
      }, {
        "lat" : 43.021302,
        "lon" : 141.40327,
        "time" : "20180618T152408+0900"
      }, {
        "lat" : 43.020664,
        "lon" : 141.40287,
        "time" : "20180618T152440+0900"
      }, {
        "lat" : 43.020504,
        "lon" : 141.40295,
        "time" : "20180618T152503+0900"
      }, {
        "lat" : 43.020162,
        "lon" : 141.4028,
        "time" : "20180618T152538+0900"
      }, {
        "lat" : 43.020637,
        "lon" : 141.40325,
        "time" : "20180618T152609+0900"
      }, {
        "lat" : 43.020736,
        "lon" : 141.40373,
        "time" : "20180618T152645+0900"
      }, {
        "lat" : 43.020728,
        "lon" : 141.40366,
        "time" : "20180618T152709+0900"
      }, {
        "lat" : 43.020811,
        "lon" : 141.40379,
        "time" : "20180618T152737+0900"
      }, {
        "lat" : 43.02061,
        "lon" : 141.40429,
        "time" : "20180618T152757+0900"
      }, {
        "lat" : 43.020369,
        "lon" : 141.40462,
        "time" : "20180618T152929+0900"
      }, {
        "lat" : 43.020036,
        "lon" : 141.40512,
        "time" : "20180618T152945+0900"
      }, {
        "lat" : 43.018026,
        "lon" : 141.4083,
        "time" : "20180618T153032+0900"
      }, {
        "lat" : 43.016365,
        "lon" : 141.41174,
        "time" : "20180618T153221+0900"
      }, {
        "lat" : 43.016386,
        "lon" : 141.4117,
        "time" : "20180618T153244+0900"
      }, {
        "lat" : 43.015332,
        "lon" : 141.41394,
        "time" : "20180618T153314+0900"
      }, {
        "lat" : 43.014002,
        "lon" : 141.41638,
        "time" : "20180618T153332+0900"
      }, {
        "lat" : 43.012227,
        "lon" : 141.41951,
        "time" : "20180618T153448+0900"
      }, {
        "lat" : 43.009239,
        "lon" : 141.42507,
        "time" : "20180618T153558+0900"
      }, {
        "lat" : 43.007499,
        "lon" : 141.42783,
        "time" : "20180618T153638+0900"
      }, {
        "lat" : 43.006319,
        "lon" : 141.42981,
        "time" : "20180618T153700+0900"
      }, {
        "lat" : 43.005673,
        "lon" : 141.43072,
        "time" : "20180618T153747+0900"
      }, {
        "lat" : 43.005554,
        "lon" : 141.43091,
        "time" : "20180618T153806+0900"
      }, {
        "lat" : 43.005262,
        "lon" : 141.43136,
        "time" : "20180618T153826+0900"
      }, {
        "lat" : 43.003819,
        "lon" : 141.4337,
        "time" : "20180618T153842+0900"
      }, {
        "lat" : 43.003345,
        "lon" : 141.43509,
        "time" : "20180618T153919+0900"
      }, {
        "lat" : 43.003432,
        "lon" : 141.43498,
        "time" : "20180618T153953+0900"
      }, {
        "lat" : 43.002423,
        "lon" : 141.43573,
        "time" : "20180618T154107+0900"
      } ]
    }, {
      "activity" : "walking",
      "group" : "walking",
      "manual" : false,
      "startTime" : "20180618T154107+0900",
      "endTime" : "20180618T155616+0900",
      "duration" : 909.0,
      "distance" : 1324.0,
      "steps" : 1827,
      "calories" : 73,
      "trackPoints" : [ {
        "lat" : 43.002423,
        "lon" : 141.43573,
        "time" : "20180618T154107+0900"
      }, {
        "lat" : 43.002389,
        "lon" : 141.43547,
        "time" : "20180618T154135+0900"
      }, {
        "lat" : 43.00187,
        "lon" : 141.43419,
        "time" : "20180618T154235+0900"
      }, {
        "lat" : 43.001791,
        "lon" : 141.43428,
        "time" : "20180618T154252+0900"
      }, {
        "lat" : 43.001586,
        "lon" : 141.43414,
        "time" : "20180618T154308+0900"
      }, {
        "lat" : 43.001492,
        "lon" : 141.43394,
        "time" : "20180618T154326+0900"
      }, {
        "lat" : 43.00115,
        "lon" : 141.43363,
        "time" : "20180618T154351+0900"
      }, {
        "lat" : 43.000808,
        "lon" : 141.43349,
        "time" : "20180618T154439+0900"
      }, {
        "lat" : 43.000261,
        "lon" : 141.43365,
        "time" : "20180618T154537+0900"
      }, {
        "lat" : 43.000132,
        "lon" : 141.4338,
        "time" : "20180618T154559+0900"
      }, {
        "lat" : 42.999326,
        "lon" : 141.43478,
        "time" : "20180618T154652+0900"
      }, {
        "lat" : 42.999058,
        "lon" : 141.43503,
        "time" : "20180618T154715+0900"
      }, {
        "lat" : 42.998901,
        "lon" : 141.43519,
        "time" : "20180618T154736+0900"
      }, {
        "lat" : 42.998593,
        "lon" : 141.43537,
        "time" : "20180618T154756+0900"
      }, {
        "lat" : 42.998092,
        "lon" : 141.43561,
        "time" : "20180618T154833+0900"
      }, {
        "lat" : 42.997735,
        "lon" : 141.4358,
        "time" : "20180618T154915+0900"
      }, {
        "lat" : 42.997555,
        "lon" : 141.43589,
        "time" : "20180618T154936+0900"
      }, {
        "lat" : 42.99729,
        "lon" : 141.43602,
        "time" : "20180618T155004+0900"
      }, {
        "lat" : 42.996999,
        "lon" : 141.43623,
        "time" : "20180618T155028+0900"
      }, {
        "lat" : 42.996392,
        "lon" : 141.43641,
        "time" : "20180618T155049+0900"
      }, {
        "lat" : 42.99622,
        "lon" : 141.43644,
        "time" : "20180618T155106+0900"
      }, {
        "lat" : 42.993864,
        "lon" : 141.43722,
        "time" : "20180618T155343+0900"
      }, {
        "lat" : 42.993644,
        "lon" : 141.43731,
        "time" : "20180618T155413+0900"
      }, {
        "lat" : 42.993462,
        "lon" : 141.43733,
        "time" : "20180618T155429+0900"
      }, {
        "lat" : 42.993463,
        "lon" : 141.43746,
        "time" : "20180618T155518+0900"
      }, {
        "lat" : 42.993505,
        "lon" : 141.43743,
        "time" : "20180618T155555+0900"
      } ]
    } ],
    "lastUpdate" : "20180618T065630Z"
  } ],
  "caloriesIdle" : 1591,
  "lastUpdate" : "20180618T065630Z"
}, {
  "date" : "20180620",
  "summary" : [ {
    "activity" : "walking",
    "group" : "walking",
    "duration" : 1821.0,
    "distance" : 1735.0,
    "steps" : 2385,
    "calories" : 96
  }, {
    "activity" : "running",
    "group" : "running",
    "duration" : 124.0,
    "distance" : 218.0,
    "steps" : 310,
    "calories" : 15
  }, {
    "activity" : "cycling",
    "group" : "cycling",
    "duration" : 903.0,
    "distance" : 2687.0,
    "calories" : 69
  }, {
    "activity" : "transport",
    "group" : "transport",
    "duration" : 334.0,
    "distance" : 1085.0
  } ],
  "segments" : [ {
    "type" : "place",
    "startTime" : "20180620T112518+0900",
    "endTime" : "20180620T114142+0900",
    "place" : {
      "id" : 149002175,
      "type" : "unknown",
      "location" : {
        "lat" : 43.0671484683,
        "lon" : 141.3525999631
      }
    },
    "activities" : [ {
      "activity" : "walking",
      "group" : "walking",
      "manual" : false,
      "startTime" : "20180620T112559+0900",
      "endTime" : "20180620T113415+0900",
      "duration" : 496.0,
      "distance" : 558.0,
      "steps" : 744,
      "calories" : 31,
      "trackPoints" : [ ]
    } ],
    "lastUpdate" : "20180620T034317Z"
  }, {
    "type" : "move",
    "startTime" : "20180620T114142+0900",
    "endTime" : "20180620T114440+0900",
    "activities" : [ {
      "activity" : "running",
      "group" : "running",
      "manual" : false,
      "startTime" : "20180620T114142+0900",
      "endTime" : "20180620T114346+0900",
      "duration" : 124.0,
      "distance" : 218.0,
      "steps" : 310,
      "calories" : 15,
      "trackPoints" : [ {
        "lat" : 43.067148,
        "lon" : 141.3526,
        "time" : "20180620T114142+0900"
      }, {
        "lat" : 43.066795,
        "lon" : 141.35031,
        "time" : "20180620T114346+0900"
      } ]
    }, {
      "activity" : "walking",
      "group" : "walking",
      "manual" : false,
      "startTime" : "20180620T114346+0900",
      "endTime" : "20180620T114439+0900",
      "duration" : 53.0,
      "distance" : 110.0,
      "steps" : 92,
      "calories" : 6,
      "trackPoints" : [ {
        "lat" : 43.066795,
        "lon" : 141.35031,
        "time" : "20180620T114346+0900"
      }, {
        "lat" : 43.066808,
        "lon" : 141.34974,
        "time" : "20180620T114424+0900"
      }, {
        "lat" : 43.067506,
        "lon" : 141.34876,
        "time" : "20180620T114440+0900"
      } ]
    } ],
    "lastUpdate" : "20180620T034317Z"
  }, {
    "type" : "move",
    "startTime" : "20180620T114440+0900",
    "endTime" : "20180620T115009+0900",
    "activities" : [ {
      "activity" : "walking",
      "group" : "walking",
      "manual" : false,
      "startTime" : "20180620T114440+0900",
      "endTime" : "20180620T115009+0900",
      "duration" : 329.0,
      "distance" : 316.0,
      "steps" : 387,
      "calories" : 17,
      "trackPoints" : [ {
        "lat" : 43.066774,
        "lon" : 141.34949,
        "time" : "20180620T114440+0900"
      }, {
        "lat" : 43.066673,
        "lon" : 141.34891,
        "time" : "20180620T114507+0900"
      }, {
        "lat" : 43.066582,
        "lon" : 141.34866,
        "time" : "20180620T114524+0900"
      }, {
        "lat" : 43.067607,
        "lon" : 141.34844,
        "time" : "20180620T114653+0900"
      }, {
        "lat" : 43.068133,
        "lon" : 141.34845,
        "time" : "20180620T114800+0900"
      }, {
        "lat" : 43.06819,
        "lon" : 141.34843,
        "time" : "20180620T114816+0900"
      }, {
        "lat" : 43.068004,
        "lon" : 141.34837,
        "time" : "20180620T114844+0900"
      }, {
        "lat" : 43.067985,
        "lon" : 141.3484,
        "time" : "20180620T114928+0900"
      }, {
        "lat" : 43.068037,
        "lon" : 141.34853,
        "time" : "20180620T115009+0900"
      } ]
    } ],
    "lastUpdate" : "20180620T034320Z"
  }, {
    "type" : "place",
    "startTime" : "20180620T115009+0900",
    "endTime" : "20180620T124317+0900",
    "place" : {
      "id" : 154338695,
      "type" : "unknown",
      "location" : {
        "lat" : 43.0680365732,
        "lon" : 141.348531575
      }
    },
    "activities" : [ {
      "activity" : "walking",
      "group" : "walking",
      "manual" : false,
      "startTime" : "20180620T115029+0900",
      "endTime" : "20180620T115056+0900",
      "duration" : 27.0,
      "distance" : 20.0,
      "steps" : 41,
      "calories" : 1,
      "trackPoints" : [ ]
    } ],
    "lastUpdate" : "20180620T034320Z"
  }, {
    "type" : "place",
    "startTime" : "20180620T131528+0900",
    "endTime" : "20180620T153134+0900",
    "place" : {
      "id" : 270822334,
      "type" : "unknown",
      "location" : {
        "lat" : 43.075982,
        "lon" : 141.33887
      }
    },
    "activities" : [ {
      "activity" : "walking",
      "group" : "walking",
      "manual" : false,
      "startTime" : "20180620T131528+0900",
      "endTime" : "20180620T131734+0900",
      "duration" : 126.0,
      "distance" : 142.0,
      "steps" : 190,
      "calories" : 8,
      "trackPoints" : [ ]
    }, {
      "activity" : "walking",
      "group" : "walking",
      "manual" : false,
      "startTime" : "20180620T152750+0900",
      "endTime" : "20180620T153040+0900",
      "duration" : 170.0,
      "distance" : 127.0,
      "steps" : 123,
      "calories" : 7,
      "trackPoints" : [ ]
    } ],
    "lastUpdate" : "20180620T075637Z"
  }, {
    "type" : "move",
    "startTime" : "20180620T153134+0900",
    "endTime" : "20180620T153855+0900",
    "activities" : [ {
      "activity" : "cycling",
      "group" : "cycling",
      "manual" : false,
      "startTime" : "20180620T153134+0900",
      "endTime" : "20180620T153855+0900",
      "duration" : 441.0,
      "distance" : 1299.0,
      "calories" : 33,
      "trackPoints" : [ {
        "lat" : 43.075982,
        "lon" : 141.33887,
        "time" : "20180620T153134+0900"
      }, {
        "lat" : 43.076706,
        "lon" : 141.33974,
        "time" : "20180620T153156+0900"
      }, {
        "lat" : 43.07766,
        "lon" : 141.33967,
        "time" : "20180620T153219+0900"
      }, {
        "lat" : 43.078648,
        "lon" : 141.3411,
        "time" : "20180620T153302+0900"
      }, {
        "lat" : 43.079495,
        "lon" : 141.34111,
        "time" : "20180620T153331+0900"
      }, {
        "lat" : 43.081419,
        "lon" : 141.34407,
        "time" : "20180620T153534+0900"
      }, {
        "lat" : 43.082876,
        "lon" : 141.34486,
        "time" : "20180620T153620+0900"
      }, {
        "lat" : 43.083824,
        "lon" : 141.34466,
        "time" : "20180620T153641+0900"
      }, {
        "lat" : 43.084244,
        "lon" : 141.3449,
        "time" : "20180620T153713+0900"
      }, {
        "lat" : 43.084244,
        "lon" : 141.34495,
        "time" : "20180620T153757+0900"
      }, {
        "lat" : 43.084272,
        "lon" : 141.34497,
        "time" : "20180620T153813+0900"
      }, {
        "lat" : 43.084393,
        "lon" : 141.345,
        "time" : "20180620T153832+0900"
      }, {
        "lat" : 43.084632,
        "lon" : 141.34517,
        "time" : "20180620T153855+0900"
      } ]
    } ],
    "lastUpdate" : "20180620T075637Z"
  }, {
    "type" : "place",
    "startTime" : "20180620T153855+0900",
    "endTime" : "20180620T165508+0900",
    "place" : {
      "id" : 257240275,
      "type" : "unknown",
      "location" : {
        "lat" : 43.084886,
        "lon" : 141.3453
      }
    },
    "activities" : [ {
      "activity" : "walking",
      "group" : "walking",
      "manual" : false,
      "startTime" : "20180620T153855+0900",
      "endTime" : "20180620T153920+0900",
      "duration" : 25.0,
      "distance" : 19.0,
      "steps" : 38,
      "calories" : 1,
      "trackPoints" : [ ]
    }, {
      "activity" : "walking",
      "group" : "walking",
      "manual" : false,
      "startTime" : "20180620T165156+0900",
      "endTime" : "20180620T165300+0900",
      "duration" : 64.0,
      "distance" : 43.0,
      "steps" : 87,
      "calories" : 2,
      "trackPoints" : [ ]
    } ],
    "lastUpdate" : "20180620T083905Z"
  }, {
    "type" : "move",
    "startTime" : "20180620T165508+0900",
    "endTime" : "20180620T165747+0900",
    "activities" : [ {
      "activity" : "walking",
      "group" : "walking",
      "manual" : false,
      "startTime" : "20180620T165508+0900",
      "endTime" : "20180620T165632+0900",
      "duration" : 84.0,
      "distance" : 104.0,
      "steps" : 87,
      "calories" : 6,
      "trackPoints" : [ {
        "lat" : 43.084886,
        "lon" : 141.3453,
        "time" : "20180620T165508+0900"
      }, {
        "lat" : 43.087254,
        "lon" : 141.34404,
        "time" : "20180620T165632+0900"
      } ]
    }, {
      "activity" : "transport",
      "group" : "transport",
      "manual" : false,
      "startTime" : "20180620T165632+0900",
      "endTime" : "20180620T165746+0900",
      "duration" : 74.0,
      "distance" : 419.0,
      "trackPoints" : [ {
        "lat" : 43.087254,
        "lon" : 141.34404,
        "time" : "20180620T165632+0900"
      }, {
        "lat" : 43.087792,
        "lon" : 141.34355,
        "time" : "20180620T165651+0900"
      }, {
        "lat" : 43.088582,
        "lon" : 141.34343,
        "time" : "20180620T165720+0900"
      }, {
        "lat" : 43.090479,
        "lon" : 141.34302,
        "time" : "20180620T165747+0900"
      } ]
    } ],
    "lastUpdate" : "20180620T083905Z"
  }, {
    "type" : "place",
    "startTime" : "20180620T165830+0900",
    "endTime" : "20180620T170420+0900",
    "place" : {
      "id" : 539822083,
      "type" : "unknown",
      "location" : {
        "lat" : 43.090479,
        "lon" : 141.34302
      }
    },
    "activities" : [ {
      "activity" : "walking",
      "group" : "walking",
      "manual" : false,
      "startTime" : "20180620T165830+0900",
      "endTime" : "20180620T165901+0900",
      "duration" : 31.0,
      "distance" : 24.0,
      "steps" : 48,
      "calories" : 1,
      "trackPoints" : [ ]
    }, {
      "activity" : "walking",
      "group" : "walking",
      "manual" : false,
      "startTime" : "20180620T170110+0900",
      "endTime" : "20180620T170159+0900",
      "duration" : 49.0,
      "distance" : 36.0,
      "steps" : 73,
      "calories" : 2,
      "trackPoints" : [ ]
    } ],
    "lastUpdate" : "20180620T083908Z"
  }, {
    "type" : "move",
    "startTime" : "20180620T170420+0900",
    "endTime" : "20180620T171207+0900",
    "activities" : [ {
      "activity" : "walking",
      "group" : "walking",
      "manual" : false,
      "startTime" : "20180620T170420+0900",
      "endTime" : "20180620T170746+0900",
      "duration" : 206.0,
      "distance" : 115.0,
      "steps" : 231,
      "calories" : 6,
      "trackPoints" : [ {
        "lat" : 43.090479,
        "lon" : 141.34302,
        "time" : "20180620T170420+0900"
      }, {
        "lat" : 43.090239,
        "lon" : 141.34328,
        "time" : "20180620T170534+0900"
      }, {
        "lat" : 43.090256,
        "lon" : 141.34333,
        "time" : "20180620T170731+0900"
      }, {
        "lat" : 43.090322,
        "lon" : 141.34311,
        "time" : "20180620T170747+0900"
      } ]
    }, {
      "activity" : "transport",
      "group" : "transport",
      "manual" : false,
      "startTime" : "20180620T170747+0900",
      "endTime" : "20180620T171207+0900",
      "duration" : 260.0,
      "distance" : 666.0,
      "trackPoints" : [ {
        "lat" : 43.090322,
        "lon" : 141.34311,
        "time" : "20180620T170747+0900"
      }, {
        "lat" : 43.090052,
        "lon" : 141.34173,
        "time" : "20180620T170920+0900"
      }, {
        "lat" : 43.089963,
        "lon" : 141.34083,
        "time" : "20180620T170958+0900"
      }, {
        "lat" : 43.08981,
        "lon" : 141.33604,
        "time" : "20180620T171207+0900"
      } ]
    } ],
    "lastUpdate" : "20180620T083908Z"
  }, {
    "type" : "place",
    "startTime" : "20180620T171216+0900",
    "endTime" : "20180620T173607+0900",
    "place" : {
      "id" : 153402215,
      "type" : "unknown",
      "location" : {
        "lat" : 43.0899688696,
        "lon" : 141.336395042
      }
    },
    "activities" : [ {
      "activity" : "walking",
      "group" : "walking",
      "manual" : false,
      "startTime" : "20180620T171216+0900",
      "endTime" : "20180620T171401+0900",
      "duration" : 105.0,
      "distance" : 79.0,
      "steps" : 159,
      "calories" : 4,
      "trackPoints" : [ ]
    } ],
    "lastUpdate" : "20180621T055559Z"
  }, {
    "type" : "move",
    "startTime" : "20180620T173607+0900",
    "endTime" : "20180620T174349+0900",
    "activities" : [ {
      "activity" : "cycling",
      "group" : "cycling",
      "manual" : false,
      "startTime" : "20180620T173607+0900",
      "endTime" : "20180620T174349+0900",
      "duration" : 462.0,
      "distance" : 1388.0,
      "calories" : 36,
      "trackPoints" : [ {
        "lat" : 43.089969,
        "lon" : 141.3364,
        "time" : "20180620T173607+0900"
      }, {
        "lat" : 43.090058,
        "lon" : 141.34298,
        "time" : "20180620T173906+0900"
      }, {
        "lat" : 43.08944,
        "lon" : 141.34301,
        "time" : "20180620T173925+0900"
      }, {
        "lat" : 43.088565,
        "lon" : 141.34337,
        "time" : "20180620T174002+0900"
      }, {
        "lat" : 43.087277,
        "lon" : 141.34373,
        "time" : "20180620T174031+0900"
      }, {
        "lat" : 43.086788,
        "lon" : 141.34386,
        "time" : "20180620T174050+0900"
      }, {
        "lat" : 43.084419,
        "lon" : 141.34489,
        "time" : "20180620T174228+0900"
      }, {
        "lat" : 43.084411,
        "lon" : 141.34501,
        "time" : "20180620T174244+0900"
      }, {
        "lat" : 43.08434,
        "lon" : 141.34502,
        "time" : "20180620T174313+0900"
      }, {
        "lat" : 43.084539,
        "lon" : 141.34467,
        "time" : "20180620T174349+0900"
      } ]
    } ],
    "lastUpdate" : "20180621T055559Z"
  }, {
    "type" : "place",
    "startTime" : "20180620T174349+0900",
    "endTime" : "20180621T145457+0900",
    "place" : {
      "id" : 174606785,
      "type" : "unknown",
      "location" : {
        "lat" : 43.0842510763,
        "lon" : 141.3447211729
      }
    },
    "activities" : [ {
      "activity" : "walking",
      "group" : "walking",
      "manual" : false,
      "startTime" : "20180620T174349+0900",
      "endTime" : "20180620T174445+0900",
      "duration" : 56.0,
      "distance" : 42.0,
      "steps" : 85,
      "calories" : 2,
      "trackPoints" : [ ]
    } ],
    "lastUpdate" : "20180621T081622Z"
  } ],
  "caloriesIdle" : 1591,
  "lastUpdate" : "20180621T081622Z"
}, {
  "date" : "20180621",
  "summary" : [ {
    "activity" : "walking",
    "group" : "walking",
    "duration" : 1218.0,
    "distance" : 1089.0,
    "steps" : 1669,
    "calories" : 60
  }, {
    "activity" : "cycling",
    "group" : "cycling",
    "duration" : 233.0,
    "distance" : 1126.0,
    "calories" : 28
  }, {
    "activity" : "transport",
    "group" : "transport",
    "duration" : 839.0,
    "distance" : 1358.0
  } ],
  "segments" : [ {
    "type" : "place",
    "startTime" : "20180620T174349+0900",
    "endTime" : "20180621T145457+0900",
    "place" : {
      "id" : 174606785,
      "type" : "unknown",
      "location" : {
        "lat" : 43.0842510763,
        "lon" : 141.3447211729
      }
    },
    "activities" : [ {
      "activity" : "walking",
      "group" : "walking",
      "manual" : false,
      "startTime" : "20180621T145330+0900",
      "endTime" : "20180621T145422+0900",
      "duration" : 52.0,
      "distance" : 35.0,
      "steps" : 70,
      "calories" : 2,
      "trackPoints" : [ ]
    } ],
    "lastUpdate" : "20180621T081622Z"
  }, {
    "type" : "move",
    "startTime" : "20180621T145457+0900",
    "endTime" : "20180621T145949+0900",
    "activities" : [ {
      "activity" : "walking",
      "group" : "walking",
      "manual" : false,
      "startTime" : "20180621T145457+0900",
      "endTime" : "20180621T145556+0900",
      "duration" : 59.0,
      "distance" : 70.0,
      "steps" : 58,
      "calories" : 4,
      "trackPoints" : [ {
        "lat" : 43.084251,
        "lon" : 141.34472,
        "time" : "20180621T145457+0900"
      }, {
        "lat" : 43.082838,
        "lon" : 141.34492,
        "time" : "20180621T145556+0900"
      } ]
    }, {
      "activity" : "cycling",
      "group" : "cycling",
      "manual" : false,
      "startTime" : "20180621T145556+0900",
      "endTime" : "20180621T145949+0900",
      "duration" : 233.0,
      "distance" : 1126.0,
      "calories" : 28,
      "trackPoints" : [ {
        "lat" : 43.082838,
        "lon" : 141.34492,
        "time" : "20180621T145556+0900"
      }, {
        "lat" : 43.081509,
        "lon" : 141.34515,
        "time" : "20180621T145626+0900"
      }, {
        "lat" : 43.081107,
        "lon" : 141.34259,
        "time" : "20180621T145719+0900"
      }, {
        "lat" : 43.080808,
        "lon" : 141.342,
        "time" : "20180621T145742+0900"
      }, {
        "lat" : 43.079165,
        "lon" : 141.3409,
        "time" : "20180621T145824+0900"
      }, {
        "lat" : 43.078155,
        "lon" : 141.34102,
        "time" : "20180621T145849+0900"
      }, {
        "lat" : 43.076271,
        "lon" : 141.33948,
        "time" : "20180621T145949+0900"
      } ]
    } ],
    "lastUpdate" : "20180621T081622Z"
  }, {
    "type" : "place",
    "startTime" : "20180621T145949+0900",
    "endTime" : "20180621T204856+0900",
    "place" : {
      "id" : 259240182,
      "type" : "unknown",
      "location" : {
        "lat" : 43.076435,
        "lon" : 141.33918
      }
    },
    "activities" : [ {
      "activity" : "walking",
      "group" : "walking",
      "manual" : false,
      "startTime" : "20180621T145949+0900",
      "endTime" : "20180621T145957+0900",
      "duration" : 8.0,
      "distance" : 6.0,
      "steps" : 12,
      "calories" : 0,
      "trackPoints" : [ ]
    }, {
      "activity" : "walking",
      "group" : "walking",
      "manual" : false,
      "startTime" : "20180621T150000+0900",
      "endTime" : "20180621T150137+0900",
      "duration" : 97.0,
      "distance" : 61.0,
      "steps" : 123,
      "calories" : 3,
      "trackPoints" : [ ]
    }, {
      "activity" : "walking",
      "group" : "walking",
      "manual" : false,
      "startTime" : "20180621T161054+0900",
      "endTime" : "20180621T161220+0900",
      "duration" : 86.0,
      "distance" : 62.0,
      "steps" : 125,
      "calories" : 3,
      "trackPoints" : [ ]
    }, {
      "activity" : "walking",
      "group" : "walking",
      "manual" : false,
      "startTime" : "20180621T174000+0900",
      "endTime" : "20180621T174349+0900",
      "duration" : 229.0,
      "distance" : 255.0,
      "steps" : 341,
      "calories" : 14,
      "trackPoints" : [ ]
    }, {
      "activity" : "walking",
      "group" : "walking",
      "manual" : false,
      "startTime" : "20180621T200720+0900",
      "endTime" : "20180621T200904+0900",
      "duration" : 104.0,
      "distance" : 77.0,
      "steps" : 155,
      "calories" : 4,
      "trackPoints" : [ ]
    } ],
    "lastUpdate" : "20180621T121329Z"
  }, {
    "type" : "move",
    "startTime" : "20180621T204856+0900",
    "endTime" : "20180621T205305+0900",
    "activities" : [ {
      "activity" : "walking",
      "group" : "walking",
      "manual" : false,
      "startTime" : "20180621T204856+0900",
      "endTime" : "20180621T205305+0900",
      "duration" : 249.0,
      "distance" : 287.0,
      "steps" : 332,
      "calories" : 16,
      "trackPoints" : [ {
        "lat" : 43.076435,
        "lon" : 141.33918,
        "time" : "20180621T204856+0900"
      }, {
        "lat" : 43.078321,
        "lon" : 141.34085,
        "time" : "20180621T205305+0900"
      } ]
    } ],
    "lastUpdate" : "20180621T121329Z"
  }, {
    "type" : "place",
    "startTime" : "20180621T205437+0900",
    "endTime" : "20180621T211106+0900",
    "place" : {
      "id" : 605274310,
      "type" : "unknown",
      "location" : {
        "lat" : 43.078718,
        "lon" : 141.34168
      }
    },
    "activities" : [ {
      "activity" : "walking",
      "group" : "walking",
      "manual" : false,
      "startTime" : "20180621T205437+0900",
      "endTime" : "20180621T205511+0900",
      "duration" : 34.0,
      "distance" : 25.0,
      "steps" : 51,
      "calories" : 1,
      "trackPoints" : [ ]
    }, {
      "activity" : "walking",
      "group" : "walking",
      "manual" : false,
      "startTime" : "20180621T210043+0900",
      "endTime" : "20180621T210154+0900",
      "duration" : 71.0,
      "distance" : 53.0,
      "steps" : 106,
      "calories" : 3,
      "trackPoints" : [ ]
    } ],
    "lastUpdate" : "20180621T133844Z"
  }, {
    "type" : "move",
    "startTime" : "20180621T211106+0900",
    "endTime" : "20180621T211433+0900",
    "activities" : [ {
      "activity" : "walking",
      "group" : "walking",
      "manual" : false,
      "startTime" : "20180621T211106+0900",
      "endTime" : "20180621T211242+0900",
      "duration" : 96.0,
      "distance" : 59.0,
      "steps" : 96,
      "calories" : 3,
      "trackPoints" : [ {
        "lat" : 43.078718,
        "lon" : 141.34168,
        "time" : "20180621T211106+0900"
      }, {
        "lat" : 43.078852,
        "lon" : 141.34228,
        "time" : "20180621T211242+0900"
      } ]
    }, {
      "activity" : "transport",
      "group" : "transport",
      "manual" : false,
      "startTime" : "20180621T211242+0900",
      "endTime" : "20180621T211433+0900",
      "duration" : 111.0,
      "distance" : 521.0,
      "trackPoints" : [ {
        "lat" : 43.078852,
        "lon" : 141.34228,
        "time" : "20180621T211242+0900"
      }, {
        "lat" : 43.079244,
        "lon" : 141.34415,
        "time" : "20180621T211334+0900"
      }, {
        "lat" : 43.078432,
        "lon" : 141.34474,
        "time" : "20180621T211359+0900"
      }, {
        "lat" : 43.078268,
        "lon" : 141.34728,
        "time" : "20180621T211433+0900"
      } ]
    } ],
    "lastUpdate" : "20180621T133844Z"
  }, {
    "type" : "place",
    "startTime" : "20180621T211508+0900",
    "endTime" : "20180621T222640+0900",
    "place" : {
      "id" : 149890094,
      "type" : "unknown",
      "location" : {
        "lat" : 43.078268072,
        "lon" : 141.3472826585
      }
    },
    "activities" : [ {
      "activity" : "walking",
      "group" : "walking",
      "manual" : false,
      "startTime" : "20180621T211508+0900",
      "endTime" : "20180621T211550+0900",
      "duration" : 42.0,
      "distance" : 31.0,
      "steps" : 63,
      "calories" : 2,
      "trackPoints" : [ ]
    } ],
    "lastUpdate" : "20180622T044142Z"
  }, {
    "type" : "move",
    "startTime" : "20180621T222640+0900",
    "endTime" : "20180621T223849+0900",
    "activities" : [ {
      "activity" : "transport",
      "group" : "transport",
      "manual" : false,
      "startTime" : "20180621T222640+0900",
      "endTime" : "20180621T223848+0900",
      "duration" : 728.0,
      "distance" : 837.0,
      "trackPoints" : [ {
        "lat" : 43.078268,
        "lon" : 141.34728,
        "time" : "20180621T222640+0900"
      }, {
        "lat" : 43.084632,
        "lon" : 141.34517,
        "time" : "20180621T223849+0900"
      } ]
    } ],
    "lastUpdate" : "20180622T044142Z"
  }, {
    "type" : "place",
    "startTime" : "20180621T223849+0900",
    "endTime" : "20180622T134007+0900",
    "place" : {
      "id" : 332193684,
      "type" : "unknown",
      "location" : {
        "lat" : 43.083901,
        "lon" : 141.34601
      }
    },
    "activities" : [ {
      "activity" : "walking",
      "group" : "walking",
      "manual" : false,
      "startTime" : "20180621T223853+0900",
      "endTime" : "20180621T224024+0900",
      "duration" : 91.0,
      "distance" : 68.0,
      "steps" : 137,
      "calories" : 4,
      "trackPoints" : [ ]
    } ],
    "lastUpdate" : "20180622T074406Z"
  } ],
  "caloriesIdle" : 1591,
  "lastUpdate" : "20180622T074406Z"
}, {
  "date" : "20180622",
  "summary" : [ {
    "activity" : "walking",
    "group" : "walking",
    "duration" : 1460.0,
    "distance" : 1350.0,
    "steps" : 1401,
    "calories" : 75
  }, {
    "activity" : "cycling",
    "group" : "cycling",
    "duration" : 451.0,
    "distance" : 1596.0,
    "calories" : 40
  }, {
    "activity" : "transport",
    "group" : "transport",
    "duration" : 371.0,
    "distance" : 406.0
  } ],
  "segments" : [ {
    "type" : "place",
    "startTime" : "20180621T223849+0900",
    "endTime" : "20180622T134007+0900",
    "place" : {
      "id" : 332193684,
      "type" : "unknown",
      "location" : {
        "lat" : 43.083901,
        "lon" : 141.34601
      }
    },
    "activities" : [ {
      "activity" : "walking",
      "group" : "walking",
      "manual" : false,
      "startTime" : "20180622T044856+0900",
      "endTime" : "20180622T045017+0900",
      "duration" : 81.0,
      "distance" : 40.0,
      "steps" : 0,
      "calories" : 2,
      "trackPoints" : [ ]
    }, {
      "activity" : "walking",
      "group" : "walking",
      "manual" : false,
      "startTime" : "20180622T115359+0900",
      "endTime" : "20180622T115502+0900",
      "duration" : 63.0,
      "distance" : 31.0,
      "steps" : 0,
      "calories" : 2,
      "trackPoints" : [ ]
    }, {
      "activity" : "walking",
      "group" : "walking",
      "manual" : false,
      "startTime" : "20180622T121526+0900",
      "endTime" : "20180622T121532+0900",
      "duration" : 6.0,
      "distance" : 4.0,
      "steps" : 9,
      "calories" : 0,
      "trackPoints" : [ ]
    }, {
      "activity" : "walking",
      "group" : "walking",
      "manual" : false,
      "startTime" : "20180622T132515+0900",
      "endTime" : "20180622T132615+0900",
      "duration" : 60.0,
      "distance" : 34.0,
      "steps" : 68,
      "calories" : 2,
      "trackPoints" : [ ]
    } ],
    "lastUpdate" : "20180622T074406Z"
  }, {
    "type" : "move",
    "startTime" : "20180622T134007+0900",
    "endTime" : "20180622T135047+0900",
    "activities" : [ {
      "activity" : "walking",
      "group" : "walking",
      "manual" : false,
      "startTime" : "20180622T134007+0900",
      "endTime" : "20180622T134144+0900",
      "duration" : 97.0,
      "distance" : 117.0,
      "steps" : 68,
      "calories" : 6,
      "trackPoints" : [ {
        "lat" : 43.083901,
        "lon" : 141.34601,
        "time" : "20180622T134007+0900"
      }, {
        "lat" : 43.082164,
        "lon" : 141.34508,
        "time" : "20180622T134145+0900"
      } ]
    }, {
      "activity" : "transport",
      "group" : "transport",
      "manual" : false,
      "startTime" : "20180622T134145+0900",
      "endTime" : "20180622T134756+0900",
      "duration" : 371.0,
      "distance" : 406.0,
      "trackPoints" : [ {
        "lat" : 43.082164,
        "lon" : 141.34508,
        "time" : "20180622T134145+0900"
      }, {
        "lat" : 43.081291,
        "lon" : 141.34541,
        "time" : "20180622T134212+0900"
      }, {
        "lat" : 43.08126,
        "lon" : 141.34536,
        "time" : "20180622T134231+0900"
      }, {
        "lat" : 43.081252,
        "lon" : 141.34532,
        "time" : "20180622T134253+0900"
      }, {
        "lat" : 43.080705,
        "lon" : 141.3454,
        "time" : "20180622T134318+0900"
      }, {
        "lat" : 43.080051,
        "lon" : 141.34546,
        "time" : "20180622T134407+0900"
      }, {
        "lat" : 43.080008,
        "lon" : 141.3454,
        "time" : "20180622T134436+0900"
      }, {
        "lat" : 43.079949,
        "lon" : 141.34551,
        "time" : "20180622T134501+0900"
      }, {
        "lat" : 43.079939,
        "lon" : 141.34552,
        "time" : "20180622T134517+0900"
      }, {
        "lat" : 43.079934,
        "lon" : 141.34552,
        "time" : "20180622T134539+0900"
      }, {
        "lat" : 43.079928,
        "lon" : 141.34553,
        "time" : "20180622T134558+0900"
      }, {
        "lat" : 43.079921,
        "lon" : 141.34553,
        "time" : "20180622T134613+0900"
      }, {
        "lat" : 43.079909,
        "lon" : 141.34554,
        "time" : "20180622T134634+0900"
      }, {
        "lat" : 43.079894,
        "lon" : 141.34556,
        "time" : "20180622T134655+0900"
      }, {
        "lat" : 43.079875,
        "lon" : 141.34557,
        "time" : "20180622T134721+0900"
      }, {
        "lat" : 43.079018,
        "lon" : 141.34577,
        "time" : "20180622T134756+0900"
      } ]
    }, {
      "activity" : "cycling",
      "group" : "cycling",
      "manual" : false,
      "startTime" : "20180622T134756+0900",
      "endTime" : "20180622T135046+0900",
      "duration" : 170.0,
      "distance" : 641.0,
      "calories" : 16,
      "trackPoints" : [ {
        "lat" : 43.079018,
        "lon" : 141.34577,
        "time" : "20180622T134756+0900"
      }, {
        "lat" : 43.078387,
        "lon" : 141.34592,
        "time" : "20180622T134820+0900"
      }, {
        "lat" : 43.077003,
        "lon" : 141.34663,
        "time" : "20180622T134909+0900"
      }, {
        "lat" : 43.075799,
        "lon" : 141.34649,
        "time" : "20180622T134944+0900"
      }, {
        "lat" : 43.074557,
        "lon" : 141.34708,
        "time" : "20180622T135016+0900"
      }, {
        "lat" : 43.074223,
        "lon" : 141.34685,
        "time" : "20180622T135047+0900"
      } ]
    } ],
    "lastUpdate" : "20180622T074406Z"
  }, {
    "type" : "place",
    "startTime" : "20180622T135047+0900",
    "endTime" : "20180622T135526+0900",
    "place" : {
      "id" : 146798345,
      "type" : "unknown",
      "location" : {
        "lat" : 43.0742227762,
        "lon" : 141.3468484632
      }
    },
    "activities" : [ {
      "activity" : "walking",
      "group" : "walking",
      "manual" : false,
      "startTime" : "20180622T135051+0900",
      "endTime" : "20180622T135057+0900",
      "duration" : 6.0,
      "distance" : 5.0,
      "steps" : 10,
      "calories" : 0,
      "trackPoints" : [ ]
    } ],
    "lastUpdate" : "20180622T074406Z"
  }, {
    "type" : "move",
    "startTime" : "20180622T135526+0900",
    "endTime" : "20180622T140007+0900",
    "activities" : [ {
      "activity" : "cycling",
      "group" : "cycling",
      "manual" : false,
      "startTime" : "20180622T135526+0900",
      "endTime" : "20180622T140007+0900",
      "duration" : 281.0,
      "distance" : 955.0,
      "calories" : 24,
      "trackPoints" : [ {
        "lat" : 43.074223,
        "lon" : 141.34685,
        "time" : "20180622T135526+0900"
      }, {
        "lat" : 43.075439,
        "lon" : 141.34672,
        "time" : "20180622T135544+0900"
      }, {
        "lat" : 43.075589,
        "lon" : 141.34673,
        "time" : "20180622T135602+0900"
      }, {
        "lat" : 43.076155,
        "lon" : 141.34605,
        "time" : "20180622T135636+0900"
      }, {
        "lat" : 43.075873,
        "lon" : 141.34481,
        "time" : "20180622T135757+0900"
      }, {
        "lat" : 43.075512,
        "lon" : 141.34378,
        "time" : "20180622T135821+0900"
      }, {
        "lat" : 43.075294,
        "lon" : 141.3422,
        "time" : "20180622T135849+0900"
      }, {
        "lat" : 43.075163,
        "lon" : 141.34155,
        "time" : "20180622T135905+0900"
      }, {
        "lat" : 43.075011,
        "lon" : 141.34074,
        "time" : "20180622T135922+0900"
      }, {
        "lat" : 43.075269,
        "lon" : 141.33963,
        "time" : "20180622T135940+0900"
      }, {
        "lat" : 43.075761,
        "lon" : 141.33954,
        "time" : "20180622T135959+0900"
      }, {
        "lat" : 43.075762,
        "lon" : 141.33954,
        "time" : "20180622T140000+0900"
      }, {
        "lat" : 43.075967,
        "lon" : 141.3395,
        "time" : "20180622T140007+0900"
      } ]
    } ],
    "lastUpdate" : "20180622T074406Z"
  }, {
    "type" : "place",
    "startTime" : "20180622T140008+0900",
    "endTime" : "20180622T220748+0900",
    "place" : {
      "id" : 259240182,
      "type" : "unknown",
      "location" : {
        "lat" : 43.076435,
        "lon" : 141.33918
      }
    },
    "activities" : [ {
      "activity" : "walking",
      "group" : "walking",
      "manual" : false,
      "startTime" : "20180622T140008+0900",
      "endTime" : "20180622T140924+0900",
      "duration" : 556.0,
      "distance" : 625.0,
      "steps" : 834,
      "calories" : 35,
      "trackPoints" : [ ]
    }, {
      "activity" : "walking",
      "group" : "walking",
      "manual" : false,
      "startTime" : "20180622T152425+0900",
      "endTime" : "20180622T152805+0900",
      "duration" : 220.0,
      "distance" : 165.0,
      "steps" : 0,
      "calories" : 9,
      "trackPoints" : [ ]
    }, {
      "activity" : "walking",
      "group" : "walking",
      "manual" : false,
      "startTime" : "20180622T162856+0900",
      "endTime" : "20180622T163236+0900",
      "duration" : 220.0,
      "distance" : 165.0,
      "steps" : 189,
      "calories" : 9,
      "trackPoints" : [ ]
    }, {
      "activity" : "walking",
      "group" : "walking",
      "manual" : false,
      "startTime" : "20180622T171022+0900",
      "endTime" : "20180622T171028+0900",
      "duration" : 6.0,
      "distance" : 4.0,
      "steps" : 9,
      "calories" : 0,
      "trackPoints" : [ ]
    }, {
      "activity" : "walking",
      "group" : "walking",
      "manual" : false,
      "startTime" : "20180622T181311+0900",
      "endTime" : "20180622T181536+0900",
      "duration" : 145.0,
      "distance" : 160.0,
      "steps" : 214,
      "calories" : 9,
      "trackPoints" : [ ]
    } ],
    "lastUpdate" : "20180622T130752Z"
  } ],
  "caloriesIdle" : 1591,
  "lastUpdate" : "20180622T130752Z"
}, {
  "date" : "20180624",
  "summary" : [ {
    "activity" : "walking",
    "group" : "walking",
    "duration" : 5896.0,
    "distance" : 6734.0,
    "steps" : 10764,
    "calories" : 372
  }, {
    "activity" : "transport",
    "group" : "transport",
    "duration" : 4132.0,
    "distance" : 30370.0
  } ],
  "segments" : [ {
    "type" : "move",
    "startTime" : "20180624T103308+0900",
    "endTime" : "20180624T103940+0900",
    "activities" : [ {
      "activity" : "walking",
      "group" : "walking",
      "manual" : false,
      "startTime" : "20180624T103655+0900",
      "endTime" : "20180624T103940+0900",
      "duration" : 165.0,
      "distance" : 96.0,
      "steps" : 193,
      "calories" : 5,
      "trackPoints" : [ {
        "lat" : 43.089578,
        "lon" : 141.34468,
        "time" : "20180624T103655+0900"
      }, {
        "lat" : 43.089612,
        "lon" : 141.34466,
        "time" : "20180624T103711+0900"
      }, {
        "lat" : 43.089678,
        "lon" : 141.34471,
        "time" : "20180624T103727+0900"
      }, {
        "lat" : 43.089684,
        "lon" : 141.34486,
        "time" : "20180624T103745+0900"
      }, {
        "lat" : 43.089404,
        "lon" : 141.34491,
        "time" : "20180624T103832+0900"
      }, {
        "lat" : 43.089302,
        "lon" : 141.34487,
        "time" : "20180624T103921+0900"
      }, {
        "lat" : 43.08928,
        "lon" : 141.34493,
        "time" : "20180624T103940+0900"
      } ]
    } ],
    "lastUpdate" : "20180624T061432Z"
  }, {
    "type" : "place",
    "startTime" : "20180624T103940+0900",
    "endTime" : "20180624T104716+0900",
    "place" : {
      "id" : 371193517,
      "type" : "unknown",
      "location" : {
        "lat" : 43.08928,
        "lon" : 141.34493
      }
    },
    "activities" : [ {
      "activity" : "walking",
      "group" : "walking",
      "manual" : false,
      "startTime" : "20180624T103942+0900",
      "endTime" : "20180624T104113+0900",
      "duration" : 91.0,
      "distance" : 68.0,
      "steps" : 137,
      "calories" : 4,
      "trackPoints" : [ ]
    } ],
    "lastUpdate" : "20180624T061432Z"
  }, {
    "type" : "move",
    "startTime" : "20180624T104716+0900",
    "endTime" : "20180624T110410+0900",
    "activities" : [ {
      "activity" : "transport",
      "group" : "transport",
      "manual" : false,
      "startTime" : "20180624T104716+0900",
      "endTime" : "20180624T105148+0900",
      "duration" : 272.0,
      "distance" : 2451.0,
      "trackPoints" : [ {
        "lat" : 43.08928,
        "lon" : 141.34493,
        "time" : "20180624T104716+0900"
      }, {
        "lat" : 43.107939,
        "lon" : 141.33889,
        "time" : "20180624T105148+0900"
      } ]
    }, {
      "activity" : "walking",
      "group" : "walking",
      "manual" : false,
      "startTime" : "20180624T105148+0900",
      "endTime" : "20180624T110410+0900",
      "duration" : 742.0,
      "distance" : 831.0,
      "steps" : 1261,
      "calories" : 46,
      "trackPoints" : [ {
        "lat" : 43.107939,
        "lon" : 141.33889,
        "time" : "20180624T105148+0900"
      }, {
        "lat" : 43.109855,
        "lon" : 141.33828,
        "time" : "20180624T105558+0900"
      }, {
        "lat" : 43.109988,
        "lon" : 141.33829,
        "time" : "20180624T105618+0900"
      }, {
        "lat" : 43.110222,
        "lon" : 141.33831,
        "time" : "20180624T105647+0900"
      }, {
        "lat" : 43.11109,
        "lon" : 141.33836,
        "time" : "20180624T105829+0900"
      }, {
        "lat" : 43.111929,
        "lon" : 141.33793,
        "time" : "20180624T105934+0900"
      }, {
        "lat" : 43.112161,
        "lon" : 141.33773,
        "time" : "20180624T105955+0900"
      }, {
        "lat" : 43.112186,
        "lon" : 141.33768,
        "time" : "20180624T105959+0900"
      }, {
        "lat" : 43.112186,
        "lon" : 141.33768,
        "time" : "20180624T110000+0900"
      }, {
        "lat" : 43.112312,
        "lon" : 141.33738,
        "time" : "20180624T110020+0900"
      }, {
        "lat" : 43.11292,
        "lon" : 141.33616,
        "time" : "20180624T110142+0900"
      }, {
        "lat" : 43.113113,
        "lon" : 141.3355,
        "time" : "20180624T110330+0900"
      }, {
        "lat" : 43.113081,
        "lon" : 141.33537,
        "time" : "20180624T110345+0900"
      }, {
        "lat" : 43.113294,
        "lon" : 141.33543,
        "time" : "20180624T110410+0900"
      } ]
    } ],
    "lastUpdate" : "20180624T061432Z"
  }, {
    "type" : "move",
    "startTime" : "20180624T110410+0900",
    "endTime" : "20180624T112436+0900",
    "activities" : [ {
      "activity" : "transport",
      "group" : "transport",
      "manual" : false,
      "startTime" : "20180624T110410+0900",
      "endTime" : "20180624T112435+0900",
      "duration" : 1225.0,
      "distance" : 8989.0,
      "trackPoints" : [ {
        "lat" : 43.113183,
        "lon" : 141.33506,
        "time" : "20180624T110410+0900"
      }, {
        "lat" : 43.113206,
        "lon" : 141.33518,
        "time" : "20180624T110431+0900"
      }, {
        "lat" : 43.113239,
        "lon" : 141.33527,
        "time" : "20180624T110457+0900"
      }, {
        "lat" : 43.113255,
        "lon" : 141.33532,
        "time" : "20180624T110515+0900"
      }, {
        "lat" : 43.113271,
        "lon" : 141.33536,
        "time" : "20180624T110533+0900"
      }, {
        "lat" : 43.113294,
        "lon" : 141.33543,
        "time" : "20180624T110606+0900"
      }, {
        "lat" : 43.113313,
        "lon" : 141.33548,
        "time" : "20180624T110639+0900"
      }, {
        "lat" : 43.113302,
        "lon" : 141.33547,
        "time" : "20180624T110726+0900"
      }, {
        "lat" : 43.123715,
        "lon" : 141.34826,
        "time" : "20180624T111400+0900"
      }, {
        "lat" : 43.123977,
        "lon" : 141.34929,
        "time" : "20180624T111416+0900"
      }, {
        "lat" : 43.124074,
        "lon" : 141.34966,
        "time" : "20180624T111442+0900"
      }, {
        "lat" : 43.124133,
        "lon" : 141.3499,
        "time" : "20180624T111500+0900"
      }, {
        "lat" : 43.124282,
        "lon" : 141.35037,
        "time" : "20180624T111521+0900"
      }, {
        "lat" : 43.125403,
        "lon" : 141.35458,
        "time" : "20180624T111548+0900"
      }, {
        "lat" : 43.12955,
        "lon" : 141.36013,
        "time" : "20180624T111620+0900"
      }, {
        "lat" : 43.131286,
        "lon" : 141.36058,
        "time" : "20180624T111637+0900"
      }, {
        "lat" : 43.131437,
        "lon" : 141.36064,
        "time" : "20180624T111654+0900"
      }, {
        "lat" : 43.13297,
        "lon" : 141.36101,
        "time" : "20180624T111747+0900"
      }, {
        "lat" : 43.137062,
        "lon" : 141.3621,
        "time" : "20180624T111810+0900"
      }, {
        "lat" : 43.139891,
        "lon" : 141.36295,
        "time" : "20180624T111838+0900"
      }, {
        "lat" : 43.1429,
        "lon" : 141.36351,
        "time" : "20180624T111853+0900"
      }, {
        "lat" : 43.145216,
        "lon" : 141.36402,
        "time" : "20180624T112015+0900"
      }, {
        "lat" : 43.149135,
        "lon" : 141.36587,
        "time" : "20180624T112050+0900"
      }, {
        "lat" : 43.151961,
        "lon" : 141.36998,
        "time" : "20180624T112108+0900"
      }, {
        "lat" : 43.155285,
        "lon" : 141.37614,
        "time" : "20180624T112138+0900"
      }, {
        "lat" : 43.15553,
        "lon" : 141.38009,
        "time" : "20180624T112158+0900"
      }, {
        "lat" : 43.155483,
        "lon" : 141.38145,
        "time" : "20180624T112239+0900"
      }, {
        "lat" : 43.155481,
        "lon" : 141.38177,
        "time" : "20180624T112300+0900"
      }, {
        "lat" : 43.155519,
        "lon" : 141.38237,
        "time" : "20180624T112318+0900"
      }, {
        "lat" : 43.155646,
        "lon" : 141.38628,
        "time" : "20180624T112341+0900"
      }, {
        "lat" : 43.155131,
        "lon" : 141.39394,
        "time" : "20180624T112410+0900"
      }, {
        "lat" : 43.155231,
        "lon" : 141.39883,
        "time" : "20180624T112436+0900"
      } ]
    } ],
    "lastUpdate" : "20180624T061443Z"
  }, {
    "type" : "place",
    "startTime" : "20180624T112436+0900",
    "endTime" : "20180624T112832+0900",
    "place" : {
      "id" : 606059388,
      "type" : "unknown",
      "location" : {
        "lat" : 43.155231,
        "lon" : 141.39883
      }
    },
    "activities" : [ {
      "activity" : "walking",
      "group" : "walking",
      "manual" : false,
      "startTime" : "20180624T112436+0900",
      "endTime" : "20180624T112648+0900",
      "duration" : 132.0,
      "distance" : 148.0,
      "steps" : 198,
      "calories" : 8,
      "trackPoints" : [ ]
    } ],
    "lastUpdate" : "20180624T061443Z"
  }, {
    "type" : "move",
    "startTime" : "20180624T112832+0900",
    "endTime" : "20180624T115307+0900",
    "activities" : [ {
      "activity" : "walking",
      "group" : "walking",
      "manual" : false,
      "startTime" : "20180624T112832+0900",
      "endTime" : "20180624T115307+0900",
      "duration" : 1475.0,
      "distance" : 1801.0,
      "steps" : 2262,
      "calories" : 100,
      "trackPoints" : [ {
        "lat" : 43.155231,
        "lon" : 141.39883,
        "time" : "20180624T112832+0900"
      }, {
        "lat" : 43.155252,
        "lon" : 141.39816,
        "time" : "20180624T112953+0900"
      }, {
        "lat" : 43.155422,
        "lon" : 141.39828,
        "time" : "20180624T113023+0900"
      }, {
        "lat" : 43.156862,
        "lon" : 141.39754,
        "time" : "20180624T113246+0900"
      }, {
        "lat" : 43.157489,
        "lon" : 141.39687,
        "time" : "20180624T113350+0900"
      }, {
        "lat" : 43.15775,
        "lon" : 141.39683,
        "time" : "20180624T113416+0900"
      }, {
        "lat" : 43.158172,
        "lon" : 141.39688,
        "time" : "20180624T113506+0900"
      }, {
        "lat" : 43.158519,
        "lon" : 141.39706,
        "time" : "20180624T113610+0900"
      }, {
        "lat" : 43.158616,
        "lon" : 141.397,
        "time" : "20180624T113625+0900"
      }, {
        "lat" : 43.159908,
        "lon" : 141.39673,
        "time" : "20180624T113657+0900"
      }, {
        "lat" : 43.160017,
        "lon" : 141.39657,
        "time" : "20180624T113719+0900"
      }, {
        "lat" : 43.160454,
        "lon" : 141.39629,
        "time" : "20180624T113754+0900"
      }, {
        "lat" : 43.160787,
        "lon" : 141.39611,
        "time" : "20180624T113821+0900"
      }, {
        "lat" : 43.161138,
        "lon" : 141.39597,
        "time" : "20180624T113857+0900"
      }, {
        "lat" : 43.161985,
        "lon" : 141.39561,
        "time" : "20180624T114011+0900"
      }, {
        "lat" : 43.162251,
        "lon" : 141.39537,
        "time" : "20180624T114120+0900"
      }, {
        "lat" : 43.162369,
        "lon" : 141.39523,
        "time" : "20180624T114150+0900"
      }, {
        "lat" : 43.162626,
        "lon" : 141.3953,
        "time" : "20180624T114206+0900"
      }, {
        "lat" : 43.162985,
        "lon" : 141.39533,
        "time" : "20180624T114236+0900"
      }, {
        "lat" : 43.165416,
        "lon" : 141.39572,
        "time" : "20180624T114322+0900"
      }, {
        "lat" : 43.165676,
        "lon" : 141.39579,
        "time" : "20180624T114342+0900"
      }, {
        "lat" : 43.165712,
        "lon" : 141.3958,
        "time" : "20180624T114627+0900"
      }, {
        "lat" : 43.167257,
        "lon" : 141.3963,
        "time" : "20180624T114822+0900"
      }, {
        "lat" : 43.167341,
        "lon" : 141.39633,
        "time" : "20180624T114841+0900"
      }, {
        "lat" : 43.167486,
        "lon" : 141.39633,
        "time" : "20180624T114859+0900"
      }, {
        "lat" : 43.167666,
        "lon" : 141.39637,
        "time" : "20180624T114918+0900"
      }, {
        "lat" : 43.168036,
        "lon" : 141.39644,
        "time" : "20180624T114951+0900"
      }, {
        "lat" : 43.168245,
        "lon" : 141.39648,
        "time" : "20180624T115010+0900"
      }, {
        "lat" : 43.168117,
        "lon" : 141.39649,
        "time" : "20180624T115055+0900"
      }, {
        "lat" : 43.168091,
        "lon" : 141.39645,
        "time" : "20180624T115135+0900"
      }, {
        "lat" : 43.168051,
        "lon" : 141.39641,
        "time" : "20180624T115158+0900"
      }, {
        "lat" : 43.168049,
        "lon" : 141.3964,
        "time" : "20180624T115307+0900"
      } ]
    } ],
    "lastUpdate" : "20180624T061443Z"
  }, {
    "type" : "place",
    "startTime" : "20180624T115308+0900",
    "endTime" : "20180624T151403+0900",
    "place" : {
      "id" : 606059389,
      "type" : "unknown",
      "location" : {
        "lat" : 43.168049,
        "lon" : 141.3964
      }
    },
    "activities" : [ {
      "activity" : "walking",
      "group" : "walking",
      "manual" : false,
      "startTime" : "20180624T115756+0900",
      "endTime" : "20180624T115913+0900",
      "duration" : 77.0,
      "distance" : 57.0,
      "steps" : 115,
      "calories" : 3,
      "trackPoints" : [ ]
    }, {
      "activity" : "walking",
      "group" : "walking",
      "manual" : false,
      "startTime" : "20180624T120000+0900",
      "endTime" : "20180624T120629+0900",
      "duration" : 389.0,
      "distance" : 372.0,
      "steps" : 496,
      "calories" : 21,
      "trackPoints" : [ ]
    }, {
      "activity" : "walking",
      "group" : "walking",
      "manual" : false,
      "startTime" : "20180624T151052+0900",
      "endTime" : "20180624T151217+0900",
      "duration" : 85.0,
      "distance" : 58.0,
      "steps" : 117,
      "calories" : 3,
      "trackPoints" : [ ]
    } ],
    "lastUpdate" : "20180624T070535Z"
  }, {
    "type" : "move",
    "startTime" : "20180624T151403+0900",
    "endTime" : "20180624T153900+0900",
    "activities" : [ {
      "activity" : "walking",
      "group" : "walking",
      "manual" : false,
      "startTime" : "20180624T151403+0900",
      "endTime" : "20180624T153900+0900",
      "duration" : 1497.0,
      "distance" : 1788.0,
      "steps" : 3425,
      "calories" : 99,
      "trackPoints" : [ {
        "lat" : 43.168049,
        "lon" : 141.3964,
        "time" : "20180624T151403+0900"
      }, {
        "lat" : 43.168208,
        "lon" : 141.39654,
        "time" : "20180624T151422+0900"
      }, {
        "lat" : 43.16831,
        "lon" : 141.39654,
        "time" : "20180624T151440+0900"
      }, {
        "lat" : 43.168208,
        "lon" : 141.39655,
        "time" : "20180624T151457+0900"
      }, {
        "lat" : 43.168091,
        "lon" : 141.39645,
        "time" : "20180624T151515+0900"
      }, {
        "lat" : 43.167921,
        "lon" : 141.39635,
        "time" : "20180624T151537+0900"
      }, {
        "lat" : 43.16777,
        "lon" : 141.39635,
        "time" : "20180624T151601+0900"
      }, {
        "lat" : 43.167651,
        "lon" : 141.39636,
        "time" : "20180624T151617+0900"
      }, {
        "lat" : 43.167311,
        "lon" : 141.39615,
        "time" : "20180624T151647+0900"
      }, {
        "lat" : 43.167107,
        "lon" : 141.39605,
        "time" : "20180624T151705+0900"
      }, {
        "lat" : 43.167112,
        "lon" : 141.39626,
        "time" : "20180624T151721+0900"
      }, {
        "lat" : 43.1671,
        "lon" : 141.39635,
        "time" : "20180624T151740+0900"
      }, {
        "lat" : 43.167001,
        "lon" : 141.39632,
        "time" : "20180624T151919+0900"
      }, {
        "lat" : 43.166826,
        "lon" : 141.3962,
        "time" : "20180624T151957+0900"
      }, {
        "lat" : 43.166533,
        "lon" : 141.39624,
        "time" : "20180624T152022+0900"
      }, {
        "lat" : 43.166232,
        "lon" : 141.39623,
        "time" : "20180624T152045+0900"
      }, {
        "lat" : 43.16611,
        "lon" : 141.39626,
        "time" : "20180624T152101+0900"
      }, {
        "lat" : 43.165922,
        "lon" : 141.39625,
        "time" : "20180624T152117+0900"
      }, {
        "lat" : 43.165484,
        "lon" : 141.39606,
        "time" : "20180624T152150+0900"
      }, {
        "lat" : 43.165238,
        "lon" : 141.39603,
        "time" : "20180624T152207+0900"
      }, {
        "lat" : 43.164909,
        "lon" : 141.39591,
        "time" : "20180624T152242+0900"
      }, {
        "lat" : 43.164674,
        "lon" : 141.39581,
        "time" : "20180624T152303+0900"
      }, {
        "lat" : 43.164142,
        "lon" : 141.39583,
        "time" : "20180624T152334+0900"
      }, {
        "lat" : 43.163929,
        "lon" : 141.39585,
        "time" : "20180624T152356+0900"
      }, {
        "lat" : 43.163713,
        "lon" : 141.39581,
        "time" : "20180624T152414+0900"
      }, {
        "lat" : 43.163555,
        "lon" : 141.39585,
        "time" : "20180624T152430+0900"
      }, {
        "lat" : 43.163405,
        "lon" : 141.39584,
        "time" : "20180624T152450+0900"
      }, {
        "lat" : 43.162981,
        "lon" : 141.39565,
        "time" : "20180624T152517+0900"
      }, {
        "lat" : 43.162562,
        "lon" : 141.39555,
        "time" : "20180624T152557+0900"
      }, {
        "lat" : 43.162323,
        "lon" : 141.39551,
        "time" : "20180624T152620+0900"
      }, {
        "lat" : 43.161919,
        "lon" : 141.39548,
        "time" : "20180624T152655+0900"
      }, {
        "lat" : 43.161517,
        "lon" : 141.39564,
        "time" : "20180624T152719+0900"
      }, {
        "lat" : 43.160954,
        "lon" : 141.39608,
        "time" : "20180624T152809+0900"
      }, {
        "lat" : 43.160729,
        "lon" : 141.39633,
        "time" : "20180624T152831+0900"
      }, {
        "lat" : 43.159535,
        "lon" : 141.39706,
        "time" : "20180624T153020+0900"
      }, {
        "lat" : 43.159282,
        "lon" : 141.39712,
        "time" : "20180624T153044+0900"
      }, {
        "lat" : 43.159013,
        "lon" : 141.39716,
        "time" : "20180624T153104+0900"
      }, {
        "lat" : 43.158371,
        "lon" : 141.39726,
        "time" : "20180624T153143+0900"
      }, {
        "lat" : 43.158265,
        "lon" : 141.39716,
        "time" : "20180624T153204+0900"
      }, {
        "lat" : 43.158181,
        "lon" : 141.39701,
        "time" : "20180624T153221+0900"
      }, {
        "lat" : 43.158016,
        "lon" : 141.39698,
        "time" : "20180624T153238+0900"
      }, {
        "lat" : 43.15751,
        "lon" : 141.39705,
        "time" : "20180624T153314+0900"
      }, {
        "lat" : 43.157187,
        "lon" : 141.39705,
        "time" : "20180624T153340+0900"
      }, {
        "lat" : 43.156879,
        "lon" : 141.39711,
        "time" : "20180624T153418+0900"
      }, {
        "lat" : 43.155872,
        "lon" : 141.39762,
        "time" : "20180624T153544+0900"
      }, {
        "lat" : 43.155601,
        "lon" : 141.39774,
        "time" : "20180624T153605+0900"
      }, {
        "lat" : 43.155525,
        "lon" : 141.39847,
        "time" : "20180624T153801+0900"
      }, {
        "lat" : 43.155231,
        "lon" : 141.39883,
        "time" : "20180624T153900+0900"
      } ]
    } ],
    "lastUpdate" : "20180624T070535Z"
  }, {
    "type" : "place",
    "startTime" : "20180624T153901+0900",
    "endTime" : "20180624T154332+0900",
    "place" : {
      "id" : 606059388,
      "type" : "unknown",
      "location" : {
        "lat" : 43.155231,
        "lon" : 141.39883
      }
    },
    "lastUpdate" : "20180624T074930Z"
  }, {
    "type" : "move",
    "startTime" : "20180624T154332+0900",
    "endTime" : "20180624T162020+0900",
    "activities" : [ {
      "activity" : "transport",
      "group" : "transport",
      "manual" : false,
      "startTime" : "20180624T154332+0900",
      "endTime" : "20180624T161141+0900",
      "duration" : 1689.0,
      "distance" : 16481.0,
      "trackPoints" : [ {
        "lat" : 43.155231,
        "lon" : 141.39883,
        "time" : "20180624T154332+0900"
      }, {
        "lat" : 43.133494,
        "lon" : 141.36153,
        "time" : "20180624T154924+0900"
      }, {
        "lat" : 43.131203,
        "lon" : 141.36059,
        "time" : "20180624T154955+0900"
      }, {
        "lat" : 43.13118,
        "lon" : 141.36061,
        "time" : "20180624T155018+0900"
      }, {
        "lat" : 43.124275,
        "lon" : 141.35071,
        "time" : "20180624T155155+0900"
      }, {
        "lat" : 43.1195,
        "lon" : 141.34039,
        "time" : "20180624T155349+0900"
      }, {
        "lat" : 43.116151,
        "lon" : 141.33758,
        "time" : "20180624T155409+0900"
      }, {
        "lat" : 43.113076,
        "lon" : 141.33549,
        "time" : "20180624T155507+0900"
      }, {
        "lat" : 43.111366,
        "lon" : 141.33393,
        "time" : "20180624T155555+0900"
      }, {
        "lat" : 43.104792,
        "lon" : 141.32874,
        "time" : "20180624T155625+0900"
      }, {
        "lat" : 43.098737,
        "lon" : 141.32446,
        "time" : "20180624T155703+0900"
      }, {
        "lat" : 43.097937,
        "lon" : 141.32343,
        "time" : "20180624T155729+0900"
      }, {
        "lat" : 43.096643,
        "lon" : 141.32208,
        "time" : "20180624T155755+0900"
      }, {
        "lat" : 43.092194,
        "lon" : 141.31917,
        "time" : "20180624T155828+0900"
      }, {
        "lat" : 43.090601,
        "lon" : 141.3188,
        "time" : "20180624T155911+0900"
      }, {
        "lat" : 43.088874,
        "lon" : 141.3188,
        "time" : "20180624T155926+0900"
      }, {
        "lat" : 43.086785,
        "lon" : 141.31922,
        "time" : "20180624T155959+0900"
      }, {
        "lat" : 43.086784,
        "lon" : 141.31922,
        "time" : "20180624T160000+0900"
      }, {
        "lat" : 43.08637,
        "lon" : 141.31931,
        "time" : "20180624T160006+0900"
      }, {
        "lat" : 43.08469,
        "lon" : 141.31944,
        "time" : "20180624T160106+0900"
      }, {
        "lat" : 43.08117,
        "lon" : 141.32001,
        "time" : "20180624T160129+0900"
      }, {
        "lat" : 43.074378,
        "lon" : 141.32302,
        "time" : "20180624T160224+0900"
      }, {
        "lat" : 43.073292,
        "lon" : 141.32672,
        "time" : "20180624T160249+0900"
      }, {
        "lat" : 43.072231,
        "lon" : 141.32877,
        "time" : "20180624T160307+0900"
      }, {
        "lat" : 43.070721,
        "lon" : 141.33203,
        "time" : "20180624T160346+0900"
      }, {
        "lat" : 43.070662,
        "lon" : 141.33183,
        "time" : "20180624T160407+0900"
      }, {
        "lat" : 43.070658,
        "lon" : 141.33188,
        "time" : "20180624T160435+0900"
      }, {
        "lat" : 43.070653,
        "lon" : 141.33189,
        "time" : "20180624T160454+0900"
      }, {
        "lat" : 43.07065,
        "lon" : 141.3319,
        "time" : "20180624T160513+0900"
      }, {
        "lat" : 43.070652,
        "lon" : 141.33189,
        "time" : "20180624T160542+0900"
      }, {
        "lat" : 43.070655,
        "lon" : 141.33188,
        "time" : "20180624T160603+0900"
      }, {
        "lat" : 43.070662,
        "lon" : 141.33186,
        "time" : "20180624T160636+0900"
      }, {
        "lat" : 43.070668,
        "lon" : 141.33185,
        "time" : "20180624T160706+0900"
      }, {
        "lat" : 43.070947,
        "lon" : 141.33145,
        "time" : "20180624T160727+0900"
      }, {
        "lat" : 43.070885,
        "lon" : 141.33179,
        "time" : "20180624T160756+0900"
      }, {
        "lat" : 43.070848,
        "lon" : 141.33172,
        "time" : "20180624T160814+0900"
      }, {
        "lat" : 43.070727,
        "lon" : 141.33192,
        "time" : "20180624T160842+0900"
      }, {
        "lat" : 43.068913,
        "lon" : 141.33659,
        "time" : "20180624T160919+0900"
      }, {
        "lat" : 43.067269,
        "lon" : 141.34134,
        "time" : "20180624T160942+0900"
      }, {
        "lat" : 43.067128,
        "lon" : 141.34531,
        "time" : "20180624T161015+0900"
      }, {
        "lat" : 43.068094,
        "lon" : 141.34843,
        "time" : "20180624T161040+0900"
      }, {
        "lat" : 43.06852,
        "lon" : 141.34977,
        "time" : "20180624T161056+0900"
      }, {
        "lat" : 43.068802,
        "lon" : 141.35063,
        "time" : "20180624T161121+0900"
      }, {
        "lat" : 43.06879,
        "lon" : 141.35069,
        "time" : "20180624T161141+0900"
      } ]
    }, {
      "activity" : "walking",
      "group" : "walking",
      "manual" : false,
      "startTime" : "20180624T161141+0900",
      "endTime" : "20180624T162019+0900",
      "duration" : 518.0,
      "distance" : 570.0,
      "steps" : 929,
      "calories" : 31,
      "trackPoints" : [ {
        "lat" : 43.06879,
        "lon" : 141.35069,
        "time" : "20180624T161141+0900"
      }, {
        "lat" : 43.06881,
        "lon" : 141.35066,
        "time" : "20180624T161205+0900"
      }, {
        "lat" : 43.068781,
        "lon" : 141.35076,
        "time" : "20180624T161222+0900"
      }, {
        "lat" : 43.068604,
        "lon" : 141.35125,
        "time" : "20180624T161306+0900"
      }, {
        "lat" : 43.068146,
        "lon" : 141.3514,
        "time" : "20180624T161342+0900"
      }, {
        "lat" : 43.067716,
        "lon" : 141.3514,
        "time" : "20180624T161401+0900"
      }, {
        "lat" : 43.06754,
        "lon" : 141.35124,
        "time" : "20180624T161418+0900"
      }, {
        "lat" : 43.067506,
        "lon" : 141.3506,
        "time" : "20180624T161524+0900"
      }, {
        "lat" : 43.067957,
        "lon" : 141.35035,
        "time" : "20180624T161547+0900"
      }, {
        "lat" : 43.068087,
        "lon" : 141.34985,
        "time" : "20180624T161622+0900"
      }, {
        "lat" : 43.067621,
        "lon" : 141.3487,
        "time" : "20180624T161823+0900"
      }, {
        "lat" : 43.067755,
        "lon" : 141.3483,
        "time" : "20180624T161903+0900"
      }, {
        "lat" : 43.067763,
        "lon" : 141.3482,
        "time" : "20180624T161919+0900"
      }, {
        "lat" : 43.067778,
        "lon" : 141.34814,
        "time" : "20180624T161934+0900"
      }, {
        "lat" : 43.067772,
        "lon" : 141.348,
        "time" : "20180624T161956+0900"
      }, {
        "lat" : 43.067736,
        "lon" : 141.34818,
        "time" : "20180624T162020+0900"
      } ]
    } ],
    "lastUpdate" : "20180624T074930Z"
  }, {
    "type" : "place",
    "startTime" : "20180624T162020+0900",
    "endTime" : "20180624T164626+0900",
    "place" : {
      "id" : 141749345,
      "type" : "unknown",
      "location" : {
        "lat" : 43.0677357622,
        "lon" : 141.3481825467
      }
    },
    "activities" : [ {
      "activity" : "walking",
      "group" : "walking",
      "manual" : false,
      "startTime" : "20180624T162205+0900",
      "endTime" : "20180624T162753+0900",
      "duration" : 348.0,
      "distance" : 391.0,
      "steps" : 522,
      "calories" : 22,
      "trackPoints" : [ ]
    } ],
    "lastUpdate" : "20180624T081421Z"
  }, {
    "type" : "move",
    "startTime" : "20180624T164626+0900",
    "endTime" : "20180624T165109+0900",
    "activities" : [ {
      "activity" : "walking",
      "group" : "walking",
      "manual" : false,
      "startTime" : "20180624T164626+0900",
      "endTime" : "20180624T165108+0900",
      "duration" : 282.0,
      "distance" : 483.0,
      "steps" : 966,
      "calories" : 27,
      "trackPoints" : [ {
        "lat" : 43.067736,
        "lon" : 141.34818,
        "time" : "20180624T164626+0900"
      }, {
        "lat" : 43.069193,
        "lon" : 141.35021,
        "time" : "20180624T164926+0900"
      }, {
        "lat" : 43.069096,
        "lon" : 141.35043,
        "time" : "20180624T164952+0900"
      }, {
        "lat" : 43.069814,
        "lon" : 141.35073,
        "time" : "20180624T165050+0900"
      }, {
        "lat" : 43.07001,
        "lon" : 141.35095,
        "time" : "20180624T165109+0900"
      } ]
    } ],
    "lastUpdate" : "20180624T081421Z"
  }, {
    "type" : "place",
    "startTime" : "20180624T165109+0900",
    "endTime" : "20180624T165835+0900",
    "place" : {
      "id" : 606078966,
      "type" : "unknown",
      "location" : {
        "lat" : 43.069347,
        "lon" : 141.35051
      }
    },
    "activities" : [ {
      "activity" : "walking",
      "group" : "walking",
      "manual" : false,
      "startTime" : "20180624T165109+0900",
      "endTime" : "20180624T165244+0900",
      "duration" : 95.0,
      "distance" : 71.0,
      "steps" : 143,
      "calories" : 4,
      "trackPoints" : [ ]
    } ],
    "lastUpdate" : "20180624T081425Z"
  }, {
    "type" : "move",
    "startTime" : "20180624T165835+0900",
    "endTime" : "20180624T171421+0900",
    "activities" : [ {
      "activity" : "transport",
      "group" : "transport",
      "manual" : false,
      "startTime" : "20180624T165835+0900",
      "endTime" : "20180624T171421+0900",
      "duration" : 946.0,
      "distance" : 2449.0,
      "trackPoints" : [ {
        "lat" : 43.069347,
        "lon" : 141.35051,
        "time" : "20180624T165835+0900"
      }, {
        "lat" : 43.071067,
        "lon" : 141.35039,
        "time" : "20180624T165959+0900"
      }, {
        "lat" : 43.071067,
        "lon" : 141.35039,
        "time" : "20180624T170000+0900"
      }, {
        "lat" : 43.074754,
        "lon" : 141.35012,
        "time" : "20180624T170301+0900"
      }, {
        "lat" : 43.076696,
        "lon" : 141.34964,
        "time" : "20180624T170318+0900"
      }, {
        "lat" : 43.078365,
        "lon" : 141.34912,
        "time" : "20180624T170344+0900"
      }, {
        "lat" : 43.07836,
        "lon" : 141.34934,
        "time" : "20180624T170402+0900"
      }, {
        "lat" : 43.078402,
        "lon" : 141.34934,
        "time" : "20180624T170423+0900"
      }, {
        "lat" : 43.078731,
        "lon" : 141.35158,
        "time" : "20180624T170511+0900"
      }, {
        "lat" : 43.080814,
        "lon" : 141.35237,
        "time" : "20180624T170605+0900"
      }, {
        "lat" : 43.084142,
        "lon" : 141.35151,
        "time" : "20180624T170651+0900"
      }, {
        "lat" : 43.085832,
        "lon" : 141.35103,
        "time" : "20180624T170707+0900"
      }, {
        "lat" : 43.08706,
        "lon" : 141.35011,
        "time" : "20180624T170737+0900"
      } ]
    } ],
    "lastUpdate" : "20180624T081425Z"
  } ],
  "caloriesIdle" : 1591,
  "lastUpdate" : "20180624T081425Z"
} ]