[ {
  "date" : "20180423",
  "summary" : [ {
    "activity" : "cycling",
    "group" : "cycling",
    "duration" : 510.0,
    "distance" : 2275.0,
    "calories" : 56
  }, {
    "activity" : "walking",
    "group" : "walking",
    "duration" : 1502.0,
    "distance" : 1578.0,
    "steps" : 1518,
    "calories" : 87
  } ],
  "segments" : [ {
    "type" : "move",
    "startTime" : "20180423T125033+0900",
    "endTime" : "20180423T125938+0900",
    "activities" : [ {
      "activity" : "cycling",
      "group" : "cycling",
      "manual" : false,
      "startTime" : "20180423T125033+0900",
      "endTime" : "20180423T125454+0900",
      "duration" : 261.0,
      "distance" : 1150.0,
      "calories" : 28,
      "trackPoints" : [ {
        "lat" : 43.082916,
        "lon" : 141.34484,
        "time" : "20180423T125033+0900"
      }, {
        "lat" : 43.081327,
        "lon" : 141.34551,
        "time" : "20180423T125105+0900"
      }, {
        "lat" : 43.081359,
        "lon" : 141.34459,
        "time" : "20180423T125131+0900"
      }, {
        "lat" : 43.081179,
        "lon" : 141.34344,
        "time" : "20180423T125149+0900"
      }, {
        "lat" : 43.080866,
        "lon" : 141.34218,
        "time" : "20180423T125211+0900"
      }, {
        "lat" : 43.080217,
        "lon" : 141.3415,
        "time" : "20180423T125229+0900"
      }, {
        "lat" : 43.079082,
        "lon" : 141.34108,
        "time" : "20180423T125248+0900"
      }, {
        "lat" : 43.078182,
        "lon" : 141.3405,
        "time" : "20180423T125328+0900"
      }, {
        "lat" : 43.077285,
        "lon" : 141.33965,
        "time" : "20180423T125352+0900"
      }, {
        "lat" : 43.076646,
        "lon" : 141.33923,
        "time" : "20180423T125415+0900"
      }, {
        "lat" : 43.076394,
        "lon" : 141.33934,
        "time" : "20180423T125433+0900"
      }, {
        "lat" : 43.076395,
        "lon" : 141.33933,
        "time" : "20180423T125454+0900"
      } ]
    }, {
      "activity" : "walking",
      "group" : "walking",
      "manual" : false,
      "startTime" : "20180423T125454+0900",
      "endTime" : "20180423T125938+0900",
      "duration" : 284.0,
      "distance" : 332.0,
      "steps" : 397,
      "calories" : 18,
      "trackPoints" : [ {
        "lat" : 43.076395,
        "lon" : 141.33933,
        "time" : "20180423T125454+0900"
      }, {
        "lat" : 43.076395,
        "lon" : 141.33932,
        "time" : "20180423T125517+0900"
      }, {
        "lat" : 43.076399,
        "lon" : 141.3393,
        "time" : "20180423T125543+0900"
      }, {
        "lat" : 43.076401,
        "lon" : 141.33929,
        "time" : "20180423T125559+0900"
      }, {
        "lat" : 43.076406,
        "lon" : 141.33928,
        "time" : "20180423T125622+0900"
      }, {
        "lat" : 43.076413,
        "lon" : 141.33927,
        "time" : "20180423T125652+0900"
      }, {
        "lat" : 43.076414,
        "lon" : 141.33925,
        "time" : "20180423T125717+0900"
      }, {
        "lat" : 43.076441,
        "lon" : 141.33932,
        "time" : "20180423T125808+0900"
      }, {
        "lat" : 43.076487,
        "lon" : 141.33942,
        "time" : "20180423T125825+0900"
      }, {
        "lat" : 43.077372,
        "lon" : 141.33988,
        "time" : "20180423T125904+0900"
      }, {
        "lat" : 43.078545,
        "lon" : 141.34109,
        "time" : "20180423T125938+0900"
      } ]
    } ],
    "lastUpdate" : "20180423T071642Z"
  }, {
    "type" : "place",
    "startTime" : "20180423T125938+0900",
    "endTime" : "20180423T131225+0900",
    "place" : {
      "id" : 165137977,
      "type" : "unknown",
      "location" : {
        "lat" : 43.0783211827,
        "lon" : 141.340846954
      }
    },
    "activities" : [ {
      "activity" : "walking",
      "group" : "walking",
      "manual" : false,
      "startTime" : "20180423T125938+0900",
      "endTime" : "20180423T125956+0900",
      "duration" : 18.0,
      "distance" : 14.0,
      "steps" : 28,
      "calories" : 1,
      "trackPoints" : [ ]
    }, {
      "activity" : "walking",
      "group" : "walking",
      "manual" : false,
      "startTime" : "20180423T130000+0900",
      "endTime" : "20180423T130345+0900",
      "duration" : 225.0,
      "distance" : 253.0,
      "steps" : 337,
      "calories" : 14,
      "trackPoints" : [ ]
    } ],
    "lastUpdate" : "20180423T071648Z"
  }, {
    "type" : "move",
    "startTime" : "20180423T131225+0900",
    "endTime" : "20180423T131524+0900",
    "activities" : [ {
      "activity" : "walking",
      "group" : "walking",
      "manual" : false,
      "startTime" : "20180423T131225+0900",
      "endTime" : "20180423T131524+0900",
      "duration" : 179.0,
      "distance" : 287.0,
      "steps" : 250,
      "calories" : 16,
      "trackPoints" : [ {
        "lat" : 43.078321,
        "lon" : 141.34085,
        "time" : "20180423T131225+0900"
      }, {
        "lat" : 43.076435,
        "lon" : 141.33918,
        "time" : "20180423T131524+0900"
      } ]
    } ],
    "lastUpdate" : "20180423T071648Z"
  }, {
    "type" : "place",
    "startTime" : "20180423T161635+0900",
    "endTime" : "20180423T183258+0900",
    "place" : {
      "id" : 362494857,
      "type" : "unknown",
      "location" : {
        "lat" : 43.076265,
        "lon" : 141.33885
      }
    },
    "activities" : [ {
      "activity" : "walking",
      "group" : "walking",
      "manual" : false,
      "startTime" : "20180423T162644+0900",
      "endTime" : "20180423T162902+0900",
      "duration" : 138.0,
      "distance" : 155.0,
      "steps" : 207,
      "calories" : 9,
      "trackPoints" : [ ]
    }, {
      "activity" : "walking",
      "group" : "walking",
      "manual" : false,
      "startTime" : "20180423T181657+0900",
      "endTime" : "20180423T182509+0900",
      "duration" : 492.0,
      "distance" : 369.0,
      "steps" : 92,
      "calories" : 20,
      "trackPoints" : [ ]
    } ],
    "lastUpdate" : "20180424T044630Z"
  }, {
    "type" : "move",
    "startTime" : "20180423T183258+0900",
    "endTime" : "20180423T183838+0900",
    "activities" : [ {
      "activity" : "walking",
      "group" : "walking",
      "manual" : false,
      "startTime" : "20180423T183258+0900",
      "endTime" : "20180423T183428+0900",
      "duration" : 90.0,
      "distance" : 111.0,
      "steps" : 92,
      "calories" : 6,
      "trackPoints" : [ {
        "lat" : 43.076265,
        "lon" : 141.33885,
        "time" : "20180423T183258+0900"
      }, {
        "lat" : 43.077838,
        "lon" : 141.34017,
        "time" : "20180423T183429+0900"
      } ]
    }, {
      "activity" : "cycling",
      "group" : "cycling",
      "manual" : false,
      "startTime" : "20180423T183429+0900",
      "endTime" : "20180423T183838+0900",
      "duration" : 249.0,
      "distance" : 1125.0,
      "calories" : 28,
      "trackPoints" : [ {
        "lat" : 43.077838,
        "lon" : 141.34017,
        "time" : "20180423T183429+0900"
      }, {
        "lat" : 43.078464,
        "lon" : 141.3414,
        "time" : "20180423T183453+0900"
      }, {
        "lat" : 43.080491,
        "lon" : 141.34105,
        "time" : "20180423T183541+0900"
      }, {
        "lat" : 43.080862,
        "lon" : 141.34157,
        "time" : "20180423T183610+0900"
      }, {
        "lat" : 43.081039,
        "lon" : 141.34238,
        "time" : "20180423T183626+0900"
      }, {
        "lat" : 43.0812,
        "lon" : 141.34332,
        "time" : "20180423T183658+0900"
      }, {
        "lat" : 43.081288,
        "lon" : 141.34385,
        "time" : "20180423T183714+0900"
      }, {
        "lat" : 43.081507,
        "lon" : 141.34482,
        "time" : "20180423T183736+0900"
      }, {
        "lat" : 43.082111,
        "lon" : 141.345,
        "time" : "20180423T183754+0900"
      }, {
        "lat" : 43.083187,
        "lon" : 141.34474,
        "time" : "20180423T183818+0900"
      }, {
        "lat" : 43.084539,
        "lon" : 141.34467,
        "time" : "20180423T183838+0900"
      } ]
    } ],
    "lastUpdate" : "20180424T044630Z"
  }, {
    "type" : "place",
    "startTime" : "20180423T183838+0900",
    "endTime" : "20180424T134538+0900",
    "place" : {
      "id" : 174606785,
      "type" : "unknown",
      "location" : {
        "lat" : 43.0842510763,
        "lon" : 141.3447211729
      }
    },
    "activities" : [ {
      "activity" : "walking",
      "group" : "walking",
      "manual" : false,
      "startTime" : "20180423T183838+0900",
      "endTime" : "20180423T183954+0900",
      "duration" : 76.0,
      "distance" : 57.0,
      "steps" : 115,
      "calories" : 3,
      "trackPoints" : [ ]
    } ],
    "lastUpdate" : "20180424T093624Z"
  } ],
  "caloriesIdle" : 1591,
  "lastUpdate" : "20180424T093624Z"
}, {
  "date" : "20180424",
  "summary" : [ {
    "activity" : "walking",
    "group" : "walking",
    "duration" : 791.0,
    "distance" : 509.0,
    "steps" : 853,
    "calories" : 28
  }, {
    "activity" : "cycling",
    "group" : "cycling",
    "duration" : 958.0,
    "distance" : 2649.0,
    "calories" : 69
  } ],
  "segments" : [ {
    "type" : "place",
    "startTime" : "20180423T183838+0900",
    "endTime" : "20180424T134538+0900",
    "place" : {
      "id" : 174606785,
      "type" : "unknown",
      "location" : {
        "lat" : 43.0842510763,
        "lon" : 141.3447211729
      }
    },
    "activities" : [ {
      "activity" : "walking",
      "group" : "walking",
      "manual" : false,
      "startTime" : "20180424T134404+0900",
      "endTime" : "20180424T134449+0900",
      "duration" : 45.0,
      "distance" : 30.0,
      "steps" : 61,
      "calories" : 2,
      "trackPoints" : [ ]
    } ],
    "lastUpdate" : "20180424T093624Z"
  }, {
    "type" : "move",
    "startTime" : "20180424T134538+0900",
    "endTime" : "20180424T135816+0900",
    "activities" : [ {
      "activity" : "cycling",
      "group" : "cycling",
      "manual" : false,
      "startTime" : "20180424T134538+0900",
      "endTime" : "20180424T134957+0900",
      "duration" : 259.0,
      "distance" : 767.0,
      "calories" : 20,
      "trackPoints" : [ {
        "lat" : 43.084251,
        "lon" : 141.34472,
        "time" : "20180424T134538+0900"
      }, {
        "lat" : 43.082919,
        "lon" : 141.34491,
        "time" : "20180424T134628+0900"
      }, {
        "lat" : 43.081782,
        "lon" : 141.34513,
        "time" : "20180424T134656+0900"
      }, {
        "lat" : 43.081415,
        "lon" : 141.34457,
        "time" : "20180424T134723+0900"
      }, {
        "lat" : 43.081168,
        "lon" : 141.34311,
        "time" : "20180424T134755+0900"
      }, {
        "lat" : 43.081096,
        "lon" : 141.34289,
        "time" : "20180424T134858+0900"
      }, {
        "lat" : 43.07991,
        "lon" : 141.34097,
        "time" : "20180424T134957+0900"
      } ]
    }, {
      "activity" : "walking",
      "group" : "walking",
      "manual" : false,
      "startTime" : "20180424T134957+0900",
      "endTime" : "20180424T135555+0900",
      "duration" : 358.0,
      "distance" : 179.0,
      "steps" : 316,
      "calories" : 10,
      "trackPoints" : [ {
        "lat" : 43.07991,
        "lon" : 141.34097,
        "time" : "20180424T134957+0900"
      }, {
        "lat" : 43.07971,
        "lon" : 141.34059,
        "time" : "20180424T135021+0900"
      }, {
        "lat" : 43.079562,
        "lon" : 141.34015,
        "time" : "20180424T135045+0900"
      }, {
        "lat" : 43.079569,
        "lon" : 141.34046,
        "time" : "20180424T135415+0900"
      }, {
        "lat" : 43.079549,
        "lon" : 141.34048,
        "time" : "20180424T135441+0900"
      }, {
        "lat" : 43.0795,
        "lon" : 141.34054,
        "time" : "20180424T135504+0900"
      }, {
        "lat" : 43.079146,
        "lon" : 141.34069,
        "time" : "20180424T135556+0900"
      } ]
    }, {
      "activity" : "cycling",
      "group" : "cycling",
      "manual" : false,
      "startTime" : "20180424T135556+0900",
      "endTime" : "20180424T135816+0900",
      "duration" : 140.0,
      "distance" : 448.0,
      "calories" : 11,
      "trackPoints" : [ {
        "lat" : 43.079146,
        "lon" : 141.34069,
        "time" : "20180424T135556+0900"
      }, {
        "lat" : 43.078754,
        "lon" : 141.34086,
        "time" : "20180424T135629+0900"
      }, {
        "lat" : 43.078174,
        "lon" : 141.34052,
        "time" : "20180424T135704+0900"
      }, {
        "lat" : 43.077594,
        "lon" : 141.33981,
        "time" : "20180424T135721+0900"
      }, {
        "lat" : 43.076479,
        "lon" : 141.33931,
        "time" : "20180424T135758+0900"
      }, {
        "lat" : 43.075982,
        "lon" : 141.33887,
        "time" : "20180424T135816+0900"
      } ]
    } ],
    "lastUpdate" : "20180424T093624Z"
  }, {
    "type" : "place",
    "startTime" : "20180424T135816+0900",
    "endTime" : "20180424T193733+0900",
    "place" : {
      "id" : 245014239,
      "type" : "unknown",
      "location" : {
        "lat" : 43.076271,
        "lon" : 141.33948
      }
    },
    "activities" : [ {
      "activity" : "walking",
      "group" : "walking",
      "manual" : false,
      "startTime" : "20180424T135822+0900",
      "endTime" : "20180424T135907+0900",
      "duration" : 45.0,
      "distance" : 33.0,
      "steps" : 67,
      "calories" : 2,
      "trackPoints" : [ ]
    }, {
      "activity" : "walking",
      "group" : "walking",
      "manual" : false,
      "startTime" : "20180424T140000+0900",
      "endTime" : "20180424T140136+0900",
      "duration" : 96.0,
      "distance" : 48.0,
      "steps" : 88,
      "calories" : 3,
      "trackPoints" : [ ]
    }, {
      "activity" : "walking",
      "group" : "walking",
      "manual" : false,
      "startTime" : "20180424T162259+0900",
      "endTime" : "20180424T162320+0900",
      "duration" : 21.0,
      "distance" : 10.0,
      "steps" : 0,
      "calories" : 1,
      "trackPoints" : [ ]
    }, {
      "activity" : "walking",
      "group" : "walking",
      "manual" : false,
      "startTime" : "20180424T193500+0900",
      "endTime" : "20180424T193637+0900",
      "duration" : 97.0,
      "distance" : 63.0,
      "steps" : 126,
      "calories" : 3,
      "trackPoints" : [ ]
    } ],
    "lastUpdate" : "20180425T034938Z"
  }, {
    "type" : "move",
    "startTime" : "20180424T193733+0900",
    "endTime" : "20180424T194652+0900",
    "activities" : [ {
      "activity" : "cycling",
      "group" : "cycling",
      "manual" : false,
      "startTime" : "20180424T193733+0900",
      "endTime" : "20180424T194652+0900",
      "duration" : 559.0,
      "distance" : 1434.0,
      "calories" : 38,
      "trackPoints" : [ {
        "lat" : 43.076271,
        "lon" : 141.33948,
        "time" : "20180424T193733+0900"
      }, {
        "lat" : 43.077536,
        "lon" : 141.33984,
        "time" : "20180424T193823+0900"
      }, {
        "lat" : 43.077914,
        "lon" : 141.3411,
        "time" : "20180424T193857+0900"
      }, {
        "lat" : 43.079241,
        "lon" : 141.34095,
        "time" : "20180424T193952+0900"
      }, {
        "lat" : 43.080365,
        "lon" : 141.34074,
        "time" : "20180424T194029+0900"
      }, {
        "lat" : 43.080744,
        "lon" : 141.3407,
        "time" : "20180424T194052+0900"
      }, {
        "lat" : 43.080995,
        "lon" : 141.34123,
        "time" : "20180424T194108+0900"
      }, {
        "lat" : 43.081029,
        "lon" : 141.34212,
        "time" : "20180424T194149+0900"
      }, {
        "lat" : 43.081082,
        "lon" : 141.34241,
        "time" : "20180424T194217+0900"
      }, {
        "lat" : 43.08107,
        "lon" : 141.34261,
        "time" : "20180424T194252+0900"
      }, {
        "lat" : 43.08107,
        "lon" : 141.34261,
        "time" : "20180424T194317+0900"
      }, {
        "lat" : 43.081433,
        "lon" : 141.3447,
        "time" : "20180424T194354+0900"
      }, {
        "lat" : 43.081931,
        "lon" : 141.34495,
        "time" : "20180424T194424+0900"
      }, {
        "lat" : 43.082503,
        "lon" : 141.34491,
        "time" : "20180424T194446+0900"
      }, {
        "lat" : 43.082991,
        "lon" : 141.34477,
        "time" : "20180424T194506+0900"
      }, {
        "lat" : 43.083526,
        "lon" : 141.34465,
        "time" : "20180424T194525+0900"
      }, {
        "lat" : 43.083921,
        "lon" : 141.34453,
        "time" : "20180424T194548+0900"
      }, {
        "lat" : 43.084369,
        "lon" : 141.34508,
        "time" : "20180424T194652+0900"
      } ]
    } ],
    "lastUpdate" : "20180425T034938Z"
  }, {
    "type" : "place",
    "startTime" : "20180424T194653+0900",
    "endTime" : "20180425T124810+0900",
    "place" : {
      "id" : 174606785,
      "type" : "unknown",
      "location" : {
        "lat" : 43.0842510763,
        "lon" : 141.3447211729
      }
    },
    "activities" : [ {
      "activity" : "walking",
      "group" : "walking",
      "manual" : false,
      "startTime" : "20180424T194653+0900",
      "endTime" : "20180424T194902+0900",
      "duration" : 129.0,
      "distance" : 146.0,
      "steps" : 195,
      "calories" : 8,
      "trackPoints" : [ ]
    } ],
    "lastUpdate" : "20180425T072031Z"
  } ],
  "caloriesIdle" : 1591,
  "lastUpdate" : "20180425T072031Z"
}, {
  "date" : "20180425",
  "summary" : [ {
    "activity" : "walking",
    "group" : "walking",
    "duration" : 339.0,
    "distance" : 259.0,
    "steps" : 345,
    "calories" : 14
  }, {
    "activity" : "cycling",
    "group" : "cycling",
    "duration" : 229.0,
    "distance" : 1024.0,
    "calories" : 25
  } ],
  "segments" : [ {
    "type" : "place",
    "startTime" : "20180424T194653+0900",
    "endTime" : "20180425T124810+0900",
    "place" : {
      "id" : 174606785,
      "type" : "unknown",
      "location" : {
        "lat" : 43.0842510763,
        "lon" : 141.3447211729
      }
    },
    "activities" : [ {
      "activity" : "walking",
      "group" : "walking",
      "manual" : false,
      "startTime" : "20180425T124640+0900",
      "endTime" : "20180425T124809+0900",
      "duration" : 89.0,
      "distance" : 44.0,
      "steps" : 88,
      "calories" : 2,
      "trackPoints" : [ ]
    } ],
    "lastUpdate" : "20180425T072031Z"
  }, {
    "type" : "move",
    "startTime" : "20180425T124810+0900",
    "endTime" : "20180425T125329+0900",
    "activities" : [ {
      "activity" : "walking",
      "group" : "walking",
      "manual" : false,
      "startTime" : "20180425T124810+0900",
      "endTime" : "20180425T124939+0900",
      "duration" : 89.0,
      "distance" : 107.0,
      "steps" : 88,
      "calories" : 6,
      "trackPoints" : [ {
        "lat" : 43.084251,
        "lon" : 141.34472,
        "time" : "20180425T124810+0900"
      }, {
        "lat" : 43.082004,
        "lon" : 141.34491,
        "time" : "20180425T124940+0900"
      } ]
    }, {
      "activity" : "cycling",
      "group" : "cycling",
      "manual" : false,
      "startTime" : "20180425T124940+0900",
      "endTime" : "20180425T125329+0900",
      "duration" : 229.0,
      "distance" : 1024.0,
      "calories" : 25,
      "trackPoints" : [ {
        "lat" : 43.082004,
        "lon" : 141.34491,
        "time" : "20180425T124940+0900"
      }, {
        "lat" : 43.081302,
        "lon" : 141.34456,
        "time" : "20180425T125005+0900"
      }, {
        "lat" : 43.080867,
        "lon" : 141.34228,
        "time" : "20180425T125044+0900"
      }, {
        "lat" : 43.080406,
        "lon" : 141.34158,
        "time" : "20180425T125110+0900"
      }, {
        "lat" : 43.078737,
        "lon" : 141.34101,
        "time" : "20180425T125148+0900"
      }, {
        "lat" : 43.078272,
        "lon" : 141.3409,
        "time" : "20180425T125204+0900"
      }, {
        "lat" : 43.077149,
        "lon" : 141.33958,
        "time" : "20180425T125249+0900"
      }, {
        "lat" : 43.075982,
        "lon" : 141.33887,
        "time" : "20180425T125329+0900"
      } ]
    } ],
    "lastUpdate" : "20180425T072031Z"
  }, {
    "type" : "place",
    "startTime" : "20180425T125329+0900",
    "endTime" : "20180425T212524+0900",
    "place" : {
      "id" : 270822334,
      "type" : "unknown",
      "location" : {
        "lat" : 43.075982,
        "lon" : 141.33887
      }
    },
    "activities" : [ {
      "activity" : "walking",
      "group" : "walking",
      "manual" : false,
      "startTime" : "20180425T125329+0900",
      "endTime" : "20180425T125521+0900",
      "duration" : 112.0,
      "distance" : 84.0,
      "steps" : 169,
      "calories" : 5,
      "trackPoints" : [ ]
    }, {
      "activity" : "walking",
      "group" : "walking",
      "manual" : false,
      "startTime" : "20180425T160056+0900",
      "endTime" : "20180425T160145+0900",
      "duration" : 49.0,
      "distance" : 24.0,
      "steps" : 0,
      "calories" : 1,
      "trackPoints" : [ ]
    } ],
    "lastUpdate" : "20180425T122527Z"
  } ],
  "caloriesIdle" : 1591,
  "lastUpdate" : "20180425T122527Z"
}, {
  "date" : "20180427",
  "summary" : [ {
    "activity" : "cycling",
    "group" : "cycling",
    "duration" : 2254.0,
    "distance" : 7861.0,
    "calories" : 199
  }, {
    "activity" : "walking",
    "group" : "walking",
    "duration" : 4025.0,
    "distance" : 3417.0,
    "steps" : 3802,
    "calories" : 189
  } ],
  "segments" : [ {
    "type" : "move",
    "startTime" : "20180427T102106+0900",
    "endTime" : "20180427T102431+0900",
    "activities" : [ {
      "activity" : "cycling",
      "group" : "cycling",
      "manual" : false,
      "startTime" : "20180427T102106+0900",
      "endTime" : "20180427T102431+0900",
      "duration" : 205.0,
      "distance" : 1085.0,
      "calories" : 26,
      "trackPoints" : [ {
        "lat" : 43.082568,
        "lon" : 141.34491,
        "time" : "20180427T102106+0900"
      }, {
        "lat" : 43.081925,
        "lon" : 141.34522,
        "time" : "20180427T102121+0900"
      }, {
        "lat" : 43.081456,
        "lon" : 141.34496,
        "time" : "20180427T102137+0900"
      }, {
        "lat" : 43.081215,
        "lon" : 141.34354,
        "time" : "20180427T102201+0900"
      }, {
        "lat" : 43.080938,
        "lon" : 141.34167,
        "time" : "20180427T102234+0900"
      }, {
        "lat" : 43.079511,
        "lon" : 141.34079,
        "time" : "20180427T102311+0900"
      }, {
        "lat" : 43.078649,
        "lon" : 141.34097,
        "time" : "20180427T102333+0900"
      }, {
        "lat" : 43.07802,
        "lon" : 141.34029,
        "time" : "20180427T102355+0900"
      }, {
        "lat" : 43.077404,
        "lon" : 141.33971,
        "time" : "20180427T102413+0900"
      }, {
        "lat" : 43.076435,
        "lon" : 141.33918,
        "time" : "20180427T102431+0900"
      } ]
    } ],
    "lastUpdate" : "20180427T031218Z"
  }, {
    "type" : "place",
    "startTime" : "20180427T102431+0900",
    "endTime" : "20180427T120618+0900",
    "place" : {
      "id" : 259240182,
      "type" : "unknown",
      "location" : {
        "lat" : 43.076435,
        "lon" : 141.33918
      }
    },
    "activities" : [ {
      "activity" : "walking",
      "group" : "walking",
      "manual" : false,
      "startTime" : "20180427T102431+0900",
      "endTime" : "20180427T102751+0900",
      "duration" : 200.0,
      "distance" : 225.0,
      "steps" : 300,
      "calories" : 12,
      "trackPoints" : [ ]
    }, {
      "activity" : "walking",
      "group" : "walking",
      "manual" : false,
      "startTime" : "20180427T112917+0900",
      "endTime" : "20180427T113532+0900",
      "duration" : 375.0,
      "distance" : 281.0,
      "steps" : 0,
      "calories" : 16,
      "trackPoints" : [ ]
    }, {
      "activity" : "walking",
      "group" : "walking",
      "manual" : false,
      "startTime" : "20180427T120019+0900",
      "endTime" : "20180427T120617+0900",
      "duration" : 358.0,
      "distance" : 293.0,
      "steps" : 391,
      "calories" : 16,
      "trackPoints" : [ ]
    } ],
    "lastUpdate" : "20180427T043017Z"
  }, {
    "type" : "move",
    "startTime" : "20180427T120618+0900",
    "endTime" : "20180427T121718+0900",
    "activities" : [ {
      "activity" : "walking",
      "group" : "walking",
      "manual" : false,
      "startTime" : "20180427T120618+0900",
      "endTime" : "20180427T121216+0900",
      "duration" : 358.0,
      "distance" : 266.0,
      "steps" : 391,
      "calories" : 15,
      "trackPoints" : [ {
        "lat" : 43.076435,
        "lon" : 141.33918,
        "time" : "20180427T120618+0900"
      }, {
        "lat" : 43.078061,
        "lon" : 141.34097,
        "time" : "20180427T121216+0900"
      } ]
    }, {
      "activity" : "cycling",
      "group" : "cycling",
      "manual" : false,
      "startTime" : "20180427T121217+0900",
      "endTime" : "20180427T121718+0900",
      "duration" : 301.0,
      "distance" : 1102.0,
      "calories" : 28,
      "trackPoints" : [ {
        "lat" : 43.078061,
        "lon" : 141.34097,
        "time" : "20180427T121217+0900"
      }, {
        "lat" : 43.07883,
        "lon" : 141.34105,
        "time" : "20180427T121241+0900"
      }, {
        "lat" : 43.080416,
        "lon" : 141.34122,
        "time" : "20180427T121318+0900"
      }, {
        "lat" : 43.081008,
        "lon" : 141.34234,
        "time" : "20180427T121402+0900"
      }, {
        "lat" : 43.081307,
        "lon" : 141.34436,
        "time" : "20180427T121452+0900"
      }, {
        "lat" : 43.081539,
        "lon" : 141.34523,
        "time" : "20180427T121510+0900"
      }, {
        "lat" : 43.083008,
        "lon" : 141.3448,
        "time" : "20180427T121543+0900"
      }, {
        "lat" : 43.083724,
        "lon" : 141.34477,
        "time" : "20180427T121608+0900"
      }, {
        "lat" : 43.084251,
        "lon" : 141.34497,
        "time" : "20180427T121637+0900"
      }, {
        "lat" : 43.084632,
        "lon" : 141.34517,
        "time" : "20180427T121718+0900"
      } ]
    } ],
    "lastUpdate" : "20180427T043017Z"
  }, {
    "type" : "place",
    "startTime" : "20180427T121718+0900",
    "endTime" : "20180427T132842+0900",
    "place" : {
      "id" : 141435006,
      "type" : "unknown",
      "location" : {
        "lat" : 43.0843685253,
        "lon" : 141.345080654
      }
    },
    "activities" : [ {
      "activity" : "walking",
      "group" : "walking",
      "manual" : false,
      "startTime" : "20180427T121718+0900",
      "endTime" : "20180427T121822+0900",
      "duration" : 64.0,
      "distance" : 48.0,
      "steps" : 96,
      "calories" : 3,
      "trackPoints" : [ ]
    }, {
      "activity" : "walking",
      "group" : "walking",
      "manual" : false,
      "startTime" : "20180427T132725+0900",
      "endTime" : "20180427T132842+0900",
      "duration" : 77.0,
      "distance" : 38.0,
      "steps" : 65,
      "calories" : 2,
      "trackPoints" : [ ]
    } ],
    "lastUpdate" : "20180427T052249Z"
  }, {
    "type" : "move",
    "startTime" : "20180427T132842+0900",
    "endTime" : "20180427T135454+0900",
    "activities" : [ {
      "activity" : "cycling",
      "group" : "cycling",
      "manual" : false,
      "startTime" : "20180427T132842+0900",
      "endTime" : "20180427T134306+0900",
      "duration" : 864.0,
      "distance" : 2901.0,
      "calories" : 74,
      "trackPoints" : [ {
        "lat" : 43.084369,
        "lon" : 141.34508,
        "time" : "20180427T132842+0900"
      }, {
        "lat" : 43.081795,
        "lon" : 141.34493,
        "time" : "20180427T133018+0900"
      }, {
        "lat" : 43.081066,
        "lon" : 141.34509,
        "time" : "20180427T133035+0900"
      }, {
        "lat" : 43.080015,
        "lon" : 141.3455,
        "time" : "20180427T133103+0900"
      }, {
        "lat" : 43.079164,
        "lon" : 141.34564,
        "time" : "20180427T133135+0900"
      }, {
        "lat" : 43.078536,
        "lon" : 141.34589,
        "time" : "20180427T133204+0900"
      }, {
        "lat" : 43.07792,
        "lon" : 141.34604,
        "time" : "20180427T133226+0900"
      }, {
        "lat" : 43.0768,
        "lon" : 141.34614,
        "time" : "20180427T133259+0900"
      }, {
        "lat" : 43.076052,
        "lon" : 141.34643,
        "time" : "20180427T133327+0900"
      }, {
        "lat" : 43.074064,
        "lon" : 141.34693,
        "time" : "20180427T133409+0900"
      }, {
        "lat" : 43.073209,
        "lon" : 141.34719,
        "time" : "20180427T133428+0900"
      }, {
        "lat" : 43.072554,
        "lon" : 141.34745,
        "time" : "20180427T133445+0900"
      }, {
        "lat" : 43.072111,
        "lon" : 141.34756,
        "time" : "20180427T133501+0900"
      }, {
        "lat" : 43.071536,
        "lon" : 141.3477,
        "time" : "20180427T133520+0900"
      }, {
        "lat" : 43.071191,
        "lon" : 141.34767,
        "time" : "20180427T133536+0900"
      }, {
        "lat" : 43.069911,
        "lon" : 141.34813,
        "time" : "20180427T133729+0900"
      }, {
        "lat" : 43.068797,
        "lon" : 141.34819,
        "time" : "20180427T133849+0900"
      }, {
        "lat" : 43.068409,
        "lon" : 141.34853,
        "time" : "20180427T133906+0900"
      }, {
        "lat" : 43.067344,
        "lon" : 141.3488,
        "time" : "20180427T133931+0900"
      }, {
        "lat" : 43.066541,
        "lon" : 141.34905,
        "time" : "20180427T133959+0900"
      }, {
        "lat" : 43.065857,
        "lon" : 141.34916,
        "time" : "20180427T134029+0900"
      }, {
        "lat" : 43.065297,
        "lon" : 141.34975,
        "time" : "20180427T134103+0900"
      }, {
        "lat" : 43.065352,
        "lon" : 141.35061,
        "time" : "20180427T134125+0900"
      }, {
        "lat" : 43.064858,
        "lon" : 141.35086,
        "time" : "20180427T134143+0900"
      }, {
        "lat" : 43.064054,
        "lon" : 141.35095,
        "time" : "20180427T134205+0900"
      }, {
        "lat" : 43.062995,
        "lon" : 141.35137,
        "time" : "20180427T134242+0900"
      }, {
        "lat" : 43.062414,
        "lon" : 141.35151,
        "time" : "20180427T134307+0900"
      } ]
    } ],
    "lastUpdate" : "20180427T052249Z"
  }, {
    "type" : "move",
    "startTime" : "20180427T135454+0900",
    "endTime" : "20180427T140501+0900",
    "activities" : [ {
      "activity" : "walking",
      "group" : "walking",
      "manual" : false,
      "startTime" : "20180427T140324+0900",
      "endTime" : "20180427T140355+0900",
      "duration" : 31.0,
      "distance" : 36.0,
      "steps" : 31,
      "calories" : 2,
      "trackPoints" : [ {
        "lat" : 43.058992,
        "lon" : 141.35372,
        "time" : "20180427T140324+0900"
      }, {
        "lat" : 43.058735,
        "lon" : 141.35389,
        "time" : "20180427T140356+0900"
      } ]
    } ],
    "lastUpdate" : "20180427T070540Z"
  }, {
    "type" : "place",
    "startTime" : "20180427T140502+0900",
    "endTime" : "20180427T140743+0900",
    "place" : {
      "id" : 590077070,
      "type" : "unknown",
      "location" : {
        "lat" : 43.057305,
        "lon" : 141.35409
      }
    },
    "activities" : [ {
      "activity" : "walking",
      "group" : "walking",
      "manual" : false,
      "startTime" : "20180427T140502+0900",
      "endTime" : "20180427T140611+0900",
      "duration" : 69.0,
      "distance" : 52.0,
      "steps" : 104,
      "calories" : 3,
      "trackPoints" : [ ]
    } ],
    "lastUpdate" : "20180427T070540Z"
  }, {
    "type" : "move",
    "startTime" : "20180427T140743+0900",
    "endTime" : "20180427T141717+0900",
    "activities" : [ {
      "activity" : "walking",
      "group" : "walking",
      "manual" : false,
      "startTime" : "20180427T140743+0900",
      "endTime" : "20180427T141716+0900",
      "duration" : 573.0,
      "distance" : 546.0,
      "steps" : 762,
      "calories" : 30,
      "trackPoints" : [ {
        "lat" : 43.057305,
        "lon" : 141.35409,
        "time" : "20180427T140743+0900"
      }, {
        "lat" : 43.057406,
        "lon" : 141.35449,
        "time" : "20180427T140838+0900"
      }, {
        "lat" : 43.057599,
        "lon" : 141.35507,
        "time" : "20180427T140906+0900"
      }, {
        "lat" : 43.057623,
        "lon" : 141.35504,
        "time" : "20180427T140922+0900"
      }, {
        "lat" : 43.057604,
        "lon" : 141.35499,
        "time" : "20180427T140945+0900"
      }, {
        "lat" : 43.057464,
        "lon" : 141.3545,
        "time" : "20180427T141027+0900"
      }, {
        "lat" : 43.057412,
        "lon" : 141.35432,
        "time" : "20180427T141042+0900"
      }, {
        "lat" : 43.057299,
        "lon" : 141.35401,
        "time" : "20180427T141115+0900"
      }, {
        "lat" : 43.057288,
        "lon" : 141.35375,
        "time" : "20180427T141145+0900"
      }, {
        "lat" : 43.05748,
        "lon" : 141.35323,
        "time" : "20180427T141211+0900"
      }, {
        "lat" : 43.057858,
        "lon" : 141.35292,
        "time" : "20180427T141245+0900"
      }, {
        "lat" : 43.057918,
        "lon" : 141.35285,
        "time" : "20180427T141306+0900"
      }, {
        "lat" : 43.057964,
        "lon" : 141.35281,
        "time" : "20180427T141324+0900"
      }, {
        "lat" : 43.058101,
        "lon" : 141.35279,
        "time" : "20180427T141342+0900"
      }, {
        "lat" : 43.05843,
        "lon" : 141.35261,
        "time" : "20180427T141422+0900"
      }, {
        "lat" : 43.058724,
        "lon" : 141.35255,
        "time" : "20180427T141455+0900"
      }, {
        "lat" : 43.058901,
        "lon" : 141.35263,
        "time" : "20180427T141513+0900"
      }, {
        "lat" : 43.059003,
        "lon" : 141.35313,
        "time" : "20180427T141535+0900"
      }, {
        "lat" : 43.059088,
        "lon" : 141.35311,
        "time" : "20180427T141622+0900"
      }, {
        "lat" : 43.059072,
        "lon" : 141.35311,
        "time" : "20180427T141639+0900"
      }, {
        "lat" : 43.05901,
        "lon" : 141.35313,
        "time" : "20180427T141655+0900"
      }, {
        "lat" : 43.058803,
        "lon" : 141.3529,
        "time" : "20180427T141717+0900"
      } ]
    } ],
    "lastUpdate" : "20180427T070540Z"
  }, {
    "type" : "place",
    "startTime" : "20180427T141717+0900",
    "endTime" : "20180427T152347+0900",
    "place" : {
      "id" : 154598890,
      "type" : "unknown",
      "location" : {
        "lat" : 43.0588032813,
        "lon" : 141.3529041006
      }
    },
    "activities" : [ {
      "activity" : "walking",
      "group" : "walking",
      "manual" : false,
      "startTime" : "20180427T141717+0900",
      "endTime" : "20180427T141809+0900",
      "duration" : 52.0,
      "distance" : 39.0,
      "steps" : 78,
      "calories" : 2,
      "trackPoints" : [ ]
    }, {
      "activity" : "walking",
      "group" : "walking",
      "manual" : false,
      "startTime" : "20180427T150151+0900",
      "endTime" : "20180427T151922+0900",
      "duration" : 1051.0,
      "distance" : 788.0,
      "steps" : 394,
      "calories" : 44,
      "trackPoints" : [ ]
    } ],
    "lastUpdate" : "20180427T070540Z"
  }, {
    "type" : "move",
    "startTime" : "20180427T152347+0900",
    "endTime" : "20180427T152935+0900",
    "activities" : [ {
      "activity" : "walking",
      "group" : "walking",
      "manual" : false,
      "startTime" : "20180427T152347+0900",
      "endTime" : "20180427T152934+0900",
      "duration" : 347.0,
      "distance" : 307.0,
      "steps" : 536,
      "calories" : 17,
      "trackPoints" : [ {
        "lat" : 43.058803,
        "lon" : 141.3529,
        "time" : "20180427T152347+0900"
      }, {
        "lat" : 43.057364,
        "lon" : 141.35449,
        "time" : "20180427T152811+0900"
      }, {
        "lat" : 43.057379,
        "lon" : 141.35469,
        "time" : "20180427T152827+0900"
      }, {
        "lat" : 43.057426,
        "lon" : 141.3548,
        "time" : "20180427T152853+0900"
      }, {
        "lat" : 43.057456,
        "lon" : 141.35483,
        "time" : "20180427T152910+0900"
      }, {
        "lat" : 43.057492,
        "lon" : 141.35487,
        "time" : "20180427T152935+0900"
      }, {
        "lat" : 43.05749,
        "lon" : 141.3545,
        "time" : "20180427T152935+0900"
      } ]
    } ],
    "lastUpdate" : "20180427T070540Z"
  }, {
    "type" : "place",
    "startTime" : "20180427T152935+0900",
    "endTime" : "20180427T155114+0900",
    "place" : {
      "id" : 394287586,
      "type" : "unknown",
      "location" : {
        "lat" : 43.05749,
        "lon" : 141.3545
      }
    },
    "activities" : [ {
      "activity" : "walking",
      "group" : "walking",
      "manual" : false,
      "startTime" : "20180427T153005+0900",
      "endTime" : "20180427T153211+0900",
      "duration" : 126.0,
      "distance" : 142.0,
      "steps" : 190,
      "calories" : 8,
      "trackPoints" : [ ]
    } ],
    "lastUpdate" : "20180427T104450Z"
  }, {
    "type" : "move",
    "startTime" : "20180427T155114+0900",
    "endTime" : "20180427T161558+0900",
    "activities" : [ {
      "activity" : "walking",
      "group" : "walking",
      "manual" : false,
      "startTime" : "20180427T155114+0900",
      "endTime" : "20180427T155241+0900",
      "duration" : 87.0,
      "distance" : 105.0,
      "steps" : 80,
      "calories" : 6,
      "trackPoints" : [ {
        "lat" : 43.05749,
        "lon" : 141.3545,
        "time" : "20180427T155114+0900"
      }, {
        "lat" : 43.060055,
        "lon" : 141.35386,
        "time" : "20180427T155241+0900"
      } ]
    }, {
      "activity" : "cycling",
      "group" : "cycling",
      "manual" : false,
      "startTime" : "20180427T155242+0900",
      "endTime" : "20180427T160426+0900",
      "duration" : 704.0,
      "distance" : 1832.0,
      "calories" : 48,
      "trackPoints" : [ {
        "lat" : 43.060055,
        "lon" : 141.35386,
        "time" : "20180427T155242+0900"
      }, {
        "lat" : 43.060159,
        "lon" : 141.35263,
        "time" : "20180427T155312+0900"
      }, {
        "lat" : 43.060676,
        "lon" : 141.35206,
        "time" : "20180427T155331+0900"
      }, {
        "lat" : 43.061014,
        "lon" : 141.35206,
        "time" : "20180427T155347+0900"
      }, {
        "lat" : 43.061235,
        "lon" : 141.35205,
        "time" : "20180427T155413+0900"
      }, {
        "lat" : 43.061754,
        "lon" : 141.35155,
        "time" : "20180427T155438+0900"
      }, {
        "lat" : 43.061869,
        "lon" : 141.35078,
        "time" : "20180427T155456+0900"
      }, {
        "lat" : 43.062062,
        "lon" : 141.35039,
        "time" : "20180427T155529+0900"
      }, {
        "lat" : 43.063084,
        "lon" : 141.34996,
        "time" : "20180427T155557+0900"
      }, {
        "lat" : 43.063749,
        "lon" : 141.34978,
        "time" : "20180427T155626+0900"
      }, {
        "lat" : 43.064578,
        "lon" : 141.34962,
        "time" : "20180427T155648+0900"
      }, {
        "lat" : 43.06535,
        "lon" : 141.34914,
        "time" : "20180427T155745+0900"
      }, {
        "lat" : 43.066152,
        "lon" : 141.34902,
        "time" : "20180427T155818+0900"
      }, {
        "lat" : 43.066382,
        "lon" : 141.34893,
        "time" : "20180427T155842+0900"
      }, {
        "lat" : 43.066501,
        "lon" : 141.34899,
        "time" : "20180427T155911+0900"
      }, {
        "lat" : 43.068217,
        "lon" : 141.34842,
        "time" : "20180427T155959+0900"
      }, {
        "lat" : 43.068218,
        "lon" : 141.34842,
        "time" : "20180427T160000+0900"
      }, {
        "lat" : 43.068286,
        "lon" : 141.3484,
        "time" : "20180427T160001+0900"
      }, {
        "lat" : 43.068286,
        "lon" : 141.3484,
        "time" : "20180427T160025+0900"
      }, {
        "lat" : 43.068723,
        "lon" : 141.34793,
        "time" : "20180427T160053+0900"
      }, {
        "lat" : 43.068675,
        "lon" : 141.34728,
        "time" : "20180427T160111+0900"
      }, {
        "lat" : 43.068661,
        "lon" : 141.34695,
        "time" : "20180427T160150+0900"
      }, {
        "lat" : 43.06894,
        "lon" : 141.3469,
        "time" : "20180427T160231+0900"
      }, {
        "lat" : 43.069659,
        "lon" : 141.34629,
        "time" : "20180427T160300+0900"
      }, {
        "lat" : 43.069487,
        "lon" : 141.34483,
        "time" : "20180427T160336+0900"
      }, {
        "lat" : 43.069513,
        "lon" : 141.34435,
        "time" : "20180427T160354+0900"
      }, {
        "lat" : 43.070089,
        "lon" : 141.3439,
        "time" : "20180427T160426+0900"
      } ]
    }, {
      "activity" : "cycling",
      "group" : "cycling",
      "manual" : false,
      "startTime" : "20180427T161258+0900",
      "endTime" : "20180427T161558+0900",
      "duration" : 180.0,
      "distance" : 941.0,
      "calories" : 23,
      "trackPoints" : [ {
        "lat" : 43.07103,
        "lon" : 141.34327,
        "time" : "20180427T161258+0900"
      }, {
        "lat" : 43.071485,
        "lon" : 141.34296,
        "time" : "20180427T161319+0900"
      }, {
        "lat" : 43.073855,
        "lon" : 141.3423,
        "time" : "20180427T161359+0900"
      }, {
        "lat" : 43.075136,
        "lon" : 141.34239,
        "time" : "20180427T161427+0900"
      }, {
        "lat" : 43.075205,
        "lon" : 141.34098,
        "time" : "20180427T161453+0900"
      }, {
        "lat" : 43.075687,
        "lon" : 141.33887,
        "time" : "20180427T161536+0900"
      }, {
        "lat" : 43.076265,
        "lon" : 141.33885,
        "time" : "20180427T161558+0900"
      } ]
    } ],
    "lastUpdate" : "20180427T104450Z"
  }, {
    "type" : "place",
    "startTime" : "20180427T161559+0900",
    "endTime" : "20180427T194450+0900",
    "place" : {
      "id" : 362494857,
      "type" : "unknown",
      "location" : {
        "lat" : 43.076265,
        "lon" : 141.33885
      }
    },
    "activities" : [ {
      "activity" : "walking",
      "group" : "walking",
      "manual" : false,
      "startTime" : "20180427T161559+0900",
      "endTime" : "20180427T161736+0900",
      "duration" : 97.0,
      "distance" : 73.0,
      "steps" : 146,
      "calories" : 4,
      "trackPoints" : [ ]
    }, {
      "activity" : "walking",
      "group" : "walking",
      "manual" : false,
      "startTime" : "20180427T180608+0900",
      "endTime" : "20180427T180848+0900",
      "duration" : 160.0,
      "distance" : 178.0,
      "steps" : 238,
      "calories" : 10,
      "trackPoints" : [ ]
    } ],
    "lastUpdate" : "20180427T104453Z"
  } ],
  "caloriesIdle" : 1591,
  "lastUpdate" : "20180427T104453Z"
} ]