[ {
  "date" : "20150622",
  "summary" : null,
  "segments" : [ {
    "type" : "place",
    "startTime" : "20150621T224337+0900",
    "endTime" : "20150623T075716+0900",
    "place" : {
      "id" : 152143834,
      "type" : "unknown",
      "location" : {
        "lat" : 43.0846321394,
        "lon" : 141.3451669726
      }
    },
    "lastUpdate" : "20150623T003237Z"
  } ],
  "caloriesIdle" : 1706,
  "lastUpdate" : "20150623T003237Z"
}, {
  "date" : "20150623",
  "summary" : [ {
    "activity" : "walking",
    "group" : "walking",
    "duration" : 2188.0,
    "distance" : 2610.0,
    "steps" : 3488,
    "calories" : 155
  }, {
    "activity" : "transport",
    "group" : "transport",
    "duration" : 273.0,
    "distance" : 923.0
  }, {
    "activity" : "cycling",
    "group" : "cycling",
    "duration" : 1221.0,
    "distance" : 3535.0,
    "calories" : 98
  } ],
  "segments" : [ {
    "type" : "place",
    "startTime" : "20150621T224337+0900",
    "endTime" : "20150623T075716+0900",
    "place" : {
      "id" : 152143834,
      "type" : "unknown",
      "location" : {
        "lat" : 43.0846321394,
        "lon" : 141.3451669726
      }
    },
    "lastUpdate" : "20150623T003237Z"
  }, {
    "type" : "move",
    "startTime" : "20150623T075716+0900",
    "endTime" : "20150623T080436+0900",
    "activities" : [ {
      "activity" : "transport",
      "group" : "transport",
      "manual" : false,
      "startTime" : "20150623T075716+0900",
      "endTime" : "20150623T080149+0900",
      "duration" : 273.0,
      "distance" : 923.0,
      "trackPoints" : [ {
        "lat" : 43.0846321394,
        "lon" : 141.3451669726,
        "time" : "20150623T075716+0900"
      }, {
        "lat" : 43.0809425406,
        "lon" : 141.3429299143,
        "time" : "20150623T075942+0900"
      }, {
        "lat" : 43.0810371684,
        "lon" : 141.3430056533,
        "time" : "20150623T075959+0900"
      }, {
        "lat" : 43.0810372215,
        "lon" : 141.3430056958,
        "time" : "20150623T080000+0900"
      }, {
        "lat" : 43.0810492831,
        "lon" : 141.3430153497,
        "time" : "20150623T080002+0900"
      }, {
        "lat" : 43.0809090024,
        "lon" : 141.3421362516,
        "time" : "20150623T080026+0900"
      }, {
        "lat" : 43.080659452,
        "lon" : 141.3414738598,
        "time" : "20150623T080044+0900"
      }, {
        "lat" : 43.0797834157,
        "lon" : 141.3406424428,
        "time" : "20150623T080109+0900"
      }, {
        "lat" : 43.0789971916,
        "lon" : 141.3408187781,
        "time" : "20150623T080130+0900"
      }, {
        "lat" : 43.0787224791,
        "lon" : 141.3406160724,
        "time" : "20150623T080148+0900"
      } ]
    }, {
      "activity" : "walking",
      "group" : "walking",
      "manual" : false,
      "startTime" : "20150623T080148+0900",
      "endTime" : "20150623T080435+0900",
      "duration" : 167.0,
      "distance" : 190.0,
      "steps" : 208,
      "calories" : 11,
      "trackPoints" : [ {
        "lat" : 43.0787224791,
        "lon" : 141.3406160724,
        "time" : "20150623T080148+0900"
      }, {
        "lat" : 43.0786962724,
        "lon" : 141.3404622523,
        "time" : "20150623T080211+0900"
      }, {
        "lat" : 43.0785507641,
        "lon" : 141.3402531327,
        "time" : "20150623T080238+0900"
      }, {
        "lat" : 43.0784415697,
        "lon" : 141.3401913344,
        "time" : "20150623T080328+0900"
      }, {
        "lat" : 43.0784429557,
        "lon" : 141.3402107273,
        "time" : "20150623T080400+0900"
      }, {
        "lat" : 43.0794932905,
        "lon" : 141.3403872229,
        "time" : "20150623T080436+0900"
      } ]
    } ],
    "lastUpdate" : "20150623T003237Z"
  }, {
    "type" : "place",
    "startTime" : "20150623T080436+0900",
    "endTime" : "20150623T120456+0900",
    "place" : {
      "id" : 141367537,
      "type" : "unknown",
      "location" : {
        "lat" : 43.0794932905,
        "lon" : 141.3403872229
      }
    },
    "activities" : [ {
      "activity" : "walking",
      "group" : "walking",
      "manual" : false,
      "startTime" : "20150623T082155+0900",
      "endTime" : "20150623T082925+0900",
      "duration" : 450.0,
      "distance" : 518.0,
      "steps" : 691,
      "calories" : 31,
      "trackPoints" : [ ]
    }, {
      "activity" : "walking",
      "group" : "walking",
      "manual" : false,
      "startTime" : "20150623T100459+0900",
      "endTime" : "20150623T100733+0900",
      "duration" : 154.0,
      "distance" : 173.0,
      "steps" : 231,
      "calories" : 10,
      "trackPoints" : [ ]
    }, {
      "activity" : "walking",
      "group" : "walking",
      "manual" : false,
      "startTime" : "20150623T110000+0900",
      "endTime" : "20150623T110029+0900",
      "duration" : 29.0,
      "distance" : 15.0,
      "steps" : 30,
      "calories" : 1,
      "trackPoints" : [ ]
    }, {
      "activity" : "walking",
      "group" : "walking",
      "manual" : false,
      "startTime" : "20150623T120152+0900",
      "endTime" : "20150623T120721+0900",
      "duration" : 329.0,
      "distance" : 473.0,
      "steps" : 631,
      "calories" : 28,
      "trackPoints" : [ ]
    } ],
    "lastUpdate" : "20150623T081825Z"
  }, {
    "type" : "move",
    "startTime" : "20150623T120456+0900",
    "endTime" : "20150623T143842+0900",
    "activities" : [ {
      "activity" : "cycling",
      "group" : "cycling",
      "manual" : false,
      "startTime" : "20150623T120456+0900",
      "endTime" : "20150623T120911+0900",
      "duration" : 255.0,
      "distance" : 620.0,
      "calories" : 18,
      "trackPoints" : [ {
        "lat" : 43.0794932905,
        "lon" : 141.3403872229,
        "time" : "20150623T120456+0900"
      }, {
        "lat" : 43.0806139205,
        "lon" : 141.3407399979,
        "time" : "20150623T120614+0900"
      }, {
        "lat" : 43.0810945082,
        "lon" : 141.3413500349,
        "time" : "20150623T120629+0900"
      }, {
        "lat" : 43.0812767425,
        "lon" : 141.3430737716,
        "time" : "20150623T120658+0900"
      }, {
        "lat" : 43.0814918132,
        "lon" : 141.3450826782,
        "time" : "20150623T120731+0900"
      }, {
        "lat" : 43.0818643763,
        "lon" : 141.3450392409,
        "time" : "20150623T120910+0900"
      } ]
    }, {
      "activity" : "cycling",
      "group" : "cycling",
      "manual" : false,
      "startTime" : "20150623T143540+0900",
      "endTime" : "20150623T143842+0900",
      "duration" : 182.0,
      "distance" : 742.0,
      "calories" : 20,
      "trackPoints" : [ {
        "lat" : 43.0835869315,
        "lon" : 141.3445018152,
        "time" : "20150623T143540+0900"
      }, {
        "lat" : 43.0831263261,
        "lon" : 141.3448629395,
        "time" : "20150623T143556+0900"
      }, {
        "lat" : 43.0826624134,
        "lon" : 141.3448511998,
        "time" : "20150623T143633+0900"
      }, {
        "lat" : 43.0795753946,
        "lon" : 141.3396776382,
        "time" : "20150623T143842+0900"
      } ]
    } ],
    "lastUpdate" : "20150623T081825Z"
  }, {
    "type" : "place",
    "startTime" : "20150623T143843+0900",
    "endTime" : "20150623T162541+0900",
    "place" : {
      "id" : 141367537,
      "type" : "unknown",
      "location" : {
        "lat" : 43.0794932905,
        "lon" : 141.3403872229
      }
    },
    "activities" : [ {
      "activity" : "walking",
      "group" : "walking",
      "manual" : false,
      "startTime" : "20150623T143910+0900",
      "endTime" : "20150623T144210+0900",
      "duration" : 180.0,
      "distance" : 267.0,
      "steps" : 356,
      "calories" : 16,
      "trackPoints" : [ ]
    }, {
      "activity" : "walking",
      "group" : "walking",
      "manual" : false,
      "startTime" : "20150623T160209+0900",
      "endTime" : "20150623T160825+0900",
      "duration" : 376.0,
      "distance" : 387.0,
      "steps" : 516,
      "calories" : 23,
      "trackPoints" : [ ]
    } ],
    "lastUpdate" : "20150623T081827Z"
  }, {
    "type" : "move",
    "startTime" : "20150623T162541+0900",
    "endTime" : "20150623T162919+0900",
    "activities" : [ {
      "activity" : "cycling",
      "group" : "cycling",
      "manual" : false,
      "startTime" : "20150623T162541+0900",
      "endTime" : "20150623T162919+0900",
      "duration" : 218.0,
      "distance" : 754.0,
      "calories" : 20,
      "trackPoints" : [ {
        "lat" : 43.0794932905,
        "lon" : 141.3403872229,
        "time" : "20150623T162541+0900"
      }, {
        "lat" : 43.0805408232,
        "lon" : 141.341150695,
        "time" : "20150623T162607+0900"
      }, {
        "lat" : 43.0830266884,
        "lon" : 141.3441674507,
        "time" : "20150623T162817+0900"
      }, {
        "lat" : 43.083507431,
        "lon" : 141.3449227237,
        "time" : "20150623T162901+0900"
      }, {
        "lat" : 43.0842510763,
        "lon" : 141.3447211729,
        "time" : "20150623T162919+0900"
      } ]
    } ],
    "lastUpdate" : "20150623T081827Z"
  }, {
    "type" : "place",
    "startTime" : "20150623T162919+0900",
    "endTime" : "20150623T231807+0900",
    "place" : {
      "id" : 174606785,
      "type" : "unknown",
      "location" : {
        "lat" : 43.0842510763,
        "lon" : 141.3447211729
      }
    },
    "activities" : [ {
      "activity" : "walking",
      "group" : "walking",
      "manual" : false,
      "startTime" : "20150623T162947+0900",
      "endTime" : "20150623T163117+0900",
      "duration" : 90.0,
      "distance" : 66.0,
      "steps" : 131,
      "calories" : 4,
      "trackPoints" : [ ]
    } ],
    "lastUpdate" : "20150623T173443Z"
  }, {
    "type" : "move",
    "startTime" : "20150623T231807+0900",
    "endTime" : "20150623T232543+0900",
    "activities" : [ {
      "activity" : "cycling",
      "group" : "cycling",
      "manual" : false,
      "startTime" : "20150623T231807+0900",
      "endTime" : "20150623T232544+0900",
      "duration" : 457.0,
      "distance" : 1196.0,
      "calories" : 34,
      "trackPoints" : [ {
        "lat" : 43.0842510763,
        "lon" : 141.3447211729,
        "time" : "20150623T231807+0900"
      }, {
        "lat" : 43.0874070519,
        "lon" : 141.3437324328,
        "time" : "20150623T232159+0900"
      }, {
        "lat" : 43.0877552579,
        "lon" : 141.3435167425,
        "time" : "20150623T232215+0900"
      }, {
        "lat" : 43.0884444241,
        "lon" : 141.3432354603,
        "time" : "20150623T232236+0900"
      }, {
        "lat" : 43.0894927489,
        "lon" : 141.3364545648,
        "time" : "20150623T232543+0900"
      } ]
    } ],
    "lastUpdate" : "20150623T173443Z"
  }, {
    "type" : "place",
    "startTime" : "20150623T232543+0900",
    "endTime" : "20150623T235810+0900",
    "place" : {
      "id" : 174753796,
      "type" : "unknown",
      "location" : {
        "lat" : 43.0894927489,
        "lon" : 141.3364545648
      }
    },
    "activities" : [ {
      "activity" : "walking",
      "group" : "walking",
      "manual" : false,
      "startTime" : "20150623T232543+0900",
      "endTime" : "20150623T233236+0900",
      "duration" : 413.0,
      "distance" : 521.0,
      "steps" : 694,
      "calories" : 31,
      "trackPoints" : [ ]
    } ],
    "lastUpdate" : "20150623T173443Z"
  }, {
    "type" : "move",
    "startTime" : "20150623T235810+0900",
    "endTime" : "20150624T000542+0900",
    "activities" : [ {
      "activity" : "cycling",
      "group" : "cycling",
      "manual" : false,
      "startTime" : "20150623T235810+0900",
      "endTime" : "20150623T235959+0900",
      "duration" : 109.0,
      "distance" : 223.0,
      "calories" : 6,
      "trackPoints" : [ {
        "lat" : 43.0894927489,
        "lon" : 141.3364545648,
        "time" : "20150623T235810+0900"
      }, {
        "lat" : 43.0896405892,
        "lon" : 141.3388329431,
        "time" : "20150623T235959+0900"
      } ]
    } ],
    "lastUpdate" : "20150623T173443Z"
  } ],
  "caloriesIdle" : 1706,
  "lastUpdate" : "20150623T173443Z"
}, {
  "date" : "20150624",
  "summary" : [ {
    "activity" : "cycling",
    "group" : "cycling",
    "duration" : 1385.0,
    "distance" : 4275.0,
    "calories" : 118
  }, {
    "activity" : "walking",
    "group" : "walking",
    "duration" : 1842.0,
    "distance" : 2286.0,
    "steps" : 2801,
    "calories" : 135
  } ],
  "segments" : [ {
    "type" : "move",
    "startTime" : "20150623T235810+0900",
    "endTime" : "20150624T000542+0900",
    "activities" : [ {
      "activity" : "cycling",
      "group" : "cycling",
      "manual" : false,
      "startTime" : "20150624T000000+0900",
      "endTime" : "20150624T000542+0900",
      "duration" : 342.0,
      "distance" : 850.0,
      "calories" : 24,
      "trackPoints" : [ {
        "lat" : 43.0896406027,
        "lon" : 141.338833161,
        "time" : "20150624T000000+0900"
      }, {
        "lat" : 43.0897920771,
        "lon" : 141.341270003,
        "time" : "20150624T000151+0900"
      }, {
        "lat" : 43.0899762069,
        "lon" : 141.3416219219,
        "time" : "20150624T000212+0900"
      }, {
        "lat" : 43.0857779944,
        "lon" : 141.3441466132,
        "time" : "20150624T000542+0900"
      } ]
    } ],
    "lastUpdate" : "20150623T173443Z"
  }, {
    "type" : "place",
    "startTime" : "20150624T000542+0900",
    "endTime" : "20150624T081431+0900",
    "place" : {
      "id" : 174753804,
      "type" : "unknown",
      "location" : {
        "lat" : 43.0854629235,
        "lon" : 141.3442109985
      }
    },
    "lastUpdate" : "20150624T024537Z"
  }, {
    "type" : "move",
    "startTime" : "20150624T081431+0900",
    "endTime" : "20150624T081955+0900",
    "activities" : [ {
      "activity" : "cycling",
      "group" : "cycling",
      "manual" : false,
      "startTime" : "20150624T081431+0900",
      "endTime" : "20150624T081956+0900",
      "duration" : 325.0,
      "distance" : 499.0,
      "calories" : 15,
      "trackPoints" : [ {
        "lat" : 43.0854629235,
        "lon" : 141.3442109985,
        "time" : "20150624T081431+0900"
      }, {
        "lat" : 43.0816460692,
        "lon" : 141.3453202778,
        "time" : "20150624T081955+0900"
      } ]
    } ],
    "lastUpdate" : "20150624T024537Z"
  }, {
    "type" : "place",
    "startTime" : "20150624T081956+0900",
    "endTime" : "20150624T083815+0900",
    "place" : {
      "id" : 147572987,
      "type" : "unknown",
      "location" : {
        "lat" : 43.0816460692,
        "lon" : 141.3453202778
      }
    },
    "activities" : [ {
      "activity" : "walking",
      "group" : "walking",
      "manual" : false,
      "startTime" : "20150624T083801+0900",
      "endTime" : "20150624T083836+0900",
      "duration" : 35.0,
      "distance" : 18.0,
      "steps" : 35,
      "calories" : 1,
      "trackPoints" : [ ]
    } ],
    "lastUpdate" : "20150624T024537Z"
  }, {
    "type" : "move",
    "startTime" : "20150624T083815+0900",
    "endTime" : "20150624T084053+0900",
    "activities" : [ {
      "activity" : "cycling",
      "group" : "cycling",
      "manual" : false,
      "startTime" : "20150624T083815+0900",
      "endTime" : "20150624T084054+0900",
      "duration" : 159.0,
      "distance" : 251.0,
      "calories" : 8,
      "trackPoints" : [ {
        "lat" : 43.0816460692,
        "lon" : 141.3453202778,
        "time" : "20150624T083815+0900"
      }, {
        "lat" : 43.0814629915,
        "lon" : 141.3450597452,
        "time" : "20150624T083845+0900"
      }, {
        "lat" : 43.0813963256,
        "lon" : 141.3444769767,
        "time" : "20150624T084004+0900"
      }, {
        "lat" : 43.0812239937,
        "lon" : 141.3434727378,
        "time" : "20150624T084020+0900"
      }, {
        "lat" : 43.0811721168,
        "lon" : 141.3426363846,
        "time" : "20150624T084053+0900"
      } ]
    } ],
    "lastUpdate" : "20150624T024537Z"
  }, {
    "type" : "move",
    "startTime" : "20150624T084053+0900",
    "endTime" : "20150624T084345+0900",
    "activities" : [ {
      "activity" : "walking",
      "group" : "walking",
      "manual" : false,
      "startTime" : "20150624T084053+0900",
      "endTime" : "20150624T084345+0900",
      "duration" : 172.0,
      "distance" : 328.0,
      "steps" : 240,
      "calories" : 19,
      "trackPoints" : [ {
        "lat" : 43.0810781021,
        "lon" : 141.3425960858,
        "time" : "20150624T084053+0900"
      }, {
        "lat" : 43.0807358763,
        "lon" : 141.3420639166,
        "time" : "20150624T084146+0900"
      }, {
        "lat" : 43.080301515,
        "lon" : 141.3414017161,
        "time" : "20150624T084308+0900"
      }, {
        "lat" : 43.0792161623,
        "lon" : 141.3401961054,
        "time" : "20150624T084345+0900"
      } ]
    } ],
    "lastUpdate" : "20150624T024539Z"
  }, {
    "type" : "place",
    "startTime" : "20150624T084345+0900",
    "endTime" : "20150624T115814+0900",
    "place" : {
      "id" : 153575117,
      "type" : "unknown",
      "location" : {
        "lat" : 43.0789480864,
        "lon" : 141.3402874001
      }
    },
    "activities" : [ {
      "activity" : "walking",
      "group" : "walking",
      "manual" : false,
      "startTime" : "20150624T091845+0900",
      "endTime" : "20150624T091945+0900",
      "duration" : 60.0,
      "distance" : 61.0,
      "steps" : 122,
      "calories" : 4,
      "trackPoints" : [ ]
    }, {
      "activity" : "walking",
      "group" : "walking",
      "manual" : false,
      "startTime" : "20150624T100808+0900",
      "endTime" : "20150624T101638+0900",
      "duration" : 510.0,
      "distance" : 647.0,
      "steps" : 863,
      "calories" : 38,
      "trackPoints" : [ ]
    }, {
      "activity" : "walking",
      "group" : "walking",
      "manual" : false,
      "startTime" : "20150624T115605+0900",
      "endTime" : "20150624T120046+0900",
      "duration" : 281.0,
      "distance" : 218.0,
      "steps" : 308,
      "calories" : 13,
      "trackPoints" : [ ]
    } ],
    "lastUpdate" : "20150624T055414Z"
  }, {
    "type" : "move",
    "startTime" : "20150624T115815+0900",
    "endTime" : "20150624T120029+0900",
    "activities" : [ {
      "activity" : "walking",
      "group" : "walking",
      "manual" : false,
      "startTime" : "20150624T115815+0900",
      "endTime" : "20150624T120030+0900",
      "duration" : 135.0,
      "distance" : 260.0,
      "steps" : 217,
      "calories" : 15,
      "trackPoints" : [ {
        "lat" : 43.0789480864,
        "lon" : 141.3402874001,
        "time" : "20150624T115815+0900"
      }, {
        "lat" : 43.0797664132,
        "lon" : 141.3405896968,
        "time" : "20150624T115930+0900"
      }, {
        "lat" : 43.080383701,
        "lon" : 141.341318881,
        "time" : "20150624T115959+0900"
      }, {
        "lat" : 43.0803839124,
        "lon" : 141.3413191308,
        "time" : "20150624T120000+0900"
      }, {
        "lat" : 43.0810179129,
        "lon" : 141.3420680573,
        "time" : "20150624T120029+0900"
      } ]
    } ],
    "lastUpdate" : "20150624T055414Z"
  }, {
    "type" : "place",
    "startTime" : "20150624T120030+0900",
    "endTime" : "20150624T142056+0900",
    "place" : {
      "id" : 159077517,
      "type" : "unknown",
      "location" : {
        "lat" : 43.0811721168,
        "lon" : 141.3426363846
      }
    },
    "activities" : [ {
      "activity" : "walking",
      "group" : "walking",
      "manual" : false,
      "startTime" : "20150624T120424+0900",
      "endTime" : "20150624T120554+0900",
      "duration" : 90.0,
      "distance" : 71.0,
      "steps" : 142,
      "calories" : 4,
      "trackPoints" : [ ]
    } ],
    "lastUpdate" : "20150624T085549Z"
  }, {
    "type" : "place",
    "startTime" : "20150624T142057+0900",
    "endTime" : "20150624T161705+0900",
    "place" : {
      "id" : 150878933,
      "type" : "unknown",
      "location" : {
        "lat" : 43.0798974576,
        "lon" : 141.3401985712
      }
    },
    "activities" : [ {
      "activity" : "walking",
      "group" : "walking",
      "manual" : false,
      "startTime" : "20150624T142645+0900",
      "endTime" : "20150624T142915+0900",
      "duration" : 150.0,
      "distance" : 175.0,
      "steps" : 233,
      "calories" : 10,
      "trackPoints" : [ ]
    }, {
      "activity" : "walking",
      "group" : "walking",
      "manual" : false,
      "startTime" : "20150624T161416+0900",
      "endTime" : "20150624T161718+0900",
      "duration" : 182.0,
      "distance" : 177.0,
      "steps" : 236,
      "calories" : 10,
      "trackPoints" : [ ]
    } ],
    "lastUpdate" : "20150624T085549Z"
  }, {
    "type" : "move",
    "startTime" : "20150624T161705+0900",
    "endTime" : "20150624T162122+0900",
    "activities" : [ {
      "activity" : "walking",
      "group" : "walking",
      "manual" : false,
      "startTime" : "20150624T161705+0900",
      "endTime" : "20150624T161752+0900",
      "duration" : 47.0,
      "distance" : 87.0,
      "steps" : 80,
      "calories" : 5,
      "trackPoints" : [ {
        "lat" : 43.0798974576,
        "lon" : 141.3401985712,
        "time" : "20150624T161705+0900"
      }, {
        "lat" : 43.0792207323,
        "lon" : 141.3402167978,
        "time" : "20150624T161752+0900"
      } ]
    }, {
      "activity" : "cycling",
      "group" : "cycling",
      "manual" : false,
      "startTime" : "20150624T161752+0900",
      "endTime" : "20150624T162121+0900",
      "duration" : 209.0,
      "distance" : 1203.0,
      "calories" : 31,
      "trackPoints" : [ {
        "lat" : 43.0792207323,
        "lon" : 141.3402167978,
        "time" : "20150624T161752+0900"
      }, {
        "lat" : 43.0721520806,
        "lon" : 141.3429780619,
        "time" : "20150624T162043+0900"
      }, {
        "lat" : 43.0713894424,
        "lon" : 141.343124458,
        "time" : "20150624T162059+0900"
      }, {
        "lat" : 43.0698576843,
        "lon" : 141.3437207813,
        "time" : "20150624T162122+0900"
      } ]
    } ],
    "lastUpdate" : "20150624T085549Z"
  }, {
    "type" : "place",
    "startTime" : "20150624T162122+0900",
    "endTime" : "20150624T163955+0900",
    "place" : {
      "id" : 146720426,
      "type" : "unknown",
      "location" : {
        "lat" : 43.0698576843,
        "lon" : 141.3437207813
      }
    },
    "activities" : [ {
      "activity" : "walking",
      "group" : "walking",
      "manual" : false,
      "startTime" : "20150624T162147+0900",
      "endTime" : "20150624T162447+0900",
      "duration" : 180.0,
      "distance" : 244.0,
      "steps" : 325,
      "calories" : 14,
      "trackPoints" : [ ]
    } ],
    "lastUpdate" : "20150624T085549Z"
  }, {
    "type" : "move",
    "startTime" : "20150624T163955+0900",
    "endTime" : "20150624T164545+0900",
    "activities" : [ {
      "activity" : "cycling",
      "group" : "cycling",
      "manual" : false,
      "startTime" : "20150624T163955+0900",
      "endTime" : "20150624T164545+0900",
      "duration" : 350.0,
      "distance" : 1472.0,
      "calories" : 39,
      "trackPoints" : [ {
        "lat" : 43.0698576843,
        "lon" : 141.3437207813,
        "time" : "20150624T163955+0900"
      }, {
        "lat" : 43.0721657421,
        "lon" : 141.3431751321,
        "time" : "20150624T164143+0900"
      }, {
        "lat" : 43.0727841028,
        "lon" : 141.342804422,
        "time" : "20150624T164200+0900"
      }, {
        "lat" : 43.0809783871,
        "lon" : 141.3426175393,
        "time" : "20150624T164514+0900"
      }, {
        "lat" : 43.0811085145,
        "lon" : 141.3427070135,
        "time" : "20150624T164530+0900"
      }, {
        "lat" : 43.0813147003,
        "lon" : 141.3430077658,
        "time" : "20150624T164545+0900"
      } ]
    } ],
    "lastUpdate" : "20150624T085549Z"
  }, {
    "type" : "place",
    "startTime" : "20150624T164615+0900",
    "endTime" : "20150625T143502+0900",
    "place" : {
      "id" : 158119545,
      "type" : "unknown",
      "location" : {
        "lat" : 43.0813147003,
        "lon" : 141.3430077658
      }
    },
    "lastUpdate" : "20150625T061432Z"
  } ],
  "caloriesIdle" : 1706,
  "lastUpdate" : "20150625T061432Z"
}, {
  "date" : "20150625",
  "summary" : [ {
    "activity" : "walking",
    "group" : "walking",
    "duration" : 467.0,
    "distance" : 668.0,
    "steps" : 703,
    "calories" : 40
  }, {
    "activity" : "cycling",
    "group" : "cycling",
    "duration" : 233.0,
    "distance" : 448.0,
    "calories" : 13
  } ],
  "segments" : [ {
    "type" : "place",
    "startTime" : "20150624T164615+0900",
    "endTime" : "20150625T143502+0900",
    "place" : {
      "id" : 158119545,
      "type" : "unknown",
      "location" : {
        "lat" : 43.0813147003,
        "lon" : 141.3430077658
      }
    },
    "lastUpdate" : "20150625T061432Z"
  }, {
    "type" : "place",
    "startTime" : "20150625T143503+0900",
    "endTime" : "20150625T171553+0900",
    "place" : {
      "id" : 147930617,
      "type" : "unknown",
      "location" : {
        "lat" : 43.0839664558,
        "lon" : 141.3445236816
      }
    },
    "activities" : [ {
      "activity" : "walking",
      "group" : "walking",
      "manual" : false,
      "startTime" : "20150625T143733+0900",
      "endTime" : "20150625T144033+0900",
      "duration" : 180.0,
      "distance" : 221.0,
      "steps" : 295,
      "calories" : 13,
      "trackPoints" : [ ]
    }, {
      "activity" : "walking",
      "group" : "walking",
      "manual" : false,
      "startTime" : "20150625T165253+0900",
      "endTime" : "20150625T165323+0900",
      "duration" : 30.0,
      "distance" : 30.0,
      "steps" : 61,
      "calories" : 2,
      "trackPoints" : [ ]
    } ],
    "lastUpdate" : "20150626T034702Z"
  }, {
    "type" : "move",
    "startTime" : "20150625T171553+0900",
    "endTime" : "20150625T172009+0900",
    "activities" : [ {
      "activity" : "walking",
      "group" : "walking",
      "manual" : false,
      "startTime" : "20150625T171553+0900",
      "endTime" : "20150625T172010+0900",
      "duration" : 257.0,
      "distance" : 417.0,
      "steps" : 347,
      "calories" : 25,
      "trackPoints" : [ {
        "lat" : 43.0839664558,
        "lon" : 141.3445236816,
        "time" : "20150625T171553+0900"
      }, {
        "lat" : 43.0815445879,
        "lon" : 141.342856192,
        "time" : "20150625T171821+0900"
      }, {
        "lat" : 43.0815325757,
        "lon" : 141.342831093,
        "time" : "20150625T171846+0900"
      }, {
        "lat" : 43.0814962842,
        "lon" : 141.3428978935,
        "time" : "20150625T171910+0900"
      }, {
        "lat" : 43.0812136632,
        "lon" : 141.3438026841,
        "time" : "20150625T172009+0900"
      } ]
    } ],
    "lastUpdate" : "20150626T034702Z"
  }, {
    "type" : "place",
    "startTime" : "20150625T172010+0900",
    "endTime" : "20150625T172306+0900",
    "place" : {
      "id" : 175299022,
      "type" : "unknown",
      "location" : {
        "lat" : 43.0812136632,
        "lon" : 141.3438026841
      }
    },
    "lastUpdate" : "20150626T034702Z"
  }, {
    "type" : "move",
    "startTime" : "20150625T172306+0900",
    "endTime" : "20150625T172658+0900",
    "activities" : [ {
      "activity" : "cycling",
      "group" : "cycling",
      "manual" : false,
      "startTime" : "20150625T172306+0900",
      "endTime" : "20150625T172659+0900",
      "duration" : 233.0,
      "distance" : 448.0,
      "calories" : 13,
      "trackPoints" : [ {
        "lat" : 43.0812136632,
        "lon" : 141.3438026841,
        "time" : "20150625T172306+0900"
      }, {
        "lat" : 43.0815642249,
        "lon" : 141.3448080694,
        "time" : "20150625T172518+0900"
      }, {
        "lat" : 43.0837838115,
        "lon" : 141.3447698981,
        "time" : "20150625T172540+0900"
      }, {
        "lat" : 43.0842510763,
        "lon" : 141.3447211729,
        "time" : "20150625T172658+0900"
      } ]
    } ],
    "lastUpdate" : "20150626T034702Z"
  }, {
    "type" : "place",
    "startTime" : "20150625T172659+0900",
    "endTime" : "20150626T102146+0900",
    "place" : {
      "id" : 174606785,
      "type" : "unknown",
      "location" : {
        "lat" : 43.0842510763,
        "lon" : 141.3447211729
      }
    },
    "lastUpdate" : "20150626T034702Z"
  } ],
  "caloriesIdle" : 1706,
  "lastUpdate" : "20150626T034702Z"
}, {
  "date" : "20150626",
  "summary" : [ {
    "activity" : "cycling",
    "group" : "cycling",
    "duration" : 879.0,
    "distance" : 2341.0,
    "calories" : 66
  }, {
    "activity" : "walking",
    "group" : "walking",
    "duration" : 1108.0,
    "distance" : 1213.0,
    "steps" : 1809,
    "calories" : 72
  }, {
    "activity" : "transport",
    "group" : "transport",
    "duration" : 450.0,
    "distance" : 809.0
  } ],
  "segments" : [ {
    "type" : "place",
    "startTime" : "20150625T172659+0900",
    "endTime" : "20150626T102146+0900",
    "place" : {
      "id" : 174606785,
      "type" : "unknown",
      "location" : {
        "lat" : 43.0842510763,
        "lon" : 141.3447211729
      }
    },
    "lastUpdate" : "20150626T034702Z"
  }, {
    "type" : "move",
    "startTime" : "20150626T102146+0900",
    "endTime" : "20150626T102540+0900",
    "activities" : [ {
      "activity" : "cycling",
      "group" : "cycling",
      "manual" : false,
      "startTime" : "20150626T102146+0900",
      "endTime" : "20150626T102540+0900",
      "duration" : 234.0,
      "distance" : 728.0,
      "calories" : 20,
      "trackPoints" : [ {
        "lat" : 43.0842510763,
        "lon" : 141.3447211729,
        "time" : "20150626T102146+0900"
      }, {
        "lat" : 43.0840713349,
        "lon" : 141.3446795169,
        "time" : "20150626T102207+0900"
      }, {
        "lat" : 43.0797798188,
        "lon" : 141.3406515737,
        "time" : "20150626T102521+0900"
      }, {
        "lat" : 43.0798974576,
        "lon" : 141.3401985712,
        "time" : "20150626T102540+0900"
      } ]
    } ],
    "lastUpdate" : "20150626T034702Z"
  }, {
    "type" : "place",
    "startTime" : "20150626T102715+0900",
    "endTime" : "20150626T114841+0900",
    "place" : {
      "id" : 173111003,
      "type" : "unknown",
      "location" : {
        "lat" : 43.078808745,
        "lon" : 141.339776401
      }
    },
    "activities" : [ {
      "activity" : "walking",
      "group" : "walking",
      "manual" : false,
      "startTime" : "20150626T102715+0900",
      "endTime" : "20150626T102724+0900",
      "duration" : 9.0,
      "distance" : 5.0,
      "steps" : 9,
      "calories" : 0,
      "trackPoints" : [ ]
    }, {
      "activity" : "walking",
      "group" : "walking",
      "manual" : false,
      "startTime" : "20150626T114740+0900",
      "endTime" : "20150626T114923+0900",
      "duration" : 103.0,
      "distance" : 96.0,
      "steps" : 192,
      "calories" : 6,
      "trackPoints" : [ ]
    } ],
    "lastUpdate" : "20150626T034704Z"
  }, {
    "type" : "move",
    "startTime" : "20150626T114841+0900",
    "endTime" : "20150626T115304+0900",
    "activities" : [ {
      "activity" : "cycling",
      "group" : "cycling",
      "manual" : false,
      "startTime" : "20150626T114841+0900",
      "endTime" : "20150626T115304+0900",
      "duration" : 263.0,
      "distance" : 872.0,
      "calories" : 24,
      "trackPoints" : [ {
        "lat" : 43.078808745,
        "lon" : 141.339776401,
        "time" : "20150626T114841+0900"
      }, {
        "lat" : 43.0830223637,
        "lon" : 141.3450104951,
        "time" : "20150626T115204+0900"
      }, {
        "lat" : 43.0835283963,
        "lon" : 141.3447727858,
        "time" : "20150626T115221+0900"
      }, {
        "lat" : 43.0841409979,
        "lon" : 141.3446045003,
        "time" : "20150626T115242+0900"
      }, {
        "lat" : 43.0842510763,
        "lon" : 141.3447211729,
        "time" : "20150626T115304+0900"
      } ]
    } ],
    "lastUpdate" : "20150626T034704Z"
  }, {
    "type" : "place",
    "startTime" : "20150626T115304+0900",
    "endTime" : "20150626T125117+0900",
    "place" : {
      "id" : 147930617,
      "type" : "unknown",
      "location" : {
        "lat" : 43.0839664558,
        "lon" : 141.3445236816
      }
    },
    "activities" : [ {
      "activity" : "walking",
      "group" : "walking",
      "manual" : false,
      "startTime" : "20150626T115314+0900",
      "endTime" : "20150626T115414+0900",
      "duration" : 60.0,
      "distance" : 56.0,
      "steps" : 111,
      "calories" : 3,
      "trackPoints" : [ ]
    } ],
    "lastUpdate" : "20150626T065108Z"
  }, {
    "type" : "move",
    "startTime" : "20150626T125117+0900",
    "endTime" : "20150626T125715+0900",
    "activities" : [ {
      "activity" : "transport",
      "group" : "transport",
      "manual" : false,
      "startTime" : "20150626T125117+0900",
      "endTime" : "20150626T125445+0900",
      "duration" : 208.0,
      "distance" : 424.0,
      "trackPoints" : [ {
        "lat" : 43.0839664558,
        "lon" : 141.3445236816,
        "time" : "20150626T125117+0900"
      }, {
        "lat" : 43.0813968012,
        "lon" : 141.3416516721,
        "time" : "20150626T125445+0900"
      } ]
    }, {
      "activity" : "cycling",
      "group" : "cycling",
      "manual" : false,
      "startTime" : "20150626T125445+0900",
      "endTime" : "20150626T125715+0900",
      "duration" : 150.0,
      "distance" : 182.0,
      "calories" : 6,
      "trackPoints" : [ {
        "lat" : 43.0813968012,
        "lon" : 141.3416516721,
        "time" : "20150626T125445+0900"
      }, {
        "lat" : 43.0810421507,
        "lon" : 141.3412670346,
        "time" : "20150626T125641+0900"
      }, {
        "lat" : 43.080538792,
        "lon" : 141.3406388624,
        "time" : "20150626T125658+0900"
      }, {
        "lat" : 43.0801360001,
        "lon" : 141.3408799677,
        "time" : "20150626T125715+0900"
      } ]
    } ],
    "lastUpdate" : "20150626T065108Z"
  }, {
    "type" : "place",
    "startTime" : "20150626T125715+0900",
    "endTime" : "20150626T181246+0900",
    "place" : {
      "id" : 149890093,
      "type" : "unknown",
      "location" : {
        "lat" : 43.0801360001,
        "lon" : 141.3408799677
      }
    },
    "activities" : [ {
      "activity" : "walking",
      "group" : "walking",
      "manual" : false,
      "startTime" : "20150626T125715+0900",
      "endTime" : "20150626T125845+0900",
      "duration" : 90.0,
      "distance" : 86.0,
      "steps" : 172,
      "calories" : 5,
      "trackPoints" : [ ]
    }, {
      "activity" : "walking",
      "group" : "walking",
      "manual" : false,
      "startTime" : "20150626T142907+0900",
      "endTime" : "20150626T143307+0900",
      "duration" : 240.0,
      "distance" : 228.0,
      "steps" : 305,
      "calories" : 14,
      "trackPoints" : [ ]
    }, {
      "activity" : "walking",
      "group" : "walking",
      "manual" : false,
      "startTime" : "20150626T160727+0900",
      "endTime" : "20150626T161628+0900",
      "duration" : 541.0,
      "distance" : 693.0,
      "steps" : 924,
      "calories" : 41,
      "trackPoints" : [ ]
    } ],
    "lastUpdate" : "20150626T130300Z"
  }, {
    "type" : "move",
    "startTime" : "20150626T181246+0900",
    "endTime" : "20150626T181647+0900",
    "activities" : [ {
      "activity" : "transport",
      "group" : "transport",
      "manual" : false,
      "startTime" : "20150626T181246+0900",
      "endTime" : "20150626T181648+0900",
      "duration" : 242.0,
      "distance" : 385.0,
      "trackPoints" : [ {
        "lat" : 43.0801360001,
        "lon" : 141.3408799677,
        "time" : "20150626T181246+0900"
      }, {
        "lat" : 43.0828682748,
        "lon" : 141.3391491854,
        "time" : "20150626T181647+0900"
      } ]
    } ],
    "lastUpdate" : "20150626T130300Z"
  }, {
    "type" : "place",
    "startTime" : "20150626T181648+0900",
    "endTime" : "20150626T181903+0900",
    "place" : {
      "id" : 163610269,
      "type" : "unknown",
      "location" : {
        "lat" : 43.0828682748,
        "lon" : 141.3391491854
      }
    },
    "activities" : [ {
      "activity" : "walking",
      "group" : "walking",
      "manual" : false,
      "startTime" : "20150626T181806+0900",
      "endTime" : "20150626T181811+0900",
      "duration" : 5.0,
      "distance" : 3.0,
      "steps" : 5,
      "calories" : 0,
      "trackPoints" : [ ]
    } ],
    "lastUpdate" : "20150626T130300Z"
  }, {
    "type" : "move",
    "startTime" : "20150626T181903+0900",
    "endTime" : "20150626T182255+0900",
    "activities" : [ {
      "activity" : "cycling",
      "group" : "cycling",
      "manual" : false,
      "startTime" : "20150626T181903+0900",
      "endTime" : "20150626T182255+0900",
      "duration" : 232.0,
      "distance" : 559.0,
      "calories" : 16,
      "trackPoints" : [ {
        "lat" : 43.0828682748,
        "lon" : 141.3391491854,
        "time" : "20150626T181903+0900"
      }, {
        "lat" : 43.0849120464,
        "lon" : 141.3435743307,
        "time" : "20150626T182233+0900"
      }, {
        "lat" : 43.0848409544,
        "lon" : 141.3444336513,
        "time" : "20150626T182255+0900"
      } ]
    } ],
    "lastUpdate" : "20150626T130300Z"
  }, {
    "type" : "place",
    "startTime" : "20150626T182255+0900",
    "endTime" : "20150627T183206+0900",
    "place" : {
      "id" : 175650310,
      "type" : "unknown",
      "location" : {
        "lat" : 43.0848409544,
        "lon" : 141.3444336513
      }
    },
    "activities" : [ {
      "activity" : "walking",
      "group" : "walking",
      "manual" : false,
      "startTime" : "20150626T182436+0900",
      "endTime" : "20150626T182536+0900",
      "duration" : 60.0,
      "distance" : 46.0,
      "steps" : 91,
      "calories" : 3,
      "trackPoints" : [ ]
    } ],
    "lastUpdate" : "20150628T111334Z"
  } ],
  "caloriesIdle" : 1706,
  "lastUpdate" : "20150628T111334Z"
}, {
  "date" : "20150627",
  "summary" : null,
  "segments" : [ {
    "type" : "place",
    "startTime" : "20150626T182255+0900",
    "endTime" : "20150627T183206+0900",
    "place" : {
      "id" : 175650310,
      "type" : "unknown",
      "location" : {
        "lat" : 43.0848409544,
        "lon" : 141.3444336513
      }
    },
    "lastUpdate" : "20150628T111334Z"
  }, {
    "type" : "place",
    "startTime" : "20150627T183206+0900",
    "endTime" : "20150628T200042+0900",
    "place" : {
      "id" : 176445990,
      "type" : "unknown",
      "location" : {
        "lat" : 43.0816838793,
        "lon" : 141.3465794769
      }
    },
    "lastUpdate" : "20150628T142036Z"
  } ],
  "caloriesIdle" : 1706,
  "lastUpdate" : "20150628T142036Z"
}, {
  "date" : "20150628",
  "summary" : [ {
    "activity" : "walking",
    "group" : "walking",
    "duration" : 547.0,
    "distance" : 702.0,
    "steps" : 935,
    "calories" : 42
  } ],
  "segments" : [ {
    "type" : "place",
    "startTime" : "20150627T183206+0900",
    "endTime" : "20150628T200042+0900",
    "place" : {
      "id" : 176445990,
      "type" : "unknown",
      "location" : {
        "lat" : 43.0816838793,
        "lon" : 141.3465794769
      }
    },
    "activities" : [ {
      "activity" : "walking",
      "group" : "walking",
      "manual" : false,
      "startTime" : "20150628T185724+0900",
      "endTime" : "20150628T185754+0900",
      "duration" : 30.0,
      "distance" : 15.0,
      "steps" : 20,
      "calories" : 1,
      "trackPoints" : [ ]
    }, {
      "activity" : "walking",
      "group" : "walking",
      "manual" : false,
      "startTime" : "20150628T190124+0900",
      "endTime" : "20150628T190354+0900",
      "duration" : 150.0,
      "distance" : 220.0,
      "steps" : 294,
      "calories" : 13,
      "trackPoints" : [ ]
    } ],
    "lastUpdate" : "20150628T142036Z"
  }, {
    "type" : "move",
    "startTime" : "20150628T200042+0900",
    "endTime" : "20150628T200411+0900",
    "activities" : [ {
      "activity" : "walking",
      "group" : "walking",
      "manual" : false,
      "startTime" : "20150628T200042+0900",
      "endTime" : "20150628T200412+0900",
      "duration" : 210.0,
      "distance" : 323.0,
      "steps" : 334,
      "calories" : 19,
      "trackPoints" : [ {
        "lat" : 43.0816838793,
        "lon" : 141.3465794769,
        "time" : "20150628T200042+0900"
      }, {
        "lat" : 43.0805318896,
        "lon" : 141.3472084967,
        "time" : "20150628T200221+0900"
      }, {
        "lat" : 43.0805581161,
        "lon" : 141.3470566016,
        "time" : "20150628T200242+0900"
      }, {
        "lat" : 43.0811112918,
        "lon" : 141.3456140581,
        "time" : "20150628T200411+0900"
      } ]
    } ],
    "lastUpdate" : "20150628T142036Z"
  }, {
    "type" : "place",
    "startTime" : "20150628T200411+0900",
    "endTime" : "20150628T201633+0900",
    "place" : {
      "id" : 176445991,
      "type" : "unknown",
      "location" : {
        "lat" : 43.0811112918,
        "lon" : 141.3456140581
      }
    },
    "activities" : [ {
      "activity" : "walking",
      "group" : "walking",
      "manual" : false,
      "startTime" : "20150628T200716+0900",
      "endTime" : "20150628T200841+0900",
      "duration" : 85.0,
      "distance" : 77.0,
      "steps" : 154,
      "calories" : 5,
      "trackPoints" : [ ]
    } ],
    "lastUpdate" : "20150628T142036Z"
  }, {
    "type" : "place",
    "startTime" : "20150628T201634+0900",
    "endTime" : "20150629T095152+0900",
    "place" : {
      "id" : 148006119,
      "type" : "unknown",
      "location" : {
        "lat" : 43.0835941285,
        "lon" : 141.3448409624
      }
    },
    "activities" : [ {
      "activity" : "walking",
      "group" : "walking",
      "manual" : false,
      "startTime" : "20150628T201634+0900",
      "endTime" : "20150628T201746+0900",
      "duration" : 72.0,
      "distance" : 67.0,
      "steps" : 133,
      "calories" : 4,
      "trackPoints" : [ ]
    } ],
    "lastUpdate" : "20150629T054130Z"
  } ],
  "caloriesIdle" : 1706,
  "lastUpdate" : "20150629T054130Z"
} ]