[ {
  "date" : "20170626",
  "summary" : [ {
    "activity" : "cycling",
    "group" : "cycling",
    "duration" : 575.0,
    "distance" : 1606.0,
    "calories" : 42
  }, {
    "activity" : "transport",
    "group" : "transport",
    "duration" : 158.0,
    "distance" : 562.0
  }, {
    "activity" : "walking",
    "group" : "walking",
    "duration" : 913.0,
    "distance" : 988.0,
    "steps" : 1342,
    "calories" : 55
  } ],
  "segments" : [ {
    "type" : "move",
    "startTime" : "20170625T135759+0900",
    "endTime" : "20170626T130444+0900",
    "activities" : [ {
      "activity" : "cycling",
      "group" : "cycling",
      "manual" : false,
      "startTime" : "20170626T125735+0900",
      "endTime" : "20170626T130206+0900",
      "duration" : 271.0,
      "distance" : 280.0,
      "calories" : 9,
      "trackPoints" : [ {
        "lat" : 43.081452,
        "lon" : 141.34442,
        "time" : "20170626T125735+0900"
      }, {
        "lat" : 43.081266,
        "lon" : 141.34416,
        "time" : "20170626T125910+0900"
      }, {
        "lat" : 43.080861,
        "lon" : 141.34366,
        "time" : "20170626T125959+0900"
      }, {
        "lat" : 43.080861,
        "lon" : 141.34366,
        "time" : "20170626T130000+0900"
      }, {
        "lat" : 43.079831,
        "lon" : 141.34239,
        "time" : "20170626T130206+0900"
      } ]
    }, {
      "activity" : "transport",
      "group" : "transport",
      "manual" : false,
      "startTime" : "20170626T130206+0900",
      "endTime" : "20170626T130444+0900",
      "duration" : 158.0,
      "distance" : 562.0,
      "trackPoints" : [ {
        "lat" : 43.079831,
        "lon" : 141.34239,
        "time" : "20170626T130206+0900"
      }, {
        "lat" : 43.076265,
        "lon" : 141.33885,
        "time" : "20170626T130444+0900"
      } ]
    } ],
    "lastUpdate" : "20170626T045803Z"
  }, {
    "type" : "place",
    "startTime" : "20170626T130445+0900",
    "endTime" : "20170626T184654+0900",
    "place" : {
      "id" : 362494857,
      "type" : "unknown",
      "location" : {
        "lat" : 43.076265,
        "lon" : 141.33885
      }
    },
    "activities" : [ {
      "activity" : "walking",
      "group" : "walking",
      "manual" : false,
      "startTime" : "20170626T142202+0900",
      "endTime" : "20170626T142631+0900",
      "duration" : 269.0,
      "distance" : 301.0,
      "steps" : 402,
      "calories" : 17,
      "trackPoints" : [ ]
    }, {
      "activity" : "walking",
      "group" : "walking",
      "manual" : false,
      "startTime" : "20170626T161250+0900",
      "endTime" : "20170626T161611+0900",
      "duration" : 201.0,
      "distance" : 228.0,
      "steps" : 304,
      "calories" : 13,
      "trackPoints" : [ ]
    }, {
      "activity" : "walking",
      "group" : "walking",
      "manual" : false,
      "startTime" : "20170626T184410+0900",
      "endTime" : "20170626T185043+0900",
      "duration" : 393.0,
      "distance" : 426.0,
      "steps" : 569,
      "calories" : 24,
      "trackPoints" : [ ]
    } ],
    "lastUpdate" : "20170626T111029Z"
  }, {
    "type" : "move",
    "startTime" : "20170626T184654+0900",
    "endTime" : "20170626T185159+0900",
    "activities" : [ {
      "activity" : "cycling",
      "group" : "cycling",
      "manual" : false,
      "startTime" : "20170626T184654+0900",
      "endTime" : "20170626T185158+0900",
      "duration" : 304.0,
      "distance" : 1326.0,
      "calories" : 33,
      "trackPoints" : [ {
        "lat" : 43.076265,
        "lon" : 141.33885,
        "time" : "20170626T184654+0900"
      }, {
        "lat" : 43.077098,
        "lon" : 141.33955,
        "time" : "20170626T184713+0900"
      }, {
        "lat" : 43.077554,
        "lon" : 141.33966,
        "time" : "20170626T184728+0900"
      }, {
        "lat" : 43.077984,
        "lon" : 141.34,
        "time" : "20170626T184745+0900"
      }, {
        "lat" : 43.078566,
        "lon" : 141.34091,
        "time" : "20170626T184808+0900"
      }, {
        "lat" : 43.078805,
        "lon" : 141.34106,
        "time" : "20170626T184826+0900"
      }, {
        "lat" : 43.079546,
        "lon" : 141.34113,
        "time" : "20170626T184846+0900"
      }, {
        "lat" : 43.081038,
        "lon" : 141.34259,
        "time" : "20170626T184937+0900"
      }, {
        "lat" : 43.081197,
        "lon" : 141.34337,
        "time" : "20170626T184958+0900"
      }, {
        "lat" : 43.081571,
        "lon" : 141.34518,
        "time" : "20170626T185035+0900"
      }, {
        "lat" : 43.082548,
        "lon" : 141.34502,
        "time" : "20170626T185054+0900"
      }, {
        "lat" : 43.083228,
        "lon" : 141.34476,
        "time" : "20170626T185114+0900"
      }, {
        "lat" : 43.083848,
        "lon" : 141.34464,
        "time" : "20170626T185129+0900"
      }, {
        "lat" : 43.084886,
        "lon" : 141.3453,
        "time" : "20170626T185159+0900"
      } ]
    } ],
    "lastUpdate" : "20170626T111029Z"
  }, {
    "type" : "place",
    "startTime" : "20170626T185159+0900",
    "endTime" : "20170627T084429+0900",
    "place" : {
      "id" : 257240275,
      "type" : "unknown",
      "location" : {
        "lat" : 43.084886,
        "lon" : 141.3453
      }
    },
    "activities" : [ {
      "activity" : "walking",
      "group" : "walking",
      "manual" : false,
      "startTime" : "20170626T185212+0900",
      "endTime" : "20170626T185302+0900",
      "duration" : 50.0,
      "distance" : 33.0,
      "steps" : 67,
      "calories" : 2,
      "trackPoints" : [ ]
    } ],
    "lastUpdate" : "20170627T010906Z"
  } ],
  "caloriesIdle" : 1596,
  "lastUpdate" : "20170627T010906Z"
}, {
  "date" : "20170627",
  "summary" : [ {
    "activity" : "walking",
    "group" : "walking",
    "duration" : 975.0,
    "distance" : 915.0,
    "steps" : 1323,
    "calories" : 51
  }, {
    "activity" : "cycling",
    "group" : "cycling",
    "duration" : 568.0,
    "distance" : 2688.0,
    "calories" : 66
  } ],
  "segments" : [ {
    "type" : "place",
    "startTime" : "20170626T185159+0900",
    "endTime" : "20170627T084429+0900",
    "place" : {
      "id" : 257240275,
      "type" : "unknown",
      "location" : {
        "lat" : 43.084886,
        "lon" : 141.3453
      }
    },
    "activities" : [ {
      "activity" : "walking",
      "group" : "walking",
      "manual" : false,
      "startTime" : "20170627T084251+0900",
      "endTime" : "20170627T085121+0900",
      "duration" : 510.0,
      "distance" : 510.0,
      "steps" : 680,
      "calories" : 28,
      "trackPoints" : [ ]
    } ],
    "lastUpdate" : "20170627T010906Z"
  }, {
    "type" : "move",
    "startTime" : "20170627T084429+0900",
    "endTime" : "20170627T084835+0900",
    "activities" : [ {
      "activity" : "cycling",
      "group" : "cycling",
      "manual" : false,
      "startTime" : "20170627T084429+0900",
      "endTime" : "20170627T084835+0900",
      "duration" : 246.0,
      "distance" : 1329.0,
      "calories" : 32,
      "trackPoints" : [ {
        "lat" : 43.084886,
        "lon" : 141.3453,
        "time" : "20170627T084429+0900"
      }, {
        "lat" : 43.083346,
        "lon" : 141.34465,
        "time" : "20170627T084444+0900"
      }, {
        "lat" : 43.082459,
        "lon" : 141.34468,
        "time" : "20170627T084502+0900"
      }, {
        "lat" : 43.081302,
        "lon" : 141.34403,
        "time" : "20170627T084529+0900"
      }, {
        "lat" : 43.081139,
        "lon" : 141.34309,
        "time" : "20170627T084545+0900"
      }, {
        "lat" : 43.081021,
        "lon" : 141.34186,
        "time" : "20170627T084603+0900"
      }, {
        "lat" : 43.080387,
        "lon" : 141.34073,
        "time" : "20170627T084622+0900"
      }, {
        "lat" : 43.079948,
        "lon" : 141.34069,
        "time" : "20170627T084645+0900"
      }, {
        "lat" : 43.078872,
        "lon" : 141.34083,
        "time" : "20170627T084719+0900"
      }, {
        "lat" : 43.078236,
        "lon" : 141.34066,
        "time" : "20170627T084735+0900"
      }, {
        "lat" : 43.077365,
        "lon" : 141.33975,
        "time" : "20170627T084759+0900"
      }, {
        "lat" : 43.076741,
        "lon" : 141.33929,
        "time" : "20170627T084817+0900"
      }, {
        "lat" : 43.076117,
        "lon" : 141.33848,
        "time" : "20170627T084835+0900"
      } ]
    } ],
    "lastUpdate" : "20170627T010906Z"
  }, {
    "type" : "place",
    "startTime" : "20170627T084835+0900",
    "endTime" : "20170627T120654+0900",
    "place" : {
      "id" : 362494857,
      "type" : "unknown",
      "location" : {
        "lat" : 43.076265,
        "lon" : 141.33885
      }
    },
    "activities" : [ {
      "activity" : "walking",
      "group" : "walking",
      "manual" : false,
      "startTime" : "20170627T084835+0900",
      "endTime" : "20170627T084940+0900",
      "duration" : 65.0,
      "distance" : 48.0,
      "steps" : 97,
      "calories" : 3,
      "trackPoints" : [ ]
    }, {
      "activity" : "walking",
      "group" : "walking",
      "manual" : false,
      "startTime" : "20170627T103054+0900",
      "endTime" : "20170627T103237+0900",
      "duration" : 103.0,
      "distance" : 69.0,
      "steps" : 138,
      "calories" : 4,
      "trackPoints" : [ ]
    }, {
      "activity" : "walking",
      "group" : "walking",
      "manual" : false,
      "startTime" : "20170627T120025+0900",
      "endTime" : "20170627T120430+0900",
      "duration" : 245.0,
      "distance" : 253.0,
      "steps" : 338,
      "calories" : 14,
      "trackPoints" : [ ]
    } ],
    "lastUpdate" : "20170627T041301Z"
  }, {
    "type" : "move",
    "startTime" : "20170627T120654+0900",
    "endTime" : "20170627T121216+0900",
    "activities" : [ {
      "activity" : "cycling",
      "group" : "cycling",
      "manual" : false,
      "startTime" : "20170627T120654+0900",
      "endTime" : "20170627T121216+0900",
      "duration" : 322.0,
      "distance" : 1359.0,
      "calories" : 34,
      "trackPoints" : [ {
        "lat" : 43.076265,
        "lon" : 141.33885,
        "time" : "20170627T120654+0900"
      }, {
        "lat" : 43.076723,
        "lon" : 141.33943,
        "time" : "20170627T120719+0900"
      }, {
        "lat" : 43.077313,
        "lon" : 141.33954,
        "time" : "20170627T120737+0900"
      }, {
        "lat" : 43.077723,
        "lon" : 141.33984,
        "time" : "20170627T120753+0900"
      }, {
        "lat" : 43.078185,
        "lon" : 141.34061,
        "time" : "20170627T120808+0900"
      }, {
        "lat" : 43.078723,
        "lon" : 141.34122,
        "time" : "20170627T120842+0900"
      }, {
        "lat" : 43.079692,
        "lon" : 141.34093,
        "time" : "20170627T120900+0900"
      }, {
        "lat" : 43.080685,
        "lon" : 141.34115,
        "time" : "20170627T120920+0900"
      }, {
        "lat" : 43.081045,
        "lon" : 141.34197,
        "time" : "20170627T120942+0900"
      }, {
        "lat" : 43.081275,
        "lon" : 141.34372,
        "time" : "20170627T121016+0900"
      }, {
        "lat" : 43.08184,
        "lon" : 141.34483,
        "time" : "20170627T121041+0900"
      }, {
        "lat" : 43.082399,
        "lon" : 141.34495,
        "time" : "20170627T121057+0900"
      }, {
        "lat" : 43.083363,
        "lon" : 141.34482,
        "time" : "20170627T121117+0900"
      }, {
        "lat" : 43.083586,
        "lon" : 141.34473,
        "time" : "20170627T121132+0900"
      }, {
        "lat" : 43.083826,
        "lon" : 141.34461,
        "time" : "20170627T121156+0900"
      }, {
        "lat" : 43.084886,
        "lon" : 141.3453,
        "time" : "20170627T121216+0900"
      } ]
    } ],
    "lastUpdate" : "20170627T041301Z"
  }, {
    "type" : "place",
    "startTime" : "20170627T121216+0900",
    "endTime" : "20170628T084915+0900",
    "place" : {
      "id" : 257240275,
      "type" : "unknown",
      "location" : {
        "lat" : 43.084886,
        "lon" : 141.3453
      }
    },
    "activities" : [ {
      "activity" : "walking",
      "group" : "walking",
      "manual" : false,
      "startTime" : "20170627T121224+0900",
      "endTime" : "20170627T121316+0900",
      "duration" : 52.0,
      "distance" : 35.0,
      "steps" : 70,
      "calories" : 2,
      "trackPoints" : [ ]
    } ],
    "lastUpdate" : "20170628T002022Z"
  } ],
  "caloriesIdle" : 1596,
  "lastUpdate" : "20170628T002022Z"
}, {
  "date" : "20170628",
  "summary" : [ {
    "activity" : "walking",
    "group" : "walking",
    "duration" : 1364.0,
    "distance" : 1211.0,
    "steps" : 1925,
    "calories" : 67
  }, {
    "activity" : "cycling",
    "group" : "cycling",
    "duration" : 831.0,
    "distance" : 3910.0,
    "calories" : 97
  }, {
    "activity" : "transport",
    "group" : "transport",
    "duration" : 600.0,
    "distance" : 635.0
  } ],
  "segments" : [ {
    "type" : "place",
    "startTime" : "20170627T121216+0900",
    "endTime" : "20170628T084915+0900",
    "place" : {
      "id" : 257240275,
      "type" : "unknown",
      "location" : {
        "lat" : 43.084886,
        "lon" : 141.3453
      }
    },
    "activities" : [ {
      "activity" : "walking",
      "group" : "walking",
      "manual" : false,
      "startTime" : "20170628T084749+0900",
      "endTime" : "20170628T084828+0900",
      "duration" : 39.0,
      "distance" : 26.0,
      "steps" : 52,
      "calories" : 1,
      "trackPoints" : [ ]
    } ],
    "lastUpdate" : "20170628T002022Z"
  }, {
    "type" : "move",
    "startTime" : "20170628T084915+0900",
    "endTime" : "20170628T085434+0900",
    "activities" : [ {
      "activity" : "cycling",
      "group" : "cycling",
      "manual" : false,
      "startTime" : "20170628T084915+0900",
      "endTime" : "20170628T085433+0900",
      "duration" : 318.0,
      "distance" : 1400.0,
      "calories" : 35,
      "trackPoints" : [ {
        "lat" : 43.084886,
        "lon" : 141.3453,
        "time" : "20170628T084915+0900"
      }, {
        "lat" : 43.084322,
        "lon" : 141.34454,
        "time" : "20170628T084931+0900"
      }, {
        "lat" : 43.082764,
        "lon" : 141.3448,
        "time" : "20170628T085005+0900"
      }, {
        "lat" : 43.081914,
        "lon" : 141.34486,
        "time" : "20170628T085024+0900"
      }, {
        "lat" : 43.081346,
        "lon" : 141.34464,
        "time" : "20170628T085041+0900"
      }, {
        "lat" : 43.081229,
        "lon" : 141.34368,
        "time" : "20170628T085100+0900"
      }, {
        "lat" : 43.081189,
        "lon" : 141.34311,
        "time" : "20170628T085118+0900"
      }, {
        "lat" : 43.081104,
        "lon" : 141.34307,
        "time" : "20170628T085140+0900"
      }, {
        "lat" : 43.081074,
        "lon" : 141.3428,
        "time" : "20170628T085159+0900"
      }, {
        "lat" : 43.081044,
        "lon" : 141.34244,
        "time" : "20170628T085220+0900"
      }, {
        "lat" : 43.079147,
        "lon" : 141.3411,
        "time" : "20170628T085258+0900"
      }, {
        "lat" : 43.078712,
        "lon" : 141.34097,
        "time" : "20170628T085315+0900"
      }, {
        "lat" : 43.077599,
        "lon" : 141.33983,
        "time" : "20170628T085349+0900"
      }, {
        "lat" : 43.076802,
        "lon" : 141.33932,
        "time" : "20170628T085412+0900"
      }, {
        "lat" : 43.076409,
        "lon" : 141.33842,
        "time" : "20170628T085434+0900"
      } ]
    } ],
    "lastUpdate" : "20170628T002022Z"
  }, {
    "type" : "place",
    "startTime" : "20170628T085434+0900",
    "endTime" : "20170628T115911+0900",
    "place" : {
      "id" : 264571444,
      "type" : "unknown",
      "location" : {
        "lat" : 43.076536,
        "lon" : 141.3388
      }
    },
    "activities" : [ {
      "activity" : "walking",
      "group" : "walking",
      "manual" : false,
      "startTime" : "20170628T085434+0900",
      "endTime" : "20170628T085534+0900",
      "duration" : 60.0,
      "distance" : 46.0,
      "steps" : 93,
      "calories" : 3,
      "trackPoints" : [ ]
    }, {
      "activity" : "walking",
      "group" : "walking",
      "manual" : false,
      "startTime" : "20170628T115811+0900",
      "endTime" : "20170628T115946+0900",
      "duration" : 95.0,
      "distance" : 68.0,
      "steps" : 137,
      "calories" : 4,
      "trackPoints" : [ ]
    }, {
      "activity" : "walking",
      "group" : "walking",
      "manual" : false,
      "startTime" : "20170628T120000+0900",
      "endTime" : "20170628T120102+0900",
      "duration" : 62.0,
      "distance" : 41.0,
      "steps" : 83,
      "calories" : 2,
      "trackPoints" : [ ]
    } ],
    "lastUpdate" : "20170628T032437Z"
  }, {
    "type" : "move",
    "startTime" : "20170628T115911+0900",
    "endTime" : "20170628T120450+0900",
    "activities" : [ {
      "activity" : "cycling",
      "group" : "cycling",
      "manual" : false,
      "startTime" : "20170628T115911+0900",
      "endTime" : "20170628T120450+0900",
      "duration" : 339.0,
      "distance" : 1380.0,
      "calories" : 34,
      "trackPoints" : [ {
        "lat" : 43.076536,
        "lon" : 141.3388,
        "time" : "20170628T115911+0900"
      }, {
        "lat" : 43.07661,
        "lon" : 141.3393,
        "time" : "20170628T115945+0900"
      }, {
        "lat" : 43.077228,
        "lon" : 141.33963,
        "time" : "20170628T115959+0900"
      }, {
        "lat" : 43.077229,
        "lon" : 141.33963,
        "time" : "20170628T120000+0900"
      }, {
        "lat" : 43.077501,
        "lon" : 141.33977,
        "time" : "20170628T120006+0900"
      }, {
        "lat" : 43.078146,
        "lon" : 141.34123,
        "time" : "20170628T120040+0900"
      }, {
        "lat" : 43.078625,
        "lon" : 141.34135,
        "time" : "20170628T120058+0900"
      }, {
        "lat" : 43.080262,
        "lon" : 141.34072,
        "time" : "20170628T120119+0900"
      }, {
        "lat" : 43.081101,
        "lon" : 141.34123,
        "time" : "20170628T120140+0900"
      }, {
        "lat" : 43.081112,
        "lon" : 141.3425,
        "time" : "20170628T120203+0900"
      }, {
        "lat" : 43.081253,
        "lon" : 141.34345,
        "time" : "20170628T120223+0900"
      }, {
        "lat" : 43.083,
        "lon" : 141.34471,
        "time" : "20170628T120327+0900"
      }, {
        "lat" : 43.083273,
        "lon" : 141.34457,
        "time" : "20170628T120349+0900"
      }, {
        "lat" : 43.08327,
        "lon" : 141.34465,
        "time" : "20170628T120412+0900"
      }, {
        "lat" : 43.083522,
        "lon" : 141.3447,
        "time" : "20170628T120427+0900"
      }, {
        "lat" : 43.084886,
        "lon" : 141.3453,
        "time" : "20170628T120450+0900"
      } ]
    } ],
    "lastUpdate" : "20170628T032437Z"
  }, {
    "type" : "place",
    "startTime" : "20170628T120450+0900",
    "endTime" : "20170628T181314+0900",
    "place" : {
      "id" : 257240275,
      "type" : "unknown",
      "location" : {
        "lat" : 43.084886,
        "lon" : 141.3453
      }
    },
    "activities" : [ {
      "activity" : "walking",
      "group" : "walking",
      "manual" : false,
      "startTime" : "20170628T120450+0900",
      "endTime" : "20170628T120601+0900",
      "duration" : 71.0,
      "distance" : 47.0,
      "steps" : 95,
      "calories" : 3,
      "trackPoints" : [ ]
    }, {
      "activity" : "walking",
      "group" : "walking",
      "manual" : false,
      "startTime" : "20170628T181058+0900",
      "endTime" : "20170628T181546+0900",
      "duration" : 288.0,
      "distance" : 288.0,
      "steps" : 384,
      "calories" : 16,
      "trackPoints" : [ ]
    } ],
    "lastUpdate" : "20170628T093633Z"
  }, {
    "type" : "move",
    "startTime" : "20170628T181314+0900",
    "endTime" : "20170628T181609+0900",
    "activities" : [ {
      "activity" : "cycling",
      "group" : "cycling",
      "manual" : false,
      "startTime" : "20170628T181314+0900",
      "endTime" : "20170628T181608+0900",
      "duration" : 174.0,
      "distance" : 1130.0,
      "calories" : 27,
      "trackPoints" : [ {
        "lat" : 43.084886,
        "lon" : 141.3453,
        "time" : "20170628T181314+0900"
      }, {
        "lat" : 43.081988,
        "lon" : 141.34488,
        "time" : "20170628T181346+0900"
      }, {
        "lat" : 43.081289,
        "lon" : 141.34492,
        "time" : "20170628T181404+0900"
      }, {
        "lat" : 43.081025,
        "lon" : 141.34321,
        "time" : "20170628T181437+0900"
      }, {
        "lat" : 43.080897,
        "lon" : 141.34226,
        "time" : "20170628T181453+0900"
      }, {
        "lat" : 43.080616,
        "lon" : 141.3407,
        "time" : "20170628T181527+0900"
      }, {
        "lat" : 43.079594,
        "lon" : 141.34038,
        "time" : "20170628T181548+0900"
      }, {
        "lat" : 43.078401,
        "lon" : 141.34013,
        "time" : "20170628T181609+0900"
      } ]
    } ],
    "lastUpdate" : "20170628T093633Z"
  }, {
    "type" : "place",
    "startTime" : "20170628T181609+0900",
    "endTime" : "20170628T202730+0900",
    "place" : {
      "id" : 141367536,
      "type" : "unknown",
      "location" : {
        "lat" : 43.0784012398,
        "lon" : 141.340132137
      }
    },
    "activities" : [ {
      "activity" : "walking",
      "group" : "walking",
      "manual" : false,
      "startTime" : "20170628T181609+0900",
      "endTime" : "20170628T181816+0900",
      "duration" : 127.0,
      "distance" : 138.0,
      "steps" : 185,
      "calories" : 8,
      "trackPoints" : [ ]
    } ],
    "lastUpdate" : "20170628T124128Z"
  }, {
    "type" : "move",
    "startTime" : "20170628T202730+0900",
    "endTime" : "20170628T204712+0900",
    "activities" : [ {
      "activity" : "walking",
      "group" : "walking",
      "manual" : false,
      "startTime" : "20170628T202730+0900",
      "endTime" : "20170628T203038+0900",
      "duration" : 188.0,
      "distance" : 99.0,
      "steps" : 199,
      "calories" : 5,
      "trackPoints" : [ {
        "lat" : 43.078401,
        "lon" : 141.34013,
        "time" : "20170628T202730+0900"
      }, {
        "lat" : 43.078486,
        "lon" : 141.3403,
        "time" : "20170628T202942+0900"
      }, {
        "lat" : 43.078581,
        "lon" : 141.34042,
        "time" : "20170628T203004+0900"
      }, {
        "lat" : 43.078877,
        "lon" : 141.34076,
        "time" : "20170628T203038+0900"
      } ]
    }, {
      "activity" : "transport",
      "group" : "transport",
      "manual" : false,
      "startTime" : "20170628T203038+0900",
      "endTime" : "20170628T204038+0900",
      "duration" : 600.0,
      "distance" : 635.0,
      "trackPoints" : [ {
        "lat" : 43.078877,
        "lon" : 141.34076,
        "time" : "20170628T203038+0900"
      }, {
        "lat" : 43.079839,
        "lon" : 141.34079,
        "time" : "20170628T203307+0900"
      }, {
        "lat" : 43.079963,
        "lon" : 141.34071,
        "time" : "20170628T203327+0900"
      }, {
        "lat" : 43.079977,
        "lon" : 141.34071,
        "time" : "20170628T203348+0900"
      }, {
        "lat" : 43.080717,
        "lon" : 141.34088,
        "time" : "20170628T203512+0900"
      }, {
        "lat" : 43.080893,
        "lon" : 141.34125,
        "time" : "20170628T203540+0900"
      }, {
        "lat" : 43.080976,
        "lon" : 141.34154,
        "time" : "20170628T203603+0900"
      }, {
        "lat" : 43.0811,
        "lon" : 141.34196,
        "time" : "20170628T203626+0900"
      }, {
        "lat" : 43.081148,
        "lon" : 141.34224,
        "time" : "20170628T203656+0900"
      }, {
        "lat" : 43.081169,
        "lon" : 141.34241,
        "time" : "20170628T203712+0900"
      }, {
        "lat" : 43.081151,
        "lon" : 141.34252,
        "time" : "20170628T203734+0900"
      }, {
        "lat" : 43.081138,
        "lon" : 141.34262,
        "time" : "20170628T203750+0900"
      }, {
        "lat" : 43.081188,
        "lon" : 141.3433,
        "time" : "20170628T203827+0900"
      }, {
        "lat" : 43.081222,
        "lon" : 141.3438,
        "time" : "20170628T203901+0900"
      }, {
        "lat" : 43.081251,
        "lon" : 141.34422,
        "time" : "20170628T203926+0900"
      }, {
        "lat" : 43.081298,
        "lon" : 141.3446,
        "time" : "20170628T203950+0900"
      }, {
        "lat" : 43.081338,
        "lon" : 141.3452,
        "time" : "20170628T204023+0900"
      }, {
        "lat" : 43.081386,
        "lon" : 141.34523,
        "time" : "20170628T204038+0900"
      } ]
    }, {
      "activity" : "walking",
      "group" : "walking",
      "manual" : false,
      "startTime" : "20170628T204038+0900",
      "endTime" : "20170628T204711+0900",
      "duration" : 393.0,
      "distance" : 431.0,
      "steps" : 643,
      "calories" : 24,
      "trackPoints" : [ {
        "lat" : 43.081386,
        "lon" : 141.34523,
        "time" : "20170628T204038+0900"
      }, {
        "lat" : 43.08141,
        "lon" : 141.34525,
        "time" : "20170628T204055+0900"
      }, {
        "lat" : 43.081764,
        "lon" : 141.34519,
        "time" : "20170628T204118+0900"
      }, {
        "lat" : 43.082003,
        "lon" : 141.34518,
        "time" : "20170628T204141+0900"
      }, {
        "lat" : 43.082402,
        "lon" : 141.34498,
        "time" : "20170628T204215+0900"
      }, {
        "lat" : 43.082638,
        "lon" : 141.34492,
        "time" : "20170628T204238+0900"
      }, {
        "lat" : 43.082825,
        "lon" : 141.34489,
        "time" : "20170628T204301+0900"
      }, {
        "lat" : 43.082976,
        "lon" : 141.34488,
        "time" : "20170628T204319+0900"
      }, {
        "lat" : 43.083221,
        "lon" : 141.34483,
        "time" : "20170628T204346+0900"
      }, {
        "lat" : 43.083442,
        "lon" : 141.34487,
        "time" : "20170628T204409+0900"
      }, {
        "lat" : 43.083644,
        "lon" : 141.34481,
        "time" : "20170628T204429+0900"
      }, {
        "lat" : 43.08395,
        "lon" : 141.34466,
        "time" : "20170628T204454+0900"
      }, {
        "lat" : 43.084176,
        "lon" : 141.34464,
        "time" : "20170628T204532+0900"
      }, {
        "lat" : 43.084225,
        "lon" : 141.34472,
        "time" : "20170628T204559+0900"
      }, {
        "lat" : 43.084291,
        "lon" : 141.345,
        "time" : "20170628T204626+0900"
      }, {
        "lat" : 43.084323,
        "lon" : 141.34502,
        "time" : "20170628T204649+0900"
      }, {
        "lat" : 43.084886,
        "lon" : 141.3453,
        "time" : "20170628T204712+0900"
      } ]
    } ],
    "lastUpdate" : "20170628T124128Z"
  }, {
    "type" : "place",
    "startTime" : "20170628T204712+0900",
    "endTime" : "20170629T130241+0900",
    "place" : {
      "id" : 257240275,
      "type" : "unknown",
      "location" : {
        "lat" : 43.084886,
        "lon" : 141.3453
      }
    },
    "activities" : [ {
      "activity" : "walking",
      "group" : "walking",
      "manual" : false,
      "startTime" : "20170628T204712+0900",
      "endTime" : "20170628T204753+0900",
      "duration" : 41.0,
      "distance" : 27.0,
      "steps" : 54,
      "calories" : 1,
      "trackPoints" : [ ]
    } ],
    "lastUpdate" : "20170629T041606Z"
  } ],
  "caloriesIdle" : 1596,
  "lastUpdate" : "20170629T041606Z"
}, {
  "date" : "20170629",
  "summary" : [ {
    "activity" : "walking",
    "group" : "walking",
    "duration" : 1567.0,
    "distance" : 1593.0,
    "steps" : 2347,
    "calories" : 88
  }, {
    "activity" : "cycling",
    "group" : "cycling",
    "duration" : 800.0,
    "distance" : 3511.0,
    "calories" : 87
  }, {
    "activity" : "transport",
    "group" : "transport",
    "duration" : 2524.0,
    "distance" : 11240.0
  } ],
  "segments" : [ {
    "type" : "place",
    "startTime" : "20170628T204712+0900",
    "endTime" : "20170629T130241+0900",
    "place" : {
      "id" : 257240275,
      "type" : "unknown",
      "location" : {
        "lat" : 43.084886,
        "lon" : 141.3453
      }
    },
    "activities" : [ {
      "activity" : "walking",
      "group" : "walking",
      "manual" : false,
      "startTime" : "20170629T130129+0900",
      "endTime" : "20170629T131103+0900",
      "duration" : 574.0,
      "distance" : 587.0,
      "steps" : 783,
      "calories" : 33,
      "trackPoints" : [ ]
    } ],
    "lastUpdate" : "20170629T041606Z"
  }, {
    "type" : "move",
    "startTime" : "20170629T130241+0900",
    "endTime" : "20170629T130718+0900",
    "activities" : [ {
      "activity" : "cycling",
      "group" : "cycling",
      "manual" : false,
      "startTime" : "20170629T130241+0900",
      "endTime" : "20170629T130717+0900",
      "duration" : 276.0,
      "distance" : 1365.0,
      "calories" : 34,
      "trackPoints" : [ {
        "lat" : 43.084886,
        "lon" : 141.3453,
        "time" : "20170629T130241+0900"
      }, {
        "lat" : 43.083911,
        "lon" : 141.34455,
        "time" : "20170629T130257+0900"
      }, {
        "lat" : 43.082501,
        "lon" : 141.34484,
        "time" : "20170629T130320+0900"
      }, {
        "lat" : 43.081324,
        "lon" : 141.3445,
        "time" : "20170629T130350+0900"
      }, {
        "lat" : 43.081135,
        "lon" : 141.34368,
        "time" : "20170629T130407+0900"
      }, {
        "lat" : 43.081154,
        "lon" : 141.34308,
        "time" : "20170629T130423+0900"
      }, {
        "lat" : 43.081165,
        "lon" : 141.34306,
        "time" : "20170629T130440+0900"
      }, {
        "lat" : 43.081142,
        "lon" : 141.34314,
        "time" : "20170629T130500+0900"
      }, {
        "lat" : 43.080904,
        "lon" : 141.34211,
        "time" : "20170629T130529+0900"
      }, {
        "lat" : 43.079988,
        "lon" : 141.34096,
        "time" : "20170629T130546+0900"
      }, {
        "lat" : 43.07924,
        "lon" : 141.34072,
        "time" : "20170629T130605+0900"
      }, {
        "lat" : 43.077874,
        "lon" : 141.34083,
        "time" : "20170629T130634+0900"
      }, {
        "lat" : 43.077386,
        "lon" : 141.33967,
        "time" : "20170629T130700+0900"
      }, {
        "lat" : 43.076409,
        "lon" : 141.33842,
        "time" : "20170629T130718+0900"
      } ]
    } ],
    "lastUpdate" : "20170629T041606Z"
  }, {
    "type" : "place",
    "startTime" : "20170629T130718+0900",
    "endTime" : "20170629T181509+0900",
    "place" : {
      "id" : 264571444,
      "type" : "unknown",
      "location" : {
        "lat" : 43.076536,
        "lon" : 141.3388
      }
    },
    "activities" : [ {
      "activity" : "walking",
      "group" : "walking",
      "manual" : false,
      "startTime" : "20170629T130718+0900",
      "endTime" : "20170629T130845+0900",
      "duration" : 87.0,
      "distance" : 73.0,
      "steps" : 147,
      "calories" : 4,
      "trackPoints" : [ ]
    }, {
      "activity" : "walking",
      "group" : "walking",
      "manual" : false,
      "startTime" : "20170629T181304+0900",
      "endTime" : "20170629T181709+0900",
      "duration" : 245.0,
      "distance" : 245.0,
      "steps" : 326,
      "calories" : 14,
      "trackPoints" : [ ]
    } ],
    "lastUpdate" : "20170629T102836Z"
  }, {
    "type" : "move",
    "startTime" : "20170629T181509+0900",
    "endTime" : "20170629T182043+0900",
    "activities" : [ {
      "activity" : "cycling",
      "group" : "cycling",
      "manual" : false,
      "startTime" : "20170629T181509+0900",
      "endTime" : "20170629T182043+0900",
      "duration" : 334.0,
      "distance" : 1421.0,
      "calories" : 35,
      "trackPoints" : [ {
        "lat" : 43.076536,
        "lon" : 141.3388,
        "time" : "20170629T181509+0900"
      }, {
        "lat" : 43.077418,
        "lon" : 141.33977,
        "time" : "20170629T181550+0900"
      }, {
        "lat" : 43.078201,
        "lon" : 141.34122,
        "time" : "20170629T181621+0900"
      }, {
        "lat" : 43.078973,
        "lon" : 141.3411,
        "time" : "20170629T181636+0900"
      }, {
        "lat" : 43.080835,
        "lon" : 141.34054,
        "time" : "20170629T181709+0900"
      }, {
        "lat" : 43.081105,
        "lon" : 141.34142,
        "time" : "20170629T181725+0900"
      }, {
        "lat" : 43.081122,
        "lon" : 141.34273,
        "time" : "20170629T181751+0900"
      }, {
        "lat" : 43.081275,
        "lon" : 141.34409,
        "time" : "20170629T181820+0900"
      }, {
        "lat" : 43.081551,
        "lon" : 141.34499,
        "time" : "20170629T181839+0900"
      }, {
        "lat" : 43.082283,
        "lon" : 141.34509,
        "time" : "20170629T181900+0900"
      }, {
        "lat" : 43.083304,
        "lon" : 141.34469,
        "time" : "20170629T181920+0900"
      }, {
        "lat" : 43.083548,
        "lon" : 141.34458,
        "time" : "20170629T181937+0900"
      }, {
        "lat" : 43.083589,
        "lon" : 141.34461,
        "time" : "20170629T181957+0900"
      }, {
        "lat" : 43.08383,
        "lon" : 141.34457,
        "time" : "20170629T182019+0900"
      }, {
        "lat" : 43.084632,
        "lon" : 141.34517,
        "time" : "20170629T182043+0900"
      } ]
    } ],
    "lastUpdate" : "20170629T102836Z"
  }, {
    "type" : "place",
    "startTime" : "20170629T182043+0900",
    "endTime" : "20170629T183112+0900",
    "place" : {
      "id" : 152143834,
      "type" : "unknown",
      "location" : {
        "lat" : 43.0846321394,
        "lon" : 141.3451669726
      }
    },
    "activities" : [ {
      "activity" : "walking",
      "group" : "walking",
      "manual" : false,
      "startTime" : "20170629T182043+0900",
      "endTime" : "20170629T182236+0900",
      "duration" : 113.0,
      "distance" : 75.0,
      "steps" : 151,
      "calories" : 4,
      "trackPoints" : [ ]
    } ],
    "lastUpdate" : "20170629T102836Z"
  }, {
    "type" : "move",
    "startTime" : "20170629T183112+0900",
    "endTime" : "20170629T185720+0900",
    "activities" : [ {
      "activity" : "transport",
      "group" : "transport",
      "manual" : false,
      "startTime" : "20170629T183112+0900",
      "endTime" : "20170629T185316+0900",
      "duration" : 1324.0,
      "distance" : 5899.0,
      "trackPoints" : [ {
        "lat" : 43.084632,
        "lon" : 141.34517,
        "time" : "20170629T183112+0900"
      }, {
        "lat" : 43.084826,
        "lon" : 141.34448,
        "time" : "20170629T183135+0900"
      }, {
        "lat" : 43.086188,
        "lon" : 141.34402,
        "time" : "20170629T183202+0900"
      }, {
        "lat" : 43.086984,
        "lon" : 141.34378,
        "time" : "20170629T183221+0900"
      }, {
        "lat" : 43.087812,
        "lon" : 141.3435,
        "time" : "20170629T183240+0900"
      }, {
        "lat" : 43.088626,
        "lon" : 141.34351,
        "time" : "20170629T183300+0900"
      }, {
        "lat" : 43.089225,
        "lon" : 141.3438,
        "time" : "20170629T183316+0900"
      }, {
        "lat" : 43.089443,
        "lon" : 141.34463,
        "time" : "20170629T183338+0900"
      }, {
        "lat" : 43.08965,
        "lon" : 141.34477,
        "time" : "20170629T183401+0900"
      }, {
        "lat" : 43.089702,
        "lon" : 141.34479,
        "time" : "20170629T183417+0900"
      }, {
        "lat" : 43.089813,
        "lon" : 141.34474,
        "time" : "20170629T183438+0900"
      }, {
        "lat" : 43.089845,
        "lon" : 141.34475,
        "time" : "20170629T183500+0900"
      }, {
        "lat" : 43.089899,
        "lon" : 141.34477,
        "time" : "20170629T183520+0900"
      }, {
        "lat" : 43.09012,
        "lon" : 141.34473,
        "time" : "20170629T183547+0900"
      }, {
        "lat" : 43.090418,
        "lon" : 141.34524,
        "time" : "20170629T183620+0900"
      }, {
        "lat" : 43.090749,
        "lon" : 141.34717,
        "time" : "20170629T183652+0900"
      }, {
        "lat" : 43.090984,
        "lon" : 141.34849,
        "time" : "20170629T183720+0900"
      }, {
        "lat" : 43.091139,
        "lon" : 141.35013,
        "time" : "20170629T183750+0900"
      }, {
        "lat" : 43.091345,
        "lon" : 141.35163,
        "time" : "20170629T183806+0900"
      }, {
        "lat" : 43.091501,
        "lon" : 141.35244,
        "time" : "20170629T183821+0900"
      }, {
        "lat" : 43.09153,
        "lon" : 141.35282,
        "time" : "20170629T183843+0900"
      }, {
        "lat" : 43.091649,
        "lon" : 141.35363,
        "time" : "20170629T183917+0900"
      }, {
        "lat" : 43.091782,
        "lon" : 141.35495,
        "time" : "20170629T183944+0900"
      }, {
        "lat" : 43.092012,
        "lon" : 141.3567,
        "time" : "20170629T184010+0900"
      }, {
        "lat" : 43.092251,
        "lon" : 141.35816,
        "time" : "20170629T184027+0900"
      }, {
        "lat" : 43.092382,
        "lon" : 141.35905,
        "time" : "20170629T184102+0900"
      }, {
        "lat" : 43.092441,
        "lon" : 141.35951,
        "time" : "20170629T184118+0900"
      }, {
        "lat" : 43.09265,
        "lon" : 141.36121,
        "time" : "20170629T184143+0900"
      }, {
        "lat" : 43.09275,
        "lon" : 141.36187,
        "time" : "20170629T184210+0900"
      }, {
        "lat" : 43.092967,
        "lon" : 141.36339,
        "time" : "20170629T184238+0900"
      }, {
        "lat" : 43.092994,
        "lon" : 141.36416,
        "time" : "20170629T184310+0900"
      }, {
        "lat" : 43.093332,
        "lon" : 141.36592,
        "time" : "20170629T184332+0900"
      }, {
        "lat" : 43.093684,
        "lon" : 141.36845,
        "time" : "20170629T184353+0900"
      }, {
        "lat" : 43.094144,
        "lon" : 141.37089,
        "time" : "20170629T184418+0900"
      }, {
        "lat" : 43.094057,
        "lon" : 141.37106,
        "time" : "20170629T184444+0900"
      }, {
        "lat" : 43.093811,
        "lon" : 141.37063,
        "time" : "20170629T184512+0900"
      }, {
        "lat" : 43.093832,
        "lon" : 141.37078,
        "time" : "20170629T184533+0900"
      }, {
        "lat" : 43.094029,
        "lon" : 141.37169,
        "time" : "20170629T184549+0900"
      }, {
        "lat" : 43.09419,
        "lon" : 141.3729,
        "time" : "20170629T184605+0900"
      }, {
        "lat" : 43.094279,
        "lon" : 141.37394,
        "time" : "20170629T184621+0900"
      }, {
        "lat" : 43.094523,
        "lon" : 141.37577,
        "time" : "20170629T184641+0900"
      }, {
        "lat" : 43.09449,
        "lon" : 141.38309,
        "time" : "20170629T184803+0900"
      }, {
        "lat" : 43.094633,
        "lon" : 141.38347,
        "time" : "20170629T184823+0900"
      }, {
        "lat" : 43.094667,
        "lon" : 141.38362,
        "time" : "20170629T184843+0900"
      }, {
        "lat" : 43.094387,
        "lon" : 141.38425,
        "time" : "20170629T184916+0900"
      }, {
        "lat" : 43.093768,
        "lon" : 141.38647,
        "time" : "20170629T184959+0900"
      }, {
        "lat" : 43.093444,
        "lon" : 141.38762,
        "time" : "20170629T185021+0900"
      }, {
        "lat" : 43.093317,
        "lon" : 141.38848,
        "time" : "20170629T185047+0900"
      }, {
        "lat" : 43.092976,
        "lon" : 141.38906,
        "time" : "20170629T185110+0900"
      }, {
        "lat" : 43.091408,
        "lon" : 141.3932,
        "time" : "20170629T185143+0900"
      }, {
        "lat" : 43.091118,
        "lon" : 141.39383,
        "time" : "20170629T185207+0900"
      }, {
        "lat" : 43.089768,
        "lon" : 141.39749,
        "time" : "20170629T185259+0900"
      }, {
        "lat" : 43.08942,
        "lon" : 141.39809,
        "time" : "20170629T185316+0900"
      } ]
    }, {
      "activity" : "walking",
      "group" : "walking",
      "manual" : false,
      "startTime" : "20170629T185316+0900",
      "endTime" : "20170629T185719+0900",
      "duration" : 243.0,
      "distance" : 284.0,
      "steps" : 436,
      "calories" : 16,
      "trackPoints" : [ {
        "lat" : 43.08942,
        "lon" : 141.39809,
        "time" : "20170629T185316+0900"
      }, {
        "lat" : 43.089315,
        "lon" : 141.39835,
        "time" : "20170629T185342+0900"
      }, {
        "lat" : 43.089197,
        "lon" : 141.39858,
        "time" : "20170629T185359+0900"
      }, {
        "lat" : 43.089075,
        "lon" : 141.39899,
        "time" : "20170629T185428+0900"
      }, {
        "lat" : 43.089082,
        "lon" : 141.39918,
        "time" : "20170629T185444+0900"
      }, {
        "lat" : 43.089366,
        "lon" : 141.39954,
        "time" : "20170629T185518+0900"
      }, {
        "lat" : 43.089513,
        "lon" : 141.39968,
        "time" : "20170629T185538+0900"
      }, {
        "lat" : 43.089759,
        "lon" : 141.39992,
        "time" : "20170629T185600+0900"
      }, {
        "lat" : 43.090064,
        "lon" : 141.40008,
        "time" : "20170629T185620+0900"
      }, {
        "lat" : 43.090196,
        "lon" : 141.40007,
        "time" : "20170629T185636+0900"
      }, {
        "lat" : 43.090344,
        "lon" : 141.40012,
        "time" : "20170629T185655+0900"
      }, {
        "lat" : 43.090439,
        "lon" : 141.40017,
        "time" : "20170629T185720+0900"
      } ]
    } ],
    "lastUpdate" : "20170629T102836Z"
  }, {
    "type" : "place",
    "startTime" : "20170629T185720+0900",
    "endTime" : "20170629T212352+0900",
    "place" : {
      "id" : 333849665,
      "type" : "unknown",
      "location" : {
        "lat" : 43.090439,
        "lon" : 141.40017
      }
    },
    "activities" : [ {
      "activity" : "walking",
      "group" : "walking",
      "manual" : false,
      "startTime" : "20170629T185720+0900",
      "endTime" : "20170629T185758+0900",
      "duration" : 38.0,
      "distance" : 25.0,
      "steps" : 51,
      "calories" : 1,
      "trackPoints" : [ ]
    } ],
    "lastUpdate" : "20170629T133320Z"
  }, {
    "type" : "move",
    "startTime" : "20170629T212352+0900",
    "endTime" : "20170629T215041+0900",
    "activities" : [ {
      "activity" : "walking",
      "group" : "walking",
      "manual" : false,
      "startTime" : "20170629T212352+0900",
      "endTime" : "20170629T212729+0900",
      "duration" : 217.0,
      "distance" : 271.0,
      "steps" : 386,
      "calories" : 15,
      "trackPoints" : [ {
        "lat" : 43.090439,
        "lon" : 141.40017,
        "time" : "20170629T212352+0900"
      }, {
        "lat" : 43.090175,
        "lon" : 141.39995,
        "time" : "20170629T212415+0900"
      }, {
        "lat" : 43.08996,
        "lon" : 141.3998,
        "time" : "20170629T212436+0900"
      }, {
        "lat" : 43.089638,
        "lon" : 141.39971,
        "time" : "20170629T212506+0900"
      }, {
        "lat" : 43.089513,
        "lon" : 141.39964,
        "time" : "20170629T212521+0900"
      }, {
        "lat" : 43.08934,
        "lon" : 141.3995,
        "time" : "20170629T212542+0900"
      }, {
        "lat" : 43.089176,
        "lon" : 141.39939,
        "time" : "20170629T212558+0900"
      }, {
        "lat" : 43.088983,
        "lon" : 141.39916,
        "time" : "20170629T212617+0900"
      }, {
        "lat" : 43.088954,
        "lon" : 141.39902,
        "time" : "20170629T212633+0900"
      }, {
        "lat" : 43.089112,
        "lon" : 141.39877,
        "time" : "20170629T212703+0900"
      }, {
        "lat" : 43.089306,
        "lon" : 141.39837,
        "time" : "20170629T212730+0900"
      } ]
    }, {
      "activity" : "transport",
      "group" : "transport",
      "manual" : false,
      "startTime" : "20170629T212730+0900",
      "endTime" : "20170629T214730+0900",
      "duration" : 1200.0,
      "distance" : 5341.0,
      "trackPoints" : [ {
        "lat" : 43.089306,
        "lon" : 141.39837,
        "time" : "20170629T212730+0900"
      }, {
        "lat" : 43.089307,
        "lon" : 141.39837,
        "time" : "20170629T212808+0900"
      }, {
        "lat" : 43.089307,
        "lon" : 141.39837,
        "time" : "20170629T212825+0900"
      }, {
        "lat" : 43.089314,
        "lon" : 141.39835,
        "time" : "20170629T212852+0900"
      }, {
        "lat" : 43.08946,
        "lon" : 141.3977,
        "time" : "20170629T212928+0900"
      }, {
        "lat" : 43.090096,
        "lon" : 141.3963,
        "time" : "20170629T212944+0900"
      }, {
        "lat" : 43.090303,
        "lon" : 141.39572,
        "time" : "20170629T213004+0900"
      }, {
        "lat" : 43.091113,
        "lon" : 141.39389,
        "time" : "20170629T213051+0900"
      }, {
        "lat" : 43.091377,
        "lon" : 141.39323,
        "time" : "20170629T213108+0900"
      }, {
        "lat" : 43.093022,
        "lon" : 141.38897,
        "time" : "20170629T213216+0900"
      }, {
        "lat" : 43.093349,
        "lon" : 141.38813,
        "time" : "20170629T213232+0900"
      }, {
        "lat" : 43.094013,
        "lon" : 141.38511,
        "time" : "20170629T213257+0900"
      }, {
        "lat" : 43.09425,
        "lon" : 141.38351,
        "time" : "20170629T213319+0900"
      }, {
        "lat" : 43.094294,
        "lon" : 141.38343,
        "time" : "20170629T213345+0900"
      }, {
        "lat" : 43.09436,
        "lon" : 141.38322,
        "time" : "20170629T213401+0900"
      }, {
        "lat" : 43.09463,
        "lon" : 141.38125,
        "time" : "20170629T213424+0900"
      }, {
        "lat" : 43.094564,
        "lon" : 141.3765,
        "time" : "20170629T213456+0900"
      }, {
        "lat" : 43.094517,
        "lon" : 141.37537,
        "time" : "20170629T213519+0900"
      }, {
        "lat" : 43.094392,
        "lon" : 141.37458,
        "time" : "20170629T213553+0900"
      }, {
        "lat" : 43.094098,
        "lon" : 141.3717,
        "time" : "20170629T213627+0900"
      }, {
        "lat" : 43.093953,
        "lon" : 141.37108,
        "time" : "20170629T213645+0900"
      }, {
        "lat" : 43.093999,
        "lon" : 141.37094,
        "time" : "20170629T213704+0900"
      }, {
        "lat" : 43.093858,
        "lon" : 141.37001,
        "time" : "20170629T213723+0900"
      }, {
        "lat" : 43.093729,
        "lon" : 141.36919,
        "time" : "20170629T213747+0900"
      }, {
        "lat" : 43.093212,
        "lon" : 141.36511,
        "time" : "20170629T213835+0900"
      }, {
        "lat" : 43.093141,
        "lon" : 141.36458,
        "time" : "20170629T213851+0900"
      }, {
        "lat" : 43.093012,
        "lon" : 141.36375,
        "time" : "20170629T213910+0900"
      }, {
        "lat" : 43.092696,
        "lon" : 141.36162,
        "time" : "20170629T213931+0900"
      }, {
        "lat" : 43.092389,
        "lon" : 141.35909,
        "time" : "20170629T214006+0900"
      }, {
        "lat" : 43.092224,
        "lon" : 141.35807,
        "time" : "20170629T214022+0900"
      }, {
        "lat" : 43.0922,
        "lon" : 141.35799,
        "time" : "20170629T214040+0900"
      }, {
        "lat" : 43.091708,
        "lon" : 141.3543,
        "time" : "20170629T214127+0900"
      }, {
        "lat" : 43.091058,
        "lon" : 141.35012,
        "time" : "20170629T214209+0900"
      }, {
        "lat" : 43.091106,
        "lon" : 141.34959,
        "time" : "20170629T214239+0900"
      }, {
        "lat" : 43.090963,
        "lon" : 141.34826,
        "time" : "20170629T214259+0900"
      }, {
        "lat" : 43.091044,
        "lon" : 141.34791,
        "time" : "20170629T214322+0900"
      }, {
        "lat" : 43.090899,
        "lon" : 141.34738,
        "time" : "20170629T214349+0900"
      }, {
        "lat" : 43.090602,
        "lon" : 141.34628,
        "time" : "20170629T214407+0900"
      }, {
        "lat" : 43.089874,
        "lon" : 141.34629,
        "time" : "20170629T214424+0900"
      }, {
        "lat" : 43.089708,
        "lon" : 141.3459,
        "time" : "20170629T214443+0900"
      }, {
        "lat" : 43.089526,
        "lon" : 141.34493,
        "time" : "20170629T214512+0900"
      }, {
        "lat" : 43.089525,
        "lon" : 141.34492,
        "time" : "20170629T214529+0900"
      }, {
        "lat" : 43.089605,
        "lon" : 141.34485,
        "time" : "20170629T214551+0900"
      }, {
        "lat" : 43.089821,
        "lon" : 141.34476,
        "time" : "20170629T214623+0900"
      }, {
        "lat" : 43.089298,
        "lon" : 141.34492,
        "time" : "20170629T214709+0900"
      }, {
        "lat" : 43.089262,
        "lon" : 141.34488,
        "time" : "20170629T214731+0900"
      } ]
    }, {
      "activity" : "cycling",
      "group" : "cycling",
      "manual" : false,
      "startTime" : "20170629T214731+0900",
      "endTime" : "20170629T215041+0900",
      "duration" : 190.0,
      "distance" : 725.0,
      "calories" : 18,
      "trackPoints" : [ {
        "lat" : 43.089262,
        "lon" : 141.34488,
        "time" : "20170629T214731+0900"
      }, {
        "lat" : 43.088878,
        "lon" : 141.34478,
        "time" : "20170629T214749+0900"
      }, {
        "lat" : 43.088652,
        "lon" : 141.34411,
        "time" : "20170629T214808+0900"
      }, {
        "lat" : 43.088067,
        "lon" : 141.34329,
        "time" : "20170629T214840+0900"
      }, {
        "lat" : 43.086929,
        "lon" : 141.34377,
        "time" : "20170629T214909+0900"
      }, {
        "lat" : 43.086281,
        "lon" : 141.34402,
        "time" : "20170629T214929+0900"
      }, {
        "lat" : 43.085025,
        "lon" : 141.34428,
        "time" : "20170629T215005+0900"
      }, {
        "lat" : 43.084632,
        "lon" : 141.34444,
        "time" : "20170629T215025+0900"
      }, {
        "lat" : 43.084886,
        "lon" : 141.3453,
        "time" : "20170629T215041+0900"
      } ]
    } ],
    "lastUpdate" : "20170629T133320Z"
  }, {
    "type" : "place",
    "startTime" : "20170629T215041+0900",
    "endTime" : "20170630T122828+0900",
    "place" : {
      "id" : 257240275,
      "type" : "unknown",
      "location" : {
        "lat" : 43.084886,
        "lon" : 141.3453
      }
    },
    "activities" : [ {
      "activity" : "walking",
      "group" : "walking",
      "manual" : false,
      "startTime" : "20170629T215053+0900",
      "endTime" : "20170629T215143+0900",
      "duration" : 50.0,
      "distance" : 33.0,
      "steps" : 67,
      "calories" : 2,
      "trackPoints" : [ ]
    } ],
    "lastUpdate" : "20170630T050642Z"
  } ],
  "caloriesIdle" : 1596,
  "lastUpdate" : "20170630T050642Z"
}, {
  "date" : "20170630",
  "summary" : [ {
    "activity" : "walking",
    "group" : "walking",
    "duration" : 3984.0,
    "distance" : 3953.0,
    "steps" : 5751,
    "calories" : 219
  }, {
    "activity" : "cycling",
    "group" : "cycling",
    "duration" : 1233.0,
    "distance" : 4335.0,
    "calories" : 110
  } ],
  "segments" : [ {
    "type" : "place",
    "startTime" : "20170629T215041+0900",
    "endTime" : "20170630T122828+0900",
    "place" : {
      "id" : 257240275,
      "type" : "unknown",
      "location" : {
        "lat" : 43.084886,
        "lon" : 141.3453
      }
    },
    "activities" : [ {
      "activity" : "walking",
      "group" : "walking",
      "manual" : false,
      "startTime" : "20170630T122510+0900",
      "endTime" : "20170630T123424+0900",
      "duration" : 554.0,
      "distance" : 554.0,
      "steps" : 739,
      "calories" : 31,
      "trackPoints" : [ ]
    } ],
    "lastUpdate" : "20170630T050642Z"
  }, {
    "type" : "move",
    "startTime" : "20170630T122828+0900",
    "endTime" : "20170630T123442+0900",
    "activities" : [ {
      "activity" : "cycling",
      "group" : "cycling",
      "manual" : false,
      "startTime" : "20170630T122828+0900",
      "endTime" : "20170630T123441+0900",
      "duration" : 373.0,
      "distance" : 1641.0,
      "calories" : 41,
      "trackPoints" : [ {
        "lat" : 43.084886,
        "lon" : 141.3453,
        "time" : "20170630T122828+0900"
      }, {
        "lat" : 43.084091,
        "lon" : 141.34457,
        "time" : "20170630T122847+0900"
      }, {
        "lat" : 43.083357,
        "lon" : 141.34462,
        "time" : "20170630T122907+0900"
      }, {
        "lat" : 43.082611,
        "lon" : 141.34476,
        "time" : "20170630T122923+0900"
      }, {
        "lat" : 43.08164,
        "lon" : 141.34493,
        "time" : "20170630T122950+0900"
      }, {
        "lat" : 43.081283,
        "lon" : 141.3443,
        "time" : "20170630T123011+0900"
      }, {
        "lat" : 43.081179,
        "lon" : 141.34342,
        "time" : "20170630T123028+0900"
      }, {
        "lat" : 43.081084,
        "lon" : 141.34253,
        "time" : "20170630T123046+0900"
      }, {
        "lat" : 43.080734,
        "lon" : 141.34152,
        "time" : "20170630T123108+0900"
      }, {
        "lat" : 43.079106,
        "lon" : 141.34079,
        "time" : "20170630T123142+0900"
      }, {
        "lat" : 43.078799,
        "lon" : 141.3399,
        "time" : "20170630T123212+0900"
      }, {
        "lat" : 43.078776,
        "lon" : 141.33883,
        "time" : "20170630T123232+0900"
      }, {
        "lat" : 43.07885,
        "lon" : 141.33766,
        "time" : "20170630T123251+0900"
      }, {
        "lat" : 43.078896,
        "lon" : 141.33601,
        "time" : "20170630T123317+0900"
      }, {
        "lat" : 43.079039,
        "lon" : 141.3355,
        "time" : "20170630T123333+0900"
      }, {
        "lat" : 43.079414,
        "lon" : 141.33465,
        "time" : "20170630T123358+0900"
      }, {
        "lat" : 43.079302,
        "lon" : 141.33407,
        "time" : "20170630T123420+0900"
      }, {
        "lat" : 43.079681,
        "lon" : 141.33324,
        "time" : "20170630T123442+0900"
      } ]
    } ],
    "lastUpdate" : "20170630T050642Z"
  }, {
    "type" : "place",
    "startTime" : "20170630T123442+0900",
    "endTime" : "20170630T152256+0900",
    "place" : {
      "id" : 482078695,
      "type" : "unknown",
      "location" : {
        "lat" : 43.079681,
        "lon" : 141.33324
      }
    },
    "activities" : [ {
      "activity" : "walking",
      "group" : "walking",
      "manual" : false,
      "startTime" : "20170630T123452+0900",
      "endTime" : "20170630T123941+0900",
      "duration" : 289.0,
      "distance" : 313.0,
      "steps" : 418,
      "calories" : 17,
      "trackPoints" : [ ]
    }, {
      "activity" : "walking",
      "group" : "walking",
      "manual" : false,
      "startTime" : "20170630T130000+0900",
      "endTime" : "20170630T130322+0900",
      "duration" : 202.0,
      "distance" : 209.0,
      "steps" : 279,
      "calories" : 12,
      "trackPoints" : [ ]
    }, {
      "activity" : "walking",
      "group" : "walking",
      "manual" : false,
      "startTime" : "20170630T140916+0900",
      "endTime" : "20170630T140929+0900",
      "duration" : 13.0,
      "distance" : 9.0,
      "steps" : 18,
      "calories" : 0,
      "trackPoints" : [ ]
    }, {
      "activity" : "walking",
      "group" : "walking",
      "manual" : false,
      "startTime" : "20170630T152036+0900",
      "endTime" : "20170630T152551+0900",
      "duration" : 315.0,
      "distance" : 329.0,
      "steps" : 438,
      "calories" : 18,
      "trackPoints" : [ ]
    } ],
    "lastUpdate" : "20170630T063808Z"
  }, {
    "type" : "move",
    "startTime" : "20170630T152256+0900",
    "endTime" : "20170630T153217+0900",
    "activities" : [ {
      "activity" : "cycling",
      "group" : "cycling",
      "manual" : false,
      "startTime" : "20170630T152256+0900",
      "endTime" : "20170630T153216+0900",
      "duration" : 560.0,
      "distance" : 1818.0,
      "calories" : 46,
      "trackPoints" : [ {
        "lat" : 43.079681,
        "lon" : 141.33324,
        "time" : "20170630T152256+0900"
      }, {
        "lat" : 43.078965,
        "lon" : 141.33439,
        "time" : "20170630T152322+0900"
      }, {
        "lat" : 43.078983,
        "lon" : 141.33546,
        "time" : "20170630T152344+0900"
      }, {
        "lat" : 43.078837,
        "lon" : 141.33653,
        "time" : "20170630T152409+0900"
      }, {
        "lat" : 43.078813,
        "lon" : 141.33912,
        "time" : "20170630T152507+0900"
      }, {
        "lat" : 43.078627,
        "lon" : 141.33957,
        "time" : "20170630T152523+0900"
      }, {
        "lat" : 43.078906,
        "lon" : 141.34073,
        "time" : "20170630T152606+0900"
      }, {
        "lat" : 43.07922,
        "lon" : 141.34082,
        "time" : "20170630T152624+0900"
      }, {
        "lat" : 43.080912,
        "lon" : 141.34081,
        "time" : "20170630T152711+0900"
      }, {
        "lat" : 43.08109,
        "lon" : 141.34151,
        "time" : "20170630T152729+0900"
      }, {
        "lat" : 43.081372,
        "lon" : 141.34262,
        "time" : "20170630T152806+0900"
      }, {
        "lat" : 43.081925,
        "lon" : 141.34222,
        "time" : "20170630T152830+0900"
      }, {
        "lat" : 43.0827,
        "lon" : 141.34184,
        "time" : "20170630T152856+0900"
      }, {
        "lat" : 43.083282,
        "lon" : 141.34205,
        "time" : "20170630T152922+0900"
      }, {
        "lat" : 43.083277,
        "lon" : 141.34269,
        "time" : "20170630T152939+0900"
      }, {
        "lat" : 43.083444,
        "lon" : 141.34403,
        "time" : "20170630T153018+0900"
      }, {
        "lat" : 43.0835,
        "lon" : 141.34451,
        "time" : "20170630T153038+0900"
      }, {
        "lat" : 43.083514,
        "lon" : 141.34452,
        "time" : "20170630T153107+0900"
      }, {
        "lat" : 43.083902,
        "lon" : 141.34451,
        "time" : "20170630T153128+0900"
      }, {
        "lat" : 43.084954,
        "lon" : 141.34398,
        "time" : "20170630T153217+0900"
      } ]
    } ],
    "lastUpdate" : "20170630T063808Z"
  }, {
    "type" : "place",
    "startTime" : "20170630T153217+0900",
    "endTime" : "20170630T154524+0900",
    "place" : {
      "id" : 182267608,
      "type" : "unknown",
      "location" : {
        "lat" : 43.0851258405,
        "lon" : 141.3443117169
      }
    },
    "activities" : [ {
      "activity" : "walking",
      "group" : "walking",
      "manual" : false,
      "startTime" : "20170630T153310+0900",
      "endTime" : "20170630T153549+0900",
      "duration" : 159.0,
      "distance" : 159.0,
      "steps" : 212,
      "calories" : 9,
      "trackPoints" : [ ]
    } ],
    "lastUpdate" : "20170630T080849Z"
  }, {
    "type" : "place",
    "startTime" : "20170630T155038+0900",
    "endTime" : "20170630T161043+0900",
    "place" : {
      "id" : 482123999,
      "type" : "unknown",
      "location" : {
        "lat" : 43.086832,
        "lon" : 141.34535
      }
    },
    "activities" : [ {
      "activity" : "walking",
      "group" : "walking",
      "manual" : false,
      "startTime" : "20170630T155038+0900",
      "endTime" : "20170630T155321+0900",
      "duration" : 163.0,
      "distance" : 163.0,
      "steps" : 218,
      "calories" : 9,
      "trackPoints" : [ ]
    } ],
    "lastUpdate" : "20170630T080849Z"
  }, {
    "type" : "place",
    "startTime" : "20170630T161044+0900",
    "endTime" : "20170630T172140+0900",
    "place" : {
      "id" : 141435006,
      "type" : "unknown",
      "location" : {
        "lat" : 43.0843685253,
        "lon" : 141.345080654
      }
    },
    "activities" : [ {
      "activity" : "walking",
      "group" : "walking",
      "manual" : false,
      "startTime" : "20170630T172026+0900",
      "endTime" : "20170630T172144+0900",
      "duration" : 78.0,
      "distance" : 52.0,
      "steps" : 104,
      "calories" : 3,
      "trackPoints" : [ ]
    } ],
    "lastUpdate" : "20170630T094333Z"
  }, {
    "type" : "move",
    "startTime" : "20170630T172140+0900",
    "endTime" : "20170630T173019+0900",
    "activities" : [ {
      "activity" : "cycling",
      "group" : "cycling",
      "manual" : false,
      "startTime" : "20170630T172140+0900",
      "endTime" : "20170630T172640+0900",
      "duration" : 300.0,
      "distance" : 876.0,
      "calories" : 23,
      "trackPoints" : [ {
        "lat" : 43.084369,
        "lon" : 141.34508,
        "time" : "20170630T172140+0900"
      }, {
        "lat" : 43.084202,
        "lon" : 141.34457,
        "time" : "20170630T172155+0900"
      }, {
        "lat" : 43.083735,
        "lon" : 141.3447,
        "time" : "20170630T172210+0900"
      }, {
        "lat" : 43.079387,
        "lon" : 141.34085,
        "time" : "20170630T172515+0900"
      }, {
        "lat" : 43.078792,
        "lon" : 141.34089,
        "time" : "20170630T172531+0900"
      }, {
        "lat" : 43.078403,
        "lon" : 141.34095,
        "time" : "20170630T172640+0900"
      } ]
    } ],
    "lastUpdate" : "20170630T094333Z"
  }, {
    "type" : "place",
    "startTime" : "20170630T173020+0900",
    "endTime" : "20170630T191915+0900",
    "place" : {
      "id" : 482156787,
      "type" : "unknown",
      "location" : {
        "lat" : 43.075963,
        "lon" : 141.34123
      }
    },
    "activities" : [ {
      "activity" : "walking",
      "group" : "walking",
      "manual" : false,
      "startTime" : "20170630T173726+0900",
      "endTime" : "20170630T173819+0900",
      "duration" : 53.0,
      "distance" : 35.0,
      "steps" : 71,
      "calories" : 2,
      "trackPoints" : [ ]
    }, {
      "activity" : "walking",
      "group" : "walking",
      "manual" : false,
      "startTime" : "20170630T180038+0900",
      "endTime" : "20170630T180554+0900",
      "duration" : 316.0,
      "distance" : 380.0,
      "steps" : 507,
      "calories" : 21,
      "trackPoints" : [ ]
    }, {
      "activity" : "walking",
      "group" : "walking",
      "manual" : false,
      "startTime" : "20170630T190516+0900",
      "endTime" : "20170630T190601+0900",
      "duration" : 45.0,
      "distance" : 30.0,
      "steps" : 60,
      "calories" : 2,
      "trackPoints" : [ ]
    } ],
    "lastUpdate" : "20170630T111816Z"
  }, {
    "type" : "move",
    "startTime" : "20170630T191915+0900",
    "endTime" : "20170630T194424+0900",
    "activities" : [ {
      "activity" : "walking",
      "group" : "walking",
      "manual" : false,
      "startTime" : "20170630T191915+0900",
      "endTime" : "20170630T194424+0900",
      "duration" : 1509.0,
      "distance" : 1576.0,
      "steps" : 2440,
      "calories" : 87,
      "trackPoints" : [ {
        "lat" : 43.075963,
        "lon" : 141.34123,
        "time" : "20170630T191915+0900"
      }, {
        "lat" : 43.075837,
        "lon" : 141.34139,
        "time" : "20170630T192024+0900"
      }, {
        "lat" : 43.075683,
        "lon" : 141.34153,
        "time" : "20170630T192145+0900"
      }, {
        "lat" : 43.075487,
        "lon" : 141.34171,
        "time" : "20170630T192329+0900"
      }, {
        "lat" : 43.075389,
        "lon" : 141.3418,
        "time" : "20170630T192420+0900"
      }, {
        "lat" : 43.075149,
        "lon" : 141.34208,
        "time" : "20170630T192644+0900"
      }, {
        "lat" : 43.07528,
        "lon" : 141.34262,
        "time" : "20170630T192710+0900"
      }, {
        "lat" : 43.075378,
        "lon" : 141.34417,
        "time" : "20170630T192850+0900"
      }, {
        "lat" : 43.07545,
        "lon" : 141.3444,
        "time" : "20170630T192912+0900"
      }, {
        "lat" : 43.075486,
        "lon" : 141.3446,
        "time" : "20170630T192930+0900"
      }, {
        "lat" : 43.075502,
        "lon" : 141.34479,
        "time" : "20170630T192947+0900"
      }, {
        "lat" : 43.076327,
        "lon" : 141.34674,
        "time" : "20170630T193216+0900"
      }, {
        "lat" : 43.076499,
        "lon" : 141.34658,
        "time" : "20170630T193239+0900"
      }, {
        "lat" : 43.076705,
        "lon" : 141.34652,
        "time" : "20170630T193259+0900"
      }, {
        "lat" : 43.076874,
        "lon" : 141.34647,
        "time" : "20170630T193316+0900"
      }, {
        "lat" : 43.077103,
        "lon" : 141.34641,
        "time" : "20170630T193339+0900"
      }, {
        "lat" : 43.079044,
        "lon" : 141.34593,
        "time" : "20170630T193623+0900"
      }, {
        "lat" : 43.079253,
        "lon" : 141.34586,
        "time" : "20170630T193640+0900"
      }, {
        "lat" : 43.079403,
        "lon" : 141.34579,
        "time" : "20170630T193657+0900"
      }, {
        "lat" : 43.080826,
        "lon" : 141.34524,
        "time" : "20170630T193930+0900"
      }, {
        "lat" : 43.081176,
        "lon" : 141.34519,
        "time" : "20170630T194000+0900"
      }, {
        "lat" : 43.081283,
        "lon" : 141.34534,
        "time" : "20170630T194016+0900"
      }, {
        "lat" : 43.083556,
        "lon" : 141.34478,
        "time" : "20170630T194347+0900"
      }, {
        "lat" : 43.083728,
        "lon" : 141.34478,
        "time" : "20170630T194406+0900"
      }, {
        "lat" : 43.083966,
        "lon" : 141.34452,
        "time" : "20170630T194424+0900"
      } ]
    } ],
    "lastUpdate" : "20170630T111816Z"
  }, {
    "type" : "move",
    "startTime" : "20170630T194424+0900",
    "endTime" : "20170630T194912+0900",
    "activities" : [ {
      "activity" : "walking",
      "group" : "walking",
      "manual" : false,
      "startTime" : "20170630T194424+0900",
      "endTime" : "20170630T194912+0900",
      "duration" : 288.0,
      "distance" : 144.0,
      "steps" : 247,
      "calories" : 8,
      "trackPoints" : [ {
        "lat" : 43.083854,
        "lon" : 141.34475,
        "time" : "20170630T194424+0900"
      }, {
        "lat" : 43.083948,
        "lon" : 141.34478,
        "time" : "20170630T194450+0900"
      }, {
        "lat" : 43.084394,
        "lon" : 141.34498,
        "time" : "20170630T194713+0900"
      }, {
        "lat" : 43.084886,
        "lon" : 141.3453,
        "time" : "20170630T194912+0900"
      } ]
    } ],
    "lastUpdate" : "20170701T072450Z"
  }, {
    "type" : "place",
    "startTime" : "20170630T194913+0900",
    "endTime" : "20170701T180744+0900",
    "place" : {
      "id" : 257240275,
      "type" : "unknown",
      "location" : {
        "lat" : 43.084886,
        "lon" : 141.3453
      }
    },
    "lastUpdate" : "20170701T134001Z"
  } ],
  "caloriesIdle" : 1596,
  "lastUpdate" : "20170701T134001Z"
}, {
  "date" : "20170701",
  "summary" : [ {
    "activity" : "walking",
    "group" : "walking",
    "duration" : 1040.0,
    "distance" : 965.0,
    "steps" : 1389,
    "calories" : 53
  }, {
    "activity" : "cycling",
    "group" : "cycling",
    "duration" : 702.0,
    "distance" : 2972.0,
    "calories" : 74
  } ],
  "segments" : [ {
    "type" : "place",
    "startTime" : "20170630T194913+0900",
    "endTime" : "20170701T180744+0900",
    "place" : {
      "id" : 257240275,
      "type" : "unknown",
      "location" : {
        "lat" : 43.084886,
        "lon" : 141.3453
      }
    },
    "activities" : [ {
      "activity" : "walking",
      "group" : "walking",
      "manual" : false,
      "startTime" : "20170701T061426+0900",
      "endTime" : "20170701T061441+0900",
      "duration" : 15.0,
      "distance" : 10.0,
      "steps" : 20,
      "calories" : 1,
      "trackPoints" : [ ]
    }, {
      "activity" : "walking",
      "group" : "walking",
      "manual" : false,
      "startTime" : "20170701T171406+0900",
      "endTime" : "20170701T171412+0900",
      "duration" : 6.0,
      "distance" : 4.0,
      "steps" : 8,
      "calories" : 0,
      "trackPoints" : [ ]
    }, {
      "activity" : "walking",
      "group" : "walking",
      "manual" : false,
      "startTime" : "20170701T180520+0900",
      "endTime" : "20170701T181856+0900",
      "duration" : 816.0,
      "distance" : 816.0,
      "steps" : 1088,
      "calories" : 45,
      "trackPoints" : [ ]
    } ],
    "lastUpdate" : "20170701T134001Z"
  }, {
    "type" : "move",
    "startTime" : "20170701T180744+0900",
    "endTime" : "20170701T181634+0900",
    "activities" : [ {
      "activity" : "cycling",
      "group" : "cycling",
      "manual" : false,
      "startTime" : "20170701T180744+0900",
      "endTime" : "20170701T181241+0900",
      "duration" : 297.0,
      "distance" : 1306.0,
      "calories" : 32,
      "trackPoints" : [ {
        "lat" : 43.084886,
        "lon" : 141.3453,
        "time" : "20170701T180744+0900"
      }, {
        "lat" : 43.082576,
        "lon" : 141.34493,
        "time" : "20170701T180806+0900"
      }, {
        "lat" : 43.081582,
        "lon" : 141.34557,
        "time" : "20170701T180833+0900"
      }, {
        "lat" : 43.080657,
        "lon" : 141.34546,
        "time" : "20170701T180912+0900"
      }, {
        "lat" : 43.080052,
        "lon" : 141.34553,
        "time" : "20170701T180927+0900"
      }, {
        "lat" : 43.079346,
        "lon" : 141.34565,
        "time" : "20170701T180944+0900"
      }, {
        "lat" : 43.077982,
        "lon" : 141.3463,
        "time" : "20170701T181019+0900"
      }, {
        "lat" : 43.07803,
        "lon" : 141.34715,
        "time" : "20170701T181043+0900"
      }, {
        "lat" : 43.078207,
        "lon" : 141.34795,
        "time" : "20170701T181105+0900"
      }, {
        "lat" : 43.078371,
        "lon" : 141.34894,
        "time" : "20170701T181123+0900"
      }, {
        "lat" : 43.078408,
        "lon" : 141.34929,
        "time" : "20170701T181151+0900"
      }, {
        "lat" : 43.078442,
        "lon" : 141.34978,
        "time" : "20170701T181210+0900"
      }, {
        "lat" : 43.078702,
        "lon" : 141.35141,
        "time" : "20170701T181241+0900"
      } ]
    } ],
    "lastUpdate" : "20170701T134001Z"
  }, {
    "type" : "place",
    "startTime" : "20170701T181634+0900",
    "endTime" : "20170701T214825+0900",
    "place" : {
      "id" : 339475568,
      "type" : "unknown",
      "location" : {
        "lat" : 43.077763,
        "lon" : 141.35321
      }
    },
    "activities" : [ {
      "activity" : "walking",
      "group" : "walking",
      "manual" : false,
      "startTime" : "20170701T181634+0900",
      "endTime" : "20170701T181746+0900",
      "duration" : 72.0,
      "distance" : 48.0,
      "steps" : 97,
      "calories" : 3,
      "trackPoints" : [ ]
    }, {
      "activity" : "walking",
      "group" : "walking",
      "manual" : false,
      "startTime" : "20170701T214621+0900",
      "endTime" : "20170701T214706+0900",
      "duration" : 45.0,
      "distance" : 30.0,
      "steps" : 61,
      "calories" : 2,
      "trackPoints" : [ ]
    } ],
    "lastUpdate" : "20170701T134003Z"
  }, {
    "type" : "move",
    "startTime" : "20170701T214825+0900",
    "endTime" : "20170701T215103+0900",
    "activities" : [ {
      "activity" : "cycling",
      "group" : "cycling",
      "manual" : false,
      "startTime" : "20170701T214825+0900",
      "endTime" : "20170701T215103+0900",
      "duration" : 158.0,
      "distance" : 717.0,
      "calories" : 18,
      "trackPoints" : [ {
        "lat" : 43.077763,
        "lon" : 141.35321,
        "time" : "20170701T214825+0900"
      }, {
        "lat" : 43.078985,
        "lon" : 141.35307,
        "time" : "20170701T214903+0900"
      }, {
        "lat" : 43.078875,
        "lon" : 141.35254,
        "time" : "20170701T214928+0900"
      }, {
        "lat" : 43.079019,
        "lon" : 141.35201,
        "time" : "20170701T214947+0900"
      }, {
        "lat" : 43.078705,
        "lon" : 141.35125,
        "time" : "20170701T215008+0900"
      }, {
        "lat" : 43.078584,
        "lon" : 141.35008,
        "time" : "20170701T215042+0900"
      }, {
        "lat" : 43.078268,
        "lon" : 141.34728,
        "time" : "20170701T215103+0900"
      } ]
    } ],
    "lastUpdate" : "20170701T134003Z"
  }, {
    "type" : "place",
    "startTime" : "20170701T215103+0900",
    "endTime" : "20170701T231341+0900",
    "place" : {
      "id" : 149890094,
      "type" : "unknown",
      "location" : {
        "lat" : 43.078268072,
        "lon" : 141.3472826585
      }
    },
    "activities" : [ {
      "activity" : "walking",
      "group" : "walking",
      "manual" : false,
      "startTime" : "20170701T215126+0900",
      "endTime" : "20170701T215211+0900",
      "duration" : 45.0,
      "distance" : 30.0,
      "steps" : 60,
      "calories" : 2,
      "trackPoints" : [ ]
    }, {
      "activity" : "walking",
      "group" : "walking",
      "manual" : false,
      "startTime" : "20170701T220223+0900",
      "endTime" : "20170701T220240+0900",
      "duration" : 17.0,
      "distance" : 11.0,
      "steps" : 23,
      "calories" : 1,
      "trackPoints" : [ ]
    }, {
      "activity" : "walking",
      "group" : "walking",
      "manual" : false,
      "startTime" : "20170701T231303+0900",
      "endTime" : "20170701T231327+0900",
      "duration" : 24.0,
      "distance" : 16.0,
      "steps" : 32,
      "calories" : 1,
      "trackPoints" : [ ]
    } ],
    "lastUpdate" : "20170701T151050Z"
  }, {
    "type" : "move",
    "startTime" : "20170701T231341+0900",
    "endTime" : "20170701T231748+0900",
    "activities" : [ {
      "activity" : "cycling",
      "group" : "cycling",
      "manual" : false,
      "startTime" : "20170701T231341+0900",
      "endTime" : "20170701T231748+0900",
      "duration" : 247.0,
      "distance" : 949.0,
      "calories" : 24,
      "trackPoints" : [ {
        "lat" : 43.078268,
        "lon" : 141.34728,
        "time" : "20170701T231341+0900"
      }, {
        "lat" : 43.078251,
        "lon" : 141.34615,
        "time" : "20170701T231416+0900"
      }, {
        "lat" : 43.079061,
        "lon" : 141.3458,
        "time" : "20170701T231444+0900"
      }, {
        "lat" : 43.079778,
        "lon" : 141.34559,
        "time" : "20170701T231507+0900"
      }, {
        "lat" : 43.080695,
        "lon" : 141.34548,
        "time" : "20170701T231530+0900"
      }, {
        "lat" : 43.081207,
        "lon" : 141.34551,
        "time" : "20170701T231548+0900"
      }, {
        "lat" : 43.081499,
        "lon" : 141.34548,
        "time" : "20170701T231615+0900"
      }, {
        "lat" : 43.081896,
        "lon" : 141.34535,
        "time" : "20170701T231643+0900"
      }, {
        "lat" : 43.08295,
        "lon" : 141.3448,
        "time" : "20170701T231713+0900"
      }, {
        "lat" : 43.083441,
        "lon" : 141.34467,
        "time" : "20170701T231730+0900"
      }, {
        "lat" : 43.084886,
        "lon" : 141.3453,
        "time" : "20170701T231748+0900"
      } ]
    } ],
    "lastUpdate" : "20170701T151050Z"
  } ],
  "caloriesIdle" : 1596,
  "lastUpdate" : "20170701T151050Z"
}, {
  "date" : "20170702",
  "summary" : null,
  "segments" : [ {
    "type" : "place",
    "startTime" : "20170702T113641+0900",
    "endTime" : "20170703T102134+0900",
    "place" : {
      "id" : 257240275,
      "type" : "unknown",
      "location" : {
        "lat" : 43.084886,
        "lon" : 141.3453
      }
    },
    "lastUpdate" : "20170703T023643Z"
  } ],
  "caloriesIdle" : 1596,
  "lastUpdate" : "20170703T023643Z"
} ]