[ {
  "date" : "20171218",
  "summary" : [ {
    "activity" : "walking",
    "group" : "walking",
    "duration" : 3115.0,
    "distance" : 3683.0,
    "steps" : 5171,
    "calories" : 204
  } ],
  "segments" : [ {
    "type" : "place",
    "startTime" : "20171217T175718+0900",
    "endTime" : "20171218T102719+0900",
    "place" : {
      "id" : 147930617,
      "type" : "unknown",
      "location" : {
        "lat" : 43.0839664558,
        "lon" : 141.3445236816
      }
    },
    "activities" : [ {
      "activity" : "walking",
      "group" : "walking",
      "manual" : false,
      "startTime" : "20171218T023426+0900",
      "endTime" : "20171218T023441+0900",
      "duration" : 15.0,
      "distance" : 10.0,
      "steps" : 20,
      "calories" : 1,
      "trackPoints" : [ ]
    }, {
      "activity" : "walking",
      "group" : "walking",
      "manual" : false,
      "startTime" : "20171218T102658+0900",
      "endTime" : "20171218T102713+0900",
      "duration" : 15.0,
      "distance" : 10.0,
      "steps" : 20,
      "calories" : 1,
      "trackPoints" : [ ]
    } ],
    "lastUpdate" : "20171218T031018Z"
  }, {
    "type" : "move",
    "startTime" : "20171218T102719+0900",
    "endTime" : "20171218T104303+0900",
    "activities" : [ {
      "activity" : "walking",
      "group" : "walking",
      "manual" : false,
      "startTime" : "20171218T102719+0900",
      "endTime" : "20171218T104303+0900",
      "duration" : 944.0,
      "distance" : 1254.0,
      "steps" : 1626,
      "calories" : 70,
      "trackPoints" : [ {
        "lat" : 43.083966,
        "lon" : 141.34452,
        "time" : "20171218T102719+0900"
      }, {
        "lat" : 43.084013,
        "lon" : 141.34455,
        "time" : "20171218T102830+0900"
      }, {
        "lat" : 43.083637,
        "lon" : 141.34464,
        "time" : "20171218T102854+0900"
      }, {
        "lat" : 43.083286,
        "lon" : 141.34428,
        "time" : "20171218T102932+0900"
      }, {
        "lat" : 43.082998,
        "lon" : 141.34419,
        "time" : "20171218T103002+0900"
      }, {
        "lat" : 43.081143,
        "lon" : 141.34383,
        "time" : "20171218T103226+0900"
      }, {
        "lat" : 43.081058,
        "lon" : 141.34349,
        "time" : "20171218T103241+0900"
      }, {
        "lat" : 43.080891,
        "lon" : 141.34299,
        "time" : "20171218T103309+0900"
      }, {
        "lat" : 43.080138,
        "lon" : 141.34186,
        "time" : "20171218T103439+0900"
      }, {
        "lat" : 43.079392,
        "lon" : 141.3407,
        "time" : "20171218T103604+0900"
      }, {
        "lat" : 43.079089,
        "lon" : 141.34066,
        "time" : "20171218T103625+0900"
      }, {
        "lat" : 43.076182,
        "lon" : 141.33915,
        "time" : "20171218T103948+0900"
      }, {
        "lat" : 43.076221,
        "lon" : 141.33935,
        "time" : "20171218T104008+0900"
      }, {
        "lat" : 43.076302,
        "lon" : 141.33945,
        "time" : "20171218T104030+0900"
      }, {
        "lat" : 43.076332,
        "lon" : 141.33947,
        "time" : "20171218T104049+0900"
      }, {
        "lat" : 43.075967,
        "lon" : 141.3395,
        "time" : "20171218T104303+0900"
      } ]
    } ],
    "lastUpdate" : "20171218T031018Z"
  }, {
    "type" : "place",
    "startTime" : "20171218T104304+0900",
    "endTime" : "20171218T170413+0900",
    "place" : {
      "id" : 270822334,
      "type" : "unknown",
      "location" : {
        "lat" : 43.075982,
        "lon" : 141.33887
      }
    },
    "activities" : [ {
      "activity" : "walking",
      "group" : "walking",
      "manual" : false,
      "startTime" : "20171218T115813+0900",
      "endTime" : "20171218T115956+0900",
      "duration" : 103.0,
      "distance" : 79.0,
      "steps" : 158,
      "calories" : 4,
      "trackPoints" : [ ]
    }, {
      "activity" : "walking",
      "group" : "walking",
      "manual" : false,
      "startTime" : "20171218T120000+0900",
      "endTime" : "20171218T120819+0900",
      "duration" : 499.0,
      "distance" : 577.0,
      "steps" : 769,
      "calories" : 32,
      "trackPoints" : [ ]
    }, {
      "activity" : "walking",
      "group" : "walking",
      "manual" : false,
      "startTime" : "20171218T143517+0900",
      "endTime" : "20171218T143745+0900",
      "duration" : 148.0,
      "distance" : 186.0,
      "steps" : 249,
      "calories" : 10,
      "trackPoints" : [ ]
    }, {
      "activity" : "walking",
      "group" : "walking",
      "manual" : false,
      "startTime" : "20171218T170339+0900",
      "endTime" : "20171218T170354+0900",
      "duration" : 15.0,
      "distance" : 10.0,
      "steps" : 20,
      "calories" : 1,
      "trackPoints" : [ ]
    } ],
    "lastUpdate" : "20171218T092356Z"
  }, {
    "type" : "move",
    "startTime" : "20171218T170413+0900",
    "endTime" : "20171218T171141+0900",
    "activities" : [ {
      "activity" : "walking",
      "group" : "walking",
      "manual" : false,
      "startTime" : "20171218T170413+0900",
      "endTime" : "20171218T171141+0900",
      "duration" : 448.0,
      "distance" : 491.0,
      "steps" : 767,
      "calories" : 27,
      "trackPoints" : [ {
        "lat" : 43.075982,
        "lon" : 141.33887,
        "time" : "20171218T170413+0900"
      }, {
        "lat" : 43.076329,
        "lon" : 141.33829,
        "time" : "20171218T170458+0900"
      }, {
        "lat" : 43.076175,
        "lon" : 141.33833,
        "time" : "20171218T170517+0900"
      }, {
        "lat" : 43.077696,
        "lon" : 141.33983,
        "time" : "20171218T170824+0900"
      }, {
        "lat" : 43.077783,
        "lon" : 141.33995,
        "time" : "20171218T170840+0900"
      }, {
        "lat" : 43.077956,
        "lon" : 141.3401,
        "time" : "20171218T170903+0900"
      }, {
        "lat" : 43.07844,
        "lon" : 141.34025,
        "time" : "20171218T171037+0900"
      }, {
        "lat" : 43.078948,
        "lon" : 141.34029,
        "time" : "20171218T171141+0900"
      } ]
    } ],
    "lastUpdate" : "20171218T092356Z"
  }, {
    "type" : "place",
    "startTime" : "20171218T171142+0900",
    "endTime" : "20171218T171350+0900",
    "place" : {
      "id" : 153575117,
      "type" : "unknown",
      "location" : {
        "lat" : 43.0789480864,
        "lon" : 141.3402874001
      }
    },
    "activities" : [ {
      "activity" : "walking",
      "group" : "walking",
      "manual" : false,
      "startTime" : "20171218T171332+0900",
      "endTime" : "20171218T171338+0900",
      "duration" : 6.0,
      "distance" : 4.0,
      "steps" : 8,
      "calories" : 0,
      "trackPoints" : [ ]
    } ],
    "lastUpdate" : "20171218T092356Z"
  }, {
    "type" : "move",
    "startTime" : "20171218T171350+0900",
    "endTime" : "20171218T172825+0900",
    "activities" : [ {
      "activity" : "walking",
      "group" : "walking",
      "manual" : false,
      "startTime" : "20171218T171350+0900",
      "endTime" : "20171218T172825+0900",
      "duration" : 875.0,
      "distance" : 1031.0,
      "steps" : 1471,
      "calories" : 57,
      "trackPoints" : [ {
        "lat" : 43.078948,
        "lon" : 141.34029,
        "time" : "20171218T171350+0900"
      }, {
        "lat" : 43.07928,
        "lon" : 141.34052,
        "time" : "20171218T171454+0900"
      }, {
        "lat" : 43.079321,
        "lon" : 141.34052,
        "time" : "20171218T171513+0900"
      }, {
        "lat" : 43.079523,
        "lon" : 141.34054,
        "time" : "20171218T171616+0900"
      }, {
        "lat" : 43.079879,
        "lon" : 141.34059,
        "time" : "20171218T171738+0900"
      }, {
        "lat" : 43.08012,
        "lon" : 141.34054,
        "time" : "20171218T171753+0900"
      }, {
        "lat" : 43.081303,
        "lon" : 141.34343,
        "time" : "20171218T172124+0900"
      }, {
        "lat" : 43.081388,
        "lon" : 141.34365,
        "time" : "20171218T172146+0900"
      }, {
        "lat" : 43.081485,
        "lon" : 141.34382,
        "time" : "20171218T172203+0900"
      }, {
        "lat" : 43.081604,
        "lon" : 141.34385,
        "time" : "20171218T172221+0900"
      }, {
        "lat" : 43.083961,
        "lon" : 141.34426,
        "time" : "20171218T172519+0900"
      }, {
        "lat" : 43.083842,
        "lon" : 141.34475,
        "time" : "20171218T172540+0900"
      }, {
        "lat" : 43.083878,
        "lon" : 141.34475,
        "time" : "20171218T172558+0900"
      }, {
        "lat" : 43.084497,
        "lon" : 141.34474,
        "time" : "20171218T172726+0900"
      }, {
        "lat" : 43.085194,
        "lon" : 141.34479,
        "time" : "20171218T172825+0900"
      } ]
    } ],
    "lastUpdate" : "20171218T092356Z"
  }, {
    "type" : "place",
    "startTime" : "20171218T172826+0900",
    "endTime" : "20171219T095626+0900",
    "place" : {
      "id" : 243484427,
      "type" : "unknown",
      "location" : {
        "lat" : 43.085194,
        "lon" : 141.34479
      }
    },
    "activities" : [ {
      "activity" : "walking",
      "group" : "walking",
      "manual" : false,
      "startTime" : "20171218T172830+0900",
      "endTime" : "20171218T172911+0900",
      "duration" : 41.0,
      "distance" : 27.0,
      "steps" : 55,
      "calories" : 1,
      "trackPoints" : [ ]
    }, {
      "activity" : "walking",
      "group" : "walking",
      "manual" : false,
      "startTime" : "20171218T213841+0900",
      "endTime" : "20171218T213847+0900",
      "duration" : 6.0,
      "distance" : 4.0,
      "steps" : 8,
      "calories" : 0,
      "trackPoints" : [ ]
    } ],
    "lastUpdate" : "20171219T022740Z"
  } ],
  "caloriesIdle" : 1596,
  "lastUpdate" : "20171219T022740Z"
}, {
  "date" : "20171219",
  "summary" : [ {
    "activity" : "walking",
    "group" : "walking",
    "duration" : 2873.0,
    "distance" : 3983.0,
    "steps" : 4991,
    "calories" : 221
  } ],
  "segments" : [ {
    "type" : "place",
    "startTime" : "20171218T172826+0900",
    "endTime" : "20171219T095626+0900",
    "place" : {
      "id" : 243484427,
      "type" : "unknown",
      "location" : {
        "lat" : 43.085194,
        "lon" : 141.34479
      }
    },
    "lastUpdate" : "20171219T022740Z"
  }, {
    "type" : "place",
    "startTime" : "20171219T095627+0900",
    "endTime" : "20171219T101406+0900",
    "place" : {
      "id" : 141435006,
      "type" : "unknown",
      "location" : {
        "lat" : 43.0843685253,
        "lon" : 141.345080654
      }
    },
    "activities" : [ {
      "activity" : "walking",
      "group" : "walking",
      "manual" : false,
      "startTime" : "20171219T101343+0900",
      "endTime" : "20171219T101355+0900",
      "duration" : 12.0,
      "distance" : 8.0,
      "steps" : 16,
      "calories" : 0,
      "trackPoints" : [ ]
    } ],
    "lastUpdate" : "20171219T022740Z"
  }, {
    "type" : "move",
    "startTime" : "20171219T101406+0900",
    "endTime" : "20171219T102548+0900",
    "activities" : [ {
      "activity" : "walking",
      "group" : "walking",
      "manual" : false,
      "startTime" : "20171219T101406+0900",
      "endTime" : "20171219T102548+0900",
      "duration" : 702.0,
      "distance" : 1211.0,
      "steps" : 1393,
      "calories" : 67,
      "trackPoints" : [ {
        "lat" : 43.084369,
        "lon" : 141.34508,
        "time" : "20171219T101406+0900"
      }, {
        "lat" : 43.084195,
        "lon" : 141.34502,
        "time" : "20171219T101452+0900"
      }, {
        "lat" : 43.084192,
        "lon" : 141.34483,
        "time" : "20171219T101507+0900"
      }, {
        "lat" : 43.084001,
        "lon" : 141.34481,
        "time" : "20171219T101523+0900"
      }, {
        "lat" : 43.0838,
        "lon" : 141.34479,
        "time" : "20171219T101539+0900"
      }, {
        "lat" : 43.08345,
        "lon" : 141.34475,
        "time" : "20171219T101611+0900"
      }, {
        "lat" : 43.08141,
        "lon" : 141.34467,
        "time" : "20171219T101809+0900"
      }, {
        "lat" : 43.081342,
        "lon" : 141.34431,
        "time" : "20171219T101826+0900"
      }, {
        "lat" : 43.080995,
        "lon" : 141.3426,
        "time" : "20171219T101941+0900"
      }, {
        "lat" : 43.080486,
        "lon" : 141.34039,
        "time" : "20171219T102135+0900"
      }, {
        "lat" : 43.080251,
        "lon" : 141.34061,
        "time" : "20171219T102155+0900"
      }, {
        "lat" : 43.079844,
        "lon" : 141.34052,
        "time" : "20171219T102232+0900"
      }, {
        "lat" : 43.079677,
        "lon" : 141.34045,
        "time" : "20171219T102247+0900"
      }, {
        "lat" : 43.077493,
        "lon" : 141.33961,
        "time" : "20171219T102519+0900"
      }, {
        "lat" : 43.077408,
        "lon" : 141.33975,
        "time" : "20171219T102548+0900"
      } ]
    } ],
    "lastUpdate" : "20171219T022740Z"
  }, {
    "type" : "move",
    "startTime" : "20171219T102548+0900",
    "endTime" : "20171219T102656+0900",
    "activities" : [ {
      "activity" : "walking",
      "group" : "walking",
      "manual" : false,
      "startTime" : "20171219T102548+0900",
      "endTime" : "20171219T102655+0900",
      "duration" : 67.0,
      "distance" : 66.0,
      "steps" : 132,
      "calories" : 4,
      "trackPoints" : [ {
        "lat" : 43.07734,
        "lon" : 141.33967,
        "time" : "20171219T102548+0900"
      }, {
        "lat" : 43.077054,
        "lon" : 141.33944,
        "time" : "20171219T102656+0900"
      } ]
    } ],
    "lastUpdate" : "20171219T035905Z"
  }, {
    "type" : "place",
    "startTime" : "20171219T102656+0900",
    "endTime" : "20171219T114220+0900",
    "place" : {
      "id" : 261207420,
      "type" : "unknown",
      "location" : {
        "lat" : 43.077054,
        "lon" : 141.33944
      }
    },
    "activities" : [ {
      "activity" : "walking",
      "group" : "walking",
      "manual" : false,
      "startTime" : "20171219T102656+0900",
      "endTime" : "20171219T102821+0900",
      "duration" : 85.0,
      "distance" : 76.0,
      "steps" : 153,
      "calories" : 4,
      "trackPoints" : [ ]
    }, {
      "activity" : "walking",
      "group" : "walking",
      "manual" : false,
      "startTime" : "20171219T114125+0900",
      "endTime" : "20171219T114210+0900",
      "duration" : 45.0,
      "distance" : 30.0,
      "steps" : 60,
      "calories" : 2,
      "trackPoints" : [ ]
    } ],
    "lastUpdate" : "20171219T035905Z"
  }, {
    "type" : "move",
    "startTime" : "20171219T114220+0900",
    "endTime" : "20171219T114508+0900",
    "activities" : [ {
      "activity" : "walking",
      "group" : "walking",
      "manual" : false,
      "startTime" : "20171219T114220+0900",
      "endTime" : "20171219T114508+0900",
      "duration" : 168.0,
      "distance" : 230.0,
      "steps" : 288,
      "calories" : 13,
      "trackPoints" : [ {
        "lat" : 43.077054,
        "lon" : 141.33944,
        "time" : "20171219T114220+0900"
      }, {
        "lat" : 43.075643,
        "lon" : 141.33985,
        "time" : "20171219T114348+0900"
      }, {
        "lat" : 43.075314,
        "lon" : 141.34004,
        "time" : "20171219T114508+0900"
      } ]
    } ],
    "lastUpdate" : "20171219T035905Z"
  }, {
    "type" : "place",
    "startTime" : "20171219T114508+0900",
    "endTime" : "20171219T164744+0900",
    "place" : {
      "id" : 263218745,
      "type" : "unknown",
      "location" : {
        "lat" : 43.075444,
        "lon" : 141.33942
      }
    },
    "activities" : [ {
      "activity" : "walking",
      "group" : "walking",
      "manual" : false,
      "startTime" : "20171219T114508+0900",
      "endTime" : "20171219T114517+0900",
      "duration" : 9.0,
      "distance" : 6.0,
      "steps" : 13,
      "calories" : 0,
      "trackPoints" : [ ]
    }, {
      "activity" : "walking",
      "group" : "walking",
      "manual" : false,
      "startTime" : "20171219T120559+0900",
      "endTime" : "20171219T121115+0900",
      "duration" : 316.0,
      "distance" : 402.0,
      "steps" : 537,
      "calories" : 22,
      "trackPoints" : [ ]
    }, {
      "activity" : "walking",
      "group" : "walking",
      "manual" : false,
      "startTime" : "20171219T130000+0900",
      "endTime" : "20171219T130149+0900",
      "duration" : 109.0,
      "distance" : 103.0,
      "steps" : 207,
      "calories" : 6,
      "trackPoints" : [ ]
    }, {
      "activity" : "walking",
      "group" : "walking",
      "manual" : false,
      "startTime" : "20171219T140342+0900",
      "endTime" : "20171219T140752+0900",
      "duration" : 250.0,
      "distance" : 280.0,
      "steps" : 374,
      "calories" : 16,
      "trackPoints" : [ ]
    }, {
      "activity" : "walking",
      "group" : "walking",
      "manual" : false,
      "startTime" : "20171219T164622+0900",
      "endTime" : "20171219T164643+0900",
      "duration" : 21.0,
      "distance" : 16.0,
      "steps" : 33,
      "calories" : 1,
      "trackPoints" : [ ]
    } ],
    "lastUpdate" : "20171219T092626Z"
  }, {
    "type" : "move",
    "startTime" : "20171219T164744+0900",
    "endTime" : "20171219T170432+0900",
    "activities" : [ {
      "activity" : "walking",
      "group" : "walking",
      "manual" : false,
      "startTime" : "20171219T164744+0900",
      "endTime" : "20171219T170432+0900",
      "duration" : 1008.0,
      "distance" : 1491.0,
      "steps" : 1657,
      "calories" : 83,
      "trackPoints" : [ {
        "lat" : 43.075444,
        "lon" : 141.33942,
        "time" : "20171219T164744+0900"
      }, {
        "lat" : 43.08092,
        "lon" : 141.34072,
        "time" : "20171219T165541+0900"
      }, {
        "lat" : 43.081077,
        "lon" : 141.34089,
        "time" : "20171219T165600+0900"
      }, {
        "lat" : 43.081119,
        "lon" : 141.34115,
        "time" : "20171219T165615+0900"
      }, {
        "lat" : 43.081087,
        "lon" : 141.34468,
        "time" : "20171219T165856+0900"
      }, {
        "lat" : 43.081446,
        "lon" : 141.34485,
        "time" : "20171219T165932+0900"
      }, {
        "lat" : 43.081609,
        "lon" : 141.34484,
        "time" : "20171219T165948+0900"
      }, {
        "lat" : 43.081668,
        "lon" : 141.34484,
        "time" : "20171219T165959+0900"
      }, {
        "lat" : 43.081668,
        "lon" : 141.34484,
        "time" : "20171219T170000+0900"
      }, {
        "lat" : 43.082054,
        "lon" : 141.34484,
        "time" : "20171219T170112+0900"
      }, {
        "lat" : 43.084231,
        "lon" : 141.34423,
        "time" : "20171219T170432+0900"
      } ]
    } ],
    "lastUpdate" : "20171219T092626Z"
  }, {
    "type" : "place",
    "startTime" : "20171219T170433+0900",
    "endTime" : "20171220T103427+0900",
    "place" : {
      "id" : 174606785,
      "type" : "unknown",
      "location" : {
        "lat" : 43.0842510763,
        "lon" : 141.3447211729
      }
    },
    "activities" : [ {
      "activity" : "walking",
      "group" : "walking",
      "manual" : false,
      "startTime" : "20171219T170446+0900",
      "endTime" : "20171219T170607+0900",
      "duration" : 81.0,
      "distance" : 64.0,
      "steps" : 128,
      "calories" : 4,
      "trackPoints" : [ ]
    } ],
    "lastUpdate" : "20171220T022859Z"
  } ],
  "caloriesIdle" : 1596,
  "lastUpdate" : "20171220T022859Z"
}, {
  "date" : "20171220",
  "summary" : [ {
    "activity" : "walking",
    "group" : "walking",
    "duration" : 3485.0,
    "distance" : 3529.0,
    "steps" : 5502,
    "calories" : 196
  } ],
  "segments" : [ {
    "type" : "place",
    "startTime" : "20171219T170433+0900",
    "endTime" : "20171220T103427+0900",
    "place" : {
      "id" : 174606785,
      "type" : "unknown",
      "location" : {
        "lat" : 43.0842510763,
        "lon" : 141.3447211729
      }
    },
    "activities" : [ {
      "activity" : "walking",
      "group" : "walking",
      "manual" : false,
      "startTime" : "20171220T103317+0900",
      "endTime" : "20171220T104349+0900",
      "duration" : 632.0,
      "distance" : 632.0,
      "steps" : 843,
      "calories" : 35,
      "trackPoints" : [ ]
    } ],
    "lastUpdate" : "20171220T022859Z"
  }, {
    "type" : "move",
    "startTime" : "20171220T103427+0900",
    "endTime" : "20171220T104630+0900",
    "activities" : [ {
      "activity" : "walking",
      "group" : "walking",
      "manual" : false,
      "startTime" : "20171220T103427+0900",
      "endTime" : "20171220T104630+0900",
      "duration" : 723.0,
      "distance" : 1003.0,
      "steps" : 1378,
      "calories" : 56,
      "trackPoints" : [ {
        "lat" : 43.084251,
        "lon" : 141.34472,
        "time" : "20171220T103427+0900"
      }, {
        "lat" : 43.081474,
        "lon" : 141.34467,
        "time" : "20171220T103905+0900"
      }, {
        "lat" : 43.08149,
        "lon" : 141.34427,
        "time" : "20171220T103921+0900"
      }, {
        "lat" : 43.081413,
        "lon" : 141.34393,
        "time" : "20171220T103937+0900"
      }, {
        "lat" : 43.081343,
        "lon" : 141.34371,
        "time" : "20171220T103953+0900"
      }, {
        "lat" : 43.081271,
        "lon" : 141.34356,
        "time" : "20171220T104011+0900"
      }, {
        "lat" : 43.080709,
        "lon" : 141.3429,
        "time" : "20171220T104245+0900"
      }, {
        "lat" : 43.077969,
        "lon" : 141.34018,
        "time" : "20171220T104555+0900"
      }, {
        "lat" : 43.077948,
        "lon" : 141.34012,
        "time" : "20171220T104614+0900"
      }, {
        "lat" : 43.077974,
        "lon" : 141.33987,
        "time" : "20171220T104630+0900"
      } ]
    } ],
    "lastUpdate" : "20171220T022859Z"
  }, {
    "type" : "move",
    "startTime" : "20171220T104630+0900",
    "endTime" : "20171220T104812+0900",
    "activities" : [ {
      "activity" : "walking",
      "group" : "walking",
      "manual" : false,
      "startTime" : "20171220T104630+0900",
      "endTime" : "20171220T104811+0900",
      "duration" : 101.0,
      "distance" : 97.0,
      "steps" : 195,
      "calories" : 5,
      "trackPoints" : [ {
        "lat" : 43.077859,
        "lon" : 141.34004,
        "time" : "20171220T104630+0900"
      }, {
        "lat" : 43.077408,
        "lon" : 141.33975,
        "time" : "20171220T104812+0900"
      } ]
    } ],
    "lastUpdate" : "20171220T040355Z"
  }, {
    "type" : "place",
    "startTime" : "20171220T104812+0900",
    "endTime" : "20171220T121938+0900",
    "place" : {
      "id" : 291137617,
      "type" : "unknown",
      "location" : {
        "lat" : 43.077408,
        "lon" : 141.33975
      }
    },
    "activities" : [ {
      "activity" : "walking",
      "group" : "walking",
      "manual" : false,
      "startTime" : "20171220T104812+0900",
      "endTime" : "20171220T105011+0900",
      "duration" : 119.0,
      "distance" : 97.0,
      "steps" : 194,
      "calories" : 5,
      "trackPoints" : [ ]
    }, {
      "activity" : "walking",
      "group" : "walking",
      "manual" : false,
      "startTime" : "20171220T120408+0900",
      "endTime" : "20171220T120822+0900",
      "duration" : 254.0,
      "distance" : 300.0,
      "steps" : 401,
      "calories" : 17,
      "trackPoints" : [ ]
    } ],
    "lastUpdate" : "20171220T040355Z"
  }, {
    "type" : "place",
    "startTime" : "20171220T121939+0900",
    "endTime" : "20171220T181208+0900",
    "place" : {
      "id" : 245014239,
      "type" : "unknown",
      "location" : {
        "lat" : 43.076271,
        "lon" : 141.33948
      }
    },
    "activities" : [ {
      "activity" : "walking",
      "group" : "walking",
      "manual" : false,
      "startTime" : "20171220T125333+0900",
      "endTime" : "20171220T125756+0900",
      "duration" : 263.0,
      "distance" : 314.0,
      "steps" : 419,
      "calories" : 17,
      "trackPoints" : [ ]
    }, {
      "activity" : "walking",
      "group" : "walking",
      "manual" : false,
      "startTime" : "20171220T153741+0900",
      "endTime" : "20171220T153846+0900",
      "duration" : 65.0,
      "distance" : 43.0,
      "steps" : 87,
      "calories" : 2,
      "trackPoints" : [ ]
    }, {
      "activity" : "walking",
      "group" : "walking",
      "manual" : false,
      "startTime" : "20171220T181100+0900",
      "endTime" : "20171220T181132+0900",
      "duration" : 32.0,
      "distance" : 21.0,
      "steps" : 43,
      "calories" : 1,
      "trackPoints" : [ ]
    } ],
    "lastUpdate" : "20171220T101344Z"
  }, {
    "type" : "move",
    "startTime" : "20171220T181208+0900",
    "endTime" : "20171220T181859+0900",
    "activities" : [ {
      "activity" : "walking",
      "group" : "walking",
      "manual" : false,
      "startTime" : "20171220T181208+0900",
      "endTime" : "20171220T181859+0900",
      "duration" : 411.0,
      "distance" : 296.0,
      "steps" : 538,
      "calories" : 16,
      "trackPoints" : [ {
        "lat" : 43.076271,
        "lon" : 141.33948,
        "time" : "20171220T181208+0900"
      }, {
        "lat" : 43.076363,
        "lon" : 141.33966,
        "time" : "20171220T181254+0900"
      }, {
        "lat" : 43.07656,
        "lon" : 141.33987,
        "time" : "20171220T181327+0900"
      }, {
        "lat" : 43.07817,
        "lon" : 141.34015,
        "time" : "20171220T181625+0900"
      }, {
        "lat" : 43.078213,
        "lon" : 141.34013,
        "time" : "20171220T181645+0900"
      }, {
        "lat" : 43.078183,
        "lon" : 141.34011,
        "time" : "20171220T181700+0900"
      }, {
        "lat" : 43.078401,
        "lon" : 141.34013,
        "time" : "20171220T181859+0900"
      } ]
    } ],
    "lastUpdate" : "20171220T101344Z"
  }, {
    "type" : "place",
    "startTime" : "20171220T181900+0900",
    "endTime" : "20171220T192333+0900",
    "place" : {
      "id" : 141367536,
      "type" : "unknown",
      "location" : {
        "lat" : 43.0784012398,
        "lon" : 141.340132137
      }
    },
    "activities" : [ {
      "activity" : "walking",
      "group" : "walking",
      "manual" : false,
      "startTime" : "20171220T190601+0900",
      "endTime" : "20171220T190716+0900",
      "duration" : 75.0,
      "distance" : 50.0,
      "steps" : 100,
      "calories" : 3,
      "trackPoints" : [ ]
    } ],
    "lastUpdate" : "20171221T000636Z"
  }, {
    "type" : "move",
    "startTime" : "20171220T192333+0900",
    "endTime" : "20171220T193702+0900",
    "activities" : [ {
      "activity" : "walking",
      "group" : "walking",
      "manual" : false,
      "startTime" : "20171220T192333+0900",
      "endTime" : "20171220T193702+0900",
      "duration" : 809.0,
      "distance" : 675.0,
      "steps" : 1302,
      "calories" : 37,
      "trackPoints" : [ {
        "lat" : 43.078401,
        "lon" : 141.34013,
        "time" : "20171220T192333+0900"
      }, {
        "lat" : 43.07836,
        "lon" : 141.34033,
        "time" : "20171220T192349+0900"
      }, {
        "lat" : 43.078509,
        "lon" : 141.3403,
        "time" : "20171220T192418+0900"
      }, {
        "lat" : 43.078598,
        "lon" : 141.34038,
        "time" : "20171220T192433+0900"
      }, {
        "lat" : 43.078749,
        "lon" : 141.34125,
        "time" : "20171220T192604+0900"
      }, {
        "lat" : 43.078839,
        "lon" : 141.34177,
        "time" : "20171220T192659+0900"
      }, {
        "lat" : 43.079004,
        "lon" : 141.34272,
        "time" : "20171220T192840+0900"
      }, {
        "lat" : 43.079124,
        "lon" : 141.34376,
        "time" : "20171220T193029+0900"
      }, {
        "lat" : 43.079135,
        "lon" : 141.34412,
        "time" : "20171220T193050+0900"
      }, {
        "lat" : 43.079093,
        "lon" : 141.3444,
        "time" : "20171220T193110+0900"
      }, {
        "lat" : 43.079041,
        "lon" : 141.34443,
        "time" : "20171220T193126+0900"
      }, {
        "lat" : 43.078619,
        "lon" : 141.345,
        "time" : "20171220T193232+0900"
      }, {
        "lat" : 43.078298,
        "lon" : 141.34544,
        "time" : "20171220T193324+0900"
      }, {
        "lat" : 43.077962,
        "lon" : 141.34599,
        "time" : "20171220T193426+0900"
      }, {
        "lat" : 43.078082,
        "lon" : 141.34627,
        "time" : "20171220T193448+0900"
      }, {
        "lat" : 43.07803,
        "lon" : 141.34648,
        "time" : "20171220T193702+0900"
      } ]
    } ],
    "lastUpdate" : "20171221T000636Z"
  }, {
    "type" : "place",
    "startTime" : "20171220T193703+0900",
    "endTime" : "20171221T085948+0900",
    "place" : {
      "id" : 153148821,
      "type" : "unknown",
      "location" : {
        "lat" : 43.0780301711,
        "lon" : 141.346475311
      }
    },
    "activities" : [ {
      "activity" : "walking",
      "group" : "walking",
      "manual" : false,
      "startTime" : "20171220T193703+0900",
      "endTime" : "20171220T193704+0900",
      "duration" : 1.0,
      "distance" : 1.0,
      "steps" : 2,
      "calories" : 0,
      "trackPoints" : [ ]
    } ],
    "lastUpdate" : "20171221T014054Z"
  } ],
  "caloriesIdle" : 1596,
  "lastUpdate" : "20171221T014054Z"
}, {
  "date" : "20171221",
  "summary" : [ {
    "activity" : "walking",
    "group" : "walking",
    "duration" : 3361.0,
    "distance" : 4477.0,
    "steps" : 5750,
    "calories" : 248
  } ],
  "segments" : [ {
    "type" : "place",
    "startTime" : "20171220T193703+0900",
    "endTime" : "20171221T085948+0900",
    "place" : {
      "id" : 153148821,
      "type" : "unknown",
      "location" : {
        "lat" : 43.0780301711,
        "lon" : 141.346475311
      }
    },
    "lastUpdate" : "20171221T014054Z"
  }, {
    "type" : "move",
    "startTime" : "20171221T085948+0900",
    "endTime" : "20171221T091826+0900",
    "activities" : [ {
      "activity" : "walking",
      "group" : "walking",
      "manual" : false,
      "startTime" : "20171221T085948+0900",
      "endTime" : "20171221T091826+0900",
      "duration" : 1118.0,
      "distance" : 1722.0,
      "steps" : 2121,
      "calories" : 95,
      "trackPoints" : [ {
        "lat" : 43.07803,
        "lon" : 141.34648,
        "time" : "20171221T085948+0900"
      }, {
        "lat" : 43.078164,
        "lon" : 141.34645,
        "time" : "20171221T085959+0900"
      }, {
        "lat" : 43.078164,
        "lon" : 141.34645,
        "time" : "20171221T090000+0900"
      }, {
        "lat" : 43.082957,
        "lon" : 141.3456,
        "time" : "20171221T090636+0900"
      }, {
        "lat" : 43.082973,
        "lon" : 141.34493,
        "time" : "20171221T090652+0900"
      }, {
        "lat" : 43.082844,
        "lon" : 141.34484,
        "time" : "20171221T090707+0900"
      }, {
        "lat" : 43.081805,
        "lon" : 141.34355,
        "time" : "20171221T090907+0900"
      }, {
        "lat" : 43.08133,
        "lon" : 141.34281,
        "time" : "20171221T091016+0900"
      }, {
        "lat" : 43.081346,
        "lon" : 141.34254,
        "time" : "20171221T091032+0900"
      }, {
        "lat" : 43.081283,
        "lon" : 141.34235,
        "time" : "20171221T091048+0900"
      }, {
        "lat" : 43.081031,
        "lon" : 141.34209,
        "time" : "20171221T091117+0900"
      }, {
        "lat" : 43.080416,
        "lon" : 141.34146,
        "time" : "20171221T091223+0900"
      }, {
        "lat" : 43.080023,
        "lon" : 141.34106,
        "time" : "20171221T091306+0900"
      }, {
        "lat" : 43.079284,
        "lon" : 141.3403,
        "time" : "20171221T091428+0900"
      }, {
        "lat" : 43.076579,
        "lon" : 141.33924,
        "time" : "20171221T091745+0900"
      }, {
        "lat" : 43.076397,
        "lon" : 141.33913,
        "time" : "20171221T091806+0900"
      }, {
        "lat" : 43.076435,
        "lon" : 141.33918,
        "time" : "20171221T091826+0900"
      } ]
    } ],
    "lastUpdate" : "20171221T014054Z"
  }, {
    "type" : "move",
    "startTime" : "20171221T091826+0900",
    "endTime" : "20171221T091951+0900",
    "activities" : [ {
      "activity" : "walking",
      "group" : "walking",
      "manual" : false,
      "startTime" : "20171221T091826+0900",
      "endTime" : "20171221T091951+0900",
      "duration" : 85.0,
      "distance" : 48.0,
      "steps" : 97,
      "calories" : 3,
      "trackPoints" : [ {
        "lat" : 43.076403,
        "lon" : 141.33923,
        "time" : "20171221T091826+0900"
      }, {
        "lat" : 43.076382,
        "lon" : 141.33927,
        "time" : "20171221T091847+0900"
      }, {
        "lat" : 43.076271,
        "lon" : 141.33948,
        "time" : "20171221T091951+0900"
      } ]
    } ],
    "lastUpdate" : "20171221T061810Z"
  }, {
    "type" : "place",
    "startTime" : "20171221T091952+0900",
    "endTime" : "20171221T170848+0900",
    "place" : {
      "id" : 268906914,
      "type" : "unknown",
      "location" : {
        "lat" : 43.075967,
        "lon" : 141.3395
      }
    },
    "activities" : [ {
      "activity" : "walking",
      "group" : "walking",
      "manual" : false,
      "startTime" : "20171221T101950+0900",
      "endTime" : "20171221T102139+0900",
      "duration" : 109.0,
      "distance" : 80.0,
      "steps" : 160,
      "calories" : 4,
      "trackPoints" : [ ]
    }, {
      "activity" : "walking",
      "group" : "walking",
      "manual" : false,
      "startTime" : "20171221T115356+0900",
      "endTime" : "20171221T115809+0900",
      "duration" : 253.0,
      "distance" : 332.0,
      "steps" : 443,
      "calories" : 18,
      "trackPoints" : [ ]
    }, {
      "activity" : "walking",
      "group" : "walking",
      "manual" : false,
      "startTime" : "20171221T120013+0900",
      "endTime" : "20171221T120558+0900",
      "duration" : 345.0,
      "distance" : 399.0,
      "steps" : 533,
      "calories" : 22,
      "trackPoints" : [ ]
    }, {
      "activity" : "walking",
      "group" : "walking",
      "manual" : false,
      "startTime" : "20171221T142946+0900",
      "endTime" : "20171221T143134+0900",
      "duration" : 108.0,
      "distance" : 82.0,
      "steps" : 164,
      "calories" : 5,
      "trackPoints" : [ ]
    }, {
      "activity" : "walking",
      "group" : "walking",
      "manual" : false,
      "startTime" : "20171221T150409+0900",
      "endTime" : "20171221T150436+0900",
      "duration" : 27.0,
      "distance" : 18.0,
      "steps" : 37,
      "calories" : 1,
      "trackPoints" : [ ]
    }, {
      "activity" : "walking",
      "group" : "walking",
      "manual" : false,
      "startTime" : "20171221T170523+0900",
      "endTime" : "20171221T170624+0900",
      "duration" : 61.0,
      "distance" : 41.0,
      "steps" : 82,
      "calories" : 2,
      "trackPoints" : [ ]
    } ],
    "lastUpdate" : "20171221T092321Z"
  }, {
    "type" : "move",
    "startTime" : "20171221T170848+0900",
    "endTime" : "20171221T172549+0900",
    "activities" : [ {
      "activity" : "walking",
      "group" : "walking",
      "manual" : false,
      "startTime" : "20171221T170848+0900",
      "endTime" : "20171221T172549+0900",
      "duration" : 1021.0,
      "distance" : 1494.0,
      "steps" : 1765,
      "calories" : 83,
      "trackPoints" : [ {
        "lat" : 43.075967,
        "lon" : 141.3395,
        "time" : "20171221T170848+0900"
      }, {
        "lat" : 43.076962,
        "lon" : 141.33965,
        "time" : "20171221T171029+0900"
      }, {
        "lat" : 43.078015,
        "lon" : 141.34021,
        "time" : "20171221T171222+0900"
      }, {
        "lat" : 43.078128,
        "lon" : 141.34024,
        "time" : "20171221T171244+0900"
      }, {
        "lat" : 43.080951,
        "lon" : 141.34074,
        "time" : "20171221T171622+0900"
      }, {
        "lat" : 43.08113,
        "lon" : 141.34105,
        "time" : "20171221T171647+0900"
      }, {
        "lat" : 43.081665,
        "lon" : 141.34487,
        "time" : "20171221T172007+0900"
      }, {
        "lat" : 43.081668,
        "lon" : 141.34496,
        "time" : "20171221T172023+0900"
      }, {
        "lat" : 43.081813,
        "lon" : 141.345,
        "time" : "20171221T172038+0900"
      }, {
        "lat" : 43.084263,
        "lon" : 141.34437,
        "time" : "20171221T172346+0900"
      }, {
        "lat" : 43.084469,
        "lon" : 141.34426,
        "time" : "20171221T172415+0900"
      }, {
        "lat" : 43.084592,
        "lon" : 141.34426,
        "time" : "20171221T172439+0900"
      }, {
        "lat" : 43.085126,
        "lon" : 141.34431,
        "time" : "20171221T172549+0900"
      } ]
    } ],
    "lastUpdate" : "20171221T092321Z"
  }, {
    "type" : "place",
    "startTime" : "20171221T172550+0900",
    "endTime" : "20171222T090541+0900",
    "place" : {
      "id" : 175650310,
      "type" : "unknown",
      "location" : {
        "lat" : 43.0848409544,
        "lon" : 141.3444336513
      }
    },
    "activities" : [ {
      "activity" : "walking",
      "group" : "walking",
      "manual" : false,
      "startTime" : "20171221T172554+0900",
      "endTime" : "20171221T172948+0900",
      "duration" : 234.0,
      "distance" : 261.0,
      "steps" : 348,
      "calories" : 14,
      "trackPoints" : [ ]
    } ],
    "lastUpdate" : "20171222T004417Z"
  } ],
  "caloriesIdle" : 1596,
  "lastUpdate" : "20171222T004417Z"
}, {
  "date" : "20171222",
  "summary" : [ {
    "activity" : "walking",
    "group" : "walking",
    "duration" : 3594.0,
    "distance" : 4156.0,
    "steps" : 6019,
    "calories" : 230
  } ],
  "segments" : [ {
    "type" : "place",
    "startTime" : "20171221T172550+0900",
    "endTime" : "20171222T090541+0900",
    "place" : {
      "id" : 175650310,
      "type" : "unknown",
      "location" : {
        "lat" : 43.0848409544,
        "lon" : 141.3444336513
      }
    },
    "activities" : [ {
      "activity" : "walking",
      "group" : "walking",
      "manual" : false,
      "startTime" : "20171222T090456+0900",
      "endTime" : "20171222T090505+0900",
      "duration" : 9.0,
      "distance" : 6.0,
      "steps" : 12,
      "calories" : 0,
      "trackPoints" : [ ]
    } ],
    "lastUpdate" : "20171222T004417Z"
  }, {
    "type" : "move",
    "startTime" : "20171222T090541+0900",
    "endTime" : "20171222T091917+0900",
    "activities" : [ {
      "activity" : "walking",
      "group" : "walking",
      "manual" : false,
      "startTime" : "20171222T090541+0900",
      "endTime" : "20171222T091917+0900",
      "duration" : 816.0,
      "distance" : 1121.0,
      "steps" : 1456,
      "calories" : 62,
      "trackPoints" : [ {
        "lat" : 43.084841,
        "lon" : 141.34443,
        "time" : "20171222T090541+0900"
      }, {
        "lat" : 43.082097,
        "lon" : 141.34507,
        "time" : "20171222T090913+0900"
      }, {
        "lat" : 43.081837,
        "lon" : 141.34495,
        "time" : "20171222T090935+0900"
      }, {
        "lat" : 43.081793,
        "lon" : 141.34487,
        "time" : "20171222T090951+0900"
      }, {
        "lat" : 43.080916,
        "lon" : 141.34263,
        "time" : "20171222T091322+0900"
      }, {
        "lat" : 43.080846,
        "lon" : 141.34236,
        "time" : "20171222T091337+0900"
      }, {
        "lat" : 43.080566,
        "lon" : 141.34206,
        "time" : "20171222T091512+0900"
      }, {
        "lat" : 43.077847,
        "lon" : 141.34056,
        "time" : "20171222T091837+0900"
      }, {
        "lat" : 43.077749,
        "lon" : 141.34012,
        "time" : "20171222T091854+0900"
      }, {
        "lat" : 43.077696,
        "lon" : 141.34006,
        "time" : "20171222T091917+0900"
      } ]
    } ],
    "lastUpdate" : "20171222T004417Z"
  }, {
    "type" : "move",
    "startTime" : "20171222T091917+0900",
    "endTime" : "20171222T092314+0900",
    "activities" : [ {
      "activity" : "walking",
      "group" : "walking",
      "manual" : false,
      "startTime" : "20171222T091917+0900",
      "endTime" : "20171222T092314+0900",
      "duration" : 237.0,
      "distance" : 195.0,
      "steps" : 391,
      "calories" : 11,
      "trackPoints" : [ {
        "lat" : 43.077616,
        "lon" : 141.33997,
        "time" : "20171222T091917+0900"
      }, {
        "lat" : 43.077265,
        "lon" : 141.33967,
        "time" : "20171222T092046+0900"
      }, {
        "lat" : 43.077064,
        "lon" : 141.3395,
        "time" : "20171222T092138+0900"
      }, {
        "lat" : 43.076938,
        "lon" : 141.3394,
        "time" : "20171222T092210+0900"
      }, {
        "lat" : 43.076435,
        "lon" : 141.33918,
        "time" : "20171222T092314+0900"
      } ]
    } ],
    "lastUpdate" : "20171222T034630Z"
  }, {
    "type" : "place",
    "startTime" : "20171222T092315+0900",
    "endTime" : "20171222T192800+0900",
    "place" : {
      "id" : 362494857,
      "type" : "unknown",
      "location" : {
        "lat" : 43.076265,
        "lon" : 141.33885
      }
    },
    "activities" : [ {
      "activity" : "walking",
      "group" : "walking",
      "manual" : false,
      "startTime" : "20171222T092319+0900",
      "endTime" : "20171222T092319+0900",
      "duration" : 0.0,
      "distance" : 0.0,
      "steps" : 1,
      "calories" : 0,
      "trackPoints" : [ ]
    }, {
      "activity" : "walking",
      "group" : "walking",
      "manual" : false,
      "startTime" : "20171222T113550+0900",
      "endTime" : "20171222T114143+0900",
      "duration" : 353.0,
      "distance" : 428.0,
      "steps" : 571,
      "calories" : 24,
      "trackPoints" : [ ]
    }, {
      "activity" : "walking",
      "group" : "walking",
      "manual" : false,
      "startTime" : "20171222T121018+0900",
      "endTime" : "20171222T121550+0900",
      "duration" : 332.0,
      "distance" : 381.0,
      "steps" : 508,
      "calories" : 21,
      "trackPoints" : [ ]
    }, {
      "activity" : "walking",
      "group" : "walking",
      "manual" : false,
      "startTime" : "20171222T143349+0900",
      "endTime" : "20171222T143659+0900",
      "duration" : 190.0,
      "distance" : 204.0,
      "steps" : 273,
      "calories" : 11,
      "trackPoints" : [ ]
    }, {
      "activity" : "walking",
      "group" : "walking",
      "manual" : false,
      "startTime" : "20171222T161740+0900",
      "endTime" : "20171222T161904+0900",
      "duration" : 84.0,
      "distance" : 63.0,
      "steps" : 127,
      "calories" : 3,
      "trackPoints" : [ ]
    }, {
      "activity" : "walking",
      "group" : "walking",
      "manual" : false,
      "startTime" : "20171222T174745+0900",
      "endTime" : "20171222T175442+0900",
      "duration" : 417.0,
      "distance" : 488.0,
      "steps" : 651,
      "calories" : 27,
      "trackPoints" : [ ]
    }, {
      "activity" : "walking",
      "group" : "walking",
      "manual" : false,
      "startTime" : "20171222T182805+0900",
      "endTime" : "20171222T182850+0900",
      "duration" : 45.0,
      "distance" : 31.0,
      "steps" : 63,
      "calories" : 2,
      "trackPoints" : [ ]
    } ],
    "lastUpdate" : "20171222T112339Z"
  }, {
    "type" : "place",
    "startTime" : "20171222T192801+0900",
    "endTime" : "20171222T193535+0900",
    "place" : {
      "id" : 261207420,
      "type" : "unknown",
      "location" : {
        "lat" : 43.077054,
        "lon" : 141.33944
      }
    },
    "lastUpdate" : "20171222T112339Z"
  }, {
    "type" : "move",
    "startTime" : "20171222T193535+0900",
    "endTime" : "20171222T195406+0900",
    "activities" : [ {
      "activity" : "walking",
      "group" : "walking",
      "manual" : false,
      "startTime" : "20171222T193535+0900",
      "endTime" : "20171222T195406+0900",
      "duration" : 1111.0,
      "distance" : 1239.0,
      "steps" : 1966,
      "calories" : 69,
      "trackPoints" : [ {
        "lat" : 43.077054,
        "lon" : 141.33944,
        "time" : "20171222T193535+0900"
      }, {
        "lat" : 43.07715,
        "lon" : 141.33962,
        "time" : "20171222T193813+0900"
      }, {
        "lat" : 43.077155,
        "lon" : 141.33962,
        "time" : "20171222T193936+0900"
      }, {
        "lat" : 43.079578,
        "lon" : 141.34003,
        "time" : "20171222T194310+0900"
      }, {
        "lat" : 43.079762,
        "lon" : 141.34045,
        "time" : "20171222T194327+0900"
      }, {
        "lat" : 43.079896,
        "lon" : 141.34071,
        "time" : "20171222T194346+0900"
      }, {
        "lat" : 43.080414,
        "lon" : 141.34158,
        "time" : "20171222T194503+0900"
      }, {
        "lat" : 43.081217,
        "lon" : 141.34292,
        "time" : "20171222T194704+0900"
      }, {
        "lat" : 43.081215,
        "lon" : 141.34302,
        "time" : "20171222T194720+0900"
      }, {
        "lat" : 43.081253,
        "lon" : 141.34331,
        "time" : "20171222T194735+0900"
      }, {
        "lat" : 43.08204,
        "lon" : 141.34444,
        "time" : "20171222T194938+0900"
      }, {
        "lat" : 43.082616,
        "lon" : 141.34507,
        "time" : "20171222T195056+0900"
      }, {
        "lat" : 43.082807,
        "lon" : 141.34485,
        "time" : "20171222T195128+0900"
      }, {
        "lat" : 43.082968,
        "lon" : 141.34464,
        "time" : "20171222T195158+0900"
      }, {
        "lat" : 43.084841,
        "lon" : 141.34443,
        "time" : "20171222T195406+0900"
      } ]
    } ],
    "lastUpdate" : "20171222T112339Z"
  } ],
  "caloriesIdle" : 1596,
  "lastUpdate" : "20171222T112339Z"
}, {
  "date" : "20171223",
  "summary" : null,
  "segments" : [ {
    "type" : "place",
    "startTime" : "20171223T215030+0900",
    "endTime" : "20171224T210742+0900",
    "place" : {
      "id" : 557384254,
      "type" : "unknown",
      "location" : {
        "lat" : 43.084809,
        "lon" : 141.34357
      }
    },
    "lastUpdate" : "20171224T125032Z"
  } ],
  "caloriesIdle" : 1596,
  "lastUpdate" : "20171224T125032Z"
}, {
  "date" : "20171224",
  "summary" : [ {
    "activity" : "walking",
    "group" : "walking",
    "duration" : 1794.0,
    "distance" : 1755.0,
    "steps" : 2942,
    "calories" : 97
  } ],
  "segments" : [ {
    "type" : "place",
    "startTime" : "20171223T215030+0900",
    "endTime" : "20171224T210742+0900",
    "place" : {
      "id" : 557384254,
      "type" : "unknown",
      "location" : {
        "lat" : 43.084809,
        "lon" : 141.34357
      }
    },
    "activities" : [ {
      "activity" : "walking",
      "group" : "walking",
      "manual" : false,
      "startTime" : "20171224T184847+0900",
      "endTime" : "20171224T184859+0900",
      "duration" : 12.0,
      "distance" : 8.0,
      "steps" : 17,
      "calories" : 0,
      "trackPoints" : [ ]
    }, {
      "activity" : "walking",
      "group" : "walking",
      "manual" : false,
      "startTime" : "20171224T210719+0900",
      "endTime" : "20171224T210725+0900",
      "duration" : 6.0,
      "distance" : 4.0,
      "steps" : 9,
      "calories" : 0,
      "trackPoints" : [ ]
    } ],
    "lastUpdate" : "20171224T125032Z"
  }, {
    "type" : "move",
    "startTime" : "20171224T210742+0900",
    "endTime" : "20171224T212438+0900",
    "activities" : [ {
      "activity" : "walking",
      "group" : "walking",
      "manual" : false,
      "startTime" : "20171224T210742+0900",
      "endTime" : "20171224T212438+0900",
      "duration" : 1016.0,
      "distance" : 918.0,
      "steps" : 1619,
      "calories" : 51,
      "trackPoints" : [ {
        "lat" : 43.084809,
        "lon" : 141.34357,
        "time" : "20171224T210742+0900"
      }, {
        "lat" : 43.084802,
        "lon" : 141.34357,
        "time" : "20171224T210823+0900"
      }, {
        "lat" : 43.084812,
        "lon" : 141.34356,
        "time" : "20171224T210857+0900"
      }, {
        "lat" : 43.084802,
        "lon" : 141.34357,
        "time" : "20171224T210939+0900"
      }, {
        "lat" : 43.084786,
        "lon" : 141.34358,
        "time" : "20171224T211012+0900"
      }, {
        "lat" : 43.084618,
        "lon" : 141.34358,
        "time" : "20171224T211144+0900"
      }, {
        "lat" : 43.08487,
        "lon" : 141.34405,
        "time" : "20171224T211200+0900"
      }, {
        "lat" : 43.085024,
        "lon" : 141.3442,
        "time" : "20171224T211218+0900"
      }, {
        "lat" : 43.085176,
        "lon" : 141.34419,
        "time" : "20171224T211234+0900"
      }, {
        "lat" : 43.086834,
        "lon" : 141.34368,
        "time" : "20171224T211427+0900"
      }, {
        "lat" : 43.087093,
        "lon" : 141.3436,
        "time" : "20171224T211444+0900"
      }, {
        "lat" : 43.08787,
        "lon" : 141.34348,
        "time" : "20171224T211606+0900"
      }, {
        "lat" : 43.088223,
        "lon" : 141.34343,
        "time" : "20171224T211644+0900"
      }, {
        "lat" : 43.088898,
        "lon" : 141.34336,
        "time" : "20171224T211746+0900"
      }, {
        "lat" : 43.089048,
        "lon" : 141.34337,
        "time" : "20171224T211802+0900"
      }, {
        "lat" : 43.090311,
        "lon" : 141.34374,
        "time" : "20171224T211933+0900"
      }, {
        "lat" : 43.089872,
        "lon" : 141.34451,
        "time" : "20171224T212311+0900"
      }, {
        "lat" : 43.089664,
        "lon" : 141.34462,
        "time" : "20171224T212327+0900"
      }, {
        "lat" : 43.089563,
        "lon" : 141.34438,
        "time" : "20171224T212438+0900"
      } ]
    } ],
    "lastUpdate" : "20171224T125032Z"
  }, {
    "type" : "place",
    "startTime" : "20171224T212439+0900",
    "endTime" : "20171224T212520+0900",
    "place" : {
      "id" : 195130574,
      "type" : "unknown",
      "location" : {
        "lat" : 43.0895628903,
        "lon" : 141.3443808245
      }
    },
    "activities" : [ {
      "activity" : "walking",
      "group" : "walking",
      "manual" : false,
      "startTime" : "20171224T212439+0900",
      "endTime" : "20171224T212452+0900",
      "duration" : 13.0,
      "distance" : 9.0,
      "steps" : 18,
      "calories" : 0,
      "trackPoints" : [ ]
    } ],
    "lastUpdate" : "20171224T125032Z"
  }, {
    "type" : "move",
    "startTime" : "20171224T212520+0900",
    "endTime" : "20171224T213242+0900",
    "activities" : [ {
      "activity" : "walking",
      "group" : "walking",
      "manual" : false,
      "startTime" : "20171224T212520+0900",
      "endTime" : "20171224T213241+0900",
      "duration" : 441.0,
      "distance" : 447.0,
      "steps" : 742,
      "calories" : 25,
      "trackPoints" : [ {
        "lat" : 43.089563,
        "lon" : 141.34438,
        "time" : "20171224T212520+0900"
      }, {
        "lat" : 43.088925,
        "lon" : 141.34415,
        "time" : "20171224T212642+0900"
      }, {
        "lat" : 43.088259,
        "lon" : 141.34369,
        "time" : "20171224T212830+0900"
      }, {
        "lat" : 43.08801,
        "lon" : 141.34378,
        "time" : "20171224T212852+0900"
      }, {
        "lat" : 43.087777,
        "lon" : 141.34376,
        "time" : "20171224T212914+0900"
      }, {
        "lat" : 43.087651,
        "lon" : 141.34376,
        "time" : "20171224T212932+0900"
      }, {
        "lat" : 43.087534,
        "lon" : 141.34375,
        "time" : "20171224T212950+0900"
      }, {
        "lat" : 43.087329,
        "lon" : 141.34373,
        "time" : "20171224T213019+0900"
      }, {
        "lat" : 43.086762,
        "lon" : 141.34373,
        "time" : "20171224T213134+0900"
      }, {
        "lat" : 43.086463,
        "lon" : 141.34377,
        "time" : "20171224T213211+0900"
      }, {
        "lat" : 43.086247,
        "lon" : 141.34384,
        "time" : "20171224T213227+0900"
      }, {
        "lat" : 43.086076,
        "lon" : 141.34391,
        "time" : "20171224T213242+0900"
      } ]
    } ],
    "lastUpdate" : "20171224T125032Z"
  }, {
    "type" : "move",
    "startTime" : "20171224T213242+0900",
    "endTime" : "20171224T213347+0900",
    "activities" : [ {
      "activity" : "walking",
      "group" : "walking",
      "manual" : false,
      "startTime" : "20171224T213242+0900",
      "endTime" : "20171224T213347+0900",
      "duration" : 65.0,
      "distance" : 66.0,
      "steps" : 132,
      "calories" : 4,
      "trackPoints" : [ {
        "lat" : 43.086127,
        "lon" : 141.34391,
        "time" : "20171224T213242+0900"
      }, {
        "lat" : 43.086076,
        "lon" : 141.34391,
        "time" : "20171224T213347+0900"
      } ]
    } ],
    "lastUpdate" : "20171225T023823Z"
  }, {
    "type" : "place",
    "startTime" : "20171224T213347+0900",
    "endTime" : "20171225T102219+0900",
    "place" : {
      "id" : 332143822,
      "type" : "unknown",
      "location" : {
        "lat" : 43.086076,
        "lon" : 141.34391
      }
    },
    "activities" : [ {
      "activity" : "walking",
      "group" : "walking",
      "manual" : false,
      "startTime" : "20171224T213347+0900",
      "endTime" : "20171224T213748+0900",
      "duration" : 241.0,
      "distance" : 303.0,
      "steps" : 405,
      "calories" : 17,
      "trackPoints" : [ ]
    } ],
    "lastUpdate" : "20171225T023823Z"
  } ],
  "caloriesIdle" : 1596,
  "lastUpdate" : "20171225T023823Z"
} ]