[ {
  "date" : "20150720",
  "summary" : [ {
    "activity" : "walking",
    "group" : "walking",
    "duration" : 30.0,
    "distance" : 20.0,
    "steps" : 41,
    "calories" : 1
  } ],
  "segments" : [ {
    "type" : "place",
    "startTime" : "20150719T193146+0900",
    "endTime" : "20150721T102649+0900",
    "place" : {
      "id" : 152143834,
      "type" : "unknown",
      "location" : {
        "lat" : 43.0846321394,
        "lon" : 141.3451669726
      }
    },
    "activities" : [ {
      "activity" : "walking",
      "group" : "walking",
      "manual" : false,
      "startTime" : "20150720T093857+0900",
      "endTime" : "20150720T093927+0900",
      "duration" : 30.0,
      "distance" : 20.0,
      "steps" : 41,
      "calories" : 1,
      "trackPoints" : [ ]
    } ],
    "lastUpdate" : "20150721T025951Z"
  } ],
  "caloriesIdle" : 1706,
  "lastUpdate" : "20150721T025951Z"
}, {
  "date" : "20150721",
  "summary" : [ {
    "activity" : "walking",
    "group" : "walking",
    "duration" : 1631.0,
    "distance" : 2068.0,
    "steps" : 2570,
    "calories" : 123
  }, {
    "activity" : "cycling",
    "group" : "cycling",
    "duration" : 1129.0,
    "distance" : 5168.0,
    "calories" : 137
  } ],
  "segments" : [ {
    "type" : "place",
    "startTime" : "20150719T193146+0900",
    "endTime" : "20150721T102649+0900",
    "place" : {
      "id" : 152143834,
      "type" : "unknown",
      "location" : {
        "lat" : 43.0846321394,
        "lon" : 141.3451669726
      }
    },
    "activities" : [ {
      "activity" : "walking",
      "group" : "walking",
      "manual" : false,
      "startTime" : "20150721T102555+0900",
      "endTime" : "20150721T102625+0900",
      "duration" : 30.0,
      "distance" : 26.0,
      "steps" : 51,
      "calories" : 2,
      "trackPoints" : [ ]
    } ],
    "lastUpdate" : "20150721T025951Z"
  }, {
    "type" : "move",
    "startTime" : "20150721T102649+0900",
    "endTime" : "20150721T103122+0900",
    "activities" : [ {
      "activity" : "cycling",
      "group" : "cycling",
      "manual" : false,
      "startTime" : "20150721T102649+0900",
      "endTime" : "20150721T103122+0900",
      "duration" : 273.0,
      "distance" : 969.0,
      "calories" : 26,
      "trackPoints" : [ {
        "lat" : 43.0846321394,
        "lon" : 141.3451669726,
        "time" : "20150721T102649+0900"
      }, {
        "lat" : 43.0830167662,
        "lon" : 141.3447120783,
        "time" : "20150721T102728+0900"
      }, {
        "lat" : 43.0821041661,
        "lon" : 141.3449046243,
        "time" : "20150721T102746+0900"
      }, {
        "lat" : 43.0814867426,
        "lon" : 141.3449935172,
        "time" : "20150721T102803+0900"
      }, {
        "lat" : 43.0813706544,
        "lon" : 141.3441133094,
        "time" : "20150721T102827+0900"
      }, {
        "lat" : 43.081281597,
        "lon" : 141.3429969079,
        "time" : "20150721T102843+0900"
      }, {
        "lat" : 43.081145156,
        "lon" : 141.3428494023,
        "time" : "20150721T102908+0900"
      }, {
        "lat" : 43.0810196385,
        "lon" : 141.3429690913,
        "time" : "20150721T102929+0900"
      }, {
        "lat" : 43.080861091,
        "lon" : 141.3421605242,
        "time" : "20150721T102944+0900"
      }, {
        "lat" : 43.0807725556,
        "lon" : 141.3410657055,
        "time" : "20150721T103004+0900"
      }, {
        "lat" : 43.0805178582,
        "lon" : 141.3404922456,
        "time" : "20150721T103037+0900"
      }, {
        "lat" : 43.0794932905,
        "lon" : 141.3403872229,
        "time" : "20150721T103122+0900"
      } ]
    } ],
    "lastUpdate" : "20150721T025951Z"
  }, {
    "type" : "place",
    "startTime" : "20150721T103122+0900",
    "endTime" : "20150721T121056+0900",
    "place" : {
      "id" : 141367537,
      "type" : "unknown",
      "location" : {
        "lat" : 43.0794932905,
        "lon" : 141.3403872229
      }
    },
    "activities" : [ {
      "activity" : "walking",
      "group" : "walking",
      "manual" : false,
      "startTime" : "20150721T103122+0900",
      "endTime" : "20150721T103125+0900",
      "duration" : 3.0,
      "distance" : 2.0,
      "steps" : 3,
      "calories" : 0,
      "trackPoints" : [ ]
    }, {
      "activity" : "walking",
      "group" : "walking",
      "manual" : false,
      "startTime" : "20150721T120858+0900",
      "endTime" : "20150721T121028+0900",
      "duration" : 90.0,
      "distance" : 76.0,
      "steps" : 153,
      "calories" : 5,
      "trackPoints" : [ ]
    } ],
    "lastUpdate" : "20150721T052612Z"
  }, {
    "type" : "move",
    "startTime" : "20150721T121056+0900",
    "endTime" : "20150721T122408+0900",
    "activities" : [ {
      "activity" : "cycling",
      "group" : "cycling",
      "manual" : false,
      "startTime" : "20150721T121056+0900",
      "endTime" : "20150721T121429+0900",
      "duration" : 213.0,
      "distance" : 1215.0,
      "calories" : 32,
      "trackPoints" : [ {
        "lat" : 43.0794932905,
        "lon" : 141.3403872229,
        "time" : "20150721T121056+0900"
      }, {
        "lat" : 43.0772575435,
        "lon" : 141.3414197794,
        "time" : "20150721T121201+0900"
      }, {
        "lat" : 43.0758065586,
        "lon" : 141.3414954541,
        "time" : "20150721T121229+0900"
      }, {
        "lat" : 43.0753726147,
        "lon" : 141.3416602931,
        "time" : "20150721T121245+0900"
      }, {
        "lat" : 43.0750066722,
        "lon" : 141.3418462255,
        "time" : "20150721T121308+0900"
      }, {
        "lat" : 43.072882172,
        "lon" : 141.3425793857,
        "time" : "20150721T121331+0900"
      }, {
        "lat" : 43.0718133178,
        "lon" : 141.3429530312,
        "time" : "20150721T121351+0900"
      }, {
        "lat" : 43.0712274169,
        "lon" : 141.3430123459,
        "time" : "20150721T121406+0900"
      }, {
        "lat" : 43.0703109294,
        "lon" : 141.3434353916,
        "time" : "20150721T121428+0900"
      } ]
    }, {
      "activity" : "walking",
      "group" : "walking",
      "manual" : false,
      "startTime" : "20150721T121428+0900",
      "endTime" : "20150721T121658+0900",
      "duration" : 150.0,
      "distance" : 102.0,
      "steps" : 204,
      "calories" : 6,
      "trackPoints" : [ {
        "lat" : 43.0703109294,
        "lon" : 141.3434353916,
        "time" : "20150721T121428+0900"
      }, {
        "lat" : 43.0703247174,
        "lon" : 141.343507111,
        "time" : "20150721T121449+0900"
      }, {
        "lat" : 43.0701012816,
        "lon" : 141.3435196816,
        "time" : "20150721T121512+0900"
      }, {
        "lat" : 43.0699857699,
        "lon" : 141.3435564958,
        "time" : "20150721T121535+0900"
      }, {
        "lat" : 43.0699266983,
        "lon" : 141.343582446,
        "time" : "20150721T121611+0900"
      }, {
        "lat" : 43.0699794589,
        "lon" : 141.3435527721,
        "time" : "20150721T121632+0900"
      }, {
        "lat" : 43.0700289202,
        "lon" : 141.3435147144,
        "time" : "20150721T121659+0900"
      } ]
    }, {
      "activity" : "cycling",
      "group" : "cycling",
      "manual" : false,
      "startTime" : "20150721T121659+0900",
      "endTime" : "20150721T122408+0900",
      "duration" : 429.0,
      "distance" : 2146.0,
      "calories" : 56,
      "trackPoints" : [ {
        "lat" : 43.0700289202,
        "lon" : 141.3435147144,
        "time" : "20150721T121659+0900"
      }, {
        "lat" : 43.0706402118,
        "lon" : 141.3432766403,
        "time" : "20150721T121735+0900"
      }, {
        "lat" : 43.0718639372,
        "lon" : 141.343071768,
        "time" : "20150721T121756+0900"
      }, {
        "lat" : 43.0722580967,
        "lon" : 141.3426884557,
        "time" : "20150721T121813+0900"
      }, {
        "lat" : 43.0731789092,
        "lon" : 141.3424875636,
        "time" : "20150721T121833+0900"
      }, {
        "lat" : 43.0740000848,
        "lon" : 141.3420201462,
        "time" : "20150721T121849+0900"
      }, {
        "lat" : 43.0759269777,
        "lon" : 141.3416072191,
        "time" : "20150721T121921+0900"
      }, {
        "lat" : 43.0764261878,
        "lon" : 141.341361056,
        "time" : "20150721T121937+0900"
      }, {
        "lat" : 43.0778671694,
        "lon" : 141.3413615931,
        "time" : "20150721T122000+0900"
      }, {
        "lat" : 43.0788446829,
        "lon" : 141.3409455283,
        "time" : "20150721T122023+0900"
      }, {
        "lat" : 43.0792928399,
        "lon" : 141.3407999861,
        "time" : "20150721T122039+0900"
      }, {
        "lat" : 43.0805994131,
        "lon" : 141.3413729168,
        "time" : "20150721T122105+0900"
      }, {
        "lat" : 43.0810610381,
        "lon" : 141.3419528248,
        "time" : "20150721T122124+0900"
      }, {
        "lat" : 43.0812976515,
        "lon" : 141.34265657,
        "time" : "20150721T122140+0900"
      }, {
        "lat" : 43.0812546962,
        "lon" : 141.3429123477,
        "time" : "20150721T122159+0900"
      }, {
        "lat" : 43.0812849084,
        "lon" : 141.3441472732,
        "time" : "20150721T122223+0900"
      }, {
        "lat" : 43.0814277476,
        "lon" : 141.3449316325,
        "time" : "20150721T122238+0900"
      }, {
        "lat" : 43.0821161669,
        "lon" : 141.3450860692,
        "time" : "20150721T122301+0900"
      }, {
        "lat" : 43.0832165292,
        "lon" : 141.3447206445,
        "time" : "20150721T122324+0900"
      }, {
        "lat" : 43.0840887475,
        "lon" : 141.344587644,
        "time" : "20150721T122346+0900"
      }, {
        "lat" : 43.0846321394,
        "lon" : 141.3451669726,
        "time" : "20150721T122408+0900"
      } ]
    } ],
    "lastUpdate" : "20150721T052612Z"
  }, {
    "type" : "place",
    "startTime" : "20150721T122408+0900",
    "endTime" : "20150721T143719+0900",
    "place" : {
      "id" : 152143834,
      "type" : "unknown",
      "location" : {
        "lat" : 43.0846321394,
        "lon" : 141.3451669726
      }
    },
    "activities" : [ {
      "activity" : "walking",
      "group" : "walking",
      "manual" : false,
      "startTime" : "20150721T122408+0900",
      "endTime" : "20150721T122500+0900",
      "duration" : 52.0,
      "distance" : 26.0,
      "steps" : 42,
      "calories" : 2,
      "trackPoints" : [ ]
    }, {
      "activity" : "walking",
      "group" : "walking",
      "manual" : false,
      "startTime" : "20150721T143623+0900",
      "endTime" : "20150721T143928+0900",
      "duration" : 185.0,
      "distance" : 260.0,
      "steps" : 346,
      "calories" : 15,
      "trackPoints" : [ ]
    } ],
    "lastUpdate" : "20150721T070144Z"
  }, {
    "type" : "move",
    "startTime" : "20150721T143719+0900",
    "endTime" : "20150721T144053+0900",
    "activities" : [ {
      "activity" : "cycling",
      "group" : "cycling",
      "manual" : false,
      "startTime" : "20150721T143719+0900",
      "endTime" : "20150721T144053+0900",
      "duration" : 214.0,
      "distance" : 838.0,
      "calories" : 22,
      "trackPoints" : [ {
        "lat" : 43.0846321394,
        "lon" : 141.3451669726,
        "time" : "20150721T143719+0900"
      }, {
        "lat" : 43.0840156638,
        "lon" : 141.344589281,
        "time" : "20150721T143746+0900"
      }, {
        "lat" : 43.0833296457,
        "lon" : 141.3447159035,
        "time" : "20150721T143814+0900"
      }, {
        "lat" : 43.0828014447,
        "lon" : 141.3447750492,
        "time" : "20150721T143841+0900"
      }, {
        "lat" : 43.082118276,
        "lon" : 141.3449565473,
        "time" : "20150721T143858+0900"
      }, {
        "lat" : 43.0817519557,
        "lon" : 141.3450371298,
        "time" : "20150721T143914+0900"
      }, {
        "lat" : 43.0812084895,
        "lon" : 141.3437138061,
        "time" : "20150721T143938+0900"
      }, {
        "lat" : 43.0810858562,
        "lon" : 141.3422114945,
        "time" : "20150721T144004+0900"
      }, {
        "lat" : 43.0806889888,
        "lon" : 141.3408998646,
        "time" : "20150721T144026+0900"
      }, {
        "lat" : 43.0794932905,
        "lon" : 141.3403872229,
        "time" : "20150721T144053+0900"
      } ]
    } ],
    "lastUpdate" : "20150721T070144Z"
  }, {
    "type" : "place",
    "startTime" : "20150721T144054+0900",
    "endTime" : "20150721T201800+0900",
    "place" : {
      "id" : 141367536,
      "type" : "unknown",
      "location" : {
        "lat" : 43.0784012398,
        "lon" : 141.340132137
      }
    },
    "activities" : [ {
      "activity" : "walking",
      "group" : "walking",
      "manual" : false,
      "startTime" : "20150721T144054+0900",
      "endTime" : "20150721T144324+0900",
      "duration" : 150.0,
      "distance" : 153.0,
      "steps" : 205,
      "calories" : 9,
      "trackPoints" : [ ]
    }, {
      "activity" : "walking",
      "group" : "walking",
      "manual" : false,
      "startTime" : "20150721T160349+0900",
      "endTime" : "20150721T160649+0900",
      "duration" : 180.0,
      "distance" : 276.0,
      "steps" : 367,
      "calories" : 16,
      "trackPoints" : [ ]
    }, {
      "activity" : "walking",
      "group" : "walking",
      "manual" : false,
      "startTime" : "20150721T181643+0900",
      "endTime" : "20150721T181743+0900",
      "duration" : 60.0,
      "distance" : 56.0,
      "steps" : 112,
      "calories" : 3,
      "trackPoints" : [ ]
    }, {
      "activity" : "walking",
      "group" : "walking",
      "manual" : false,
      "startTime" : "20150721T200900+0900",
      "endTime" : "20150721T201230+0900",
      "duration" : 210.0,
      "distance" : 260.0,
      "steps" : 347,
      "calories" : 15,
      "trackPoints" : [ ]
    } ],
    "lastUpdate" : "20150721T130855Z"
  }, {
    "type" : "move",
    "startTime" : "20150721T201800+0900",
    "endTime" : "20150721T202541+0900",
    "activities" : [ {
      "activity" : "walking",
      "group" : "walking",
      "manual" : false,
      "startTime" : "20150721T201800+0900",
      "endTime" : "20150721T202541+0900",
      "duration" : 461.0,
      "distance" : 790.0,
      "steps" : 658,
      "calories" : 47,
      "trackPoints" : [ {
        "lat" : 43.0784012398,
        "lon" : 141.340132137,
        "time" : "20150721T201800+0900"
      }, {
        "lat" : 43.0808974042,
        "lon" : 141.3408385962,
        "time" : "20150721T201926+0900"
      }, {
        "lat" : 43.0810322237,
        "lon" : 141.3409148429,
        "time" : "20150721T201941+0900"
      }, {
        "lat" : 43.081068559,
        "lon" : 141.341157474,
        "time" : "20150721T201958+0900"
      }, {
        "lat" : 43.0810798884,
        "lon" : 141.342109672,
        "time" : "20150721T202108+0900"
      }, {
        "lat" : 43.0811183585,
        "lon" : 141.3425868122,
        "time" : "20150721T202140+0900"
      }, {
        "lat" : 43.0811393308,
        "lon" : 141.3427500084,
        "time" : "20150721T202155+0900"
      }, {
        "lat" : 43.081151775,
        "lon" : 141.3428825514,
        "time" : "20150721T202214+0900"
      }, {
        "lat" : 43.0811974157,
        "lon" : 141.3433028638,
        "time" : "20150721T202244+0900"
      }, {
        "lat" : 43.0812508521,
        "lon" : 141.3434943031,
        "time" : "20150721T202307+0900"
      }, {
        "lat" : 43.0813000347,
        "lon" : 141.3437476006,
        "time" : "20150721T202323+0900"
      }, {
        "lat" : 43.0813108858,
        "lon" : 141.3441716924,
        "time" : "20150721T202349+0900"
      }, {
        "lat" : 43.0813778797,
        "lon" : 141.3444838042,
        "time" : "20150721T202412+0900"
      }, {
        "lat" : 43.0815780353,
        "lon" : 141.344885914,
        "time" : "20150721T202435+0900"
      }, {
        "lat" : 43.0818452723,
        "lon" : 141.3450449121,
        "time" : "20150721T202453+0900"
      }, {
        "lat" : 43.0829813041,
        "lon" : 141.3447441971,
        "time" : "20150721T202522+0900"
      }, {
        "lat" : 43.0846321394,
        "lon" : 141.3451669726,
        "time" : "20150721T202541+0900"
      } ]
    } ],
    "lastUpdate" : "20150721T130855Z"
  }, {
    "type" : "place",
    "startTime" : "20150721T202541+0900",
    "endTime" : "20150722T085943+0900",
    "place" : {
      "id" : 152143834,
      "type" : "unknown",
      "location" : {
        "lat" : 43.0846321394,
        "lon" : 141.3451669726
      }
    },
    "activities" : [ {
      "activity" : "walking",
      "group" : "walking",
      "manual" : false,
      "startTime" : "20150721T202702+0900",
      "endTime" : "20150721T202802+0900",
      "duration" : 60.0,
      "distance" : 41.0,
      "steps" : 82,
      "calories" : 2,
      "trackPoints" : [ ]
    } ],
    "lastUpdate" : "20150722T025313Z"
  } ],
  "caloriesIdle" : 1706,
  "lastUpdate" : "20150722T025313Z"
}, {
  "date" : "20150722",
  "summary" : [ {
    "activity" : "cycling",
    "group" : "cycling",
    "duration" : 598.0,
    "distance" : 2668.0,
    "calories" : 71
  }, {
    "activity" : "walking",
    "group" : "walking",
    "duration" : 1477.0,
    "distance" : 1580.0,
    "steps" : 2108,
    "calories" : 94
  }, {
    "activity" : "transport",
    "group" : "transport",
    "duration" : 141.0,
    "distance" : 855.0
  } ],
  "segments" : [ {
    "type" : "place",
    "startTime" : "20150721T202541+0900",
    "endTime" : "20150722T085943+0900",
    "place" : {
      "id" : 152143834,
      "type" : "unknown",
      "location" : {
        "lat" : 43.0846321394,
        "lon" : 141.3451669726
      }
    },
    "lastUpdate" : "20150722T025313Z"
  }, {
    "type" : "move",
    "startTime" : "20150722T085943+0900",
    "endTime" : "20150722T090245+0900",
    "activities" : [ {
      "activity" : "cycling",
      "group" : "cycling",
      "manual" : false,
      "startTime" : "20150722T085943+0900",
      "endTime" : "20150722T090246+0900",
      "duration" : 183.0,
      "distance" : 899.0,
      "calories" : 24,
      "trackPoints" : [ {
        "lat" : 43.0846321394,
        "lon" : 141.3451669726,
        "time" : "20150722T085943+0900"
      }, {
        "lat" : 43.0838074123,
        "lon" : 141.3445329717,
        "time" : "20150722T085959+0900"
      }, {
        "lat" : 43.0837946432,
        "lon" : 141.3445357089,
        "time" : "20150722T085959+0900"
      }, {
        "lat" : 43.0837943001,
        "lon" : 141.3445357824,
        "time" : "20150722T090000+0900"
      }, {
        "lat" : 43.0828500975,
        "lon" : 141.3447381791,
        "time" : "20150722T090027+0900"
      }, {
        "lat" : 43.0815623699,
        "lon" : 141.3450433358,
        "time" : "20150722T090056+0900"
      }, {
        "lat" : 43.0813170062,
        "lon" : 141.3442604325,
        "time" : "20150722T090114+0900"
      }, {
        "lat" : 43.0812188701,
        "lon" : 141.3432285864,
        "time" : "20150722T090131+0900"
      }, {
        "lat" : 43.0809771564,
        "lon" : 141.3419300182,
        "time" : "20150722T090159+0900"
      }, {
        "lat" : 43.0807698217,
        "lon" : 141.341367843,
        "time" : "20150722T090215+0900"
      }, {
        "lat" : 43.0794932905,
        "lon" : 141.3403872229,
        "time" : "20150722T090245+0900"
      } ]
    } ],
    "lastUpdate" : "20150722T025313Z"
  }, {
    "type" : "place",
    "startTime" : "20150722T090245+0900",
    "endTime" : "20150722T120327+0900",
    "place" : {
      "id" : 141367537,
      "type" : "unknown",
      "location" : {
        "lat" : 43.0794932905,
        "lon" : 141.3403872229
      }
    },
    "activities" : [ {
      "activity" : "walking",
      "group" : "walking",
      "manual" : false,
      "startTime" : "20150722T090245+0900",
      "endTime" : "20150722T090545+0900",
      "duration" : 180.0,
      "distance" : 135.0,
      "steps" : 143,
      "calories" : 8,
      "trackPoints" : [ ]
    }, {
      "activity" : "walking",
      "group" : "walking",
      "manual" : false,
      "startTime" : "20150722T100659+0900",
      "endTime" : "20150722T101305+0900",
      "duration" : 366.0,
      "distance" : 403.0,
      "steps" : 537,
      "calories" : 24,
      "trackPoints" : [ ]
    }, {
      "activity" : "walking",
      "group" : "walking",
      "manual" : false,
      "startTime" : "20150722T115757+0900",
      "endTime" : "20150722T120301+0900",
      "duration" : 304.0,
      "distance" : 355.0,
      "steps" : 474,
      "calories" : 21,
      "trackPoints" : [ ]
    } ],
    "lastUpdate" : "20150722T055419Z"
  }, {
    "type" : "move",
    "startTime" : "20150722T120327+0900",
    "endTime" : "20150722T120702+0900",
    "activities" : [ {
      "activity" : "cycling",
      "group" : "cycling",
      "manual" : false,
      "startTime" : "20150722T120327+0900",
      "endTime" : "20150722T120702+0900",
      "duration" : 215.0,
      "distance" : 892.0,
      "calories" : 24,
      "trackPoints" : [ {
        "lat" : 43.0794932905,
        "lon" : 141.3403872229,
        "time" : "20150722T120327+0900"
      }, {
        "lat" : 43.0809534582,
        "lon" : 141.3409237338,
        "time" : "20150722T120347+0900"
      }, {
        "lat" : 43.0811325484,
        "lon" : 141.3425318716,
        "time" : "20150722T120428+0900"
      }, {
        "lat" : 43.081141956,
        "lon" : 141.342841991,
        "time" : "20150722T120449+0900"
      }, {
        "lat" : 43.0811717729,
        "lon" : 141.3433818734,
        "time" : "20150722T120505+0900"
      }, {
        "lat" : 43.0813461965,
        "lon" : 141.3446844395,
        "time" : "20150722T120529+0900"
      }, {
        "lat" : 43.0824693909,
        "lon" : 141.3450101374,
        "time" : "20150722T120559+0900"
      }, {
        "lat" : 43.0835306565,
        "lon" : 141.3451080824,
        "time" : "20150722T120619+0900"
      }, {
        "lat" : 43.0839496379,
        "lon" : 141.3447031449,
        "time" : "20150722T120637+0900"
      }, {
        "lat" : 43.0843685253,
        "lon" : 141.345080654,
        "time" : "20150722T120702+0900"
      } ]
    } ],
    "lastUpdate" : "20150722T055419Z"
  }, {
    "type" : "place",
    "startTime" : "20150722T120702+0900",
    "endTime" : "20150722T125419+0900",
    "place" : {
      "id" : 141435006,
      "type" : "unknown",
      "location" : {
        "lat" : 43.0843685253,
        "lon" : 141.345080654
      }
    },
    "activities" : [ {
      "activity" : "walking",
      "group" : "walking",
      "manual" : false,
      "startTime" : "20150722T120801+0900",
      "endTime" : "20150722T121006+0900",
      "duration" : 125.0,
      "distance" : 168.0,
      "steps" : 224,
      "calories" : 10,
      "trackPoints" : [ ]
    } ],
    "lastUpdate" : "20150722T055419Z"
  }, {
    "type" : "move",
    "startTime" : "20150722T125419+0900",
    "endTime" : "20150722T125640+0900",
    "activities" : [ {
      "activity" : "transport",
      "group" : "transport",
      "manual" : false,
      "startTime" : "20150722T125419+0900",
      "endTime" : "20150722T125640+0900",
      "duration" : 141.0,
      "distance" : 855.0,
      "trackPoints" : [ {
        "lat" : 43.0843685253,
        "lon" : 141.345080654,
        "time" : "20150722T125419+0900"
      }, {
        "lat" : 43.0824503543,
        "lon" : 141.3449427969,
        "time" : "20150722T125440+0900"
      }, {
        "lat" : 43.0817703093,
        "lon" : 141.3448503562,
        "time" : "20150722T125456+0900"
      }, {
        "lat" : 43.0813507207,
        "lon" : 141.3438870136,
        "time" : "20150722T125520+0900"
      }, {
        "lat" : 43.0811555569,
        "lon" : 141.3429180255,
        "time" : "20150722T125535+0900"
      }, {
        "lat" : 43.0809432383,
        "lon" : 141.3415428873,
        "time" : "20150722T125607+0900"
      }, {
        "lat" : 43.0806105528,
        "lon" : 141.3409937832,
        "time" : "20150722T125623+0900"
      }, {
        "lat" : 43.0794932905,
        "lon" : 141.3403872229,
        "time" : "20150722T125640+0900"
      } ]
    } ],
    "lastUpdate" : "20150722T055419Z"
  }, {
    "type" : "place",
    "startTime" : "20150722T125640+0900",
    "endTime" : "20150722T162106+0900",
    "place" : {
      "id" : 141367537,
      "type" : "unknown",
      "location" : {
        "lat" : 43.0794932905,
        "lon" : 141.3403872229
      }
    },
    "activities" : [ {
      "activity" : "walking",
      "group" : "walking",
      "manual" : false,
      "startTime" : "20150722T125642+0900",
      "endTime" : "20150722T125742+0900",
      "duration" : 60.0,
      "distance" : 36.0,
      "steps" : 72,
      "calories" : 2,
      "trackPoints" : [ ]
    }, {
      "activity" : "walking",
      "group" : "walking",
      "manual" : false,
      "startTime" : "20150722T141008+0900",
      "endTime" : "20150722T141438+0900",
      "duration" : 270.0,
      "distance" : 268.0,
      "steps" : 357,
      "calories" : 16,
      "trackPoints" : [ ]
    }, {
      "activity" : "walking",
      "group" : "walking",
      "manual" : false,
      "startTime" : "20150722T161747+0900",
      "endTime" : "20150722T162017+0900",
      "duration" : 150.0,
      "distance" : 192.0,
      "steps" : 256,
      "calories" : 11,
      "trackPoints" : [ ]
    } ],
    "lastUpdate" : "20150722T085547Z"
  }, {
    "type" : "move",
    "startTime" : "20150722T162106+0900",
    "endTime" : "20150722T162426+0900",
    "activities" : [ {
      "activity" : "cycling",
      "group" : "cycling",
      "manual" : false,
      "startTime" : "20150722T162106+0900",
      "endTime" : "20150722T162426+0900",
      "duration" : 200.0,
      "distance" : 877.0,
      "calories" : 23,
      "trackPoints" : [ {
        "lat" : 43.0794932905,
        "lon" : 141.3403872229,
        "time" : "20150722T162106+0900"
      }, {
        "lat" : 43.0810166501,
        "lon" : 141.3413727546,
        "time" : "20150722T162121+0900"
      }, {
        "lat" : 43.0811876639,
        "lon" : 141.3427697241,
        "time" : "20150722T162143+0900"
      }, {
        "lat" : 43.0813104118,
        "lon" : 141.3443791768,
        "time" : "20150722T162210+0900"
      }, {
        "lat" : 43.0816161701,
        "lon" : 141.3449388309,
        "time" : "20150722T162227+0900"
      }, {
        "lat" : 43.0824709793,
        "lon" : 141.3449043949,
        "time" : "20150722T162249+0900"
      }, {
        "lat" : 43.0834864623,
        "lon" : 141.3446795754,
        "time" : "20150722T162315+0900"
      }, {
        "lat" : 43.0837237742,
        "lon" : 141.3446775015,
        "time" : "20150722T162335+0900"
      }, {
        "lat" : 43.0841046859,
        "lon" : 141.3445909975,
        "time" : "20150722T162355+0900"
      }, {
        "lat" : 43.0843685253,
        "lon" : 141.345080654,
        "time" : "20150722T162426+0900"
      } ]
    } ],
    "lastUpdate" : "20150722T085547Z"
  }, {
    "type" : "place",
    "startTime" : "20150722T162426+0900",
    "endTime" : "20150723T102731+0900",
    "place" : {
      "id" : 141435006,
      "type" : "unknown",
      "location" : {
        "lat" : 43.0843685253,
        "lon" : 141.345080654
      }
    },
    "activities" : [ {
      "activity" : "walking",
      "group" : "walking",
      "manual" : false,
      "startTime" : "20150722T162426+0900",
      "endTime" : "20150722T162448+0900",
      "duration" : 22.0,
      "distance" : 23.0,
      "steps" : 45,
      "calories" : 1,
      "trackPoints" : [ ]
    } ],
    "lastUpdate" : "20150723T030850Z"
  } ],
  "caloriesIdle" : 1706,
  "lastUpdate" : "20150723T030850Z"
}, {
  "date" : "20150723",
  "summary" : [ {
    "activity" : "walking",
    "group" : "walking",
    "duration" : 5008.0,
    "distance" : 4653.0,
    "steps" : 5918,
    "calories" : 276
  }, {
    "activity" : "cycling",
    "group" : "cycling",
    "duration" : 824.0,
    "distance" : 3842.0,
    "calories" : 101
  }, {
    "activity" : "transport",
    "group" : "transport",
    "duration" : 317.0,
    "distance" : 497.0
  } ],
  "segments" : [ {
    "type" : "place",
    "startTime" : "20150722T162426+0900",
    "endTime" : "20150723T102731+0900",
    "place" : {
      "id" : 141435006,
      "type" : "unknown",
      "location" : {
        "lat" : 43.0843685253,
        "lon" : 141.345080654
      }
    },
    "activities" : [ {
      "activity" : "walking",
      "group" : "walking",
      "manual" : false,
      "startTime" : "20150723T102601+0900",
      "endTime" : "20150723T105930+0900",
      "duration" : 2009.0,
      "distance" : 1529.0,
      "steps" : 2038,
      "calories" : 91,
      "trackPoints" : [ ]
    }, {
      "activity" : "walking",
      "group" : "walking",
      "manual" : false,
      "startTime" : "20150723T110000+0900",
      "endTime" : "20150723T110256+0900",
      "duration" : 176.0,
      "distance" : 135.0,
      "steps" : 180,
      "calories" : 8,
      "trackPoints" : [ ]
    } ],
    "lastUpdate" : "20150723T030850Z"
  }, {
    "type" : "move",
    "startTime" : "20150723T102731+0900",
    "endTime" : "20150723T103013+0900",
    "activities" : [ {
      "activity" : "cycling",
      "group" : "cycling",
      "manual" : false,
      "startTime" : "20150723T102731+0900",
      "endTime" : "20150723T103013+0900",
      "duration" : 162.0,
      "distance" : 856.0,
      "calories" : 22,
      "trackPoints" : [ {
        "lat" : 43.0843685253,
        "lon" : 141.345080654,
        "time" : "20150723T102731+0900"
      }, {
        "lat" : 43.083467565,
        "lon" : 141.3445728816,
        "time" : "20150723T102754+0900"
      }, {
        "lat" : 43.0815951661,
        "lon" : 141.3451609191,
        "time" : "20150723T102826+0900"
      }, {
        "lat" : 43.0812180148,
        "lon" : 141.3440235569,
        "time" : "20150723T102850+0900"
      }, {
        "lat" : 43.0810058691,
        "lon" : 141.3422017525,
        "time" : "20150723T102919+0900"
      }, {
        "lat" : 43.0807031112,
        "lon" : 141.3414316777,
        "time" : "20150723T102940+0900"
      }, {
        "lat" : 43.079711611,
        "lon" : 141.340634675,
        "time" : "20150723T103013+0900"
      } ]
    } ],
    "lastUpdate" : "20150723T030850Z"
  }, {
    "type" : "place",
    "startTime" : "20150723T103013+0900",
    "endTime" : "20150723T120755+0900",
    "place" : {
      "id" : 149780344,
      "type" : "unknown",
      "location" : {
        "lat" : 43.079711611,
        "lon" : 141.340634675
      }
    },
    "activities" : [ {
      "activity" : "walking",
      "group" : "walking",
      "manual" : false,
      "startTime" : "20150723T103013+0900",
      "endTime" : "20150723T103101+0900",
      "duration" : 48.0,
      "distance" : 26.0,
      "steps" : 52,
      "calories" : 2,
      "trackPoints" : [ ]
    } ],
    "lastUpdate" : "20150723T081939Z"
  }, {
    "type" : "move",
    "startTime" : "20150723T120755+0900",
    "endTime" : "20150723T121127+0900",
    "activities" : [ {
      "activity" : "walking",
      "group" : "walking",
      "manual" : false,
      "startTime" : "20150723T120755+0900",
      "endTime" : "20150723T121127+0900",
      "duration" : 212.0,
      "distance" : 260.0,
      "steps" : 296,
      "calories" : 15,
      "trackPoints" : [ {
        "lat" : 43.079711611,
        "lon" : 141.340634675,
        "time" : "20150723T120755+0900"
      }, {
        "lat" : 43.0799079361,
        "lon" : 141.3408764829,
        "time" : "20150723T120825+0900"
      }, {
        "lat" : 43.0798780614,
        "lon" : 141.340829125,
        "time" : "20150723T120843+0900"
      }, {
        "lat" : 43.0800349926,
        "lon" : 141.3405587701,
        "time" : "20150723T120910+0900"
      }, {
        "lat" : 43.0797422689,
        "lon" : 141.3406142063,
        "time" : "20150723T120933+0900"
      }, {
        "lat" : 43.0795370265,
        "lon" : 141.3406852018,
        "time" : "20150723T120949+0900"
      }, {
        "lat" : 43.0785915419,
        "lon" : 141.3410046255,
        "time" : "20150723T121103+0900"
      }, {
        "lat" : 43.0785451373,
        "lon" : 141.341093201,
        "time" : "20150723T121127+0900"
      } ]
    } ],
    "lastUpdate" : "20150723T081939Z"
  }, {
    "type" : "place",
    "startTime" : "20150723T121127+0900",
    "endTime" : "20150723T123044+0900",
    "place" : {
      "id" : 149467634,
      "type" : "unknown",
      "location" : {
        "lat" : 43.0785451373,
        "lon" : 141.341093201
      }
    },
    "activities" : [ {
      "activity" : "walking",
      "group" : "walking",
      "manual" : false,
      "startTime" : "20150723T121258+0900",
      "endTime" : "20150723T121858+0900",
      "duration" : 360.0,
      "distance" : 328.0,
      "steps" : 437,
      "calories" : 19,
      "trackPoints" : [ ]
    } ],
    "lastUpdate" : "20150723T081939Z"
  }, {
    "type" : "move",
    "startTime" : "20150723T123044+0900",
    "endTime" : "20150723T123846+0900",
    "activities" : [ {
      "activity" : "walking",
      "group" : "walking",
      "manual" : false,
      "startTime" : "20150723T123044+0900",
      "endTime" : "20150723T123847+0900",
      "duration" : 483.0,
      "distance" : 539.0,
      "steps" : 776,
      "calories" : 32,
      "trackPoints" : [ {
        "lat" : 43.0785451373,
        "lon" : 141.341093201,
        "time" : "20150723T123044+0900"
      }, {
        "lat" : 43.0787775328,
        "lon" : 141.3408883729,
        "time" : "20150723T123122+0900"
      }, {
        "lat" : 43.0789037632,
        "lon" : 141.3412046446,
        "time" : "20150723T123147+0900"
      }, {
        "lat" : 43.0788736251,
        "lon" : 141.3412001858,
        "time" : "20150723T123206+0900"
      }, {
        "lat" : 43.0788090339,
        "lon" : 141.3411150923,
        "time" : "20150723T123232+0900"
      }, {
        "lat" : 43.0787581676,
        "lon" : 141.3411250616,
        "time" : "20150723T123252+0900"
      }, {
        "lat" : 43.078575481,
        "lon" : 141.341404656,
        "time" : "20150723T123328+0900"
      }, {
        "lat" : 43.0784608972,
        "lon" : 141.3420293994,
        "time" : "20150723T123350+0900"
      }, {
        "lat" : 43.0785467977,
        "lon" : 141.3427422175,
        "time" : "20150723T123414+0900"
      }, {
        "lat" : 43.0785598356,
        "lon" : 141.3429229483,
        "time" : "20150723T123433+0900"
      }, {
        "lat" : 43.0786492009,
        "lon" : 141.3429599518,
        "time" : "20150723T123455+0900"
      }, {
        "lat" : 43.0788549214,
        "lon" : 141.3432387822,
        "time" : "20150723T123514+0900"
      }, {
        "lat" : 43.079117622,
        "lon" : 141.3438995863,
        "time" : "20150723T123534+0900"
      }, {
        "lat" : 43.0790211875,
        "lon" : 141.3442424536,
        "time" : "20150723T123602+0900"
      }, {
        "lat" : 43.0789423098,
        "lon" : 141.344473898,
        "time" : "20150723T123626+0900"
      }, {
        "lat" : 43.0788272102,
        "lon" : 141.3446527142,
        "time" : "20150723T123647+0900"
      }, {
        "lat" : 43.0787001473,
        "lon" : 141.3447715512,
        "time" : "20150723T123710+0900"
      }, {
        "lat" : 43.0786345144,
        "lon" : 141.3449227141,
        "time" : "20150723T123728+0900"
      }, {
        "lat" : 43.0784781244,
        "lon" : 141.345482109,
        "time" : "20150723T123757+0900"
      }, {
        "lat" : 43.0783697121,
        "lon" : 141.3455836746,
        "time" : "20150723T123819+0900"
      }, {
        "lat" : 43.0782453101,
        "lon" : 141.3453037071,
        "time" : "20150723T123846+0900"
      } ]
    } ],
    "lastUpdate" : "20150723T081939Z"
  }, {
    "type" : "place",
    "startTime" : "20150723T123846+0900",
    "endTime" : "20150723T125934+0900",
    "place" : {
      "id" : 185437544,
      "type" : "unknown",
      "location" : {
        "lat" : 43.0782453101,
        "lon" : 141.3453037071
      }
    },
    "activities" : [ {
      "activity" : "walking",
      "group" : "walking",
      "manual" : false,
      "startTime" : "20150723T124140+0900",
      "endTime" : "20150723T124240+0900",
      "duration" : 60.0,
      "distance" : 41.0,
      "steps" : 81,
      "calories" : 2,
      "trackPoints" : [ ]
    } ],
    "lastUpdate" : "20150723T081939Z"
  }, {
    "type" : "move",
    "startTime" : "20150723T125934+0900",
    "endTime" : "20150723T130908+0900",
    "activities" : [ {
      "activity" : "walking",
      "group" : "walking",
      "manual" : false,
      "startTime" : "20150723T125934+0900",
      "endTime" : "20150723T130909+0900",
      "duration" : 575.0,
      "distance" : 706.0,
      "steps" : 707,
      "calories" : 42,
      "trackPoints" : [ {
        "lat" : 43.0782453101,
        "lon" : 141.3453037071,
        "time" : "20150723T125934+0900"
      }, {
        "lat" : 43.0782454033,
        "lon" : 141.3453050614,
        "time" : "20150723T125959+0900"
      }, {
        "lat" : 43.0782454034,
        "lon" : 141.345305062,
        "time" : "20150723T130000+0900"
      }, {
        "lat" : 43.0782455296,
        "lon" : 141.3453068969,
        "time" : "20150723T130034+0900"
      }, {
        "lat" : 43.0782693053,
        "lon" : 141.3453445131,
        "time" : "20150723T130103+0900"
      }, {
        "lat" : 43.0782684096,
        "lon" : 141.3453545774,
        "time" : "20150723T130123+0900"
      }, {
        "lat" : 43.0783844976,
        "lon" : 141.3459559991,
        "time" : "20150723T130302+0900"
      }, {
        "lat" : 43.0781915338,
        "lon" : 141.3455172576,
        "time" : "20150723T130317+0900"
      }, {
        "lat" : 43.0783088991,
        "lon" : 141.345294399,
        "time" : "20150723T130334+0900"
      }, {
        "lat" : 43.0785320524,
        "lon" : 141.3450367258,
        "time" : "20150723T130359+0900"
      }, {
        "lat" : 43.0787204324,
        "lon" : 141.3448211922,
        "time" : "20150723T130422+0900"
      }, {
        "lat" : 43.0788843681,
        "lon" : 141.3446007589,
        "time" : "20150723T130445+0900"
      }, {
        "lat" : 43.0790976382,
        "lon" : 141.3444193699,
        "time" : "20150723T130508+0900"
      }, {
        "lat" : 43.0790811944,
        "lon" : 141.3439930873,
        "time" : "20150723T130544+0900"
      }, {
        "lat" : 43.0786413608,
        "lon" : 141.3430950855,
        "time" : "20150723T130618+0900"
      }, {
        "lat" : 43.0788479513,
        "lon" : 141.3428774611,
        "time" : "20150723T130644+0900"
      }, {
        "lat" : 43.0788672811,
        "lon" : 141.3426822958,
        "time" : "20150723T130659+0900"
      }, {
        "lat" : 43.0787509148,
        "lon" : 141.3423915293,
        "time" : "20150723T130714+0900"
      }, {
        "lat" : 43.0786430251,
        "lon" : 141.3418171066,
        "time" : "20150723T130737+0900"
      }, {
        "lat" : 43.078722486,
        "lon" : 141.3411333739,
        "time" : "20150723T130811+0900"
      }, {
        "lat" : 43.0787709796,
        "lon" : 141.3409819769,
        "time" : "20150723T130845+0900"
      }, {
        "lat" : 43.079711611,
        "lon" : 141.340634675,
        "time" : "20150723T130908+0900"
      } ]
    } ],
    "lastUpdate" : "20150723T081939Z"
  }, {
    "type" : "place",
    "startTime" : "20150723T130908+0900",
    "endTime" : "20150723T143216+0900",
    "place" : {
      "id" : 149780344,
      "type" : "unknown",
      "location" : {
        "lat" : 43.079711611,
        "lon" : 141.340634675
      }
    },
    "activities" : [ {
      "activity" : "walking",
      "group" : "walking",
      "manual" : false,
      "startTime" : "20150723T133244+0900",
      "endTime" : "20150723T133314+0900",
      "duration" : 30.0,
      "distance" : 25.0,
      "steps" : 51,
      "calories" : 1,
      "trackPoints" : [ ]
    }, {
      "activity" : "walking",
      "group" : "walking",
      "manual" : false,
      "startTime" : "20150723T140357+0900",
      "endTime" : "20150723T140730+0900",
      "duration" : 213.0,
      "distance" : 171.0,
      "steps" : 227,
      "calories" : 10,
      "trackPoints" : [ ]
    } ],
    "lastUpdate" : "20150723T081939Z"
  }, {
    "type" : "move",
    "startTime" : "20150723T143216+0900",
    "endTime" : "20150723T143901+0900",
    "activities" : [ {
      "activity" : "walking",
      "group" : "walking",
      "manual" : false,
      "startTime" : "20150723T143216+0900",
      "endTime" : "20150723T143901+0900",
      "duration" : 405.0,
      "distance" : 531.0,
      "steps" : 567,
      "calories" : 31,
      "trackPoints" : [ {
        "lat" : 43.079711611,
        "lon" : 141.340634675,
        "time" : "20150723T143216+0900"
      }, {
        "lat" : 43.0784019472,
        "lon" : 141.3402131985,
        "time" : "20150723T143332+0900"
      }, {
        "lat" : 43.0785287614,
        "lon" : 141.3402920009,
        "time" : "20150723T143352+0900"
      }, {
        "lat" : 43.0787595981,
        "lon" : 141.3404321729,
        "time" : "20150723T143408+0900"
      }, {
        "lat" : 43.07854048,
        "lon" : 141.3405112071,
        "time" : "20150723T143425+0900"
      }, {
        "lat" : 43.0788784484,
        "lon" : 141.3406123981,
        "time" : "20150723T143446+0900"
      }, {
        "lat" : 43.0792764501,
        "lon" : 141.34057782,
        "time" : "20150723T143517+0900"
      }, {
        "lat" : 43.0796047298,
        "lon" : 141.3405308892,
        "time" : "20150723T143550+0900"
      }, {
        "lat" : 43.0796911258,
        "lon" : 141.3404857555,
        "time" : "20150723T143606+0900"
      }, {
        "lat" : 43.07973471,
        "lon" : 141.3402775993,
        "time" : "20150723T143706+0900"
      }, {
        "lat" : 43.0797341447,
        "lon" : 141.3400875115,
        "time" : "20150723T143733+0900"
      }, {
        "lat" : 43.0796796697,
        "lon" : 141.3399071406,
        "time" : "20150723T143751+0900"
      }, {
        "lat" : 43.07971799,
        "lon" : 141.3396937691,
        "time" : "20150723T143838+0900"
      }, {
        "lat" : 43.079711611,
        "lon" : 141.340634675,
        "time" : "20150723T143901+0900"
      } ]
    } ],
    "lastUpdate" : "20150723T081939Z"
  }, {
    "type" : "place",
    "startTime" : "20150723T143901+0900",
    "endTime" : "20150723T171817+0900",
    "place" : {
      "id" : 149780344,
      "type" : "unknown",
      "location" : {
        "lat" : 43.079711611,
        "lon" : 141.340634675
      }
    },
    "activities" : [ {
      "activity" : "walking",
      "group" : "walking",
      "manual" : false,
      "startTime" : "20150723T170646+0900",
      "endTime" : "20150723T170916+0900",
      "duration" : 150.0,
      "distance" : 214.0,
      "steps" : 286,
      "calories" : 13,
      "trackPoints" : [ ]
    } ],
    "lastUpdate" : "20150723T095107Z"
  }, {
    "type" : "move",
    "startTime" : "20150723T171817+0900",
    "endTime" : "20150723T173909+0900",
    "activities" : [ {
      "activity" : "cycling",
      "group" : "cycling",
      "manual" : false,
      "startTime" : "20150723T171817+0900",
      "endTime" : "20150723T172235+0900",
      "duration" : 258.0,
      "distance" : 1295.0,
      "calories" : 34,
      "trackPoints" : [ {
        "lat" : 43.079711611,
        "lon" : 141.340634675,
        "time" : "20150723T171817+0900"
      }, {
        "lat" : 43.0775068162,
        "lon" : 141.3413459006,
        "time" : "20150723T172022+0900"
      }, {
        "lat" : 43.0758179108,
        "lon" : 141.34162774,
        "time" : "20150723T172053+0900"
      }, {
        "lat" : 43.0749240904,
        "lon" : 141.3416606387,
        "time" : "20150723T172109+0900"
      }, {
        "lat" : 43.0724652871,
        "lon" : 141.3426299767,
        "time" : "20150723T172142+0900"
      }, {
        "lat" : 43.0703973439,
        "lon" : 141.3426702257,
        "time" : "20150723T172214+0900"
      }, {
        "lat" : 43.069996967,
        "lon" : 141.3433585108,
        "time" : "20150723T172235+0900"
      } ]
    }, {
      "activity" : "walking",
      "group" : "walking",
      "manual" : false,
      "startTime" : "20150723T172235+0900",
      "endTime" : "20150723T172708+0900",
      "duration" : 273.0,
      "distance" : 141.0,
      "steps" : 206,
      "calories" : 8,
      "trackPoints" : [ {
        "lat" : 43.069996967,
        "lon" : 141.3433585108,
        "time" : "20150723T172235+0900"
      }, {
        "lat" : 43.069855769,
        "lon" : 141.3436242011,
        "time" : "20150723T172313+0900"
      }, {
        "lat" : 43.0698746169,
        "lon" : 141.3436066144,
        "time" : "20150723T172330+0900"
      }, {
        "lat" : 43.0698700291,
        "lon" : 141.3435746342,
        "time" : "20150723T172346+0900"
      }, {
        "lat" : 43.0698239254,
        "lon" : 141.3435258568,
        "time" : "20150723T172404+0900"
      }, {
        "lat" : 43.0698665058,
        "lon" : 141.3437018195,
        "time" : "20150723T172423+0900"
      }, {
        "lat" : 43.0697770014,
        "lon" : 141.3440183237,
        "time" : "20150723T172446+0900"
      }, {
        "lat" : 43.0696680369,
        "lon" : 141.3443149985,
        "time" : "20150723T172506+0900"
      }, {
        "lat" : 43.0696187619,
        "lon" : 141.3444469467,
        "time" : "20150723T172529+0900"
      }, {
        "lat" : 43.0695987469,
        "lon" : 141.3445037172,
        "time" : "20150723T172548+0900"
      }, {
        "lat" : 43.0695913812,
        "lon" : 141.3445094523,
        "time" : "20150723T172611+0900"
      }, {
        "lat" : 43.0695906855,
        "lon" : 141.344488195,
        "time" : "20150723T172627+0900"
      }, {
        "lat" : 43.0695853089,
        "lon" : 141.3444329755,
        "time" : "20150723T172647+0900"
      }, {
        "lat" : 43.0695727673,
        "lon" : 141.344377159,
        "time" : "20150723T172708+0900"
      } ]
    }, {
      "activity" : "cycling",
      "group" : "cycling",
      "manual" : false,
      "startTime" : "20150723T172708+0900",
      "endTime" : "20150723T173352+0900",
      "duration" : 404.0,
      "distance" : 1691.0,
      "calories" : 45,
      "trackPoints" : [ {
        "lat" : 43.0695727673,
        "lon" : 141.344377159,
        "time" : "20150723T172708+0900"
      }, {
        "lat" : 43.0696324098,
        "lon" : 141.3444046867,
        "time" : "20150723T172724+0900"
      }, {
        "lat" : 43.0696730727,
        "lon" : 141.3443612156,
        "time" : "20150723T172747+0900"
      }, {
        "lat" : 43.0697256884,
        "lon" : 141.3443518194,
        "time" : "20150723T172808+0900"
      }, {
        "lat" : 43.0697726257,
        "lon" : 141.3443383255,
        "time" : "20150723T172825+0900"
      }, {
        "lat" : 43.0703545957,
        "lon" : 141.3439142563,
        "time" : "20150723T172851+0900"
      }, {
        "lat" : 43.0709052141,
        "lon" : 141.3434876294,
        "time" : "20150723T172910+0900"
      }, {
        "lat" : 43.0718729903,
        "lon" : 141.3430747981,
        "time" : "20150723T172932+0900"
      }, {
        "lat" : 43.0726279499,
        "lon" : 141.3427364787,
        "time" : "20150723T172947+0900"
      }, {
        "lat" : 43.0731843347,
        "lon" : 141.342551,
        "time" : "20150723T173002+0900"
      }, {
        "lat" : 43.0755101095,
        "lon" : 141.3420810506,
        "time" : "20150723T173036+0900"
      }, {
        "lat" : 43.0764259701,
        "lon" : 141.3417736309,
        "time" : "20150723T173057+0900"
      }, {
        "lat" : 43.077326525,
        "lon" : 141.3414530497,
        "time" : "20150723T173115+0900"
      }, {
        "lat" : 43.0782621743,
        "lon" : 141.3412258775,
        "time" : "20150723T173137+0900"
      }, {
        "lat" : 43.0792326333,
        "lon" : 141.3409250864,
        "time" : "20150723T173157+0900"
      }, {
        "lat" : 43.0803609172,
        "lon" : 141.341147797,
        "time" : "20150723T173223+0900"
      }, {
        "lat" : 43.0810007269,
        "lon" : 141.3419551675,
        "time" : "20150723T173247+0900"
      }, {
        "lat" : 43.0810857756,
        "lon" : 141.342565671,
        "time" : "20150723T173311+0900"
      }, {
        "lat" : 43.081144705,
        "lon" : 141.34330837,
        "time" : "20150723T173336+0900"
      }, {
        "lat" : 43.0812267223,
        "lon" : 141.3439522108,
        "time" : "20150723T173352+0900"
      } ]
    }, {
      "activity" : "transport",
      "group" : "transport",
      "manual" : false,
      "startTime" : "20150723T173352+0900",
      "endTime" : "20150723T173909+0900",
      "duration" : 317.0,
      "distance" : 497.0,
      "trackPoints" : [ {
        "lat" : 43.0812267223,
        "lon" : 141.3439522108,
        "time" : "20150723T173352+0900"
      }, {
        "lat" : 43.0814087085,
        "lon" : 141.3447809463,
        "time" : "20150723T173408+0900"
      }, {
        "lat" : 43.0820246095,
        "lon" : 141.3449897498,
        "time" : "20150723T173428+0900"
      }, {
        "lat" : 43.0819463772,
        "lon" : 141.3451229336,
        "time" : "20150723T173443+0900"
      }, {
        "lat" : 43.0819109167,
        "lon" : 141.3451098389,
        "time" : "20150723T173503+0900"
      }, {
        "lat" : 43.0820095518,
        "lon" : 141.3451781064,
        "time" : "20150723T173524+0900"
      }, {
        "lat" : 43.0820954954,
        "lon" : 141.3451546773,
        "time" : "20150723T173600+0900"
      }, {
        "lat" : 43.0820847759,
        "lon" : 141.3450494251,
        "time" : "20150723T173623+0900"
      }, {
        "lat" : 43.0820956039,
        "lon" : 141.3450429947,
        "time" : "20150723T173646+0900"
      }, {
        "lat" : 43.0822527121,
        "lon" : 141.3450945524,
        "time" : "20150723T173721+0900"
      }, {
        "lat" : 43.0827274301,
        "lon" : 141.3452186687,
        "time" : "20150723T173741+0900"
      }, {
        "lat" : 43.0829437593,
        "lon" : 141.3449279376,
        "time" : "20150723T173812+0900"
      }, {
        "lat" : 43.0834432642,
        "lon" : 141.3446451116,
        "time" : "20150723T173828+0900"
      }, {
        "lat" : 43.0839669583,
        "lon" : 141.3445681918,
        "time" : "20150723T173843+0900"
      }, {
        "lat" : 43.0843685253,
        "lon" : 141.345080654,
        "time" : "20150723T173909+0900"
      } ]
    } ],
    "lastUpdate" : "20150723T095107Z"
  }, {
    "type" : "place",
    "startTime" : "20150723T173909+0900",
    "endTime" : "20150724T083738+0900",
    "place" : {
      "id" : 141435006,
      "type" : "unknown",
      "location" : {
        "lat" : 43.0843685253,
        "lon" : 141.345080654
      }
    },
    "activities" : [ {
      "activity" : "walking",
      "group" : "walking",
      "manual" : false,
      "startTime" : "20150723T173909+0900",
      "endTime" : "20150723T173923+0900",
      "duration" : 14.0,
      "distance" : 7.0,
      "steps" : 14,
      "calories" : 0,
      "trackPoints" : [ ]
    } ],
    "lastUpdate" : "20150724T024826Z"
  } ],
  "caloriesIdle" : 1706,
  "lastUpdate" : "20150724T024826Z"
}, {
  "date" : "20150724",
  "summary" : [ {
    "activity" : "walking",
    "group" : "walking",
    "duration" : 3700.0,
    "distance" : 4836.0,
    "steps" : 6549,
    "calories" : 287
  }, {
    "activity" : "cycling",
    "group" : "cycling",
    "duration" : 625.0,
    "distance" : 2435.0,
    "calories" : 65
  }, {
    "activity" : "transport",
    "group" : "transport",
    "duration" : 255.0,
    "distance" : 1220.0
  } ],
  "segments" : [ {
    "type" : "place",
    "startTime" : "20150723T173909+0900",
    "endTime" : "20150724T083738+0900",
    "place" : {
      "id" : 141435006,
      "type" : "unknown",
      "location" : {
        "lat" : 43.0843685253,
        "lon" : 141.345080654
      }
    },
    "activities" : [ {
      "activity" : "walking",
      "group" : "walking",
      "manual" : false,
      "startTime" : "20150724T083713+0900",
      "endTime" : "20150724T090637+0900",
      "duration" : 1764.0,
      "distance" : 2695.0,
      "steps" : 3594,
      "calories" : 160,
      "trackPoints" : [ ]
    } ],
    "lastUpdate" : "20150724T024826Z"
  }, {
    "type" : "move",
    "startTime" : "20150724T083738+0900",
    "endTime" : "20150724T084137+0900",
    "activities" : [ {
      "activity" : "cycling",
      "group" : "cycling",
      "manual" : false,
      "startTime" : "20150724T083738+0900",
      "endTime" : "20150724T084137+0900",
      "duration" : 239.0,
      "distance" : 894.0,
      "calories" : 24,
      "trackPoints" : [ {
        "lat" : 43.0843685253,
        "lon" : 141.345080654,
        "time" : "20150724T083738+0900"
      }, {
        "lat" : 43.0842328825,
        "lon" : 141.3447217229,
        "time" : "20150724T083757+0900"
      }, {
        "lat" : 43.0840030586,
        "lon" : 141.3444245972,
        "time" : "20150724T083816+0900"
      }, {
        "lat" : 43.083419513,
        "lon" : 141.3435114585,
        "time" : "20150724T083842+0900"
      }, {
        "lat" : 43.0823963571,
        "lon" : 141.3424039413,
        "time" : "20150724T083913+0900"
      }, {
        "lat" : 43.0819908176,
        "lon" : 141.3420982496,
        "time" : "20150724T083939+0900"
      }, {
        "lat" : 43.0811519635,
        "lon" : 141.3424528453,
        "time" : "20150724T084003+0900"
      }, {
        "lat" : 43.0810069156,
        "lon" : 141.3411913493,
        "time" : "20150724T084027+0900"
      }, {
        "lat" : 43.0803941195,
        "lon" : 141.3404838534,
        "time" : "20150724T084051+0900"
      }, {
        "lat" : 43.078885333,
        "lon" : 141.3393685719,
        "time" : "20150724T084137+0900"
      } ]
    } ],
    "lastUpdate" : "20150724T024826Z"
  }, {
    "type" : "place",
    "startTime" : "20150724T084137+0900",
    "endTime" : "20150724T084809+0900",
    "place" : {
      "id" : 183122719,
      "type" : "unknown",
      "location" : {
        "lat" : 43.078885333,
        "lon" : 141.3393685719
      }
    },
    "activities" : [ {
      "activity" : "walking",
      "group" : "walking",
      "manual" : false,
      "startTime" : "20150724T084137+0900",
      "endTime" : "20150724T084216+0900",
      "duration" : 39.0,
      "distance" : 27.0,
      "steps" : 53,
      "calories" : 2,
      "trackPoints" : [ ]
    } ],
    "lastUpdate" : "20150724T024826Z"
  }, {
    "type" : "place",
    "startTime" : "20150724T100115+0900",
    "endTime" : "20150724T115134+0900",
    "place" : {
      "id" : 183122719,
      "type" : "unknown",
      "location" : {
        "lat" : 43.078885333,
        "lon" : 141.3393685719
      }
    },
    "activities" : [ {
      "activity" : "walking",
      "group" : "walking",
      "manual" : false,
      "startTime" : "20150724T100528+0900",
      "endTime" : "20150724T100628+0900",
      "duration" : 60.0,
      "distance" : 46.0,
      "steps" : 92,
      "calories" : 3,
      "trackPoints" : [ ]
    }, {
      "activity" : "walking",
      "group" : "walking",
      "manual" : false,
      "startTime" : "20150724T110901+0900",
      "endTime" : "20150724T111201+0900",
      "duration" : 180.0,
      "distance" : 222.0,
      "steps" : 296,
      "calories" : 13,
      "trackPoints" : [ ]
    } ],
    "lastUpdate" : "20150724T053842Z"
  }, {
    "type" : "move",
    "startTime" : "20150724T115134+0900",
    "endTime" : "20150724T115941+0900",
    "activities" : [ {
      "activity" : "walking",
      "group" : "walking",
      "manual" : false,
      "startTime" : "20150724T115134+0900",
      "endTime" : "20150724T115404+0900",
      "duration" : 150.0,
      "distance" : 229.0,
      "steps" : 266,
      "calories" : 14,
      "trackPoints" : [ {
        "lat" : 43.078885333,
        "lon" : 141.3393685719,
        "time" : "20150724T115134+0900"
      }, {
        "lat" : 43.0788276175,
        "lon" : 141.3405729576,
        "time" : "20150724T115217+0900"
      }, {
        "lat" : 43.0790370537,
        "lon" : 141.3406740731,
        "time" : "20150724T115244+0900"
      }, {
        "lat" : 43.0794689157,
        "lon" : 141.340703925,
        "time" : "20150724T115324+0900"
      }, {
        "lat" : 43.0797506486,
        "lon" : 141.3406278552,
        "time" : "20150724T115404+0900"
      } ]
    }, {
      "activity" : "transport",
      "group" : "transport",
      "manual" : false,
      "startTime" : "20150724T115404+0900",
      "endTime" : "20150724T115734+0900",
      "duration" : 210.0,
      "distance" : 781.0,
      "trackPoints" : [ {
        "lat" : 43.0797506486,
        "lon" : 141.3406278552,
        "time" : "20150724T115404+0900"
      }, {
        "lat" : 43.0800760116,
        "lon" : 141.3404891141,
        "time" : "20150724T115431+0900"
      }, {
        "lat" : 43.0803619415,
        "lon" : 141.3407921989,
        "time" : "20150724T115452+0900"
      }, {
        "lat" : 43.0806508832,
        "lon" : 141.3413652802,
        "time" : "20150724T115513+0900"
      }, {
        "lat" : 43.0810191059,
        "lon" : 141.3422252641,
        "time" : "20150724T115539+0900"
      }, {
        "lat" : 43.0811982888,
        "lon" : 141.3430533807,
        "time" : "20150724T115556+0900"
      }, {
        "lat" : 43.0814588805,
        "lon" : 141.3443693105,
        "time" : "20150724T115618+0900"
      }, {
        "lat" : 43.08229118,
        "lon" : 141.3449075803,
        "time" : "20150724T115642+0900"
      }, {
        "lat" : 43.0837393728,
        "lon" : 141.3446018289,
        "time" : "20150724T115715+0900"
      }, {
        "lat" : 43.0842031472,
        "lon" : 141.3448223141,
        "time" : "20150724T115735+0900"
      } ]
    }, {
      "activity" : "walking",
      "group" : "walking",
      "manual" : false,
      "startTime" : "20150724T115735+0900",
      "endTime" : "20150724T115942+0900",
      "duration" : 127.0,
      "distance" : 106.0,
      "steps" : 162,
      "calories" : 6,
      "trackPoints" : [ {
        "lat" : 43.0842031472,
        "lon" : 141.3448223141,
        "time" : "20150724T115735+0900"
      }, {
        "lat" : 43.0841938174,
        "lon" : 141.3446272961,
        "time" : "20150724T115758+0900"
      }, {
        "lat" : 43.0843123286,
        "lon" : 141.3449912274,
        "time" : "20150724T115826+0900"
      }, {
        "lat" : 43.0846126508,
        "lon" : 141.3450733666,
        "time" : "20150724T115901+0900"
      }, {
        "lat" : 43.0846840632,
        "lon" : 141.3451000832,
        "time" : "20150724T115921+0900"
      }, {
        "lat" : 43.0846321394,
        "lon" : 141.3451669726,
        "time" : "20150724T115941+0900"
      } ]
    } ],
    "lastUpdate" : "20150724T053842Z"
  }, {
    "type" : "place",
    "startTime" : "20150724T115941+0900",
    "endTime" : "20150724T125633+0900",
    "place" : {
      "id" : 152143834,
      "type" : "unknown",
      "location" : {
        "lat" : 43.0846321394,
        "lon" : 141.3451669726
      }
    },
    "activities" : [ {
      "activity" : "walking",
      "group" : "walking",
      "manual" : false,
      "startTime" : "20150724T125620+0900",
      "endTime" : "20150724T125809+0900",
      "duration" : 109.0,
      "distance" : 55.0,
      "steps" : 109,
      "calories" : 3,
      "trackPoints" : [ ]
    } ],
    "lastUpdate" : "20150724T053844Z"
  }, {
    "type" : "move",
    "startTime" : "20150724T125633+0900",
    "endTime" : "20150724T125921+0900",
    "activities" : [ {
      "activity" : "cycling",
      "group" : "cycling",
      "manual" : false,
      "startTime" : "20150724T125633+0900",
      "endTime" : "20150724T125921+0900",
      "duration" : 168.0,
      "distance" : 875.0,
      "calories" : 23,
      "trackPoints" : [ {
        "lat" : 43.0846321394,
        "lon" : 141.3451669726,
        "time" : "20150724T125633+0900"
      }, {
        "lat" : 43.0841029581,
        "lon" : 141.3446284435,
        "time" : "20150724T125650+0900"
      }, {
        "lat" : 43.0838483257,
        "lon" : 141.3445296148,
        "time" : "20150724T125719+0900"
      }, {
        "lat" : 43.0830104654,
        "lon" : 141.3447309696,
        "time" : "20150724T125736+0900"
      }, {
        "lat" : 43.0821416344,
        "lon" : 141.3448770169,
        "time" : "20150724T125752+0900"
      }, {
        "lat" : 43.081359486,
        "lon" : 141.3443303554,
        "time" : "20150724T125814+0900"
      }, {
        "lat" : 43.0811070608,
        "lon" : 141.3428579178,
        "time" : "20150724T125836+0900"
      }, {
        "lat" : 43.08094217,
        "lon" : 141.3419790611,
        "time" : "20150724T125853+0900"
      }, {
        "lat" : 43.0798974576,
        "lon" : 141.3401985712,
        "time" : "20150724T125921+0900"
      } ]
    } ],
    "lastUpdate" : "20150724T053844Z"
  }, {
    "type" : "place",
    "startTime" : "20150724T125921+0900",
    "endTime" : "20150724T161709+0900",
    "place" : {
      "id" : 150878933,
      "type" : "unknown",
      "location" : {
        "lat" : 43.0798974576,
        "lon" : 141.3401985712
      }
    },
    "activities" : [ {
      "activity" : "walking",
      "group" : "walking",
      "manual" : false,
      "startTime" : "20150724T125950+0900",
      "endTime" : "20150724T130023+0900",
      "duration" : 33.0,
      "distance" : 29.0,
      "steps" : 58,
      "calories" : 2,
      "trackPoints" : [ ]
    }, {
      "activity" : "walking",
      "group" : "walking",
      "manual" : false,
      "startTime" : "20150724T141204+0900",
      "endTime" : "20150724T141605+0900",
      "duration" : 241.0,
      "distance" : 300.0,
      "steps" : 399,
      "calories" : 18,
      "trackPoints" : [ ]
    }, {
      "activity" : "walking",
      "group" : "walking",
      "manual" : false,
      "startTime" : "20150724T160038+0900",
      "endTime" : "20150724T160934+0900",
      "duration" : 536.0,
      "distance" : 586.0,
      "steps" : 781,
      "calories" : 35,
      "trackPoints" : [ ]
    } ],
    "lastUpdate" : "20150726T062115Z"
  }, {
    "type" : "move",
    "startTime" : "20150724T161709+0900",
    "endTime" : "20150724T161754+0900",
    "activities" : [ {
      "activity" : "transport",
      "group" : "transport",
      "manual" : false,
      "startTime" : "20150724T161709+0900",
      "endTime" : "20150724T161754+0900",
      "duration" : 45.0,
      "distance" : 439.0,
      "trackPoints" : [ {
        "lat" : 43.0798974576,
        "lon" : 141.3401985712,
        "time" : "20150724T161709+0900"
      }, {
        "lat" : 43.083240679,
        "lon" : 141.3391387825,
        "time" : "20150724T161754+0900"
      } ]
    } ],
    "lastUpdate" : "20150726T062115Z"
  }, {
    "type" : "place",
    "startTime" : "20150724T161754+0900",
    "endTime" : "20150724T174053+0900",
    "place" : {
      "id" : 156546343,
      "type" : "unknown",
      "location" : {
        "lat" : 43.083240679,
        "lon" : 141.3391387825
      }
    },
    "activities" : [ {
      "activity" : "walking",
      "group" : "walking",
      "manual" : false,
      "startTime" : "20150724T161827+0900",
      "endTime" : "20150724T162027+0900",
      "duration" : 120.0,
      "distance" : 153.0,
      "steps" : 204,
      "calories" : 9,
      "trackPoints" : [ ]
    }, {
      "activity" : "walking",
      "group" : "walking",
      "manual" : false,
      "startTime" : "20150724T173553+0900",
      "endTime" : "20150724T173753+0900",
      "duration" : 120.0,
      "distance" : 168.0,
      "steps" : 224,
      "calories" : 10,
      "trackPoints" : [ ]
    } ],
    "lastUpdate" : "20150726T062115Z"
  }, {
    "type" : "move",
    "startTime" : "20150724T174053+0900",
    "endTime" : "20150724T174432+0900",
    "activities" : [ {
      "activity" : "cycling",
      "group" : "cycling",
      "manual" : false,
      "startTime" : "20150724T174053+0900",
      "endTime" : "20150724T174431+0900",
      "duration" : 218.0,
      "distance" : 666.0,
      "calories" : 18,
      "trackPoints" : [ {
        "lat" : 43.083240679,
        "lon" : 141.3391387825,
        "time" : "20150724T174053+0900"
      }, {
        "lat" : 43.0842814349,
        "lon" : 141.3396134316,
        "time" : "20150724T174127+0900"
      }, {
        "lat" : 43.0843503928,
        "lon" : 141.3399869142,
        "time" : "20150724T174143+0900"
      }, {
        "lat" : 43.0846091162,
        "lon" : 141.3410515489,
        "time" : "20150724T174206+0900"
      }, {
        "lat" : 43.0845714921,
        "lon" : 141.3417374289,
        "time" : "20150724T174233+0900"
      }, {
        "lat" : 43.0848115976,
        "lon" : 141.342582469,
        "time" : "20150724T174300+0900"
      }, {
        "lat" : 43.0847119919,
        "lon" : 141.3429687339,
        "time" : "20150724T174338+0900"
      }, {
        "lat" : 43.0849149415,
        "lon" : 141.343643519,
        "time" : "20150724T174401+0900"
      }, {
        "lat" : 43.0846321394,
        "lon" : 141.3451669726,
        "time" : "20150724T174432+0900"
      } ]
    } ],
    "lastUpdate" : "20150726T062115Z"
  }, {
    "type" : "place",
    "startTime" : "20150724T174432+0900",
    "endTime" : "20150724T204426+0900",
    "place" : {
      "id" : 152143834,
      "type" : "unknown",
      "location" : {
        "lat" : 43.0846321394,
        "lon" : 141.3451669726
      }
    },
    "activities" : [ {
      "activity" : "walking",
      "group" : "walking",
      "manual" : false,
      "startTime" : "20150724T174551+0900",
      "endTime" : "20150724T174621+0900",
      "duration" : 30.0,
      "distance" : 25.0,
      "steps" : 51,
      "calories" : 1,
      "trackPoints" : [ ]
    }, {
      "activity" : "walking",
      "group" : "walking",
      "manual" : false,
      "startTime" : "20150724T204412+0900",
      "endTime" : "20150724T204723+0900",
      "duration" : 191.0,
      "distance" : 195.0,
      "steps" : 260,
      "calories" : 12,
      "trackPoints" : [ ]
    } ],
    "lastUpdate" : "20150726T092818Z"
  } ],
  "caloriesIdle" : 1706,
  "lastUpdate" : "20150726T092818Z"
}, {
  "date" : "20150726",
  "summary" : [ {
    "activity" : "cycling",
    "group" : "cycling",
    "duration" : 2013.0,
    "distance" : 7999.0,
    "calories" : 214
  }, {
    "activity" : "walking",
    "group" : "walking",
    "duration" : 644.0,
    "distance" : 529.0,
    "steps" : 714,
    "calories" : 31
  } ],
  "segments" : [ {
    "type" : "move",
    "startTime" : "20150726T152119+0900",
    "endTime" : "20150726T154032+0900",
    "activities" : [ {
      "activity" : "cycling",
      "group" : "cycling",
      "manual" : false,
      "startTime" : "20150726T152119+0900",
      "endTime" : "20150726T153638+0900",
      "duration" : 919.0,
      "distance" : 3193.0,
      "calories" : 87,
      "trackPoints" : [ {
        "lat" : 43.0821004112,
        "lon" : 141.3450259817,
        "time" : "20150726T152119+0900"
      }, {
        "lat" : 43.081581666,
        "lon" : 141.3453526043,
        "time" : "20150726T152135+0900"
      }, {
        "lat" : 43.0815010806,
        "lon" : 141.3453584812,
        "time" : "20150726T152151+0900"
      }, {
        "lat" : 43.0810635521,
        "lon" : 141.3453690849,
        "time" : "20150726T152210+0900"
      }, {
        "lat" : 43.0800801591,
        "lon" : 141.3455159679,
        "time" : "20150726T152227+0900"
      }, {
        "lat" : 43.0788994211,
        "lon" : 141.345815522,
        "time" : "20150726T152247+0900"
      }, {
        "lat" : 43.0782636881,
        "lon" : 141.3460536736,
        "time" : "20150726T152306+0900"
      }, {
        "lat" : 43.0772250852,
        "lon" : 141.3468624456,
        "time" : "20150726T152331+0900"
      }, {
        "lat" : 43.0770745551,
        "lon" : 141.3477811851,
        "time" : "20150726T152351+0900"
      }, {
        "lat" : 43.0762077215,
        "lon" : 141.3481405633,
        "time" : "20150726T152415+0900"
      }, {
        "lat" : 43.0759274182,
        "lon" : 141.3483419763,
        "time" : "20150726T152430+0900"
      }, {
        "lat" : 43.0759250555,
        "lon" : 141.3496922453,
        "time" : "20150726T152456+0900"
      }, {
        "lat" : 43.0751954575,
        "lon" : 141.3499161584,
        "time" : "20150726T152512+0900"
      }, {
        "lat" : 43.0750789828,
        "lon" : 141.3501620238,
        "time" : "20150726T152529+0900"
      }, {
        "lat" : 43.0749760437,
        "lon" : 141.3514262258,
        "time" : "20150726T152551+0900"
      }, {
        "lat" : 43.0747593591,
        "lon" : 141.3517075662,
        "time" : "20150726T152607+0900"
      }, {
        "lat" : 43.0733889903,
        "lon" : 141.3520700419,
        "time" : "20150726T152645+0900"
      }, {
        "lat" : 43.0729954559,
        "lon" : 141.3522491377,
        "time" : "20150726T152701+0900"
      }, {
        "lat" : 43.0730347909,
        "lon" : 141.3537301367,
        "time" : "20150726T152731+0900"
      }, {
        "lat" : 43.0728143739,
        "lon" : 141.3542040349,
        "time" : "20150726T152755+0900"
      }, {
        "lat" : 43.0720076742,
        "lon" : 141.3544530687,
        "time" : "20150726T152813+0900"
      }, {
        "lat" : 43.0709710364,
        "lon" : 141.3546603112,
        "time" : "20150726T152839+0900"
      }, {
        "lat" : 43.0705125688,
        "lon" : 141.3549319263,
        "time" : "20150726T152856+0900"
      }, {
        "lat" : 43.0699483214,
        "lon" : 141.3550073741,
        "time" : "20150726T152913+0900"
      }, {
        "lat" : 43.0697714528,
        "lon" : 141.3553159917,
        "time" : "20150726T152936+0900"
      }, {
        "lat" : 43.0700310978,
        "lon" : 141.3565573337,
        "time" : "20150726T152958+0900"
      }, {
        "lat" : 43.0695923045,
        "lon" : 141.3567674941,
        "time" : "20150726T153015+0900"
      }, {
        "lat" : 43.0682882996,
        "lon" : 141.3569763385,
        "time" : "20150726T153045+0900"
      }, {
        "lat" : 43.0678253539,
        "lon" : 141.3574477679,
        "time" : "20150726T153112+0900"
      }, {
        "lat" : 43.0674178016,
        "lon" : 141.3590435337,
        "time" : "20150726T153144+0900"
      }, {
        "lat" : 43.0669957362,
        "lon" : 141.3597602355,
        "time" : "20150726T153200+0900"
      }, {
        "lat" : 43.0668959395,
        "lon" : 141.3604082474,
        "time" : "20150726T153217+0900"
      }, {
        "lat" : 43.0669026534,
        "lon" : 141.3605463343,
        "time" : "20150726T153234+0900"
      }, {
        "lat" : 43.066336933,
        "lon" : 141.3606797362,
        "time" : "20150726T153255+0900"
      }, {
        "lat" : 43.0654959999,
        "lon" : 141.3606773165,
        "time" : "20150726T153314+0900"
      }, {
        "lat" : 43.0645609287,
        "lon" : 141.3611060683,
        "time" : "20150726T153352+0900"
      }, {
        "lat" : 43.0647043677,
        "lon" : 141.3615178351,
        "time" : "20150726T153408+0900"
      }, {
        "lat" : 43.0648065054,
        "lon" : 141.3614746223,
        "time" : "20150726T153428+0900"
      }, {
        "lat" : 43.0648596582,
        "lon" : 141.3620811469,
        "time" : "20150726T153451+0900"
      }, {
        "lat" : 43.0648816319,
        "lon" : 141.3620834072,
        "time" : "20150726T153507+0900"
      }, {
        "lat" : 43.0648579432,
        "lon" : 141.3620516407,
        "time" : "20150726T153524+0900"
      }, {
        "lat" : 43.0648279637,
        "lon" : 141.3620172029,
        "time" : "20150726T153541+0900"
      }, {
        "lat" : 43.0646916259,
        "lon" : 141.3617933544,
        "time" : "20150726T153603+0900"
      }, {
        "lat" : 43.0641151468,
        "lon" : 141.3614943898,
        "time" : "20150726T153639+0900"
      } ]
    }, {
      "activity" : "walking",
      "group" : "walking",
      "manual" : false,
      "startTime" : "20150726T153639+0900",
      "endTime" : "20150726T154032+0900",
      "duration" : 233.0,
      "distance" : 248.0,
      "steps" : 326,
      "calories" : 15,
      "trackPoints" : [ {
        "lat" : 43.0641151468,
        "lon" : 141.3614943898,
        "time" : "20150726T153639+0900"
      }, {
        "lat" : 43.0640482875,
        "lon" : 141.3614744258,
        "time" : "20150726T153656+0900"
      }, {
        "lat" : 43.0637417548,
        "lon" : 141.3615272046,
        "time" : "20150726T153712+0900"
      }, {
        "lat" : 43.0637045612,
        "lon" : 141.3619416042,
        "time" : "20150726T153737+0900"
      }, {
        "lat" : 43.0637125959,
        "lon" : 141.3620297492,
        "time" : "20150726T153800+0900"
      }, {
        "lat" : 43.0636405946,
        "lon" : 141.3621649214,
        "time" : "20150726T153820+0900"
      }, {
        "lat" : 43.0639481695,
        "lon" : 141.3625718451,
        "time" : "20150726T153840+0900"
      }, {
        "lat" : 43.0639584069,
        "lon" : 141.3626331948,
        "time" : "20150726T153904+0900"
      }, {
        "lat" : 43.0641653702,
        "lon" : 141.3626815673,
        "time" : "20150726T153922+0900"
      }, {
        "lat" : 43.0644998769,
        "lon" : 141.3627107928,
        "time" : "20150726T153955+0900"
      }, {
        "lat" : 43.0646585814,
        "lon" : 141.3627865402,
        "time" : "20150726T154032+0900"
      } ]
    } ],
    "lastUpdate" : "20150726T092818Z"
  }, {
    "type" : "place",
    "startTime" : "20150726T154032+0900",
    "endTime" : "20150726T200215+0900",
    "place" : {
      "id" : 186656596,
      "type" : "unknown",
      "location" : {
        "lat" : 43.0646585814,
        "lon" : 141.3627865402
      }
    },
    "activities" : [ {
      "activity" : "walking",
      "group" : "walking",
      "manual" : false,
      "startTime" : "20150726T195455+0900",
      "endTime" : "20150726T200146+0900",
      "duration" : 411.0,
      "distance" : 281.0,
      "steps" : 388,
      "calories" : 17,
      "trackPoints" : [ ]
    } ],
    "lastUpdate" : "20150726T140505Z"
  }, {
    "type" : "move",
    "startTime" : "20150726T200215+0900",
    "endTime" : "20150726T202029+0900",
    "activities" : [ {
      "activity" : "cycling",
      "group" : "cycling",
      "manual" : false,
      "startTime" : "20150726T200215+0900",
      "endTime" : "20150726T202029+0900",
      "duration" : 1094.0,
      "distance" : 4806.0,
      "calories" : 128,
      "trackPoints" : [ {
        "lat" : 43.0646585814,
        "lon" : 141.3627865402,
        "time" : "20150726T200215+0900"
      }, {
        "lat" : 43.0636736172,
        "lon" : 141.3621084803,
        "time" : "20150726T200235+0900"
      }, {
        "lat" : 43.0636390605,
        "lon" : 141.3616655653,
        "time" : "20150726T200251+0900"
      }, {
        "lat" : 43.06433508,
        "lon" : 141.3606769901,
        "time" : "20150726T200320+0900"
      }, {
        "lat" : 43.0644240741,
        "lon" : 141.3598915389,
        "time" : "20150726T200336+0900"
      }, {
        "lat" : 43.0639519832,
        "lon" : 141.356927369,
        "time" : "20150726T200409+0900"
      }, {
        "lat" : 43.0641114525,
        "lon" : 141.3562944469,
        "time" : "20150726T200427+0900"
      }, {
        "lat" : 43.0645495351,
        "lon" : 141.3562946413,
        "time" : "20150726T200446+0900"
      }, {
        "lat" : 43.0650968122,
        "lon" : 141.3566013822,
        "time" : "20150726T200508+0900"
      }, {
        "lat" : 43.065169585,
        "lon" : 141.3566082339,
        "time" : "20150726T200524+0900"
      }, {
        "lat" : 43.0651816411,
        "lon" : 141.3566036237,
        "time" : "20150726T200541+0900"
      }, {
        "lat" : 43.0653973471,
        "lon" : 141.3564090113,
        "time" : "20150726T200600+0900"
      }, {
        "lat" : 43.0672654423,
        "lon" : 141.3555513697,
        "time" : "20150726T200637+0900"
      }, {
        "lat" : 43.0675031031,
        "lon" : 141.3550560827,
        "time" : "20150726T200658+0900"
      }, {
        "lat" : 43.067458256,
        "lon" : 141.3549798318,
        "time" : "20150726T200724+0900"
      }, {
        "lat" : 43.0673722493,
        "lon" : 141.3542251148,
        "time" : "20150726T200749+0900"
      }, {
        "lat" : 43.0673796759,
        "lon" : 141.3540356991,
        "time" : "20150726T200811+0900"
      }, {
        "lat" : 43.0673796759,
        "lon" : 141.3540356991,
        "time" : "20150726T200827+0900"
      }, {
        "lat" : 43.0671616539,
        "lon" : 141.353045747,
        "time" : "20150726T200843+0900"
      }, {
        "lat" : 43.0669609484,
        "lon" : 141.3520767787,
        "time" : "20150726T200902+0900"
      }, {
        "lat" : 43.0670856563,
        "lon" : 141.3522611032,
        "time" : "20150726T200921+0900"
      }, {
        "lat" : 43.0671240734,
        "lon" : 141.3518132561,
        "time" : "20150726T200952+0900"
      }, {
        "lat" : 43.0672293371,
        "lon" : 141.3511215066,
        "time" : "20150726T201010+0900"
      }, {
        "lat" : 43.0672850875,
        "lon" : 141.3506158445,
        "time" : "20150726T201031+0900"
      }, {
        "lat" : 43.0667674114,
        "lon" : 141.3494776659,
        "time" : "20150726T201049+0900"
      }, {
        "lat" : 43.0671518932,
        "lon" : 141.3488862784,
        "time" : "20150726T201108+0900"
      }, {
        "lat" : 43.0675248443,
        "lon" : 141.3486312959,
        "time" : "20150726T201129+0900"
      }, {
        "lat" : 43.0679021107,
        "lon" : 141.3485261916,
        "time" : "20150726T201147+0900"
      }, {
        "lat" : 43.0687189264,
        "lon" : 141.3483917119,
        "time" : "20150726T201202+0900"
      }, {
        "lat" : 43.0697903921,
        "lon" : 141.3482026533,
        "time" : "20150726T201238+0900"
      }, {
        "lat" : 43.0705896315,
        "lon" : 141.3480241343,
        "time" : "20150726T201258+0900"
      }, {
        "lat" : 43.0710996681,
        "lon" : 141.3476022136,
        "time" : "20150726T201314+0900"
      }, {
        "lat" : 43.0708714708,
        "lon" : 141.3464855432,
        "time" : "20150726T201334+0900"
      }, {
        "lat" : 43.071094594,
        "lon" : 141.3439922395,
        "time" : "20150726T201400+0900"
      }, {
        "lat" : 43.0711739721,
        "lon" : 141.343325434,
        "time" : "20150726T201416+0900"
      }, {
        "lat" : 43.0718933611,
        "lon" : 141.3428144937,
        "time" : "20150726T201443+0900"
      }, {
        "lat" : 43.072655728,
        "lon" : 141.3426630701,
        "time" : "20150726T201502+0900"
      }, {
        "lat" : 43.0759586818,
        "lon" : 141.3441085819,
        "time" : "20150726T201539+0900"
      }, {
        "lat" : 43.0759177611,
        "lon" : 141.3420205316,
        "time" : "20150726T201557+0900"
      }, {
        "lat" : 43.076719053,
        "lon" : 141.3416790456,
        "time" : "20150726T201614+0900"
      }, {
        "lat" : 43.0776758028,
        "lon" : 141.3414349799,
        "time" : "20150726T201630+0900"
      }, {
        "lat" : 43.0785040463,
        "lon" : 141.3410468952,
        "time" : "20150726T201651+0900"
      }, {
        "lat" : 43.0793038279,
        "lon" : 141.3408414794,
        "time" : "20150726T201713+0900"
      }, {
        "lat" : 43.0800422725,
        "lon" : 141.3409003508,
        "time" : "20150726T201730+0900"
      }, {
        "lat" : 43.08086949,
        "lon" : 141.3415602611,
        "time" : "20150726T201754+0900"
      }, {
        "lat" : 43.0811359874,
        "lon" : 141.3429649975,
        "time" : "20150726T201826+0900"
      }, {
        "lat" : 43.0813107823,
        "lon" : 141.344258699,
        "time" : "20150726T201846+0900"
      }, {
        "lat" : 43.0816275442,
        "lon" : 141.3449951355,
        "time" : "20150726T201902+0900"
      }, {
        "lat" : 43.0828387648,
        "lon" : 141.3448830268,
        "time" : "20150726T201929+0900"
      }, {
        "lat" : 43.0833788094,
        "lon" : 141.3447948112,
        "time" : "20150726T201952+0900"
      }, {
        "lat" : 43.0838672575,
        "lon" : 141.3446768346,
        "time" : "20150726T202007+0900"
      }, {
        "lat" : 43.0846321394,
        "lon" : 141.3451669726,
        "time" : "20150726T202029+0900"
      } ]
    } ],
    "lastUpdate" : "20150726T140505Z"
  }, {
    "type" : "place",
    "startTime" : "20150726T202029+0900",
    "endTime" : "20150727T134612+0900",
    "place" : {
      "id" : 152143834,
      "type" : "unknown",
      "location" : {
        "lat" : 43.0846321394,
        "lon" : 141.3451669726
      }
    },
    "lastUpdate" : "20150727T071335Z"
  } ],
  "caloriesIdle" : 1706,
  "lastUpdate" : "20150727T071335Z"
} ]