[ {
  "date" : "20150608",
  "summary" : [ {
    "activity" : "walking",
    "group" : "walking",
    "duration" : 2563.0,
    "distance" : 2598.0,
    "steps" : 3880,
    "calories" : 154
  }, {
    "activity" : "cycling",
    "group" : "cycling",
    "duration" : 939.0,
    "distance" : 4765.0,
    "calories" : 125
  }, {
    "activity" : "transport",
    "group" : "transport",
    "duration" : 510.0,
    "distance" : 486.0
  } ],
  "segments" : [ {
    "type" : "place",
    "startTime" : "20150607T210725+0900",
    "endTime" : "20150608T124825+0900",
    "place" : {
      "id" : 148006119,
      "type" : "unknown",
      "location" : {
        "lat" : 43.0835941285,
        "lon" : 141.3448409624
      }
    },
    "activities" : [ {
      "activity" : "walking",
      "group" : "walking",
      "manual" : false,
      "startTime" : "20150608T055157+0900",
      "endTime" : "20150608T055227+0900",
      "duration" : 30.0,
      "distance" : 15.0,
      "steps" : 31,
      "calories" : 1,
      "trackPoints" : [ ]
    }, {
      "activity" : "walking",
      "group" : "walking",
      "manual" : false,
      "startTime" : "20150608T113202+0900",
      "endTime" : "20150608T113232+0900",
      "duration" : 30.0,
      "distance" : 15.0,
      "steps" : 20,
      "calories" : 1,
      "trackPoints" : [ ]
    }, {
      "activity" : "walking",
      "group" : "walking",
      "manual" : false,
      "startTime" : "20150608T124632+0900",
      "endTime" : "20150608T124732+0900",
      "duration" : 60.0,
      "distance" : 46.0,
      "steps" : 91,
      "calories" : 3,
      "trackPoints" : [ ]
    } ],
    "lastUpdate" : "20150608T052448Z"
  }, {
    "type" : "move",
    "startTime" : "20150608T124825+0900",
    "endTime" : "20150608T125139+0900",
    "activities" : [ {
      "activity" : "cycling",
      "group" : "cycling",
      "manual" : false,
      "startTime" : "20150608T124825+0900",
      "endTime" : "20150608T125139+0900",
      "duration" : 194.0,
      "distance" : 963.0,
      "calories" : 25,
      "trackPoints" : [ {
        "lat" : 43.0835941285,
        "lon" : 141.3448409624,
        "time" : "20150608T124825+0900"
      }, {
        "lat" : 43.0841326724,
        "lon" : 141.3445073638,
        "time" : "20150608T124858+0900"
      }, {
        "lat" : 43.0833381948,
        "lon" : 141.3446120207,
        "time" : "20150608T124916+0900"
      }, {
        "lat" : 43.0821909665,
        "lon" : 141.344810247,
        "time" : "20150608T124932+0900"
      }, {
        "lat" : 43.0814284495,
        "lon" : 141.3453270804,
        "time" : "20150608T124950+0900"
      }, {
        "lat" : 43.0812796045,
        "lon" : 141.344030531,
        "time" : "20150608T125027+0900"
      }, {
        "lat" : 43.0811149505,
        "lon" : 141.3425487201,
        "time" : "20150608T125045+0900"
      }, {
        "lat" : 43.080836658,
        "lon" : 141.3417059708,
        "time" : "20150608T125110+0900"
      }, {
        "lat" : 43.0794932905,
        "lon" : 141.3403872229,
        "time" : "20150608T125139+0900"
      } ]
    } ],
    "lastUpdate" : "20150608T052448Z"
  }, {
    "type" : "place",
    "startTime" : "20150608T125139+0900",
    "endTime" : "20150608T143455+0900",
    "place" : {
      "id" : 141367537,
      "type" : "unknown",
      "location" : {
        "lat" : 43.0794932905,
        "lon" : 141.3403872229
      }
    },
    "activities" : [ {
      "activity" : "walking",
      "group" : "walking",
      "manual" : false,
      "startTime" : "20150608T125139+0900",
      "endTime" : "20150608T125431+0900",
      "duration" : 172.0,
      "distance" : 240.0,
      "steps" : 320,
      "calories" : 14,
      "trackPoints" : [ ]
    }, {
      "activity" : "walking",
      "group" : "walking",
      "manual" : false,
      "startTime" : "20150608T143149+0900",
      "endTime" : "20150608T143449+0900",
      "duration" : 180.0,
      "distance" : 237.0,
      "steps" : 315,
      "calories" : 14,
      "trackPoints" : [ ]
    } ],
    "lastUpdate" : "20150608T065819Z"
  }, {
    "type" : "move",
    "startTime" : "20150608T143455+0900",
    "endTime" : "20150608T143855+0900",
    "activities" : [ {
      "activity" : "cycling",
      "group" : "cycling",
      "manual" : false,
      "startTime" : "20150608T143455+0900",
      "endTime" : "20150608T143855+0900",
      "duration" : 240.0,
      "distance" : 699.0,
      "calories" : 19,
      "trackPoints" : [ {
        "lat" : 43.0794932905,
        "lon" : 141.3403872229,
        "time" : "20150608T143455+0900"
      }, {
        "lat" : 43.0794692494,
        "lon" : 141.3403121941,
        "time" : "20150608T143521+0900"
      }, {
        "lat" : 43.0793055882,
        "lon" : 141.3403821104,
        "time" : "20150608T143540+0900"
      }, {
        "lat" : 43.0790409986,
        "lon" : 141.3388659209,
        "time" : "20150608T143635+0900"
      }, {
        "lat" : 43.0791050338,
        "lon" : 141.337582028,
        "time" : "20150608T143706+0900"
      }, {
        "lat" : 43.0790348058,
        "lon" : 141.3362517424,
        "time" : "20150608T143732+0900"
      }, {
        "lat" : 43.0789136488,
        "lon" : 141.3335623282,
        "time" : "20150608T143833+0900"
      }, {
        "lat" : 43.0789768858,
        "lon" : 141.3332834548,
        "time" : "20150608T143855+0900"
      } ]
    } ],
    "lastUpdate" : "20150608T065819Z"
  }, {
    "type" : "place",
    "startTime" : "20150608T143855+0900",
    "endTime" : "20150608T145714+0900",
    "place" : {
      "id" : 148725339,
      "type" : "unknown",
      "location" : {
        "lat" : 43.0789768858,
        "lon" : 141.3332834548
      }
    },
    "activities" : [ {
      "activity" : "walking",
      "group" : "walking",
      "manual" : false,
      "startTime" : "20150608T145121+0900",
      "endTime" : "20150608T145221+0900",
      "duration" : 60.0,
      "distance" : 56.0,
      "steps" : 112,
      "calories" : 3,
      "trackPoints" : [ ]
    } ],
    "lastUpdate" : "20150608T065819Z"
  }, {
    "type" : "move",
    "startTime" : "20150608T145714+0900",
    "endTime" : "20150608T151231+0900",
    "activities" : [ {
      "activity" : "walking",
      "group" : "walking",
      "manual" : false,
      "startTime" : "20150608T145714+0900",
      "endTime" : "20150608T151231+0900",
      "duration" : 917.0,
      "distance" : 884.0,
      "steps" : 1374,
      "calories" : 52,
      "trackPoints" : [ {
        "lat" : 43.0789768858,
        "lon" : 141.3332834548,
        "time" : "20150608T145714+0900"
      }, {
        "lat" : 43.0784221367,
        "lon" : 141.333372731,
        "time" : "20150608T145829+0900"
      }, {
        "lat" : 43.0780317985,
        "lon" : 141.3334269252,
        "time" : "20150608T145850+0900"
      }, {
        "lat" : 43.0782878224,
        "lon" : 141.3344956238,
        "time" : "20150608T145959+0900"
      }, {
        "lat" : 43.0782878592,
        "lon" : 141.3344957776,
        "time" : "20150608T150000+0900"
      }, {
        "lat" : 43.0786022964,
        "lon" : 141.335808306,
        "time" : "20150608T150125+0900"
      }, {
        "lat" : 43.0786493139,
        "lon" : 141.3359155292,
        "time" : "20150608T150147+0900"
      }, {
        "lat" : 43.0786945806,
        "lon" : 141.3361933718,
        "time" : "20150608T150220+0900"
      }, {
        "lat" : 43.0790565153,
        "lon" : 141.3383162489,
        "time" : "20150608T150537+0900"
      }, {
        "lat" : 43.0790697472,
        "lon" : 141.3385155011,
        "time" : "20150608T150556+0900"
      }, {
        "lat" : 43.0790195458,
        "lon" : 141.3401266625,
        "time" : "20150608T150826+0900"
      }, {
        "lat" : 43.0790173776,
        "lon" : 141.340348865,
        "time" : "20150608T150903+0900"
      }, {
        "lat" : 43.0791410702,
        "lon" : 141.3404630128,
        "time" : "20150608T150945+0900"
      }, {
        "lat" : 43.0794834417,
        "lon" : 141.3404312085,
        "time" : "20150608T151024+0900"
      }, {
        "lat" : 43.0795942574,
        "lon" : 141.3404237153,
        "time" : "20150608T151047+0900"
      }, {
        "lat" : 43.0796252678,
        "lon" : 141.3404150268,
        "time" : "20150608T151108+0900"
      }, {
        "lat" : 43.0794932905,
        "lon" : 141.3403872229,
        "time" : "20150608T151231+0900"
      } ]
    } ],
    "lastUpdate" : "20150608T065819Z"
  }, {
    "type" : "place",
    "startTime" : "20150608T151231+0900",
    "endTime" : "20150608T155355+0900",
    "place" : {
      "id" : 141367537,
      "type" : "unknown",
      "location" : {
        "lat" : 43.0794932905,
        "lon" : 141.3403872229
      }
    },
    "activities" : [ {
      "activity" : "walking",
      "group" : "walking",
      "manual" : false,
      "startTime" : "20150608T151422+0900",
      "endTime" : "20150608T152511+0900",
      "duration" : 649.0,
      "distance" : 689.0,
      "steps" : 919,
      "calories" : 41,
      "trackPoints" : [ ]
    } ],
    "lastUpdate" : "20150608T100520Z"
  }, {
    "type" : "move",
    "startTime" : "20150608T155355+0900",
    "endTime" : "20150608T155710+0900",
    "activities" : [ {
      "activity" : "cycling",
      "group" : "cycling",
      "manual" : false,
      "startTime" : "20150608T155355+0900",
      "endTime" : "20150608T155710+0900",
      "duration" : 195.0,
      "distance" : 1292.0,
      "calories" : 33,
      "trackPoints" : [ {
        "lat" : 43.0794932905,
        "lon" : 141.3403872229,
        "time" : "20150608T155355+0900"
      }, {
        "lat" : 43.0790028542,
        "lon" : 141.3405374731,
        "time" : "20150608T155414+0900"
      }, {
        "lat" : 43.0785437128,
        "lon" : 141.3408086308,
        "time" : "20150608T155440+0900"
      }, {
        "lat" : 43.0770120519,
        "lon" : 141.3415531625,
        "time" : "20150608T155504+0900"
      }, {
        "lat" : 43.0755584033,
        "lon" : 141.3416497095,
        "time" : "20150608T155526+0900"
      }, {
        "lat" : 43.0736273616,
        "lon" : 141.3422649369,
        "time" : "20150608T155604+0900"
      }, {
        "lat" : 43.0726339169,
        "lon" : 141.3423050965,
        "time" : "20150608T155622+0900"
      }, {
        "lat" : 43.0713606696,
        "lon" : 141.3429090878,
        "time" : "20150608T155644+0900"
      }, {
        "lat" : 43.0697139567,
        "lon" : 141.3441782705,
        "time" : "20150608T155710+0900"
      } ]
    } ],
    "lastUpdate" : "20150608T100520Z"
  }, {
    "type" : "place",
    "startTime" : "20150608T155710+0900",
    "endTime" : "20150608T160456+0900",
    "place" : {
      "id" : 150864325,
      "type" : "unknown",
      "location" : {
        "lat" : 43.0697139567,
        "lon" : 141.3441782705
      }
    },
    "activities" : [ {
      "activity" : "walking",
      "group" : "walking",
      "manual" : false,
      "startTime" : "20150608T155726+0900",
      "endTime" : "20150608T155829+0900",
      "duration" : 63.0,
      "distance" : 54.0,
      "steps" : 108,
      "calories" : 3,
      "trackPoints" : [ ]
    }, {
      "activity" : "walking",
      "group" : "walking",
      "manual" : false,
      "startTime" : "20150608T160000+0900",
      "endTime" : "20150608T160057+0900",
      "duration" : 57.0,
      "distance" : 57.0,
      "steps" : 115,
      "calories" : 3,
      "trackPoints" : [ ]
    } ],
    "lastUpdate" : "20150608T100520Z"
  }, {
    "type" : "move",
    "startTime" : "20150608T160456+0900",
    "endTime" : "20150608T160804+0900",
    "activities" : [ {
      "activity" : "cycling",
      "group" : "cycling",
      "manual" : false,
      "startTime" : "20150608T160456+0900",
      "endTime" : "20150608T160804+0900",
      "duration" : 188.0,
      "distance" : 1239.0,
      "calories" : 32,
      "trackPoints" : [ {
        "lat" : 43.0697139567,
        "lon" : 141.3441782705,
        "time" : "20150608T160456+0900"
      }, {
        "lat" : 43.0706865999,
        "lon" : 141.3435765554,
        "time" : "20150608T160515+0900"
      }, {
        "lat" : 43.0770216453,
        "lon" : 141.3414772169,
        "time" : "20150608T160649+0900"
      }, {
        "lat" : 43.0778891333,
        "lon" : 141.3414054503,
        "time" : "20150608T160707+0900"
      }, {
        "lat" : 43.078443138,
        "lon" : 141.3411804755,
        "time" : "20150608T160725+0900"
      }, {
        "lat" : 43.0784012398,
        "lon" : 141.340132137,
        "time" : "20150608T160804+0900"
      } ]
    } ],
    "lastUpdate" : "20150608T100520Z"
  }, {
    "type" : "place",
    "startTime" : "20150608T160804+0900",
    "endTime" : "20150608T162526+0900",
    "place" : {
      "id" : 141367536,
      "type" : "unknown",
      "location" : {
        "lat" : 43.0784012398,
        "lon" : 141.340132137
      }
    },
    "activities" : [ {
      "activity" : "walking",
      "group" : "walking",
      "manual" : false,
      "startTime" : "20150608T161050+0900",
      "endTime" : "20150608T161320+0900",
      "duration" : 150.0,
      "distance" : 205.0,
      "steps" : 274,
      "calories" : 12,
      "trackPoints" : [ ]
    } ],
    "lastUpdate" : "20150608T100520Z"
  }, {
    "type" : "move",
    "startTime" : "20150608T162526+0900",
    "endTime" : "20150608T163840+0900",
    "activities" : [ {
      "activity" : "cycling",
      "group" : "cycling",
      "manual" : false,
      "startTime" : "20150608T162526+0900",
      "endTime" : "20150608T162728+0900",
      "duration" : 122.0,
      "distance" : 572.0,
      "calories" : 15,
      "trackPoints" : [ {
        "lat" : 43.0784012398,
        "lon" : 141.340132137,
        "time" : "20150608T162526+0900"
      }, {
        "lat" : 43.080959741,
        "lon" : 141.3425534541,
        "time" : "20150608T162641+0900"
      }, {
        "lat" : 43.0811662964,
        "lon" : 141.3432795073,
        "time" : "20150608T162704+0900"
      }, {
        "lat" : 43.0812988319,
        "lon" : 141.3443487409,
        "time" : "20150608T162728+0900"
      } ]
    }, {
      "activity" : "transport",
      "group" : "transport",
      "manual" : false,
      "startTime" : "20150608T162728+0900",
      "endTime" : "20150608T163558+0900",
      "duration" : 510.0,
      "distance" : 486.0,
      "trackPoints" : [ {
        "lat" : 43.0812988319,
        "lon" : 141.3443487409,
        "time" : "20150608T162728+0900"
      }, {
        "lat" : 43.081334399,
        "lon" : 141.3452301031,
        "time" : "20150608T162751+0900"
      }, {
        "lat" : 43.0813825862,
        "lon" : 141.3451204662,
        "time" : "20150608T162807+0900"
      }, {
        "lat" : 43.0814068016,
        "lon" : 141.3451302333,
        "time" : "20150608T162823+0900"
      }, {
        "lat" : 43.0814409832,
        "lon" : 141.3451388604,
        "time" : "20150608T162839+0900"
      }, {
        "lat" : 43.0817878138,
        "lon" : 141.3451131117,
        "time" : "20150608T162905+0900"
      }, {
        "lat" : 43.0820674966,
        "lon" : 141.3450148796,
        "time" : "20150608T162941+0900"
      }, {
        "lat" : 43.0821228345,
        "lon" : 141.3450223659,
        "time" : "20150608T163015+0900"
      }, {
        "lat" : 43.0821384252,
        "lon" : 141.3449980988,
        "time" : "20150608T163049+0900"
      }, {
        "lat" : 43.0821448942,
        "lon" : 141.3449914745,
        "time" : "20150608T163112+0900"
      }, {
        "lat" : 43.0821507075,
        "lon" : 141.3449878062,
        "time" : "20150608T163128+0900"
      }, {
        "lat" : 43.0821584747,
        "lon" : 141.3449840969,
        "time" : "20150608T163147+0900"
      }, {
        "lat" : 43.0821682962,
        "lon" : 141.3449818111,
        "time" : "20150608T163208+0900"
      }, {
        "lat" : 43.0821754864,
        "lon" : 141.3449806737,
        "time" : "20150608T163224+0900"
      }, {
        "lat" : 43.0821889006,
        "lon" : 141.3449778326,
        "time" : "20150608T163249+0900"
      }, {
        "lat" : 43.0822041103,
        "lon" : 141.34497456,
        "time" : "20150608T163312+0900"
      }, {
        "lat" : 43.0822364256,
        "lon" : 141.3449655093,
        "time" : "20150608T163335+0900"
      }, {
        "lat" : 43.0827220422,
        "lon" : 141.3448522262,
        "time" : "20150608T163358+0900"
      }, {
        "lat" : 43.0834087153,
        "lon" : 141.3447119265,
        "time" : "20150608T163415+0900"
      }, {
        "lat" : 43.0838946527,
        "lon" : 141.3446570487,
        "time" : "20150608T163435+0900"
      }, {
        "lat" : 43.0842927075,
        "lon" : 141.3450435704,
        "time" : "20150608T163522+0900"
      }, {
        "lat" : 43.0842722631,
        "lon" : 141.3450496184,
        "time" : "20150608T163541+0900"
      }, {
        "lat" : 43.0843032824,
        "lon" : 141.3450986008,
        "time" : "20150608T163558+0900"
      } ]
    }, {
      "activity" : "walking",
      "group" : "walking",
      "manual" : false,
      "startTime" : "20150608T163558+0900",
      "endTime" : "20150608T163840+0900",
      "duration" : 162.0,
      "distance" : 82.0,
      "steps" : 164,
      "calories" : 5,
      "trackPoints" : [ {
        "lat" : 43.0843032824,
        "lon" : 141.3450986008,
        "time" : "20150608T163558+0900"
      }, {
        "lat" : 43.0843213901,
        "lon" : 141.3451392627,
        "time" : "20150608T163617+0900"
      }, {
        "lat" : 43.084356297,
        "lon" : 141.3452011467,
        "time" : "20150608T163640+0900"
      }, {
        "lat" : 43.0846438391,
        "lon" : 141.3451503148,
        "time" : "20150608T163722+0900"
      }, {
        "lat" : 43.0847038456,
        "lon" : 141.3451510605,
        "time" : "20150608T163741+0900"
      }, {
        "lat" : 43.0846321394,
        "lon" : 141.3451669726,
        "time" : "20150608T163840+0900"
      } ]
    } ],
    "lastUpdate" : "20150608T100520Z"
  }, {
    "type" : "place",
    "startTime" : "20150608T163841+0900",
    "endTime" : "20150609T084110+0900",
    "place" : {
      "id" : 152143834,
      "type" : "unknown",
      "location" : {
        "lat" : 43.0846321394,
        "lon" : 141.3451669726
      }
    },
    "activities" : [ {
      "activity" : "walking",
      "group" : "walking",
      "manual" : false,
      "startTime" : "20150608T164348+0900",
      "endTime" : "20150608T164351+0900",
      "duration" : 3.0,
      "distance" : 3.0,
      "steps" : 7,
      "calories" : 0,
      "trackPoints" : [ ]
    }, {
      "activity" : "walking",
      "group" : "walking",
      "manual" : false,
      "startTime" : "20150608T193937+0900",
      "endTime" : "20150608T194007+0900",
      "duration" : 30.0,
      "distance" : 15.0,
      "steps" : 30,
      "calories" : 1,
      "trackPoints" : [ ]
    } ],
    "lastUpdate" : "20150609T025930Z"
  } ],
  "caloriesIdle" : 1706,
  "lastUpdate" : "20150609T025930Z"
}, {
  "date" : "20150609",
  "summary" : [ {
    "activity" : "walking",
    "group" : "walking",
    "duration" : 2745.0,
    "distance" : 2392.0,
    "steps" : 3237,
    "calories" : 142
  }, {
    "activity" : "cycling",
    "group" : "cycling",
    "duration" : 362.0,
    "distance" : 2004.0,
    "calories" : 52
  }, {
    "activity" : "transport",
    "group" : "transport",
    "duration" : 200.0,
    "distance" : 867.0
  } ],
  "segments" : [ {
    "type" : "place",
    "startTime" : "20150608T163841+0900",
    "endTime" : "20150609T084110+0900",
    "place" : {
      "id" : 152143834,
      "type" : "unknown",
      "location" : {
        "lat" : 43.0846321394,
        "lon" : 141.3451669726
      }
    },
    "activities" : [ {
      "activity" : "walking",
      "group" : "walking",
      "manual" : false,
      "startTime" : "20150609T084107+0900",
      "endTime" : "20150609T090844+0900",
      "duration" : 1657.0,
      "distance" : 1243.0,
      "steps" : 1657,
      "calories" : 74,
      "trackPoints" : [ ]
    } ],
    "lastUpdate" : "20150609T025930Z"
  }, {
    "type" : "move",
    "startTime" : "20150609T084110+0900",
    "endTime" : "20150609T084431+0900",
    "activities" : [ {
      "activity" : "cycling",
      "group" : "cycling",
      "manual" : false,
      "startTime" : "20150609T084110+0900",
      "endTime" : "20150609T084432+0900",
      "duration" : 202.0,
      "distance" : 1005.0,
      "calories" : 26,
      "trackPoints" : [ {
        "lat" : 43.0846321394,
        "lon" : 141.3451669726,
        "time" : "20150609T084110+0900"
      }, {
        "lat" : 43.0839709671,
        "lon" : 141.3444773086,
        "time" : "20150609T084155+0900"
      }, {
        "lat" : 43.0836354699,
        "lon" : 141.3442281072,
        "time" : "20150609T084212+0900"
      }, {
        "lat" : 43.082784575,
        "lon" : 141.3448842393,
        "time" : "20150609T084238+0900"
      }, {
        "lat" : 43.0818782348,
        "lon" : 141.3449910556,
        "time" : "20150609T084259+0900"
      }, {
        "lat" : 43.0814169192,
        "lon" : 141.3438556159,
        "time" : "20150609T084318+0900"
      }, {
        "lat" : 43.0784012398,
        "lon" : 141.340132137,
        "time" : "20150609T084431+0900"
      } ]
    } ],
    "lastUpdate" : "20150609T025931Z"
  }, {
    "type" : "place",
    "startTime" : "20150609T084432+0900",
    "endTime" : "20150609T101618+0900",
    "place" : {
      "id" : 141367536,
      "type" : "unknown",
      "location" : {
        "lat" : 43.0784012398,
        "lon" : 141.340132137
      }
    },
    "activities" : [ {
      "activity" : "walking",
      "group" : "walking",
      "manual" : false,
      "startTime" : "20150609T084437+0900",
      "endTime" : "20150609T084507+0900",
      "duration" : 30.0,
      "distance" : 30.0,
      "steps" : 61,
      "calories" : 2,
      "trackPoints" : [ ]
    } ],
    "lastUpdate" : "20150609T025931Z"
  }, {
    "type" : "move",
    "startTime" : "20150609T101618+0900",
    "endTime" : "20150609T102143+0900",
    "activities" : [ {
      "activity" : "walking",
      "group" : "walking",
      "manual" : false,
      "startTime" : "20150609T101618+0900",
      "endTime" : "20150609T102144+0900",
      "duration" : 326.0,
      "distance" : 400.0,
      "steps" : 456,
      "calories" : 24,
      "trackPoints" : [ {
        "lat" : 43.0784012398,
        "lon" : 141.340132137,
        "time" : "20150609T101618+0900"
      }, {
        "lat" : 43.0798661604,
        "lon" : 141.3406291219,
        "time" : "20150609T101652+0900"
      }, {
        "lat" : 43.0796390034,
        "lon" : 141.3404327348,
        "time" : "20150609T101731+0900"
      }, {
        "lat" : 43.0795431677,
        "lon" : 141.340382722,
        "time" : "20150609T101810+0900"
      }, {
        "lat" : 43.0795090609,
        "lon" : 141.3404290322,
        "time" : "20150609T101830+0900"
      }, {
        "lat" : 43.0794418243,
        "lon" : 141.3404413989,
        "time" : "20150609T101910+0900"
      }, {
        "lat" : 43.0794387768,
        "lon" : 141.3404366478,
        "time" : "20150609T101946+0900"
      }, {
        "lat" : 43.0794767191,
        "lon" : 141.3404253466,
        "time" : "20150609T102052+0900"
      }, {
        "lat" : 43.0784012398,
        "lon" : 141.340132137,
        "time" : "20150609T102143+0900"
      } ]
    } ],
    "lastUpdate" : "20150609T025931Z"
  }, {
    "type" : "place",
    "startTime" : "20150609T102143+0900",
    "endTime" : "20150609T121526+0900",
    "place" : {
      "id" : 141367536,
      "type" : "unknown",
      "location" : {
        "lat" : 43.0784012398,
        "lon" : 141.340132137
      }
    },
    "activities" : [ {
      "activity" : "walking",
      "group" : "walking",
      "manual" : false,
      "startTime" : "20150609T102328+0900",
      "endTime" : "20150609T102458+0900",
      "duration" : 90.0,
      "distance" : 71.0,
      "steps" : 143,
      "calories" : 4,
      "trackPoints" : [ ]
    }, {
      "activity" : "walking",
      "group" : "walking",
      "manual" : false,
      "startTime" : "20150609T115906+0900",
      "endTime" : "20150609T120407+0900",
      "duration" : 301.0,
      "distance" : 310.0,
      "steps" : 439,
      "calories" : 18,
      "trackPoints" : [ ]
    } ],
    "lastUpdate" : "20150609T043014Z"
  }, {
    "type" : "move",
    "startTime" : "20150609T121526+0900",
    "endTime" : "20150609T122127+0900",
    "activities" : [ {
      "activity" : "walking",
      "group" : "walking",
      "manual" : false,
      "startTime" : "20150609T121526+0900",
      "endTime" : "20150609T121807+0900",
      "duration" : 161.0,
      "distance" : 166.0,
      "steps" : 218,
      "calories" : 10,
      "trackPoints" : [ {
        "lat" : 43.0784012398,
        "lon" : 141.340132137,
        "time" : "20150609T121526+0900"
      }, {
        "lat" : 43.0790226898,
        "lon" : 141.3405738152,
        "time" : "20150609T121553+0900"
      }, {
        "lat" : 43.0790715524,
        "lon" : 141.3406253524,
        "time" : "20150609T121634+0900"
      }, {
        "lat" : 43.0791961271,
        "lon" : 141.3406901543,
        "time" : "20150609T121654+0900"
      }, {
        "lat" : 43.079500848,
        "lon" : 141.3408271708,
        "time" : "20150609T121721+0900"
      }, {
        "lat" : 43.0796660835,
        "lon" : 141.3409020067,
        "time" : "20150609T121807+0900"
      } ]
    }, {
      "activity" : "transport",
      "group" : "transport",
      "manual" : false,
      "startTime" : "20150609T121807+0900",
      "endTime" : "20150609T122127+0900",
      "duration" : 200.0,
      "distance" : 867.0,
      "trackPoints" : [ {
        "lat" : 43.0796660835,
        "lon" : 141.3409020067,
        "time" : "20150609T121807+0900"
      }, {
        "lat" : 43.0805976459,
        "lon" : 141.3413239157,
        "time" : "20150609T121842+0900"
      }, {
        "lat" : 43.0810294268,
        "lon" : 141.3415286491,
        "time" : "20150609T121900+0900"
      }, {
        "lat" : 43.0811613783,
        "lon" : 141.3424920524,
        "time" : "20150609T121916+0900"
      }, {
        "lat" : 43.0811824715,
        "lon" : 141.3427766753,
        "time" : "20150609T121931+0900"
      }, {
        "lat" : 43.0811927268,
        "lon" : 141.3430630604,
        "time" : "20150609T121952+0900"
      }, {
        "lat" : 43.0812575246,
        "lon" : 141.3437683813,
        "time" : "20150609T122017+0900"
      }, {
        "lat" : 43.0816594582,
        "lon" : 141.3449046484,
        "time" : "20150609T122043+0900"
      }, {
        "lat" : 43.0826159052,
        "lon" : 141.3448621197,
        "time" : "20150609T122107+0900"
      }, {
        "lat" : 43.0846321394,
        "lon" : 141.3451669726,
        "time" : "20150609T122127+0900"
      } ]
    } ],
    "lastUpdate" : "20150609T043014Z"
  }, {
    "type" : "place",
    "startTime" : "20150609T122127+0900",
    "endTime" : "20150609T143341+0900",
    "place" : {
      "id" : 152143834,
      "type" : "unknown",
      "location" : {
        "lat" : 43.0846321394,
        "lon" : 141.3451669726
      }
    },
    "activities" : [ {
      "activity" : "walking",
      "group" : "walking",
      "manual" : false,
      "startTime" : "20150609T122137+0900",
      "endTime" : "20150609T122207+0900",
      "duration" : 30.0,
      "distance" : 20.0,
      "steps" : 41,
      "calories" : 1,
      "trackPoints" : [ ]
    }, {
      "activity" : "walking",
      "group" : "walking",
      "manual" : false,
      "startTime" : "20150609T143249+0900",
      "endTime" : "20150609T143319+0900",
      "duration" : 30.0,
      "distance" : 30.0,
      "steps" : 60,
      "calories" : 2,
      "trackPoints" : [ ]
    } ],
    "lastUpdate" : "20150609T164524Z"
  }, {
    "type" : "move",
    "startTime" : "20150609T143341+0900",
    "endTime" : "20150609T143621+0900",
    "activities" : [ {
      "activity" : "cycling",
      "group" : "cycling",
      "manual" : false,
      "startTime" : "20150609T143341+0900",
      "endTime" : "20150609T143621+0900",
      "duration" : 160.0,
      "distance" : 999.0,
      "calories" : 26,
      "trackPoints" : [ {
        "lat" : 43.0846321394,
        "lon" : 141.3451669726,
        "time" : "20150609T143341+0900"
      }, {
        "lat" : 43.0828614189,
        "lon" : 141.3447327126,
        "time" : "20150609T143411+0900"
      }, {
        "lat" : 43.0816032204,
        "lon" : 141.3449496898,
        "time" : "20150609T143439+0900"
      }, {
        "lat" : 43.0813749828,
        "lon" : 141.3444062295,
        "time" : "20150609T143456+0900"
      }, {
        "lat" : 43.0812371945,
        "lon" : 141.3432439824,
        "time" : "20150609T143521+0900"
      }, {
        "lat" : 43.0810550721,
        "lon" : 141.3422853762,
        "time" : "20150609T143540+0900"
      }, {
        "lat" : 43.0807149304,
        "lon" : 141.3412193567,
        "time" : "20150609T143603+0900"
      }, {
        "lat" : 43.0784012398,
        "lon" : 141.340132137,
        "time" : "20150609T143621+0900"
      } ]
    } ],
    "lastUpdate" : "20150609T164524Z"
  }, {
    "type" : "place",
    "startTime" : "20150609T143621+0900",
    "endTime" : "20150609T144536+0900",
    "place" : {
      "id" : 141367536,
      "type" : "unknown",
      "location" : {
        "lat" : 43.0784012398,
        "lon" : 141.340132137
      }
    },
    "activities" : [ {
      "activity" : "walking",
      "group" : "walking",
      "manual" : false,
      "startTime" : "20150609T143650+0900",
      "endTime" : "20150609T143850+0900",
      "duration" : 120.0,
      "distance" : 122.0,
      "steps" : 162,
      "calories" : 7,
      "trackPoints" : [ ]
    } ],
    "lastUpdate" : "20150609T164524Z"
  } ],
  "caloriesIdle" : 1706,
  "lastUpdate" : "20150609T164524Z"
}, {
  "date" : "20150610",
  "summary" : [ {
    "activity" : "walking",
    "group" : "walking",
    "duration" : 2777.0,
    "distance" : 3352.0,
    "steps" : 4449,
    "calories" : 199
  }, {
    "activity" : "cycling",
    "group" : "cycling",
    "duration" : 1447.0,
    "distance" : 5479.0,
    "calories" : 147
  }, {
    "activity" : "transport",
    "group" : "transport",
    "duration" : 462.0,
    "distance" : 662.0
  } ],
  "segments" : [ {
    "type" : "place",
    "startTime" : "20150610T001443+0900",
    "endTime" : "20150610T083939+0900",
    "place" : {
      "id" : 152143834,
      "type" : "unknown",
      "location" : {
        "lat" : 43.0846321394,
        "lon" : 141.3451669726
      }
    },
    "activities" : [ {
      "activity" : "walking",
      "group" : "walking",
      "manual" : false,
      "startTime" : "20150610T055056+0900",
      "endTime" : "20150610T055126+0900",
      "duration" : 30.0,
      "distance" : 20.0,
      "steps" : 41,
      "calories" : 1,
      "trackPoints" : [ ]
    }, {
      "activity" : "walking",
      "group" : "walking",
      "manual" : false,
      "startTime" : "20150610T083842+0900",
      "endTime" : "20150610T085323+0900",
      "duration" : 881.0,
      "distance" : 1229.0,
      "steps" : 1639,
      "calories" : 73,
      "trackPoints" : [ ]
    } ],
    "lastUpdate" : "20150610T003154Z"
  }, {
    "type" : "move",
    "startTime" : "20150610T083939+0900",
    "endTime" : "20150610T084314+0900",
    "activities" : [ {
      "activity" : "cycling",
      "group" : "cycling",
      "manual" : false,
      "startTime" : "20150610T083939+0900",
      "endTime" : "20150610T084314+0900",
      "duration" : 215.0,
      "distance" : 986.0,
      "calories" : 26,
      "trackPoints" : [ {
        "lat" : 43.0846321394,
        "lon" : 141.3451669726,
        "time" : "20150610T083939+0900"
      }, {
        "lat" : 43.0841969509,
        "lon" : 141.3443454475,
        "time" : "20150610T084005+0900"
      }, {
        "lat" : 43.0835341815,
        "lon" : 141.3446927293,
        "time" : "20150610T084021+0900"
      }, {
        "lat" : 43.0820904139,
        "lon" : 141.344877957,
        "time" : "20150610T084048+0900"
      }, {
        "lat" : 43.0813318736,
        "lon" : 141.3440201547,
        "time" : "20150610T084122+0900"
      }, {
        "lat" : 43.0813218005,
        "lon" : 141.3433610039,
        "time" : "20150610T084139+0900"
      }, {
        "lat" : 43.081188464,
        "lon" : 141.3428650454,
        "time" : "20150610T084157+0900"
      }, {
        "lat" : 43.0811617012,
        "lon" : 141.3428459209,
        "time" : "20150610T084215+0900"
      }, {
        "lat" : 43.0811271802,
        "lon" : 141.3427217933,
        "time" : "20150610T084230+0900"
      }, {
        "lat" : 43.0810062823,
        "lon" : 141.3421738787,
        "time" : "20150610T084252+0900"
      }, {
        "lat" : 43.0784012398,
        "lon" : 141.340132137,
        "time" : "20150610T084314+0900"
      } ]
    } ],
    "lastUpdate" : "20150610T003154Z"
  }, {
    "type" : "place",
    "startTime" : "20150610T084314+0900",
    "endTime" : "20150610T120358+0900",
    "place" : {
      "id" : 141367536,
      "type" : "unknown",
      "location" : {
        "lat" : 43.0784012398,
        "lon" : 141.340132137
      }
    },
    "activities" : [ {
      "activity" : "walking",
      "group" : "walking",
      "manual" : false,
      "startTime" : "20150610T084342+0900",
      "endTime" : "20150610T084512+0900",
      "duration" : 90.0,
      "distance" : 81.0,
      "steps" : 163,
      "calories" : 5,
      "trackPoints" : [ ]
    }, {
      "activity" : "walking",
      "group" : "walking",
      "manual" : false,
      "startTime" : "20150610T100559+0900",
      "endTime" : "20150610T101359+0900",
      "duration" : 480.0,
      "distance" : 465.0,
      "steps" : 620,
      "calories" : 28,
      "trackPoints" : [ ]
    } ],
    "lastUpdate" : "20150610T033604Z"
  }, {
    "type" : "move",
    "startTime" : "20150610T120358+0900",
    "endTime" : "20150610T121426+0900",
    "activities" : [ {
      "activity" : "walking",
      "group" : "walking",
      "manual" : false,
      "startTime" : "20150610T120358+0900",
      "endTime" : "20150610T120645+0900",
      "duration" : 167.0,
      "distance" : 339.0,
      "steps" : 282,
      "calories" : 20,
      "trackPoints" : [ {
        "lat" : 43.0784012398,
        "lon" : 141.340132137,
        "time" : "20150610T120358+0900"
      }, {
        "lat" : 43.0794637114,
        "lon" : 141.3404052136,
        "time" : "20150610T120421+0900"
      }, {
        "lat" : 43.0793086018,
        "lon" : 141.3404207761,
        "time" : "20150610T120447+0900"
      }, {
        "lat" : 43.0787856854,
        "lon" : 141.3410002294,
        "time" : "20150610T120527+0900"
      }, {
        "lat" : 43.0790542524,
        "lon" : 141.340963885,
        "time" : "20150610T120543+0900"
      }, {
        "lat" : 43.0794430474,
        "lon" : 141.3409164841,
        "time" : "20150610T120602+0900"
      }, {
        "lat" : 43.0799646661,
        "lon" : 141.3411177721,
        "time" : "20150610T120645+0900"
      } ]
    }, {
      "activity" : "transport",
      "group" : "transport",
      "manual" : false,
      "startTime" : "20150610T120645+0900",
      "endTime" : "20150610T121427+0900",
      "duration" : 462.0,
      "distance" : 662.0,
      "trackPoints" : [ {
        "lat" : 43.0799646661,
        "lon" : 141.3411177721,
        "time" : "20150610T120645+0900"
      }, {
        "lat" : 43.0807627805,
        "lon" : 141.3416985452,
        "time" : "20150610T120721+0900"
      }, {
        "lat" : 43.0811163159,
        "lon" : 141.3425820322,
        "time" : "20150610T120756+0900"
      }, {
        "lat" : 43.0811921855,
        "lon" : 141.3427712423,
        "time" : "20150610T120818+0900"
      }, {
        "lat" : 43.0811985559,
        "lon" : 141.3427887953,
        "time" : "20150610T120840+0900"
      }, {
        "lat" : 43.0811270591,
        "lon" : 141.3428950602,
        "time" : "20150610T120900+0900"
      }, {
        "lat" : 43.0812313792,
        "lon" : 141.3436833812,
        "time" : "20150610T120919+0900"
      }, {
        "lat" : 43.0820000311,
        "lon" : 141.344886692,
        "time" : "20150610T120954+0900"
      }, {
        "lat" : 43.0821268548,
        "lon" : 141.3449765023,
        "time" : "20150610T121034+0900"
      }, {
        "lat" : 43.0821671482,
        "lon" : 141.3449946895,
        "time" : "20150610T121049+0900"
      }, {
        "lat" : 43.0821671482,
        "lon" : 141.3449946895,
        "time" : "20150610T121105+0900"
      }, {
        "lat" : 43.0821671503,
        "lon" : 141.3449946901,
        "time" : "20150610T121154+0900"
      }, {
        "lat" : 43.0821671503,
        "lon" : 141.3449946901,
        "time" : "20150610T121213+0900"
      }, {
        "lat" : 43.0821677111,
        "lon" : 141.3449942883,
        "time" : "20150610T121232+0900"
      }, {
        "lat" : 43.0821663327,
        "lon" : 141.3449942526,
        "time" : "20150610T121252+0900"
      }, {
        "lat" : 43.0822710059,
        "lon" : 141.3449810104,
        "time" : "20150610T121322+0900"
      }, {
        "lat" : 43.0835941285,
        "lon" : 141.3448409624,
        "time" : "20150610T121426+0900"
      } ]
    } ],
    "lastUpdate" : "20150610T033604Z"
  }, {
    "type" : "place",
    "startTime" : "20150610T121427+0900",
    "endTime" : "20150610T125442+0900",
    "place" : {
      "id" : 148006119,
      "type" : "unknown",
      "location" : {
        "lat" : 43.0835941285,
        "lon" : 141.3448409624
      }
    },
    "activities" : [ {
      "activity" : "walking",
      "group" : "walking",
      "manual" : false,
      "startTime" : "20150610T121545+0900",
      "endTime" : "20150610T121836+0900",
      "duration" : 171.0,
      "distance" : 223.0,
      "steps" : 297,
      "calories" : 13,
      "trackPoints" : [ ]
    } ],
    "lastUpdate" : "20150610T074023Z"
  }, {
    "type" : "move",
    "startTime" : "20150610T125442+0900",
    "endTime" : "20150610T125934+0900",
    "activities" : [ {
      "activity" : "cycling",
      "group" : "cycling",
      "manual" : false,
      "startTime" : "20150610T125442+0900",
      "endTime" : "20150610T125934+0900",
      "duration" : 292.0,
      "distance" : 880.0,
      "calories" : 24,
      "trackPoints" : [ {
        "lat" : 43.0835941285,
        "lon" : 141.3448409624,
        "time" : "20150610T125442+0900"
      }, {
        "lat" : 43.0840425674,
        "lon" : 141.3445498885,
        "time" : "20150610T125506+0900"
      }, {
        "lat" : 43.0828873998,
        "lon" : 141.3447934078,
        "time" : "20150610T125536+0900"
      }, {
        "lat" : 43.0822289986,
        "lon" : 141.3449390797,
        "time" : "20150610T125552+0900"
      }, {
        "lat" : 43.0814380408,
        "lon" : 141.3445823736,
        "time" : "20150610T125623+0900"
      }, {
        "lat" : 43.0812238587,
        "lon" : 141.343136194,
        "time" : "20150610T125645+0900"
      }, {
        "lat" : 43.0810768752,
        "lon" : 141.3423701514,
        "time" : "20150610T125703+0900"
      }, {
        "lat" : 43.0806511408,
        "lon" : 141.3412876726,
        "time" : "20150610T125728+0900"
      }, {
        "lat" : 43.0801231213,
        "lon" : 141.3402692652,
        "time" : "20150610T125744+0900"
      }, {
        "lat" : 43.0800409571,
        "lon" : 141.3404318994,
        "time" : "20150610T125800+0900"
      }, {
        "lat" : 43.0798374017,
        "lon" : 141.3404435906,
        "time" : "20150610T125821+0900"
      }, {
        "lat" : 43.0798036265,
        "lon" : 141.3403372998,
        "time" : "20150610T125843+0900"
      }, {
        "lat" : 43.0797945424,
        "lon" : 141.340303531,
        "time" : "20150610T125900+0900"
      }, {
        "lat" : 43.0794932905,
        "lon" : 141.3403872229,
        "time" : "20150610T125934+0900"
      } ]
    } ],
    "lastUpdate" : "20150610T074023Z"
  }, {
    "type" : "place",
    "startTime" : "20150610T125934+0900",
    "endTime" : "20150610T164026+0900",
    "place" : {
      "id" : 141367537,
      "type" : "unknown",
      "location" : {
        "lat" : 43.0794932905,
        "lon" : 141.3403872229
      }
    },
    "activities" : [ {
      "activity" : "walking",
      "group" : "walking",
      "manual" : false,
      "startTime" : "20150610T143115+0900",
      "endTime" : "20150610T143415+0900",
      "duration" : 180.0,
      "distance" : 175.0,
      "steps" : 233,
      "calories" : 10,
      "trackPoints" : [ ]
    }, {
      "activity" : "walking",
      "group" : "walking",
      "manual" : false,
      "startTime" : "20150610T163658+0900",
      "endTime" : "20150610T163958+0900",
      "duration" : 180.0,
      "distance" : 221.0,
      "steps" : 295,
      "calories" : 13,
      "trackPoints" : [ ]
    } ],
    "lastUpdate" : "20150610T094648Z"
  }, {
    "type" : "move",
    "startTime" : "20150610T164026+0900",
    "endTime" : "20150610T164359+0900",
    "activities" : [ {
      "activity" : "cycling",
      "group" : "cycling",
      "manual" : false,
      "startTime" : "20150610T164026+0900",
      "endTime" : "20150610T164400+0900",
      "duration" : 214.0,
      "distance" : 924.0,
      "calories" : 25,
      "trackPoints" : [ {
        "lat" : 43.0794932905,
        "lon" : 141.3403872229,
        "time" : "20150610T164026+0900"
      }, {
        "lat" : 43.0804193766,
        "lon" : 141.3412376288,
        "time" : "20150610T164106+0900"
      }, {
        "lat" : 43.0810021306,
        "lon" : 141.3418372373,
        "time" : "20150610T164131+0900"
      }, {
        "lat" : 43.0811134267,
        "lon" : 141.3432478008,
        "time" : "20150610T164157+0900"
      }, {
        "lat" : 43.0814225178,
        "lon" : 141.3446993716,
        "time" : "20150610T164227+0900"
      }, {
        "lat" : 43.0821740908,
        "lon" : 141.3449884704,
        "time" : "20150610T164250+0900"
      }, {
        "lat" : 43.0837238463,
        "lon" : 141.3446037237,
        "time" : "20150610T164327+0900"
      }, {
        "lat" : 43.0842330848,
        "lon" : 141.3444559715,
        "time" : "20150610T164343+0900"
      }, {
        "lat" : 43.0846321394,
        "lon" : 141.3451669726,
        "time" : "20150610T164359+0900"
      } ]
    } ],
    "lastUpdate" : "20150610T094648Z"
  }, {
    "type" : "place",
    "startTime" : "20150610T164359+0900",
    "endTime" : "20150610T231642+0900",
    "place" : {
      "id" : 152143834,
      "type" : "unknown",
      "location" : {
        "lat" : 43.0846321394,
        "lon" : 141.3451669726
      }
    },
    "activities" : [ {
      "activity" : "walking",
      "group" : "walking",
      "manual" : false,
      "startTime" : "20150610T164359+0900",
      "endTime" : "20150610T164429+0900",
      "duration" : 30.0,
      "distance" : 30.0,
      "steps" : 61,
      "calories" : 2,
      "trackPoints" : [ ]
    }, {
      "activity" : "walking",
      "group" : "walking",
      "manual" : false,
      "startTime" : "20150610T231407+0900",
      "endTime" : "20150610T231507+0900",
      "duration" : 60.0,
      "distance" : 41.0,
      "steps" : 81,
      "calories" : 2,
      "trackPoints" : [ ]
    } ],
    "lastUpdate" : "20150610T172545Z"
  }, {
    "type" : "move",
    "startTime" : "20150610T231642+0900",
    "endTime" : "20150610T232108+0900",
    "activities" : [ {
      "activity" : "cycling",
      "group" : "cycling",
      "manual" : false,
      "startTime" : "20150610T231642+0900",
      "endTime" : "20150610T232107+0900",
      "duration" : 265.0,
      "distance" : 1293.0,
      "calories" : 34,
      "trackPoints" : [ {
        "lat" : 43.0846321394,
        "lon" : 141.3451669726,
        "time" : "20150610T231642+0900"
      }, {
        "lat" : 43.0879308903,
        "lon" : 141.3435760824,
        "time" : "20150610T231712+0900"
      }, {
        "lat" : 43.0885436933,
        "lon" : 141.3433945837,
        "time" : "20150610T231727+0900"
      }, {
        "lat" : 43.0895487371,
        "lon" : 141.3431575823,
        "time" : "20150610T231805+0900"
      }, {
        "lat" : 43.0898050234,
        "lon" : 141.3431586458,
        "time" : "20150610T231827+0900"
      }, {
        "lat" : 43.0895749846,
        "lon" : 141.3430733754,
        "time" : "20150610T231849+0900"
      }, {
        "lat" : 43.0900071504,
        "lon" : 141.341921035,
        "time" : "20150610T231924+0900"
      }, {
        "lat" : 43.0898766625,
        "lon" : 141.339995464,
        "time" : "20150610T231954+0900"
      }, {
        "lat" : 43.0896915985,
        "lon" : 141.3390947609,
        "time" : "20150610T232012+0900"
      }, {
        "lat" : 43.0895565748,
        "lon" : 141.3376970268,
        "time" : "20150610T232033+0900"
      }, {
        "lat" : 43.0896212239,
        "lon" : 141.3371510307,
        "time" : "20150610T232052+0900"
      }, {
        "lat" : 43.0899688696,
        "lon" : 141.336395042,
        "time" : "20150610T232108+0900"
      } ]
    } ],
    "lastUpdate" : "20150610T172545Z"
  }, {
    "type" : "place",
    "startTime" : "20150610T232108+0900",
    "endTime" : "20150610T234810+0900",
    "place" : {
      "id" : 153402215,
      "type" : "unknown",
      "location" : {
        "lat" : 43.0899688696,
        "lon" : 141.336395042
      }
    },
    "activities" : [ {
      "activity" : "walking",
      "group" : "walking",
      "manual" : false,
      "startTime" : "20150610T232108+0900",
      "endTime" : "20150610T232836+0900",
      "duration" : 448.0,
      "distance" : 477.0,
      "steps" : 636,
      "calories" : 28,
      "trackPoints" : [ ]
    } ],
    "lastUpdate" : "20150610T172545Z"
  }, {
    "type" : "move",
    "startTime" : "20150610T234810+0900",
    "endTime" : "20150610T235550+0900",
    "activities" : [ {
      "activity" : "cycling",
      "group" : "cycling",
      "manual" : false,
      "startTime" : "20150610T234810+0900",
      "endTime" : "20150610T235551+0900",
      "duration" : 461.0,
      "distance" : 1396.0,
      "calories" : 38,
      "trackPoints" : [ {
        "lat" : 43.0899688696,
        "lon" : 141.336395042,
        "time" : "20150610T234810+0900"
      }, {
        "lat" : 43.0895800362,
        "lon" : 141.3374912629,
        "time" : "20150610T234842+0900"
      }, {
        "lat" : 43.0895331986,
        "lon" : 141.3378166468,
        "time" : "20150610T234900+0900"
      }, {
        "lat" : 43.0896239733,
        "lon" : 141.3386950664,
        "time" : "20150610T234923+0900"
      }, {
        "lat" : 43.0898268958,
        "lon" : 141.3398977042,
        "time" : "20150610T234940+0900"
      }, {
        "lat" : 43.0901804442,
        "lon" : 141.3416408026,
        "time" : "20150610T235014+0900"
      }, {
        "lat" : 43.0901804442,
        "lon" : 141.3416408026,
        "time" : "20150610T235035+0900"
      }, {
        "lat" : 43.0900618898,
        "lon" : 141.3420245035,
        "time" : "20150610T235111+0900"
      }, {
        "lat" : 43.09008124,
        "lon" : 141.3426645692,
        "time" : "20150610T235128+0900"
      }, {
        "lat" : 43.0897753127,
        "lon" : 141.3430376631,
        "time" : "20150610T235145+0900"
      }, {
        "lat" : 43.0890469666,
        "lon" : 141.343256805,
        "time" : "20150610T235207+0900"
      }, {
        "lat" : 43.0881121283,
        "lon" : 141.3434903404,
        "time" : "20150610T235237+0900"
      }, {
        "lat" : 43.0877949908,
        "lon" : 141.343613302,
        "time" : "20150610T235257+0900"
      }, {
        "lat" : 43.0875864502,
        "lon" : 141.3436243093,
        "time" : "20150610T235316+0900"
      }, {
        "lat" : 43.0868288554,
        "lon" : 141.3438072033,
        "time" : "20150610T235343+0900"
      }, {
        "lat" : 43.0859852186,
        "lon" : 141.3440520478,
        "time" : "20150610T235407+0900"
      }, {
        "lat" : 43.085601217,
        "lon" : 141.3442395419,
        "time" : "20150610T235427+0900"
      }, {
        "lat" : 43.0854905283,
        "lon" : 141.3442252003,
        "time" : "20150610T235445+0900"
      }, {
        "lat" : 43.0851652301,
        "lon" : 141.3443060817,
        "time" : "20150610T235505+0900"
      }, {
        "lat" : 43.0843829761,
        "lon" : 141.3444458275,
        "time" : "20150610T235534+0900"
      }, {
        "lat" : 43.0846321394,
        "lon" : 141.3451669726,
        "time" : "20150610T235550+0900"
      } ]
    } ],
    "lastUpdate" : "20150610T172545Z"
  }, {
    "type" : "place",
    "startTime" : "20150610T235550+0900",
    "endTime" : "20150611T143342+0900",
    "place" : {
      "id" : 152143834,
      "type" : "unknown",
      "location" : {
        "lat" : 43.0846321394,
        "lon" : 141.3451669726
      }
    },
    "activities" : [ {
      "activity" : "walking",
      "group" : "walking",
      "manual" : false,
      "startTime" : "20150610T235614+0900",
      "endTime" : "20150610T235714+0900",
      "duration" : 60.0,
      "distance" : 51.0,
      "steps" : 101,
      "calories" : 3,
      "trackPoints" : [ ]
    } ],
    "lastUpdate" : "20150611T085705Z"
  } ],
  "caloriesIdle" : 1706,
  "lastUpdate" : "20150611T085705Z"
}, {
  "date" : "20150611",
  "summary" : [ {
    "activity" : "walking",
    "group" : "walking",
    "duration" : 3677.0,
    "distance" : 4767.0,
    "steps" : 6393,
    "calories" : 282
  }, {
    "activity" : "cycling",
    "group" : "cycling",
    "duration" : 725.0,
    "distance" : 3251.0,
    "calories" : 86
  } ],
  "segments" : [ {
    "type" : "place",
    "startTime" : "20150610T235550+0900",
    "endTime" : "20150611T143342+0900",
    "place" : {
      "id" : 152143834,
      "type" : "unknown",
      "location" : {
        "lat" : 43.0846321394,
        "lon" : 141.3451669726
      }
    },
    "activities" : [ {
      "activity" : "walking",
      "group" : "walking",
      "manual" : false,
      "startTime" : "20150611T143313+0900",
      "endTime" : "20150611T150010+0900",
      "duration" : 1617.0,
      "distance" : 2452.0,
      "steps" : 3276,
      "calories" : 145,
      "trackPoints" : [ ]
    } ],
    "lastUpdate" : "20150611T085705Z"
  }, {
    "type" : "move",
    "startTime" : "20150611T143342+0900",
    "endTime" : "20150611T143615+0900",
    "activities" : [ {
      "activity" : "cycling",
      "group" : "cycling",
      "manual" : false,
      "startTime" : "20150611T143342+0900",
      "endTime" : "20150611T143614+0900",
      "duration" : 152.0,
      "distance" : 933.0,
      "calories" : 24,
      "trackPoints" : [ {
        "lat" : 43.0846321394,
        "lon" : 141.3451669726,
        "time" : "20150611T143342+0900"
      }, {
        "lat" : 43.0840610377,
        "lon" : 141.3444350045,
        "time" : "20150611T143358+0900"
      }, {
        "lat" : 43.0831788178,
        "lon" : 141.3448165879,
        "time" : "20150611T143417+0900"
      }, {
        "lat" : 43.0814986334,
        "lon" : 141.3451010969,
        "time" : "20150611T143449+0900"
      }, {
        "lat" : 43.0812773578,
        "lon" : 141.3438830122,
        "time" : "20150611T143513+0900"
      }, {
        "lat" : 43.0809990363,
        "lon" : 141.3419529455,
        "time" : "20150611T143547+0900"
      }, {
        "lat" : 43.0794932905,
        "lon" : 141.3403872229,
        "time" : "20150611T143615+0900"
      } ]
    } ],
    "lastUpdate" : "20150611T085705Z"
  }, {
    "type" : "place",
    "startTime" : "20150611T143615+0900",
    "endTime" : "20150611T164153+0900",
    "place" : {
      "id" : 141367537,
      "type" : "unknown",
      "location" : {
        "lat" : 43.0794932905,
        "lon" : 141.3403872229
      }
    },
    "activities" : [ {
      "activity" : "walking",
      "group" : "walking",
      "manual" : false,
      "startTime" : "20150611T143643+0900",
      "endTime" : "20150611T143913+0900",
      "duration" : 150.0,
      "distance" : 145.0,
      "steps" : 193,
      "calories" : 9,
      "trackPoints" : [ ]
    }, {
      "activity" : "walking",
      "group" : "walking",
      "manual" : false,
      "startTime" : "20150611T151230+0900",
      "endTime" : "20150611T151400+0900",
      "duration" : 90.0,
      "distance" : 91.0,
      "steps" : 182,
      "calories" : 5,
      "trackPoints" : [ ]
    }, {
      "activity" : "walking",
      "group" : "walking",
      "manual" : false,
      "startTime" : "20150611T161255+0900",
      "endTime" : "20150611T162215+0900",
      "duration" : 560.0,
      "distance" : 649.0,
      "steps" : 866,
      "calories" : 38,
      "trackPoints" : [ ]
    } ],
    "lastUpdate" : "20150611T085705Z"
  }, {
    "type" : "move",
    "startTime" : "20150611T164153+0900",
    "endTime" : "20150611T164523+0900",
    "activities" : [ {
      "activity" : "cycling",
      "group" : "cycling",
      "manual" : false,
      "startTime" : "20150611T164153+0900",
      "endTime" : "20150611T164523+0900",
      "duration" : 210.0,
      "distance" : 923.0,
      "calories" : 24,
      "trackPoints" : [ {
        "lat" : 43.0794932905,
        "lon" : 141.3403872229,
        "time" : "20150611T164153+0900"
      }, {
        "lat" : 43.0809863535,
        "lon" : 141.3417163292,
        "time" : "20150611T164229+0900"
      }, {
        "lat" : 43.0811787678,
        "lon" : 141.3425524947,
        "time" : "20150611T164255+0900"
      }, {
        "lat" : 43.0812482038,
        "lon" : 141.3429343238,
        "time" : "20150611T164316+0900"
      }, {
        "lat" : 43.0812032339,
        "lon" : 141.3430241058,
        "time" : "20150611T164339+0900"
      }, {
        "lat" : 43.0812281994,
        "lon" : 141.3437316957,
        "time" : "20150611T164404+0900"
      }, {
        "lat" : 43.0814470437,
        "lon" : 141.3448277324,
        "time" : "20150611T164422+0900"
      }, {
        "lat" : 43.082727341,
        "lon" : 141.3448221481,
        "time" : "20150611T164457+0900"
      }, {
        "lat" : 43.0846321394,
        "lon" : 141.3451669726,
        "time" : "20150611T164523+0900"
      } ]
    } ],
    "lastUpdate" : "20150611T085705Z"
  }, {
    "type" : "place",
    "startTime" : "20150611T164523+0900",
    "endTime" : "20150611T174615+0900",
    "place" : {
      "id" : 152143834,
      "type" : "unknown",
      "location" : {
        "lat" : 43.0846321394,
        "lon" : 141.3451669726
      }
    },
    "activities" : [ {
      "activity" : "walking",
      "group" : "walking",
      "manual" : false,
      "startTime" : "20150611T164705+0900",
      "endTime" : "20150611T164735+0900",
      "duration" : 30.0,
      "distance" : 25.0,
      "steps" : 51,
      "calories" : 1,
      "trackPoints" : [ ]
    }, {
      "activity" : "walking",
      "group" : "walking",
      "manual" : false,
      "startTime" : "20150611T174447+0900",
      "endTime" : "20150611T174647+0900",
      "duration" : 120.0,
      "distance" : 108.0,
      "steps" : 216,
      "calories" : 6,
      "trackPoints" : [ ]
    } ],
    "lastUpdate" : "20150611T102920Z"
  }, {
    "type" : "move",
    "startTime" : "20150611T174615+0900",
    "endTime" : "20150611T174941+0900",
    "activities" : [ {
      "activity" : "cycling",
      "group" : "cycling",
      "manual" : false,
      "startTime" : "20150611T174615+0900",
      "endTime" : "20150611T174918+0900",
      "duration" : 183.0,
      "distance" : 802.0,
      "calories" : 21,
      "trackPoints" : [ {
        "lat" : 43.0846321394,
        "lon" : 141.3451669726,
        "time" : "20150611T174615+0900"
      }, {
        "lat" : 43.0840408137,
        "lon" : 141.3445408104,
        "time" : "20150611T174632+0900"
      }, {
        "lat" : 43.0832159443,
        "lon" : 141.3446909295,
        "time" : "20150611T174701+0900"
      }, {
        "lat" : 43.082043136,
        "lon" : 141.344946996,
        "time" : "20150611T174729+0900"
      }, {
        "lat" : 43.0812802664,
        "lon" : 141.3439916939,
        "time" : "20150611T174803+0900"
      }, {
        "lat" : 43.0809531401,
        "lon" : 141.341971168,
        "time" : "20150611T174842+0900"
      }, {
        "lat" : 43.0801850778,
        "lon" : 141.3409715154,
        "time" : "20150611T174918+0900"
      } ]
    }, {
      "activity" : "walking",
      "group" : "walking",
      "manual" : false,
      "startTime" : "20150611T174918+0900",
      "endTime" : "20150611T174942+0900",
      "duration" : 24.0,
      "distance" : 48.0,
      "steps" : 40,
      "calories" : 3,
      "trackPoints" : [ {
        "lat" : 43.0801850778,
        "lon" : 141.3409715154,
        "time" : "20150611T174918+0900"
      }, {
        "lat" : 43.0794932905,
        "lon" : 141.3403872229,
        "time" : "20150611T174941+0900"
      } ]
    } ],
    "lastUpdate" : "20150611T102920Z"
  }, {
    "type" : "place",
    "startTime" : "20150611T174941+0900",
    "endTime" : "20150611T195909+0900",
    "place" : {
      "id" : 141367537,
      "type" : "unknown",
      "location" : {
        "lat" : 43.0794932905,
        "lon" : 141.3403872229
      }
    },
    "activities" : [ {
      "activity" : "walking",
      "group" : "walking",
      "manual" : false,
      "startTime" : "20150611T174941+0900",
      "endTime" : "20150611T175318+0900",
      "duration" : 217.0,
      "distance" : 212.0,
      "steps" : 283,
      "calories" : 13,
      "trackPoints" : [ ]
    }, {
      "activity" : "walking",
      "group" : "walking",
      "manual" : false,
      "startTime" : "20150611T180155+0900",
      "endTime" : "20150611T180255+0900",
      "duration" : 60.0,
      "distance" : 46.0,
      "steps" : 91,
      "calories" : 3,
      "trackPoints" : [ ]
    }, {
      "activity" : "walking",
      "group" : "walking",
      "manual" : false,
      "startTime" : "20150611T194739+0900",
      "endTime" : "20150611T195704+0900",
      "duration" : 565.0,
      "distance" : 610.0,
      "steps" : 814,
      "calories" : 36,
      "trackPoints" : [ ]
    } ],
    "lastUpdate" : "20150611T120258Z"
  }, {
    "type" : "move",
    "startTime" : "20150611T195909+0900",
    "endTime" : "20150611T200543+0900",
    "activities" : [ {
      "activity" : "walking",
      "group" : "walking",
      "manual" : false,
      "startTime" : "20150611T195909+0900",
      "endTime" : "20150611T195942+0900",
      "duration" : 33.0,
      "distance" : 47.0,
      "steps" : 67,
      "calories" : 3,
      "trackPoints" : [ {
        "lat" : 43.0794932905,
        "lon" : 141.3403872229,
        "time" : "20150611T195909+0900"
      }, {
        "lat" : 43.0791769057,
        "lon" : 141.3406429267,
        "time" : "20150611T195942+0900"
      } ]
    }, {
      "activity" : "cycling",
      "group" : "cycling",
      "manual" : false,
      "startTime" : "20150611T195942+0900",
      "endTime" : "20150611T200242+0900",
      "duration" : 180.0,
      "distance" : 593.0,
      "calories" : 16,
      "trackPoints" : [ {
        "lat" : 43.0791769057,
        "lon" : 141.3406429267,
        "time" : "20150611T195942+0900"
      }, {
        "lat" : 43.0795947475,
        "lon" : 141.3409311204,
        "time" : "20150611T195959+0900"
      }, {
        "lat" : 43.0795949811,
        "lon" : 141.3409312816,
        "time" : "20150611T200000+0900"
      }, {
        "lat" : 43.0807943724,
        "lon" : 141.3417585254,
        "time" : "20150611T200051+0900"
      }, {
        "lat" : 43.0810864497,
        "lon" : 141.3423316675,
        "time" : "20150611T200116+0900"
      }, {
        "lat" : 43.0811726037,
        "lon" : 141.3426821769,
        "time" : "20150611T200137+0900"
      }, {
        "lat" : 43.0811815944,
        "lon" : 141.3436317753,
        "time" : "20150611T200159+0900"
      }, {
        "lat" : 43.081469429,
        "lon" : 141.3450745598,
        "time" : "20150611T200224+0900"
      }, {
        "lat" : 43.0819976774,
        "lon" : 141.3451079203,
        "time" : "20150611T200242+0900"
      } ]
    }, {
      "activity" : "walking",
      "group" : "walking",
      "manual" : false,
      "startTime" : "20150611T200242+0900",
      "endTime" : "20150611T200543+0900",
      "duration" : 181.0,
      "distance" : 304.0,
      "steps" : 253,
      "calories" : 18,
      "trackPoints" : [ {
        "lat" : 43.0819976774,
        "lon" : 141.3451079203,
        "time" : "20150611T200242+0900"
      }, {
        "lat" : 43.082105436,
        "lon" : 141.3450599564,
        "time" : "20150611T200305+0900"
      }, {
        "lat" : 43.0821144233,
        "lon" : 141.3450972762,
        "time" : "20150611T200351+0900"
      }, {
        "lat" : 43.0821186469,
        "lon" : 141.3451151475,
        "time" : "20150611T200414+0900"
      }, {
        "lat" : 43.0821444341,
        "lon" : 141.3450617533,
        "time" : "20150611T200437+0900"
      }, {
        "lat" : 43.0822608179,
        "lon" : 141.3449936939,
        "time" : "20150611T200459+0900"
      }, {
        "lat" : 43.0826163686,
        "lon" : 141.3449443987,
        "time" : "20150611T200527+0900"
      }, {
        "lat" : 43.0846321394,
        "lon" : 141.3451669726,
        "time" : "20150611T200543+0900"
      } ]
    } ],
    "lastUpdate" : "20150611T120258Z"
  }, {
    "type" : "place",
    "startTime" : "20150611T200543+0900",
    "endTime" : "20150612T124227+0900",
    "place" : {
      "id" : 152143834,
      "type" : "unknown",
      "location" : {
        "lat" : 43.0846321394,
        "lon" : 141.3451669726
      }
    },
    "activities" : [ {
      "activity" : "walking",
      "group" : "walking",
      "manual" : false,
      "startTime" : "20150611T200712+0900",
      "endTime" : "20150611T200742+0900",
      "duration" : 30.0,
      "distance" : 30.0,
      "steps" : 61,
      "calories" : 2,
      "trackPoints" : [ ]
    } ],
    "lastUpdate" : "20150612T051316Z"
  } ],
  "caloriesIdle" : 1706,
  "lastUpdate" : "20150612T051316Z"
}, {
  "date" : "20150612",
  "summary" : [ {
    "activity" : "walking",
    "group" : "walking",
    "duration" : 2765.0,
    "distance" : 3440.0,
    "steps" : 4359,
    "calories" : 204
  }, {
    "activity" : "cycling",
    "group" : "cycling",
    "duration" : 305.0,
    "distance" : 1616.0,
    "calories" : 42
  } ],
  "segments" : [ {
    "type" : "place",
    "startTime" : "20150611T200543+0900",
    "endTime" : "20150612T124227+0900",
    "place" : {
      "id" : 152143834,
      "type" : "unknown",
      "location" : {
        "lat" : 43.0846321394,
        "lon" : 141.3451669726
      }
    },
    "activities" : [ {
      "activity" : "walking",
      "group" : "walking",
      "manual" : false,
      "startTime" : "20150612T081045+0900",
      "endTime" : "20150612T081115+0900",
      "duration" : 30.0,
      "distance" : 15.0,
      "steps" : 30,
      "calories" : 1,
      "trackPoints" : [ ]
    }, {
      "activity" : "walking",
      "group" : "walking",
      "manual" : false,
      "startTime" : "20150612T102934+0900",
      "endTime" : "20150612T103004+0900",
      "duration" : 30.0,
      "distance" : 15.0,
      "steps" : 20,
      "calories" : 1,
      "trackPoints" : [ ]
    }, {
      "activity" : "walking",
      "group" : "walking",
      "manual" : false,
      "startTime" : "20150612T124032+0900",
      "endTime" : "20150612T124132+0900",
      "duration" : 60.0,
      "distance" : 46.0,
      "steps" : 91,
      "calories" : 3,
      "trackPoints" : [ ]
    } ],
    "lastUpdate" : "20150612T051316Z"
  }, {
    "type" : "move",
    "startTime" : "20150612T124227+0900",
    "endTime" : "20150612T124444+0900",
    "activities" : [ {
      "activity" : "cycling",
      "group" : "cycling",
      "manual" : false,
      "startTime" : "20150612T124227+0900",
      "endTime" : "20150612T124444+0900",
      "duration" : 137.0,
      "distance" : 820.0,
      "calories" : 21,
      "trackPoints" : [ {
        "lat" : 43.0846321394,
        "lon" : 141.3451669726,
        "time" : "20150612T124227+0900"
      }, {
        "lat" : 43.0827847831,
        "lon" : 141.3449667751,
        "time" : "20150612T124242+0900"
      }, {
        "lat" : 43.081259568,
        "lon" : 141.3441131928,
        "time" : "20150612T124332+0900"
      }, {
        "lat" : 43.0811127983,
        "lon" : 141.3427897544,
        "time" : "20150612T124351+0900"
      }, {
        "lat" : 43.0808721342,
        "lon" : 141.3417173363,
        "time" : "20150612T124414+0900"
      }, {
        "lat" : 43.0794932905,
        "lon" : 141.3403872229,
        "time" : "20150612T124444+0900"
      } ]
    } ],
    "lastUpdate" : "20150612T051316Z"
  }, {
    "type" : "place",
    "startTime" : "20150612T124444+0900",
    "endTime" : "20150612T135913+0900",
    "place" : {
      "id" : 141367537,
      "type" : "unknown",
      "location" : {
        "lat" : 43.0794932905,
        "lon" : 141.3403872229
      }
    },
    "activities" : [ {
      "activity" : "walking",
      "group" : "walking",
      "manual" : false,
      "startTime" : "20150612T124444+0900",
      "endTime" : "20150612T125404+0900",
      "duration" : 560.0,
      "distance" : 680.0,
      "steps" : 906,
      "calories" : 40,
      "trackPoints" : [ ]
    }, {
      "activity" : "walking",
      "group" : "walking",
      "manual" : false,
      "startTime" : "20150612T130034+0900",
      "endTime" : "20150612T130637+0900",
      "duration" : 363.0,
      "distance" : 547.0,
      "steps" : 729,
      "calories" : 32,
      "trackPoints" : [ ]
    } ],
    "lastUpdate" : "20150612T125746Z"
  }, {
    "type" : "move",
    "startTime" : "20150612T135913+0900",
    "endTime" : "20150612T140424+0900",
    "activities" : [ {
      "activity" : "walking",
      "group" : "walking",
      "manual" : false,
      "startTime" : "20150612T135913+0900",
      "endTime" : "20150612T140425+0900",
      "duration" : 312.0,
      "distance" : 220.0,
      "steps" : 346,
      "calories" : 13,
      "trackPoints" : [ {
        "lat" : 43.0794932905,
        "lon" : 141.3403872229,
        "time" : "20150612T135913+0900"
      }, {
        "lat" : 43.0786650452,
        "lon" : 141.3410444233,
        "time" : "20150612T135940+0900"
      }, {
        "lat" : 43.0787102598,
        "lon" : 141.3410133062,
        "time" : "20150612T135959+0900"
      }, {
        "lat" : 43.0787102835,
        "lon" : 141.3410132899,
        "time" : "20150612T140000+0900"
      }, {
        "lat" : 43.078835574,
        "lon" : 141.3409270638,
        "time" : "20150612T140052+0900"
      }, {
        "lat" : 43.0793214661,
        "lon" : 141.3406608608,
        "time" : "20150612T140205+0900"
      }, {
        "lat" : 43.0796419716,
        "lon" : 141.3404915038,
        "time" : "20150612T140230+0900"
      }, {
        "lat" : 43.0796827,
        "lon" : 141.3405232372,
        "time" : "20150612T140249+0900"
      }, {
        "lat" : 43.0796346893,
        "lon" : 141.3405486093,
        "time" : "20150612T140308+0900"
      }, {
        "lat" : 43.0796163562,
        "lon" : 141.3405224963,
        "time" : "20150612T140325+0900"
      }, {
        "lat" : 43.0794932905,
        "lon" : 141.3403872229,
        "time" : "20150612T140424+0900"
      } ]
    } ],
    "lastUpdate" : "20150612T125746Z"
  }, {
    "type" : "place",
    "startTime" : "20150612T140425+0900",
    "endTime" : "20150612T162029+0900",
    "place" : {
      "id" : 141367537,
      "type" : "unknown",
      "location" : {
        "lat" : 43.0794932905,
        "lon" : 141.3403872229
      }
    },
    "activities" : [ {
      "activity" : "walking",
      "group" : "walking",
      "manual" : false,
      "startTime" : "20150612T142932+0900",
      "endTime" : "20150612T143303+0900",
      "duration" : 211.0,
      "distance" : 221.0,
      "steps" : 295,
      "calories" : 13,
      "trackPoints" : [ ]
    }, {
      "activity" : "walking",
      "group" : "walking",
      "manual" : false,
      "startTime" : "20150612T160044+0900",
      "endTime" : "20150612T160515+0900",
      "duration" : 271.0,
      "distance" : 306.0,
      "steps" : 408,
      "calories" : 18,
      "trackPoints" : [ ]
    } ],
    "lastUpdate" : "20150612T125746Z"
  }, {
    "type" : "move",
    "startTime" : "20150612T162029+0900",
    "endTime" : "20150612T162725+0900",
    "activities" : [ {
      "activity" : "walking",
      "group" : "walking",
      "manual" : false,
      "startTime" : "20150612T162029+0900",
      "endTime" : "20150612T162726+0900",
      "duration" : 417.0,
      "distance" : 820.0,
      "steps" : 683,
      "calories" : 49,
      "trackPoints" : [ {
        "lat" : 43.0794932905,
        "lon" : 141.3403872229,
        "time" : "20150612T162029+0900"
      }, {
        "lat" : 43.0787065368,
        "lon" : 141.3410851523,
        "time" : "20150612T162113+0900"
      }, {
        "lat" : 43.0788419262,
        "lon" : 141.3409574263,
        "time" : "20150612T162133+0900"
      }, {
        "lat" : 43.078951936,
        "lon" : 141.3408711429,
        "time" : "20150612T162149+0900"
      }, {
        "lat" : 43.0795792129,
        "lon" : 141.3407148973,
        "time" : "20150612T162230+0900"
      }, {
        "lat" : 43.0798581253,
        "lon" : 141.3407442299,
        "time" : "20150612T162250+0900"
      }, {
        "lat" : 43.0809490447,
        "lon" : 141.3413066567,
        "time" : "20150612T162339+0900"
      }, {
        "lat" : 43.0827745478,
        "lon" : 141.3391287642,
        "time" : "20150612T162420+0900"
      }, {
        "lat" : 43.0831140881,
        "lon" : 141.339483159,
        "time" : "20150612T162451+0900"
      }, {
        "lat" : 43.0829629966,
        "lon" : 141.3391967806,
        "time" : "20150612T162512+0900"
      }, {
        "lat" : 43.0828713707,
        "lon" : 141.3391136481,
        "time" : "20150612T162530+0900"
      }, {
        "lat" : 43.0830281358,
        "lon" : 141.3391711644,
        "time" : "20150612T162601+0900"
      }, {
        "lat" : 43.0832187991,
        "lon" : 141.3391929916,
        "time" : "20150612T162619+0900"
      }, {
        "lat" : 43.0834768971,
        "lon" : 141.3391697672,
        "time" : "20150612T162654+0900"
      }, {
        "lat" : 43.0836343046,
        "lon" : 141.3392407979,
        "time" : "20150612T162725+0900"
      } ]
    } ],
    "lastUpdate" : "20150612T125746Z"
  }, {
    "type" : "place",
    "startTime" : "20150612T162725+0900",
    "endTime" : "20150612T181600+0900",
    "place" : {
      "id" : 159021596,
      "type" : "unknown",
      "location" : {
        "lat" : 43.0836343046,
        "lon" : 141.3392407979
      }
    },
    "activities" : [ {
      "activity" : "walking",
      "group" : "walking",
      "manual" : false,
      "startTime" : "20150612T165935+0900",
      "endTime" : "20150612T170036+0900",
      "duration" : 61.0,
      "distance" : 36.0,
      "steps" : 71,
      "calories" : 2,
      "trackPoints" : [ ]
    }, {
      "activity" : "walking",
      "group" : "walking",
      "manual" : false,
      "startTime" : "20150612T181240+0900",
      "endTime" : "20150612T181510+0900",
      "duration" : 150.0,
      "distance" : 213.0,
      "steps" : 284,
      "calories" : 13,
      "trackPoints" : [ ]
    } ],
    "lastUpdate" : "20150612T125746Z"
  }, {
    "type" : "move",
    "startTime" : "20150612T181600+0900",
    "endTime" : "20150612T181848+0900",
    "activities" : [ {
      "activity" : "cycling",
      "group" : "cycling",
      "manual" : false,
      "startTime" : "20150612T181600+0900",
      "endTime" : "20150612T181848+0900",
      "duration" : 168.0,
      "distance" : 796.0,
      "calories" : 21,
      "trackPoints" : [ {
        "lat" : 43.0836343046,
        "lon" : 141.3392407979,
        "time" : "20150612T181600+0900"
      }, {
        "lat" : 43.0839396797,
        "lon" : 141.3392995248,
        "time" : "20150612T181618+0900"
      }, {
        "lat" : 43.0842754683,
        "lon" : 141.3395729276,
        "time" : "20150612T181653+0900"
      }, {
        "lat" : 43.0842784901,
        "lon" : 141.3397406475,
        "time" : "20150612T181708+0900"
      }, {
        "lat" : 43.084489174,
        "lon" : 141.3405753857,
        "time" : "20150612T181733+0900"
      }, {
        "lat" : 43.0846698598,
        "lon" : 141.3420605892,
        "time" : "20150612T181802+0900"
      }, {
        "lat" : 43.0848432383,
        "lon" : 141.3437127152,
        "time" : "20150612T181829+0900"
      }, {
        "lat" : 43.0819789503,
        "lon" : 141.3451437419,
        "time" : "20150612T181848+0900"
      } ]
    } ],
    "lastUpdate" : "20150612T125746Z"
  }, {
    "type" : "place",
    "startTime" : "20150612T181848+0900",
    "endTime" : "20150613T174942+0900",
    "place" : {
      "id" : 152143834,
      "type" : "unknown",
      "location" : {
        "lat" : 43.0846321394,
        "lon" : 141.3451669726
      }
    },
    "activities" : [ {
      "activity" : "walking",
      "group" : "walking",
      "manual" : false,
      "startTime" : "20150612T181940+0900",
      "endTime" : "20150612T182140+0900",
      "duration" : 120.0,
      "distance" : 101.0,
      "steps" : 203,
      "calories" : 6,
      "trackPoints" : [ ]
    }, {
      "activity" : "walking",
      "group" : "walking",
      "manual" : false,
      "startTime" : "20150612T204018+0900",
      "endTime" : "20150612T204248+0900",
      "duration" : 150.0,
      "distance" : 205.0,
      "steps" : 273,
      "calories" : 12,
      "trackPoints" : [ ]
    }, {
      "activity" : "walking",
      "group" : "walking",
      "manual" : false,
      "startTime" : "20150612T225831+0900",
      "endTime" : "20150612T225901+0900",
      "duration" : 30.0,
      "distance" : 15.0,
      "steps" : 20,
      "calories" : 1,
      "trackPoints" : [ ]
    } ],
    "lastUpdate" : "20150613T122644Z"
  } ],
  "caloriesIdle" : 1706,
  "lastUpdate" : "20150613T122644Z"
}, {
  "date" : "20150613",
  "summary" : [ {
    "activity" : "walking",
    "group" : "walking",
    "duration" : 2523.0,
    "distance" : 3522.0,
    "steps" : 4875,
    "calories" : 209
  }, {
    "activity" : "cycling",
    "group" : "cycling",
    "duration" : 376.0,
    "distance" : 1663.0,
    "calories" : 44
  }, {
    "activity" : "transport",
    "group" : "transport",
    "duration" : 710.0,
    "distance" : 1665.0
  } ],
  "segments" : [ {
    "type" : "place",
    "startTime" : "20150612T181848+0900",
    "endTime" : "20150613T174942+0900",
    "place" : {
      "id" : 152143834,
      "type" : "unknown",
      "location" : {
        "lat" : 43.0846321394,
        "lon" : 141.3451669726
      }
    },
    "activities" : [ {
      "activity" : "walking",
      "group" : "walking",
      "manual" : false,
      "startTime" : "20150613T054711+0900",
      "endTime" : "20150613T054741+0900",
      "duration" : 30.0,
      "distance" : 15.0,
      "steps" : 30,
      "calories" : 1,
      "trackPoints" : [ ]
    }, {
      "activity" : "walking",
      "group" : "walking",
      "manual" : false,
      "startTime" : "20150613T165035+0900",
      "endTime" : "20150613T165105+0900",
      "duration" : 30.0,
      "distance" : 20.0,
      "steps" : 41,
      "calories" : 1,
      "trackPoints" : [ ]
    }, {
      "activity" : "walking",
      "group" : "walking",
      "manual" : false,
      "startTime" : "20150613T174913+0900",
      "endTime" : "20150613T182458+0900",
      "duration" : 2145.0,
      "distance" : 3260.0,
      "steps" : 4347,
      "calories" : 193,
      "trackPoints" : [ ]
    } ],
    "lastUpdate" : "20150613T122644Z"
  }, {
    "type" : "move",
    "startTime" : "20150613T174942+0900",
    "endTime" : "20150613T175558+0900",
    "activities" : [ {
      "activity" : "cycling",
      "group" : "cycling",
      "manual" : false,
      "startTime" : "20150613T174942+0900",
      "endTime" : "20150613T175558+0900",
      "duration" : 376.0,
      "distance" : 1663.0,
      "calories" : 44,
      "trackPoints" : [ {
        "lat" : 43.0846321394,
        "lon" : 141.3451669726,
        "time" : "20150613T174942+0900"
      }, {
        "lat" : 43.0839800543,
        "lon" : 141.3445721731,
        "time" : "20150613T175007+0900"
      }, {
        "lat" : 43.0833379154,
        "lon" : 141.3446003842,
        "time" : "20150613T175030+0900"
      }, {
        "lat" : 43.0824056092,
        "lon" : 141.3448777084,
        "time" : "20150613T175055+0900"
      }, {
        "lat" : 43.0817993465,
        "lon" : 141.3449850217,
        "time" : "20150613T175113+0900"
      }, {
        "lat" : 43.0814277951,
        "lon" : 141.3445443568,
        "time" : "20150613T175131+0900"
      }, {
        "lat" : 43.0810907655,
        "lon" : 141.3425459533,
        "time" : "20150613T175206+0900"
      }, {
        "lat" : 43.0808797123,
        "lon" : 141.3415107602,
        "time" : "20150613T175224+0900"
      }, {
        "lat" : 43.0806262003,
        "lon" : 141.3407194022,
        "time" : "20150613T175240+0900"
      }, {
        "lat" : 43.0793594808,
        "lon" : 141.3406009377,
        "time" : "20150613T175312+0900"
      }, {
        "lat" : 43.0787774641,
        "lon" : 141.3396073369,
        "time" : "20150613T175351+0900"
      }, {
        "lat" : 43.0789858243,
        "lon" : 141.3332411888,
        "time" : "20150613T175558+0900"
      } ]
    } ],
    "lastUpdate" : "20150613T122644Z"
  }, {
    "type" : "place",
    "startTime" : "20150613T175558+0900",
    "endTime" : "20150613T190537+0900",
    "place" : {
      "id" : 148725385,
      "type" : "unknown",
      "location" : {
        "lat" : 43.0789858243,
        "lon" : 141.3332411888
      }
    },
    "activities" : [ {
      "activity" : "walking",
      "group" : "walking",
      "manual" : false,
      "startTime" : "20150613T175558+0900",
      "endTime" : "20150613T175643+0900",
      "duration" : 45.0,
      "distance" : 28.0,
      "steps" : 57,
      "calories" : 2,
      "trackPoints" : [ ]
    }, {
      "activity" : "walking",
      "group" : "walking",
      "manual" : false,
      "startTime" : "20150613T190409+0900",
      "endTime" : "20150613T190439+0900",
      "duration" : 30.0,
      "distance" : 25.0,
      "steps" : 51,
      "calories" : 1,
      "trackPoints" : [ ]
    } ],
    "lastUpdate" : "20150613T122644Z"
  }, {
    "type" : "move",
    "startTime" : "20150613T190537+0900",
    "endTime" : "20150613T192030+0900",
    "activities" : [ {
      "activity" : "walking",
      "group" : "walking",
      "manual" : false,
      "startTime" : "20150613T190537+0900",
      "endTime" : "20150613T190840+0900",
      "duration" : 183.0,
      "distance" : 114.0,
      "steps" : 227,
      "calories" : 7,
      "trackPoints" : [ {
        "lat" : 43.0789858243,
        "lon" : 141.3332411888,
        "time" : "20150613T190537+0900"
      }, {
        "lat" : 43.0790302005,
        "lon" : 141.3339604093,
        "time" : "20150613T190633+0900"
      }, {
        "lat" : 43.0789994539,
        "lon" : 141.3338141702,
        "time" : "20150613T190734+0900"
      }, {
        "lat" : 43.0789381476,
        "lon" : 141.3335248455,
        "time" : "20150613T190825+0900"
      }, {
        "lat" : 43.0789443894,
        "lon" : 141.3335523636,
        "time" : "20150613T190840+0900"
      } ]
    }, {
      "activity" : "transport",
      "group" : "transport",
      "manual" : false,
      "startTime" : "20150613T190840+0900",
      "endTime" : "20150613T192030+0900",
      "duration" : 710.0,
      "distance" : 1665.0,
      "trackPoints" : [ {
        "lat" : 43.0789443894,
        "lon" : 141.3335523636,
        "time" : "20150613T190840+0900"
      }, {
        "lat" : 43.0789934026,
        "lon" : 141.3337683647,
        "time" : "20150613T190930+0900"
      }, {
        "lat" : 43.0794129236,
        "lon" : 141.335185039,
        "time" : "20150613T191041+0900"
      }, {
        "lat" : 43.0790227399,
        "lon" : 141.3353541078,
        "time" : "20150613T191058+0900"
      }, {
        "lat" : 43.0790271467,
        "lon" : 141.3359808499,
        "time" : "20150613T191120+0900"
      }, {
        "lat" : 43.0791483201,
        "lon" : 141.3377766888,
        "time" : "20150613T191219+0900"
      }, {
        "lat" : 43.0789437774,
        "lon" : 141.3391671671,
        "time" : "20150613T191328+0900"
      }, {
        "lat" : 43.0790104809,
        "lon" : 141.3401057263,
        "time" : "20150613T191354+0900"
      }, {
        "lat" : 43.0789760999,
        "lon" : 141.3404224853,
        "time" : "20150613T191424+0900"
      }, {
        "lat" : 43.0790730057,
        "lon" : 141.3407036148,
        "time" : "20150613T191455+0900"
      }, {
        "lat" : 43.0800622188,
        "lon" : 141.3407239171,
        "time" : "20150613T191537+0900"
      }, {
        "lat" : 43.0809682059,
        "lon" : 141.3416315636,
        "time" : "20150613T191628+0900"
      }, {
        "lat" : 43.0810087672,
        "lon" : 141.3419345349,
        "time" : "20150613T191650+0900"
      }, {
        "lat" : 43.0810636737,
        "lon" : 141.3422717119,
        "time" : "20150613T191708+0900"
      }, {
        "lat" : 43.0810558289,
        "lon" : 141.3422607322,
        "time" : "20150613T191726+0900"
      }, {
        "lat" : 43.0811719076,
        "lon" : 141.3438003348,
        "time" : "20150613T191801+0900"
      }, {
        "lat" : 43.0812938824,
        "lon" : 141.3439894239,
        "time" : "20150613T191819+0900"
      }, {
        "lat" : 43.0813700687,
        "lon" : 141.344490779,
        "time" : "20150613T191839+0900"
      }, {
        "lat" : 43.0818735567,
        "lon" : 141.3448289346,
        "time" : "20150613T191914+0900"
      }, {
        "lat" : 43.0833950151,
        "lon" : 141.3446878268,
        "time" : "20150613T192009+0900"
      }, {
        "lat" : 43.0846321394,
        "lon" : 141.3451669726,
        "time" : "20150613T192030+0900"
      } ]
    } ],
    "lastUpdate" : "20150613T122644Z"
  }, {
    "type" : "place",
    "startTime" : "20150613T192030+0900",
    "endTime" : "20150614T210939+0900",
    "place" : {
      "id" : 152143834,
      "type" : "unknown",
      "location" : {
        "lat" : 43.0846321394,
        "lon" : 141.3451669726
      }
    },
    "activities" : [ {
      "activity" : "walking",
      "group" : "walking",
      "manual" : false,
      "startTime" : "20150613T192341+0900",
      "endTime" : "20150613T192411+0900",
      "duration" : 30.0,
      "distance" : 30.0,
      "steps" : 61,
      "calories" : 2,
      "trackPoints" : [ ]
    }, {
      "activity" : "walking",
      "group" : "walking",
      "manual" : false,
      "startTime" : "20150613T203924+0900",
      "endTime" : "20150613T203954+0900",
      "duration" : 30.0,
      "distance" : 30.0,
      "steps" : 61,
      "calories" : 2,
      "trackPoints" : [ ]
    } ],
    "lastUpdate" : "20150614T130906Z"
  } ],
  "caloriesIdle" : 1706,
  "lastUpdate" : "20150614T130906Z"
}, {
  "date" : "20150614",
  "summary" : [ {
    "activity" : "walking",
    "group" : "walking",
    "duration" : 452.0,
    "distance" : 522.0,
    "steps" : 661,
    "calories" : 31
  } ],
  "segments" : [ {
    "type" : "place",
    "startTime" : "20150613T192030+0900",
    "endTime" : "20150614T210939+0900",
    "place" : {
      "id" : 152143834,
      "type" : "unknown",
      "location" : {
        "lat" : 43.0846321394,
        "lon" : 141.3451669726
      }
    },
    "activities" : [ {
      "activity" : "walking",
      "group" : "walking",
      "manual" : false,
      "startTime" : "20150614T210727+0900",
      "endTime" : "20150614T210827+0900",
      "duration" : 60.0,
      "distance" : 56.0,
      "steps" : 111,
      "calories" : 3,
      "trackPoints" : [ ]
    } ],
    "lastUpdate" : "20150614T130906Z"
  }, {
    "type" : "place",
    "startTime" : "20150614T211028+0900",
    "endTime" : "20150614T212132+0900",
    "place" : {
      "id" : 146950414,
      "type" : "unknown",
      "location" : {
        "lat" : 43.0819789503,
        "lon" : 141.3451437419
      }
    },
    "activities" : [ {
      "activity" : "walking",
      "group" : "walking",
      "manual" : false,
      "startTime" : "20150614T211028+0900",
      "endTime" : "20150614T211227+0900",
      "duration" : 119.0,
      "distance" : 85.0,
      "steps" : 170,
      "calories" : 5,
      "trackPoints" : [ ]
    } ],
    "lastUpdate" : "20150614T130906Z"
  }, {
    "type" : "move",
    "startTime" : "20150614T212132+0900",
    "endTime" : "20150614T212504+0900",
    "activities" : [ {
      "activity" : "walking",
      "group" : "walking",
      "manual" : false,
      "startTime" : "20150614T212132+0900",
      "endTime" : "20150614T212505+0900",
      "duration" : 213.0,
      "distance" : 340.0,
      "steps" : 298,
      "calories" : 20,
      "trackPoints" : [ {
        "lat" : 43.0819789503,
        "lon" : 141.3451437419,
        "time" : "20150614T212132+0900"
      }, {
        "lat" : 43.0823247563,
        "lon" : 141.3449034758,
        "time" : "20150614T212154+0900"
      }, {
        "lat" : 43.0828003085,
        "lon" : 141.3448025865,
        "time" : "20150614T212217+0900"
      }, {
        "lat" : 43.0835353641,
        "lon" : 141.3447616118,
        "time" : "20150614T212242+0900"
      }, {
        "lat" : 43.0840451736,
        "lon" : 141.3447304851,
        "time" : "20150614T212302+0900"
      }, {
        "lat" : 43.0842589396,
        "lon" : 141.3448849589,
        "time" : "20150614T212329+0900"
      }, {
        "lat" : 43.0842630659,
        "lon" : 141.3448556087,
        "time" : "20150614T212347+0900"
      }, {
        "lat" : 43.0842699305,
        "lon" : 141.3448879681,
        "time" : "20150614T212405+0900"
      }, {
        "lat" : 43.0843073835,
        "lon" : 141.3449118672,
        "time" : "20150614T212420+0900"
      }, {
        "lat" : 43.0846321394,
        "lon" : 141.3451669726,
        "time" : "20150614T212504+0900"
      } ]
    } ],
    "lastUpdate" : "20150614T130906Z"
  }, {
    "type" : "place",
    "startTime" : "20150614T212504+0900",
    "endTime" : "20150615T125611+0900",
    "place" : {
      "id" : 152143834,
      "type" : "unknown",
      "location" : {
        "lat" : 43.0846321394,
        "lon" : 141.3451669726
      }
    },
    "activities" : [ {
      "activity" : "walking",
      "group" : "walking",
      "manual" : false,
      "startTime" : "20150614T212504+0900",
      "endTime" : "20150614T212604+0900",
      "duration" : 60.0,
      "distance" : 41.0,
      "steps" : 82,
      "calories" : 2,
      "trackPoints" : [ ]
    } ],
    "lastUpdate" : "20150615T053622Z"
  } ],
  "caloriesIdle" : 1706,
  "lastUpdate" : "20150615T053622Z"
} ]