[ {
  "date" : "20170925",
  "summary" : null,
  "segments" : [ {
    "type" : "place",
    "startTime" : "20170925T181958+0900",
    "endTime" : "20170926T180250+0900",
    "place" : {
      "id" : 105416472,
      "type" : "unknown",
      "location" : {
        "lat" : 35.7167813087,
        "lon" : 139.7280424577
      }
    },
    "lastUpdate" : "20170926T092001Z"
  } ],
  "caloriesIdle" : 1596,
  "lastUpdate" : "20170926T092001Z"
}, {
  "date" : "20170926",
  "summary" : [ {
    "activity" : "walking",
    "group" : "walking",
    "duration" : 2793.0,
    "distance" : 2766.0,
    "steps" : 4188,
    "calories" : 153
  }, {
    "activity" : "transport",
    "group" : "transport",
    "duration" : 4683.0,
    "distance" : 32649.0
  } ],
  "segments" : [ {
    "type" : "place",
    "startTime" : "20170925T181958+0900",
    "endTime" : "20170926T180250+0900",
    "place" : {
      "id" : 105416472,
      "type" : "unknown",
      "location" : {
        "lat" : 35.7167813087,
        "lon" : 139.7280424577
      }
    },
    "activities" : [ {
      "activity" : "walking",
      "group" : "walking",
      "manual" : false,
      "startTime" : "20170926T150636+0900",
      "endTime" : "20170926T150646+0900",
      "duration" : 10.0,
      "distance" : 7.0,
      "steps" : 14,
      "calories" : 0,
      "trackPoints" : [ ]
    }, {
      "activity" : "walking",
      "group" : "walking",
      "manual" : false,
      "startTime" : "20170926T180043+0900",
      "endTime" : "20170926T180113+0900",
      "duration" : 30.0,
      "distance" : 20.0,
      "steps" : 41,
      "calories" : 1,
      "trackPoints" : [ ]
    } ],
    "lastUpdate" : "20170926T092001Z"
  }, {
    "type" : "move",
    "startTime" : "20170926T180250+0900",
    "endTime" : "20170926T181645+0900",
    "activities" : [ {
      "activity" : "walking",
      "group" : "walking",
      "manual" : false,
      "startTime" : "20170926T180250+0900",
      "endTime" : "20170926T180714+0900",
      "duration" : 264.0,
      "distance" : 230.0,
      "steps" : 461,
      "calories" : 13,
      "trackPoints" : [ {
        "lat" : 35.716781,
        "lon" : 139.72804,
        "time" : "20170926T180250+0900"
      }, {
        "lat" : 35.717082,
        "lon" : 139.72846,
        "time" : "20170926T180338+0900"
      }, {
        "lat" : 35.717502,
        "lon" : 139.72827,
        "time" : "20170926T180416+0900"
      }, {
        "lat" : 35.71771,
        "lon" : 139.72816,
        "time" : "20170926T180435+0900"
      }, {
        "lat" : 35.717934,
        "lon" : 139.72803,
        "time" : "20170926T180456+0900"
      }, {
        "lat" : 35.718221,
        "lon" : 139.72792,
        "time" : "20170926T180522+0900"
      }, {
        "lat" : 35.71827,
        "lon" : 139.7279,
        "time" : "20170926T180545+0900"
      }, {
        "lat" : 35.718271,
        "lon" : 139.72791,
        "time" : "20170926T180608+0900"
      }, {
        "lat" : 35.718263,
        "lon" : 139.72791,
        "time" : "20170926T180625+0900"
      }, {
        "lat" : 35.718227,
        "lon" : 139.72794,
        "time" : "20170926T180714+0900"
      } ]
    }, {
      "activity" : "transport",
      "group" : "transport",
      "manual" : false,
      "startTime" : "20170926T180714+0900",
      "endTime" : "20170926T181244+0900",
      "duration" : 330.0,
      "distance" : 2620.0,
      "trackPoints" : [ {
        "lat" : 35.718227,
        "lon" : 139.72794,
        "time" : "20170926T180714+0900"
      }, {
        "lat" : 35.702498,
        "lon" : 139.74412,
        "time" : "20170926T181245+0900"
      } ]
    }, {
      "activity" : "walking",
      "group" : "walking",
      "manual" : false,
      "startTime" : "20170926T181245+0900",
      "endTime" : "20170926T181645+0900",
      "duration" : 240.0,
      "distance" : 199.0,
      "steps" : 389,
      "calories" : 11,
      "trackPoints" : [ {
        "lat" : 35.702498,
        "lon" : 139.74412,
        "time" : "20170926T181245+0900"
      }, {
        "lat" : 35.702323,
        "lon" : 139.7443,
        "time" : "20170926T181312+0900"
      }, {
        "lat" : 35.702308,
        "lon" : 139.74439,
        "time" : "20170926T181338+0900"
      }, {
        "lat" : 35.702284,
        "lon" : 139.74454,
        "time" : "20170926T181423+0900"
      }, {
        "lat" : 35.702249,
        "lon" : 139.74466,
        "time" : "20170926T181447+0900"
      }, {
        "lat" : 35.702112,
        "lon" : 139.74512,
        "time" : "20170926T181531+0900"
      }, {
        "lat" : 35.701992,
        "lon" : 139.74557,
        "time" : "20170926T181601+0900"
      }, {
        "lat" : 35.701965,
        "lon" : 139.74564,
        "time" : "20170926T181617+0900"
      }, {
        "lat" : 35.701841,
        "lon" : 139.74589,
        "time" : "20170926T181645+0900"
      } ]
    } ],
    "lastUpdate" : "20170926T092001Z"
  }, {
    "type" : "move",
    "startTime" : "20170926T181645+0900",
    "endTime" : "20170926T185519+0900",
    "activities" : [ {
      "activity" : "transport",
      "group" : "transport",
      "manual" : false,
      "startTime" : "20170926T181645+0900",
      "endTime" : "20170926T182617+0900",
      "duration" : 572.0,
      "distance" : 2869.0,
      "trackPoints" : [ {
        "lat" : 35.701874,
        "lon" : 139.74572,
        "time" : "20170926T181645+0900"
      }, {
        "lat" : 35.69553,
        "lon" : 139.75174,
        "time" : "20170926T182212+0900"
      }, {
        "lat" : 35.68552,
        "lon" : 139.76454,
        "time" : "20170926T182617+0900"
      } ]
    }, {
      "activity" : "walking",
      "group" : "walking",
      "manual" : false,
      "startTime" : "20170926T182617+0900",
      "endTime" : "20170926T182917+0900",
      "duration" : 180.0,
      "distance" : 166.0,
      "steps" : 333,
      "calories" : 9,
      "trackPoints" : [ {
        "lat" : 35.68552,
        "lon" : 139.76454,
        "time" : "20170926T182617+0900"
      }, {
        "lat" : 35.685345,
        "lon" : 139.76476,
        "time" : "20170926T182649+0900"
      }, {
        "lat" : 35.685263,
        "lon" : 139.76473,
        "time" : "20170926T182710+0900"
      }, {
        "lat" : 35.685448,
        "lon" : 139.76482,
        "time" : "20170926T182735+0900"
      }, {
        "lat" : 35.686079,
        "lon" : 139.76515,
        "time" : "20170926T182917+0900"
      } ]
    }, {
      "activity" : "transport",
      "group" : "transport",
      "manual" : false,
      "startTime" : "20170926T182917+0900",
      "endTime" : "20170926T185248+0900",
      "duration" : 1411.0,
      "distance" : 9051.0,
      "trackPoints" : [ {
        "lat" : 35.686079,
        "lon" : 139.76515,
        "time" : "20170926T182917+0900"
      }, {
        "lat" : 35.72155,
        "lon" : 139.78344,
        "time" : "20170926T184207+0900"
      }, {
        "lat" : 35.748385,
        "lon" : 139.80408,
        "time" : "20170926T185205+0900"
      }, {
        "lat" : 35.74906,
        "lon" : 139.80429,
        "time" : "20170926T185249+0900"
      } ]
    }, {
      "activity" : "walking",
      "group" : "walking",
      "manual" : false,
      "startTime" : "20170926T185249+0900",
      "endTime" : "20170926T185519+0900",
      "duration" : 150.0,
      "distance" : 159.0,
      "steps" : 232,
      "calories" : 9,
      "trackPoints" : [ {
        "lat" : 35.74906,
        "lon" : 139.80429,
        "time" : "20170926T185249+0900"
      }, {
        "lat" : 35.749452,
        "lon" : 139.80442,
        "time" : "20170926T185321+0900"
      }, {
        "lat" : 35.749408,
        "lon" : 139.80456,
        "time" : "20170926T185349+0900"
      }, {
        "lat" : 35.749592,
        "lon" : 139.80442,
        "time" : "20170926T185405+0900"
      }, {
        "lat" : 35.749844,
        "lon" : 139.80444,
        "time" : "20170926T185426+0900"
      }, {
        "lat" : 35.749788,
        "lon" : 139.80422,
        "time" : "20170926T185503+0900"
      }, {
        "lat" : 35.749887,
        "lon" : 139.80438,
        "time" : "20170926T185519+0900"
      } ]
    } ],
    "lastUpdate" : "20170926T105227Z"
  }, {
    "type" : "place",
    "startTime" : "20170926T185519+0900",
    "endTime" : "20170926T190405+0900",
    "place" : {
      "id" : 525880396,
      "type" : "unknown",
      "location" : {
        "lat" : 35.749887,
        "lon" : 139.80438
      }
    },
    "activities" : [ {
      "activity" : "walking",
      "group" : "walking",
      "manual" : false,
      "startTime" : "20170926T185519+0900",
      "endTime" : "20170926T185548+0900",
      "duration" : 29.0,
      "distance" : 21.0,
      "steps" : 42,
      "calories" : 1,
      "trackPoints" : [ ]
    }, {
      "activity" : "walking",
      "group" : "walking",
      "manual" : false,
      "startTime" : "20170926T190108+0900",
      "endTime" : "20170926T190159+0900",
      "duration" : 51.0,
      "distance" : 38.0,
      "steps" : 77,
      "calories" : 2,
      "trackPoints" : [ ]
    } ],
    "lastUpdate" : "20170926T105227Z"
  }, {
    "type" : "move",
    "startTime" : "20170926T190405+0900",
    "endTime" : "20170926T190931+0900",
    "activities" : [ {
      "activity" : "walking",
      "group" : "walking",
      "manual" : false,
      "startTime" : "20170926T190405+0900",
      "endTime" : "20170926T190931+0900",
      "duration" : 326.0,
      "distance" : 318.0,
      "steps" : 440,
      "calories" : 18,
      "trackPoints" : [ {
        "lat" : 35.749887,
        "lon" : 139.80438,
        "time" : "20170926T190405+0900"
      }, {
        "lat" : 35.74978,
        "lon" : 139.80423,
        "time" : "20170926T190427+0900"
      }, {
        "lat" : 35.749569,
        "lon" : 139.80443,
        "time" : "20170926T190451+0900"
      }, {
        "lat" : 35.749875,
        "lon" : 139.80444,
        "time" : "20170926T190518+0900"
      }, {
        "lat" : 35.750078,
        "lon" : 139.80403,
        "time" : "20170926T190542+0900"
      }, {
        "lat" : 35.75013,
        "lon" : 139.80384,
        "time" : "20170926T190559+0900"
      }, {
        "lat" : 35.750209,
        "lon" : 139.80395,
        "time" : "20170926T190623+0900"
      }, {
        "lat" : 35.750466,
        "lon" : 139.8043,
        "time" : "20170926T190640+0900"
      }, {
        "lat" : 35.750583,
        "lon" : 139.80401,
        "time" : "20170926T190659+0900"
      }, {
        "lat" : 35.750684,
        "lon" : 139.80357,
        "time" : "20170926T190723+0900"
      }, {
        "lat" : 35.750764,
        "lon" : 139.80327,
        "time" : "20170926T190751+0900"
      }, {
        "lat" : 35.750802,
        "lon" : 139.80319,
        "time" : "20170926T190811+0900"
      }, {
        "lat" : 35.75081,
        "lon" : 139.80315,
        "time" : "20170926T190828+0900"
      }, {
        "lat" : 35.750806,
        "lon" : 139.80314,
        "time" : "20170926T190846+0900"
      }, {
        "lat" : 35.7508,
        "lon" : 139.80317,
        "time" : "20170926T190904+0900"
      }, {
        "lat" : 35.750827,
        "lon" : 139.80317,
        "time" : "20170926T190931+0900"
      } ]
    } ],
    "lastUpdate" : "20170926T105227Z"
  }, {
    "type" : "place",
    "startTime" : "20170926T190931+0900",
    "endTime" : "20170926T201820+0900",
    "place" : {
      "id" : 525880397,
      "type" : "unknown",
      "location" : {
        "lat" : 35.750827,
        "lon" : 139.80317
      }
    },
    "activities" : [ {
      "activity" : "walking",
      "group" : "walking",
      "manual" : false,
      "startTime" : "20170926T200150+0900",
      "endTime" : "20170926T200323+0900",
      "duration" : 93.0,
      "distance" : 62.0,
      "steps" : 124,
      "calories" : 3,
      "trackPoints" : [ ]
    } ],
    "lastUpdate" : "20170926T122743Z"
  }, {
    "type" : "move",
    "startTime" : "20170926T201820+0900",
    "endTime" : "20170926T202200+0900",
    "activities" : [ {
      "activity" : "walking",
      "group" : "walking",
      "manual" : false,
      "startTime" : "20170926T201820+0900",
      "endTime" : "20170926T202159+0900",
      "duration" : 219.0,
      "distance" : 170.0,
      "steps" : 194,
      "calories" : 9,
      "trackPoints" : [ {
        "lat" : 35.750827,
        "lon" : 139.80317,
        "time" : "20170926T201820+0900"
      }, {
        "lat" : 35.750797,
        "lon" : 139.80304,
        "time" : "20170926T201846+0900"
      }, {
        "lat" : 35.750801,
        "lon" : 139.80301,
        "time" : "20170926T201907+0900"
      }, {
        "lat" : 35.750794,
        "lon" : 139.80297,
        "time" : "20170926T201931+0900"
      }, {
        "lat" : 35.750628,
        "lon" : 139.80294,
        "time" : "20170926T201949+0900"
      }, {
        "lat" : 35.7503,
        "lon" : 139.80274,
        "time" : "20170926T202026+0900"
      }, {
        "lat" : 35.750346,
        "lon" : 139.80222,
        "time" : "20170926T202132+0900"
      }, {
        "lat" : 35.75027,
        "lon" : 139.80187,
        "time" : "20170926T202200+0900"
      } ]
    } ],
    "lastUpdate" : "20170926T122743Z"
  }, {
    "type" : "place",
    "startTime" : "20170926T202200+0900",
    "endTime" : "20170926T221939+0900",
    "place" : {
      "id" : 525949378,
      "type" : "unknown",
      "location" : {
        "lat" : 35.750387,
        "lon" : 139.80222
      }
    },
    "activities" : [ {
      "activity" : "walking",
      "group" : "walking",
      "manual" : false,
      "startTime" : "20170926T202200+0900",
      "endTime" : "20170926T202445+0900",
      "duration" : 165.0,
      "distance" : 165.0,
      "steps" : 221,
      "calories" : 9,
      "trackPoints" : [ ]
    }, {
      "activity" : "walking",
      "group" : "walking",
      "manual" : false,
      "startTime" : "20170926T221415+0900",
      "endTime" : "20170926T221550+0900",
      "duration" : 95.0,
      "distance" : 67.0,
      "steps" : 135,
      "calories" : 4,
      "trackPoints" : [ ]
    } ],
    "lastUpdate" : "20170926T140115Z"
  }, {
    "type" : "move",
    "startTime" : "20170926T221939+0900",
    "endTime" : "20170926T222443+0900",
    "activities" : [ {
      "activity" : "walking",
      "group" : "walking",
      "manual" : false,
      "startTime" : "20170926T221939+0900",
      "endTime" : "20170926T222443+0900",
      "duration" : 304.0,
      "distance" : 254.0,
      "steps" : 454,
      "calories" : 14,
      "trackPoints" : [ {
        "lat" : 35.750387,
        "lon" : 139.80222,
        "time" : "20170926T221939+0900"
      }, {
        "lat" : 35.750328,
        "lon" : 139.80217,
        "time" : "20170926T222002+0900"
      }, {
        "lat" : 35.750325,
        "lon" : 139.80216,
        "time" : "20170926T222022+0900"
      }, {
        "lat" : 35.750334,
        "lon" : 139.8022,
        "time" : "20170926T222040+0900"
      }, {
        "lat" : 35.750391,
        "lon" : 139.8024,
        "time" : "20170926T222103+0900"
      }, {
        "lat" : 35.75039,
        "lon" : 139.80263,
        "time" : "20170926T222128+0900"
      }, {
        "lat" : 35.750364,
        "lon" : 139.80285,
        "time" : "20170926T222146+0900"
      }, {
        "lat" : 35.750463,
        "lon" : 139.803,
        "time" : "20170926T222202+0900"
      }, {
        "lat" : 35.7503,
        "lon" : 139.80316,
        "time" : "20170926T222222+0900"
      }, {
        "lat" : 35.750104,
        "lon" : 139.8035,
        "time" : "20170926T222248+0900"
      }, {
        "lat" : 35.749985,
        "lon" : 139.80363,
        "time" : "20170926T222305+0900"
      }, {
        "lat" : 35.749703,
        "lon" : 139.80369,
        "time" : "20170926T222329+0900"
      }, {
        "lat" : 35.749549,
        "lon" : 139.80389,
        "time" : "20170926T222358+0900"
      }, {
        "lat" : 35.749535,
        "lon" : 139.80408,
        "time" : "20170926T222415+0900"
      }, {
        "lat" : 35.749559,
        "lon" : 139.8042,
        "time" : "20170926T222443+0900"
      } ]
    } ],
    "lastUpdate" : "20170926T140115Z"
  }, {
    "type" : "place",
    "startTime" : "20170926T222443+0900",
    "endTime" : "20170926T231202+0900",
    "place" : {
      "id" : 525949379,
      "type" : "unknown",
      "location" : {
        "lat" : 35.749559,
        "lon" : 139.8042
      }
    },
    "activities" : [ {
      "activity" : "walking",
      "group" : "walking",
      "manual" : false,
      "startTime" : "20170926T222443+0900",
      "endTime" : "20170926T222504+0900",
      "duration" : 21.0,
      "distance" : 14.0,
      "steps" : 28,
      "calories" : 1,
      "trackPoints" : [ ]
    }, {
      "activity" : "walking",
      "group" : "walking",
      "manual" : false,
      "startTime" : "20170926T230946+0900",
      "endTime" : "20170926T231138+0900",
      "duration" : 112.0,
      "distance" : 80.0,
      "steps" : 161,
      "calories" : 4,
      "trackPoints" : [ ]
    } ],
    "lastUpdate" : "20170926T153304Z"
  }, {
    "type" : "move",
    "startTime" : "20170926T231202+0900",
    "endTime" : "20170927T000342+0900",
    "activities" : [ {
      "activity" : "transport",
      "group" : "transport",
      "manual" : false,
      "startTime" : "20170926T231202+0900",
      "endTime" : "20170926T233402+0900",
      "duration" : 1320.0,
      "distance" : 11480.0,
      "trackPoints" : [ {
        "lat" : 35.749559,
        "lon" : 139.8042,
        "time" : "20170926T231202+0900"
      }, {
        "lat" : 35.74909,
        "lon" : 139.80281,
        "time" : "20170926T231232+0900"
      }, {
        "lat" : 35.737573,
        "lon" : 139.78285,
        "time" : "20170926T231807+0900"
      }, {
        "lat" : 35.725947,
        "lon" : 139.76342,
        "time" : "20170926T232239+0900"
      }, {
        "lat" : 35.724898,
        "lon" : 139.76306,
        "time" : "20170926T232301+0900"
      }, {
        "lat" : 35.724878,
        "lon" : 139.76305,
        "time" : "20170926T232316+0900"
      }, {
        "lat" : 35.676991,
        "lon" : 139.75946,
        "time" : "20170926T233403+0900"
      } ]
    }, {
      "activity" : "walking",
      "group" : "walking",
      "manual" : false,
      "startTime" : "20170926T233403+0900",
      "endTime" : "20170926T234133+0900",
      "duration" : 450.0,
      "distance" : 751.0,
      "steps" : 761,
      "calories" : 42,
      "trackPoints" : [ {
        "lat" : 35.676991,
        "lon" : 139.75946,
        "time" : "20170926T233403+0900"
      }, {
        "lat" : 35.674058,
        "lon" : 139.75872,
        "time" : "20170926T233543+0900"
      }, {
        "lat" : 35.67446,
        "lon" : 139.75911,
        "time" : "20170926T233601+0900"
      }, {
        "lat" : 35.67454,
        "lon" : 139.75924,
        "time" : "20170926T233627+0900"
      }, {
        "lat" : 35.674309,
        "lon" : 139.75904,
        "time" : "20170926T233653+0900"
      }, {
        "lat" : 35.674786,
        "lon" : 139.75954,
        "time" : "20170926T233745+0900"
      }, {
        "lat" : 35.674955,
        "lon" : 139.75972,
        "time" : "20170926T233801+0900"
      }, {
        "lat" : 35.675406,
        "lon" : 139.76019,
        "time" : "20170926T233848+0900"
      }, {
        "lat" : 35.675471,
        "lon" : 139.76023,
        "time" : "20170926T233909+0900"
      }, {
        "lat" : 35.675492,
        "lon" : 139.76019,
        "time" : "20170926T233925+0900"
      }, {
        "lat" : 35.675611,
        "lon" : 139.75962,
        "time" : "20170926T234134+0900"
      } ]
    }, {
      "activity" : "transport",
      "group" : "transport",
      "manual" : false,
      "startTime" : "20170926T234134+0900",
      "endTime" : "20170926T235904+0900",
      "duration" : 1050.0,
      "distance" : 6629.0,
      "trackPoints" : [ {
        "lat" : 35.675611,
        "lon" : 139.75962,
        "time" : "20170926T234134+0900"
      }, {
        "lat" : 35.677195,
        "lon" : 139.75214,
        "time" : "20170926T234521+0900"
      }, {
        "lat" : 35.693268,
        "lon" : 139.74193,
        "time" : "20170926T235056+0900"
      }, {
        "lat" : 35.718262,
        "lon" : 139.72787,
        "time" : "20170926T235905+0900"
      } ]
    }, {
      "activity" : "walking",
      "group" : "walking",
      "manual" : false,
      "startTime" : "20170926T235905+0900",
      "endTime" : "20170926T235959+0900",
      "duration" : 54.0,
      "distance" : 45.0,
      "steps" : 81,
      "calories" : 2,
      "trackPoints" : [ {
        "lat" : 35.718262,
        "lon" : 139.72787,
        "time" : "20170926T235905+0900"
      }, {
        "lat" : 35.718442,
        "lon" : 139.72778,
        "time" : "20170926T235920+0900"
      }, {
        "lat" : 35.718315,
        "lon" : 139.72787,
        "time" : "20170926T235946+0900"
      }, {
        "lat" : 35.718296,
        "lon" : 139.72788,
        "time" : "20170926T235959+0900"
      } ]
    } ],
    "lastUpdate" : "20170926T153304Z"
  } ],
  "caloriesIdle" : 1596,
  "lastUpdate" : "20170926T153304Z"
}, {
  "date" : "20170927",
  "summary" : [ {
    "activity" : "walking",
    "group" : "walking",
    "duration" : 4037.0,
    "distance" : 4075.0,
    "steps" : 5711,
    "calories" : 226
  }, {
    "activity" : "transport",
    "group" : "transport",
    "duration" : 16084.0,
    "distance" : 1059148.0
  } ],
  "segments" : [ {
    "type" : "move",
    "startTime" : "20170926T231202+0900",
    "endTime" : "20170927T000342+0900",
    "activities" : [ {
      "activity" : "walking",
      "group" : "walking",
      "manual" : false,
      "startTime" : "20170927T000000+0900",
      "endTime" : "20170927T000342+0900",
      "duration" : 222.0,
      "distance" : 200.0,
      "steps" : 330,
      "calories" : 11,
      "trackPoints" : [ {
        "lat" : 35.718296,
        "lon" : 139.72788,
        "time" : "20170927T000000+0900"
      }, {
        "lat" : 35.718285,
        "lon" : 139.72789,
        "time" : "20170927T000007+0900"
      }, {
        "lat" : 35.718272,
        "lon" : 139.7279,
        "time" : "20170927T000027+0900"
      }, {
        "lat" : 35.718253,
        "lon" : 139.7279,
        "time" : "20170927T000049+0900"
      }, {
        "lat" : 35.718203,
        "lon" : 139.72791,
        "time" : "20170927T000111+0900"
      }, {
        "lat" : 35.718075,
        "lon" : 139.72794,
        "time" : "20170927T000131+0900"
      }, {
        "lat" : 35.717958,
        "lon" : 139.72799,
        "time" : "20170927T000146+0900"
      }, {
        "lat" : 35.717565,
        "lon" : 139.72818,
        "time" : "20170927T000206+0900"
      }, {
        "lat" : 35.71724,
        "lon" : 139.72835,
        "time" : "20170927T000232+0900"
      }, {
        "lat" : 35.717071,
        "lon" : 139.72842,
        "time" : "20170927T000252+0900"
      }, {
        "lat" : 35.717007,
        "lon" : 139.72842,
        "time" : "20170927T000307+0900"
      }, {
        "lat" : 35.716781,
        "lon" : 139.72804,
        "time" : "20170927T000342+0900"
      } ]
    } ],
    "lastUpdate" : "20170926T153304Z"
  }, {
    "type" : "place",
    "startTime" : "20170927T000342+0900",
    "endTime" : "20170927T111011+0900",
    "place" : {
      "id" : 105416472,
      "type" : "unknown",
      "location" : {
        "lat" : 35.7167813087,
        "lon" : 139.7280424577
      }
    },
    "activities" : [ {
      "activity" : "walking",
      "group" : "walking",
      "manual" : false,
      "startTime" : "20170927T000342+0900",
      "endTime" : "20170927T000415+0900",
      "duration" : 33.0,
      "distance" : 22.0,
      "steps" : 45,
      "calories" : 1,
      "trackPoints" : [ ]
    }, {
      "activity" : "walking",
      "group" : "walking",
      "manual" : false,
      "startTime" : "20170927T104936+0900",
      "endTime" : "20170927T104942+0900",
      "duration" : 6.0,
      "distance" : 4.0,
      "steps" : 9,
      "calories" : 0,
      "trackPoints" : [ ]
    }, {
      "activity" : "walking",
      "group" : "walking",
      "manual" : false,
      "startTime" : "20170927T110113+0900",
      "endTime" : "20170927T110642+0900",
      "duration" : 329.0,
      "distance" : 414.0,
      "steps" : 553,
      "calories" : 23,
      "trackPoints" : [ ]
    } ],
    "lastUpdate" : "20170927T022333Z"
  }, {
    "type" : "move",
    "startTime" : "20170927T111011+0900",
    "endTime" : "20170927T112052+0900",
    "activities" : [ {
      "activity" : "transport",
      "group" : "transport",
      "manual" : false,
      "startTime" : "20170927T111011+0900",
      "endTime" : "20170927T111717+0900",
      "duration" : 426.0,
      "distance" : 2545.0,
      "trackPoints" : [ {
        "lat" : 35.716781,
        "lon" : 139.72804,
        "time" : "20170927T111011+0900"
      }, {
        "lat" : 35.701813,
        "lon" : 139.74365,
        "time" : "20170927T111653+0900"
      }, {
        "lat" : 35.701837,
        "lon" : 139.74401,
        "time" : "20170927T111718+0900"
      } ]
    }, {
      "activity" : "walking",
      "group" : "walking",
      "manual" : false,
      "startTime" : "20170927T111718+0900",
      "endTime" : "20170927T112051+0900",
      "duration" : 213.0,
      "distance" : 150.0,
      "steps" : 272,
      "calories" : 8,
      "trackPoints" : [ {
        "lat" : 35.701837,
        "lon" : 139.74401,
        "time" : "20170927T111718+0900"
      }, {
        "lat" : 35.70184,
        "lon" : 139.744,
        "time" : "20170927T111824+0900"
      }, {
        "lat" : 35.701897,
        "lon" : 139.74471,
        "time" : "20170927T111931+0900"
      }, {
        "lat" : 35.702038,
        "lon" : 139.74542,
        "time" : "20170927T112052+0900"
      } ]
    } ],
    "lastUpdate" : "20170927T022333Z"
  }, {
    "type" : "place",
    "startTime" : "20170927T112052+0900",
    "endTime" : "20170927T112534+0900",
    "place" : {
      "id" : 238725274,
      "type" : "unknown",
      "location" : {
        "lat" : 35.695565,
        "lon" : 139.75192
      }
    },
    "activities" : [ {
      "activity" : "walking",
      "group" : "walking",
      "manual" : false,
      "startTime" : "20170927T112052+0900",
      "endTime" : "20170927T112227+0900",
      "duration" : 95.0,
      "distance" : 84.0,
      "steps" : 169,
      "calories" : 5,
      "trackPoints" : [ ]
    } ],
    "lastUpdate" : "20170927T035541Z"
  }, {
    "type" : "move",
    "startTime" : "20170927T112534+0900",
    "endTime" : "20170927T113920+0900",
    "activities" : [ {
      "activity" : "transport",
      "group" : "transport",
      "manual" : false,
      "startTime" : "20170927T112534+0900",
      "endTime" : "20170927T113549+0900",
      "duration" : 615.0,
      "distance" : 3814.0,
      "trackPoints" : [ {
        "lat" : 35.695565,
        "lon" : 139.75192,
        "time" : "20170927T112534+0900"
      }, {
        "lat" : 35.682621,
        "lon" : 139.77333,
        "time" : "20170927T113239+0900"
      }, {
        "lat" : 35.68248,
        "lon" : 139.77339,
        "time" : "20170927T113304+0900"
      }, {
        "lat" : 35.682433,
        "lon" : 139.7734,
        "time" : "20170927T113327+0900"
      }, {
        "lat" : 35.682465,
        "lon" : 139.77339,
        "time" : "20170927T113344+0900"
      }, {
        "lat" : 35.682459,
        "lon" : 139.77338,
        "time" : "20170927T113401+0900"
      }, {
        "lat" : 35.679392,
        "lon" : 139.77126,
        "time" : "20170927T113418+0900"
      }, {
        "lat" : 35.679389,
        "lon" : 139.77126,
        "time" : "20170927T113439+0900"
      }, {
        "lat" : 35.682773,
        "lon" : 139.77407,
        "time" : "20170927T113508+0900"
      }, {
        "lat" : 35.682776,
        "lon" : 139.77349,
        "time" : "20170927T113527+0900"
      }, {
        "lat" : 35.682901,
        "lon" : 139.77291,
        "time" : "20170927T113550+0900"
      } ]
    }, {
      "activity" : "walking",
      "group" : "walking",
      "manual" : false,
      "startTime" : "20170927T113550+0900",
      "endTime" : "20170927T113920+0900",
      "duration" : 210.0,
      "distance" : 317.0,
      "steps" : 390,
      "calories" : 18,
      "trackPoints" : [ {
        "lat" : 35.682901,
        "lon" : 139.77291,
        "time" : "20170927T113550+0900"
      }, {
        "lat" : 35.682924,
        "lon" : 139.77243,
        "time" : "20170927T113619+0900"
      }, {
        "lat" : 35.683066,
        "lon" : 139.7725,
        "time" : "20170927T113644+0900"
      }, {
        "lat" : 35.683142,
        "lon" : 139.77222,
        "time" : "20170927T113700+0900"
      }, {
        "lat" : 35.683288,
        "lon" : 139.77183,
        "time" : "20170927T113717+0900"
      }, {
        "lat" : 35.683407,
        "lon" : 139.77134,
        "time" : "20170927T113743+0900"
      }, {
        "lat" : 35.683389,
        "lon" : 139.77097,
        "time" : "20170927T113800+0900"
      }, {
        "lat" : 35.682963,
        "lon" : 139.77062,
        "time" : "20170927T113838+0900"
      }, {
        "lat" : 35.682766,
        "lon" : 139.77057,
        "time" : "20170927T113901+0900"
      }, {
        "lat" : 35.682744,
        "lon" : 139.77031,
        "time" : "20170927T113920+0900"
      } ]
    } ],
    "lastUpdate" : "20170927T035541Z"
  }, {
    "type" : "place",
    "startTime" : "20170927T113920+0900",
    "endTime" : "20170927T120221+0900",
    "place" : {
      "id" : 257143562,
      "type" : "unknown",
      "location" : {
        "lat" : 35.682744,
        "lon" : 139.77031
      }
    },
    "activities" : [ {
      "activity" : "walking",
      "group" : "walking",
      "manual" : false,
      "startTime" : "20170927T113920+0900",
      "endTime" : "20170927T113953+0900",
      "duration" : 33.0,
      "distance" : 22.0,
      "steps" : 44,
      "calories" : 1,
      "trackPoints" : [ ]
    }, {
      "activity" : "walking",
      "group" : "walking",
      "manual" : false,
      "startTime" : "20170927T120150+0900",
      "endTime" : "20170927T120159+0900",
      "duration" : 9.0,
      "distance" : 6.0,
      "steps" : 13,
      "calories" : 0,
      "trackPoints" : [ ]
    } ],
    "lastUpdate" : "20170927T052617Z"
  }, {
    "type" : "move",
    "startTime" : "20170927T120221+0900",
    "endTime" : "20170927T131412+0900",
    "activities" : [ {
      "activity" : "transport",
      "group" : "transport",
      "manual" : false,
      "startTime" : "20170927T120221+0900",
      "endTime" : "20170927T131412+0900",
      "duration" : 4311.0,
      "distance" : 81749.0,
      "trackPoints" : [ {
        "lat" : 35.682744,
        "lon" : 139.77031,
        "time" : "20170927T120221+0900"
      }, {
        "lat" : 35.681986,
        "lon" : 139.76983,
        "time" : "20170927T120244+0900"
      }, {
        "lat" : 35.681444,
        "lon" : 139.76956,
        "time" : "20170927T120301+0900"
      }, {
        "lat" : 35.680639,
        "lon" : 139.76934,
        "time" : "20170927T120323+0900"
      }, {
        "lat" : 35.679944,
        "lon" : 139.77012,
        "time" : "20170927T120343+0900"
      }, {
        "lat" : 35.679674,
        "lon" : 139.77136,
        "time" : "20170927T120400+0900"
      }, {
        "lat" : 35.67955,
        "lon" : 139.77126,
        "time" : "20170927T120425+0900"
      }, {
        "lat" : 35.679447,
        "lon" : 139.77136,
        "time" : "20170927T120446+0900"
      }, {
        "lat" : 35.679401,
        "lon" : 139.77147,
        "time" : "20170927T120502+0900"
      }, {
        "lat" : 35.67924,
        "lon" : 139.77185,
        "time" : "20170927T120521+0900"
      }, {
        "lat" : 35.678852,
        "lon" : 139.77273,
        "time" : "20170927T120538+0900"
      }, {
        "lat" : 35.678666,
        "lon" : 139.77326,
        "time" : "20170927T120609+0900"
      }, {
        "lat" : 35.678288,
        "lon" : 139.7744,
        "time" : "20170927T120630+0900"
      }, {
        "lat" : 35.678333,
        "lon" : 139.77475,
        "time" : "20170927T120655+0900"
      }, {
        "lat" : 35.680485,
        "lon" : 139.77634,
        "time" : "20170927T120720+0900"
      }, {
        "lat" : 35.683062,
        "lon" : 139.77799,
        "time" : "20170927T120742+0900"
      }, {
        "lat" : 35.683857,
        "lon" : 139.77882,
        "time" : "20170927T120757+0900"
      }, {
        "lat" : 35.682521,
        "lon" : 139.78013,
        "time" : "20170927T120855+0900"
      }, {
        "lat" : 35.682139,
        "lon" : 139.78039,
        "time" : "20170927T120915+0900"
      }, {
        "lat" : 35.681287,
        "lon" : 139.78115,
        "time" : "20170927T120941+0900"
      }, {
        "lat" : 35.680122,
        "lon" : 139.78276,
        "time" : "20170927T121021+0900"
      }, {
        "lat" : 35.680103,
        "lon" : 139.78784,
        "time" : "20170927T121057+0900"
      }, {
        "lat" : 35.676992,
        "lon" : 139.79364,
        "time" : "20170927T121126+0900"
      }, {
        "lat" : 35.673543,
        "lon" : 139.79736,
        "time" : "20170927T121158+0900"
      }, {
        "lat" : 35.672492,
        "lon" : 139.80286,
        "time" : "20170927T121218+0900"
      }, {
        "lat" : 35.667009,
        "lon" : 139.80523,
        "time" : "20170927T121252+0900"
      }, {
        "lat" : 35.663747,
        "lon" : 139.80561,
        "time" : "20170927T121308+0900"
      }, {
        "lat" : 35.659712,
        "lon" : 139.80759,
        "time" : "20170927T121331+0900"
      }, {
        "lat" : 35.652027,
        "lon" : 139.81215,
        "time" : "20170927T121417+0900"
      }, {
        "lat" : 35.647613,
        "lon" : 139.81265,
        "time" : "20170927T121438+0900"
      }, {
        "lat" : 35.645445,
        "lon" : 139.81541,
        "time" : "20170927T121459+0900"
      }, {
        "lat" : 35.64635,
        "lon" : 139.82984,
        "time" : "20170927T121600+0900"
      }, {
        "lat" : 35.646895,
        "lon" : 139.8519,
        "time" : "20170927T121721+0900"
      }, {
        "lat" : 35.645285,
        "lon" : 139.86097,
        "time" : "20170927T121753+0900"
      }, {
        "lat" : 35.643342,
        "lon" : 139.86639,
        "time" : "20170927T121812+0900"
      }, {
        "lat" : 35.641611,
        "lon" : 139.87104,
        "time" : "20170927T121831+0900"
      }, {
        "lat" : 35.640967,
        "lon" : 139.8919,
        "time" : "20170927T121959+0900"
      }, {
        "lat" : 35.647502,
        "lon" : 139.8998,
        "time" : "20170927T122037+0900"
      }, {
        "lat" : 35.662435,
        "lon" : 139.91751,
        "time" : "20170927T122210+0900"
      }, {
        "lat" : 35.674482,
        "lon" : 139.92937,
        "time" : "20170927T122323+0900"
      }, {
        "lat" : 35.677434,
        "lon" : 139.93319,
        "time" : "20170927T122340+0900"
      }, {
        "lat" : 35.667071,
        "lon" : 140.01446,
        "time" : "20170927T122950+0900"
      }, {
        "lat" : 35.659947,
        "lon" : 140.02844,
        "time" : "20170927T123104+0900"
      }, {
        "lat" : 35.642865,
        "lon" : 140.07809,
        "time" : "20170927T123448+0900"
      }, {
        "lat" : 35.659438,
        "lon" : 140.1,
        "time" : "20170927T123644+0900"
      }, {
        "lat" : 35.664648,
        "lon" : 140.10987,
        "time" : "20170927T123731+0900"
      }, {
        "lat" : 35.691687,
        "lon" : 140.2471,
        "time" : "20170927T124633+0900"
      }, {
        "lat" : 35.781955,
        "lon" : 140.34909,
        "time" : "20170927T125618+0900"
      }, {
        "lat" : 35.777097,
        "lon" : 140.38286,
        "time" : "20170927T125908+0900"
      }, {
        "lat" : 35.777519,
        "lon" : 140.3833,
        "time" : "20170927T125923+0900"
      }, {
        "lat" : 35.775651,
        "lon" : 140.38623,
        "time" : "20170927T125951+0900"
      }, {
        "lat" : 35.775233,
        "lon" : 140.38659,
        "time" : "20170927T125959+0900"
      }, {
        "lat" : 35.775233,
        "lon" : 140.38659,
        "time" : "20170927T130000+0900"
      }, {
        "lat" : 35.774268,
        "lon" : 140.38743,
        "time" : "20170927T130020+0900"
      }, {
        "lat" : 35.774649,
        "lon" : 140.3867,
        "time" : "20170927T130048+0900"
      }, {
        "lat" : 35.774642,
        "lon" : 140.38671,
        "time" : "20170927T130115+0900"
      }, {
        "lat" : 35.773788,
        "lon" : 140.38703,
        "time" : "20170927T130134+0900"
      }, {
        "lat" : 35.772016,
        "lon" : 140.38801,
        "time" : "20170927T130155+0900"
      }, {
        "lat" : 35.770325,
        "lon" : 140.38963,
        "time" : "20170927T130238+0900"
      }, {
        "lat" : 35.763914,
        "lon" : 140.3888,
        "time" : "20170927T130422+0900"
      }, {
        "lat" : 35.763724,
        "lon" : 140.38666,
        "time" : "20170927T130444+0900"
      }, {
        "lat" : 35.765034,
        "lon" : 140.38506,
        "time" : "20170927T130601+0900"
      }, {
        "lat" : 35.765086,
        "lon" : 140.38518,
        "time" : "20170927T130623+0900"
      }, {
        "lat" : 35.764985,
        "lon" : 140.38554,
        "time" : "20170927T130646+0900"
      }, {
        "lat" : 35.764988,
        "lon" : 140.38613,
        "time" : "20170927T130707+0900"
      }, {
        "lat" : 35.769924,
        "lon" : 140.38525,
        "time" : "20170927T131000+0900"
      }, {
        "lat" : 35.76992,
        "lon" : 140.38547,
        "time" : "20170927T131025+0900"
      }, {
        "lat" : 35.770287,
        "lon" : 140.38741,
        "time" : "20170927T131203+0900"
      }, {
        "lat" : 35.777806,
        "lon" : 140.38363,
        "time" : "20170927T131412+0900"
      } ]
    } ],
    "lastUpdate" : "20170927T052617Z"
  }, {
    "type" : "move",
    "startTime" : "20170927T131413+0900",
    "endTime" : "20170927T132315+0900",
    "activities" : [ {
      "activity" : "walking",
      "group" : "walking",
      "manual" : false,
      "startTime" : "20170927T131413+0900",
      "endTime" : "20170927T132315+0900",
      "duration" : 542.0,
      "distance" : 298.0,
      "steps" : 597,
      "calories" : 17,
      "trackPoints" : [ {
        "lat" : 35.777259,
        "lon" : 140.38336,
        "time" : "20170927T131413+0900"
      }, {
        "lat" : 35.77759,
        "lon" : 140.3833,
        "time" : "20170927T131449+0900"
      }, {
        "lat" : 35.777659,
        "lon" : 140.38337,
        "time" : "20170927T131506+0900"
      }, {
        "lat" : 35.777714,
        "lon" : 140.38349,
        "time" : "20170927T131522+0900"
      }, {
        "lat" : 35.77775,
        "lon" : 140.38357,
        "time" : "20170927T131538+0900"
      }, {
        "lat" : 35.778057,
        "lon" : 140.38405,
        "time" : "20170927T131722+0900"
      }, {
        "lat" : 35.778069,
        "lon" : 140.38407,
        "time" : "20170927T131737+0900"
      }, {
        "lat" : 35.778152,
        "lon" : 140.38414,
        "time" : "20170927T131759+0900"
      }, {
        "lat" : 35.778208,
        "lon" : 140.3842,
        "time" : "20170927T131814+0900"
      }, {
        "lat" : 35.778225,
        "lon" : 140.38422,
        "time" : "20170927T131829+0900"
      }, {
        "lat" : 35.778179,
        "lon" : 140.38419,
        "time" : "20170927T131925+0900"
      }, {
        "lat" : 35.778397,
        "lon" : 140.38427,
        "time" : "20170927T132211+0900"
      }, {
        "lat" : 35.77839,
        "lon" : 140.38436,
        "time" : "20170927T132315+0900"
      } ]
    } ],
    "lastUpdate" : "20170927T082742Z"
  }, {
    "type" : "place",
    "startTime" : "20170927T132316+0900",
    "endTime" : "20170927T142306+0900",
    "place" : {
      "id" : 208009206,
      "type" : "unknown",
      "location" : {
        "lat" : 35.7783898025,
        "lon" : 140.3843630798
      }
    },
    "activities" : [ {
      "activity" : "walking",
      "group" : "walking",
      "manual" : false,
      "startTime" : "20170927T133309+0900",
      "endTime" : "20170927T133527+0900",
      "duration" : 138.0,
      "distance" : 150.0,
      "steps" : 201,
      "calories" : 8,
      "trackPoints" : [ ]
    }, {
      "activity" : "walking",
      "group" : "walking",
      "manual" : false,
      "startTime" : "20170927T140344+0900",
      "endTime" : "20170927T140611+0900",
      "duration" : 147.0,
      "distance" : 157.0,
      "steps" : 210,
      "calories" : 9,
      "trackPoints" : [ ]
    } ],
    "lastUpdate" : "20170927T082742Z"
  }, {
    "type" : "move",
    "startTime" : "20170927T142306+0900",
    "endTime" : "20170927T143317+0900",
    "activities" : [ {
      "activity" : "walking",
      "group" : "walking",
      "manual" : false,
      "startTime" : "20170927T142306+0900",
      "endTime" : "20170927T143317+0900",
      "duration" : 611.0,
      "distance" : 464.0,
      "steps" : 559,
      "calories" : 26,
      "trackPoints" : [ {
        "lat" : 35.77839,
        "lon" : 140.38436,
        "time" : "20170927T142306+0900"
      }, {
        "lat" : 35.778477,
        "lon" : 140.38442,
        "time" : "20170927T142858+0900"
      }, {
        "lat" : 35.781397,
        "lon" : 140.38688,
        "time" : "20170927T143317+0900"
      } ]
    } ],
    "lastUpdate" : "20170927T082742Z"
  }, {
    "type" : "place",
    "startTime" : "20170927T143318+0900",
    "endTime" : "20170927T151049+0900",
    "place" : {
      "id" : 526209909,
      "type" : "unknown",
      "location" : {
        "lat" : 35.781397,
        "lon" : 140.38688
      }
    },
    "activities" : [ {
      "activity" : "walking",
      "group" : "walking",
      "manual" : false,
      "startTime" : "20170927T144812+0900",
      "endTime" : "20170927T145127+0900",
      "duration" : 195.0,
      "distance" : 211.0,
      "steps" : 282,
      "calories" : 12,
      "trackPoints" : [ ]
    }, {
      "activity" : "walking",
      "group" : "walking",
      "manual" : false,
      "startTime" : "20170927T150550+0900",
      "endTime" : "20170927T150556+0900",
      "duration" : 6.0,
      "distance" : 4.0,
      "steps" : 8,
      "calories" : 0,
      "trackPoints" : [ ]
    } ],
    "lastUpdate" : "20170927T082743Z"
  }, {
    "type" : "move",
    "startTime" : "20170927T151049+0900",
    "endTime" : "20170927T164952+0900",
    "activities" : [ {
      "activity" : "transport",
      "group" : "transport",
      "manual" : false,
      "startTime" : "20170927T151049+0900",
      "endTime" : "20170927T164952+0900",
      "duration" : 5943.0,
      "distance" : 910986.0,
      "trackPoints" : [ {
        "lat" : 35.781397,
        "lon" : 140.38688,
        "time" : "20170927T151049+0900"
      }, {
        "lat" : 35.768412,
        "lon" : 140.39811,
        "time" : "20170927T152819+0900"
      }, {
        "lat" : 35.767829,
        "lon" : 140.39737,
        "time" : "20170927T152836+0900"
      }, {
        "lat" : 35.756262,
        "lon" : 140.38552,
        "time" : "20170927T153208+0900"
      }, {
        "lat" : 35.756303,
        "lon" : 140.38547,
        "time" : "20170927T154710+0900"
      }, {
        "lat" : 37.192011,
        "lon" : 140.65192,
        "time" : "20170927T155959+0900"
      }, {
        "lat" : 37.19203,
        "lon" : 140.65192,
        "time" : "20170927T160000+0900"
      }, {
        "lat" : 42.77668,
        "lon" : 141.68834,
        "time" : "20170927T164952+0900"
      } ]
    } ],
    "lastUpdate" : "20170927T082743Z"
  }, {
    "type" : "place",
    "startTime" : "20170927T164952+0900",
    "endTime" : "20170927T170326+0900",
    "place" : {
      "id" : 526209920,
      "type" : "unknown",
      "location" : {
        "lat" : 42.77668,
        "lon" : 141.68834
      }
    },
    "lastUpdate" : "20170927T082743Z"
  }, {
    "type" : "move",
    "startTime" : "20170927T170326+0900",
    "endTime" : "20170927T171009+0900",
    "activities" : [ {
      "activity" : "transport",
      "group" : "transport",
      "manual" : false,
      "startTime" : "20170927T170326+0900",
      "endTime" : "20170927T171009+0900",
      "duration" : 403.0,
      "distance" : 1744.0,
      "trackPoints" : [ {
        "lat" : 42.77668,
        "lon" : 141.68834,
        "time" : "20170927T170326+0900"
      }, {
        "lat" : 42.779091,
        "lon" : 141.68751,
        "time" : "20170927T170344+0900"
      }, {
        "lat" : 42.789063,
        "lon" : 141.67976,
        "time" : "20170927T171009+0900"
      } ]
    } ],
    "lastUpdate" : "20170927T082743Z"
  }, {
    "type" : "place",
    "startTime" : "20170927T171010+0900",
    "endTime" : "20170927T174958+0900",
    "place" : {
      "id" : 526209921,
      "type" : "unknown",
      "location" : {
        "lat" : 42.789063,
        "lon" : 141.67976
      }
    },
    "activities" : [ {
      "activity" : "walking",
      "group" : "walking",
      "manual" : false,
      "startTime" : "20170927T171350+0900",
      "endTime" : "20170927T172238+0900",
      "duration" : 528.0,
      "distance" : 618.0,
      "steps" : 825,
      "calories" : 34,
      "trackPoints" : [ ]
    } ],
    "lastUpdate" : "20170927T100019Z"
  }, {
    "type" : "move",
    "startTime" : "20170927T174958+0900",
    "endTime" : "20170927T185441+0900",
    "activities" : [ {
      "activity" : "transport",
      "group" : "transport",
      "manual" : false,
      "startTime" : "20170927T174958+0900",
      "endTime" : "20170927T185441+0900",
      "duration" : 3883.0,
      "distance" : 56004.0,
      "trackPoints" : [ {
        "lat" : 42.789063,
        "lon" : 141.67976,
        "time" : "20170927T174958+0900"
      }, {
        "lat" : 42.788423,
        "lon" : 141.67619,
        "time" : "20170927T175222+0900"
      }, {
        "lat" : 42.78914,
        "lon" : 141.67594,
        "time" : "20170927T175239+0900"
      }, {
        "lat" : 42.79983,
        "lon" : 141.67499,
        "time" : "20170927T175439+0900"
      }, {
        "lat" : 42.80217,
        "lon" : 141.67579,
        "time" : "20170927T175455+0900"
      }, {
        "lat" : 42.806032,
        "lon" : 141.67637,
        "time" : "20170927T175524+0900"
      }, {
        "lat" : 42.815405,
        "lon" : 141.65158,
        "time" : "20170927T175855+0900"
      }, {
        "lat" : 42.815311,
        "lon" : 141.65119,
        "time" : "20170927T175911+0900"
      }, {
        "lat" : 42.814649,
        "lon" : 141.64677,
        "time" : "20170927T175959+0900"
      }, {
        "lat" : 42.814649,
        "lon" : 141.64677,
        "time" : "20170927T180000+0900"
      }, {
        "lat" : 42.810651,
        "lon" : 141.62011,
        "time" : "20170927T180456+0900"
      }, {
        "lat" : 42.811701,
        "lon" : 141.62074,
        "time" : "20170927T180512+0900"
      }, {
        "lat" : 42.847801,
        "lon" : 141.57754,
        "time" : "20170927T180902+0900"
      }, {
        "lat" : 42.849466,
        "lon" : 141.57314,
        "time" : "20170927T180917+0900"
      }, {
        "lat" : 42.901466,
        "lon" : 141.55046,
        "time" : "20170927T181312+0900"
      }, {
        "lat" : 42.962787,
        "lon" : 141.49748,
        "time" : "20170927T181825+0900"
      }, {
        "lat" : 43.006451,
        "lon" : 141.46672,
        "time" : "20170927T182154+0900"
      }, {
        "lat" : 43.011603,
        "lon" : 141.46545,
        "time" : "20170927T182214+0900"
      }, {
        "lat" : 43.05964,
        "lon" : 141.42492,
        "time" : "20170927T182723+0900"
      }, {
        "lat" : 43.063226,
        "lon" : 141.42379,
        "time" : "20170927T182739+0900"
      }, {
        "lat" : 43.104387,
        "lon" : 141.36832,
        "time" : "20170927T183320+0900"
      }, {
        "lat" : 43.103784,
        "lon" : 141.36399,
        "time" : "20170927T183336+0900"
      }, {
        "lat" : 43.102544,
        "lon" : 141.35495,
        "time" : "20170927T183936+0900"
      }, {
        "lat" : 43.102415,
        "lon" : 141.35494,
        "time" : "20170927T183957+0900"
      }, {
        "lat" : 43.102348,
        "lon" : 141.35437,
        "time" : "20170927T184229+0900"
      }, {
        "lat" : 43.102547,
        "lon" : 141.34844,
        "time" : "20170927T184356+0900"
      }, {
        "lat" : 43.101275,
        "lon" : 141.34574,
        "time" : "20170927T184552+0900"
      }, {
        "lat" : 43.101057,
        "lon" : 141.34458,
        "time" : "20170927T184607+0900"
      }, {
        "lat" : 43.106614,
        "lon" : 141.33981,
        "time" : "20170927T185441+0900"
      } ]
    } ],
    "lastUpdate" : "20170927T100019Z"
  }, {
    "type" : "move",
    "startTime" : "20170927T185442+0900",
    "endTime" : "20170927T190930+0900",
    "activities" : [ {
      "activity" : "transport",
      "group" : "transport",
      "manual" : false,
      "startTime" : "20170927T185442+0900",
      "endTime" : "20170927T190305+0900",
      "duration" : 503.0,
      "distance" : 2306.0,
      "trackPoints" : [ {
        "lat" : 43.106388,
        "lon" : 141.34074,
        "time" : "20170927T185442+0900"
      }, {
        "lat" : 43.106454,
        "lon" : 141.33995,
        "time" : "20170927T185508+0900"
      }, {
        "lat" : 43.106365,
        "lon" : 141.33954,
        "time" : "20170927T185531+0900"
      }, {
        "lat" : 43.096378,
        "lon" : 141.34211,
        "time" : "20170927T185959+0900"
      }, {
        "lat" : 43.096378,
        "lon" : 141.34211,
        "time" : "20170927T190000+0900"
      }, {
        "lat" : 43.089464,
        "lon" : 141.34389,
        "time" : "20170927T190305+0900"
      } ]
    }, {
      "activity" : "walking",
      "group" : "walking",
      "manual" : false,
      "startTime" : "20170927T190305+0900",
      "endTime" : "20170927T190929+0900",
      "duration" : 384.0,
      "distance" : 545.0,
      "steps" : 654,
      "calories" : 30,
      "trackPoints" : [ {
        "lat" : 43.089464,
        "lon" : 141.34389,
        "time" : "20170927T190305+0900"
      }, {
        "lat" : 43.089362,
        "lon" : 141.34363,
        "time" : "20170927T190320+0900"
      }, {
        "lat" : 43.089251,
        "lon" : 141.34336,
        "time" : "20170927T190336+0900"
      }, {
        "lat" : 43.089112,
        "lon" : 141.34321,
        "time" : "20170927T190355+0900"
      }, {
        "lat" : 43.088812,
        "lon" : 141.34323,
        "time" : "20170927T190430+0900"
      }, {
        "lat" : 43.087592,
        "lon" : 141.34381,
        "time" : "20170927T190544+0900"
      }, {
        "lat" : 43.087407,
        "lon" : 141.3438,
        "time" : "20170927T190602+0900"
      }, {
        "lat" : 43.087108,
        "lon" : 141.34382,
        "time" : "20170927T190635+0900"
      }, {
        "lat" : 43.086861,
        "lon" : 141.34385,
        "time" : "20170927T190703+0900"
      }, {
        "lat" : 43.08661,
        "lon" : 141.34388,
        "time" : "20170927T190731+0900"
      }, {
        "lat" : 43.086381,
        "lon" : 141.3439,
        "time" : "20170927T190755+0900"
      }, {
        "lat" : 43.085725,
        "lon" : 141.34401,
        "time" : "20170927T190902+0900"
      }, {
        "lat" : 43.085463,
        "lon" : 141.34421,
        "time" : "20170927T190930+0900"
      } ]
    } ],
    "lastUpdate" : "20170927T113324Z"
  }, {
    "type" : "move",
    "startTime" : "20170927T190930+0900",
    "endTime" : "20170927T191041+0900",
    "activities" : [ {
      "activity" : "walking",
      "group" : "walking",
      "manual" : false,
      "startTime" : "20170927T190930+0900",
      "endTime" : "20170927T191041+0900",
      "duration" : 71.0,
      "distance" : 82.0,
      "steps" : 114,
      "calories" : 5,
      "trackPoints" : [ {
        "lat" : 43.085589,
        "lon" : 141.34402,
        "time" : "20170927T190930+0900"
      }, {
        "lat" : 43.085487,
        "lon" : 141.34399,
        "time" : "20170927T190954+0900"
      }, {
        "lat" : 43.085389,
        "lon" : 141.34394,
        "time" : "20170927T191020+0900"
      }, {
        "lat" : 43.084954,
        "lon" : 141.34398,
        "time" : "20170927T191041+0900"
      } ]
    } ],
    "lastUpdate" : "20170927T161252Z"
  }, {
    "type" : "place",
    "startTime" : "20170927T191041+0900",
    "endTime" : "20170927T235817+0900",
    "place" : {
      "id" : 147350194,
      "type" : "unknown",
      "location" : {
        "lat" : 43.0849535069,
        "lon" : 141.3439788659
      }
    },
    "activities" : [ {
      "activity" : "walking",
      "group" : "walking",
      "manual" : false,
      "startTime" : "20170927T191041+0900",
      "endTime" : "20170927T191506+0900",
      "duration" : 265.0,
      "distance" : 327.0,
      "steps" : 436,
      "calories" : 18,
      "trackPoints" : [ ]
    } ],
    "lastUpdate" : "20170927T161252Z"
  }, {
    "type" : "place",
    "startTime" : "20170927T235818+0900",
    "endTime" : "20170928T011927+0900",
    "place" : {
      "id" : 498465442,
      "type" : "unknown",
      "location" : {
        "lat" : 43.083427,
        "lon" : 141.34222
      }
    },
    "lastUpdate" : "20170927T174635Z"
  } ],
  "caloriesIdle" : 1596,
  "lastUpdate" : "20170927T174635Z"
}, {
  "date" : "20170928",
  "summary" : [ {
    "activity" : "walking",
    "group" : "walking",
    "duration" : 1019.0,
    "distance" : 1053.0,
    "steps" : 1370,
    "calories" : 58
  }, {
    "activity" : "transport",
    "group" : "transport",
    "duration" : 51.0,
    "distance" : 327.0
  } ],
  "segments" : [ {
    "type" : "place",
    "startTime" : "20170927T235818+0900",
    "endTime" : "20170928T011927+0900",
    "place" : {
      "id" : 498465442,
      "type" : "unknown",
      "location" : {
        "lat" : 43.083427,
        "lon" : 141.34222
      }
    },
    "activities" : [ {
      "activity" : "walking",
      "group" : "walking",
      "manual" : false,
      "startTime" : "20170928T002018+0900",
      "endTime" : "20170928T002259+0900",
      "duration" : 161.0,
      "distance" : 161.0,
      "steps" : 215,
      "calories" : 9,
      "trackPoints" : [ ]
    }, {
      "activity" : "walking",
      "group" : "walking",
      "manual" : false,
      "startTime" : "20170928T010429+0900",
      "endTime" : "20170928T010659+0900",
      "duration" : 150.0,
      "distance" : 150.0,
      "steps" : 201,
      "calories" : 8,
      "trackPoints" : [ ]
    } ],
    "lastUpdate" : "20170927T174635Z"
  }, {
    "type" : "place",
    "startTime" : "20170928T011928+0900",
    "endTime" : "20170928T071455+0900",
    "place" : {
      "id" : 257240275,
      "type" : "unknown",
      "location" : {
        "lat" : 43.084886,
        "lon" : 141.3453
      }
    },
    "lastUpdate" : "20170927T235528Z"
  }, {
    "type" : "move",
    "startTime" : "20170928T071455+0900",
    "endTime" : "20170928T072021+0900",
    "activities" : [ {
      "activity" : "walking",
      "group" : "walking",
      "manual" : false,
      "startTime" : "20170928T071455+0900",
      "endTime" : "20170928T072021+0900",
      "duration" : 326.0,
      "distance" : 375.0,
      "steps" : 435,
      "calories" : 21,
      "trackPoints" : [ {
        "lat" : 43.084886,
        "lon" : 141.3453,
        "time" : "20170928T071455+0900"
      }, {
        "lat" : 43.082159,
        "lon" : 141.3468,
        "time" : "20170928T072021+0900"
      } ]
    } ],
    "lastUpdate" : "20170927T235528Z"
  }, {
    "type" : "place",
    "startTime" : "20170928T072021+0900",
    "endTime" : "20170928T073046+0900",
    "place" : {
      "id" : 261061610,
      "type" : "unknown",
      "location" : {
        "lat" : 43.082159,
        "lon" : 141.3468
      }
    },
    "activities" : [ {
      "activity" : "walking",
      "group" : "walking",
      "manual" : false,
      "startTime" : "20170928T072927+0900",
      "endTime" : "20170928T073028+0900",
      "duration" : 61.0,
      "distance" : 43.0,
      "steps" : 87,
      "calories" : 2,
      "trackPoints" : [ ]
    } ],
    "lastUpdate" : "20170927T235528Z"
  }, {
    "type" : "move",
    "startTime" : "20170928T073046+0900",
    "endTime" : "20170928T073138+0900",
    "activities" : [ {
      "activity" : "transport",
      "group" : "transport",
      "manual" : false,
      "startTime" : "20170928T073046+0900",
      "endTime" : "20170928T073137+0900",
      "duration" : 51.0,
      "distance" : 327.0,
      "trackPoints" : [ {
        "lat" : 43.082159,
        "lon" : 141.3468,
        "time" : "20170928T073046+0900"
      }, {
        "lat" : 43.083326,
        "lon" : 141.34632,
        "time" : "20170928T073110+0900"
      }, {
        "lat" : 43.084886,
        "lon" : 141.3453,
        "time" : "20170928T073138+0900"
      } ]
    } ],
    "lastUpdate" : "20170927T235528Z"
  }, {
    "type" : "place",
    "startTime" : "20170928T183229+0900",
    "endTime" : "20170929T164847+0900",
    "place" : {
      "id" : 257240275,
      "type" : "unknown",
      "location" : {
        "lat" : 43.084886,
        "lon" : 141.3453
      }
    },
    "activities" : [ {
      "activity" : "walking",
      "group" : "walking",
      "manual" : false,
      "startTime" : "20170928T203235+0900",
      "endTime" : "20170928T203756+0900",
      "duration" : 321.0,
      "distance" : 324.0,
      "steps" : 432,
      "calories" : 18,
      "trackPoints" : [ ]
    } ],
    "lastUpdate" : "20170929T093231Z"
  } ],
  "caloriesIdle" : 1596,
  "lastUpdate" : "20170929T093231Z"
}, {
  "date" : "20170929",
  "summary" : [ {
    "activity" : "walking",
    "group" : "walking",
    "duration" : 1441.0,
    "distance" : 1467.0,
    "steps" : 2002,
    "calories" : 81
  }, {
    "activity" : "cycling",
    "group" : "cycling",
    "duration" : 2363.0,
    "distance" : 7155.0,
    "calories" : 184
  } ],
  "segments" : [ {
    "type" : "place",
    "startTime" : "20170928T183229+0900",
    "endTime" : "20170929T164847+0900",
    "place" : {
      "id" : 257240275,
      "type" : "unknown",
      "location" : {
        "lat" : 43.084886,
        "lon" : 141.3453
      }
    },
    "lastUpdate" : "20170929T093231Z"
  }, {
    "type" : "move",
    "startTime" : "20170929T164847+0900",
    "endTime" : "20170929T165155+0900",
    "activities" : [ {
      "activity" : "walking",
      "group" : "walking",
      "manual" : false,
      "startTime" : "20170929T164847+0900",
      "endTime" : "20170929T165154+0900",
      "duration" : 187.0,
      "distance" : 245.0,
      "steps" : 261,
      "calories" : 14,
      "trackPoints" : [ {
        "lat" : 43.084886,
        "lon" : 141.3453,
        "time" : "20170929T164847+0900"
      }, {
        "lat" : 43.084847,
        "lon" : 141.34516,
        "time" : "20170929T164905+0900"
      }, {
        "lat" : 43.084846,
        "lon" : 141.34516,
        "time" : "20170929T164922+0900"
      }, {
        "lat" : 43.084764,
        "lon" : 141.34509,
        "time" : "20170929T164945+0900"
      }, {
        "lat" : 43.08456,
        "lon" : 141.34497,
        "time" : "20170929T165012+0900"
      }, {
        "lat" : 43.084396,
        "lon" : 141.34487,
        "time" : "20170929T165033+0900"
      }, {
        "lat" : 43.084345,
        "lon" : 141.34479,
        "time" : "20170929T165051+0900"
      }, {
        "lat" : 43.08438,
        "lon" : 141.34453,
        "time" : "20170929T165109+0900"
      }, {
        "lat" : 43.083532,
        "lon" : 141.34482,
        "time" : "20170929T165139+0900"
      }, {
        "lat" : 43.083298,
        "lon" : 141.34461,
        "time" : "20170929T165155+0900"
      } ]
    } ],
    "lastUpdate" : "20170929T093231Z"
  }, {
    "type" : "place",
    "startTime" : "20170929T165155+0900",
    "endTime" : "20170929T165520+0900",
    "place" : {
      "id" : 148786870,
      "type" : "unknown",
      "location" : {
        "lat" : 43.0832977285,
        "lon" : 141.3446079718
      }
    },
    "activities" : [ {
      "activity" : "walking",
      "group" : "walking",
      "manual" : false,
      "startTime" : "20170929T165155+0900",
      "endTime" : "20170929T165305+0900",
      "duration" : 70.0,
      "distance" : 48.0,
      "steps" : 97,
      "calories" : 3,
      "trackPoints" : [ ]
    } ],
    "lastUpdate" : "20170929T093231Z"
  }, {
    "type" : "move",
    "startTime" : "20170929T165520+0900",
    "endTime" : "20170929T171224+0900",
    "activities" : [ {
      "activity" : "cycling",
      "group" : "cycling",
      "manual" : false,
      "startTime" : "20170929T165520+0900",
      "endTime" : "20170929T171224+0900",
      "duration" : 1024.0,
      "distance" : 3506.0,
      "calories" : 89,
      "trackPoints" : [ {
        "lat" : 43.083298,
        "lon" : 141.34461,
        "time" : "20170929T165520+0900"
      }, {
        "lat" : 43.081449,
        "lon" : 141.34507,
        "time" : "20170929T165547+0900"
      }, {
        "lat" : 43.081481,
        "lon" : 141.34518,
        "time" : "20170929T165613+0900"
      }, {
        "lat" : 43.080897,
        "lon" : 141.34536,
        "time" : "20170929T165647+0900"
      }, {
        "lat" : 43.080494,
        "lon" : 141.3454,
        "time" : "20170929T165703+0900"
      }, {
        "lat" : 43.079104,
        "lon" : 141.34574,
        "time" : "20170929T165738+0900"
      }, {
        "lat" : 43.078374,
        "lon" : 141.346,
        "time" : "20170929T165804+0900"
      }, {
        "lat" : 43.077944,
        "lon" : 141.34608,
        "time" : "20170929T165833+0900"
      }, {
        "lat" : 43.077133,
        "lon" : 141.34615,
        "time" : "20170929T165858+0900"
      }, {
        "lat" : 43.076288,
        "lon" : 141.34639,
        "time" : "20170929T165915+0900"
      }, {
        "lat" : 43.075664,
        "lon" : 141.34664,
        "time" : "20170929T165931+0900"
      }, {
        "lat" : 43.074217,
        "lon" : 141.34696,
        "time" : "20170929T165959+0900"
      }, {
        "lat" : 43.074217,
        "lon" : 141.34696,
        "time" : "20170929T170000+0900"
      }, {
        "lat" : 43.073703,
        "lon" : 141.34707,
        "time" : "20170929T170009+0900"
      }, {
        "lat" : 43.073072,
        "lon" : 141.34723,
        "time" : "20170929T170025+0900"
      }, {
        "lat" : 43.07195,
        "lon" : 141.34763,
        "time" : "20170929T170100+0900"
      }, {
        "lat" : 43.070963,
        "lon" : 141.34797,
        "time" : "20170929T170118+0900"
      }, {
        "lat" : 43.070342,
        "lon" : 141.34824,
        "time" : "20170929T170135+0900"
      }, {
        "lat" : 43.070036,
        "lon" : 141.34816,
        "time" : "20170929T170203+0900"
      }, {
        "lat" : 43.069958,
        "lon" : 141.34813,
        "time" : "20170929T170222+0900"
      }, {
        "lat" : 43.069806,
        "lon" : 141.34813,
        "time" : "20170929T170239+0900"
      }, {
        "lat" : 43.069131,
        "lon" : 141.34822,
        "time" : "20170929T170303+0900"
      }, {
        "lat" : 43.0687,
        "lon" : 141.34828,
        "time" : "20170929T170332+0900"
      }, {
        "lat" : 43.067955,
        "lon" : 141.34857,
        "time" : "20170929T170354+0900"
      }, {
        "lat" : 43.067466,
        "lon" : 141.34883,
        "time" : "20170929T170413+0900"
      }, {
        "lat" : 43.066601,
        "lon" : 141.34909,
        "time" : "20170929T170440+0900"
      }, {
        "lat" : 43.065941,
        "lon" : 141.34923,
        "time" : "20170929T170502+0900"
      }, {
        "lat" : 43.065475,
        "lon" : 141.34989,
        "time" : "20170929T170522+0900"
      }, {
        "lat" : 43.065544,
        "lon" : 141.35059,
        "time" : "20170929T170538+0900"
      }, {
        "lat" : 43.065159,
        "lon" : 141.35083,
        "time" : "20170929T170556+0900"
      }, {
        "lat" : 43.064736,
        "lon" : 141.35083,
        "time" : "20170929T170619+0900"
      }, {
        "lat" : 43.06474,
        "lon" : 141.35083,
        "time" : "20170929T170641+0900"
      }, {
        "lat" : 43.06474,
        "lon" : 141.35083,
        "time" : "20170929T170659+0900"
      }, {
        "lat" : 43.064735,
        "lon" : 141.35083,
        "time" : "20170929T170717+0900"
      }, {
        "lat" : 43.062902,
        "lon" : 141.35144,
        "time" : "20170929T170754+0900"
      }, {
        "lat" : 43.063217,
        "lon" : 141.3525,
        "time" : "20170929T170810+0900"
      }, {
        "lat" : 43.062795,
        "lon" : 141.3531,
        "time" : "20170929T170838+0900"
      }, {
        "lat" : 43.062218,
        "lon" : 141.35333,
        "time" : "20170929T170905+0900"
      }, {
        "lat" : 43.061413,
        "lon" : 141.3535,
        "time" : "20170929T170928+0900"
      }, {
        "lat" : 43.060959,
        "lon" : 141.35355,
        "time" : "20170929T170947+0900"
      }, {
        "lat" : 43.060604,
        "lon" : 141.35366,
        "time" : "20170929T171005+0900"
      }, {
        "lat" : 43.059031,
        "lon" : 141.3541,
        "time" : "20170929T171129+0900"
      }, {
        "lat" : 43.059031,
        "lon" : 141.3541,
        "time" : "20170929T171203+0900"
      }, {
        "lat" : 43.057636,
        "lon" : 141.3551,
        "time" : "20170929T171224+0900"
      } ]
    } ],
    "lastUpdate" : "20170929T093231Z"
  }, {
    "type" : "place",
    "startTime" : "20170929T171225+0900",
    "endTime" : "20170929T172948+0900",
    "place" : {
      "id" : 334620718,
      "type" : "unknown",
      "location" : {
        "lat" : 43.057636,
        "lon" : 141.3551
      }
    },
    "activities" : [ {
      "activity" : "walking",
      "group" : "walking",
      "manual" : false,
      "startTime" : "20170929T171352+0900",
      "endTime" : "20170929T171816+0900",
      "duration" : 264.0,
      "distance" : 265.0,
      "steps" : 354,
      "calories" : 15,
      "trackPoints" : [ ]
    } ],
    "lastUpdate" : "20170929T093231Z"
  }, {
    "type" : "move",
    "startTime" : "20170929T172948+0900",
    "endTime" : "20170929T173342+0900",
    "activities" : [ {
      "activity" : "walking",
      "group" : "walking",
      "manual" : false,
      "startTime" : "20170929T172948+0900",
      "endTime" : "20170929T173342+0900",
      "duration" : 234.0,
      "distance" : 233.0,
      "steps" : 351,
      "calories" : 13,
      "trackPoints" : [ {
        "lat" : 43.057636,
        "lon" : 141.3551,
        "time" : "20170929T172948+0900"
      }, {
        "lat" : 43.057568,
        "lon" : 141.35495,
        "time" : "20170929T173013+0900"
      }, {
        "lat" : 43.057464,
        "lon" : 141.35455,
        "time" : "20170929T173036+0900"
      }, {
        "lat" : 43.057435,
        "lon" : 141.35433,
        "time" : "20170929T173054+0900"
      }, {
        "lat" : 43.057403,
        "lon" : 141.35401,
        "time" : "20170929T173117+0900"
      }, {
        "lat" : 43.057347,
        "lon" : 141.35354,
        "time" : "20170929T173147+0900"
      }, {
        "lat" : 43.057316,
        "lon" : 141.35324,
        "time" : "20170929T173210+0900"
      }, {
        "lat" : 43.057359,
        "lon" : 141.35313,
        "time" : "20170929T173233+0900"
      }, {
        "lat" : 43.057532,
        "lon" : 141.35322,
        "time" : "20170929T173254+0900"
      }, {
        "lat" : 43.057566,
        "lon" : 141.35342,
        "time" : "20170929T173313+0900"
      }, {
        "lat" : 43.057353,
        "lon" : 141.3532,
        "time" : "20170929T173342+0900"
      } ]
    } ],
    "lastUpdate" : "20170929T093231Z"
  }, {
    "type" : "place",
    "startTime" : "20170929T173343+0900",
    "endTime" : "20170929T180907+0900",
    "place" : {
      "id" : 527006935,
      "type" : "unknown",
      "location" : {
        "lat" : 43.057353,
        "lon" : 141.3532
      }
    },
    "activities" : [ {
      "activity" : "walking",
      "group" : "walking",
      "manual" : false,
      "startTime" : "20170929T173343+0900",
      "endTime" : "20170929T173727+0900",
      "duration" : 224.0,
      "distance" : 236.0,
      "steps" : 315,
      "calories" : 13,
      "trackPoints" : [ ]
    }, {
      "activity" : "walking",
      "group" : "walking",
      "manual" : false,
      "startTime" : "20170929T180657+0900",
      "endTime" : "20170929T180943+0900",
      "duration" : 166.0,
      "distance" : 171.0,
      "steps" : 228,
      "calories" : 9,
      "trackPoints" : [ ]
    } ],
    "lastUpdate" : "20170929T110311Z"
  }, {
    "type" : "move",
    "startTime" : "20170929T180907+0900",
    "endTime" : "20170929T183127+0900",
    "activities" : [ {
      "activity" : "cycling",
      "group" : "cycling",
      "manual" : false,
      "startTime" : "20170929T180907+0900",
      "endTime" : "20170929T183126+0900",
      "duration" : 1339.0,
      "distance" : 3649.0,
      "calories" : 95,
      "trackPoints" : [ {
        "lat" : 43.057353,
        "lon" : 141.3532,
        "time" : "20170929T180907+0900"
      }, {
        "lat" : 43.057176,
        "lon" : 141.35287,
        "time" : "20170929T180931+0900"
      }, {
        "lat" : 43.057168,
        "lon" : 141.35284,
        "time" : "20170929T180950+0900"
      }, {
        "lat" : 43.0571,
        "lon" : 141.35283,
        "time" : "20170929T181026+0900"
      }, {
        "lat" : 43.057997,
        "lon" : 141.35266,
        "time" : "20170929T181102+0900"
      }, {
        "lat" : 43.058715,
        "lon" : 141.35251,
        "time" : "20170929T181131+0900"
      }, {
        "lat" : 43.059248,
        "lon" : 141.35247,
        "time" : "20170929T181203+0900"
      }, {
        "lat" : 43.059981,
        "lon" : 141.35222,
        "time" : "20170929T181232+0900"
      }, {
        "lat" : 43.060387,
        "lon" : 141.3522,
        "time" : "20170929T181247+0900"
      }, {
        "lat" : 43.060686,
        "lon" : 141.35215,
        "time" : "20170929T181304+0900"
      }, {
        "lat" : 43.061419,
        "lon" : 141.35207,
        "time" : "20170929T181342+0900"
      }, {
        "lat" : 43.062098,
        "lon" : 141.35144,
        "time" : "20170929T181411+0900"
      }, {
        "lat" : 43.061949,
        "lon" : 141.35073,
        "time" : "20170929T181428+0900"
      }, {
        "lat" : 43.061955,
        "lon" : 141.35033,
        "time" : "20170929T181443+0900"
      }, {
        "lat" : 43.063042,
        "lon" : 141.35001,
        "time" : "20170929T181505+0900"
      }, {
        "lat" : 43.063015,
        "lon" : 141.34982,
        "time" : "20170929T181606+0900"
      }, {
        "lat" : 43.063511,
        "lon" : 141.34963,
        "time" : "20170929T181627+0900"
      }, {
        "lat" : 43.06444,
        "lon" : 141.34949,
        "time" : "20170929T181700+0900"
      }, {
        "lat" : 43.065102,
        "lon" : 141.34924,
        "time" : "20170929T181735+0900"
      }, {
        "lat" : 43.065138,
        "lon" : 141.34923,
        "time" : "20170929T181756+0900"
      }, {
        "lat" : 43.065652,
        "lon" : 141.34899,
        "time" : "20170929T181815+0900"
      }, {
        "lat" : 43.066367,
        "lon" : 141.34904,
        "time" : "20170929T181844+0900"
      }, {
        "lat" : 43.066411,
        "lon" : 141.34905,
        "time" : "20170929T181902+0900"
      }, {
        "lat" : 43.066445,
        "lon" : 141.34906,
        "time" : "20170929T181919+0900"
      }, {
        "lat" : 43.06702,
        "lon" : 141.34895,
        "time" : "20170929T181948+0900"
      }, {
        "lat" : 43.067833,
        "lon" : 141.34852,
        "time" : "20170929T182040+0900"
      }, {
        "lat" : 43.068261,
        "lon" : 141.34846,
        "time" : "20170929T182057+0900"
      }, {
        "lat" : 43.068724,
        "lon" : 141.34831,
        "time" : "20170929T182124+0900"
      }, {
        "lat" : 43.069696,
        "lon" : 141.34824,
        "time" : "20170929T182250+0900"
      }, {
        "lat" : 43.069956,
        "lon" : 141.34816,
        "time" : "20170929T182306+0900"
      }, {
        "lat" : 43.069909,
        "lon" : 141.34813,
        "time" : "20170929T182328+0900"
      }, {
        "lat" : 43.070155,
        "lon" : 141.34814,
        "time" : "20170929T182349+0900"
      }, {
        "lat" : 43.070934,
        "lon" : 141.34797,
        "time" : "20170929T182410+0900"
      }, {
        "lat" : 43.072312,
        "lon" : 141.3476,
        "time" : "20170929T182450+0900"
      }, {
        "lat" : 43.072827,
        "lon" : 141.34746,
        "time" : "20170929T182505+0900"
      }, {
        "lat" : 43.073808,
        "lon" : 141.34723,
        "time" : "20170929T182528+0900"
      }, {
        "lat" : 43.075354,
        "lon" : 141.34675,
        "time" : "20170929T182606+0900"
      }, {
        "lat" : 43.076046,
        "lon" : 141.34652,
        "time" : "20170929T182627+0900"
      }, {
        "lat" : 43.076528,
        "lon" : 141.34637,
        "time" : "20170929T182647+0900"
      }, {
        "lat" : 43.07726,
        "lon" : 141.34626,
        "time" : "20170929T182706+0900"
      }, {
        "lat" : 43.077772,
        "lon" : 141.34622,
        "time" : "20170929T182724+0900"
      }, {
        "lat" : 43.077976,
        "lon" : 141.34628,
        "time" : "20170929T182801+0900"
      }, {
        "lat" : 43.078358,
        "lon" : 141.34614,
        "time" : "20170929T182824+0900"
      }, {
        "lat" : 43.078945,
        "lon" : 141.34582,
        "time" : "20170929T182843+0900"
      }, {
        "lat" : 43.079906,
        "lon" : 141.34561,
        "time" : "20170929T182906+0900"
      }, {
        "lat" : 43.081054,
        "lon" : 141.34532,
        "time" : "20170929T182940+0900"
      }, {
        "lat" : 43.081338,
        "lon" : 141.34528,
        "time" : "20170929T183003+0900"
      }, {
        "lat" : 43.081691,
        "lon" : 141.34522,
        "time" : "20170929T183031+0900"
      }, {
        "lat" : 43.082311,
        "lon" : 141.34504,
        "time" : "20170929T183048+0900"
      }, {
        "lat" : 43.082756,
        "lon" : 141.34496,
        "time" : "20170929T183105+0900"
      }, {
        "lat" : 43.084886,
        "lon" : 141.3453,
        "time" : "20170929T183127+0900"
      } ]
    } ],
    "lastUpdate" : "20170929T110311Z"
  }, {
    "type" : "place",
    "startTime" : "20170929T183127+0900",
    "endTime" : "20170929T200310+0900",
    "place" : {
      "id" : 257240275,
      "type" : "unknown",
      "location" : {
        "lat" : 43.084886,
        "lon" : 141.3453
      }
    },
    "activities" : [ {
      "activity" : "walking",
      "group" : "walking",
      "manual" : false,
      "startTime" : "20170929T183127+0900",
      "endTime" : "20170929T183249+0900",
      "duration" : 82.0,
      "distance" : 55.0,
      "steps" : 110,
      "calories" : 3,
      "trackPoints" : [ ]
    }, {
      "activity" : "walking",
      "group" : "walking",
      "manual" : false,
      "startTime" : "20170929T191321+0900",
      "endTime" : "20170929T191655+0900",
      "duration" : 214.0,
      "distance" : 214.0,
      "steps" : 286,
      "calories" : 12,
      "trackPoints" : [ ]
    } ],
    "lastUpdate" : "20170929T110311Z"
  } ],
  "caloriesIdle" : 1596,
  "lastUpdate" : "20170929T110311Z"
} ]