[ {
  "date" : "20160201",
  "segments" : [ {
    "type" : "place",
    "startTime" : "20160131T235238+0900",
    "endTime" : "20160201T194745+0900",
    "place" : {
      "id" : 156039869,
      "type" : "unknown",
      "location" : {
        "lat" : 43.0822555033,
        "lon" : 141.3450571746
      }
    },
    "lastUpdate" : "20160201T121347Z"
  }, {
    "type" : "place",
    "startTime" : "20160201T195133+0900",
    "endTime" : "20160202T124940+0900",
    "place" : {
      "id" : 243484427,
      "type" : "unknown",
      "location" : {
        "lat" : 43.085194,
        "lon" : 141.34479
      }
    },
    "lastUpdate" : "20160202T065817Z"
  } ],
  "lastUpdate" : "20160202T065817Z"
}, {
  "date" : "20160202",
  "segments" : [ {
    "type" : "place",
    "startTime" : "20160201T195133+0900",
    "endTime" : "20160202T124940+0900",
    "place" : {
      "id" : 243484427,
      "type" : "unknown",
      "location" : {
        "lat" : 43.085194,
        "lon" : 141.34479
      }
    },
    "lastUpdate" : "20160202T065817Z"
  }, {
    "type" : "place",
    "startTime" : "20160202T125347+0900",
    "endTime" : "20160202T130320+0900",
    "place" : {
      "id" : 167655421,
      "type" : "unknown",
      "location" : {
        "lat" : 43.0809649453,
        "lon" : 141.342886677
      }
    },
    "lastUpdate" : "20160202T065818Z"
  }, {
    "type" : "place",
    "startTime" : "20160202T130321+0900",
    "endTime" : "20160202T144353+0900",
    "place" : {
      "id" : 149780344,
      "type" : "unknown",
      "location" : {
        "lat" : 43.079711611,
        "lon" : 141.340634675
      }
    },
    "lastUpdate" : "20160202T065818Z"
  }, {
    "type" : "place",
    "startTime" : "20160202T145308+0900",
    "endTime" : "20160202T150809+0900",
    "place" : {
      "id" : 223269490,
      "type" : "unknown",
      "location" : {
        "lat" : 43.0825413041,
        "lon" : 141.344776408
      }
    },
    "lastUpdate" : "20160202T065818Z"
  }, {
    "type" : "place",
    "startTime" : "20160202T150810+0900",
    "endTime" : "20160203T123203+0900",
    "place" : {
      "id" : 147350194,
      "type" : "unknown",
      "location" : {
        "lat" : 43.0849535069,
        "lon" : 141.3439788659
      }
    },
    "lastUpdate" : "20160203T044536Z"
  } ],
  "lastUpdate" : "20160203T044536Z"
}, {
  "date" : "20160203",
  "segments" : [ {
    "type" : "place",
    "startTime" : "20160202T150810+0900",
    "endTime" : "20160203T123203+0900",
    "place" : {
      "id" : 147350194,
      "type" : "unknown",
      "location" : {
        "lat" : 43.0849535069,
        "lon" : 141.3439788659
      }
    },
    "lastUpdate" : "20160203T044536Z"
  }, {
    "type" : "place",
    "startTime" : "20160203T125436+0900",
    "endTime" : "20160203T125740+0900",
    "place" : {
      "id" : 243759228,
      "type" : "unknown",
      "location" : {
        "lat" : 43.072106,
        "lon" : 141.3439
      }
    },
    "lastUpdate" : "20160203T044536Z"
  }, {
    "type" : "place",
    "startTime" : "20160203T130235+0900",
    "endTime" : "20160203T131606+0900",
    "place" : {
      "id" : 172873339,
      "type" : "unknown",
      "location" : {
        "lat" : 43.0702629042,
        "lon" : 141.3434151161
      }
    },
    "lastUpdate" : "20160203T044536Z"
  }, {
    "type" : "place",
    "startTime" : "20160203T132553+0900",
    "endTime" : "20160203T133526+0900",
    "place" : {
      "id" : 182431330,
      "type" : "unknown",
      "location" : {
        "lat" : 43.0729984633,
        "lon" : 141.3426517247
      }
    },
    "lastUpdate" : "20160203T044536Z"
  }, {
    "type" : "place",
    "startTime" : "20160203T133527+0900",
    "endTime" : "20160203T160245+0900",
    "place" : {
      "id" : 172873340,
      "type" : "unknown",
      "location" : {
        "lat" : 43.0759956117,
        "lon" : 141.3419496606
      }
    },
    "lastUpdate" : "20160203T075103Z"
  }, {
    "type" : "place",
    "startTime" : "20160203T162026+0900",
    "endTime" : "20160204T053842+0900",
    "place" : {
      "id" : 156039869,
      "type" : "unknown",
      "location" : {
        "lat" : 43.0822555033,
        "lon" : 141.3450571746
      }
    },
    "lastUpdate" : "20160203T224942Z"
  } ],
  "lastUpdate" : "20160203T224942Z"
}, {
  "date" : "20160204",
  "segments" : [ {
    "type" : "place",
    "startTime" : "20160203T162026+0900",
    "endTime" : "20160204T053842+0900",
    "place" : {
      "id" : 156039869,
      "type" : "unknown",
      "location" : {
        "lat" : 43.0822555033,
        "lon" : 141.3450571746
      }
    },
    "lastUpdate" : "20160203T224942Z"
  }, {
    "type" : "place",
    "startTime" : "20160204T053843+0900",
    "endTime" : "20160204T144449+0900",
    "place" : {
      "id" : 152143834,
      "type" : "unknown",
      "location" : {
        "lat" : 43.0846321394,
        "lon" : 141.3451669726
      }
    },
    "lastUpdate" : "20160204T063304Z"
  }, {
    "type" : "place",
    "startTime" : "20160204T145729+0900",
    "endTime" : "20160204T152556+0900",
    "place" : {
      "id" : 149780344,
      "type" : "unknown",
      "location" : {
        "lat" : 43.079711611,
        "lon" : 141.340634675
      }
    },
    "lastUpdate" : "20160204T080514Z"
  }, {
    "type" : "place",
    "startTime" : "20160204T154121+0900",
    "endTime" : "20160204T165026+0900",
    "place" : {
      "id" : 141749345,
      "type" : "unknown",
      "location" : {
        "lat" : 43.0677357622,
        "lon" : 141.3481825467
      }
    },
    "lastUpdate" : "20160204T080514Z"
  }, {
    "type" : "place",
    "startTime" : "20160204T165922+0900",
    "endTime" : "20160204T170330+0900",
    "place" : {
      "id" : 243992489,
      "type" : "unknown",
      "location" : {
        "lat" : 43.064341,
        "lon" : 141.35029
      }
    },
    "lastUpdate" : "20160204T093614Z"
  }, {
    "type" : "place",
    "startTime" : "20160204T173042+0900",
    "endTime" : "20160204T175804+0900",
    "place" : {
      "id" : 244005768,
      "type" : "unknown",
      "location" : {
        "lat" : 43.058059,
        "lon" : 141.35537
      }
    },
    "lastUpdate" : "20160204T093614Z"
  }, {
    "type" : "place",
    "startTime" : "20160204T180606+0900",
    "endTime" : "20160204T180828+0900",
    "place" : {
      "id" : 230657828,
      "type" : "unknown",
      "location" : {
        "lat" : 43.05656,
        "lon" : 141.34799
      }
    },
    "lastUpdate" : "20160204T093614Z"
  }, {
    "type" : "place",
    "startTime" : "20160204T181507+0900",
    "endTime" : "20160204T182119+0900",
    "place" : {
      "id" : 244010934,
      "type" : "unknown",
      "location" : {
        "lat" : 43.058835,
        "lon" : 141.34926
      }
    },
    "lastUpdate" : "20160204T113902Z"
  }, {
    "type" : "place",
    "startTime" : "20160204T191207+0900",
    "endTime" : "20160204T191522+0900",
    "place" : {
      "id" : 244027307,
      "type" : "unknown",
      "location" : {
        "lat" : 43.086308,
        "lon" : 141.35002
      }
    },
    "lastUpdate" : "20160204T113902Z"
  }, {
    "type" : "place",
    "startTime" : "20160204T192817+0900",
    "endTime" : "20160205T151642+0900",
    "place" : {
      "id" : 244211019,
      "type" : "unknown",
      "location" : {
        "lat" : 43.084539,
        "lon" : 141.34467
      }
    },
    "lastUpdate" : "20160205T072740Z"
  } ],
  "lastUpdate" : "20160205T072740Z"
}, {
  "date" : "20160205",
  "segments" : [ {
    "type" : "place",
    "startTime" : "20160204T192817+0900",
    "endTime" : "20160205T151642+0900",
    "place" : {
      "id" : 244211019,
      "type" : "unknown",
      "location" : {
        "lat" : 43.084539,
        "lon" : 141.34467
      }
    },
    "lastUpdate" : "20160205T072740Z"
  }, {
    "type" : "place",
    "startTime" : "20160205T152853+0900",
    "endTime" : "20160205T155717+0900",
    "place" : {
      "id" : 149780344,
      "type" : "unknown",
      "location" : {
        "lat" : 43.079711611,
        "lon" : 141.340634675
      }
    },
    "lastUpdate" : "20160205T072740Z"
  }, {
    "type" : "place",
    "startTime" : "20160205T161108+0900",
    "endTime" : "20160205T164149+0900",
    "place" : {
      "id" : 198346800,
      "type" : "unknown",
      "location" : {
        "lat" : 43.069015345,
        "lon" : 141.3478298256
      }
    },
    "lastUpdate" : "20160205T085825Z"
  }, {
    "type" : "place",
    "startTime" : "20160205T164150+0900",
    "endTime" : "20160205T170244+0900",
    "place" : {
      "id" : 244223622,
      "type" : "unknown",
      "location" : {
        "lat" : 43.070431,
        "lon" : 141.35087
      }
    },
    "lastUpdate" : "20160205T085825Z"
  }, {
    "type" : "place",
    "startTime" : "20160205T171259+0900",
    "endTime" : "20160205T171521+0900",
    "place" : {
      "id" : 244223623,
      "type" : "unknown",
      "location" : {
        "lat" : 43.085735,
        "lon" : 141.35103
      }
    },
    "lastUpdate" : "20160205T085825Z"
  } ],
  "lastUpdate" : "20160205T085825Z"
}, {
  "date" : "20160206",
  "segments" : [ {
    "type" : "place",
    "startTime" : "20160206T161927+0900",
    "endTime" : "20160207T152137+0900",
    "place" : {
      "id" : 152143834,
      "type" : "unknown",
      "location" : {
        "lat" : 43.0846321394,
        "lon" : 141.3451669726
      }
    },
    "lastUpdate" : "20160207T071931Z"
  } ],
  "lastUpdate" : "20160207T071931Z"
}, {
  "date" : "20160207",
  "segments" : [ {
    "type" : "place",
    "startTime" : "20160206T161927+0900",
    "endTime" : "20160207T152137+0900",
    "place" : {
      "id" : 152143834,
      "type" : "unknown",
      "location" : {
        "lat" : 43.0846321394,
        "lon" : 141.3451669726
      }
    },
    "lastUpdate" : "20160207T071931Z"
  }, {
    "type" : "place",
    "startTime" : "20160207T155153+0900",
    "endTime" : "20160207T161249+0900",
    "place" : {
      "id" : 244767758,
      "type" : "unknown",
      "location" : {
        "lat" : 43.065441,
        "lon" : 141.36267
      }
    },
    "lastUpdate" : "20160207T082136Z"
  }, {
    "type" : "place",
    "startTime" : "20160207T161808+0900",
    "endTime" : "20160207T165515+0900",
    "place" : {
      "id" : 244776682,
      "type" : "unknown",
      "location" : {
        "lat" : 43.065505,
        "lon" : 141.36085
      }
    },
    "lastUpdate" : "20160207T082136Z"
  }, {
    "type" : "place",
    "startTime" : "20160207T165857+0900",
    "endTime" : "20160207T174944+0900",
    "place" : {
      "id" : 244767758,
      "type" : "unknown",
      "location" : {
        "lat" : 43.065441,
        "lon" : 141.36267
      }
    },
    "lastUpdate" : "20160207T095244Z"
  }, {
    "type" : "place",
    "startTime" : "20160207T181012+0900",
    "endTime" : "20160207T181500+0900",
    "place" : {
      "id" : 244790240,
      "type" : "unknown",
      "location" : {
        "lat" : 43.069382,
        "lon" : 141.36454
      }
    },
    "lastUpdate" : "20160207T095244Z"
  }, {
    "type" : "place",
    "startTime" : "20160207T183942+0900",
    "endTime" : "20160207T184943+0900",
    "place" : {
      "id" : 244790241,
      "type" : "unknown",
      "location" : {
        "lat" : 43.067255,
        "lon" : 141.3501
      }
    },
    "lastUpdate" : "20160207T112439Z"
  }, {
    "type" : "place",
    "startTime" : "20160207T191236+0900",
    "endTime" : "20160207T191429+0900",
    "place" : {
      "id" : 153402216,
      "type" : "unknown",
      "location" : {
        "lat" : 43.086829005,
        "lon" : 141.3494522203
      }
    },
    "lastUpdate" : "20160207T112439Z"
  }, {
    "type" : "place",
    "startTime" : "20160207T192604+0900",
    "endTime" : "20160208T100753+0900",
    "place" : {
      "id" : 152143834,
      "type" : "unknown",
      "location" : {
        "lat" : 43.0846321394,
        "lon" : 141.3451669726
      }
    },
    "lastUpdate" : "20160208T014259Z"
  } ],
  "lastUpdate" : "20160208T014259Z"
}, {
  "date" : "20160208",
  "segments" : [ {
    "type" : "place",
    "startTime" : "20160207T192604+0900",
    "endTime" : "20160208T100753+0900",
    "place" : {
      "id" : 152143834,
      "type" : "unknown",
      "location" : {
        "lat" : 43.0846321394,
        "lon" : 141.3451669726
      }
    },
    "lastUpdate" : "20160208T014259Z"
  }, {
    "type" : "place",
    "startTime" : "20160208T102719+0900",
    "endTime" : "20160208T161504+0900",
    "place" : {
      "id" : 146720426,
      "type" : "unknown",
      "location" : {
        "lat" : 43.0698576843,
        "lon" : 141.3437207813
      }
    },
    "lastUpdate" : "20160208T075334Z"
  }, {
    "type" : "place",
    "startTime" : "20160208T162100+0900",
    "endTime" : "20160208T163019+0900",
    "place" : {
      "id" : 149780344,
      "type" : "unknown",
      "location" : {
        "lat" : 43.079711611,
        "lon" : 141.340634675
      }
    },
    "lastUpdate" : "20160208T075334Z"
  }, {
    "type" : "place",
    "startTime" : "20160208T163813+0900",
    "endTime" : "20160208T165040+0900",
    "place" : {
      "id" : 244999950,
      "type" : "unknown",
      "location" : {
        "lat" : 43.075673,
        "lon" : 141.34129
      }
    },
    "lastUpdate" : "20160208T092654Z"
  }, {
    "type" : "place",
    "startTime" : "20160208T165458+0900",
    "endTime" : "20160208T170150+0900",
    "place" : {
      "id" : 245014239,
      "type" : "unknown",
      "location" : {
        "lat" : 43.076271,
        "lon" : 141.33948
      }
    },
    "lastUpdate" : "20160208T092654Z"
  }, {
    "type" : "place",
    "startTime" : "20160208T171759+0900",
    "endTime" : "20160208T172658+0900",
    "place" : {
      "id" : 245014240,
      "type" : "unknown",
      "location" : {
        "lat" : 43.078887,
        "lon" : 141.34581
      }
    },
    "lastUpdate" : "20160208T092654Z"
  }, {
    "type" : "place",
    "startTime" : "20160208T173457+0900",
    "endTime" : "20160209T045241+0900",
    "place" : {
      "id" : 148786870,
      "type" : "unknown",
      "location" : {
        "lat" : 43.0832977285,
        "lon" : 141.3446079718
      }
    },
    "lastUpdate" : "20160208T200749Z"
  } ],
  "lastUpdate" : "20160208T200749Z"
}, {
  "date" : "20160209",
  "segments" : [ {
    "type" : "place",
    "startTime" : "20160208T173457+0900",
    "endTime" : "20160209T045241+0900",
    "place" : {
      "id" : 148786870,
      "type" : "unknown",
      "location" : {
        "lat" : 43.0832977285,
        "lon" : 141.3446079718
      }
    },
    "lastUpdate" : "20160208T200749Z"
  }, {
    "type" : "place",
    "startTime" : "20160209T045242+0900",
    "endTime" : "20160209T085405+0900",
    "place" : {
      "id" : 152143834,
      "type" : "unknown",
      "location" : {
        "lat" : 43.0846321394,
        "lon" : 141.3451669726
      }
    },
    "lastUpdate" : "20160209T005136Z"
  }, {
    "type" : "place",
    "startTime" : "20160209T090250+0900",
    "endTime" : "20160209T090835+0900",
    "place" : {
      "id" : 149780344,
      "type" : "unknown",
      "location" : {
        "lat" : 43.079711611,
        "lon" : 141.340634675
      }
    },
    "lastUpdate" : "20160209T005136Z"
  }, {
    "type" : "place",
    "startTime" : "20160209T091408+0900",
    "endTime" : "20160209T173650+0900",
    "place" : {
      "id" : 146720426,
      "type" : "unknown",
      "location" : {
        "lat" : 43.0698576843,
        "lon" : 141.3437207813
      }
    },
    "lastUpdate" : "20160209T101005Z"
  }, {
    "type" : "place",
    "startTime" : "20160209T180042+0900",
    "endTime" : "20160210T090015+0900",
    "place" : {
      "id" : 156039869,
      "type" : "unknown",
      "location" : {
        "lat" : 43.0822555033,
        "lon" : 141.3450571746
      }
    },
    "lastUpdate" : "20160210T013843Z"
  } ],
  "lastUpdate" : "20160210T013843Z"
}, {
  "date" : "20160210",
  "segments" : [ {
    "type" : "place",
    "startTime" : "20160209T180042+0900",
    "endTime" : "20160210T090015+0900",
    "place" : {
      "id" : 156039869,
      "type" : "unknown",
      "location" : {
        "lat" : 43.0822555033,
        "lon" : 141.3450571746
      }
    },
    "lastUpdate" : "20160210T013843Z"
  }, {
    "type" : "place",
    "startTime" : "20160210T091510+0900",
    "endTime" : "20160210T105356+0900",
    "place" : {
      "id" : 146720426,
      "type" : "unknown",
      "location" : {
        "lat" : 43.0698576843,
        "lon" : 141.3437207813
      }
    },
    "lastUpdate" : "20160210T031211Z"
  }, {
    "type" : "place",
    "startTime" : "20160210T105357+0900",
    "endTime" : "20160210T114908+0900",
    "place" : {
      "id" : 245370109,
      "type" : "unknown",
      "location" : {
        "lat" : 43.069644,
        "lon" : 141.34544
      }
    },
    "lastUpdate" : "20160210T031211Z"
  }, {
    "type" : "place",
    "startTime" : "20160210T115522+0900",
    "endTime" : "20160210T122227+0900",
    "place" : {
      "id" : 245370110,
      "type" : "unknown",
      "location" : {
        "lat" : 43.06865,
        "lon" : 141.34703
      }
    },
    "lastUpdate" : "20160210T044318Z"
  }, {
    "type" : "place",
    "startTime" : "20160210T122952+0900",
    "endTime" : "20160210T173456+0900",
    "place" : {
      "id" : 146720426,
      "type" : "unknown",
      "location" : {
        "lat" : 43.0698576843,
        "lon" : 141.3437207813
      }
    },
    "lastUpdate" : "20160210T091925Z"
  }, {
    "type" : "place",
    "startTime" : "20160210T175432+0900",
    "endTime" : "20160211T085128+0900",
    "place" : {
      "id" : 152143834,
      "type" : "unknown",
      "location" : {
        "lat" : 43.0846321394,
        "lon" : 141.3451669726
      }
    },
    "lastUpdate" : "20160211T005745Z"
  } ],
  "lastUpdate" : "20160211T005745Z"
}, {
  "date" : "20160211",
  "segments" : [ {
    "type" : "place",
    "startTime" : "20160210T175432+0900",
    "endTime" : "20160211T085128+0900",
    "place" : {
      "id" : 152143834,
      "type" : "unknown",
      "location" : {
        "lat" : 43.0846321394,
        "lon" : 141.3451669726
      }
    },
    "lastUpdate" : "20160211T005745Z"
  }, {
    "type" : "place",
    "startTime" : "20160211T091128+0900",
    "endTime" : "20160211T122535+0900",
    "place" : {
      "id" : 196221323,
      "type" : "unknown",
      "location" : {
        "lat" : 43.0717961917,
        "lon" : 141.3425384573
      }
    },
    "lastUpdate" : "20160211T040108Z"
  }, {
    "type" : "place",
    "startTime" : "20160211T122536+0900",
    "endTime" : "20160211T124229+0900",
    "place" : {
      "id" : 245379744,
      "type" : "unknown",
      "location" : {
        "lat" : 43.069974,
        "lon" : 141.34329
      }
    },
    "lastUpdate" : "20160211T053637Z"
  }, {
    "type" : "place",
    "startTime" : "20160211T130808+0900",
    "endTime" : "20160211T131823+0900",
    "place" : {
      "id" : 245610125,
      "type" : "unknown",
      "location" : {
        "lat" : 43.060026,
        "lon" : 141.34634
      }
    },
    "lastUpdate" : "20160211T053637Z"
  }, {
    "type" : "place",
    "startTime" : "20160211T131824+0900",
    "endTime" : "20160211T132322+0900",
    "place" : {
      "id" : 245610126,
      "type" : "unknown",
      "location" : {
        "lat" : 43.059587,
        "lon" : 141.34503
      }
    },
    "lastUpdate" : "20160211T053637Z"
  }, {
    "type" : "place",
    "startTime" : "20160211T133155+0900",
    "endTime" : "20160211T133520+0900",
    "place" : {
      "id" : 245610127,
      "type" : "unknown",
      "location" : {
        "lat" : 43.059295,
        "lon" : 141.34156
      }
    },
    "lastUpdate" : "20160211T053637Z"
  }, {
    "type" : "place",
    "startTime" : "20160211T133910+0900",
    "endTime" : "20160211T135101+0900",
    "place" : {
      "id" : 245610128,
      "type" : "unknown",
      "location" : {
        "lat" : 43.058842,
        "lon" : 141.33968
      }
    },
    "lastUpdate" : "20160211T053637Z"
  }, {
    "type" : "place",
    "startTime" : "20160211T140144+0900",
    "endTime" : "20160211T140552+0900",
    "place" : {
      "id" : 245610129,
      "type" : "unknown",
      "location" : {
        "lat" : 43.059951,
        "lon" : 141.34715
      }
    },
    "lastUpdate" : "20160211T053637Z"
  }, {
    "type" : "place",
    "startTime" : "20160211T141558+0900",
    "endTime" : "20160211T142550+0900",
    "place" : {
      "id" : 245610130,
      "type" : "unknown",
      "location" : {
        "lat" : 43.06051,
        "lon" : 141.35277
      }
    },
    "lastUpdate" : "20160211T053637Z"
  }, {
    "type" : "place",
    "startTime" : "20160211T142551+0900",
    "endTime" : "20160211T155138+0900",
    "place" : {
      "id" : 245610131,
      "type" : "unknown",
      "location" : {
        "lat" : 43.060715,
        "lon" : 141.35524
      }
    },
    "lastUpdate" : "20160211T083729Z"
  }, {
    "type" : "place",
    "startTime" : "20160211T162212+0900",
    "endTime" : "20160212T111653+0900",
    "place" : {
      "id" : 152143834,
      "type" : "unknown",
      "location" : {
        "lat" : 43.0846321394,
        "lon" : 141.3451669726
      }
    },
    "lastUpdate" : "20160212T031156Z"
  } ],
  "lastUpdate" : "20160212T031156Z"
}, {
  "date" : "20160212",
  "segments" : [ {
    "type" : "place",
    "startTime" : "20160211T162212+0900",
    "endTime" : "20160212T111653+0900",
    "place" : {
      "id" : 152143834,
      "type" : "unknown",
      "location" : {
        "lat" : 43.0846321394,
        "lon" : 141.3451669726
      }
    },
    "lastUpdate" : "20160212T031156Z"
  }, {
    "type" : "place",
    "startTime" : "20160212T115409+0900",
    "endTime" : "20160212T120649+0900",
    "place" : {
      "id" : 245828249,
      "type" : "unknown",
      "location" : {
        "lat" : 43.020159,
        "lon" : 141.40285
      }
    },
    "lastUpdate" : "20160212T044310Z"
  }, {
    "type" : "place",
    "startTime" : "20160212T122416+0900",
    "endTime" : "20160212T152556+0900",
    "place" : {
      "id" : 245839091,
      "type" : "unknown",
      "location" : {
        "lat" : 42.993419,
        "lon" : 141.43738
      }
    },
    "lastUpdate" : "20160212T075023Z"
  }, {
    "type" : "place",
    "startTime" : "20160212T154532+0900",
    "endTime" : "20160212T154950+0900",
    "place" : {
      "id" : 245862310,
      "type" : "unknown",
      "location" : {
        "lat" : 43.027919,
        "lon" : 141.45282
      }
    },
    "lastUpdate" : "20160212T075023Z"
  } ],
  "lastUpdate" : "20160212T075023Z"
}, {
  "date" : "20160216",
  "segments" : [ {
    "type" : "place",
    "startTime" : "20160216T070404+0900",
    "endTime" : "20160217T063151+0900",
    "place" : {
      "id" : 152143834,
      "type" : "unknown",
      "location" : {
        "lat" : 43.0846321394,
        "lon" : 141.3451669726
      }
    },
    "lastUpdate" : "20160216T220409Z"
  } ],
  "lastUpdate" : "20160216T220409Z"
}, {
  "date" : "20160217",
  "segments" : [ {
    "type" : "place",
    "startTime" : "20160216T070404+0900",
    "endTime" : "20160217T063151+0900",
    "place" : {
      "id" : 152143834,
      "type" : "unknown",
      "location" : {
        "lat" : 43.0846321394,
        "lon" : 141.3451669726
      }
    },
    "lastUpdate" : "20160216T220409Z"
  }, {
    "type" : "place",
    "startTime" : "20160217T063859+0900",
    "endTime" : "20160217T064444+0900",
    "place" : {
      "id" : 247050010,
      "type" : "unknown",
      "location" : {
        "lat" : 43.089765,
        "lon" : 141.3449
      }
    },
    "lastUpdate" : "20160216T220409Z"
  }, {
    "type" : "place",
    "startTime" : "20160217T065021+0900",
    "endTime" : "20160217T070151+0900",
    "place" : {
      "id" : 247050011,
      "type" : "unknown",
      "location" : {
        "lat" : 43.106614,
        "lon" : 141.33981
      }
    },
    "lastUpdate" : "20160216T233501Z"
  }, {
    "type" : "place",
    "startTime" : "20160217T080531+0900",
    "endTime" : "20160217T081751+0900",
    "place" : {
      "id" : 200115562,
      "type" : "unknown",
      "location" : {
        "lat" : 42.7876999721,
        "lon" : 141.6809777995
      }
    },
    "lastUpdate" : "20160217T010531Z"
  }, {
    "type" : "place",
    "startTime" : "20160217T083415+0900",
    "endTime" : "20160217T083723+0900",
    "place" : {
      "id" : 247070444,
      "type" : "unknown",
      "location" : {
        "lat" : 42.787645,
        "lon" : 141.68047
      }
    },
    "lastUpdate" : "20160217T010531Z"
  }, {
    "type" : "place",
    "startTime" : "20160217T085210+0900",
    "endTime" : "20160217T085329+0900",
    "place" : {
      "id" : 247070445,
      "type" : "unknown",
      "location" : {
        "lat" : 42.787561,
        "lon" : 141.68163
      }
    },
    "lastUpdate" : "20160217T010531Z"
  }, {
    "type" : "place",
    "startTime" : "20160217T090705+0900",
    "endTime" : "20160217T091503+0900",
    "place" : {
      "id" : 142113691,
      "type" : "unknown",
      "location" : {
        "lat" : 42.7889466442,
        "lon" : 141.6801833982
      }
    },
    "lastUpdate" : "20160217T041204Z"
  }, {
    "type" : "place",
    "startTime" : "20160217T091713+0900",
    "endTime" : "20160217T104823+0900",
    "place" : {
      "id" : 247089340,
      "type" : "unknown",
      "location" : {
        "lat" : 42.790245,
        "lon" : 141.67931
      }
    },
    "lastUpdate" : "20160217T041205Z"
  }, {
    "type" : "place",
    "startTime" : "20160217T130343+0900",
    "endTime" : "20160217T130843+0900",
    "place" : {
      "id" : 247098446,
      "type" : "unknown",
      "location" : {
        "lat" : 35.780868,
        "lon" : 140.38662
      }
    },
    "lastUpdate" : "20160217T071456Z"
  }, {
    "type" : "place",
    "startTime" : "20160217T151431+0900",
    "endTime" : "20160217T170653+0900",
    "place" : {
      "id" : 98345442,
      "type" : "unknown",
      "location" : {
        "lat" : 35.7168392789,
        "lon" : 139.7283806079
      }
    },
    "lastUpdate" : "20160217T101806Z"
  }, {
    "type" : "place",
    "startTime" : "20160217T183941+0900",
    "endTime" : "20160218T011529+0900",
    "place" : {
      "id" : 247133545,
      "type" : "unknown",
      "location" : {
        "lat" : 35.711888,
        "lon" : 139.7312
      }
    },
    "lastUpdate" : "20160217T162813Z"
  } ],
  "lastUpdate" : "20160217T162813Z"
}, {
  "date" : "20160218",
  "segments" : [ {
    "type" : "place",
    "startTime" : "20160217T183941+0900",
    "endTime" : "20160218T011529+0900",
    "place" : {
      "id" : 247133545,
      "type" : "unknown",
      "location" : {
        "lat" : 35.711888,
        "lon" : 139.7312
      }
    },
    "lastUpdate" : "20160217T162813Z"
  }, {
    "type" : "place",
    "startTime" : "20160218T012304+0900",
    "endTime" : "20160218T143655+0900",
    "place" : {
      "id" : 98345442,
      "type" : "unknown",
      "location" : {
        "lat" : 35.7168392789,
        "lon" : 139.7283806079
      }
    },
    "lastUpdate" : "20160218T062219Z"
  }, {
    "type" : "place",
    "startTime" : "20160218T145429+0900",
    "endTime" : "20160218T165544+0900",
    "place" : {
      "id" : 247325566,
      "type" : "unknown",
      "location" : {
        "lat" : 35.703315,
        "lon" : 139.74152
      }
    },
    "lastUpdate" : "20160218T092503Z"
  }, {
    "type" : "place",
    "startTime" : "20160218T175643+0900",
    "endTime" : "20160218T205705+0900",
    "place" : {
      "id" : 247348737,
      "type" : "unknown",
      "location" : {
        "lat" : 35.862326,
        "lon" : 139.96833
      }
    },
    "lastUpdate" : "20160218T123313Z"
  }, {
    "type" : "place",
    "startTime" : "20160218T210620+0900",
    "endTime" : "20160218T211347+0900",
    "place" : {
      "id" : 130838274,
      "type" : "unknown",
      "location" : {
        "lat" : 35.8615110217,
        "lon" : 139.9703640156
      }
    },
    "lastUpdate" : "20160218T123313Z"
  }, {
    "type" : "place",
    "startTime" : "20160218T213103+0900",
    "endTime" : "20160218T214454+0900",
    "place" : {
      "id" : 128200730,
      "type" : "unknown",
      "location" : {
        "lat" : 35.9128714115,
        "lon" : 139.9061220274
      }
    },
    "lastUpdate" : "20160218T140659Z"
  }, {
    "type" : "place",
    "startTime" : "20160218T214911+0900",
    "endTime" : "20160219T141052+0900",
    "place" : {
      "id" : 128210246,
      "type" : "unknown",
      "location" : {
        "lat" : 35.9122977722,
        "lon" : 139.9077045032
      }
    },
    "lastUpdate" : "20160219T053813Z"
  } ],
  "lastUpdate" : "20160219T053813Z"
}, {
  "date" : "20160219",
  "segments" : [ {
    "type" : "place",
    "startTime" : "20160218T214911+0900",
    "endTime" : "20160219T141052+0900",
    "place" : {
      "id" : 128210246,
      "type" : "unknown",
      "location" : {
        "lat" : 35.9122977722,
        "lon" : 139.9077045032
      }
    },
    "lastUpdate" : "20160219T053813Z"
  }, {
    "type" : "place",
    "startTime" : "20160219T141125+0900",
    "endTime" : "20160219T142136+0900",
    "place" : {
      "id" : 113155441,
      "type" : "unknown",
      "location" : {
        "lat" : 35.9144756626,
        "lon" : 139.9060874544
      }
    },
    "lastUpdate" : "20160219T053813Z"
  }, {
    "type" : "place",
    "startTime" : "20160219T143537+0900",
    "endTime" : "20160219T145429+0900",
    "place" : {
      "id" : 205026640,
      "type" : "unknown",
      "location" : {
        "lat" : 35.8720861428,
        "lon" : 139.9257244159
      }
    },
    "lastUpdate" : "20160219T070850Z"
  }, {
    "type" : "place",
    "startTime" : "20160219T154923+0900",
    "endTime" : "20160219T172004+0900",
    "place" : {
      "id" : 247325566,
      "type" : "unknown",
      "location" : {
        "lat" : 35.703315,
        "lon" : 139.74152
      }
    },
    "lastUpdate" : "20160219T101657Z"
  }, {
    "type" : "place",
    "startTime" : "20160219T174701+0900",
    "endTime" : "20160220T085829+0900",
    "place" : {
      "id" : 98345442,
      "type" : "unknown",
      "location" : {
        "lat" : 35.7168392789,
        "lon" : 139.7283806079
      }
    },
    "lastUpdate" : "20160220T015115Z"
  } ],
  "lastUpdate" : "20160220T015115Z"
}, {
  "date" : "20160220",
  "segments" : [ {
    "type" : "place",
    "startTime" : "20160219T174701+0900",
    "endTime" : "20160220T085829+0900",
    "place" : {
      "id" : 98345442,
      "type" : "unknown",
      "location" : {
        "lat" : 35.7168392789,
        "lon" : 139.7283806079
      }
    },
    "lastUpdate" : "20160220T015115Z"
  }, {
    "type" : "place",
    "startTime" : "20160220T091620+0900",
    "endTime" : "20160220T094215+0900",
    "place" : {
      "id" : 247325566,
      "type" : "unknown",
      "location" : {
        "lat" : 35.703315,
        "lon" : 139.74152
      }
    },
    "lastUpdate" : "20160220T015115Z"
  }, {
    "type" : "place",
    "startTime" : "20160220T181822+0900",
    "endTime" : "20160221T162456+0900",
    "place" : {
      "id" : 105416472,
      "type" : "unknown",
      "location" : {
        "lat" : 35.7167813087,
        "lon" : 139.7280424577
      }
    },
    "lastUpdate" : "20160221T091826Z"
  } ],
  "lastUpdate" : "20160221T091826Z"
}, {
  "date" : "20160221",
  "segments" : [ {
    "type" : "place",
    "startTime" : "20160220T181822+0900",
    "endTime" : "20160221T162456+0900",
    "place" : {
      "id" : 105416472,
      "type" : "unknown",
      "location" : {
        "lat" : 35.7167813087,
        "lon" : 139.7280424577
      }
    },
    "lastUpdate" : "20160221T091826Z"
  }, {
    "type" : "place",
    "startTime" : "20160221T165409+0900",
    "endTime" : "20160221T170157+0900",
    "place" : {
      "id" : 248155278,
      "type" : "unknown",
      "location" : {
        "lat" : 35.699013,
        "lon" : 139.76998
      }
    },
    "lastUpdate" : "20160221T091826Z"
  }, {
    "type" : "place",
    "startTime" : "20160221T170602+0900",
    "endTime" : "20160221T171248+0900",
    "place" : {
      "id" : 125115083,
      "type" : "unknown",
      "location" : {
        "lat" : 35.6987748798,
        "lon" : 139.7716703481
      }
    },
    "lastUpdate" : "20160221T091827Z"
  }, {
    "type" : "place",
    "startTime" : "20160221T171704+0900",
    "endTime" : "20160221T180407+0900",
    "place" : {
      "id" : 235011086,
      "type" : "unknown",
      "location" : {
        "lat" : 35.700603,
        "lon" : 139.77142
      }
    },
    "lastUpdate" : "20160221T091827Z"
  }, {
    "type" : "place",
    "startTime" : "20160221T181412+0900",
    "endTime" : "20160221T202804+0900",
    "place" : {
      "id" : 238246265,
      "type" : "unknown",
      "location" : {
        "lat" : 35.697996,
        "lon" : 139.77459
      }
    },
    "lastUpdate" : "20160221T122627Z"
  }, {
    "type" : "place",
    "startTime" : "20160221T210340+0900",
    "endTime" : "20160221T212625+0900",
    "place" : {
      "id" : 105416472,
      "type" : "unknown",
      "location" : {
        "lat" : 35.7167813087,
        "lon" : 139.7280424577
      }
    },
    "lastUpdate" : "20160221T122627Z"
  } ],
  "lastUpdate" : "20160223T142108Z"
}, {
  "date" : "20160223",
  "segments" : [ {
    "type" : "place",
    "startTime" : "20160223T071348+0900",
    "endTime" : "20160224T055132+0900",
    "place" : {
      "id" : 98345442,
      "type" : "unknown",
      "location" : {
        "lat" : 35.7168392789,
        "lon" : 139.7283806079
      }
    },
    "lastUpdate" : "20160223T221349Z"
  } ],
  "lastUpdate" : "20160223T221349Z"
}, {
  "date" : "20160224",
  "segments" : [ {
    "type" : "place",
    "startTime" : "20160223T071348+0900",
    "endTime" : "20160224T055132+0900",
    "place" : {
      "id" : 98345442,
      "type" : "unknown",
      "location" : {
        "lat" : 35.7168392789,
        "lon" : 139.7283806079
      }
    },
    "lastUpdate" : "20160223T221349Z"
  }, {
    "type" : "place",
    "startTime" : "20160224T061939+0900",
    "endTime" : "20160224T062157+0900",
    "place" : {
      "id" : 248738851,
      "type" : "unknown",
      "location" : {
        "lat" : 35.677536,
        "lon" : 139.76691
      }
    },
    "lastUpdate" : "20160223T234411Z"
  }, {
    "type" : "place",
    "startTime" : "20160224T074955+0900",
    "endTime" : "20160224T083147+0900",
    "place" : {
      "id" : 208009206,
      "type" : "unknown",
      "location" : {
        "lat" : 35.7783898025,
        "lon" : 140.3843630798
      }
    },
    "lastUpdate" : "20160223T234411Z"
  }, {
    "type" : "place",
    "startTime" : "20160224T083944+0900",
    "endTime" : "20160224T092756+0900",
    "place" : {
      "id" : 200185686,
      "type" : "unknown",
      "location" : {
        "lat" : 35.7810908126,
        "lon" : 140.3868357217
      }
    },
    "lastUpdate" : "20160224T025113Z"
  }, {
    "type" : "place",
    "startTime" : "20160224T112512+0900",
    "endTime" : "20160224T114846+0900",
    "place" : {
      "id" : 200115563,
      "type" : "unknown",
      "location" : {
        "lat" : 42.7899095765,
        "lon" : 141.6793702942
      }
    },
    "lastUpdate" : "20160224T042212Z"
  }, {
    "type" : "place",
    "startTime" : "20160224T114847+0900",
    "endTime" : "20160224T123735+0900",
    "place" : {
      "id" : 247070445,
      "type" : "unknown",
      "location" : {
        "lat" : 42.787561,
        "lon" : 141.68163
      }
    },
    "lastUpdate" : "20160224T042212Z"
  }, {
    "type" : "place",
    "startTime" : "20160224T124029+0900",
    "endTime" : "20160224T124238+0900",
    "place" : {
      "id" : 247070446,
      "type" : "unknown",
      "location" : {
        "lat" : 42.789406,
        "lon" : 141.68021
      }
    },
    "lastUpdate" : "20160224T055358Z"
  }, {
    "type" : "place",
    "startTime" : "20160224T141316+0900",
    "endTime" : "20160224T142222+0900",
    "place" : {
      "id" : 194916953,
      "type" : "unknown",
      "location" : {
        "lat" : 43.0870986105,
        "lon" : 141.3500002739
      }
    },
    "lastUpdate" : "20160224T055358Z"
  }, {
    "type" : "place",
    "startTime" : "20160224T164628+0900",
    "endTime" : "20160225T142748+0900",
    "place" : {
      "id" : 152143834,
      "type" : "unknown",
      "location" : {
        "lat" : 43.0846321394,
        "lon" : 141.3451669726
      }
    },
    "lastUpdate" : "20160225T074631Z"
  } ],
  "lastUpdate" : "20160225T074631Z"
}, {
  "date" : "20160225",
  "segments" : [ {
    "type" : "place",
    "startTime" : "20160224T164628+0900",
    "endTime" : "20160225T142748+0900",
    "place" : {
      "id" : 152143834,
      "type" : "unknown",
      "location" : {
        "lat" : 43.0846321394,
        "lon" : 141.3451669726
      }
    },
    "lastUpdate" : "20160225T074631Z"
  }, {
    "type" : "place",
    "startTime" : "20160225T150050+0900",
    "endTime" : "20160225T150815+0900",
    "place" : {
      "id" : 245828249,
      "type" : "unknown",
      "location" : {
        "lat" : 43.020159,
        "lon" : 141.40285
      }
    },
    "lastUpdate" : "20160225T074631Z"
  } ],
  "lastUpdate" : "20160225T074631Z"
}, {
  "date" : "20160227",
  "segments" : [ {
    "type" : "place",
    "startTime" : "20160227T105533+0900",
    "endTime" : "20160228T095818+0900",
    "place" : {
      "id" : 249010213,
      "type" : "unknown",
      "location" : {
        "lat" : 42.99291,
        "lon" : 141.43761
      }
    },
    "lastUpdate" : "20160228T015536Z"
  } ],
  "lastUpdate" : "20160228T015536Z"
}, {
  "date" : "20160228",
  "segments" : [ {
    "type" : "place",
    "startTime" : "20160227T105533+0900",
    "endTime" : "20160228T095818+0900",
    "place" : {
      "id" : 249010213,
      "type" : "unknown",
      "location" : {
        "lat" : 42.99291,
        "lon" : 141.43761
      }
    },
    "lastUpdate" : "20160228T015536Z"
  }, {
    "type" : "place",
    "startTime" : "20160228T100557+0900",
    "endTime" : "20160228T100948+0900",
    "place" : {
      "id" : 249770918,
      "type" : "unknown",
      "location" : {
        "lat" : 42.990932,
        "lon" : 141.43862
      }
    },
    "lastUpdate" : "20160228T015536Z"
  }, {
    "type" : "place",
    "startTime" : "20160228T101452+0900",
    "endTime" : "20160228T102707+0900",
    "place" : {
      "id" : 249770919,
      "type" : "unknown",
      "location" : {
        "lat" : 42.989243,
        "lon" : 141.44034
      }
    },
    "lastUpdate" : "20160228T015536Z"
  }, {
    "type" : "place",
    "startTime" : "20160228T111856+0900",
    "endTime" : "20160228T112329+0900",
    "place" : {
      "id" : 156039869,
      "type" : "unknown",
      "location" : {
        "lat" : 43.0822555033,
        "lon" : 141.3450571746
      }
    },
    "lastUpdate" : "20160228T032951Z"
  } ],
  "lastUpdate" : "20160228T032951Z"
}, {
  "date" : "20160229",
  "segments" : [ {
    "type" : "place",
    "startTime" : "20160229T140614+0900",
    "endTime" : "20160301T131343+0900",
    "place" : {
      "id" : 152143834,
      "type" : "unknown",
      "location" : {
        "lat" : 43.0846321394,
        "lon" : 141.3451669726
      }
    },
    "lastUpdate" : "20160301T050652Z"
  } ],
  "lastUpdate" : "20160301T050652Z"
} ]