[ {
  "date" : "20150901",
  "segments" : [ {
    "type" : "place",
    "startTime" : "20150831T130215+0900",
    "endTime" : "20150901T090524+0900",
    "place" : {
      "id" : 152143834,
      "type" : "unknown",
      "location" : {
        "lat" : 43.0846321394,
        "lon" : 141.3451669726
      }
    },
    "lastUpdate" : "20150901T023419Z"
  }, {
    "type" : "place",
    "startTime" : "20150901T092716+0900",
    "endTime" : "20150901T093200+0900",
    "place" : {
      "id" : 200115556,
      "type" : "unknown",
      "location" : {
        "lat" : 43.1067013859,
        "lon" : 141.3391835986
      }
    },
    "lastUpdate" : "20150901T023419Z"
  }, {
    "type" : "place",
    "startTime" : "20150901T101652+0900",
    "endTime" : "20150901T102906+0900",
    "place" : {
      "id" : 200115562,
      "type" : "unknown",
      "location" : {
        "lat" : 42.7876999721,
        "lon" : 141.6809777995
      }
    },
    "lastUpdate" : "20150901T023422Z"
  }, {
    "type" : "place",
    "startTime" : "20150901T103518+0900",
    "endTime" : "20150901T110134+0900",
    "place" : {
      "id" : 142113691,
      "type" : "unknown",
      "location" : {
        "lat" : 42.7889466442,
        "lon" : 141.6801833982
      }
    },
    "lastUpdate" : "20150901T023422Z"
  }, {
    "type" : "place",
    "startTime" : "20150901T110134+0900",
    "endTime" : "20150901T124533+0900",
    "place" : {
      "id" : 200115563,
      "type" : "unknown",
      "location" : {
        "lat" : 42.7899095765,
        "lon" : 141.6793702942
      }
    },
    "lastUpdate" : "20150901T053731Z"
  }, {
    "type" : "place",
    "startTime" : "20150901T124918+0900",
    "endTime" : "20150901T130106+0900",
    "place" : {
      "id" : 200185684,
      "type" : "unknown",
      "location" : {
        "lat" : 42.789025269,
        "lon" : 141.6777890969
      }
    },
    "lastUpdate" : "20150901T100003Z"
  }, {
    "type" : "place",
    "startTime" : "20150901T130107+0900",
    "endTime" : "20150901T131055+0900",
    "place" : {
      "id" : 200185685,
      "type" : "unknown",
      "location" : {
        "lat" : 42.7907239166,
        "lon" : 141.6776443619
      }
    },
    "lastUpdate" : "20150901T100003Z"
  }, {
    "type" : "place",
    "startTime" : "20150901T144805+0900",
    "endTime" : "20150901T145030+0900",
    "place" : {
      "id" : 200185686,
      "type" : "unknown",
      "location" : {
        "lat" : 35.7810908126,
        "lon" : 140.3868357217
      }
    },
    "lastUpdate" : "20150901T100003Z"
  }, {
    "type" : "place",
    "startTime" : "20150901T145712+0900",
    "endTime" : "20150901T151607+0900",
    "place" : {
      "id" : 200185687,
      "type" : "unknown",
      "location" : {
        "lat" : 35.7778059536,
        "lon" : 140.3836331479
      }
    },
    "lastUpdate" : "20150901T100003Z"
  }, {
    "type" : "place",
    "startTime" : "20150901T171736+0900",
    "endTime" : "20150902T092440+0900",
    "place" : {
      "id" : 98345442,
      "type" : "unknown",
      "location" : {
        "lat" : 35.7168392789,
        "lon" : 139.7283806079
      }
    },
    "lastUpdate" : "20150902T034714Z"
  } ],
  "lastUpdate" : "20150902T034714Z"
}, {
  "date" : "20150902",
  "segments" : [ {
    "type" : "place",
    "startTime" : "20150901T171736+0900",
    "endTime" : "20150902T092440+0900",
    "place" : {
      "id" : 98345442,
      "type" : "unknown",
      "location" : {
        "lat" : 35.7168392789,
        "lon" : 139.7283806079
      }
    },
    "lastUpdate" : "20150902T034714Z"
  }, {
    "type" : "place",
    "startTime" : "20150902T092652+0900",
    "endTime" : "20150902T093249+0900",
    "place" : {
      "id" : 99619254,
      "type" : "unknown",
      "location" : {
        "lat" : 35.7181698898,
        "lon" : 139.7278969272
      }
    },
    "lastUpdate" : "20150902T034714Z"
  }, {
    "type" : "place",
    "startTime" : "20150902T100121+0900",
    "endTime" : "20150902T112118+0900",
    "place" : {
      "id" : 144651937,
      "type" : "unknown",
      "location" : {
        "lat" : 35.7199819559,
        "lon" : 139.7631469061
      }
    },
    "lastUpdate" : "20150902T034714Z"
  }, {
    "type" : "place",
    "startTime" : "20150902T114603+0900",
    "endTime" : "20150902T171322+0900",
    "place" : {
      "id" : 98345442,
      "type" : "unknown",
      "location" : {
        "lat" : 35.7168392789,
        "lon" : 139.7283806079
      }
    },
    "lastUpdate" : "20150902T124738Z"
  }, {
    "type" : "place",
    "startTime" : "20150902T184455+0900",
    "endTime" : "20150902T214037+0900",
    "place" : {
      "id" : 99571412,
      "type" : "unknown",
      "location" : {
        "lat" : 35.6913110976,
        "lon" : 140.0735591589
      }
    },
    "lastUpdate" : "20150903T045437Z"
  } ],
  "lastUpdate" : "20150903T045437Z"
}, {
  "date" : "20150903",
  "segments" : [ {
    "type" : "place",
    "startTime" : "20150903T105223+0900",
    "endTime" : "20150903T112918+0900",
    "place" : {
      "id" : 200752141,
      "type" : "unknown",
      "location" : {
        "lat" : 35.7294797512,
        "lon" : 139.7123979905
      }
    },
    "lastUpdate" : "20150903T045437Z"
  }, {
    "type" : "place",
    "startTime" : "20150903T113626+0900",
    "endTime" : "20150903T114411+0900",
    "place" : {
      "id" : 145393754,
      "type" : "unknown",
      "location" : {
        "lat" : 35.7308081142,
        "lon" : 139.7133215688
      }
    },
    "lastUpdate" : "20150903T045437Z"
  }, {
    "type" : "place",
    "startTime" : "20150903T121016+0900",
    "endTime" : "20150903T121418+0900",
    "place" : {
      "id" : 200752142,
      "type" : "unknown",
      "location" : {
        "lat" : 35.7197735057,
        "lon" : 139.7271954958
      }
    },
    "lastUpdate" : "20150903T045437Z"
  }, {
    "type" : "place",
    "startTime" : "20150903T122252+0900",
    "endTime" : "20150903T142736+0900",
    "place" : {
      "id" : 98345442,
      "type" : "unknown",
      "location" : {
        "lat" : 35.7168392789,
        "lon" : 139.7283806079
      }
    },
    "lastUpdate" : "20150903T084417Z"
  }, {
    "type" : "place",
    "startTime" : "20150903T160123+0900",
    "endTime" : "20150903T191130+0900",
    "place" : {
      "id" : 99571412,
      "type" : "unknown",
      "location" : {
        "lat" : 35.6913110976,
        "lon" : 140.0735591589
      }
    },
    "lastUpdate" : "20150903T143234Z"
  }, {
    "type" : "place",
    "startTime" : "20150903T203515+0900",
    "endTime" : "20150904T104307+0900",
    "place" : {
      "id" : 98345442,
      "type" : "unknown",
      "location" : {
        "lat" : 35.7168392789,
        "lon" : 139.7283806079
      }
    },
    "lastUpdate" : "20150904T070701Z"
  } ],
  "lastUpdate" : "20150904T070701Z"
}, {
  "date" : "20150904",
  "segments" : [ {
    "type" : "place",
    "startTime" : "20150903T203515+0900",
    "endTime" : "20150904T104307+0900",
    "place" : {
      "id" : 98345442,
      "type" : "unknown",
      "location" : {
        "lat" : 35.7168392789,
        "lon" : 139.7283806079
      }
    },
    "lastUpdate" : "20150904T070701Z"
  }, {
    "type" : "place",
    "startTime" : "20150904T110705+0900",
    "endTime" : "20150904T163256+0900",
    "place" : {
      "id" : 201102407,
      "type" : "unknown",
      "location" : {
        "lat" : 35.7132672407,
        "lon" : 139.7614239889
      }
    },
    "lastUpdate" : "20150904T125125Z"
  }, {
    "type" : "place",
    "startTime" : "20150904T173137+0900",
    "endTime" : "20150904T193625+0900",
    "place" : {
      "id" : 201148646,
      "type" : "unknown",
      "location" : {
        "lat" : 35.7206088919,
        "lon" : 139.6867048389
      }
    },
    "lastUpdate" : "20150904T142220Z"
  }, {
    "type" : "place",
    "startTime" : "20150904T212025+0900",
    "endTime" : "20150904T212306+0900",
    "place" : {
      "id" : 201188412,
      "type" : "unknown",
      "location" : {
        "lat" : 35.7134765657,
        "lon" : 139.7584032581
      }
    },
    "lastUpdate" : "20150904T142220Z"
  }, {
    "type" : "place",
    "startTime" : "20150904T221013+0900",
    "endTime" : "20150906T103512+0900",
    "place" : {
      "id" : 98345442,
      "type" : "unknown",
      "location" : {
        "lat" : 35.7168392789,
        "lon" : 139.7283806079
      }
    },
    "lastUpdate" : "20150906T021002Z"
  } ],
  "lastUpdate" : "20150906T021002Z"
}, {
  "date" : "20150905",
  "segments" : [ {
    "type" : "place",
    "startTime" : "20150904T221013+0900",
    "endTime" : "20150906T103512+0900",
    "place" : {
      "id" : 98345442,
      "type" : "unknown",
      "location" : {
        "lat" : 35.7168392789,
        "lon" : 139.7283806079
      }
    },
    "lastUpdate" : "20150906T021002Z"
  } ],
  "lastUpdate" : "20150906T021002Z"
}, {
  "date" : "20150906",
  "segments" : [ {
    "type" : "place",
    "startTime" : "20150904T221013+0900",
    "endTime" : "20150906T103512+0900",
    "place" : {
      "id" : 98345442,
      "type" : "unknown",
      "location" : {
        "lat" : 35.7168392789,
        "lon" : 139.7283806079
      }
    },
    "lastUpdate" : "20150906T021002Z"
  }, {
    "type" : "place",
    "startTime" : "20150906T104858+0900",
    "endTime" : "20150906T112132+0900",
    "place" : {
      "id" : 201865459,
      "type" : "unknown",
      "location" : {
        "lat" : 35.7293699832,
        "lon" : 139.7184432035
      }
    },
    "lastUpdate" : "20150906T041335Z"
  }, {
    "type" : "place",
    "startTime" : "20150906T112547+0900",
    "endTime" : "20150906T113611+0900",
    "place" : {
      "id" : 201889713,
      "type" : "unknown",
      "location" : {
        "lat" : 35.728054027,
        "lon" : 139.7188472494
      }
    },
    "lastUpdate" : "20150906T041335Z"
  }, {
    "type" : "place",
    "startTime" : "20150906T113919+0900",
    "endTime" : "20150906T114538+0900",
    "place" : {
      "id" : 201889714,
      "type" : "unknown",
      "location" : {
        "lat" : 35.7267412428,
        "lon" : 139.7188338426
      }
    },
    "lastUpdate" : "20150906T041335Z"
  }, {
    "type" : "place",
    "startTime" : "20150906T115150+0900",
    "endTime" : "20150906T122437+0900",
    "place" : {
      "id" : 98345442,
      "type" : "unknown",
      "location" : {
        "lat" : 35.7168392789,
        "lon" : 139.7283806079
      }
    },
    "lastUpdate" : "20150906T082124Z"
  }, {
    "type" : "place",
    "startTime" : "20150906T133709+0900",
    "endTime" : "20150906T134129+0900",
    "place" : {
      "id" : 99609386,
      "type" : "unknown",
      "location" : {
        "lat" : 35.6869611597,
        "lon" : 140.0686755719
      }
    },
    "lastUpdate" : "20150906T082124Z"
  }, {
    "type" : "place",
    "startTime" : "20150906T135257+0900",
    "endTime" : "20150906T171916+0900",
    "place" : {
      "id" : 99571412,
      "type" : "unknown",
      "location" : {
        "lat" : 35.6913110976,
        "lon" : 140.0735591589
      }
    },
    "lastUpdate" : "20150906T095411Z"
  }, {
    "type" : "place",
    "startTime" : "20150906T172452+0900",
    "endTime" : "20150906T173358+0900",
    "place" : {
      "id" : 99609386,
      "type" : "unknown",
      "location" : {
        "lat" : 35.6869611597,
        "lon" : 140.0686755719
      }
    },
    "lastUpdate" : "20150906T095411Z"
  }, {
    "type" : "place",
    "startTime" : "20150906T183820+0900",
    "endTime" : "20150907T185908+0900",
    "place" : {
      "id" : 105416472,
      "type" : "unknown",
      "location" : {
        "lat" : 35.7167813087,
        "lon" : 139.7280424577
      }
    },
    "lastUpdate" : "20150908T102106Z"
  } ],
  "lastUpdate" : "20150908T102106Z"
}, {
  "date" : "20150907",
  "segments" : [ {
    "type" : "place",
    "startTime" : "20150906T183820+0900",
    "endTime" : "20150907T185908+0900",
    "place" : {
      "id" : 105416472,
      "type" : "unknown",
      "location" : {
        "lat" : 35.7167813087,
        "lon" : 139.7280424577
      }
    },
    "lastUpdate" : "20150908T102106Z"
  }, {
    "type" : "place",
    "startTime" : "20150907T185908+0900",
    "endTime" : "20150908T193542+0900",
    "place" : {
      "id" : 98345442,
      "type" : "unknown",
      "location" : {
        "lat" : 35.7168392789,
        "lon" : 139.7283806079
      }
    },
    "lastUpdate" : "20150908T115324Z"
  } ],
  "lastUpdate" : "20150908T115324Z"
}, {
  "date" : "20150908",
  "segments" : [ {
    "type" : "place",
    "startTime" : "20150907T185908+0900",
    "endTime" : "20150908T193542+0900",
    "place" : {
      "id" : 98345442,
      "type" : "unknown",
      "location" : {
        "lat" : 35.7168392789,
        "lon" : 139.7283806079
      }
    },
    "lastUpdate" : "20150908T115324Z"
  }, {
    "type" : "place",
    "startTime" : "20150908T200530+0900",
    "endTime" : "20150908T214746+0900",
    "place" : {
      "id" : 202664760,
      "type" : "unknown",
      "location" : {
        "lat" : 35.7288307802,
        "lon" : 139.7711691205
      }
    },
    "lastUpdate" : "20150908T134228Z"
  }, {
    "type" : "place",
    "startTime" : "20150908T220704+0900",
    "endTime" : "20150908T221252+0900",
    "place" : {
      "id" : 202691500,
      "type" : "unknown",
      "location" : {
        "lat" : 35.7275923117,
        "lon" : 139.7638707828
      }
    },
    "lastUpdate" : "20150908T134228Z"
  }, {
    "type" : "place",
    "startTime" : "20150908T222749+0900",
    "endTime" : "20150910T160141+0900",
    "place" : {
      "id" : 98345442,
      "type" : "unknown",
      "location" : {
        "lat" : 35.7168392789,
        "lon" : 139.7283806079
      }
    },
    "lastUpdate" : "20150910T120652Z"
  } ],
  "lastUpdate" : "20150910T120652Z"
}, {
  "date" : "20150909",
  "segments" : [ {
    "type" : "place",
    "startTime" : "20150908T222749+0900",
    "endTime" : "20150910T160141+0900",
    "place" : {
      "id" : 98345442,
      "type" : "unknown",
      "location" : {
        "lat" : 35.7168392789,
        "lon" : 139.7283806079
      }
    },
    "lastUpdate" : "20150910T120652Z"
  } ],
  "lastUpdate" : "20150910T120652Z"
}, {
  "date" : "20150910",
  "segments" : [ {
    "type" : "place",
    "startTime" : "20150908T222749+0900",
    "endTime" : "20150910T160141+0900",
    "place" : {
      "id" : 98345442,
      "type" : "unknown",
      "location" : {
        "lat" : 35.7168392789,
        "lon" : 139.7283806079
      }
    },
    "lastUpdate" : "20150910T120652Z"
  }, {
    "type" : "place",
    "startTime" : "20150910T172742+0900",
    "endTime" : "20150910T203703+0900",
    "place" : {
      "id" : 99571412,
      "type" : "unknown",
      "location" : {
        "lat" : 35.6913110976,
        "lon" : 140.0735591589
      }
    },
    "lastUpdate" : "20150910T134033Z"
  }, {
    "type" : "place",
    "startTime" : "20150910T203925+0900",
    "endTime" : "20150910T205029+0900",
    "place" : {
      "id" : 99609386,
      "type" : "unknown",
      "location" : {
        "lat" : 35.6869611597,
        "lon" : 140.0686755719
      }
    },
    "lastUpdate" : "20150910T134033Z"
  }, {
    "type" : "place",
    "startTime" : "20150910T221558+0900",
    "endTime" : "20150911T225946+0900",
    "place" : {
      "id" : 98345442,
      "type" : "unknown",
      "location" : {
        "lat" : 35.7168392789,
        "lon" : 139.7283806079
      }
    },
    "lastUpdate" : "20150912T144442Z"
  } ],
  "lastUpdate" : "20150912T144442Z"
}, {
  "date" : "20150911",
  "segments" : [ {
    "type" : "place",
    "startTime" : "20150910T221558+0900",
    "endTime" : "20150911T225946+0900",
    "place" : {
      "id" : 98345442,
      "type" : "unknown",
      "location" : {
        "lat" : 35.7168392789,
        "lon" : 139.7283806079
      }
    },
    "lastUpdate" : "20150912T144442Z"
  }, {
    "type" : "place",
    "startTime" : "20150911T225946+0900",
    "endTime" : "20150913T133120+0900",
    "place" : {
      "id" : 98345442,
      "type" : "unknown",
      "location" : {
        "lat" : 35.7168392789,
        "lon" : 139.7283806079
      }
    },
    "lastUpdate" : "20150913T093253Z"
  } ],
  "lastUpdate" : "20150913T093253Z"
}, {
  "date" : "20150912",
  "segments" : [ {
    "type" : "place",
    "startTime" : "20150911T225946+0900",
    "endTime" : "20150913T133120+0900",
    "place" : {
      "id" : 98345442,
      "type" : "unknown",
      "location" : {
        "lat" : 35.7168392789,
        "lon" : 139.7283806079
      }
    },
    "lastUpdate" : "20150913T093253Z"
  } ],
  "lastUpdate" : "20150913T093253Z"
}, {
  "date" : "20150913",
  "segments" : [ {
    "type" : "place",
    "startTime" : "20150911T225946+0900",
    "endTime" : "20150913T133120+0900",
    "place" : {
      "id" : 98345442,
      "type" : "unknown",
      "location" : {
        "lat" : 35.7168392789,
        "lon" : 139.7283806079
      }
    },
    "lastUpdate" : "20150913T093253Z"
  }, {
    "type" : "place",
    "startTime" : "20150913T145658+0900",
    "endTime" : "20150913T183109+0900",
    "place" : {
      "id" : 99571412,
      "type" : "unknown",
      "location" : {
        "lat" : 35.6913110976,
        "lon" : 140.0735591589
      }
    },
    "lastUpdate" : "20150913T124052Z"
  }, {
    "type" : "place",
    "startTime" : "20150913T194923+0900",
    "endTime" : "20150915T115046+0900",
    "place" : {
      "id" : 98345442,
      "type" : "unknown",
      "location" : {
        "lat" : 35.7168392789,
        "lon" : 139.7283806079
      }
    },
    "lastUpdate" : "20150915T094221Z"
  } ],
  "lastUpdate" : "20150915T094221Z"
}, {
  "date" : "20150914",
  "segments" : [ {
    "type" : "place",
    "startTime" : "20150913T194923+0900",
    "endTime" : "20150915T115046+0900",
    "place" : {
      "id" : 98345442,
      "type" : "unknown",
      "location" : {
        "lat" : 35.7168392789,
        "lon" : 139.7283806079
      }
    },
    "lastUpdate" : "20150915T094221Z"
  } ],
  "lastUpdate" : "20150915T094221Z"
}, {
  "date" : "20150915",
  "segments" : [ {
    "type" : "place",
    "startTime" : "20150913T194923+0900",
    "endTime" : "20150915T115046+0900",
    "place" : {
      "id" : 98345442,
      "type" : "unknown",
      "location" : {
        "lat" : 35.7168392789,
        "lon" : 139.7283806079
      }
    },
    "lastUpdate" : "20150915T094221Z"
  }, {
    "type" : "place",
    "startTime" : "20150915T122334+0900",
    "endTime" : "20150915T122949+0900",
    "place" : {
      "id" : 121240040,
      "type" : "unknown",
      "location" : {
        "lat" : 35.7012420455,
        "lon" : 139.7715502327
      }
    },
    "lastUpdate" : "20150915T094221Z"
  }, {
    "type" : "place",
    "startTime" : "20150915T131441+0900",
    "endTime" : "20150915T131900+0900",
    "place" : {
      "id" : 205026640,
      "type" : "unknown",
      "location" : {
        "lat" : 35.8720861428,
        "lon" : 139.9257244159
      }
    },
    "lastUpdate" : "20150915T094221Z"
  }, {
    "type" : "place",
    "startTime" : "20150915T133544+0900",
    "endTime" : "20150915T183544+0900",
    "place" : {
      "id" : 98399036,
      "type" : "unknown",
      "location" : {
        "lat" : 35.9175705819,
        "lon" : 139.9089836272
      }
    },
    "lastUpdate" : "20150915T230346Z"
  }, {
    "type" : "place",
    "startTime" : "20150915T183934+0900",
    "endTime" : "20150915T184433+0900",
    "place" : {
      "id" : 105706536,
      "type" : "unknown",
      "location" : {
        "lat" : 35.9171078147,
        "lon" : 139.9077602644
      }
    },
    "lastUpdate" : "20150915T230346Z"
  }, {
    "type" : "place",
    "startTime" : "20150915T185313+0900",
    "endTime" : "20150915T200014+0900",
    "place" : {
      "id" : 113155441,
      "type" : "unknown",
      "location" : {
        "lat" : 35.9144756626,
        "lon" : 139.9060874544
      }
    },
    "lastUpdate" : "20150915T230346Z"
  }, {
    "type" : "place",
    "startTime" : "20150915T200531+0900",
    "endTime" : "20150915T202141+0900",
    "place" : {
      "id" : 128200730,
      "type" : "unknown",
      "location" : {
        "lat" : 35.9128714115,
        "lon" : 139.9061220274
      }
    },
    "lastUpdate" : "20150916T043432Z"
  } ],
  "lastUpdate" : "20150916T043432Z"
}, {
  "date" : "20150916",
  "segments" : [ {
    "type" : "place",
    "startTime" : "20150916T080344+0900",
    "endTime" : "20150916T080821+0900",
    "place" : {
      "id" : 128210246,
      "type" : "unknown",
      "location" : {
        "lat" : 35.9122977722,
        "lon" : 139.9077045032
      }
    },
    "lastUpdate" : "20150916T043432Z"
  }, {
    "type" : "place",
    "startTime" : "20150916T081359+0900",
    "endTime" : "20150916T081813+0900",
    "place" : {
      "id" : 113155441,
      "type" : "unknown",
      "location" : {
        "lat" : 35.9144756626,
        "lon" : 139.9060874544
      }
    },
    "lastUpdate" : "20150916T043432Z"
  }, {
    "type" : "place",
    "startTime" : "20150916T092116+0900",
    "endTime" : "20150916T112207+0900",
    "place" : {
      "id" : 105416472,
      "type" : "unknown",
      "location" : {
        "lat" : 35.7167813087,
        "lon" : 139.7280424577
      }
    },
    "lastUpdate" : "20150916T043432Z"
  }, {
    "type" : "place",
    "startTime" : "20150916T114320+0900",
    "endTime" : "20150916T122841+0900",
    "place" : {
      "id" : 205280855,
      "type" : "unknown",
      "location" : {
        "lat" : 35.7300909219,
        "lon" : 139.7165876432
      }
    },
    "lastUpdate" : "20150916T113317Z"
  }, {
    "type" : "place",
    "startTime" : "20150916T123531+0900",
    "endTime" : "20150916T133442+0900",
    "place" : {
      "id" : 201865459,
      "type" : "unknown",
      "location" : {
        "lat" : 35.7293699832,
        "lon" : 139.7184432035
      }
    },
    "lastUpdate" : "20150916T113317Z"
  }, {
    "type" : "place",
    "startTime" : "20150916T134246+0900",
    "endTime" : "20150916T134925+0900",
    "place" : {
      "id" : 205359072,
      "type" : "unknown",
      "location" : {
        "lat" : 35.7268575062,
        "lon" : 139.7184686199
      }
    },
    "lastUpdate" : "20150916T113317Z"
  }, {
    "type" : "place",
    "startTime" : "20150916T135822+0900",
    "endTime" : "20150916T174303+0900",
    "place" : {
      "id" : 98345442,
      "type" : "unknown",
      "location" : {
        "lat" : 35.7168392789,
        "lon" : 139.7283806079
      }
    },
    "lastUpdate" : "20150916T113320Z"
  }, {
    "type" : "place",
    "startTime" : "20150916T180306+0900",
    "endTime" : "20150916T220713+0900",
    "place" : {
      "id" : 205411333,
      "type" : "unknown",
      "location" : {
        "lat" : 35.6753938321,
        "lon" : 139.7377736239
      }
    },
    "lastUpdate" : "20150916T143615Z"
  }, {
    "type" : "place",
    "startTime" : "20150916T225754+0900",
    "endTime" : "20150917T095824+0900",
    "place" : {
      "id" : 98345442,
      "type" : "unknown",
      "location" : {
        "lat" : 35.7168392789,
        "lon" : 139.7283806079
      }
    },
    "lastUpdate" : "20150917T060038Z"
  } ],
  "lastUpdate" : "20150917T060038Z"
}, {
  "date" : "20150917",
  "segments" : [ {
    "type" : "place",
    "startTime" : "20150916T225754+0900",
    "endTime" : "20150917T095824+0900",
    "place" : {
      "id" : 98345442,
      "type" : "unknown",
      "location" : {
        "lat" : 35.7168392789,
        "lon" : 139.7283806079
      }
    },
    "lastUpdate" : "20150917T060038Z"
  }, {
    "type" : "place",
    "startTime" : "20150917T111106+0900",
    "endTime" : "20150917T121038+0900",
    "place" : {
      "id" : 128210246,
      "type" : "unknown",
      "location" : {
        "lat" : 35.9122977722,
        "lon" : 139.9077045032
      }
    },
    "lastUpdate" : "20150917T060040Z"
  }, {
    "type" : "place",
    "startTime" : "20150917T121418+0900",
    "endTime" : "20150917T125243+0900",
    "place" : {
      "id" : 113155441,
      "type" : "unknown",
      "location" : {
        "lat" : 35.9144756626,
        "lon" : 139.9060874544
      }
    },
    "lastUpdate" : "20150917T060040Z"
  }, {
    "type" : "place",
    "startTime" : "20150917T125724+0900",
    "endTime" : "20150917T172448+0900",
    "place" : {
      "id" : 128210246,
      "type" : "unknown",
      "location" : {
        "lat" : 35.9122977722,
        "lon" : 139.9077045032
      }
    },
    "lastUpdate" : "20150917T101522Z"
  }, {
    "type" : "place",
    "startTime" : "20150917T182345+0900",
    "endTime" : "20150917T182824+0900",
    "place" : {
      "id" : 99551702,
      "type" : "unknown",
      "location" : {
        "lat" : 35.7002045413,
        "lon" : 139.9854606578
      }
    },
    "lastUpdate" : "20150917T101522Z"
  }, {
    "type" : "place",
    "startTime" : "20150917T185726+0900",
    "endTime" : "20150917T220507+0900",
    "place" : {
      "id" : 99571412,
      "type" : "unknown",
      "location" : {
        "lat" : 35.6913110976,
        "lon" : 140.0735591589
      }
    },
    "lastUpdate" : "20150917T162135Z"
  }, {
    "type" : "place",
    "startTime" : "20150917T234056+0900",
    "endTime" : "20150919T022908+0900",
    "place" : {
      "id" : 105416472,
      "type" : "unknown",
      "location" : {
        "lat" : 35.7167813087,
        "lon" : 139.7280424577
      }
    },
    "lastUpdate" : "20150919T085516Z"
  } ],
  "lastUpdate" : "20150919T085516Z"
}, {
  "date" : "20150918",
  "segments" : [ {
    "type" : "place",
    "startTime" : "20150917T234056+0900",
    "endTime" : "20150919T022908+0900",
    "place" : {
      "id" : 105416472,
      "type" : "unknown",
      "location" : {
        "lat" : 35.7167813087,
        "lon" : 139.7280424577
      }
    },
    "lastUpdate" : "20150919T085516Z"
  } ],
  "lastUpdate" : "20150919T085516Z"
}, {
  "date" : "20150919",
  "segments" : [ {
    "type" : "place",
    "startTime" : "20150917T234056+0900",
    "endTime" : "20150919T022908+0900",
    "place" : {
      "id" : 105416472,
      "type" : "unknown",
      "location" : {
        "lat" : 35.7167813087,
        "lon" : 139.7280424577
      }
    },
    "lastUpdate" : "20150919T085516Z"
  }, {
    "type" : "place",
    "startTime" : "20150919T115855+0900",
    "endTime" : "20150919T120112+0900",
    "place" : {
      "id" : 206322318,
      "type" : "unknown",
      "location" : {
        "lat" : 35.6982836692,
        "lon" : 139.7720954155
      }
    },
    "lastUpdate" : "20150919T085516Z"
  }, {
    "type" : "place",
    "startTime" : "20150919T120552+0900",
    "endTime" : "20150919T121515+0900",
    "place" : {
      "id" : 206322319,
      "type" : "unknown",
      "location" : {
        "lat" : 35.6993413018,
        "lon" : 139.770264395
      }
    },
    "lastUpdate" : "20150919T085516Z"
  }, {
    "type" : "place",
    "startTime" : "20150919T121515+0900",
    "endTime" : "20150919T123858+0900",
    "place" : {
      "id" : 121245209,
      "type" : "unknown",
      "location" : {
        "lat" : 35.6985173164,
        "lon" : 139.7709779058
      }
    },
    "lastUpdate" : "20150919T085516Z"
  }, {
    "type" : "place",
    "startTime" : "20150919T124948+0900",
    "endTime" : "20150919T143021+0900",
    "place" : {
      "id" : 206322320,
      "type" : "unknown",
      "location" : {
        "lat" : 35.7007339436,
        "lon" : 139.7710524684
      }
    },
    "lastUpdate" : "20150919T105959Z"
  }, {
    "type" : "place",
    "startTime" : "20150919T144342+0900",
    "endTime" : "20150919T175511+0900",
    "place" : {
      "id" : 206322321,
      "type" : "unknown",
      "location" : {
        "lat" : 35.7082510135,
        "lon" : 139.7731243111
      }
    },
    "lastUpdate" : "20150919T105959Z"
  }, {
    "type" : "place",
    "startTime" : "20150919T182855+0900",
    "endTime" : "20150919T195323+0900",
    "place" : {
      "id" : 206361207,
      "type" : "unknown",
      "location" : {
        "lat" : 35.6756449261,
        "lon" : 139.7389477292
      }
    },
    "lastUpdate" : "20150919T150625Z"
  }, {
    "type" : "place",
    "startTime" : "20150919T195818+0900",
    "endTime" : "20150919T233940+0900",
    "place" : {
      "id" : 206463539,
      "type" : "unknown",
      "location" : {
        "lat" : 35.6764735678,
        "lon" : 139.7373325481
      }
    },
    "lastUpdate" : "20150919T180848Z"
  } ],
  "lastUpdate" : "20150919T180848Z"
}, {
  "date" : "20150920",
  "segments" : [ {
    "type" : "place",
    "startTime" : "20150920T002213+0900",
    "endTime" : "20150920T060637+0900",
    "place" : {
      "id" : 206544143,
      "type" : "unknown",
      "location" : {
        "lat" : 35.6945523085,
        "lon" : 139.7381596519
      }
    },
    "lastUpdate" : "20150919T224332Z"
  }, {
    "type" : "place",
    "startTime" : "20150920T062415+0900",
    "endTime" : "20150920T122253+0900",
    "place" : {
      "id" : 105416472,
      "type" : "unknown",
      "location" : {
        "lat" : 35.7167813087,
        "lon" : 139.7280424577
      }
    },
    "lastUpdate" : "20150920T075601Z"
  }, {
    "type" : "place",
    "startTime" : "20150920T123356+0900",
    "endTime" : "20150920T124601+0900",
    "place" : {
      "id" : 138201219,
      "type" : "unknown",
      "location" : {
        "lat" : 35.6916321161,
        "lon" : 139.7362027687
      }
    },
    "lastUpdate" : "20150920T075601Z"
  }, {
    "type" : "place",
    "startTime" : "20150920T135044+0900",
    "endTime" : "20150920T171649+0900",
    "place" : {
      "id" : 99571412,
      "type" : "unknown",
      "location" : {
        "lat" : 35.6913110976,
        "lon" : 140.0735591589
      }
    },
    "lastUpdate" : "20150920T110406Z"
  }, {
    "type" : "place",
    "startTime" : "20150920T182633+0900",
    "endTime" : "20150920T190132+0900",
    "place" : {
      "id" : 98693802,
      "type" : "unknown",
      "location" : {
        "lat" : 35.6771123703,
        "lon" : 139.7371022881
      }
    },
    "lastUpdate" : "20150920T110406Z"
  }, {
    "type" : "place",
    "startTime" : "20150920T190443+0900",
    "endTime" : "20150920T212635+0900",
    "place" : {
      "id" : 123330222,
      "type" : "unknown",
      "location" : {
        "lat" : 35.6753046892,
        "lon" : 139.7374498773
      }
    },
    "lastUpdate" : "20150920T153455Z"
  }, {
    "type" : "place",
    "startTime" : "20150920T215821+0900",
    "endTime" : "20150920T220146+0900",
    "place" : {
      "id" : 206910377,
      "type" : "unknown",
      "location" : {
        "lat" : 35.6739199868,
        "lon" : 139.744896279
      }
    },
    "lastUpdate" : "20150920T153455Z"
  }, {
    "type" : "place",
    "startTime" : "20150920T222706+0900",
    "endTime" : "20150922T175225+0900",
    "place" : {
      "id" : 98345442,
      "type" : "unknown",
      "location" : {
        "lat" : 35.7168392789,
        "lon" : 139.7283806079
      }
    },
    "lastUpdate" : "20150922T143219Z"
  } ],
  "lastUpdate" : "20150922T143219Z"
}, {
  "date" : "20150921",
  "segments" : [ {
    "type" : "place",
    "startTime" : "20150920T222706+0900",
    "endTime" : "20150922T175225+0900",
    "place" : {
      "id" : 98345442,
      "type" : "unknown",
      "location" : {
        "lat" : 35.7168392789,
        "lon" : 139.7283806079
      }
    },
    "lastUpdate" : "20150922T143219Z"
  } ],
  "lastUpdate" : "20150922T143219Z"
}, {
  "date" : "20150922",
  "segments" : [ {
    "type" : "place",
    "startTime" : "20150920T222706+0900",
    "endTime" : "20150922T175225+0900",
    "place" : {
      "id" : 98345442,
      "type" : "unknown",
      "location" : {
        "lat" : 35.7168392789,
        "lon" : 139.7283806079
      }
    },
    "lastUpdate" : "20150922T143219Z"
  }, {
    "type" : "place",
    "startTime" : "20150922T181937+0900",
    "endTime" : "20150922T182131+0900",
    "place" : {
      "id" : 207483577,
      "type" : "unknown",
      "location" : {
        "lat" : 35.6853856921,
        "lon" : 139.7301340929
      }
    },
    "lastUpdate" : "20150922T143219Z"
  }, {
    "type" : "place",
    "startTime" : "20150922T184112+0900",
    "endTime" : "20150922T185316+0900",
    "place" : {
      "id" : 207483577,
      "type" : "unknown",
      "location" : {
        "lat" : 35.6853856921,
        "lon" : 139.7301340929
      }
    },
    "lastUpdate" : "20150922T143219Z"
  }, {
    "type" : "place",
    "startTime" : "20150922T185551+0900",
    "endTime" : "20150922T224817+0900",
    "place" : {
      "id" : 207555027,
      "type" : "unknown",
      "location" : {
        "lat" : 35.686204283,
        "lon" : 139.7291116455
      }
    },
    "lastUpdate" : "20150922T173931Z"
  }, {
    "type" : "place",
    "startTime" : "20150922T230513+0900",
    "endTime" : "20150922T231024+0900",
    "place" : {
      "id" : 207555063,
      "type" : "unknown",
      "location" : {
        "lat" : 35.7011323606,
        "lon" : 139.5057278082
      }
    },
    "lastUpdate" : "20150922T173931Z"
  }, {
    "type" : "place",
    "startTime" : "20150922T233350+0900",
    "endTime" : "20150923T055739+0900",
    "place" : {
      "id" : 207734599,
      "type" : "unknown",
      "location" : {
        "lat" : 35.7083048444,
        "lon" : 139.4941979733
      }
    },
    "lastUpdate" : "20150923T051212Z"
  } ],
  "lastUpdate" : "20150923T051212Z"
}, {
  "date" : "20150923",
  "segments" : [ {
    "type" : "place",
    "startTime" : "20150922T233350+0900",
    "endTime" : "20150923T055739+0900",
    "place" : {
      "id" : 207734599,
      "type" : "unknown",
      "location" : {
        "lat" : 35.7083048444,
        "lon" : 139.4941979733
      }
    },
    "lastUpdate" : "20150923T051212Z"
  }, {
    "type" : "place",
    "startTime" : "20150923T061755+0900",
    "endTime" : "20150923T063144+0900",
    "place" : {
      "id" : 138335815,
      "type" : "unknown",
      "location" : {
        "lat" : 35.7015289081,
        "lon" : 139.5065477724
      }
    },
    "lastUpdate" : "20150923T051212Z"
  }, {
    "type" : "place",
    "startTime" : "20150923T072042+0900",
    "endTime" : "20150923T140920+0900",
    "place" : {
      "id" : 126363238,
      "type" : "unknown",
      "location" : {
        "lat" : 35.7174566601,
        "lon" : 139.7278942126
      }
    },
    "lastUpdate" : "20150923T070112Z"
  }, {
    "type" : "place",
    "startTime" : "20150923T145943+0900",
    "endTime" : "20150923T150613+0900",
    "place" : {
      "id" : 207752718,
      "type" : "unknown",
      "location" : {
        "lat" : 35.6954147387,
        "lon" : 139.7609990716
      }
    },
    "lastUpdate" : "20150923T070112Z"
  }, {
    "type" : "place",
    "startTime" : "20150923T153727+0900",
    "endTime" : "20150923T160655+0900",
    "place" : {
      "id" : 207752728,
      "type" : "unknown",
      "location" : {
        "lat" : 35.6985640718,
        "lon" : 139.7723924418
      }
    },
    "lastUpdate" : "20150923T092718Z"
  }, {
    "type" : "place",
    "startTime" : "20150923T164440+0900",
    "endTime" : "20150923T170623+0900",
    "place" : {
      "id" : 98345442,
      "type" : "unknown",
      "location" : {
        "lat" : 35.7168392789,
        "lon" : 139.7283806079
      }
    },
    "lastUpdate" : "20150923T100415Z"
  }, {
    "type" : "place",
    "startTime" : "20150923T173102+0900",
    "endTime" : "20150923T183156+0900",
    "place" : {
      "id" : 144217528,
      "type" : "unknown",
      "location" : {
        "lat" : 35.7248241108,
        "lon" : 139.7629593282
      }
    },
    "lastUpdate" : "20150923T113839Z"
  }, {
    "type" : "place",
    "startTime" : "20150923T185402+0900",
    "endTime" : "20150924T063144+0900",
    "place" : {
      "id" : 105416472,
      "type" : "unknown",
      "location" : {
        "lat" : 35.7167813087,
        "lon" : 139.7280424577
      }
    },
    "lastUpdate" : "20150923T215952Z"
  } ],
  "lastUpdate" : "20150923T215952Z"
}, {
  "date" : "20150924",
  "segments" : [ {
    "type" : "place",
    "startTime" : "20150923T185402+0900",
    "endTime" : "20150924T063144+0900",
    "place" : {
      "id" : 105416472,
      "type" : "unknown",
      "location" : {
        "lat" : 35.7167813087,
        "lon" : 139.7280424577
      }
    },
    "lastUpdate" : "20150923T215952Z"
  }, {
    "type" : "place",
    "startTime" : "20150924T064356+0900",
    "endTime" : "20150924T070012+0900",
    "place" : {
      "id" : 134623125,
      "type" : "unknown",
      "location" : {
        "lat" : 35.717856652,
        "lon" : 139.7279638952
      }
    },
    "lastUpdate" : "20150924T010426Z"
  }, {
    "type" : "place",
    "startTime" : "20150924T071346+0900",
    "endTime" : "20150924T073241+0900",
    "place" : {
      "id" : 208009192,
      "type" : "unknown",
      "location" : {
        "lat" : 35.6731550061,
        "lon" : 139.7639760428
      }
    },
    "lastUpdate" : "20150924T010429Z"
  }, {
    "type" : "place",
    "startTime" : "20150924T084919+0900",
    "endTime" : "20150924T090557+0900",
    "place" : {
      "id" : 208009206,
      "type" : "unknown",
      "location" : {
        "lat" : 35.7783898025,
        "lon" : 140.3843630798
      }
    },
    "lastUpdate" : "20150924T010429Z"
  }, {
    "type" : "place",
    "startTime" : "20150924T090557+0900",
    "endTime" : "20150924T091306+0900",
    "place" : {
      "id" : 208009207,
      "type" : "unknown",
      "location" : {
        "lat" : 35.7795961656,
        "lon" : 140.3852346172
      }
    },
    "lastUpdate" : "20150924T010429Z"
  }, {
    "type" : "place",
    "startTime" : "20150924T091941+0900",
    "endTime" : "20150924T103950+0900",
    "place" : {
      "id" : 200185686,
      "type" : "unknown",
      "location" : {
        "lat" : 35.7810908126,
        "lon" : 140.3868357217
      }
    },
    "lastUpdate" : "20150924T044650Z"
  }, {
    "type" : "place",
    "startTime" : "20150924T121859+0900",
    "endTime" : "20150924T122836+0900",
    "place" : {
      "id" : 208038492,
      "type" : "unknown",
      "location" : {
        "lat" : 42.7898451194,
        "lon" : 141.6781130045
      }
    },
    "lastUpdate" : "20150924T044650Z"
  }, {
    "type" : "place",
    "startTime" : "20150924T123330+0900",
    "endTime" : "20150924T124859+0900",
    "place" : {
      "id" : 208038493,
      "type" : "unknown",
      "location" : {
        "lat" : 42.7884707993,
        "lon" : 141.680613014
      }
    },
    "lastUpdate" : "20150924T062007Z"
  }, {
    "type" : "place",
    "startTime" : "20150924T140813+0900",
    "endTime" : "20150924T145207+0900",
    "place" : {
      "id" : 152143834,
      "type" : "unknown",
      "location" : {
        "lat" : 43.0846321394,
        "lon" : 141.3451669726
      }
    },
    "lastUpdate" : "20150924T062513Z"
  }, {
    "type" : "place",
    "startTime" : "20150924T145512+0900",
    "endTime" : "20150924T155535+0900",
    "place" : {
      "id" : 141367537,
      "type" : "unknown",
      "location" : {
        "lat" : 43.0794932905,
        "lon" : 141.3403872229
      }
    },
    "lastUpdate" : "20150924T090037Z"
  }, {
    "type" : "place",
    "startTime" : "20150924T155939+0900",
    "endTime" : "20150924T173837+0900",
    "place" : {
      "id" : 146720426,
      "type" : "unknown",
      "location" : {
        "lat" : 43.0698576843,
        "lon" : 141.3437207813
      }
    },
    "lastUpdate" : "20150924T230142Z"
  }, {
    "type" : "place",
    "startTime" : "20150924T180122+0900",
    "endTime" : "20150925T154241+0900",
    "place" : {
      "id" : 152143834,
      "type" : "unknown",
      "location" : {
        "lat" : 43.0846321394,
        "lon" : 141.3451669726
      }
    },
    "lastUpdate" : "20150925T141845Z"
  } ],
  "lastUpdate" : "20150925T141845Z"
}, {
  "date" : "20150925",
  "segments" : [ {
    "type" : "place",
    "startTime" : "20150924T180122+0900",
    "endTime" : "20150925T154241+0900",
    "place" : {
      "id" : 152143834,
      "type" : "unknown",
      "location" : {
        "lat" : 43.0846321394,
        "lon" : 141.3451669726
      }
    },
    "lastUpdate" : "20150925T141845Z"
  }, {
    "type" : "place",
    "startTime" : "20150925T154831+0900",
    "endTime" : "20150925T172506+0900",
    "place" : {
      "id" : 149780344,
      "type" : "unknown",
      "location" : {
        "lat" : 43.079711611,
        "lon" : 141.340634675
      }
    },
    "lastUpdate" : "20150925T141845Z"
  }, {
    "type" : "place",
    "startTime" : "20150925T173011+0900",
    "endTime" : "20150925T200914+0900",
    "place" : {
      "id" : 175650310,
      "type" : "unknown",
      "location" : {
        "lat" : 43.0848409544,
        "lon" : 141.3444336513
      }
    },
    "lastUpdate" : "20150925T141845Z"
  }, {
    "type" : "place",
    "startTime" : "20150925T205221+0900",
    "endTime" : "20150925T212925+0900",
    "place" : {
      "id" : 208482059,
      "type" : "unknown",
      "location" : {
        "lat" : 43.0649182788,
        "lon" : 141.3097835954
      }
    },
    "lastUpdate" : "20150925T141848Z"
  }, {
    "type" : "place",
    "startTime" : "20150925T220947+0900",
    "endTime" : "20150927T144738+0900",
    "place" : {
      "id" : 152143834,
      "type" : "unknown",
      "location" : {
        "lat" : 43.0846321394,
        "lon" : 141.3451669726
      }
    },
    "lastUpdate" : "20150927T133258Z"
  } ],
  "lastUpdate" : "20150927T133258Z"
}, {
  "date" : "20150926",
  "segments" : [ {
    "type" : "place",
    "startTime" : "20150925T220947+0900",
    "endTime" : "20150927T144738+0900",
    "place" : {
      "id" : 152143834,
      "type" : "unknown",
      "location" : {
        "lat" : 43.0846321394,
        "lon" : 141.3451669726
      }
    },
    "lastUpdate" : "20150927T133258Z"
  } ],
  "lastUpdate" : "20150927T133258Z"
}, {
  "date" : "20150927",
  "segments" : [ {
    "type" : "place",
    "startTime" : "20150925T220947+0900",
    "endTime" : "20150927T144738+0900",
    "place" : {
      "id" : 152143834,
      "type" : "unknown",
      "location" : {
        "lat" : 43.0846321394,
        "lon" : 141.3451669726
      }
    },
    "lastUpdate" : "20150927T133258Z"
  }, {
    "type" : "place",
    "startTime" : "20150927T172007+0900",
    "endTime" : "20150927T172435+0900",
    "place" : {
      "id" : 152143834,
      "type" : "unknown",
      "location" : {
        "lat" : 43.0846321394,
        "lon" : 141.3451669726
      }
    },
    "lastUpdate" : "20150927T133258Z"
  }, {
    "type" : "place",
    "startTime" : "20150927T175548+0900",
    "endTime" : "20150928T162254+0900",
    "place" : {
      "id" : 152143834,
      "type" : "unknown",
      "location" : {
        "lat" : 43.0846321394,
        "lon" : 141.3451669726
      }
    },
    "lastUpdate" : "20150928T115954Z"
  } ],
  "lastUpdate" : "20150928T115954Z"
}, {
  "date" : "20150928",
  "segments" : [ {
    "type" : "place",
    "startTime" : "20150927T175548+0900",
    "endTime" : "20150928T162254+0900",
    "place" : {
      "id" : 152143834,
      "type" : "unknown",
      "location" : {
        "lat" : 43.0846321394,
        "lon" : 141.3451669726
      }
    },
    "lastUpdate" : "20150928T115954Z"
  }, {
    "type" : "place",
    "startTime" : "20150928T162551+0900",
    "endTime" : "20150928T170823+0900",
    "place" : {
      "id" : 149780343,
      "type" : "unknown",
      "location" : {
        "lat" : 43.0792161623,
        "lon" : 141.3401961054
      }
    },
    "lastUpdate" : "20150928T115954Z"
  }, {
    "type" : "place",
    "startTime" : "20150928T171157+0900",
    "endTime" : "20150928T171749+0900",
    "place" : {
      "id" : 146720426,
      "type" : "unknown",
      "location" : {
        "lat" : 43.0698576843,
        "lon" : 141.3437207813
      }
    },
    "lastUpdate" : "20150928T115954Z"
  }, {
    "type" : "place",
    "startTime" : "20150928T172159+0900",
    "endTime" : "20150928T181947+0900",
    "place" : {
      "id" : 141749345,
      "type" : "unknown",
      "location" : {
        "lat" : 43.0677357622,
        "lon" : 141.3481825467
      }
    },
    "lastUpdate" : "20150928T115954Z"
  }, {
    "type" : "place",
    "startTime" : "20150928T183007+0900",
    "endTime" : "20150929T125421+0900",
    "place" : {
      "id" : 152143834,
      "type" : "unknown",
      "location" : {
        "lat" : 43.0846321394,
        "lon" : 141.3451669726
      }
    },
    "lastUpdate" : "20150929T050044Z"
  } ],
  "lastUpdate" : "20150929T050044Z"
}, {
  "date" : "20150929",
  "segments" : [ {
    "type" : "place",
    "startTime" : "20150928T183007+0900",
    "endTime" : "20150929T125421+0900",
    "place" : {
      "id" : 152143834,
      "type" : "unknown",
      "location" : {
        "lat" : 43.0846321394,
        "lon" : 141.3451669726
      }
    },
    "lastUpdate" : "20150929T050044Z"
  }, {
    "type" : "place",
    "startTime" : "20150929T125736+0900",
    "endTime" : "20150929T141623+0900",
    "place" : {
      "id" : 141367537,
      "type" : "unknown",
      "location" : {
        "lat" : 43.0794932905,
        "lon" : 141.3403872229
      }
    },
    "lastUpdate" : "20150929T063337Z"
  }, {
    "type" : "place",
    "startTime" : "20150929T142135+0900",
    "endTime" : "20150929T143158+0900",
    "place" : {
      "id" : 209801301,
      "type" : "unknown",
      "location" : {
        "lat" : 43.0762256552,
        "lon" : 141.3468640197
      }
    },
    "lastUpdate" : "20150929T063337Z"
  }, {
    "type" : "place",
    "startTime" : "20150929T143158+0900",
    "endTime" : "20150929T180315+0900",
    "place" : {
      "id" : 147225741,
      "type" : "unknown",
      "location" : {
        "lat" : 43.0792829071,
        "lon" : 141.3406591161
      }
    },
    "lastUpdate" : "20150929T093552Z"
  }, {
    "type" : "place",
    "startTime" : "20150929T181045+0900",
    "endTime" : "20150930T143622+0900",
    "place" : {
      "id" : 152143834,
      "type" : "unknown",
      "location" : {
        "lat" : 43.0846321394,
        "lon" : 141.3451669726
      }
    },
    "lastUpdate" : "20150930T071148Z"
  } ],
  "lastUpdate" : "20150930T071148Z"
}, {
  "date" : "20150930",
  "segments" : [ {
    "type" : "place",
    "startTime" : "20150929T181045+0900",
    "endTime" : "20150930T143622+0900",
    "place" : {
      "id" : 152143834,
      "type" : "unknown",
      "location" : {
        "lat" : 43.0846321394,
        "lon" : 141.3451669726
      }
    },
    "lastUpdate" : "20150930T071148Z"
  }, {
    "type" : "place",
    "startTime" : "20150930T144134+0900",
    "endTime" : "20150930T162632+0900",
    "place" : {
      "id" : 141367536,
      "type" : "unknown",
      "location" : {
        "lat" : 43.0784012398,
        "lon" : 141.340132137
      }
    },
    "lastUpdate" : "20150930T084615Z"
  }, {
    "type" : "place",
    "startTime" : "20150930T163033+0900",
    "endTime" : "20150930T180520+0900",
    "place" : {
      "id" : 149780344,
      "type" : "unknown",
      "location" : {
        "lat" : 43.079711611,
        "lon" : 141.340634675
      }
    },
    "lastUpdate" : "20150930T123407Z"
  }, {
    "type" : "place",
    "startTime" : "20150930T180520+0900",
    "endTime" : "20150930T181604+0900",
    "place" : {
      "id" : 141367536,
      "type" : "unknown",
      "location" : {
        "lat" : 43.0784012398,
        "lon" : 141.340132137
      }
    },
    "lastUpdate" : "20150930T123407Z"
  }, {
    "type" : "place",
    "startTime" : "20150930T182147+0900",
    "endTime" : "20150930T185450+0900",
    "place" : {
      "id" : 153402215,
      "type" : "unknown",
      "location" : {
        "lat" : 43.0899688696,
        "lon" : 141.336395042
      }
    },
    "lastUpdate" : "20150930T123407Z"
  }, {
    "type" : "place",
    "startTime" : "20150930T190401+0900",
    "endTime" : "20151001T085506+0900",
    "place" : {
      "id" : 152143834,
      "type" : "unknown",
      "location" : {
        "lat" : 43.0846321394,
        "lon" : 141.3451669726
      }
    },
    "lastUpdate" : "20151001T005859Z"
  } ],
  "lastUpdate" : "20151001T005859Z"
} ]