[ {
  "date" : "20140929",
  "summary" : [ {
    "activity" : "walking",
    "group" : "walking",
    "duration" : 3528.0,
    "distance" : 3501.0,
    "steps" : 6203,
    "calories" : 208
  }, {
    "activity" : "transport",
    "group" : "transport",
    "duration" : 6366.0,
    "distance" : 74768.0
  } ],
  "segments" : [ {
    "type" : "move",
    "startTime" : "20140929T145907+0900",
    "endTime" : "20140929T150251+0900",
    "activities" : [ {
      "activity" : "walking",
      "group" : "walking",
      "manual" : false,
      "startTime" : "20140929T145907+0900",
      "endTime" : "20140929T150252+0900",
      "duration" : 225.0,
      "distance" : 250.0,
      "steps" : 491,
      "calories" : 15
    } ],
    "lastUpdate" : "20140929T090432Z"
  }, {
    "type" : "place",
    "startTime" : "20140929T150251+0900",
    "endTime" : "20140929T150948+0900",
    "activities" : [ {
      "activity" : "walking",
      "group" : "walking",
      "manual" : false,
      "startTime" : "20140929T150521+0900",
      "endTime" : "20140929T150551+0900",
      "duration" : 30.0,
      "distance" : 20.0,
      "steps" : 40,
      "calories" : 1
    } ],
    "lastUpdate" : "20140929T090432Z"
  }, {
    "type" : "move",
    "startTime" : "20140929T150948+0900",
    "endTime" : "20140929T161956+0900",
    "activities" : [ {
      "activity" : "transport",
      "group" : "transport",
      "manual" : false,
      "startTime" : "20140929T150948+0900",
      "endTime" : "20140929T151522+0900",
      "duration" : 334.0,
      "distance" : 3008.0
    }, {
      "activity" : "walking",
      "group" : "walking",
      "manual" : false,
      "startTime" : "20140929T151522+0900",
      "endTime" : "20140929T151922+0900",
      "duration" : 240.0,
      "distance" : 246.0,
      "steps" : 491,
      "calories" : 15
    }, {
      "activity" : "transport",
      "group" : "transport",
      "manual" : false,
      "startTime" : "20140929T151922+0900",
      "endTime" : "20140929T155248+0900",
      "duration" : 2006.0,
      "distance" : 27857.0
    }, {
      "activity" : "walking",
      "group" : "walking",
      "manual" : false,
      "startTime" : "20140929T155248+0900",
      "endTime" : "20140929T155518+0900",
      "duration" : 150.0,
      "distance" : 174.0,
      "steps" : 310,
      "calories" : 10
    }, {
      "activity" : "transport",
      "group" : "transport",
      "manual" : false,
      "startTime" : "20140929T155518+0900",
      "endTime" : "20140929T160619+0900",
      "duration" : 661.0,
      "distance" : 5854.0
    }, {
      "activity" : "walking",
      "group" : "walking",
      "manual" : false,
      "startTime" : "20140929T160618+0900",
      "endTime" : "20140929T161955+0900",
      "duration" : 817.0,
      "distance" : 782.0,
      "steps" : 1239,
      "calories" : 46
    } ],
    "lastUpdate" : "20140929T090432Z"
  }, {
    "type" : "place",
    "startTime" : "20140929T161956+0900",
    "endTime" : "20140929T210345+0900",
    "activities" : [ {
      "activity" : "walking",
      "group" : "walking",
      "manual" : false,
      "startTime" : "20140929T162149+0900",
      "endTime" : "20140929T162519+0900",
      "duration" : 210.0,
      "distance" : 259.0,
      "steps" : 345,
      "calories" : 15
    }, {
      "activity" : "walking",
      "group" : "walking",
      "manual" : false,
      "startTime" : "20140929T173933+0900",
      "endTime" : "20140929T174233+0900",
      "duration" : 180.0,
      "distance" : 183.0,
      "steps" : 244,
      "calories" : 11
    }, {
      "activity" : "walking",
      "group" : "walking",
      "manual" : false,
      "startTime" : "20140929T181942+0900",
      "endTime" : "20140929T182012+0900",
      "duration" : 30.0,
      "distance" : 20.0,
      "steps" : 41,
      "calories" : 1
    }, {
      "activity" : "walking",
      "group" : "walking",
      "manual" : false,
      "startTime" : "20140929T192417+0900",
      "endTime" : "20140929T192447+0900",
      "duration" : 30.0,
      "distance" : 25.0,
      "steps" : 50,
      "calories" : 1
    }, {
      "activity" : "walking",
      "group" : "walking",
      "manual" : false,
      "startTime" : "20140929T205649+0900",
      "endTime" : "20140929T205729+0900",
      "duration" : 40.0,
      "distance" : 32.0,
      "steps" : 64,
      "calories" : 2
    }, {
      "activity" : "walking",
      "group" : "walking",
      "manual" : false,
      "startTime" : "20140929T210000+0900",
      "endTime" : "20140929T210150+0900",
      "duration" : 110.0,
      "distance" : 74.0,
      "steps" : 149,
      "calories" : 4
    } ],
    "lastUpdate" : "20140929T180456Z"
  }, {
    "type" : "move",
    "startTime" : "20140929T210345+0900",
    "endTime" : "20140929T215952+0900",
    "activities" : [ {
      "activity" : "walking",
      "group" : "walking",
      "manual" : false,
      "startTime" : "20140929T210345+0900",
      "endTime" : "20140929T211519+0900",
      "duration" : 694.0,
      "distance" : 697.0,
      "steps" : 1275,
      "calories" : 41
    }, {
      "activity" : "transport",
      "group" : "transport",
      "manual" : false,
      "startTime" : "20140929T211519+0900",
      "endTime" : "20140929T212249+0900",
      "duration" : 450.0,
      "distance" : 5831.0
    }, {
      "activity" : "walking",
      "group" : "walking",
      "manual" : false,
      "startTime" : "20140929T212250+0900",
      "endTime" : "20140929T212450+0900",
      "duration" : 120.0,
      "distance" : 109.0,
      "steps" : 217,
      "calories" : 6
    }, {
      "activity" : "transport",
      "group" : "transport",
      "manual" : false,
      "startTime" : "20140929T212450+0900",
      "endTime" : "20140929T215741+0900",
      "duration" : 1971.0,
      "distance" : 27047.0
    }, {
      "activity" : "walking",
      "group" : "walking",
      "manual" : false,
      "startTime" : "20140929T215740+0900",
      "endTime" : "20140929T215952+0900",
      "duration" : 132.0,
      "distance" : 126.0,
      "steps" : 251,
      "calories" : 7
    } ],
    "lastUpdate" : "20140929T180456Z"
  }, {
    "type" : "move",
    "startTime" : "20140929T220408+0900",
    "endTime" : "20140929T222802+0900",
    "activities" : [ {
      "activity" : "transport",
      "group" : "transport",
      "manual" : false,
      "startTime" : "20140929T220408+0900",
      "endTime" : "20140929T221040+0900",
      "duration" : 392.0,
      "distance" : 2665.0
    }, {
      "activity" : "walking",
      "group" : "walking",
      "manual" : false,
      "startTime" : "20140929T221040+0900",
      "endTime" : "20140929T221510+0900",
      "duration" : 270.0,
      "distance" : 283.0,
      "steps" : 565,
      "calories" : 17
    }, {
      "activity" : "transport",
      "group" : "transport",
      "manual" : false,
      "startTime" : "20140929T221510+0900",
      "endTime" : "20140929T222422+0900",
      "duration" : 552.0,
      "distance" : 2506.0
    }, {
      "activity" : "walking",
      "group" : "walking",
      "manual" : false,
      "startTime" : "20140929T222422+0900",
      "endTime" : "20140929T222802+0900",
      "duration" : 220.0,
      "distance" : 206.0,
      "steps" : 411,
      "calories" : 12
    } ],
    "lastUpdate" : "20140929T180456Z"
  }, {
    "type" : "place",
    "startTime" : "20140929T222802+0900",
    "endTime" : "20140930T113612+0900",
    "activities" : [ {
      "activity" : "walking",
      "group" : "walking",
      "manual" : false,
      "startTime" : "20140929T223530+0900",
      "endTime" : "20140929T223600+0900",
      "duration" : 30.0,
      "distance" : 15.0,
      "steps" : 20,
      "calories" : 1
    } ],
    "lastUpdate" : "20140930T061040Z"
  } ],
  "caloriesIdle" : 1711,
  "lastUpdate" : "20140930T061040Z"
}, {
  "date" : "20140930",
  "summary" : [ {
    "activity" : "walking",
    "group" : "walking",
    "duration" : 9878.0,
    "distance" : 11058.0,
    "steps" : 14727,
    "calories" : 657
  }, {
    "activity" : "transport",
    "group" : "transport",
    "duration" : 5947.0,
    "distance" : 74653.0
  }, {
    "activity" : "cycling",
    "group" : "cycling",
    "duration" : 782.0,
    "distance" : 1299.0,
    "calories" : 39
  } ],
  "segments" : [ {
    "type" : "move",
    "startTime" : "20140930T113612+0900",
    "endTime" : "20140930T120506+0900",
    "activities" : [ {
      "activity" : "walking",
      "group" : "walking",
      "manual" : false,
      "startTime" : "20140930T113612+0900",
      "endTime" : "20140930T114132+0900",
      "duration" : 320.0,
      "distance" : 308.0,
      "steps" : 616,
      "calories" : 18
    }, {
      "activity" : "transport",
      "group" : "transport",
      "manual" : false,
      "startTime" : "20140930T114132+0900",
      "endTime" : "20140930T114646+0900",
      "duration" : 314.0,
      "distance" : 2443.0
    }, {
      "activity" : "walking",
      "group" : "walking",
      "manual" : false,
      "startTime" : "20140930T114646+0900",
      "endTime" : "20140930T115116+0900",
      "duration" : 270.0,
      "distance" : 250.0,
      "steps" : 484,
      "calories" : 15
    }, {
      "activity" : "transport",
      "group" : "transport",
      "manual" : false,
      "startTime" : "20140930T115116+0900",
      "endTime" : "20140930T115954+0900",
      "duration" : 518.0,
      "distance" : 3061.0
    }, {
      "activity" : "walking",
      "group" : "walking",
      "manual" : false,
      "startTime" : "20140930T115954+0900",
      "endTime" : "20140930T120506+0900",
      "duration" : 312.0,
      "distance" : 283.0,
      "steps" : 566,
      "calories" : 17
    } ],
    "lastUpdate" : "20140930T061040Z"
  }, {
    "type" : "move",
    "startTime" : "20140930T121551+0900",
    "endTime" : "20140930T124139+0900",
    "activities" : [ {
      "activity" : "transport",
      "group" : "transport",
      "manual" : false,
      "startTime" : "20140930T121551+0900",
      "endTime" : "20140930T124138+0900",
      "duration" : 1547.0,
      "distance" : 27559.0
    } ],
    "lastUpdate" : "20140930T061040Z"
  }, {
    "type" : "place",
    "startTime" : "20140930T124139+0900",
    "endTime" : "20140930T124755+0900",
    "activities" : [ {
      "activity" : "walking",
      "group" : "walking",
      "manual" : false,
      "startTime" : "20140930T124309+0900",
      "endTime" : "20140930T124409+0900",
      "duration" : 60.0,
      "distance" : 62.0,
      "steps" : 125,
      "calories" : 4
    } ],
    "lastUpdate" : "20140930T061040Z"
  }, {
    "type" : "move",
    "startTime" : "20140930T124755+0900",
    "endTime" : "20140930T130548+0900",
    "activities" : [ {
      "activity" : "transport",
      "group" : "transport",
      "manual" : false,
      "startTime" : "20140930T124755+0900",
      "endTime" : "20140930T125610+0900",
      "duration" : 495.0,
      "distance" : 5896.0
    }, {
      "activity" : "walking",
      "group" : "walking",
      "manual" : false,
      "startTime" : "20140930T125610+0900",
      "endTime" : "20140930T130548+0900",
      "duration" : 578.0,
      "distance" : 725.0,
      "steps" : 1039,
      "calories" : 43
    } ],
    "lastUpdate" : "20140930T061040Z"
  }, {
    "type" : "place",
    "startTime" : "20140930T130548+0900",
    "endTime" : "20140930T144325+0900",
    "activities" : [ {
      "activity" : "walking",
      "group" : "walking",
      "manual" : false,
      "startTime" : "20140930T130741+0900",
      "endTime" : "20140930T131041+0900",
      "duration" : 180.0,
      "distance" : 160.0,
      "steps" : 213,
      "calories" : 10
    }, {
      "activity" : "walking",
      "group" : "walking",
      "manual" : false,
      "startTime" : "20140930T142133+0900",
      "endTime" : "20140930T142233+0900",
      "duration" : 60.0,
      "distance" : 35.0,
      "steps" : 71,
      "calories" : 2
    } ],
    "lastUpdate" : "20140930T081126Z"
  }, {
    "type" : "move",
    "startTime" : "20140930T144325+0900",
    "endTime" : "20140930T154433+0900",
    "activities" : [ {
      "activity" : "walking",
      "group" : "walking",
      "manual" : false,
      "startTime" : "20140930T144325+0900",
      "endTime" : "20140930T145511+0900",
      "duration" : 706.0,
      "distance" : 797.0,
      "steps" : 1180,
      "calories" : 47
    }, {
      "activity" : "transport",
      "group" : "transport",
      "manual" : false,
      "startTime" : "20140930T145510+0900",
      "endTime" : "20140930T150241+0900",
      "duration" : 451.0,
      "distance" : 5173.0
    }, {
      "activity" : "walking",
      "group" : "walking",
      "manual" : false,
      "startTime" : "20140930T150241+0900",
      "endTime" : "20140930T150441+0900",
      "duration" : 120.0,
      "distance" : 109.0,
      "steps" : 207,
      "calories" : 6
    }, {
      "activity" : "transport",
      "group" : "transport",
      "manual" : false,
      "startTime" : "20140930T150441+0900",
      "endTime" : "20140930T153742+0900",
      "duration" : 1981.0,
      "distance" : 26799.0
    }, {
      "activity" : "walking",
      "group" : "walking",
      "manual" : false,
      "startTime" : "20140930T153742+0900",
      "endTime" : "20140930T154433+0900",
      "duration" : 411.0,
      "distance" : 516.0,
      "steps" : 567,
      "calories" : 31
    } ],
    "lastUpdate" : "20140930T081126Z"
  }, {
    "type" : "move",
    "startTime" : "20140930T160741+0900",
    "endTime" : "20140930T163616+0900",
    "activities" : [ {
      "activity" : "walking",
      "group" : "walking",
      "manual" : false,
      "startTime" : "20140930T160741+0900",
      "endTime" : "20140930T161325+0900",
      "duration" : 344.0,
      "distance" : 221.0,
      "steps" : 442,
      "calories" : 13
    }, {
      "activity" : "transport",
      "group" : "transport",
      "manual" : false,
      "startTime" : "20140930T161325+0900",
      "endTime" : "20140930T161855+0900",
      "duration" : 330.0,
      "distance" : 1102.0
    }, {
      "activity" : "walking",
      "group" : "walking",
      "manual" : false,
      "startTime" : "20140930T161855+0900",
      "endTime" : "20140930T162355+0900",
      "duration" : 300.0,
      "distance" : 315.0,
      "steps" : 629,
      "calories" : 19
    }, {
      "activity" : "transport",
      "group" : "transport",
      "manual" : false,
      "startTime" : "20140930T162355+0900",
      "endTime" : "20140930T162906+0900",
      "duration" : 311.0,
      "distance" : 2620.0
    }, {
      "activity" : "walking",
      "group" : "walking",
      "manual" : false,
      "startTime" : "20140930T162906+0900",
      "endTime" : "20140930T163616+0900",
      "duration" : 430.0,
      "distance" : 695.0,
      "steps" : 786,
      "calories" : 41
    } ],
    "lastUpdate" : "20140930T104807Z"
  }, {
    "type" : "place",
    "startTime" : "20140930T163617+0900",
    "endTime" : "20140930T164954+0900",
    "activities" : [ {
      "activity" : "walking",
      "group" : "walking",
      "manual" : false,
      "startTime" : "20140930T163837+0900",
      "endTime" : "20140930T164207+0900",
      "duration" : 210.0,
      "distance" : 183.0,
      "steps" : 244,
      "calories" : 11
    } ],
    "lastUpdate" : "20140930T104807Z"
  }, {
    "type" : "move",
    "startTime" : "20140930T164954+0900",
    "endTime" : "20140930T170039+0900",
    "activities" : [ {
      "activity" : "walking",
      "group" : "walking",
      "manual" : false,
      "startTime" : "20140930T164954+0900",
      "endTime" : "20140930T170039+0900",
      "duration" : 645.0,
      "distance" : 979.0,
      "steps" : 817,
      "calories" : 58
    } ],
    "lastUpdate" : "20140930T104807Z"
  }, {
    "type" : "place",
    "startTime" : "20140930T170039+0900",
    "endTime" : "20140930T171904+0900",
    "activities" : [ {
      "activity" : "walking",
      "group" : "walking",
      "manual" : false,
      "startTime" : "20140930T170138+0900",
      "endTime" : "20140930T171109+0900",
      "duration" : 571.0,
      "distance" : 528.0,
      "steps" : 703,
      "calories" : 31
    } ],
    "lastUpdate" : "20140930T104807Z"
  }, {
    "type" : "move",
    "startTime" : "20140930T171904+0900",
    "endTime" : "20140930T172715+0900",
    "activities" : [ {
      "activity" : "walking",
      "group" : "walking",
      "manual" : false,
      "startTime" : "20140930T171904+0900",
      "endTime" : "20140930T172716+0900",
      "duration" : 492.0,
      "distance" : 469.0,
      "steps" : 623,
      "calories" : 28
    } ],
    "lastUpdate" : "20140930T104807Z"
  }, {
    "type" : "place",
    "startTime" : "20140930T172716+0900",
    "endTime" : "20140930T181302+0900",
    "activities" : [ {
      "activity" : "walking",
      "group" : "walking",
      "manual" : false,
      "startTime" : "20140930T172840+0900",
      "endTime" : "20140930T173010+0900",
      "duration" : 90.0,
      "distance" : 81.0,
      "steps" : 162,
      "calories" : 5
    }, {
      "activity" : "walking",
      "group" : "walking",
      "manual" : false,
      "startTime" : "20140930T181253+0900",
      "endTime" : "20140930T181302+0900",
      "duration" : 9.0,
      "distance" : 4.0,
      "steps" : 9,
      "calories" : 0
    } ],
    "lastUpdate" : "20140930T123005Z"
  }, {
    "type" : "place",
    "startTime" : "20140930T194807+0900",
    "endTime" : "20140930T215008+0900",
    "activities" : [ {
      "activity" : "walking",
      "group" : "walking",
      "manual" : false,
      "startTime" : "20140930T214526+0900",
      "endTime" : "20140930T214809+0900",
      "duration" : 163.0,
      "distance" : 178.0,
      "steps" : 237,
      "calories" : 11
    } ],
    "lastUpdate" : "20140930T140230Z"
  }, {
    "type" : "move",
    "startTime" : "20140930T215008+0900",
    "endTime" : "20140930T221411+0900",
    "activities" : [ {
      "activity" : "cycling",
      "group" : "cycling",
      "manual" : true,
      "startTime" : "20140930T215008+0900",
      "endTime" : "20140930T220310+0900",
      "duration" : 782.0,
      "distance" : 1299.0,
      "calories" : 39
    }, {
      "activity" : "walking",
      "group" : "walking",
      "manual" : false,
      "startTime" : "20140930T220310+0900",
      "endTime" : "20140930T221411+0900",
      "duration" : 661.0,
      "distance" : 916.0,
      "steps" : 1030,
      "calories" : 54
    } ],
    "lastUpdate" : "20140930T140242Z"
  }, {
    "type" : "place",
    "startTime" : "20140930T221411+0900",
    "endTime" : "20140930T224941+0900",
    "activities" : [ {
      "activity" : "walking",
      "group" : "walking",
      "manual" : false,
      "startTime" : "20140930T222111+0900",
      "endTime" : "20140930T222341+0900",
      "duration" : 150.0,
      "distance" : 195.0,
      "steps" : 259,
      "calories" : 12
    } ],
    "lastUpdate" : "20140930T153345Z"
  }, {
    "type" : "move",
    "startTime" : "20140930T224941+0900",
    "endTime" : "20140930T225617+0900",
    "activities" : [ {
      "activity" : "walking",
      "group" : "walking",
      "manual" : false,
      "startTime" : "20140930T224941+0900",
      "endTime" : "20140930T225617+0900",
      "duration" : 396.0,
      "distance" : 448.0,
      "steps" : 547,
      "calories" : 27
    } ],
    "lastUpdate" : "20140930T153345Z"
  }, {
    "type" : "move",
    "startTime" : "20140930T225912+0900",
    "endTime" : "20140930T231315+0900",
    "activities" : [ {
      "activity" : "walking",
      "group" : "walking",
      "manual" : false,
      "startTime" : "20140930T225912+0900",
      "endTime" : "20140930T231315+0900",
      "duration" : 843.0,
      "distance" : 836.0,
      "steps" : 997,
      "calories" : 50
    } ],
    "lastUpdate" : "20140930T153345Z"
  }, {
    "type" : "place",
    "startTime" : "20140930T231315+0900",
    "endTime" : "20140930T232745+0900",
    "activities" : [ {
      "activity" : "walking",
      "group" : "walking",
      "manual" : false,
      "startTime" : "20140930T231715+0900",
      "endTime" : "20140930T232245+0900",
      "duration" : 330.0,
      "distance" : 335.0,
      "steps" : 447,
      "calories" : 20
    } ],
    "lastUpdate" : "20140930T153345Z"
  }, {
    "type" : "move",
    "startTime" : "20140930T232745+0900",
    "endTime" : "20140930T234742+0900",
    "activities" : [ {
      "activity" : "walking",
      "group" : "walking",
      "manual" : false,
      "startTime" : "20140930T232745+0900",
      "endTime" : "20140930T234742+0900",
      "duration" : 1197.0,
      "distance" : 1404.0,
      "steps" : 1675,
      "calories" : 83
    } ],
    "lastUpdate" : "20140930T153345Z"
  }, {
    "type" : "place",
    "startTime" : "20140930T234742+0900",
    "endTime" : "20141001T000842+0900",
    "activities" : [ {
      "activity" : "walking",
      "group" : "walking",
      "manual" : false,
      "startTime" : "20140930T235247+0900",
      "endTime" : "20140930T235317+0900",
      "duration" : 30.0,
      "distance" : 26.0,
      "steps" : 52,
      "calories" : 2
    } ],
    "lastUpdate" : "20140930T170840Z"
  } ],
  "caloriesIdle" : 1711,
  "lastUpdate" : "20140930T170840Z"
}, {
  "date" : "20141001",
  "summary" : [ {
    "activity" : "walking",
    "group" : "walking",
    "duration" : 2435.0,
    "distance" : 2593.0,
    "steps" : 3838,
    "calories" : 154
  } ],
  "segments" : [ {
    "type" : "place",
    "startTime" : "20141001T000842+0900",
    "endTime" : "20141001T001944+0900",
    "activities" : [ {
      "activity" : "walking",
      "group" : "walking",
      "manual" : false,
      "startTime" : "20141001T001018+0900",
      "endTime" : "20141001T001048+0900",
      "duration" : 30.0,
      "distance" : 20.0,
      "steps" : 41,
      "calories" : 1
    } ],
    "lastUpdate" : "20140930T170840Z"
  }, {
    "type" : "place",
    "startTime" : "20141001T002421+0900",
    "endTime" : "20141001T145242+0900",
    "activities" : [ {
      "activity" : "walking",
      "group" : "walking",
      "manual" : false,
      "startTime" : "20141001T042257+0900",
      "endTime" : "20141001T042327+0900",
      "duration" : 30.0,
      "distance" : 15.0,
      "steps" : 20,
      "calories" : 1
    }, {
      "activity" : "walking",
      "group" : "walking",
      "manual" : false,
      "startTime" : "20141001T144038+0900",
      "endTime" : "20141001T144108+0900",
      "duration" : 30.0,
      "distance" : 15.0,
      "steps" : 30,
      "calories" : 1
    } ],
    "lastUpdate" : "20141001T104131Z"
  }, {
    "type" : "move",
    "startTime" : "20141001T145242+0900",
    "endTime" : "20141001T150124+0900",
    "activities" : [ {
      "activity" : "walking",
      "group" : "walking",
      "manual" : false,
      "startTime" : "20141001T145242+0900",
      "endTime" : "20141001T150124+0900",
      "duration" : 522.0,
      "distance" : 464.0,
      "steps" : 819,
      "calories" : 28
    } ],
    "lastUpdate" : "20141001T104131Z"
  }, {
    "type" : "place",
    "startTime" : "20141001T150124+0900",
    "endTime" : "20141001T193756+0900",
    "activities" : [ {
      "activity" : "walking",
      "group" : "walking",
      "manual" : false,
      "startTime" : "20141001T192114+0900",
      "endTime" : "20141001T192444+0900",
      "duration" : 210.0,
      "distance" : 255.0,
      "steps" : 340,
      "calories" : 15
    } ],
    "lastUpdate" : "20141001T121219Z"
  }, {
    "type" : "move",
    "startTime" : "20141001T193756+0900",
    "endTime" : "20141001T200448+0900",
    "activities" : [ {
      "activity" : "walking",
      "group" : "walking",
      "manual" : false,
      "startTime" : "20141001T193756+0900",
      "endTime" : "20141001T200449+0900",
      "duration" : 1613.0,
      "distance" : 1824.0,
      "steps" : 2588,
      "calories" : 108
    } ],
    "lastUpdate" : "20141001T121219Z"
  } ],
  "caloriesIdle" : 1711,
  "lastUpdate" : "20141002T015733Z"
}, {
  "date" : "20141002",
  "summary" : [ {
    "activity" : "walking",
    "group" : "walking",
    "duration" : 4556.0,
    "distance" : 4747.0,
    "steps" : 8040,
    "calories" : 282
  }, {
    "activity" : "transport",
    "group" : "transport",
    "duration" : 6821.0,
    "distance" : 78369.0
  } ],
  "segments" : [ {
    "type" : "move",
    "startTime" : "20141002T080825+0900",
    "endTime" : "20141002T093117+0900",
    "activities" : [ {
      "activity" : "walking",
      "group" : "walking",
      "manual" : false,
      "startTime" : "20141002T080825+0900",
      "endTime" : "20141002T081243+0900",
      "duration" : 258.0,
      "distance" : 264.0,
      "steps" : 440,
      "calories" : 16
    }, {
      "activity" : "transport",
      "group" : "transport",
      "manual" : false,
      "startTime" : "20141002T081242+0900",
      "endTime" : "20141002T081918+0900",
      "duration" : 396.0,
      "distance" : 2358.0
    }, {
      "activity" : "walking",
      "group" : "walking",
      "manual" : false,
      "startTime" : "20141002T081919+0900",
      "endTime" : "20141002T082349+0900",
      "duration" : 270.0,
      "distance" : 445.0,
      "steps" : 535,
      "calories" : 26
    }, {
      "activity" : "transport",
      "group" : "transport",
      "manual" : false,
      "startTime" : "20141002T082349+0900",
      "endTime" : "20141002T083149+0900",
      "duration" : 480.0,
      "distance" : 3054.0
    }, {
      "activity" : "walking",
      "group" : "walking",
      "manual" : false,
      "startTime" : "20141002T083149+0900",
      "endTime" : "20141002T083649+0900",
      "duration" : 300.0,
      "distance" : 307.0,
      "steps" : 615,
      "calories" : 18
    }, {
      "activity" : "transport",
      "group" : "transport",
      "manual" : false,
      "startTime" : "20141002T083649+0900",
      "endTime" : "20141002T090740+0900",
      "duration" : 1851.0,
      "distance" : 28022.0
    }, {
      "activity" : "walking",
      "group" : "walking",
      "manual" : false,
      "startTime" : "20141002T090739+0900",
      "endTime" : "20141002T091009+0900",
      "duration" : 150.0,
      "distance" : 143.0,
      "steps" : 286,
      "calories" : 8
    }, {
      "activity" : "transport",
      "group" : "transport",
      "manual" : false,
      "startTime" : "20141002T091009+0900",
      "endTime" : "20141002T092146+0900",
      "duration" : 697.0,
      "distance" : 5843.0
    }, {
      "activity" : "walking",
      "group" : "walking",
      "manual" : false,
      "startTime" : "20141002T092146+0900",
      "endTime" : "20141002T093117+0900",
      "duration" : 571.0,
      "distance" : 671.0,
      "steps" : 1069,
      "calories" : 40
    } ],
    "lastUpdate" : "20141002T015733Z"
  }, {
    "type" : "place",
    "startTime" : "20141002T093117+0900",
    "endTime" : "20141002T115931+0900",
    "activities" : [ {
      "activity" : "walking",
      "group" : "walking",
      "manual" : false,
      "startTime" : "20141002T112452+0900",
      "endTime" : "20141002T112622+0900",
      "duration" : 90.0,
      "distance" : 45.0,
      "steps" : 91,
      "calories" : 3
    } ],
    "lastUpdate" : "20141002T050402Z"
  }, {
    "type" : "move",
    "startTime" : "20141002T115931+0900",
    "endTime" : "20141002T120349+0900",
    "activities" : [ {
      "activity" : "walking",
      "group" : "walking",
      "manual" : false,
      "startTime" : "20141002T115931+0900",
      "endTime" : "20141002T120350+0900",
      "duration" : 259.0,
      "distance" : 261.0,
      "steps" : 382,
      "calories" : 16
    } ],
    "lastUpdate" : "20141002T050402Z"
  }, {
    "type" : "place",
    "startTime" : "20141002T120349+0900",
    "endTime" : "20141002T180208+0900",
    "activities" : [ {
      "activity" : "walking",
      "group" : "walking",
      "manual" : false,
      "startTime" : "20141002T122634+0900",
      "endTime" : "20141002T123030+0900",
      "duration" : 236.0,
      "distance" : 283.0,
      "steps" : 377,
      "calories" : 17
    }, {
      "activity" : "walking",
      "group" : "walking",
      "manual" : false,
      "startTime" : "20141002T130000+0900",
      "endTime" : "20141002T130154+0900",
      "duration" : 114.0,
      "distance" : 73.0,
      "steps" : 146,
      "calories" : 4
    }, {
      "activity" : "walking",
      "group" : "walking",
      "manual" : false,
      "startTime" : "20141002T143657+0900",
      "endTime" : "20141002T143837+0900",
      "duration" : 100.0,
      "distance" : 111.0,
      "steps" : 222,
      "calories" : 7
    }, {
      "activity" : "walking",
      "group" : "walking",
      "manual" : false,
      "startTime" : "20141002T161814+0900",
      "endTime" : "20141002T162046+0900",
      "duration" : 152.0,
      "distance" : 231.0,
      "steps" : 307,
      "calories" : 14
    }, {
      "activity" : "walking",
      "group" : "walking",
      "manual" : false,
      "startTime" : "20141002T175818+0900",
      "endTime" : "20141002T180049+0900",
      "duration" : 151.0,
      "distance" : 111.0,
      "steps" : 224,
      "calories" : 7
    } ],
    "lastUpdate" : "20141002T115152Z"
  }, {
    "type" : "move",
    "startTime" : "20141002T180208+0900",
    "endTime" : "20141002T193031+0900",
    "activities" : [ {
      "activity" : "walking",
      "group" : "walking",
      "manual" : false,
      "startTime" : "20141002T180208+0900",
      "endTime" : "20141002T181248+0900",
      "duration" : 640.0,
      "distance" : 679.0,
      "steps" : 1249,
      "calories" : 40
    }, {
      "activity" : "transport",
      "group" : "transport",
      "manual" : false,
      "startTime" : "20141002T181249+0900",
      "endTime" : "20141002T182230+0900",
      "duration" : 581.0,
      "distance" : 5672.0
    }, {
      "activity" : "walking",
      "group" : "walking",
      "manual" : false,
      "startTime" : "20141002T182230+0900",
      "endTime" : "20141002T182500+0900",
      "duration" : 150.0,
      "distance" : 129.0,
      "steps" : 259,
      "calories" : 8
    }, {
      "activity" : "transport",
      "group" : "transport",
      "manual" : false,
      "startTime" : "20141002T182500+0900",
      "endTime" : "20141002T185602+0900",
      "duration" : 1862.0,
      "distance" : 28039.0
    }, {
      "activity" : "walking",
      "group" : "walking",
      "manual" : false,
      "startTime" : "20141002T185602+0900",
      "endTime" : "20141002T190133+0900",
      "duration" : 331.0,
      "distance" : 287.0,
      "steps" : 556,
      "calories" : 17
    }, {
      "activity" : "transport",
      "group" : "transport",
      "manual" : false,
      "startTime" : "20141002T190132+0900",
      "endTime" : "20141002T191103+0900",
      "duration" : 571.0,
      "distance" : 2744.0
    }, {
      "activity" : "walking",
      "group" : "walking",
      "manual" : false,
      "startTime" : "20141002T191103+0900",
      "endTime" : "20141002T191603+0900",
      "duration" : 300.0,
      "distance" : 323.0,
      "steps" : 560,
      "calories" : 19
    }, {
      "activity" : "transport",
      "group" : "transport",
      "manual" : false,
      "startTime" : "20141002T191603+0900",
      "endTime" : "20141002T192226+0900",
      "duration" : 383.0,
      "distance" : 2637.0
    }, {
      "activity" : "walking",
      "group" : "walking",
      "manual" : false,
      "startTime" : "20141002T192226+0900",
      "endTime" : "20141002T193030+0900",
      "duration" : 484.0,
      "distance" : 384.0,
      "steps" : 722,
      "calories" : 23
    } ],
    "lastUpdate" : "20141002T115152Z"
  } ],
  "caloriesIdle" : 1711,
  "lastUpdate" : "20141003T094159Z"
}, {
  "date" : "20141003",
  "summary" : [ {
    "activity" : "walking",
    "group" : "walking",
    "duration" : 5218.0,
    "distance" : 6650.0,
    "steps" : 8772,
    "calories" : 395
  }, {
    "activity" : "transport",
    "group" : "transport",
    "duration" : 13712.0,
    "distance" : 153732.0
  } ],
  "segments" : [ {
    "type" : "place",
    "startTime" : "20141002T193031+0900",
    "endTime" : "20141003T113235+0900",
    "activities" : [ {
      "activity" : "walking",
      "group" : "walking",
      "manual" : false,
      "startTime" : "20141003T063434+0900",
      "endTime" : "20141003T063504+0900",
      "duration" : 30.0,
      "distance" : 15.0,
      "steps" : 20,
      "calories" : 1
    }, {
      "activity" : "walking",
      "group" : "walking",
      "manual" : false,
      "startTime" : "20141003T110038+0900",
      "endTime" : "20141003T110138+0900",
      "duration" : 60.0,
      "distance" : 46.0,
      "steps" : 91,
      "calories" : 3
    } ],
    "lastUpdate" : "20141003T094159Z"
  }, {
    "type" : "move",
    "startTime" : "20141003T113235+0900",
    "endTime" : "20141003T125821+0900",
    "activities" : [ {
      "activity" : "walking",
      "group" : "walking",
      "manual" : false,
      "startTime" : "20141003T113235+0900",
      "endTime" : "20141003T113819+0900",
      "duration" : 344.0,
      "distance" : 228.0,
      "steps" : 457,
      "calories" : 14
    }, {
      "activity" : "transport",
      "group" : "transport",
      "manual" : false,
      "startTime" : "20141003T113819+0900",
      "endTime" : "20141003T114755+0900",
      "duration" : 576.0,
      "distance" : 2580.0
    }, {
      "activity" : "walking",
      "group" : "walking",
      "manual" : false,
      "startTime" : "20141003T114755+0900",
      "endTime" : "20141003T115156+0900",
      "duration" : 241.0,
      "distance" : 372.0,
      "steps" : 451,
      "calories" : 22
    }, {
      "activity" : "transport",
      "group" : "transport",
      "manual" : false,
      "startTime" : "20141003T115156+0900",
      "endTime" : "20141003T115956+0900",
      "duration" : 480.0,
      "distance" : 2675.0
    }, {
      "activity" : "walking",
      "group" : "walking",
      "manual" : false,
      "startTime" : "20141003T115956+0900",
      "endTime" : "20141003T120357+0900",
      "duration" : 241.0,
      "distance" : 616.0,
      "steps" : 518,
      "calories" : 37
    }, {
      "activity" : "transport",
      "group" : "transport",
      "manual" : false,
      "startTime" : "20141003T120356+0900",
      "endTime" : "20141003T124549+0900",
      "duration" : 2513.0,
      "distance" : 56219.0
    }, {
      "activity" : "walking",
      "group" : "walking",
      "manual" : false,
      "startTime" : "20141003T124549+0900",
      "endTime" : "20141003T125821+0900",
      "duration" : 752.0,
      "distance" : 1145.0,
      "steps" : 1234,
      "calories" : 68
    } ],
    "lastUpdate" : "20141003T094159Z"
  }, {
    "type" : "place",
    "startTime" : "20141003T125821+0900",
    "endTime" : "20141003T150309+0900",
    "activities" : [ {
      "activity" : "walking",
      "group" : "walking",
      "manual" : false,
      "startTime" : "20141003T130120+0900",
      "endTime" : "20141003T130220+0900",
      "duration" : 60.0,
      "distance" : 66.0,
      "steps" : 132,
      "calories" : 4
    }, {
      "activity" : "walking",
      "group" : "walking",
      "manual" : false,
      "startTime" : "20141003T143912+0900",
      "endTime" : "20141003T144155+0900",
      "duration" : 163.0,
      "distance" : 181.0,
      "steps" : 242,
      "calories" : 11
    } ],
    "lastUpdate" : "20141003T094159Z"
  }, {
    "type" : "move",
    "startTime" : "20141003T150309+0900",
    "endTime" : "20141003T160435+0900",
    "activities" : [ {
      "activity" : "walking",
      "group" : "walking",
      "manual" : false,
      "startTime" : "20141003T150309+0900",
      "endTime" : "20141003T151206+0900",
      "duration" : 537.0,
      "distance" : 778.0,
      "steps" : 994,
      "calories" : 46
    }, {
      "activity" : "transport",
      "group" : "transport",
      "manual" : false,
      "startTime" : "20141003T151206+0900",
      "endTime" : "20141003T152851+0900",
      "duration" : 1005.0,
      "distance" : 10347.0
    }, {
      "activity" : "walking",
      "group" : "walking",
      "manual" : false,
      "startTime" : "20141003T152851+0900",
      "endTime" : "20141003T153051+0900",
      "duration" : 120.0,
      "distance" : 91.0,
      "steps" : 183,
      "calories" : 5
    }, {
      "activity" : "transport",
      "group" : "transport",
      "manual" : false,
      "startTime" : "20141003T153051+0900",
      "endTime" : "20141003T160436+0900",
      "duration" : 2025.0,
      "distance" : 20750.0
    } ],
    "lastUpdate" : "20141003T094159Z"
  }, {
    "type" : "place",
    "startTime" : "20141003T160436+0900",
    "endTime" : "20141003T161445+0900",
    "activities" : [ {
      "activity" : "walking",
      "group" : "walking",
      "manual" : false,
      "startTime" : "20141003T160706+0900",
      "endTime" : "20141003T161437+0900",
      "duration" : 451.0,
      "distance" : 424.0,
      "steps" : 566,
      "calories" : 25
    } ],
    "lastUpdate" : "20141003T094159Z"
  }, {
    "type" : "place",
    "startTime" : "20141003T161445+0900",
    "endTime" : "20141003T162934+0900",
    "activities" : [ {
      "activity" : "walking",
      "group" : "walking",
      "manual" : false,
      "startTime" : "20141003T161907+0900",
      "endTime" : "20141003T162137+0900",
      "duration" : 150.0,
      "distance" : 145.0,
      "steps" : 193,
      "calories" : 9
    } ],
    "lastUpdate" : "20141003T094159Z"
  }, {
    "type" : "move",
    "startTime" : "20141003T162934+0900",
    "endTime" : "20141003T173713+0900",
    "activities" : [ {
      "activity" : "transport",
      "group" : "transport",
      "manual" : false,
      "startTime" : "20141003T162934+0900",
      "endTime" : "20141003T165640+0900",
      "duration" : 1626.0,
      "distance" : 9080.0
    }, {
      "activity" : "walking",
      "group" : "walking",
      "manual" : false,
      "startTime" : "20141003T165640+0900",
      "endTime" : "20141003T165910+0900",
      "duration" : 150.0,
      "distance" : 93.0,
      "steps" : 185,
      "calories" : 6
    }, {
      "activity" : "transport",
      "group" : "transport",
      "manual" : false,
      "startTime" : "20141003T165910+0900",
      "endTime" : "20141003T172701+0900",
      "duration" : 1671.0,
      "distance" : 14868.0
    }, {
      "activity" : "walking",
      "group" : "walking",
      "manual" : false,
      "startTime" : "20141003T172701+0900",
      "endTime" : "20141003T173713+0900",
      "duration" : 612.0,
      "distance" : 1015.0,
      "steps" : 1247,
      "calories" : 60
    } ],
    "lastUpdate" : "20141003T094159Z"
  }, {
    "type" : "place",
    "startTime" : "20141003T173713+0900",
    "endTime" : "20141003T195526+0900",
    "activities" : [ {
      "activity" : "walking",
      "group" : "walking",
      "manual" : false,
      "startTime" : "20141003T195443+0900",
      "endTime" : "20141003T195513+0900",
      "duration" : 30.0,
      "distance" : 15.0,
      "steps" : 20,
      "calories" : 1
    } ],
    "lastUpdate" : "20141003T141326Z"
  }, {
    "type" : "move",
    "startTime" : "20141003T195526+0900",
    "endTime" : "20141003T195916+0900",
    "activities" : [ {
      "activity" : "transport",
      "group" : "transport",
      "manual" : false,
      "startTime" : "20141003T195526+0900",
      "endTime" : "20141003T195916+0900",
      "duration" : 230.0,
      "distance" : 1002.0
    } ],
    "lastUpdate" : "20141003T141327Z"
  }, {
    "type" : "place",
    "startTime" : "20141003T195917+0900",
    "endTime" : "20141003T200434+0900",
    "activities" : [ {
      "activity" : "walking",
      "group" : "walking",
      "manual" : false,
      "startTime" : "20141003T195917+0900",
      "endTime" : "20141003T200044+0900",
      "duration" : 87.0,
      "distance" : 79.0,
      "steps" : 159,
      "calories" : 5
    } ],
    "lastUpdate" : "20141003T141327Z"
  }, {
    "type" : "move",
    "startTime" : "20141003T200434+0900",
    "endTime" : "20141003T211350+0900",
    "activities" : [ {
      "activity" : "transport",
      "group" : "transport",
      "manual" : false,
      "startTime" : "20141003T200434+0900",
      "endTime" : "20141003T202113+0900",
      "duration" : 999.0,
      "distance" : 9059.0
    }, {
      "activity" : "walking",
      "group" : "walking",
      "manual" : false,
      "startTime" : "20141003T202113+0900",
      "endTime" : "20141003T202413+0900",
      "duration" : 180.0,
      "distance" : 177.0,
      "steps" : 340,
      "calories" : 11
    }, {
      "activity" : "transport",
      "group" : "transport",
      "manual" : false,
      "startTime" : "20141003T202413+0900",
      "endTime" : "20141003T210216+0900",
      "duration" : 2283.0,
      "distance" : 24632.0
    }, {
      "activity" : "walking",
      "group" : "walking",
      "manual" : false,
      "startTime" : "20141003T210215+0900",
      "endTime" : "20141003T210545+0900",
      "duration" : 210.0,
      "distance" : 220.0,
      "steps" : 416,
      "calories" : 13
    }, {
      "activity" : "transport",
      "group" : "transport",
      "manual" : false,
      "startTime" : "20141003T210545+0900",
      "endTime" : "20141003T211049+0900",
      "duration" : 304.0,
      "distance" : 2520.0
    }, {
      "activity" : "walking",
      "group" : "walking",
      "manual" : false,
      "startTime" : "20141003T211049+0900",
      "endTime" : "20141003T211350+0900",
      "duration" : 181.0,
      "distance" : 145.0,
      "steps" : 291,
      "calories" : 9
    } ],
    "lastUpdate" : "20141003T141327Z"
  }, {
    "type" : "move",
    "startTime" : "20141003T212015+0900",
    "endTime" : "20141003T212520+0900",
    "activities" : [ {
      "activity" : "walking",
      "group" : "walking",
      "manual" : false,
      "startTime" : "20141003T212015+0900",
      "endTime" : "20141003T212520+0900",
      "duration" : 305.0,
      "distance" : 350.0,
      "steps" : 454,
      "calories" : 21
    } ],
    "lastUpdate" : "20141003T141327Z"
  }, {
    "type" : "move",
    "startTime" : "20141003T212744+0900",
    "endTime" : "20141003T213023+0900",
    "activities" : [ {
      "activity" : "walking",
      "group" : "walking",
      "manual" : false,
      "startTime" : "20141003T212744+0900",
      "endTime" : "20141003T213023+0900",
      "duration" : 159.0,
      "distance" : 237.0,
      "steps" : 297,
      "calories" : 14
    } ],
    "lastUpdate" : "20141003T141327Z"
  }, {
    "type" : "place",
    "startTime" : "20141003T213023+0900",
    "endTime" : "20141004T123345+0900",
    "activities" : [ {
      "activity" : "walking",
      "group" : "walking",
      "manual" : false,
      "startTime" : "20141003T213150+0900",
      "endTime" : "20141003T213425+0900",
      "duration" : 155.0,
      "distance" : 212.0,
      "steps" : 282,
      "calories" : 13
    } ],
    "lastUpdate" : "20141004T065605Z"
  } ],
  "caloriesIdle" : 1711,
  "lastUpdate" : "20141004T065605Z"
}, {
  "date" : "20141004",
  "summary" : [ {
    "activity" : "walking",
    "group" : "walking",
    "duration" : 3885.0,
    "distance" : 4511.0,
    "steps" : 6869,
    "calories" : 268
  }, {
    "activity" : "transport",
    "group" : "transport",
    "duration" : 4305.0,
    "distance" : 31729.0
  } ],
  "segments" : [ {
    "type" : "place",
    "startTime" : "20141003T213023+0900",
    "endTime" : "20141004T123345+0900",
    "activities" : [ {
      "activity" : "walking",
      "group" : "walking",
      "manual" : false,
      "startTime" : "20141004T120036+0900",
      "endTime" : "20141004T120106+0900",
      "duration" : 30.0,
      "distance" : 15.0,
      "steps" : 30,
      "calories" : 1
    } ],
    "lastUpdate" : "20141004T065605Z"
  }, {
    "type" : "move",
    "startTime" : "20141004T123345+0900",
    "endTime" : "20141004T132951+0900",
    "activities" : [ {
      "activity" : "walking",
      "group" : "walking",
      "manual" : false,
      "startTime" : "20141004T123345+0900",
      "endTime" : "20141004T123615+0900",
      "duration" : 150.0,
      "distance" : 155.0,
      "steps" : 309,
      "calories" : 9
    }, {
      "activity" : "transport",
      "group" : "transport",
      "manual" : false,
      "startTime" : "20141004T123615+0900",
      "endTime" : "20141004T124717+0900",
      "duration" : 662.0,
      "distance" : 2488.0
    }, {
      "activity" : "walking",
      "group" : "walking",
      "manual" : false,
      "startTime" : "20141004T124717+0900",
      "endTime" : "20141004T125047+0900",
      "duration" : 210.0,
      "distance" : 306.0,
      "steps" : 433,
      "calories" : 18
    }, {
      "activity" : "transport",
      "group" : "transport",
      "manual" : false,
      "startTime" : "20141004T125047+0900",
      "endTime" : "20141004T132149+0900",
      "duration" : 1862.0,
      "distance" : 14845.0
    }, {
      "activity" : "walking",
      "group" : "walking",
      "manual" : false,
      "startTime" : "20141004T132149+0900",
      "endTime" : "20141004T132952+0900",
      "duration" : 483.0,
      "distance" : 608.0,
      "steps" : 808,
      "calories" : 36
    } ],
    "lastUpdate" : "20141004T065605Z"
  }, {
    "type" : "place",
    "startTime" : "20141004T132951+0900",
    "endTime" : "20141004T134750+0900",
    "activities" : [ {
      "activity" : "walking",
      "group" : "walking",
      "manual" : false,
      "startTime" : "20141004T133220+0900",
      "endTime" : "20141004T133415+0900",
      "duration" : 115.0,
      "distance" : 83.0,
      "steps" : 167,
      "calories" : 5
    } ],
    "lastUpdate" : "20141004T073047Z"
  }, {
    "type" : "place",
    "startTime" : "20141004T155630+0900",
    "endTime" : "20141004T172320+0900",
    "activities" : [ {
      "activity" : "walking",
      "group" : "walking",
      "manual" : false,
      "startTime" : "20141004T160047+0900",
      "endTime" : "20141004T160347+0900",
      "duration" : 180.0,
      "distance" : 168.0,
      "steps" : 224,
      "calories" : 10
    } ],
    "lastUpdate" : "20141004T111037Z"
  }, {
    "type" : "move",
    "startTime" : "20141004T172320+0900",
    "endTime" : "20141004T173044+0900",
    "activities" : [ {
      "activity" : "walking",
      "group" : "walking",
      "manual" : false,
      "startTime" : "20141004T172320+0900",
      "endTime" : "20141004T173044+0900",
      "duration" : 444.0,
      "distance" : 445.0,
      "steps" : 801,
      "calories" : 26
    } ],
    "lastUpdate" : "20141004T111037Z"
  }, {
    "type" : "place",
    "startTime" : "20141004T173044+0900",
    "endTime" : "20141004T195541+0900",
    "activities" : [ {
      "activity" : "walking",
      "group" : "walking",
      "manual" : false,
      "startTime" : "20141004T173044+0900",
      "endTime" : "20141004T173045+0900",
      "duration" : 1.0,
      "distance" : 0.0,
      "steps" : 1,
      "calories" : 0
    } ],
    "lastUpdate" : "20141004T142849Z"
  }, {
    "type" : "move",
    "startTime" : "20141004T195541+0900",
    "endTime" : "20141004T202751+0900",
    "activities" : [ {
      "activity" : "transport",
      "group" : "transport",
      "manual" : false,
      "startTime" : "20141004T195541+0900",
      "endTime" : "20141004T200220+0900",
      "duration" : 399.0,
      "distance" : 645.0
    }, {
      "activity" : "walking",
      "group" : "walking",
      "manual" : false,
      "startTime" : "20141004T200219+0900",
      "endTime" : "20141004T200449+0900",
      "duration" : 150.0,
      "distance" : 178.0,
      "steps" : 355,
      "calories" : 11
    }, {
      "activity" : "transport",
      "group" : "transport",
      "manual" : false,
      "startTime" : "20141004T200449+0900",
      "endTime" : "20141004T202751+0900",
      "duration" : 1382.0,
      "distance" : 13751.0
    } ],
    "lastUpdate" : "20141004T142849Z"
  }, {
    "type" : "place",
    "startTime" : "20141004T202751+0900",
    "endTime" : "20141004T203100+0900",
    "activities" : [ {
      "activity" : "walking",
      "group" : "walking",
      "manual" : false,
      "startTime" : "20141004T202811+0900",
      "endTime" : "20141004T202911+0900",
      "duration" : 60.0,
      "distance" : 41.0,
      "steps" : 82,
      "calories" : 2
    } ],
    "lastUpdate" : "20141004T142849Z"
  }, {
    "type" : "move",
    "startTime" : "20141004T203100+0900",
    "endTime" : "20141004T203846+0900",
    "activities" : [ {
      "activity" : "walking",
      "group" : "walking",
      "manual" : false,
      "startTime" : "20141004T203100+0900",
      "endTime" : "20141004T203846+0900",
      "duration" : 466.0,
      "distance" : 495.0,
      "steps" : 770,
      "calories" : 29
    } ],
    "lastUpdate" : "20141004T142849Z"
  }, {
    "type" : "place",
    "startTime" : "20141004T203846+0900",
    "endTime" : "20141004T205957+0900",
    "activities" : [ {
      "activity" : "walking",
      "group" : "walking",
      "manual" : false,
      "startTime" : "20141004T204242+0900",
      "endTime" : "20141004T204312+0900",
      "duration" : 30.0,
      "distance" : 15.0,
      "steps" : 21,
      "calories" : 1
    } ],
    "lastUpdate" : "20141004T142849Z"
  }, {
    "type" : "move",
    "startTime" : "20141004T205957+0900",
    "endTime" : "20141004T210650+0900",
    "activities" : [ {
      "activity" : "walking",
      "group" : "walking",
      "manual" : false,
      "startTime" : "20141004T205957+0900",
      "endTime" : "20141004T210650+0900",
      "duration" : 413.0,
      "distance" : 445.0,
      "steps" : 797,
      "calories" : 26
    } ],
    "lastUpdate" : "20141004T142849Z"
  }, {
    "type" : "place",
    "startTime" : "20141004T210650+0900",
    "endTime" : "20141004T211548+0900",
    "activities" : [ {
      "activity" : "walking",
      "group" : "walking",
      "manual" : false,
      "startTime" : "20141004T210820+0900",
      "endTime" : "20141004T211020+0900",
      "duration" : 120.0,
      "distance" : 183.0,
      "steps" : 243,
      "calories" : 11
    } ],
    "lastUpdate" : "20141004T142849Z"
  }, {
    "type" : "move",
    "startTime" : "20141004T211548+0900",
    "endTime" : "20141004T213301+0900",
    "activities" : [ {
      "activity" : "walking",
      "group" : "walking",
      "manual" : false,
      "startTime" : "20141004T211548+0900",
      "endTime" : "20141004T213301+0900",
      "duration" : 1033.0,
      "distance" : 1374.0,
      "steps" : 1828,
      "calories" : 82
    } ],
    "lastUpdate" : "20141004T142849Z"
  } ],
  "caloriesIdle" : 1711,
  "lastUpdate" : "20141005T011758Z"
}, {
  "date" : "20141005",
  "summary" : [ {
    "activity" : "walking",
    "group" : "walking",
    "duration" : 3458.0,
    "distance" : 3956.0,
    "steps" : 5710,
    "calories" : 235
  }, {
    "activity" : "transport",
    "group" : "transport",
    "duration" : 7588.0,
    "distance" : 80112.0
  }, {
    "activity" : "running",
    "group" : "running",
    "duration" : 163.0,
    "distance" : 278.0,
    "steps" : 397,
    "calories" : 21
  } ],
  "segments" : [ {
    "type" : "place",
    "startTime" : "20141004T213301+0900",
    "endTime" : "20141005T072004+0900",
    "activities" : [ {
      "activity" : "walking",
      "group" : "walking",
      "manual" : false,
      "startTime" : "20141005T000425+0900",
      "endTime" : "20141005T000458+0900",
      "duration" : 33.0,
      "distance" : 28.0,
      "steps" : 56,
      "calories" : 2
    }, {
      "activity" : "walking",
      "group" : "walking",
      "manual" : false,
      "startTime" : "20141005T071823+0900",
      "endTime" : "20141005T071853+0900",
      "duration" : 30.0,
      "distance" : 20.0,
      "steps" : 41,
      "calories" : 1
    } ],
    "lastUpdate" : "20141005T011758Z"
  }, {
    "type" : "move",
    "startTime" : "20141005T072004+0900",
    "endTime" : "20141005T073354+0900",
    "activities" : [ {
      "activity" : "walking",
      "group" : "walking",
      "manual" : false,
      "startTime" : "20141005T072004+0900",
      "endTime" : "20141005T073355+0900",
      "duration" : 831.0,
      "distance" : 1080.0,
      "steps" : 1180,
      "calories" : 64
    } ],
    "lastUpdate" : "20141005T011758Z"
  }, {
    "type" : "move",
    "startTime" : "20141005T073843+0900",
    "endTime" : "20141005T074830+0900",
    "activities" : [ {
      "activity" : "transport",
      "group" : "transport",
      "manual" : false,
      "startTime" : "20141005T073843+0900",
      "endTime" : "20141005T074425+0900",
      "duration" : 342.0,
      "distance" : 2723.0
    }, {
      "activity" : "walking",
      "group" : "walking",
      "manual" : false,
      "startTime" : "20141005T074426+0900",
      "endTime" : "20141005T074830+0900",
      "duration" : 244.0,
      "distance" : 211.0,
      "steps" : 422,
      "calories" : 13
    } ],
    "lastUpdate" : "20141005T011758Z"
  }, {
    "type" : "place",
    "startTime" : "20141005T074830+0900",
    "endTime" : "20141005T114204+0900",
    "activities" : [ {
      "activity" : "walking",
      "group" : "walking",
      "manual" : false,
      "startTime" : "20141005T074956+0900",
      "endTime" : "20141005T075026+0900",
      "duration" : 30.0,
      "distance" : 15.0,
      "steps" : 31,
      "calories" : 1
    }, {
      "activity" : "walking",
      "group" : "walking",
      "manual" : false,
      "startTime" : "20141005T113517+0900",
      "endTime" : "20141005T113804+0900",
      "duration" : 167.0,
      "distance" : 135.0,
      "steps" : 180,
      "calories" : 8
    } ],
    "lastUpdate" : "20141005T090058Z"
  }, {
    "type" : "move",
    "startTime" : "20141005T114204+0900",
    "endTime" : "20141005T123757+0900",
    "activities" : [ {
      "activity" : "running",
      "group" : "running",
      "manual" : false,
      "startTime" : "20141005T114204+0900",
      "endTime" : "20141005T114447+0900",
      "duration" : 163.0,
      "distance" : 278.0,
      "steps" : 397,
      "calories" : 21
    }, {
      "activity" : "transport",
      "group" : "transport",
      "manual" : false,
      "startTime" : "20141005T114447+0900",
      "endTime" : "20141005T115336+0900",
      "duration" : 529.0,
      "distance" : 2598.0
    }, {
      "activity" : "walking",
      "group" : "walking",
      "manual" : false,
      "startTime" : "20141005T115336+0900",
      "endTime" : "20141005T115636+0900",
      "duration" : 180.0,
      "distance" : 191.0,
      "steps" : 382,
      "calories" : 11
    }, {
      "activity" : "transport",
      "group" : "transport",
      "manual" : false,
      "startTime" : "20141005T115636+0900",
      "endTime" : "20141005T123251+0900",
      "duration" : 2175.0,
      "distance" : 27159.0
    }, {
      "activity" : "walking",
      "group" : "walking",
      "manual" : false,
      "startTime" : "20141005T123251+0900",
      "endTime" : "20141005T123757+0900",
      "duration" : 306.0,
      "distance" : 251.0,
      "steps" : 502,
      "calories" : 15
    } ],
    "lastUpdate" : "20141005T090058Z"
  }, {
    "type" : "place",
    "startTime" : "20141005T123757+0900",
    "endTime" : "20141005T124322+0900",
    "activities" : [ {
      "activity" : "walking",
      "group" : "walking",
      "manual" : false,
      "startTime" : "20141005T124021+0900",
      "endTime" : "20141005T124121+0900",
      "duration" : 60.0,
      "distance" : 51.0,
      "steps" : 101,
      "calories" : 3
    } ],
    "lastUpdate" : "20141005T090058Z"
  }, {
    "type" : "move",
    "startTime" : "20141005T124322+0900",
    "endTime" : "20141005T130725+0900",
    "activities" : [ {
      "activity" : "transport",
      "group" : "transport",
      "manual" : false,
      "startTime" : "20141005T124322+0900",
      "endTime" : "20141005T125653+0900",
      "duration" : 811.0,
      "distance" : 8905.0
    }, {
      "activity" : "walking",
      "group" : "walking",
      "manual" : false,
      "startTime" : "20141005T125652+0900",
      "endTime" : "20141005T130725+0900",
      "duration" : 633.0,
      "distance" : 1016.0,
      "steps" : 1292,
      "calories" : 60
    } ],
    "lastUpdate" : "20141005T090058Z"
  }, {
    "type" : "move",
    "startTime" : "20141005T152349+0900",
    "endTime" : "20141005T154605+0900",
    "activities" : [ {
      "activity" : "transport",
      "group" : "transport",
      "manual" : false,
      "startTime" : "20141005T152349+0900",
      "endTime" : "20141005T154604+0900",
      "duration" : 1335.0,
      "distance" : 10152.0
    } ],
    "lastUpdate" : "20141005T103430Z"
  }, {
    "type" : "place",
    "startTime" : "20141005T154605+0900",
    "endTime" : "20141005T155635+0900",
    "activities" : [ {
      "activity" : "walking",
      "group" : "walking",
      "manual" : false,
      "startTime" : "20141005T154617+0900",
      "endTime" : "20141005T155353+0900",
      "duration" : 456.0,
      "distance" : 439.0,
      "steps" : 585,
      "calories" : 26
    } ],
    "lastUpdate" : "20141005T103430Z"
  }, {
    "type" : "move",
    "startTime" : "20141005T155635+0900",
    "endTime" : "20141005T164409+0900",
    "activities" : [ {
      "activity" : "transport",
      "group" : "transport",
      "manual" : false,
      "startTime" : "20141005T155635+0900",
      "endTime" : "20141005T163131+0900",
      "duration" : 2096.0,
      "distance" : 26027.0
    }, {
      "activity" : "walking",
      "group" : "walking",
      "manual" : false,
      "startTime" : "20141005T163131+0900",
      "endTime" : "20141005T163601+0900",
      "duration" : 270.0,
      "distance" : 322.0,
      "steps" : 544,
      "calories" : 19
    }, {
      "activity" : "transport",
      "group" : "transport",
      "manual" : false,
      "startTime" : "20141005T163601+0900",
      "endTime" : "20141005T164101+0900",
      "duration" : 300.0,
      "distance" : 2548.0
    }, {
      "activity" : "walking",
      "group" : "walking",
      "manual" : false,
      "startTime" : "20141005T164101+0900",
      "endTime" : "20141005T164409+0900",
      "duration" : 188.0,
      "distance" : 177.0,
      "steps" : 354,
      "calories" : 11
    } ],
    "lastUpdate" : "20141005T103430Z"
  }, {
    "type" : "place",
    "startTime" : "20141005T164409+0900",
    "endTime" : "20141007T092809+0900",
    "activities" : [ {
      "activity" : "walking",
      "group" : "walking",
      "manual" : false,
      "startTime" : "20141005T164835+0900",
      "endTime" : "20141005T164905+0900",
      "duration" : 30.0,
      "distance" : 20.0,
      "steps" : 40,
      "calories" : 1
    } ],
    "lastUpdate" : "20141007T040904Z"
  } ],
  "caloriesIdle" : 1711,
  "lastUpdate" : "20141007T040904Z"
} ]