[ {
  "date" : "20151005",
  "summary" : [ {
    "activity" : "cycling",
    "group" : "cycling",
    "duration" : 433.0,
    "distance" : 1511.0,
    "calories" : 41
  }, {
    "activity" : "walking",
    "group" : "walking",
    "duration" : 344.0,
    "distance" : 254.0,
    "steps" : 510,
    "calories" : 15
  } ],
  "segments" : [ {
    "type" : "move",
    "startTime" : "20151005T162618+0900",
    "endTime" : "20151005T163026+0900",
    "activities" : [ {
      "activity" : "cycling",
      "group" : "cycling",
      "manual" : false,
      "startTime" : "20151005T162618+0900",
      "endTime" : "20151005T163025+0900",
      "duration" : 247.0,
      "distance" : 941.0,
      "calories" : 25
    } ],
    "lastUpdate" : "20151005T090731Z"
  }, {
    "type" : "place",
    "startTime" : "20151005T163026+0900",
    "endTime" : "20151005T174611+0900",
    "activities" : [ {
      "activity" : "walking",
      "group" : "walking",
      "manual" : false,
      "startTime" : "20151005T163026+0900",
      "endTime" : "20151005T163154+0900",
      "duration" : 88.0,
      "distance" : 85.0,
      "steps" : 170,
      "calories" : 5
    }, {
      "activity" : "walking",
      "group" : "walking",
      "manual" : false,
      "startTime" : "20151005T174314+0900",
      "endTime" : "20151005T174500+0900",
      "duration" : 106.0,
      "distance" : 78.0,
      "steps" : 156,
      "calories" : 5
    } ],
    "lastUpdate" : "20151005T115840Z"
  }, {
    "type" : "move",
    "startTime" : "20151005T174611+0900",
    "endTime" : "20151005T174918+0900",
    "activities" : [ {
      "activity" : "cycling",
      "group" : "cycling",
      "manual" : false,
      "startTime" : "20151005T174611+0900",
      "endTime" : "20151005T174917+0900",
      "duration" : 186.0,
      "distance" : 570.0,
      "calories" : 16
    } ],
    "lastUpdate" : "20151005T115840Z"
  }, {
    "type" : "place",
    "startTime" : "20151005T174918+0900",
    "endTime" : "20151005T180301+0900",
    "activities" : [ {
      "activity" : "walking",
      "group" : "walking",
      "manual" : false,
      "startTime" : "20151005T175114+0900",
      "endTime" : "20151005T175244+0900",
      "duration" : 90.0,
      "distance" : 46.0,
      "steps" : 92,
      "calories" : 3
    }, {
      "activity" : "walking",
      "group" : "walking",
      "manual" : false,
      "startTime" : "20151005T180215+0900",
      "endTime" : "20151005T180245+0900",
      "duration" : 30.0,
      "distance" : 20.0,
      "steps" : 41,
      "calories" : 1
    } ],
    "lastUpdate" : "20151005T115840Z"
  }, {
    "type" : "place",
    "startTime" : "20151005T180357+0900",
    "endTime" : "20151006T091855+0900",
    "activities" : [ {
      "activity" : "walking",
      "group" : "walking",
      "manual" : false,
      "startTime" : "20151005T180515+0900",
      "endTime" : "20151005T180545+0900",
      "duration" : 30.0,
      "distance" : 25.0,
      "steps" : 51,
      "calories" : 1
    } ],
    "lastUpdate" : "20151006T094605Z"
  } ],
  "caloriesIdle" : 1706,
  "lastUpdate" : "20151006T094605Z"
}, {
  "date" : "20151006",
  "summary" : [ {
    "activity" : "walking",
    "group" : "walking",
    "duration" : 1339.0,
    "distance" : 1191.0,
    "steps" : 1858,
    "calories" : 71
  }, {
    "activity" : "cycling",
    "group" : "cycling",
    "duration" : 2058.0,
    "distance" : 7444.0,
    "calories" : 201
  } ],
  "segments" : [ {
    "type" : "place",
    "startTime" : "20151005T180357+0900",
    "endTime" : "20151006T091855+0900",
    "activities" : [ {
      "activity" : "walking",
      "group" : "walking",
      "manual" : false,
      "startTime" : "20151006T091317+0900",
      "endTime" : "20151006T091417+0900",
      "duration" : 60.0,
      "distance" : 46.0,
      "steps" : 91,
      "calories" : 3
    } ],
    "lastUpdate" : "20151006T094605Z"
  }, {
    "type" : "move",
    "startTime" : "20151006T091855+0900",
    "endTime" : "20151006T092233+0900",
    "activities" : [ {
      "activity" : "cycling",
      "group" : "cycling",
      "manual" : false,
      "startTime" : "20151006T091855+0900",
      "endTime" : "20151006T092233+0900",
      "duration" : 218.0,
      "distance" : 894.0,
      "calories" : 24
    } ],
    "lastUpdate" : "20151006T094605Z"
  }, {
    "type" : "place",
    "startTime" : "20151006T092233+0900",
    "endTime" : "20151006T100530+0900",
    "activities" : [ {
      "activity" : "walking",
      "group" : "walking",
      "manual" : false,
      "startTime" : "20151006T092320+0900",
      "endTime" : "20151006T092353+0900",
      "duration" : 33.0,
      "distance" : 18.0,
      "steps" : 37,
      "calories" : 1
    }, {
      "activity" : "walking",
      "group" : "walking",
      "manual" : false,
      "startTime" : "20151006T100438+0900",
      "endTime" : "20151006T100530+0900",
      "duration" : 52.0,
      "distance" : 49.0,
      "steps" : 97,
      "calories" : 3
    } ],
    "lastUpdate" : "20151006T094605Z"
  }, {
    "type" : "move",
    "startTime" : "20151006T100530+0900",
    "endTime" : "20151006T100945+0900",
    "activities" : [ {
      "activity" : "cycling",
      "group" : "cycling",
      "manual" : false,
      "startTime" : "20151006T100530+0900",
      "endTime" : "20151006T100946+0900",
      "duration" : 256.0,
      "distance" : 1277.0,
      "calories" : 34
    } ],
    "lastUpdate" : "20151006T094605Z"
  }, {
    "type" : "place",
    "startTime" : "20151006T100945+0900",
    "endTime" : "20151006T103229+0900",
    "activities" : [ {
      "activity" : "walking",
      "group" : "walking",
      "manual" : false,
      "startTime" : "20151006T101009+0900",
      "endTime" : "20151006T101323+0900",
      "duration" : 194.0,
      "distance" : 232.0,
      "steps" : 309,
      "calories" : 14
    } ],
    "lastUpdate" : "20151006T094605Z"
  }, {
    "type" : "move",
    "startTime" : "20151006T103229+0900",
    "endTime" : "20151006T104031+0900",
    "activities" : [ {
      "activity" : "cycling",
      "group" : "cycling",
      "manual" : false,
      "startTime" : "20151006T103229+0900",
      "endTime" : "20151006T104032+0900",
      "duration" : 483.0,
      "distance" : 2142.0,
      "calories" : 57
    } ],
    "lastUpdate" : "20151006T094605Z"
  }, {
    "type" : "place",
    "startTime" : "20151006T104031+0900",
    "endTime" : "20151006T125319+0900",
    "activities" : [ {
      "activity" : "walking",
      "group" : "walking",
      "manual" : false,
      "startTime" : "20151006T104131+0900",
      "endTime" : "20151006T104201+0900",
      "duration" : 30.0,
      "distance" : 31.0,
      "steps" : 61,
      "calories" : 2
    }, {
      "activity" : "walking",
      "group" : "walking",
      "manual" : false,
      "startTime" : "20151006T125300+0900",
      "endTime" : "20151006T125615+0900",
      "duration" : 195.0,
      "distance" : 146.0,
      "steps" : 195,
      "calories" : 9
    } ],
    "lastUpdate" : "20151006T094605Z"
  }, {
    "type" : "move",
    "startTime" : "20151006T125319+0900",
    "endTime" : "20151006T125904+0900",
    "activities" : [ {
      "activity" : "cycling",
      "group" : "cycling",
      "manual" : false,
      "startTime" : "20151006T125319+0900",
      "endTime" : "20151006T125904+0900",
      "duration" : 345.0,
      "distance" : 896.0,
      "calories" : 25
    } ],
    "lastUpdate" : "20151006T094605Z"
  }, {
    "type" : "place",
    "startTime" : "20151006T125904+0900",
    "endTime" : "20151006T160614+0900",
    "activities" : [ {
      "activity" : "walking",
      "group" : "walking",
      "manual" : false,
      "startTime" : "20151006T143534+0900",
      "endTime" : "20151006T143704+0900",
      "duration" : 90.0,
      "distance" : 77.0,
      "steps" : 153,
      "calories" : 5
    }, {
      "activity" : "walking",
      "group" : "walking",
      "manual" : false,
      "startTime" : "20151006T160511+0900",
      "endTime" : "20151006T160923+0900",
      "duration" : 252.0,
      "distance" : 257.0,
      "steps" : 342,
      "calories" : 15
    } ],
    "lastUpdate" : "20151006T094605Z"
  }, {
    "type" : "move",
    "startTime" : "20151006T160614+0900",
    "endTime" : "20151006T161044+0900",
    "activities" : [ {
      "activity" : "cycling",
      "group" : "cycling",
      "manual" : false,
      "startTime" : "20151006T160614+0900",
      "endTime" : "20151006T161044+0900",
      "duration" : 270.0,
      "distance" : 845.0,
      "calories" : 23
    } ],
    "lastUpdate" : "20151006T094605Z"
  }, {
    "type" : "place",
    "startTime" : "20151006T161044+0900",
    "endTime" : "20151006T161540+0900",
    "activities" : [ {
      "activity" : "walking",
      "group" : "walking",
      "manual" : false,
      "startTime" : "20151006T161112+0900",
      "endTime" : "20151006T161222+0900",
      "duration" : 70.0,
      "distance" : 56.0,
      "steps" : 112,
      "calories" : 3
    } ],
    "lastUpdate" : "20151006T094605Z"
  }, {
    "type" : "move",
    "startTime" : "20151006T161540+0900",
    "endTime" : "20151006T161957+0900",
    "activities" : [ {
      "activity" : "cycling",
      "group" : "cycling",
      "manual" : false,
      "startTime" : "20151006T161540+0900",
      "endTime" : "20151006T161957+0900",
      "duration" : 257.0,
      "distance" : 887.0,
      "calories" : 24
    } ],
    "lastUpdate" : "20151006T094605Z"
  }, {
    "type" : "place",
    "startTime" : "20151006T161957+0900",
    "endTime" : "20151006T180217+0900",
    "activities" : [ {
      "activity" : "walking",
      "group" : "walking",
      "manual" : false,
      "startTime" : "20151006T161957+0900",
      "endTime" : "20151006T162213+0900",
      "duration" : 136.0,
      "distance" : 123.0,
      "steps" : 164,
      "calories" : 7
    } ],
    "lastUpdate" : "20151006T094605Z"
  }, {
    "type" : "move",
    "startTime" : "20151006T180217+0900",
    "endTime" : "20151006T181619+0900",
    "activities" : [ {
      "activity" : "walking",
      "group" : "walking",
      "manual" : false,
      "startTime" : "20151006T180217+0900",
      "endTime" : "20151006T180534+0900",
      "duration" : 197.0,
      "distance" : 141.0,
      "steps" : 267,
      "calories" : 8
    }, {
      "activity" : "cycling",
      "group" : "cycling",
      "manual" : false,
      "startTime" : "20151006T180534+0900",
      "endTime" : "20151006T180923+0900",
      "duration" : 229.0,
      "distance" : 503.0,
      "calories" : 14
    } ],
    "lastUpdate" : "20151006T094605Z"
  }, {
    "type" : "place",
    "startTime" : "20151006T181619+0900",
    "endTime" : "20151007T102050+0900",
    "activities" : [ {
      "activity" : "walking",
      "group" : "walking",
      "manual" : false,
      "startTime" : "20151006T181723+0900",
      "endTime" : "20151006T181753+0900",
      "duration" : 30.0,
      "distance" : 15.0,
      "steps" : 30,
      "calories" : 1
    } ],
    "lastUpdate" : "20151007T024936Z"
  } ],
  "caloriesIdle" : 1706,
  "lastUpdate" : "20151007T024936Z"
}, {
  "date" : "20151007",
  "summary" : [ {
    "activity" : "walking",
    "group" : "walking",
    "duration" : 1388.0,
    "distance" : 1051.0,
    "steps" : 1502,
    "calories" : 62
  }, {
    "activity" : "cycling",
    "group" : "cycling",
    "duration" : 448.0,
    "distance" : 1798.0,
    "calories" : 48
  } ],
  "segments" : [ {
    "type" : "place",
    "startTime" : "20151006T181619+0900",
    "endTime" : "20151007T102050+0900",
    "activities" : [ {
      "activity" : "walking",
      "group" : "walking",
      "manual" : false,
      "startTime" : "20151007T102029+0900",
      "endTime" : "20151007T104008+0900",
      "duration" : 1179.0,
      "distance" : 904.0,
      "steps" : 1206,
      "calories" : 54
    } ],
    "lastUpdate" : "20151007T024936Z"
  }, {
    "type" : "move",
    "startTime" : "20151007T102050+0900",
    "endTime" : "20151007T102431+0900",
    "activities" : [ {
      "activity" : "cycling",
      "group" : "cycling",
      "manual" : false,
      "startTime" : "20151007T102050+0900",
      "endTime" : "20151007T102431+0900",
      "duration" : 221.0,
      "distance" : 894.0,
      "calories" : 24
    } ],
    "lastUpdate" : "20151007T024936Z"
  }, {
    "type" : "place",
    "startTime" : "20151007T102431+0900",
    "endTime" : "20151007T115743+0900",
    "activities" : [ {
      "activity" : "walking",
      "group" : "walking",
      "manual" : false,
      "startTime" : "20151007T102431+0900",
      "endTime" : "20151007T102600+0900",
      "duration" : 89.0,
      "distance" : 76.0,
      "steps" : 152,
      "calories" : 5
    }, {
      "activity" : "walking",
      "group" : "walking",
      "manual" : false,
      "startTime" : "20151007T113646+0900",
      "endTime" : "20151007T113816+0900",
      "duration" : 90.0,
      "distance" : 56.0,
      "steps" : 113,
      "calories" : 3
    } ],
    "lastUpdate" : "20151007T055241Z"
  }, {
    "type" : "move",
    "startTime" : "20151007T115743+0900",
    "endTime" : "20151007T120129+0900",
    "activities" : [ {
      "activity" : "cycling",
      "group" : "cycling",
      "manual" : false,
      "startTime" : "20151007T115743+0900",
      "endTime" : "20151007T120130+0900",
      "duration" : 227.0,
      "distance" : 904.0,
      "calories" : 24
    } ],
    "lastUpdate" : "20151007T055241Z"
  }, {
    "type" : "place",
    "startTime" : "20151007T120129+0900",
    "endTime" : "20151008T084602+0900",
    "activities" : [ {
      "activity" : "walking",
      "group" : "walking",
      "manual" : false,
      "startTime" : "20151007T142146+0900",
      "endTime" : "20151007T142216+0900",
      "duration" : 30.0,
      "distance" : 15.0,
      "steps" : 31,
      "calories" : 1
    } ],
    "lastUpdate" : "20151008T002936Z"
  } ],
  "caloriesIdle" : 1706,
  "lastUpdate" : "20151008T002936Z"
}, {
  "date" : "20151008",
  "summary" : [ {
    "activity" : "walking",
    "group" : "walking",
    "duration" : 556.0,
    "distance" : 647.0,
    "steps" : 926,
    "calories" : 38
  }, {
    "activity" : "cycling",
    "group" : "cycling",
    "duration" : 489.0,
    "distance" : 1866.0,
    "calories" : 50
  } ],
  "segments" : [ {
    "type" : "place",
    "startTime" : "20151007T120129+0900",
    "endTime" : "20151008T084602+0900",
    "activities" : [ {
      "activity" : "walking",
      "group" : "walking",
      "manual" : false,
      "startTime" : "20151008T035919+0900",
      "endTime" : "20151008T035949+0900",
      "duration" : 30.0,
      "distance" : 15.0,
      "steps" : 30,
      "calories" : 1
    } ],
    "lastUpdate" : "20151008T002936Z"
  }, {
    "type" : "move",
    "startTime" : "20151008T084602+0900",
    "endTime" : "20151008T084937+0900",
    "activities" : [ {
      "activity" : "cycling",
      "group" : "cycling",
      "manual" : false,
      "startTime" : "20151008T084602+0900",
      "endTime" : "20151008T084937+0900",
      "duration" : 215.0,
      "distance" : 844.0,
      "calories" : 23
    } ],
    "lastUpdate" : "20151008T002936Z"
  }, {
    "type" : "place",
    "startTime" : "20151008T084938+0900",
    "endTime" : "20151008T112334+0900",
    "activities" : [ {
      "activity" : "walking",
      "group" : "walking",
      "manual" : false,
      "startTime" : "20151008T085008+0900",
      "endTime" : "20151008T085138+0900",
      "duration" : 90.0,
      "distance" : 82.0,
      "steps" : 163,
      "calories" : 5
    }, {
      "activity" : "walking",
      "group" : "walking",
      "manual" : false,
      "startTime" : "20151008T100003+0900",
      "endTime" : "20151008T100203+0900",
      "duration" : 120.0,
      "distance" : 161.0,
      "steps" : 214,
      "calories" : 10
    }, {
      "activity" : "walking",
      "group" : "walking",
      "manual" : false,
      "startTime" : "20151008T112225+0900",
      "endTime" : "20151008T112539+0900",
      "duration" : 194.0,
      "distance" : 247.0,
      "steps" : 329,
      "calories" : 15
    } ],
    "lastUpdate" : "20151008T064544Z"
  }, {
    "type" : "place",
    "startTime" : "20151008T112616+0900",
    "endTime" : "20151008T115755+0900",
    "activities" : [ {
      "activity" : "walking",
      "group" : "walking",
      "manual" : false,
      "startTime" : "20151008T112616+0900",
      "endTime" : "20151008T112818+0900",
      "duration" : 122.0,
      "distance" : 142.0,
      "steps" : 190,
      "calories" : 8
    } ],
    "lastUpdate" : "20151008T064544Z"
  }, {
    "type" : "move",
    "startTime" : "20151008T115755+0900",
    "endTime" : "20151008T120228+0900",
    "activities" : [ {
      "activity" : "cycling",
      "group" : "cycling",
      "manual" : false,
      "startTime" : "20151008T115755+0900",
      "endTime" : "20151008T120229+0900",
      "duration" : 274.0,
      "distance" : 1022.0,
      "calories" : 28
    } ],
    "lastUpdate" : "20151008T064544Z"
  } ],
  "caloriesIdle" : 1706,
  "lastUpdate" : "20151009T011052Z"
}, {
  "date" : "20151009",
  "summary" : [ {
    "activity" : "walking",
    "group" : "walking",
    "duration" : 2480.0,
    "distance" : 2216.0,
    "steps" : 3086,
    "calories" : 131
  }, {
    "activity" : "cycling",
    "group" : "cycling",
    "duration" : 1123.0,
    "distance" : 4507.0,
    "calories" : 121
  }, {
    "activity" : "transport",
    "group" : "transport",
    "duration" : 596.0,
    "distance" : 1007.0
  } ],
  "segments" : [ {
    "type" : "place",
    "startTime" : "20151008T120229+0900",
    "endTime" : "20151009T083617+0900",
    "activities" : [ {
      "activity" : "walking",
      "group" : "walking",
      "manual" : false,
      "startTime" : "20151009T083456+0900",
      "endTime" : "20151009T083526+0900",
      "duration" : 30.0,
      "distance" : 15.0,
      "steps" : 31,
      "calories" : 1
    } ],
    "lastUpdate" : "20151009T011052Z"
  }, {
    "type" : "move",
    "startTime" : "20151009T083617+0900",
    "endTime" : "20151009T083956+0900",
    "activities" : [ {
      "activity" : "cycling",
      "group" : "cycling",
      "manual" : false,
      "startTime" : "20151009T083617+0900",
      "endTime" : "20151009T083956+0900",
      "duration" : 219.0,
      "distance" : 842.0,
      "calories" : 23
    } ],
    "lastUpdate" : "20151009T011052Z"
  }, {
    "type" : "place",
    "startTime" : "20151009T083956+0900",
    "endTime" : "20151009T115625+0900",
    "activities" : [ {
      "activity" : "walking",
      "group" : "walking",
      "manual" : false,
      "startTime" : "20151009T083956+0900",
      "endTime" : "20151009T084126+0900",
      "duration" : 90.0,
      "distance" : 76.0,
      "steps" : 152,
      "calories" : 5
    }, {
      "activity" : "walking",
      "group" : "walking",
      "manual" : false,
      "startTime" : "20151009T101859+0900",
      "endTime" : "20151009T102129+0900",
      "duration" : 150.0,
      "distance" : 123.0,
      "steps" : 163,
      "calories" : 7
    } ],
    "lastUpdate" : "20151009T074600Z"
  }, {
    "type" : "move",
    "startTime" : "20151009T115625+0900",
    "endTime" : "20151009T120048+0900",
    "activities" : [ {
      "activity" : "walking",
      "group" : "walking",
      "manual" : false,
      "startTime" : "20151009T115625+0900",
      "endTime" : "20151009T120049+0900",
      "duration" : 264.0,
      "distance" : 261.0,
      "steps" : 381,
      "calories" : 15
    } ],
    "lastUpdate" : "20151009T074600Z"
  }, {
    "type" : "place",
    "startTime" : "20151009T120048+0900",
    "endTime" : "20151009T150510+0900",
    "activities" : [ {
      "activity" : "walking",
      "group" : "walking",
      "manual" : false,
      "startTime" : "20151009T120317+0900",
      "endTime" : "20151009T121540+0900",
      "duration" : 743.0,
      "distance" : 722.0,
      "steps" : 962,
      "calories" : 43
    }, {
      "activity" : "walking",
      "group" : "walking",
      "manual" : false,
      "startTime" : "20151009T142915+0900",
      "endTime" : "20151009T143146+0900",
      "duration" : 151.0,
      "distance" : 138.0,
      "steps" : 185,
      "calories" : 8
    }, {
      "activity" : "walking",
      "group" : "walking",
      "manual" : false,
      "startTime" : "20151009T150422+0900",
      "endTime" : "20151009T150904+0900",
      "duration" : 282.0,
      "distance" : 359.0,
      "steps" : 479,
      "calories" : 21
    } ],
    "lastUpdate" : "20151009T074600Z"
  }, {
    "type" : "move",
    "startTime" : "20151009T150510+0900",
    "endTime" : "20151009T152212+0900",
    "activities" : [ {
      "activity" : "cycling",
      "group" : "cycling",
      "manual" : false,
      "startTime" : "20151009T150510+0900",
      "endTime" : "20151009T151032+0900",
      "duration" : 322.0,
      "distance" : 1345.0,
      "calories" : 36
    }, {
      "activity" : "transport",
      "group" : "transport",
      "manual" : false,
      "startTime" : "20151009T151033+0900",
      "endTime" : "20151009T151904+0900",
      "duration" : 511.0,
      "distance" : 629.0
    }, {
      "activity" : "walking",
      "group" : "walking",
      "manual" : false,
      "startTime" : "20151009T151903+0900",
      "endTime" : "20151009T152212+0900",
      "duration" : 189.0,
      "distance" : 95.0,
      "steps" : 138,
      "calories" : 6
    } ],
    "lastUpdate" : "20151009T074600Z"
  }, {
    "type" : "place",
    "startTime" : "20151009T152212+0900",
    "endTime" : "20151009T155940+0900",
    "activities" : [ {
      "activity" : "walking",
      "group" : "walking",
      "manual" : false,
      "startTime" : "20151009T152334+0900",
      "endTime" : "20151009T153115+0900",
      "duration" : 461.0,
      "distance" : 346.0,
      "steps" : 431,
      "calories" : 20
    } ],
    "lastUpdate" : "20151009T074604Z"
  }, {
    "type" : "move",
    "startTime" : "20151009T155940+0900",
    "endTime" : "20151009T161630+0900",
    "activities" : [ {
      "activity" : "cycling",
      "group" : "cycling",
      "manual" : false,
      "startTime" : "20151009T155940+0900",
      "endTime" : "20151009T160922+0900",
      "duration" : 582.0,
      "distance" : 2320.0,
      "calories" : 62
    } ],
    "lastUpdate" : "20151009T074604Z"
  }, {
    "type" : "place",
    "startTime" : "20151009T161630+0900",
    "endTime" : "20151009T162628+0900",
    "activities" : [ {
      "activity" : "walking",
      "group" : "walking",
      "manual" : false,
      "startTime" : "20151009T161753+0900",
      "endTime" : "20151009T161823+0900",
      "duration" : 30.0,
      "distance" : 15.0,
      "steps" : 31,
      "calories" : 1
    } ],
    "lastUpdate" : "20151009T074604Z"
  }, {
    "type" : "move",
    "startTime" : "20151009T162628+0900",
    "endTime" : "20151009T162753+0900",
    "activities" : [ {
      "activity" : "transport",
      "group" : "transport",
      "manual" : false,
      "startTime" : "20151009T162628+0900",
      "endTime" : "20151009T162753+0900",
      "duration" : 85.0,
      "distance" : 378.0
    } ],
    "lastUpdate" : "20151009T074604Z"
  }, {
    "type" : "place",
    "startTime" : "20151009T162753+0900",
    "endTime" : "20151010T134108+0900",
    "activities" : [ {
      "activity" : "walking",
      "group" : "walking",
      "manual" : false,
      "startTime" : "20151009T162916+0900",
      "endTime" : "20151009T163046+0900",
      "duration" : 90.0,
      "distance" : 66.0,
      "steps" : 133,
      "calories" : 4
    } ],
    "lastUpdate" : "20151010T052518Z"
  } ],
  "caloriesIdle" : 1706,
  "lastUpdate" : "20151010T052518Z"
}, {
  "date" : "20151010",
  "summary" : [ {
    "activity" : "walking",
    "group" : "walking",
    "duration" : 2653.0,
    "distance" : 3128.0,
    "steps" : 4149,
    "calories" : 185
  }, {
    "activity" : "cycling",
    "group" : "cycling",
    "duration" : 545.0,
    "distance" : 2141.0,
    "calories" : 57
  } ],
  "segments" : [ {
    "type" : "place",
    "startTime" : "20151009T162753+0900",
    "endTime" : "20151010T134108+0900",
    "activities" : [ {
      "activity" : "walking",
      "group" : "walking",
      "manual" : false,
      "startTime" : "20151010T133810+0900",
      "endTime" : "20151010T135759+0900",
      "duration" : 1189.0,
      "distance" : 1507.0,
      "steps" : 2009,
      "calories" : 89
    }, {
      "activity" : "walking",
      "group" : "walking",
      "manual" : false,
      "startTime" : "20151010T140000+0900",
      "endTime" : "20151010T141454+0900",
      "duration" : 894.0,
      "distance" : 1138.0,
      "steps" : 1517,
      "calories" : 67
    } ],
    "lastUpdate" : "20151010T052518Z"
  }, {
    "type" : "move",
    "startTime" : "20151010T134108+0900",
    "endTime" : "20151010T134547+0900",
    "activities" : [ {
      "activity" : "cycling",
      "group" : "cycling",
      "manual" : false,
      "startTime" : "20151010T134108+0900",
      "endTime" : "20151010T134547+0900",
      "duration" : 279.0,
      "distance" : 1080.0,
      "calories" : 29
    } ],
    "lastUpdate" : "20151010T052518Z"
  }, {
    "type" : "place",
    "startTime" : "20151010T134547+0900",
    "endTime" : "20151010T170910+0900",
    "activities" : [ {
      "activity" : "walking",
      "group" : "walking",
      "manual" : false,
      "startTime" : "20151010T134610+0900",
      "endTime" : "20151010T135110+0900",
      "duration" : 300.0,
      "distance" : 225.0,
      "steps" : 245,
      "calories" : 13
    }, {
      "activity" : "walking",
      "group" : "walking",
      "manual" : false,
      "startTime" : "20151010T141643+0900",
      "endTime" : "20151010T141943+0900",
      "duration" : 180.0,
      "distance" : 207.0,
      "steps" : 275,
      "calories" : 12
    }, {
      "activity" : "walking",
      "group" : "walking",
      "manual" : false,
      "startTime" : "20151010T164833+0900",
      "endTime" : "20151010T164903+0900",
      "duration" : 30.0,
      "distance" : 21.0,
      "steps" : 41,
      "calories" : 1
    }, {
      "activity" : "walking",
      "group" : "walking",
      "manual" : false,
      "startTime" : "20151010T170805+0900",
      "endTime" : "20151010T170835+0900",
      "duration" : 30.0,
      "distance" : 15.0,
      "steps" : 31,
      "calories" : 1
    } ],
    "lastUpdate" : "20151010T113149Z"
  }, {
    "type" : "move",
    "startTime" : "20151010T170910+0900",
    "endTime" : "20151010T171336+0900",
    "activities" : [ {
      "activity" : "cycling",
      "group" : "cycling",
      "manual" : false,
      "startTime" : "20151010T170910+0900",
      "endTime" : "20151010T171336+0900",
      "duration" : 266.0,
      "distance" : 1061.0,
      "calories" : 28
    } ],
    "lastUpdate" : "20151010T113149Z"
  }, {
    "type" : "place",
    "startTime" : "20151010T171336+0900",
    "endTime" : "20151011T194425+0900",
    "activities" : [ {
      "activity" : "walking",
      "group" : "walking",
      "manual" : false,
      "startTime" : "20151010T171506+0900",
      "endTime" : "20151010T171536+0900",
      "duration" : 30.0,
      "distance" : 15.0,
      "steps" : 31,
      "calories" : 1
    } ],
    "lastUpdate" : "20151012T131614Z"
  } ],
  "caloriesIdle" : 1706,
  "lastUpdate" : "20151012T131614Z"
}, {
  "date" : "20151011",
  "summary" : null,
  "segments" : null,
  "caloriesIdle" : 1706,
  "lastUpdate" : "20151013T000734Z"
} ]