[ {
  "date" : "20150601",
  "summary" : [ {
    "activity" : "walking",
    "group" : "walking",
    "duration" : 1538.0,
    "distance" : 1711.0,
    "steps" : 2481,
    "calories" : 101
  }, {
    "activity" : "cycling",
    "group" : "cycling",
    "duration" : 1695.0,
    "distance" : 5713.0,
    "calories" : 156
  }, {
    "activity" : "transport",
    "group" : "transport",
    "duration" : 1030.0,
    "distance" : 1255.0
  } ],
  "segments" : [ {
    "type" : "place",
    "startTime" : "20150530T204547+0900",
    "endTime" : "20150601T124731+0900",
    "activities" : [ {
      "activity" : "walking",
      "group" : "walking",
      "manual" : false,
      "startTime" : "20150601T004026+0900",
      "endTime" : "20150601T004056+0900",
      "duration" : 30.0,
      "distance" : 15.0,
      "steps" : 20,
      "calories" : 1
    }, {
      "activity" : "walking",
      "group" : "walking",
      "manual" : false,
      "startTime" : "20150601T060703+0900",
      "endTime" : "20150601T060733+0900",
      "duration" : 30.0,
      "distance" : 25.0,
      "steps" : 51,
      "calories" : 1
    }, {
      "activity" : "walking",
      "group" : "walking",
      "manual" : false,
      "startTime" : "20150601T124605+0900",
      "endTime" : "20150601T124635+0900",
      "duration" : 30.0,
      "distance" : 30.0,
      "steps" : 61,
      "calories" : 2
    } ],
    "lastUpdate" : "20150601T064306Z"
  }, {
    "type" : "move",
    "startTime" : "20150601T124731+0900",
    "endTime" : "20150601T125354+0900",
    "activities" : [ {
      "activity" : "cycling",
      "group" : "cycling",
      "manual" : false,
      "startTime" : "20150601T124731+0900",
      "endTime" : "20150601T125005+0900",
      "duration" : 154.0,
      "distance" : 738.0,
      "calories" : 19
    }, {
      "activity" : "walking",
      "group" : "walking",
      "manual" : false,
      "startTime" : "20150601T125005+0900",
      "endTime" : "20150601T125354+0900",
      "duration" : 229.0,
      "distance" : 238.0,
      "steps" : 349,
      "calories" : 14
    } ],
    "lastUpdate" : "20150601T064306Z"
  }, {
    "type" : "place",
    "startTime" : "20150601T125355+0900",
    "endTime" : "20150601T144403+0900",
    "activities" : [ {
      "activity" : "walking",
      "group" : "walking",
      "manual" : false,
      "startTime" : "20150601T143125+0900",
      "endTime" : "20150601T143755+0900",
      "duration" : 390.0,
      "distance" : 434.0,
      "steps" : 579,
      "calories" : 26
    } ],
    "lastUpdate" : "20150601T064309Z"
  }, {
    "type" : "move",
    "startTime" : "20150601T144403+0900",
    "endTime" : "20150601T145512+0900",
    "activities" : [ {
      "activity" : "cycling",
      "group" : "cycling",
      "manual" : false,
      "startTime" : "20150601T144403+0900",
      "endTime" : "20150601T144726+0900",
      "duration" : 203.0,
      "distance" : 1249.0,
      "calories" : 32
    }, {
      "activity" : "transport",
      "group" : "transport",
      "manual" : false,
      "startTime" : "20150601T144726+0900",
      "endTime" : "20150601T145512+0900",
      "duration" : 466.0,
      "distance" : 444.0
    } ],
    "lastUpdate" : "20150601T064309Z"
  }, {
    "type" : "place",
    "startTime" : "20150601T145627+0900",
    "endTime" : "20150601T164201+0900",
    "activities" : [ {
      "activity" : "walking",
      "group" : "walking",
      "manual" : false,
      "startTime" : "20150601T145656+0900",
      "endTime" : "20150601T145756+0900",
      "duration" : 60.0,
      "distance" : 56.0,
      "steps" : 112,
      "calories" : 3
    }, {
      "activity" : "walking",
      "group" : "walking",
      "manual" : false,
      "startTime" : "20150601T150459+0900",
      "endTime" : "20150601T151232+0900",
      "duration" : 453.0,
      "distance" : 552.0,
      "steps" : 736,
      "calories" : 33
    }, {
      "activity" : "walking",
      "group" : "walking",
      "manual" : false,
      "startTime" : "20150601T161356+0900",
      "endTime" : "20150601T161456+0900",
      "duration" : 60.0,
      "distance" : 55.0,
      "steps" : 111,
      "calories" : 3
    } ],
    "lastUpdate" : "20150601T125650Z"
  }, {
    "type" : "move",
    "startTime" : "20150601T164201+0900",
    "endTime" : "20150601T165436+0900",
    "activities" : [ {
      "activity" : "cycling",
      "group" : "cycling",
      "manual" : false,
      "startTime" : "20150601T164201+0900",
      "endTime" : "20150601T165437+0900",
      "duration" : 756.0,
      "distance" : 2482.0,
      "calories" : 68
    } ],
    "lastUpdate" : "20150601T125650Z"
  }, {
    "type" : "place",
    "startTime" : "20150601T165437+0900",
    "endTime" : "20150601T200512+0900",
    "activities" : [ {
      "activity" : "walking",
      "group" : "walking",
      "manual" : false,
      "startTime" : "20150601T165500+0900",
      "endTime" : "20150601T165630+0900",
      "duration" : 90.0,
      "distance" : 81.0,
      "steps" : 161,
      "calories" : 5
    } ],
    "lastUpdate" : "20150601T125653Z"
  }, {
    "type" : "move",
    "startTime" : "20150601T200512+0900",
    "endTime" : "20150601T201436+0900",
    "activities" : [ {
      "activity" : "transport",
      "group" : "transport",
      "manual" : false,
      "startTime" : "20150601T200512+0900",
      "endTime" : "20150601T201436+0900",
      "duration" : 564.0,
      "distance" : 811.0
    } ],
    "lastUpdate" : "20150601T125653Z"
  }, {
    "type" : "place",
    "startTime" : "20150601T201436+0900",
    "endTime" : "20150601T205500+0900",
    "activities" : [ {
      "activity" : "walking",
      "group" : "walking",
      "manual" : false,
      "startTime" : "20150601T201436+0900",
      "endTime" : "20150601T201722+0900",
      "duration" : 166.0,
      "distance" : 225.0,
      "steps" : 301,
      "calories" : 13
    } ],
    "lastUpdate" : "20150601T125653Z"
  }, {
    "type" : "move",
    "startTime" : "20150601T205500+0900",
    "endTime" : "20150601T211209+0900",
    "activities" : [ {
      "activity" : "cycling",
      "group" : "cycling",
      "manual" : false,
      "startTime" : "20150601T210227+0900",
      "endTime" : "20150601T211209+0900",
      "duration" : 582.0,
      "distance" : 1244.0,
      "calories" : 36
    } ],
    "lastUpdate" : "20150601T125653Z"
  } ],
  "caloriesIdle" : 1706,
  "lastUpdate" : "20150602T042506Z"
}, {
  "date" : "20150602",
  "summary" : [ {
    "activity" : "walking",
    "group" : "walking",
    "duration" : 1385.0,
    "distance" : 1398.0,
    "steps" : 2057,
    "calories" : 83
  }, {
    "activity" : "cycling",
    "group" : "cycling",
    "duration" : 183.0,
    "distance" : 731.0,
    "calories" : 20
  }, {
    "activity" : "transport",
    "group" : "transport",
    "duration" : 478.0,
    "distance" : 545.0
  } ],
  "segments" : [ {
    "type" : "place",
    "startTime" : "20150601T211419+0900",
    "endTime" : "20150602T083842+0900",
    "activities" : [ {
      "activity" : "walking",
      "group" : "walking",
      "manual" : false,
      "startTime" : "20150602T083753+0900",
      "endTime" : "20150602T083823+0900",
      "duration" : 30.0,
      "distance" : 31.0,
      "steps" : 61,
      "calories" : 2
    } ],
    "lastUpdate" : "20150602T042506Z"
  }, {
    "type" : "move",
    "startTime" : "20150602T083842+0900",
    "endTime" : "20150602T084145+0900",
    "activities" : [ {
      "activity" : "cycling",
      "group" : "cycling",
      "manual" : false,
      "startTime" : "20150602T083842+0900",
      "endTime" : "20150602T084145+0900",
      "duration" : 183.0,
      "distance" : 731.0,
      "calories" : 20
    } ],
    "lastUpdate" : "20150602T042506Z"
  }, {
    "type" : "place",
    "startTime" : "20150602T084145+0900",
    "endTime" : "20150602T121302+0900",
    "activities" : [ {
      "activity" : "walking",
      "group" : "walking",
      "manual" : false,
      "startTime" : "20150602T084145+0900",
      "endTime" : "20150602T084224+0900",
      "duration" : 39.0,
      "distance" : 35.0,
      "steps" : 70,
      "calories" : 2
    }, {
      "activity" : "walking",
      "group" : "walking",
      "manual" : false,
      "startTime" : "20150602T101939+0900",
      "endTime" : "20150602T102238+0900",
      "duration" : 179.0,
      "distance" : 204.0,
      "steps" : 272,
      "calories" : 12
    }, {
      "activity" : "walking",
      "group" : "walking",
      "manual" : false,
      "startTime" : "20150602T120830+0900",
      "endTime" : "20150602T121118+0900",
      "duration" : 168.0,
      "distance" : 206.0,
      "steps" : 275,
      "calories" : 12
    } ],
    "lastUpdate" : "20150602T042508Z"
  }, {
    "type" : "place",
    "startTime" : "20150602T121303+0900",
    "endTime" : "20150602T142949+0900",
    "activities" : [ {
      "activity" : "walking",
      "group" : "walking",
      "manual" : false,
      "startTime" : "20150602T121549+0900",
      "endTime" : "20150602T121649+0900",
      "duration" : 60.0,
      "distance" : 56.0,
      "steps" : 112,
      "calories" : 3
    } ],
    "lastUpdate" : "20150602T073025Z"
  }, {
    "type" : "place",
    "startTime" : "20150602T142950+0900",
    "endTime" : "20150602T143426+0900",
    "activities" : [ {
      "activity" : "walking",
      "group" : "walking",
      "manual" : false,
      "startTime" : "20150602T143154+0900",
      "endTime" : "20150602T143224+0900",
      "duration" : 30.0,
      "distance" : 15.0,
      "steps" : 30,
      "calories" : 1
    } ],
    "lastUpdate" : "20150602T073028Z"
  }, {
    "type" : "move",
    "startTime" : "20150602T143426+0900",
    "endTime" : "20150602T144522+0900",
    "activities" : [ {
      "activity" : "walking",
      "group" : "walking",
      "manual" : false,
      "startTime" : "20150602T143426+0900",
      "endTime" : "20150602T143725+0900",
      "duration" : 179.0,
      "distance" : 126.0,
      "steps" : 172,
      "calories" : 7
    }, {
      "activity" : "transport",
      "group" : "transport",
      "manual" : false,
      "startTime" : "20150602T143724+0900",
      "endTime" : "20150602T144522+0900",
      "duration" : 478.0,
      "distance" : 545.0
    } ],
    "lastUpdate" : "20150602T073028Z"
  }, {
    "type" : "place",
    "startTime" : "20150602T144523+0900",
    "endTime" : "20150602T181450+0900",
    "activities" : [ {
      "activity" : "walking",
      "group" : "walking",
      "manual" : false,
      "startTime" : "20150602T161128+0900",
      "endTime" : "20150602T161358+0900",
      "duration" : 150.0,
      "distance" : 206.0,
      "steps" : 274,
      "calories" : 12
    } ],
    "lastUpdate" : "20150602T103605Z"
  }, {
    "type" : "move",
    "startTime" : "20150602T181450+0900",
    "endTime" : "20150602T182059+0900",
    "activities" : [ {
      "activity" : "walking",
      "group" : "walking",
      "manual" : false,
      "startTime" : "20150602T181450+0900",
      "endTime" : "20150602T182100+0900",
      "duration" : 370.0,
      "distance" : 382.0,
      "steps" : 518,
      "calories" : 23
    } ],
    "lastUpdate" : "20150602T103605Z"
  }, {
    "type" : "place",
    "startTime" : "20150602T182059+0900",
    "endTime" : "20150602T183403+0900",
    "activities" : [ {
      "activity" : "walking",
      "group" : "walking",
      "manual" : false,
      "startTime" : "20150602T182332+0900",
      "endTime" : "20150602T182532+0900",
      "duration" : 120.0,
      "distance" : 86.0,
      "steps" : 172,
      "calories" : 5
    } ],
    "lastUpdate" : "20150602T103605Z"
  }, {
    "type" : "place",
    "startTime" : "20150602T183404+0900",
    "endTime" : "20150603T084159+0900",
    "activities" : [ {
      "activity" : "walking",
      "group" : "walking",
      "manual" : false,
      "startTime" : "20150602T200047+0900",
      "endTime" : "20150602T200147+0900",
      "duration" : 60.0,
      "distance" : 51.0,
      "steps" : 101,
      "calories" : 3
    } ],
    "lastUpdate" : "20150603T033240Z"
  } ],
  "caloriesIdle" : 1706,
  "lastUpdate" : "20150603T033240Z"
}, {
  "date" : "20150603",
  "summary" : [ {
    "activity" : "walking",
    "group" : "walking",
    "duration" : 1196.0,
    "distance" : 1363.0,
    "steps" : 2074,
    "calories" : 81
  }, {
    "activity" : "transport",
    "group" : "transport",
    "duration" : 260.0,
    "distance" : 413.0
  }, {
    "activity" : "cycling",
    "group" : "cycling",
    "duration" : 1159.0,
    "distance" : 6051.0,
    "calories" : 158
  } ],
  "segments" : [ {
    "type" : "place",
    "startTime" : "20150602T183404+0900",
    "endTime" : "20150603T084159+0900",
    "activities" : [ {
      "activity" : "walking",
      "group" : "walking",
      "manual" : false,
      "startTime" : "20150603T031716+0900",
      "endTime" : "20150603T031746+0900",
      "duration" : 30.0,
      "distance" : 20.0,
      "steps" : 40,
      "calories" : 1
    } ],
    "lastUpdate" : "20150603T033240Z"
  }, {
    "type" : "move",
    "startTime" : "20150603T084159+0900",
    "endTime" : "20150603T084618+0900",
    "activities" : [ {
      "activity" : "transport",
      "group" : "transport",
      "manual" : false,
      "startTime" : "20150603T084159+0900",
      "endTime" : "20150603T084619+0900",
      "duration" : 260.0,
      "distance" : 413.0
    } ],
    "lastUpdate" : "20150603T033240Z"
  }, {
    "type" : "place",
    "startTime" : "20150603T084619+0900",
    "endTime" : "20150603T085732+0900",
    "activities" : [ {
      "activity" : "walking",
      "group" : "walking",
      "manual" : false,
      "startTime" : "20150603T084940+0900",
      "endTime" : "20150603T085140+0900",
      "duration" : 120.0,
      "distance" : 213.0,
      "steps" : 284,
      "calories" : 13
    } ],
    "lastUpdate" : "20150603T033240Z"
  }, {
    "type" : "place",
    "startTime" : "20150603T103705+0900",
    "endTime" : "20150603T120145+0900",
    "activities" : [ {
      "activity" : "walking",
      "group" : "walking",
      "manual" : false,
      "startTime" : "20150603T115808+0900",
      "endTime" : "20150603T120140+0900",
      "duration" : 212.0,
      "distance" : 230.0,
      "steps" : 461,
      "calories" : 14
    } ],
    "lastUpdate" : "20150603T074905Z"
  }, {
    "type" : "move",
    "startTime" : "20150603T120145+0900",
    "endTime" : "20150603T120806+0900",
    "activities" : [ {
      "activity" : "cycling",
      "group" : "cycling",
      "manual" : false,
      "startTime" : "20150603T120145+0900",
      "endTime" : "20150603T120807+0900",
      "duration" : 382.0,
      "distance" : 2071.0,
      "calories" : 54
    } ],
    "lastUpdate" : "20150603T074905Z"
  }, {
    "type" : "place",
    "startTime" : "20150603T120806+0900",
    "endTime" : "20150603T122516+0900",
    "activities" : [ {
      "activity" : "walking",
      "group" : "walking",
      "manual" : false,
      "startTime" : "20150603T120810+0900",
      "endTime" : "20150603T120940+0900",
      "duration" : 90.0,
      "distance" : 81.0,
      "steps" : 162,
      "calories" : 5
    } ],
    "lastUpdate" : "20150603T074905Z"
  }, {
    "type" : "move",
    "startTime" : "20150603T122516+0900",
    "endTime" : "20150603T123048+0900",
    "activities" : [ {
      "activity" : "cycling",
      "group" : "cycling",
      "manual" : false,
      "startTime" : "20150603T122516+0900",
      "endTime" : "20150603T123049+0900",
      "duration" : 333.0,
      "distance" : 2113.0,
      "calories" : 55
    } ],
    "lastUpdate" : "20150603T074905Z"
  }, {
    "type" : "place",
    "startTime" : "20150603T123048+0900",
    "endTime" : "20150603T125346+0900",
    "activities" : [ {
      "activity" : "walking",
      "group" : "walking",
      "manual" : false,
      "startTime" : "20150603T125123+0900",
      "endTime" : "20150603T125223+0900",
      "duration" : 60.0,
      "distance" : 35.0,
      "steps" : 71,
      "calories" : 2
    } ],
    "lastUpdate" : "20150603T074905Z"
  }, {
    "type" : "move",
    "startTime" : "20150603T125346+0900",
    "endTime" : "20150603T125713+0900",
    "activities" : [ {
      "activity" : "cycling",
      "group" : "cycling",
      "manual" : false,
      "startTime" : "20150603T125346+0900",
      "endTime" : "20150603T125650+0900",
      "duration" : 184.0,
      "distance" : 741.0,
      "calories" : 20
    }, {
      "activity" : "walking",
      "group" : "walking",
      "manual" : false,
      "startTime" : "20150603T125650+0900",
      "endTime" : "20150603T125714+0900",
      "duration" : 24.0,
      "distance" : 43.0,
      "steps" : 56,
      "calories" : 3
    } ],
    "lastUpdate" : "20150603T074905Z"
  }, {
    "type" : "place",
    "startTime" : "20150603T125713+0900",
    "endTime" : "20150603T170856+0900",
    "activities" : [ {
      "activity" : "walking",
      "group" : "walking",
      "manual" : false,
      "startTime" : "20150603T125713+0900",
      "endTime" : "20150603T125925+0900",
      "duration" : 132.0,
      "distance" : 159.0,
      "steps" : 212,
      "calories" : 9
    }, {
      "activity" : "walking",
      "group" : "walking",
      "manual" : false,
      "startTime" : "20150603T143044+0900",
      "endTime" : "20150603T143314+0900",
      "duration" : 150.0,
      "distance" : 182.0,
      "steps" : 243,
      "calories" : 11
    }, {
      "activity" : "walking",
      "group" : "walking",
      "manual" : false,
      "startTime" : "20150603T162245+0900",
      "endTime" : "20150603T162615+0900",
      "duration" : 210.0,
      "distance" : 266.0,
      "steps" : 355,
      "calories" : 16
    }, {
      "activity" : "walking",
      "group" : "walking",
      "manual" : false,
      "startTime" : "20150603T170618+0900",
      "endTime" : "20150603T170836+0900",
      "duration" : 138.0,
      "distance" : 104.0,
      "steps" : 129,
      "calories" : 6
    } ],
    "lastUpdate" : "20150603T122414Z"
  }, {
    "type" : "move",
    "startTime" : "20150603T170856+0900",
    "endTime" : "20150603T171316+0900",
    "activities" : [ {
      "activity" : "cycling",
      "group" : "cycling",
      "manual" : false,
      "startTime" : "20150603T170856+0900",
      "endTime" : "20150603T171316+0900",
      "duration" : 260.0,
      "distance" : 1126.0,
      "calories" : 30
    } ],
    "lastUpdate" : "20150603T122414Z"
  }, {
    "type" : "place",
    "startTime" : "20150603T171316+0900",
    "endTime" : "20150604T174626+0900",
    "activities" : [ {
      "activity" : "walking",
      "group" : "walking",
      "manual" : false,
      "startTime" : "20150603T171337+0900",
      "endTime" : "20150603T171407+0900",
      "duration" : 30.0,
      "distance" : 30.0,
      "steps" : 61,
      "calories" : 2
    } ],
    "lastUpdate" : "20150605T135230Z"
  } ],
  "caloriesIdle" : 1706,
  "lastUpdate" : "20150605T135230Z"
}, {
  "date" : "20150604",
  "summary" : null,
  "segments" : null,
  "caloriesIdle" : 1706,
  "lastUpdate" : "20150605T135230Z"
}, {
  "date" : "20150605",
  "summary" : [ {
    "activity" : "walking",
    "group" : "walking",
    "duration" : 4911.0,
    "distance" : 5042.0,
    "steps" : 8213,
    "calories" : 299
  }, {
    "activity" : "cycling",
    "group" : "cycling",
    "duration" : 1496.0,
    "distance" : 6002.0,
    "calories" : 161
  } ],
  "segments" : [ {
    "type" : "place",
    "startTime" : "20150604T174626+0900",
    "endTime" : "20150605T181936+0900",
    "activities" : [ {
      "activity" : "walking",
      "group" : "walking",
      "manual" : false,
      "startTime" : "20150605T174757+0900",
      "endTime" : "20150605T174827+0900",
      "duration" : 30.0,
      "distance" : 15.0,
      "steps" : 30,
      "calories" : 1
    }, {
      "activity" : "walking",
      "group" : "walking",
      "manual" : false,
      "startTime" : "20150605T181701+0900",
      "endTime" : "20150605T181801+0900",
      "duration" : 60.0,
      "distance" : 36.0,
      "steps" : 71,
      "calories" : 2
    } ],
    "lastUpdate" : "20150605T135230Z"
  }, {
    "type" : "move",
    "startTime" : "20150605T181936+0900",
    "endTime" : "20150605T190403+0900",
    "activities" : [ {
      "activity" : "cycling",
      "group" : "cycling",
      "manual" : false,
      "startTime" : "20150605T181936+0900",
      "endTime" : "20150605T182433+0900",
      "duration" : 297.0,
      "distance" : 1212.0,
      "calories" : 32
    }, {
      "activity" : "walking",
      "group" : "walking",
      "manual" : false,
      "startTime" : "20150605T182433+0900",
      "endTime" : "20150605T190404+0900",
      "duration" : 2371.0,
      "distance" : 2456.0,
      "steps" : 4020,
      "calories" : 146
    } ],
    "lastUpdate" : "20150605T135230Z"
  }, {
    "type" : "move",
    "startTime" : "20150605T190607+0900",
    "endTime" : "20150605T191143+0900",
    "activities" : [ {
      "activity" : "walking",
      "group" : "walking",
      "manual" : false,
      "startTime" : "20150605T190607+0900",
      "endTime" : "20150605T191143+0900",
      "duration" : 336.0,
      "distance" : 302.0,
      "steps" : 476,
      "calories" : 18
    } ],
    "lastUpdate" : "20150605T135230Z"
  }, {
    "type" : "move",
    "startTime" : "20150605T191603+0900",
    "endTime" : "20150605T193505+0900",
    "activities" : [ {
      "activity" : "walking",
      "group" : "walking",
      "manual" : false,
      "startTime" : "20150605T191603+0900",
      "endTime" : "20150605T193506+0900",
      "duration" : 1143.0,
      "distance" : 1201.0,
      "steps" : 2094,
      "calories" : 71
    } ],
    "lastUpdate" : "20150605T135230Z"
  }, {
    "type" : "place",
    "startTime" : "20150605T193506+0900",
    "endTime" : "20150605T200136+0900",
    "activities" : [ {
      "activity" : "walking",
      "group" : "walking",
      "manual" : false,
      "startTime" : "20150605T195117+0900",
      "endTime" : "20150605T200119+0900",
      "duration" : 602.0,
      "distance" : 662.0,
      "steps" : 924,
      "calories" : 39
    } ],
    "lastUpdate" : "20150605T135230Z"
  }, {
    "type" : "move",
    "startTime" : "20150605T200136+0900",
    "endTime" : "20150605T201159+0900",
    "activities" : [ {
      "activity" : "cycling",
      "group" : "cycling",
      "manual" : false,
      "startTime" : "20150605T200136+0900",
      "endTime" : "20150605T201159+0900",
      "duration" : 623.0,
      "distance" : 2369.0,
      "calories" : 64
    } ],
    "lastUpdate" : "20150605T135230Z"
  }, {
    "type" : "place",
    "startTime" : "20150605T201159+0900",
    "endTime" : "20150605T204747+0900",
    "activities" : [ {
      "activity" : "walking",
      "group" : "walking",
      "manual" : false,
      "startTime" : "20150605T201849+0900",
      "endTime" : "20150605T202021+0900",
      "duration" : 92.0,
      "distance" : 78.0,
      "steps" : 156,
      "calories" : 5
    } ],
    "lastUpdate" : "20150605T135232Z"
  }, {
    "type" : "move",
    "startTime" : "20150605T204747+0900",
    "endTime" : "20150605T205101+0900",
    "activities" : [ {
      "activity" : "cycling",
      "group" : "cycling",
      "manual" : false,
      "startTime" : "20150605T204747+0900",
      "endTime" : "20150605T205101+0900",
      "duration" : 194.0,
      "distance" : 832.0,
      "calories" : 22
    } ],
    "lastUpdate" : "20150605T135232Z"
  }, {
    "type" : "place",
    "startTime" : "20150605T205101+0900",
    "endTime" : "20150605T210249+0900",
    "activities" : [ {
      "activity" : "walking",
      "group" : "walking",
      "manual" : false,
      "startTime" : "20150605T205101+0900",
      "endTime" : "20150605T205327+0900",
      "duration" : 146.0,
      "distance" : 213.0,
      "steps" : 283,
      "calories" : 13
    }, {
      "activity" : "walking",
      "group" : "walking",
      "manual" : false,
      "startTime" : "20150605T210157+0900",
      "endTime" : "20150605T210221+0900",
      "duration" : 24.0,
      "distance" : 20.0,
      "steps" : 41,
      "calories" : 1
    } ],
    "lastUpdate" : "20150605T135232Z"
  }, {
    "type" : "move",
    "startTime" : "20150605T210249+0900",
    "endTime" : "20150605T210911+0900",
    "activities" : [ {
      "activity" : "cycling",
      "group" : "cycling",
      "manual" : false,
      "startTime" : "20150605T210249+0900",
      "endTime" : "20150605T210911+0900",
      "duration" : 382.0,
      "distance" : 1589.0,
      "calories" : 42
    } ],
    "lastUpdate" : "20150605T135232Z"
  }, {
    "type" : "place",
    "startTime" : "20150605T210911+0900",
    "endTime" : "20150607T205420+0900",
    "activities" : [ {
      "activity" : "walking",
      "group" : "walking",
      "manual" : false,
      "startTime" : "20150605T210911+0900",
      "endTime" : "20150605T211058+0900",
      "duration" : 107.0,
      "distance" : 59.0,
      "steps" : 118,
      "calories" : 3
    } ],
    "lastUpdate" : "20150607T134644Z"
  } ],
  "caloriesIdle" : 1706,
  "lastUpdate" : "20150607T134644Z"
}, {
  "date" : "20150606",
  "summary" : [ {
    "activity" : "walking",
    "group" : "walking",
    "duration" : 60.0,
    "distance" : 30.0,
    "steps" : 50,
    "calories" : 2
  } ],
  "segments" : [ {
    "type" : "place",
    "startTime" : "20150605T210911+0900",
    "endTime" : "20150607T205420+0900",
    "activities" : [ {
      "activity" : "walking",
      "group" : "walking",
      "manual" : false,
      "startTime" : "20150606T014511+0900",
      "endTime" : "20150606T014541+0900",
      "duration" : 30.0,
      "distance" : 15.0,
      "steps" : 30,
      "calories" : 1
    }, {
      "activity" : "walking",
      "group" : "walking",
      "manual" : false,
      "startTime" : "20150606T235536+0900",
      "endTime" : "20150606T235606+0900",
      "duration" : 30.0,
      "distance" : 15.0,
      "steps" : 20,
      "calories" : 1
    } ],
    "lastUpdate" : "20150607T134644Z"
  } ],
  "caloriesIdle" : 1706,
  "lastUpdate" : "20150607T134644Z"
}, {
  "date" : "20150607",
  "summary" : [ {
    "activity" : "walking",
    "group" : "walking",
    "duration" : 205.0,
    "distance" : 173.0,
    "steps" : 347,
    "calories" : 10
  } ],
  "segments" : [ {
    "type" : "place",
    "startTime" : "20150605T210911+0900",
    "endTime" : "20150607T205420+0900",
    "activities" : [ {
      "activity" : "walking",
      "group" : "walking",
      "manual" : false,
      "startTime" : "20150607T163825+0900",
      "endTime" : "20150607T163855+0900",
      "duration" : 30.0,
      "distance" : 15.0,
      "steps" : 30,
      "calories" : 1
    }, {
      "activity" : "walking",
      "group" : "walking",
      "manual" : false,
      "startTime" : "20150607T205229+0900",
      "endTime" : "20150607T205329+0900",
      "duration" : 60.0,
      "distance" : 61.0,
      "steps" : 122,
      "calories" : 4
    } ],
    "lastUpdate" : "20150607T134644Z"
  }, {
    "type" : "place",
    "startTime" : "20150607T205653+0900",
    "endTime" : "20150607T210547+0900",
    "activities" : [ {
      "activity" : "walking",
      "group" : "walking",
      "manual" : false,
      "startTime" : "20150607T205653+0900",
      "endTime" : "20150607T205700+0900",
      "duration" : 7.0,
      "distance" : 3.0,
      "steps" : 7,
      "calories" : 0
    }, {
      "activity" : "walking",
      "group" : "walking",
      "manual" : false,
      "startTime" : "20150607T210029+0900",
      "endTime" : "20150607T210117+0900",
      "duration" : 48.0,
      "distance" : 33.0,
      "steps" : 66,
      "calories" : 2
    } ],
    "lastUpdate" : "20150607T134644Z"
  }, {
    "type" : "place",
    "startTime" : "20150607T210725+0900",
    "endTime" : "20150608T124825+0900",
    "activities" : [ {
      "activity" : "walking",
      "group" : "walking",
      "manual" : false,
      "startTime" : "20150607T210830+0900",
      "endTime" : "20150607T210930+0900",
      "duration" : 60.0,
      "distance" : 61.0,
      "steps" : 122,
      "calories" : 4
    } ],
    "lastUpdate" : "20150608T052448Z"
  } ],
  "caloriesIdle" : 1706,
  "lastUpdate" : "20150608T052448Z"
} ]