[ {
  "date" : "20161128",
  "summary" : [ {
    "activity" : "walking",
    "group" : "walking",
    "duration" : 1475.0,
    "distance" : 1466.0,
    "steps" : 2070,
    "calories" : 82
  }, {
    "activity" : "cycling",
    "group" : "cycling",
    "duration" : 760.0,
    "distance" : 2791.0,
    "calories" : 71
  } ],
  "segments" : [ {
    "type" : "place",
    "startTime" : "20161127T095838+0900",
    "endTime" : "20161128T085525+0900",
    "activities" : [ {
      "activity" : "walking",
      "group" : "walking",
      "manual" : false,
      "startTime" : "20161128T084638+0900",
      "endTime" : "20161128T085224+0900",
      "duration" : 346.0,
      "distance" : 346.0,
      "steps" : 461,
      "calories" : 19
    }, {
      "activity" : "walking",
      "group" : "walking",
      "manual" : false,
      "startTime" : "20161128T090000+0900",
      "endTime" : "20161128T090741+0900",
      "duration" : 461.0,
      "distance" : 461.0,
      "steps" : 615,
      "calories" : 26
    } ],
    "lastUpdate" : "20161128T005840Z"
  }, {
    "type" : "move",
    "startTime" : "20161128T085525+0900",
    "endTime" : "20161128T090131+0900",
    "activities" : [ {
      "activity" : "cycling",
      "group" : "cycling",
      "manual" : false,
      "startTime" : "20161128T085525+0900",
      "endTime" : "20161128T090131+0900",
      "duration" : 366.0,
      "distance" : 1346.0,
      "calories" : 34
    } ],
    "lastUpdate" : "20161128T005840Z"
  }, {
    "type" : "place",
    "startTime" : "20161128T090131+0900",
    "endTime" : "20161128T142908+0900",
    "activities" : [ {
      "activity" : "walking",
      "group" : "walking",
      "manual" : false,
      "startTime" : "20161128T090131+0900",
      "endTime" : "20161128T090231+0900",
      "duration" : 60.0,
      "distance" : 42.0,
      "steps" : 84,
      "calories" : 2
    }, {
      "activity" : "walking",
      "group" : "walking",
      "manual" : false,
      "startTime" : "20161128T101742+0900",
      "endTime" : "20161128T101857+0900",
      "duration" : 75.0,
      "distance" : 50.0,
      "steps" : 100,
      "calories" : 3
    }, {
      "activity" : "walking",
      "group" : "walking",
      "manual" : false,
      "startTime" : "20161128T120947+0900",
      "endTime" : "20161128T121641+0900",
      "duration" : 414.0,
      "distance" : 488.0,
      "steps" : 651,
      "calories" : 27
    }, {
      "activity" : "walking",
      "group" : "walking",
      "manual" : false,
      "startTime" : "20161128T142308+0900",
      "endTime" : "20161128T142412+0900",
      "duration" : 64.0,
      "distance" : 42.0,
      "steps" : 85,
      "calories" : 2
    } ],
    "lastUpdate" : "20161128T065927Z"
  }, {
    "type" : "move",
    "startTime" : "20161128T142908+0900",
    "endTime" : "20161128T143542+0900",
    "activities" : [ {
      "activity" : "cycling",
      "group" : "cycling",
      "manual" : false,
      "startTime" : "20161128T142908+0900",
      "endTime" : "20161128T143542+0900",
      "duration" : 394.0,
      "distance" : 1445.0,
      "calories" : 37
    } ],
    "lastUpdate" : "20161128T065927Z"
  }, {
    "type" : "place",
    "startTime" : "20161128T143542+0900",
    "endTime" : "20161129T082939+0900",
    "activities" : [ {
      "activity" : "walking",
      "group" : "walking",
      "manual" : false,
      "startTime" : "20161128T143542+0900",
      "endTime" : "20161128T143637+0900",
      "duration" : 55.0,
      "distance" : 37.0,
      "steps" : 74,
      "calories" : 2
    } ],
    "lastUpdate" : "20161129T021016Z"
  } ],
  "caloriesIdle" : 1601,
  "lastUpdate" : "20161129T021016Z"
}, {
  "date" : "20161129",
  "summary" : [ {
    "activity" : "walking",
    "group" : "walking",
    "duration" : 1085.0,
    "distance" : 990.0,
    "steps" : 1457,
    "calories" : 55
  }, {
    "activity" : "cycling",
    "group" : "cycling",
    "duration" : 1118.0,
    "distance" : 4124.0,
    "calories" : 104
  }, {
    "activity" : "transport",
    "group" : "transport",
    "duration" : 1000.0,
    "distance" : 1227.0
  } ],
  "segments" : [ {
    "type" : "place",
    "startTime" : "20161128T143542+0900",
    "endTime" : "20161129T082939+0900",
    "activities" : [ {
      "activity" : "walking",
      "group" : "walking",
      "manual" : false,
      "startTime" : "20161129T082806+0900",
      "endTime" : "20161129T083858+0900",
      "duration" : 652.0,
      "distance" : 652.0,
      "steps" : 870,
      "calories" : 36
    } ],
    "lastUpdate" : "20161129T021016Z"
  }, {
    "type" : "move",
    "startTime" : "20161129T082939+0900",
    "endTime" : "20161129T083721+0900",
    "activities" : [ {
      "activity" : "cycling",
      "group" : "cycling",
      "manual" : false,
      "startTime" : "20161129T082939+0900",
      "endTime" : "20161129T083720+0900",
      "duration" : 461.0,
      "distance" : 1415.0,
      "calories" : 37
    } ],
    "lastUpdate" : "20161129T021016Z"
  }, {
    "type" : "place",
    "startTime" : "20161129T083721+0900",
    "endTime" : "20161129T105346+0900",
    "activities" : [ {
      "activity" : "walking",
      "group" : "walking",
      "manual" : false,
      "startTime" : "20161129T083724+0900",
      "endTime" : "20161129T083802+0900",
      "duration" : 38.0,
      "distance" : 27.0,
      "steps" : 54,
      "calories" : 2
    } ],
    "lastUpdate" : "20161129T034503Z"
  }, {
    "type" : "move",
    "startTime" : "20161129T105346+0900",
    "endTime" : "20161129T111026+0900",
    "activities" : [ {
      "activity" : "transport",
      "group" : "transport",
      "manual" : false,
      "startTime" : "20161129T105346+0900",
      "endTime" : "20161129T111026+0900",
      "duration" : 1000.0,
      "distance" : 1227.0
    } ],
    "lastUpdate" : "20161129T034503Z"
  }, {
    "type" : "place",
    "startTime" : "20161129T111026+0900",
    "endTime" : "20161129T125919+0900",
    "activities" : [ {
      "activity" : "walking",
      "group" : "walking",
      "manual" : false,
      "startTime" : "20161129T125726+0900",
      "endTime" : "20161129T125915+0900",
      "duration" : 109.0,
      "distance" : 73.0,
      "steps" : 146,
      "calories" : 4
    }, {
      "activity" : "walking",
      "group" : "walking",
      "manual" : false,
      "startTime" : "20161129T130000+0900",
      "endTime" : "20161129T130018+0900",
      "duration" : 18.0,
      "distance" : 12.0,
      "steps" : 24,
      "calories" : 1
    } ],
    "lastUpdate" : "20161129T051736Z"
  }, {
    "type" : "move",
    "startTime" : "20161129T125919+0900",
    "endTime" : "20161129T130428+0900",
    "activities" : [ {
      "activity" : "cycling",
      "group" : "cycling",
      "manual" : false,
      "startTime" : "20161129T125919+0900",
      "endTime" : "20161129T130428+0900",
      "duration" : 309.0,
      "distance" : 1359.0,
      "calories" : 34
    } ],
    "lastUpdate" : "20161129T051736Z"
  }, {
    "type" : "place",
    "startTime" : "20161129T130428+0900",
    "endTime" : "20161129T142754+0900",
    "activities" : [ {
      "activity" : "walking",
      "group" : "walking",
      "manual" : false,
      "startTime" : "20161129T130428+0900",
      "endTime" : "20161129T130521+0900",
      "duration" : 53.0,
      "distance" : 35.0,
      "steps" : 71,
      "calories" : 2
    }, {
      "activity" : "walking",
      "group" : "walking",
      "manual" : false,
      "startTime" : "20161129T142507+0900",
      "endTime" : "20161129T142720+0900",
      "duration" : 133.0,
      "distance" : 136.0,
      "steps" : 182,
      "calories" : 8
    } ],
    "lastUpdate" : "20161129T065043Z"
  }, {
    "type" : "move",
    "startTime" : "20161129T142754+0900",
    "endTime" : "20161129T143342+0900",
    "activities" : [ {
      "activity" : "cycling",
      "group" : "cycling",
      "manual" : false,
      "startTime" : "20161129T142754+0900",
      "endTime" : "20161129T143342+0900",
      "duration" : 348.0,
      "distance" : 1350.0,
      "calories" : 34
    } ],
    "lastUpdate" : "20161129T065043Z"
  }, {
    "type" : "place",
    "startTime" : "20161129T143343+0900",
    "endTime" : "20161130T083533+0900",
    "activities" : [ {
      "activity" : "walking",
      "group" : "walking",
      "manual" : false,
      "startTime" : "20161129T143343+0900",
      "endTime" : "20161129T143505+0900",
      "duration" : 82.0,
      "distance" : 55.0,
      "steps" : 110,
      "calories" : 3
    } ],
    "lastUpdate" : "20161130T060528Z"
  } ],
  "caloriesIdle" : 1601,
  "lastUpdate" : "20161130T060528Z"
}, {
  "date" : "20161130",
  "summary" : [ {
    "activity" : "walking",
    "group" : "walking",
    "duration" : 2794.0,
    "distance" : 2910.0,
    "steps" : 4207,
    "calories" : 162
  }, {
    "activity" : "cycling",
    "group" : "cycling",
    "duration" : 1532.0,
    "distance" : 4182.0,
    "calories" : 110
  }, {
    "activity" : "transport",
    "group" : "transport",
    "duration" : 2560.0,
    "distance" : 10706.0
  }, {
    "activity" : "running",
    "group" : "running",
    "duration" : 274.0,
    "distance" : 681.0,
    "steps" : 685,
    "calories" : 46
  } ],
  "segments" : [ {
    "type" : "place",
    "startTime" : "20161129T143343+0900",
    "endTime" : "20161130T083533+0900",
    "activities" : [ {
      "activity" : "walking",
      "group" : "walking",
      "manual" : false,
      "startTime" : "20161130T083205+0900",
      "endTime" : "20161130T083335+0900",
      "duration" : 90.0,
      "distance" : 60.0,
      "steps" : 121,
      "calories" : 3
    } ],
    "lastUpdate" : "20161130T060528Z"
  }, {
    "type" : "move",
    "startTime" : "20161130T083533+0900",
    "endTime" : "20161130T084146+0900",
    "activities" : [ {
      "activity" : "transport",
      "group" : "transport",
      "manual" : false,
      "startTime" : "20161130T083533+0900",
      "endTime" : "20161130T083741+0900",
      "duration" : 128.0,
      "distance" : 608.0
    }, {
      "activity" : "cycling",
      "group" : "cycling",
      "manual" : false,
      "startTime" : "20161130T083742+0900",
      "endTime" : "20161130T084146+0900",
      "duration" : 244.0,
      "distance" : 809.0,
      "calories" : 21
    } ],
    "lastUpdate" : "20161130T060528Z"
  }, {
    "type" : "place",
    "startTime" : "20161130T084146+0900",
    "endTime" : "20161130T120432+0900",
    "activities" : [ {
      "activity" : "walking",
      "group" : "walking",
      "manual" : false,
      "startTime" : "20161130T084146+0900",
      "endTime" : "20161130T084259+0900",
      "duration" : 73.0,
      "distance" : 50.0,
      "steps" : 101,
      "calories" : 3
    }, {
      "activity" : "walking",
      "group" : "walking",
      "manual" : false,
      "startTime" : "20161130T101819+0900",
      "endTime" : "20161130T102245+0900",
      "duration" : 266.0,
      "distance" : 321.0,
      "steps" : 428,
      "calories" : 18
    }, {
      "activity" : "walking",
      "group" : "walking",
      "manual" : false,
      "startTime" : "20161130T120126+0900",
      "endTime" : "20161130T120532+0900",
      "duration" : 246.0,
      "distance" : 316.0,
      "steps" : 421,
      "calories" : 18
    } ],
    "lastUpdate" : "20161130T060530Z"
  }, {
    "type" : "move",
    "startTime" : "20161130T120432+0900",
    "endTime" : "20161130T121211+0900",
    "activities" : [ {
      "activity" : "cycling",
      "group" : "cycling",
      "manual" : false,
      "startTime" : "20161130T120432+0900",
      "endTime" : "20161130T121211+0900",
      "duration" : 459.0,
      "distance" : 1168.0,
      "calories" : 31
    } ],
    "lastUpdate" : "20161130T060530Z"
  }, {
    "type" : "place",
    "startTime" : "20161130T121211+0900",
    "endTime" : "20161130T125444+0900",
    "activities" : [ {
      "activity" : "walking",
      "group" : "walking",
      "manual" : false,
      "startTime" : "20161130T121211+0900",
      "endTime" : "20161130T121347+0900",
      "duration" : 96.0,
      "distance" : 64.0,
      "steps" : 128,
      "calories" : 4
    } ],
    "lastUpdate" : "20161130T060530Z"
  }, {
    "type" : "move",
    "startTime" : "20161130T125444+0900",
    "endTime" : "20161130T130212+0900",
    "activities" : [ {
      "activity" : "cycling",
      "group" : "cycling",
      "manual" : false,
      "startTime" : "20161130T125444+0900",
      "endTime" : "20161130T130212+0900",
      "duration" : 448.0,
      "distance" : 1221.0,
      "calories" : 32
    } ],
    "lastUpdate" : "20161130T060530Z"
  }, {
    "type" : "place",
    "startTime" : "20161130T130213+0900",
    "endTime" : "20161130T175203+0900",
    "activities" : [ {
      "activity" : "walking",
      "group" : "walking",
      "manual" : false,
      "startTime" : "20161130T130213+0900",
      "endTime" : "20161130T130305+0900",
      "duration" : 52.0,
      "distance" : 42.0,
      "steps" : 84,
      "calories" : 2
    }, {
      "activity" : "walking",
      "group" : "walking",
      "manual" : false,
      "startTime" : "20161130T143311+0900",
      "endTime" : "20161130T143501+0900",
      "duration" : 110.0,
      "distance" : 74.0,
      "steps" : 148,
      "calories" : 4
    }, {
      "activity" : "walking",
      "group" : "walking",
      "manual" : false,
      "startTime" : "20161130T160829+0900",
      "endTime" : "20161130T160956+0900",
      "duration" : 87.0,
      "distance" : 58.0,
      "steps" : 116,
      "calories" : 3
    }, {
      "activity" : "walking",
      "group" : "walking",
      "manual" : false,
      "startTime" : "20161130T175015+0900",
      "endTime" : "20161130T175432+0900",
      "duration" : 257.0,
      "distance" : 283.0,
      "steps" : 378,
      "calories" : 16
    } ],
    "lastUpdate" : "20161130T104756Z"
  }, {
    "type" : "move",
    "startTime" : "20161130T175203+0900",
    "endTime" : "20161130T175824+0900",
    "activities" : [ {
      "activity" : "cycling",
      "group" : "cycling",
      "manual" : false,
      "startTime" : "20161130T175203+0900",
      "endTime" : "20161130T175824+0900",
      "duration" : 381.0,
      "distance" : 984.0,
      "calories" : 26
    } ],
    "lastUpdate" : "20161130T104756Z"
  }, {
    "type" : "place",
    "startTime" : "20161130T175825+0900",
    "endTime" : "20161130T183000+0900",
    "activities" : [ {
      "activity" : "walking",
      "group" : "walking",
      "manual" : false,
      "startTime" : "20161130T175825+0900",
      "endTime" : "20161130T175853+0900",
      "duration" : 28.0,
      "distance" : 19.0,
      "steps" : 38,
      "calories" : 1
    }, {
      "activity" : "walking",
      "group" : "walking",
      "manual" : false,
      "startTime" : "20161130T180011+0900",
      "endTime" : "20161130T180259+0900",
      "duration" : 168.0,
      "distance" : 190.0,
      "steps" : 253,
      "calories" : 11
    } ],
    "lastUpdate" : "20161130T104757Z"
  }, {
    "type" : "move",
    "startTime" : "20161130T183000+0900",
    "endTime" : "20161130T190037+0900",
    "activities" : [ {
      "activity" : "running",
      "group" : "running",
      "manual" : false,
      "startTime" : "20161130T183000+0900",
      "endTime" : "20161130T183434+0900",
      "duration" : 274.0,
      "distance" : 681.0,
      "steps" : 685,
      "calories" : 46
    }, {
      "activity" : "transport",
      "group" : "transport",
      "manual" : false,
      "startTime" : "20161130T183435+0900",
      "endTime" : "20161130T185506+0900",
      "duration" : 1231.0,
      "distance" : 4994.0
    }, {
      "activity" : "walking",
      "group" : "walking",
      "manual" : false,
      "startTime" : "20161130T185506+0900",
      "endTime" : "20161130T190037+0900",
      "duration" : 331.0,
      "distance" : 376.0,
      "steps" : 416,
      "calories" : 21
    } ],
    "lastUpdate" : "20161130T104757Z"
  }, {
    "type" : "place",
    "startTime" : "20161130T190037+0900",
    "endTime" : "20161130T215238+0900",
    "activities" : [ {
      "activity" : "walking",
      "group" : "walking",
      "manual" : false,
      "startTime" : "20161130T214120+0900",
      "endTime" : "20161130T214126+0900",
      "duration" : 6.0,
      "distance" : 4.0,
      "steps" : 8,
      "calories" : 0
    } ],
    "lastUpdate" : "20161130T135333Z"
  }, {
    "type" : "move",
    "startTime" : "20161130T215238+0900",
    "endTime" : "20161130T222905+0900",
    "activities" : [ {
      "activity" : "walking",
      "group" : "walking",
      "manual" : false,
      "startTime" : "20161130T215238+0900",
      "endTime" : "20161130T215712+0900",
      "duration" : 274.0,
      "distance" : 253.0,
      "steps" : 397,
      "calories" : 14
    }, {
      "activity" : "transport",
      "group" : "transport",
      "manual" : false,
      "startTime" : "20161130T215713+0900",
      "endTime" : "20161130T221714+0900",
      "duration" : 1201.0,
      "distance" : 5104.0
    }, {
      "activity" : "walking",
      "group" : "walking",
      "manual" : false,
      "startTime" : "20161130T221714+0900",
      "endTime" : "20161130T222904+0900",
      "duration" : 710.0,
      "distance" : 800.0,
      "steps" : 1170,
      "calories" : 44
    } ],
    "lastUpdate" : "20161130T135333Z"
  } ],
  "caloriesIdle" : 1601,
  "lastUpdate" : "20161130T135333Z"
}, {
  "date" : "20161201",
  "summary" : null,
  "segments" : null,
  "caloriesIdle" : 1601,
  "lastUpdate" : "20161202T092255Z"
}, {
  "date" : "20161202",
  "summary" : [ {
    "activity" : "walking",
    "group" : "walking",
    "duration" : 1013.0,
    "distance" : 1040.0,
    "steps" : 1387,
    "calories" : 58
  }, {
    "activity" : "cycling",
    "group" : "cycling",
    "duration" : 434.0,
    "distance" : 1557.0,
    "calories" : 40
  } ],
  "segments" : [ {
    "type" : "place",
    "startTime" : "20161201T182252+0900",
    "endTime" : "20161202T174057+0900",
    "activities" : [ {
      "activity" : "walking",
      "group" : "walking",
      "manual" : false,
      "startTime" : "20161202T173942+0900",
      "endTime" : "20161202T175301+0900",
      "duration" : 799.0,
      "distance" : 799.0,
      "steps" : 1066,
      "calories" : 44
    } ],
    "lastUpdate" : "20161202T092255Z"
  }, {
    "type" : "move",
    "startTime" : "20161202T174057+0900",
    "endTime" : "20161202T174403+0900",
    "activities" : [ {
      "activity" : "cycling",
      "group" : "cycling",
      "manual" : false,
      "startTime" : "20161202T174057+0900",
      "endTime" : "20161202T174403+0900",
      "duration" : 186.0,
      "distance" : 712.0,
      "calories" : 18
    } ],
    "lastUpdate" : "20161202T092255Z"
  }, {
    "type" : "place",
    "startTime" : "20161202T174404+0900",
    "endTime" : "20161202T175528+0900",
    "activities" : [ {
      "activity" : "walking",
      "group" : "walking",
      "manual" : false,
      "startTime" : "20161202T174404+0900",
      "endTime" : "20161202T174738+0900",
      "duration" : 214.0,
      "distance" : 241.0,
      "steps" : 321,
      "calories" : 13
    } ],
    "lastUpdate" : "20161202T092255Z"
  }, {
    "type" : "move",
    "startTime" : "20161202T175528+0900",
    "endTime" : "20161202T175937+0900",
    "activities" : [ {
      "activity" : "cycling",
      "group" : "cycling",
      "manual" : false,
      "startTime" : "20161202T175528+0900",
      "endTime" : "20161202T175936+0900",
      "duration" : 248.0,
      "distance" : 845.0,
      "calories" : 22
    } ],
    "lastUpdate" : "20161202T092255Z"
  } ],
  "caloriesIdle" : 1601,
  "lastUpdate" : "20161202T092255Z"
}, {
  "date" : "20161204",
  "summary" : null,
  "segments" : null,
  "caloriesIdle" : 1601,
  "lastUpdate" : "20161205T021308Z"
} ]