[ {
  "date" : "20161031",
  "summary" : [ {
    "activity" : "walking",
    "group" : "walking",
    "duration" : 15.0,
    "distance" : 10.0,
    "steps" : 21,
    "calories" : 1
  } ],
  "segments" : [ {
    "type" : "place",
    "startTime" : "20161031T085833+0900",
    "endTime" : "20161101T074157+0900",
    "activities" : [ {
      "activity" : "walking",
      "group" : "walking",
      "manual" : false,
      "startTime" : "20161031T153342+0900",
      "endTime" : "20161031T153350+0900",
      "duration" : 8.0,
      "distance" : 5.0,
      "steps" : 11,
      "calories" : 0
    }, {
      "activity" : "walking",
      "group" : "walking",
      "manual" : false,
      "startTime" : "20161031T165004+0900",
      "endTime" : "20161031T165011+0900",
      "duration" : 7.0,
      "distance" : 5.0,
      "steps" : 10,
      "calories" : 0
    } ],
    "lastUpdate" : "20161031T235835Z"
  } ],
  "caloriesIdle" : 1601,
  "lastUpdate" : "20161031T235835Z"
}, {
  "date" : "20161101",
  "summary" : [ {
    "activity" : "walking",
    "group" : "walking",
    "duration" : 4069.0,
    "distance" : 4544.0,
    "steps" : 6653,
    "calories" : 253
  }, {
    "activity" : "transport",
    "group" : "transport",
    "duration" : 16945.0,
    "distance" : 1074123.0
  }, {
    "activity" : "cycling",
    "group" : "cycling",
    "duration" : 184.0,
    "distance" : 1065.0,
    "calories" : 26
  } ],
  "segments" : [ {
    "type" : "place",
    "startTime" : "20161031T085833+0900",
    "endTime" : "20161101T074157+0900",
    "activities" : [ {
      "activity" : "walking",
      "group" : "walking",
      "manual" : false,
      "startTime" : "20161101T072819+0900",
      "endTime" : "20161101T074218+0900",
      "duration" : 839.0,
      "distance" : 1401.0,
      "steps" : 1869,
      "calories" : 78
    } ],
    "lastUpdate" : "20161031T235835Z"
  }, {
    "type" : "move",
    "startTime" : "20161101T074157+0900",
    "endTime" : "20161101T080834+0900",
    "activities" : [ {
      "activity" : "walking",
      "group" : "walking",
      "manual" : false,
      "startTime" : "20161101T074157+0900",
      "endTime" : "20161101T074428+0900",
      "duration" : 151.0,
      "distance" : 191.0,
      "steps" : 253,
      "calories" : 11
    }, {
      "activity" : "transport",
      "group" : "transport",
      "manual" : false,
      "startTime" : "20161101T074428+0900",
      "endTime" : "20161101T075158+0900",
      "duration" : 450.0,
      "distance" : 2703.0
    }, {
      "activity" : "walking",
      "group" : "walking",
      "manual" : false,
      "startTime" : "20161101T075159+0900",
      "endTime" : "20161101T075559+0900",
      "duration" : 240.0,
      "distance" : 185.0,
      "steps" : 370,
      "calories" : 10
    }, {
      "activity" : "transport",
      "group" : "transport",
      "manual" : false,
      "startTime" : "20161101T075559+0900",
      "endTime" : "20161101T080559+0900",
      "duration" : 600.0,
      "distance" : 3692.0
    }, {
      "activity" : "walking",
      "group" : "walking",
      "manual" : false,
      "startTime" : "20161101T080559+0900",
      "endTime" : "20161101T080833+0900",
      "duration" : 154.0,
      "distance" : 238.0,
      "steps" : 262,
      "calories" : 13
    } ],
    "lastUpdate" : "20161031T235835Z"
  }, {
    "type" : "place",
    "startTime" : "20161101T080834+0900",
    "endTime" : "20161101T082308+0900",
    "activities" : [ {
      "activity" : "walking",
      "group" : "walking",
      "manual" : false,
      "startTime" : "20161101T080834+0900",
      "endTime" : "20161101T080857+0900",
      "duration" : 23.0,
      "distance" : 15.0,
      "steps" : 31,
      "calories" : 1
    } ],
    "lastUpdate" : "20161101T013135Z"
  }, {
    "type" : "move",
    "startTime" : "20161101T082308+0900",
    "endTime" : "20161101T094933+0900",
    "activities" : [ {
      "activity" : "transport",
      "group" : "transport",
      "manual" : false,
      "startTime" : "20161101T082308+0900",
      "endTime" : "20161101T094623+0900",
      "duration" : 4995.0,
      "distance" : 85747.0
    }, {
      "activity" : "walking",
      "group" : "walking",
      "manual" : false,
      "startTime" : "20161101T094623+0900",
      "endTime" : "20161101T094933+0900",
      "duration" : 190.0,
      "distance" : 182.0,
      "steps" : 278,
      "calories" : 10
    } ],
    "lastUpdate" : "20161101T013135Z"
  }, {
    "type" : "place",
    "startTime" : "20161101T094934+0900",
    "endTime" : "20161101T102049+0900",
    "activities" : [ {
      "activity" : "walking",
      "group" : "walking",
      "manual" : false,
      "startTime" : "20161101T095015+0900",
      "endTime" : "20161101T095224+0900",
      "duration" : 129.0,
      "distance" : 154.0,
      "steps" : 206,
      "calories" : 9
    }, {
      "activity" : "walking",
      "group" : "walking",
      "manual" : false,
      "startTime" : "20161101T100141+0900",
      "endTime" : "20161101T100902+0900",
      "duration" : 441.0,
      "distance" : 479.0,
      "steps" : 638,
      "calories" : 27
    } ],
    "lastUpdate" : "20161101T013135Z"
  }, {
    "type" : "place",
    "startTime" : "20161101T102050+0900",
    "endTime" : "20161101T104711+0900",
    "activities" : [ {
      "activity" : "walking",
      "group" : "walking",
      "manual" : false,
      "startTime" : "20161101T102050+0900",
      "endTime" : "20161101T102300+0900",
      "duration" : 130.0,
      "distance" : 130.0,
      "steps" : 173,
      "calories" : 7
    } ],
    "lastUpdate" : "20161101T060710Z"
  }, {
    "type" : "move",
    "startTime" : "20161101T104711+0900",
    "endTime" : "20161101T140154+0900",
    "activities" : [ {
      "activity" : "transport",
      "group" : "transport",
      "manual" : false,
      "startTime" : "20161101T104711+0900",
      "endTime" : "20161101T123744+0900",
      "duration" : 6633.0,
      "distance" : 924681.0
    }, {
      "activity" : "walking",
      "group" : "walking",
      "manual" : false,
      "startTime" : "20161101T123744+0900",
      "endTime" : "20161101T124314+0900",
      "duration" : 330.0,
      "distance" : 251.0,
      "steps" : 502,
      "calories" : 14
    }, {
      "activity" : "transport",
      "group" : "transport",
      "manual" : false,
      "startTime" : "20161101T124314+0900",
      "endTime" : "20161101T135044+0900",
      "duration" : 4050.0,
      "distance" : 56130.0
    }, {
      "activity" : "walking",
      "group" : "walking",
      "manual" : false,
      "startTime" : "20161101T135044+0900",
      "endTime" : "20161101T140154+0900",
      "duration" : 670.0,
      "distance" : 616.0,
      "steps" : 1006,
      "calories" : 34
    } ],
    "lastUpdate" : "20161101T060710Z"
  }, {
    "type" : "move",
    "startTime" : "20161101T140154+0900",
    "endTime" : "20161101T140319+0900",
    "activities" : [ {
      "activity" : "walking",
      "group" : "walking",
      "manual" : false,
      "startTime" : "20161101T140154+0900",
      "endTime" : "20161101T140319+0900",
      "duration" : 85.0,
      "distance" : 85.0,
      "steps" : 67,
      "calories" : 5
    } ],
    "lastUpdate" : "20161101T091303Z"
  }, {
    "type" : "place",
    "startTime" : "20161101T140320+0900",
    "endTime" : "20161101T175843+0900",
    "activities" : [ {
      "activity" : "walking",
      "group" : "walking",
      "manual" : false,
      "startTime" : "20161101T140320+0900",
      "endTime" : "20161101T140328+0900",
      "duration" : 8.0,
      "distance" : 6.0,
      "steps" : 13,
      "calories" : 0
    }, {
      "activity" : "walking",
      "group" : "walking",
      "manual" : false,
      "startTime" : "20161101T175630+0900",
      "endTime" : "20161101T175857+0900",
      "duration" : 147.0,
      "distance" : 147.0,
      "steps" : 196,
      "calories" : 8
    }, {
      "activity" : "walking",
      "group" : "walking",
      "manual" : false,
      "startTime" : "20161101T180000+0900",
      "endTime" : "20161101T180103+0900",
      "duration" : 63.0,
      "distance" : 42.0,
      "steps" : 84,
      "calories" : 2
    } ],
    "lastUpdate" : "20161101T091303Z"
  }, {
    "type" : "move",
    "startTime" : "20161101T175843+0900",
    "endTime" : "20161101T180147+0900",
    "activities" : [ {
      "activity" : "cycling",
      "group" : "cycling",
      "manual" : false,
      "startTime" : "20161101T175843+0900",
      "endTime" : "20161101T180147+0900",
      "duration" : 184.0,
      "distance" : 1065.0,
      "calories" : 26
    } ],
    "lastUpdate" : "20161101T091303Z"
  }, {
    "type" : "place",
    "startTime" : "20161101T180147+0900",
    "endTime" : "20161101T201353+0900",
    "activities" : [ {
      "activity" : "walking",
      "group" : "walking",
      "manual" : false,
      "startTime" : "20161101T180147+0900",
      "endTime" : "20161101T180337+0900",
      "duration" : 110.0,
      "distance" : 89.0,
      "steps" : 179,
      "calories" : 5
    }, {
      "activity" : "walking",
      "group" : "walking",
      "manual" : false,
      "startTime" : "20161101T195924+0900",
      "endTime" : "20161101T195934+0900",
      "duration" : 10.0,
      "distance" : 7.0,
      "steps" : 14,
      "calories" : 0
    }, {
      "activity" : "walking",
      "group" : "walking",
      "manual" : false,
      "startTime" : "20161101T200013+0900",
      "endTime" : "20161101T200321+0900",
      "duration" : 188.0,
      "distance" : 211.0,
      "steps" : 282,
      "calories" : 12
    } ],
    "lastUpdate" : "20161101T121646Z"
  }, {
    "type" : "move",
    "startTime" : "20161101T201353+0900",
    "endTime" : "20161101T201626+0900",
    "activities" : [ {
      "activity" : "transport",
      "group" : "transport",
      "manual" : false,
      "startTime" : "20161101T201353+0900",
      "endTime" : "20161101T201626+0900",
      "duration" : 153.0,
      "distance" : 842.0
    } ],
    "lastUpdate" : "20161101T121646Z"
  }, {
    "type" : "place",
    "startTime" : "20161101T201626+0900",
    "endTime" : "20161101T204929+0900",
    "activities" : [ {
      "activity" : "walking",
      "group" : "walking",
      "manual" : false,
      "startTime" : "20161101T201626+0900",
      "endTime" : "20161101T201752+0900",
      "duration" : 86.0,
      "distance" : 63.0,
      "steps" : 126,
      "calories" : 4
    } ],
    "lastUpdate" : "20161101T121646Z"
  }, {
    "type" : "move",
    "startTime" : "20161101T204929+0900",
    "endTime" : "20161101T205033+0900",
    "activities" : [ {
      "activity" : "transport",
      "group" : "transport",
      "manual" : false,
      "startTime" : "20161101T204929+0900",
      "endTime" : "20161101T205033+0900",
      "duration" : 64.0,
      "distance" : 328.0
    } ],
    "lastUpdate" : "20161101T121646Z"
  }, {
    "type" : "place",
    "startTime" : "20161101T205033+0900",
    "endTime" : "20161102T125511+0900",
    "activities" : [ {
      "activity" : "walking",
      "group" : "walking",
      "manual" : false,
      "startTime" : "20161101T205033+0900",
      "endTime" : "20161101T205148+0900",
      "duration" : 75.0,
      "distance" : 52.0,
      "steps" : 104,
      "calories" : 3
    } ],
    "lastUpdate" : "20161102T051639Z"
  } ],
  "caloriesIdle" : 1601,
  "lastUpdate" : "20161102T051639Z"
}, {
  "date" : "20161102",
  "summary" : [ {
    "activity" : "walking",
    "group" : "walking",
    "duration" : 3428.0,
    "distance" : 3710.0,
    "steps" : 5030,
    "calories" : 206
  }, {
    "activity" : "cycling",
    "group" : "cycling",
    "duration" : 1233.0,
    "distance" : 5027.0,
    "calories" : 126
  }, {
    "activity" : "transport",
    "group" : "transport",
    "duration" : 2852.0,
    "distance" : 10784.0
  }, {
    "activity" : "running",
    "group" : "running",
    "duration" : 121.0,
    "distance" : 172.0,
    "steps" : 247,
    "calories" : 12
  } ],
  "segments" : [ {
    "type" : "place",
    "startTime" : "20161101T205033+0900",
    "endTime" : "20161102T125511+0900",
    "activities" : [ {
      "activity" : "walking",
      "group" : "walking",
      "manual" : false,
      "startTime" : "20161102T125238+0900",
      "endTime" : "20161102T125837+0900",
      "duration" : 359.0,
      "distance" : 359.0,
      "steps" : 479,
      "calories" : 20
    }, {
      "activity" : "walking",
      "group" : "walking",
      "manual" : false,
      "startTime" : "20161102T130000+0900",
      "endTime" : "20161102T130404+0900",
      "duration" : 244.0,
      "distance" : 244.0,
      "steps" : 325,
      "calories" : 14
    } ],
    "lastUpdate" : "20161102T051639Z"
  }, {
    "type" : "move",
    "startTime" : "20161102T125512+0900",
    "endTime" : "20161102T125921+0900",
    "activities" : [ {
      "activity" : "cycling",
      "group" : "cycling",
      "manual" : false,
      "startTime" : "20161102T125512+0900",
      "endTime" : "20161102T125921+0900",
      "duration" : 249.0,
      "distance" : 1421.0,
      "calories" : 35
    } ],
    "lastUpdate" : "20161102T051639Z"
  }, {
    "type" : "place",
    "startTime" : "20161102T125921+0900",
    "endTime" : "20161102T180316+0900",
    "activities" : [ {
      "activity" : "walking",
      "group" : "walking",
      "manual" : false,
      "startTime" : "20161102T125926+0900",
      "endTime" : "20161102T125956+0900",
      "duration" : 30.0,
      "distance" : 32.0,
      "steps" : 65,
      "calories" : 2
    }, {
      "activity" : "walking",
      "group" : "walking",
      "manual" : false,
      "startTime" : "20161102T130005+0900",
      "endTime" : "20161102T130329+0900",
      "duration" : 204.0,
      "distance" : 214.0,
      "steps" : 286,
      "calories" : 12
    }, {
      "activity" : "walking",
      "group" : "walking",
      "manual" : false,
      "startTime" : "20161102T141536+0900",
      "endTime" : "20161102T142047+0900",
      "duration" : 311.0,
      "distance" : 324.0,
      "steps" : 433,
      "calories" : 18
    }, {
      "activity" : "walking",
      "group" : "walking",
      "manual" : false,
      "startTime" : "20161102T160048+0900",
      "endTime" : "20161102T160851+0900",
      "duration" : 483.0,
      "distance" : 593.0,
      "steps" : 791,
      "calories" : 33
    }, {
      "activity" : "walking",
      "group" : "walking",
      "manual" : false,
      "startTime" : "20161102T180155+0900",
      "endTime" : "20161102T180737+0900",
      "duration" : 342.0,
      "distance" : 426.0,
      "steps" : 568,
      "calories" : 24
    } ],
    "lastUpdate" : "20161102T095601Z"
  }, {
    "type" : "move",
    "startTime" : "20161102T180316+0900",
    "endTime" : "20161102T181038+0900",
    "activities" : [ {
      "activity" : "cycling",
      "group" : "cycling",
      "manual" : false,
      "startTime" : "20161102T180316+0900",
      "endTime" : "20161102T181038+0900",
      "duration" : 442.0,
      "distance" : 1491.0,
      "calories" : 38
    } ],
    "lastUpdate" : "20161102T095601Z"
  }, {
    "type" : "place",
    "startTime" : "20161102T181038+0900",
    "endTime" : "20161102T182037+0900",
    "activities" : [ {
      "activity" : "walking",
      "group" : "walking",
      "manual" : false,
      "startTime" : "20161102T181038+0900",
      "endTime" : "20161102T181257+0900",
      "duration" : 139.0,
      "distance" : 139.0,
      "steps" : 185,
      "calories" : 8
    } ],
    "lastUpdate" : "20161102T095601Z"
  }, {
    "type" : "move",
    "startTime" : "20161102T182037+0900",
    "endTime" : "20161102T184942+0900",
    "activities" : [ {
      "activity" : "transport",
      "group" : "transport",
      "manual" : false,
      "startTime" : "20161102T182037+0900",
      "endTime" : "20161102T184538+0900",
      "duration" : 1501.0,
      "distance" : 5624.0
    }, {
      "activity" : "walking",
      "group" : "walking",
      "manual" : false,
      "startTime" : "20161102T184539+0900",
      "endTime" : "20161102T184941+0900",
      "duration" : 242.0,
      "distance" : 337.0,
      "steps" : 419,
      "calories" : 19
    } ],
    "lastUpdate" : "20161102T095601Z"
  }, {
    "type" : "place",
    "startTime" : "20161102T184942+0900",
    "endTime" : "20161102T212331+0900",
    "activities" : [ {
      "activity" : "walking",
      "group" : "walking",
      "manual" : false,
      "startTime" : "20161102T184942+0900",
      "endTime" : "20161102T185013+0900",
      "duration" : 31.0,
      "distance" : 21.0,
      "steps" : 43,
      "calories" : 1
    }, {
      "activity" : "walking",
      "group" : "walking",
      "manual" : false,
      "startTime" : "20161102T212324+0900",
      "endTime" : "20161102T212457+0900",
      "duration" : 93.0,
      "distance" : 62.0,
      "steps" : 124,
      "calories" : 3
    } ],
    "lastUpdate" : "20161102T130447Z"
  }, {
    "type" : "move",
    "startTime" : "20161102T212331+0900",
    "endTime" : "20161102T215135+0900",
    "activities" : [ {
      "activity" : "running",
      "group" : "running",
      "manual" : false,
      "startTime" : "20161102T212331+0900",
      "endTime" : "20161102T212532+0900",
      "duration" : 121.0,
      "distance" : 172.0,
      "steps" : 247,
      "calories" : 12
    }, {
      "activity" : "transport",
      "group" : "transport",
      "manual" : false,
      "startTime" : "20161102T212532+0900",
      "endTime" : "20161102T214803+0900",
      "duration" : 1351.0,
      "distance" : 5160.0
    }, {
      "activity" : "cycling",
      "group" : "cycling",
      "manual" : false,
      "startTime" : "20161102T214803+0900",
      "endTime" : "20161102T215134+0900",
      "duration" : 211.0,
      "distance" : 791.0,
      "calories" : 20
    } ],
    "lastUpdate" : "20161102T130447Z"
  }, {
    "type" : "place",
    "startTime" : "20161102T215135+0900",
    "endTime" : "20161102T222904+0900",
    "activities" : [ {
      "activity" : "walking",
      "group" : "walking",
      "manual" : false,
      "startTime" : "20161102T215145+0900",
      "endTime" : "20161102T215502+0900",
      "duration" : 197.0,
      "distance" : 214.0,
      "steps" : 286,
      "calories" : 12
    }, {
      "activity" : "walking",
      "group" : "walking",
      "manual" : false,
      "startTime" : "20161102T220023+0900",
      "endTime" : "20161102T221143+0900",
      "duration" : 680.0,
      "distance" : 696.0,
      "steps" : 928,
      "calories" : 39
    } ],
    "lastUpdate" : "20161102T143753Z"
  }, {
    "type" : "move",
    "startTime" : "20161102T222904+0900",
    "endTime" : "20161102T223435+0900",
    "activities" : [ {
      "activity" : "cycling",
      "group" : "cycling",
      "manual" : false,
      "startTime" : "20161102T222904+0900",
      "endTime" : "20161102T223435+0900",
      "duration" : 331.0,
      "distance" : 1324.0,
      "calories" : 33
    } ],
    "lastUpdate" : "20161102T143753Z"
  }, {
    "type" : "place",
    "startTime" : "20161102T223435+0900",
    "endTime" : "20161103T100428+0900",
    "activities" : [ {
      "activity" : "walking",
      "group" : "walking",
      "manual" : false,
      "startTime" : "20161102T223435+0900",
      "endTime" : "20161102T223548+0900",
      "duration" : 73.0,
      "distance" : 49.0,
      "steps" : 98,
      "calories" : 3
    } ],
    "lastUpdate" : "20161103T012354Z"
  } ],
  "caloriesIdle" : 1601,
  "lastUpdate" : "20161103T012354Z"
}, {
  "date" : "20161103",
  "summary" : [ {
    "activity" : "walking",
    "group" : "walking",
    "duration" : 3934.0,
    "distance" : 4419.0,
    "steps" : 6090,
    "calories" : 246
  }, {
    "activity" : "running",
    "group" : "running",
    "duration" : 650.0,
    "distance" : 1319.0,
    "steps" : 1427,
    "calories" : 91
  }, {
    "activity" : "transport",
    "group" : "transport",
    "duration" : 1564.0,
    "distance" : 6511.0
  } ],
  "segments" : [ {
    "type" : "place",
    "startTime" : "20161102T223435+0900",
    "endTime" : "20161103T100428+0900",
    "activities" : [ {
      "activity" : "walking",
      "group" : "walking",
      "manual" : false,
      "startTime" : "20161103T092128+0900",
      "endTime" : "20161103T092134+0900",
      "duration" : 6.0,
      "distance" : 4.0,
      "steps" : 8,
      "calories" : 0
    }, {
      "activity" : "walking",
      "group" : "walking",
      "manual" : false,
      "startTime" : "20161103T100319+0900",
      "endTime" : "20161103T101035+0900",
      "duration" : 436.0,
      "distance" : 446.0,
      "steps" : 595,
      "calories" : 25
    } ],
    "lastUpdate" : "20161103T012354Z"
  }, {
    "type" : "move",
    "startTime" : "20161103T100428+0900",
    "endTime" : "20161103T100844+0900",
    "activities" : [ {
      "activity" : "running",
      "group" : "running",
      "manual" : false,
      "startTime" : "20161103T100428+0900",
      "endTime" : "20161103T100844+0900",
      "duration" : 256.0,
      "distance" : 621.0,
      "steps" : 548,
      "calories" : 42
    } ],
    "lastUpdate" : "20161103T012354Z"
  }, {
    "type" : "place",
    "startTime" : "20161103T100844+0900",
    "endTime" : "20161103T101731+0900",
    "activities" : [ {
      "activity" : "walking",
      "group" : "walking",
      "manual" : false,
      "startTime" : "20161103T100844+0900",
      "endTime" : "20161103T100925+0900",
      "duration" : 41.0,
      "distance" : 31.0,
      "steps" : 63,
      "calories" : 2
    } ],
    "lastUpdate" : "20161103T025852Z"
  }, {
    "type" : "move",
    "startTime" : "20161103T101731+0900",
    "endTime" : "20161103T102145+0900",
    "activities" : [ {
      "activity" : "transport",
      "group" : "transport",
      "manual" : false,
      "startTime" : "20161103T101731+0900",
      "endTime" : "20161103T102144+0900",
      "duration" : 253.0,
      "distance" : 2754.0
    } ],
    "lastUpdate" : "20161103T025852Z"
  }, {
    "type" : "place",
    "startTime" : "20161103T102145+0900",
    "endTime" : "20161103T102407+0900",
    "activities" : [ {
      "activity" : "walking",
      "group" : "walking",
      "manual" : false,
      "startTime" : "20161103T102158+0900",
      "endTime" : "20161103T102355+0900",
      "duration" : 117.0,
      "distance" : 115.0,
      "steps" : 230,
      "calories" : 6
    } ],
    "lastUpdate" : "20161103T025852Z"
  }, {
    "type" : "move",
    "startTime" : "20161103T102407+0900",
    "endTime" : "20161103T104250+0900",
    "activities" : [ {
      "activity" : "running",
      "group" : "running",
      "manual" : false,
      "startTime" : "20161103T102407+0900",
      "endTime" : "20161103T102639+0900",
      "duration" : 152.0,
      "distance" : 192.0,
      "steps" : 274,
      "calories" : 14
    }, {
      "activity" : "walking",
      "group" : "walking",
      "manual" : false,
      "startTime" : "20161103T102639+0900",
      "endTime" : "20161103T103006+0900",
      "duration" : 207.0,
      "distance" : 322.0,
      "steps" : 384,
      "calories" : 18
    }, {
      "activity" : "running",
      "group" : "running",
      "manual" : false,
      "startTime" : "20161103T103007+0900",
      "endTime" : "20161103T103409+0900",
      "duration" : 242.0,
      "distance" : 506.0,
      "steps" : 605,
      "calories" : 35
    }, {
      "activity" : "walking",
      "group" : "walking",
      "manual" : false,
      "startTime" : "20161103T103410+0900",
      "endTime" : "20161103T104250+0900",
      "duration" : 520.0,
      "distance" : 746.0,
      "steps" : 1033,
      "calories" : 41
    } ],
    "lastUpdate" : "20161103T025852Z"
  }, {
    "type" : "place",
    "startTime" : "20161103T104250+0900",
    "endTime" : "20161103T123243+0900",
    "activities" : [ {
      "activity" : "walking",
      "group" : "walking",
      "manual" : false,
      "startTime" : "20161103T104250+0900",
      "endTime" : "20161103T104538+0900",
      "duration" : 168.0,
      "distance" : 175.0,
      "steps" : 234,
      "calories" : 10
    }, {
      "activity" : "walking",
      "group" : "walking",
      "manual" : false,
      "startTime" : "20161103T122131+0900",
      "endTime" : "20161103T122952+0900",
      "duration" : 501.0,
      "distance" : 501.0,
      "steps" : 668,
      "calories" : 28
    } ],
    "lastUpdate" : "20161103T043222Z"
  }, {
    "type" : "place",
    "startTime" : "20161103T123244+0900",
    "endTime" : "20161103T125348+0900",
    "activities" : [ {
      "activity" : "walking",
      "group" : "walking",
      "manual" : false,
      "startTime" : "20161103T123244+0900",
      "endTime" : "20161103T123742+0900",
      "duration" : 298.0,
      "distance" : 321.0,
      "steps" : 428,
      "calories" : 18
    } ],
    "lastUpdate" : "20161103T060548Z"
  }, {
    "type" : "place",
    "startTime" : "20161103T125348+0900",
    "endTime" : "20161103T160646+0900",
    "activities" : [ {
      "activity" : "walking",
      "group" : "walking",
      "manual" : false,
      "startTime" : "20161103T150801+0900",
      "endTime" : "20161103T150832+0900",
      "duration" : 31.0,
      "distance" : 21.0,
      "steps" : 42,
      "calories" : 1
    }, {
      "activity" : "walking",
      "group" : "walking",
      "manual" : false,
      "startTime" : "20161103T160553+0900",
      "endTime" : "20161103T160815+0900",
      "duration" : 142.0,
      "distance" : 142.0,
      "steps" : 189,
      "calories" : 8
    } ],
    "lastUpdate" : "20161103T073618Z"
  }, {
    "type" : "place",
    "startTime" : "20161103T160833+0900",
    "endTime" : "20161103T161157+0900",
    "activities" : [ {
      "activity" : "walking",
      "group" : "walking",
      "manual" : false,
      "startTime" : "20161103T160833+0900",
      "endTime" : "20161103T160840+0900",
      "duration" : 7.0,
      "distance" : 5.0,
      "steps" : 10,
      "calories" : 0
    } ],
    "lastUpdate" : "20161103T073618Z"
  }, {
    "type" : "move",
    "startTime" : "20161103T161157+0900",
    "endTime" : "20161103T163113+0900",
    "activities" : [ {
      "activity" : "walking",
      "group" : "walking",
      "manual" : false,
      "startTime" : "20161103T161157+0900",
      "endTime" : "20161103T161833+0900",
      "duration" : 396.0,
      "distance" : 473.0,
      "steps" : 640,
      "calories" : 26
    }, {
      "activity" : "transport",
      "group" : "transport",
      "manual" : false,
      "startTime" : "20161103T161833+0900",
      "endTime" : "20161103T162903+0900",
      "duration" : 630.0,
      "distance" : 1004.0
    }, {
      "activity" : "walking",
      "group" : "walking",
      "manual" : false,
      "startTime" : "20161103T162904+0900",
      "endTime" : "20161103T163112+0900",
      "duration" : 128.0,
      "distance" : 107.0,
      "steps" : 133,
      "calories" : 6
    } ],
    "lastUpdate" : "20161103T073618Z"
  }, {
    "type" : "move",
    "startTime" : "20161103T163113+0900",
    "endTime" : "20161103T165231+0900",
    "activities" : [ {
      "activity" : "transport",
      "group" : "transport",
      "manual" : false,
      "startTime" : "20161103T163113+0900",
      "endTime" : "20161103T164234+0900",
      "duration" : 681.0,
      "distance" : 2753.0
    }, {
      "activity" : "walking",
      "group" : "walking",
      "manual" : false,
      "startTime" : "20161103T164234+0900",
      "endTime" : "20161103T165231+0900",
      "duration" : 597.0,
      "distance" : 674.0,
      "steps" : 930,
      "calories" : 37
    } ],
    "lastUpdate" : "20161103T090758Z"
  }, {
    "type" : "place",
    "startTime" : "20161103T165231+0900",
    "endTime" : "20161104T102447+0900",
    "activities" : [ {
      "activity" : "walking",
      "group" : "walking",
      "manual" : false,
      "startTime" : "20161103T165248+0900",
      "endTime" : "20161103T165437+0900",
      "duration" : 109.0,
      "distance" : 81.0,
      "steps" : 163,
      "calories" : 5
    }, {
      "activity" : "walking",
      "group" : "walking",
      "manual" : false,
      "startTime" : "20161103T170050+0900",
      "endTime" : "20161103T170440+0900",
      "duration" : 230.0,
      "distance" : 255.0,
      "steps" : 340,
      "calories" : 14
    } ],
    "lastUpdate" : "20161104T020024Z"
  } ],
  "caloriesIdle" : 1601,
  "lastUpdate" : "20161104T020024Z"
}, {
  "date" : "20161104",
  "summary" : [ {
    "activity" : "walking",
    "group" : "walking",
    "duration" : 2412.0,
    "distance" : 2429.0,
    "steps" : 3390,
    "calories" : 135
  }, {
    "activity" : "cycling",
    "group" : "cycling",
    "duration" : 1448.0,
    "distance" : 5251.0,
    "calories" : 133
  }, {
    "activity" : "transport",
    "group" : "transport",
    "duration" : 386.0,
    "distance" : 1805.0
  } ],
  "segments" : [ {
    "type" : "place",
    "startTime" : "20161103T165231+0900",
    "endTime" : "20161104T102447+0900",
    "activities" : [ {
      "activity" : "walking",
      "group" : "walking",
      "manual" : false,
      "startTime" : "20161104T102325+0900",
      "endTime" : "20161104T103451+0900",
      "duration" : 686.0,
      "distance" : 718.0,
      "steps" : 958,
      "calories" : 40
    } ],
    "lastUpdate" : "20161104T020024Z"
  }, {
    "type" : "move",
    "startTime" : "20161104T102447+0900",
    "endTime" : "20161104T102848+0900",
    "activities" : [ {
      "activity" : "transport",
      "group" : "transport",
      "manual" : false,
      "startTime" : "20161104T102447+0900",
      "endTime" : "20161104T102640+0900",
      "duration" : 113.0,
      "distance" : 764.0
    }, {
      "activity" : "cycling",
      "group" : "cycling",
      "manual" : false,
      "startTime" : "20161104T102640+0900",
      "endTime" : "20161104T102848+0900",
      "duration" : 128.0,
      "distance" : 634.0,
      "calories" : 16
    } ],
    "lastUpdate" : "20161104T020024Z"
  }, {
    "type" : "place",
    "startTime" : "20161104T102849+0900",
    "endTime" : "20161104T143123+0900",
    "activities" : [ {
      "activity" : "walking",
      "group" : "walking",
      "manual" : false,
      "startTime" : "20161104T102849+0900",
      "endTime" : "20161104T103027+0900",
      "duration" : 98.0,
      "distance" : 88.0,
      "steps" : 177,
      "calories" : 5
    }, {
      "activity" : "walking",
      "group" : "walking",
      "manual" : false,
      "startTime" : "20161104T114456+0900",
      "endTime" : "20161104T114528+0900",
      "duration" : 32.0,
      "distance" : 21.0,
      "steps" : 43,
      "calories" : 1
    }, {
      "activity" : "walking",
      "group" : "walking",
      "manual" : false,
      "startTime" : "20161104T124837+0900",
      "endTime" : "20161104T125233+0900",
      "duration" : 236.0,
      "distance" : 256.0,
      "steps" : 342,
      "calories" : 14
    }, {
      "activity" : "walking",
      "group" : "walking",
      "manual" : false,
      "startTime" : "20161104T142839+0900",
      "endTime" : "20161104T143342+0900",
      "duration" : 303.0,
      "distance" : 305.0,
      "steps" : 407,
      "calories" : 17
    } ],
    "lastUpdate" : "20161104T062346Z"
  }, {
    "type" : "move",
    "startTime" : "20161104T143123+0900",
    "endTime" : "20161104T143904+0900",
    "activities" : [ {
      "activity" : "cycling",
      "group" : "cycling",
      "manual" : false,
      "startTime" : "20161104T143123+0900",
      "endTime" : "20161104T143904+0900",
      "duration" : 461.0,
      "distance" : 1298.0,
      "calories" : 34
    } ],
    "lastUpdate" : "20161104T062346Z"
  }, {
    "type" : "place",
    "startTime" : "20161104T143905+0900",
    "endTime" : "20161104T144657+0900",
    "activities" : [ {
      "activity" : "walking",
      "group" : "walking",
      "manual" : false,
      "startTime" : "20161104T143915+0900",
      "endTime" : "20161104T144148+0900",
      "duration" : 153.0,
      "distance" : 153.0,
      "steps" : 204,
      "calories" : 9
    } ],
    "lastUpdate" : "20161104T062346Z"
  }, {
    "type" : "move",
    "startTime" : "20161104T144657+0900",
    "endTime" : "20161104T145130+0900",
    "activities" : [ {
      "activity" : "transport",
      "group" : "transport",
      "manual" : false,
      "startTime" : "20161104T144657+0900",
      "endTime" : "20161104T145130+0900",
      "duration" : 273.0,
      "distance" : 1041.0
    } ],
    "lastUpdate" : "20161104T062346Z"
  }, {
    "type" : "place",
    "startTime" : "20161104T145130+0900",
    "endTime" : "20161104T155141+0900",
    "activities" : [ {
      "activity" : "walking",
      "group" : "walking",
      "manual" : false,
      "startTime" : "20161104T145130+0900",
      "endTime" : "20161104T145232+0900",
      "duration" : 62.0,
      "distance" : 41.0,
      "steps" : 83,
      "calories" : 2
    }, {
      "activity" : "walking",
      "group" : "walking",
      "manual" : false,
      "startTime" : "20161104T151456+0900",
      "endTime" : "20161104T151849+0900",
      "duration" : 233.0,
      "distance" : 233.0,
      "steps" : 311,
      "calories" : 13
    } ],
    "lastUpdate" : "20161104T075721Z"
  }, {
    "type" : "move",
    "startTime" : "20161104T155141+0900",
    "endTime" : "20161104T155611+0900",
    "activities" : [ {
      "activity" : "cycling",
      "group" : "cycling",
      "manual" : false,
      "startTime" : "20161104T155141+0900",
      "endTime" : "20161104T155541+0900",
      "duration" : 240.0,
      "distance" : 762.0,
      "calories" : 20
    }, {
      "activity" : "walking",
      "group" : "walking",
      "manual" : false,
      "startTime" : "20161104T155542+0900",
      "endTime" : "20161104T155611+0900",
      "duration" : 29.0,
      "distance" : 37.0,
      "steps" : 41,
      "calories" : 2
    } ],
    "lastUpdate" : "20161104T075721Z"
  }, {
    "type" : "place",
    "startTime" : "20161104T155612+0900",
    "endTime" : "20161104T161404+0900",
    "activities" : [ {
      "activity" : "walking",
      "group" : "walking",
      "manual" : false,
      "startTime" : "20161104T155612+0900",
      "endTime" : "20161104T155801+0900",
      "duration" : 109.0,
      "distance" : 78.0,
      "steps" : 157,
      "calories" : 4
    }, {
      "activity" : "walking",
      "group" : "walking",
      "manual" : false,
      "startTime" : "20161104T160823+0900",
      "endTime" : "20161104T161152+0900",
      "duration" : 209.0,
      "distance" : 223.0,
      "steps" : 298,
      "calories" : 12
    } ],
    "lastUpdate" : "20161104T075721Z"
  }, {
    "type" : "move",
    "startTime" : "20161104T161404+0900",
    "endTime" : "20161104T161921+0900",
    "activities" : [ {
      "activity" : "cycling",
      "group" : "cycling",
      "manual" : false,
      "startTime" : "20161104T161404+0900",
      "endTime" : "20161104T161920+0900",
      "duration" : 316.0,
      "distance" : 1531.0,
      "calories" : 38
    } ],
    "lastUpdate" : "20161104T075721Z"
  }, {
    "type" : "place",
    "startTime" : "20161104T161921+0900",
    "endTime" : "20161104T162719+0900",
    "activities" : [ {
      "activity" : "walking",
      "group" : "walking",
      "manual" : false,
      "startTime" : "20161104T161921+0900",
      "endTime" : "20161104T162343+0900",
      "duration" : 262.0,
      "distance" : 276.0,
      "steps" : 369,
      "calories" : 15
    } ],
    "lastUpdate" : "20161104T075721Z"
  }, {
    "type" : "move",
    "startTime" : "20161104T162719+0900",
    "endTime" : "20161104T163223+0900",
    "activities" : [ {
      "activity" : "cycling",
      "group" : "cycling",
      "manual" : false,
      "startTime" : "20161104T162719+0900",
      "endTime" : "20161104T163222+0900",
      "duration" : 303.0,
      "distance" : 1026.0,
      "calories" : 26
    } ],
    "lastUpdate" : "20161104T075721Z"
  } ],
  "caloriesIdle" : 1601,
  "lastUpdate" : "20161105T083855Z"
}, {
  "date" : "20161105",
  "summary" : [ {
    "activity" : "walking",
    "group" : "walking",
    "duration" : 4035.0,
    "distance" : 4689.0,
    "steps" : 5806,
    "calories" : 261
  }, {
    "activity" : "transport",
    "group" : "transport",
    "duration" : 1620.0,
    "distance" : 8167.0
  } ],
  "segments" : [ {
    "type" : "place",
    "startTime" : "20161104T173852+0900",
    "endTime" : "20161105T170205+0900",
    "activities" : [ {
      "activity" : "walking",
      "group" : "walking",
      "manual" : false,
      "startTime" : "20161105T170129+0900",
      "endTime" : "20161105T170142+0900",
      "duration" : 13.0,
      "distance" : 9.0,
      "steps" : 18,
      "calories" : 1
    } ],
    "lastUpdate" : "20161105T083855Z"
  }, {
    "type" : "move",
    "startTime" : "20161105T170205+0900",
    "endTime" : "20161105T173321+0900",
    "activities" : [ {
      "activity" : "walking",
      "group" : "walking",
      "manual" : false,
      "startTime" : "20161105T170205+0900",
      "endTime" : "20161105T171008+0900",
      "duration" : 483.0,
      "distance" : 562.0,
      "steps" : 760,
      "calories" : 31
    }, {
      "activity" : "transport",
      "group" : "transport",
      "manual" : false,
      "startTime" : "20161105T171008+0900",
      "endTime" : "20161105T172608+0900",
      "duration" : 960.0,
      "distance" : 5318.0
    }, {
      "activity" : "walking",
      "group" : "walking",
      "manual" : false,
      "startTime" : "20161105T172609+0900",
      "endTime" : "20161105T173321+0900",
      "duration" : 432.0,
      "distance" : 642.0,
      "steps" : 788,
      "calories" : 36
    } ],
    "lastUpdate" : "20161105T083855Z"
  }, {
    "type" : "place",
    "startTime" : "20161105T173322+0900",
    "endTime" : "20161105T205001+0900",
    "activities" : [ {
      "activity" : "walking",
      "group" : "walking",
      "manual" : false,
      "startTime" : "20161105T173455+0900",
      "endTime" : "20161105T174309+0900",
      "duration" : 494.0,
      "distance" : 561.0,
      "steps" : 749,
      "calories" : 31
    }, {
      "activity" : "walking",
      "group" : "walking",
      "manual" : false,
      "startTime" : "20161105T183914+0900",
      "endTime" : "20161105T184315+0900",
      "duration" : 241.0,
      "distance" : 181.0,
      "steps" : 68,
      "calories" : 10
    }, {
      "activity" : "walking",
      "group" : "walking",
      "manual" : false,
      "startTime" : "20161105T193654+0900",
      "endTime" : "20161105T193912+0900",
      "duration" : 138.0,
      "distance" : 127.0,
      "steps" : 170,
      "calories" : 7
    }, {
      "activity" : "walking",
      "group" : "walking",
      "manual" : false,
      "startTime" : "20161105T204654+0900",
      "endTime" : "20161105T204718+0900",
      "duration" : 24.0,
      "distance" : 16.0,
      "steps" : 32,
      "calories" : 1
    } ],
    "lastUpdate" : "20161105T132429Z"
  }, {
    "type" : "move",
    "startTime" : "20161105T205001+0900",
    "endTime" : "20161105T213535+0900",
    "activities" : [ {
      "activity" : "walking",
      "group" : "walking",
      "manual" : false,
      "startTime" : "20161105T205001+0900",
      "endTime" : "20161105T211639+0900",
      "duration" : 1598.0,
      "distance" : 1641.0,
      "steps" : 2357,
      "calories" : 91
    }, {
      "activity" : "transport",
      "group" : "transport",
      "manual" : false,
      "startTime" : "20161105T211639+0900",
      "endTime" : "20161105T212739+0900",
      "duration" : 660.0,
      "distance" : 2849.0
    }, {
      "activity" : "walking",
      "group" : "walking",
      "manual" : false,
      "startTime" : "20161105T212739+0900",
      "endTime" : "20161105T213534+0900",
      "duration" : 475.0,
      "distance" : 872.0,
      "steps" : 727,
      "calories" : 48
    } ],
    "lastUpdate" : "20161105T132429Z"
  }, {
    "type" : "move",
    "startTime" : "20161105T213535+0900",
    "endTime" : "20161105T213752+0900",
    "activities" : [ {
      "activity" : "walking",
      "group" : "walking",
      "manual" : false,
      "startTime" : "20161105T213535+0900",
      "endTime" : "20161105T213752+0900",
      "duration" : 137.0,
      "distance" : 78.0,
      "steps" : 137,
      "calories" : 4
    } ],
    "lastUpdate" : "20161106T040924Z"
  } ],
  "caloriesIdle" : 1601,
  "lastUpdate" : "20161106T054402Z"
}, {
  "date" : "20161106",
  "summary" : [ {
    "activity" : "walking",
    "group" : "walking",
    "duration" : 1489.0,
    "distance" : 1683.0,
    "steps" : 2472,
    "calories" : 94
  }, {
    "activity" : "transport",
    "group" : "transport",
    "duration" : 2956.0,
    "distance" : 10456.0
  }, {
    "activity" : "running",
    "group" : "running",
    "duration" : 158.0,
    "distance" : 159.0,
    "steps" : 227,
    "calories" : 12
  } ],
  "segments" : [ {
    "type" : "place",
    "startTime" : "20161105T213753+0900",
    "endTime" : "20161106T131901+0900",
    "activities" : [ {
      "activity" : "walking",
      "group" : "walking",
      "manual" : false,
      "startTime" : "20161106T113705+0900",
      "endTime" : "20161106T113707+0900",
      "duration" : 2.0,
      "distance" : 1.0,
      "steps" : 4,
      "calories" : 0
    }, {
      "activity" : "walking",
      "group" : "walking",
      "manual" : false,
      "startTime" : "20161106T131649+0900",
      "endTime" : "20161106T131655+0900",
      "duration" : 6.0,
      "distance" : 4.0,
      "steps" : 8,
      "calories" : 0
    } ],
    "lastUpdate" : "20161106T054402Z"
  }, {
    "type" : "move",
    "startTime" : "20161106T131901+0900",
    "endTime" : "20161106T135601+0900",
    "activities" : [ {
      "activity" : "walking",
      "group" : "walking",
      "manual" : false,
      "startTime" : "20161106T131901+0900",
      "endTime" : "20161106T132841+0900",
      "duration" : 580.0,
      "distance" : 670.0,
      "steps" : 971,
      "calories" : 37
    }, {
      "activity" : "transport",
      "group" : "transport",
      "manual" : false,
      "startTime" : "20161106T132842+0900",
      "endTime" : "20161106T135313+0900",
      "duration" : 1471.0,
      "distance" : 5217.0
    }, {
      "activity" : "walking",
      "group" : "walking",
      "manual" : false,
      "startTime" : "20161106T135313+0900",
      "endTime" : "20161106T135601+0900",
      "duration" : 168.0,
      "distance" : 209.0,
      "steps" : 309,
      "calories" : 12
    } ],
    "lastUpdate" : "20161106T054402Z"
  }, {
    "type" : "move",
    "startTime" : "20161106T135601+0900",
    "endTime" : "20161106T135700+0900",
    "activities" : [ {
      "activity" : "walking",
      "group" : "walking",
      "manual" : false,
      "startTime" : "20161106T135601+0900",
      "endTime" : "20161106T135700+0900",
      "duration" : 59.0,
      "distance" : 67.0,
      "steps" : 66,
      "calories" : 4
    } ],
    "lastUpdate" : "20161106T071648Z"
  }, {
    "type" : "place",
    "startTime" : "20161106T135701+0900",
    "endTime" : "20161106T161340+0900",
    "activities" : [ {
      "activity" : "walking",
      "group" : "walking",
      "manual" : false,
      "startTime" : "20161106T135701+0900",
      "endTime" : "20161106T135726+0900",
      "duration" : 25.0,
      "distance" : 16.0,
      "steps" : 33,
      "calories" : 1
    }, {
      "activity" : "walking",
      "group" : "walking",
      "manual" : false,
      "startTime" : "20161106T161324+0900",
      "endTime" : "20161106T161337+0900",
      "duration" : 13.0,
      "distance" : 9.0,
      "steps" : 18,
      "calories" : 1
    } ],
    "lastUpdate" : "20161106T085130Z"
  }, {
    "type" : "move",
    "startTime" : "20161106T161340+0900",
    "endTime" : "20161106T164851+0900",
    "activities" : [ {
      "activity" : "running",
      "group" : "running",
      "manual" : false,
      "startTime" : "20161106T161340+0900",
      "endTime" : "20161106T161618+0900",
      "duration" : 158.0,
      "distance" : 159.0,
      "steps" : 227,
      "calories" : 12
    }, {
      "activity" : "transport",
      "group" : "transport",
      "manual" : false,
      "startTime" : "20161106T161618+0900",
      "endTime" : "20161106T164103+0900",
      "duration" : 1485.0,
      "distance" : 5239.0
    }, {
      "activity" : "walking",
      "group" : "walking",
      "manual" : false,
      "startTime" : "20161106T164104+0900",
      "endTime" : "20161106T164851+0900",
      "duration" : 467.0,
      "distance" : 585.0,
      "steps" : 818,
      "calories" : 33
    } ],
    "lastUpdate" : "20161106T085130Z"
  }, {
    "type" : "move",
    "startTime" : "20161106T164852+0900",
    "endTime" : "20161106T165022+0900",
    "activities" : [ {
      "activity" : "walking",
      "group" : "walking",
      "manual" : false,
      "startTime" : "20161106T164852+0900",
      "endTime" : "20161106T165022+0900",
      "duration" : 90.0,
      "distance" : 68.0,
      "steps" : 136,
      "calories" : 4
    } ],
    "lastUpdate" : "20161107T001945Z"
  }, {
    "type" : "place",
    "startTime" : "20161106T165022+0900",
    "endTime" : "20161107T084131+0900",
    "activities" : [ {
      "activity" : "walking",
      "group" : "walking",
      "manual" : false,
      "startTime" : "20161106T165022+0900",
      "endTime" : "20161106T165128+0900",
      "duration" : 66.0,
      "distance" : 45.0,
      "steps" : 91,
      "calories" : 3
    }, {
      "activity" : "walking",
      "group" : "walking",
      "manual" : false,
      "startTime" : "20161106T175609+0900",
      "endTime" : "20161106T175622+0900",
      "duration" : 13.0,
      "distance" : 9.0,
      "steps" : 18,
      "calories" : 1
    } ],
    "lastUpdate" : "20161107T001945Z"
  } ],
  "caloriesIdle" : 1601,
  "lastUpdate" : "20161107T001945Z"
} ]