[ {
  "date" : "20180320",
  "summary" : [ {
    "activity" : "walking",
    "group" : "walking",
    "duration" : 1143.0,
    "distance" : 1108.0,
    "steps" : 1654,
    "calories" : 61
  }, {
    "activity" : "transport",
    "group" : "transport",
    "duration" : 905.0,
    "distance" : 14352.0
  } ],
  "segments" : [ {
    "type" : "place",
    "startTime" : "20180320T222413+0900",
    "endTime" : "20180320T224458+0900",
    "activities" : [ {
      "activity" : "walking",
      "group" : "walking",
      "manual" : false,
      "startTime" : "20180320T222413+0900",
      "endTime" : "20180320T222540+0900",
      "duration" : 87.0,
      "distance" : 65.0,
      "steps" : 131,
      "calories" : 4
    } ],
    "lastUpdate" : "20180320T145811Z"
  }, {
    "type" : "move",
    "startTime" : "20180320T224458+0900",
    "endTime" : "20180320T231300+0900",
    "activities" : [ {
      "activity" : "transport",
      "group" : "transport",
      "manual" : false,
      "startTime" : "20180320T224458+0900",
      "endTime" : "20180320T225633+0900",
      "duration" : 695.0,
      "distance" : 13187.0
    }, {
      "activity" : "walking",
      "group" : "walking",
      "manual" : false,
      "startTime" : "20180320T225633+0900",
      "endTime" : "20180320T230003+0900",
      "duration" : 210.0,
      "distance" : 128.0,
      "steps" : 257,
      "calories" : 7
    }, {
      "activity" : "transport",
      "group" : "transport",
      "manual" : false,
      "startTime" : "20180320T230003+0900",
      "endTime" : "20180320T230333+0900",
      "duration" : 210.0,
      "distance" : 1165.0
    }, {
      "activity" : "walking",
      "group" : "walking",
      "manual" : false,
      "startTime" : "20180320T230333+0900",
      "endTime" : "20180320T231300+0900",
      "duration" : 567.0,
      "distance" : 600.0,
      "steps" : 846,
      "calories" : 33
    } ],
    "lastUpdate" : "20180320T145811Z"
  }, {
    "type" : "place",
    "startTime" : "20180320T231301+0900",
    "endTime" : "20180321T071640+0900",
    "activities" : [ {
      "activity" : "walking",
      "group" : "walking",
      "manual" : false,
      "startTime" : "20180320T231554+0900",
      "endTime" : "20180320T232033+0900",
      "duration" : 279.0,
      "distance" : 315.0,
      "steps" : 420,
      "calories" : 17
    } ],
    "lastUpdate" : "20180321T001157Z"
  } ],
  "caloriesIdle" : 1591,
  "lastUpdate" : "20180321T001157Z"
}, {
  "date" : "20180321",
  "summary" : [ {
    "activity" : "walking",
    "group" : "walking",
    "duration" : 1553.0,
    "distance" : 1725.0,
    "steps" : 2193,
    "calories" : 95
  }, {
    "activity" : "transport",
    "group" : "transport",
    "duration" : 1530.0,
    "distance" : 12396.0
  } ],
  "segments" : [ {
    "type" : "place",
    "startTime" : "20180320T231301+0900",
    "endTime" : "20180321T071640+0900",
    "activities" : [ {
      "activity" : "walking",
      "group" : "walking",
      "manual" : false,
      "startTime" : "20180321T000122+0900",
      "endTime" : "20180321T000354+0900",
      "duration" : 152.0,
      "distance" : 129.0,
      "steps" : 172,
      "calories" : 7
    }, {
      "activity" : "walking",
      "group" : "walking",
      "manual" : false,
      "startTime" : "20180321T022146+0900",
      "endTime" : "20180321T022322+0900",
      "duration" : 96.0,
      "distance" : 55.0,
      "steps" : 111,
      "calories" : 3
    }, {
      "activity" : "walking",
      "group" : "walking",
      "manual" : false,
      "startTime" : "20180321T044346+0900",
      "endTime" : "20180321T044522+0900",
      "duration" : 96.0,
      "distance" : 57.0,
      "steps" : 115,
      "calories" : 3
    }, {
      "activity" : "walking",
      "group" : "walking",
      "manual" : false,
      "startTime" : "20180321T052545+0900",
      "endTime" : "20180321T052614+0900",
      "duration" : 29.0,
      "distance" : 14.0,
      "steps" : 0,
      "calories" : 1
    }, {
      "activity" : "walking",
      "group" : "walking",
      "manual" : false,
      "startTime" : "20180321T070940+0900",
      "endTime" : "20180321T071412+0900",
      "duration" : 272.0,
      "distance" : 287.0,
      "steps" : 383,
      "calories" : 16
    } ],
    "lastUpdate" : "20180321T001157Z"
  }, {
    "type" : "move",
    "startTime" : "20180321T071640+0900",
    "endTime" : "20180321T075652+0900",
    "activities" : [ {
      "activity" : "walking",
      "group" : "walking",
      "manual" : false,
      "startTime" : "20180321T071640+0900",
      "endTime" : "20180321T072247+0900",
      "duration" : 367.0,
      "distance" : 507.0,
      "steps" : 629,
      "calories" : 28
    }, {
      "activity" : "transport",
      "group" : "transport",
      "manual" : false,
      "startTime" : "20180321T072248+0900",
      "endTime" : "20180321T073918+0900",
      "duration" : 990.0,
      "distance" : 10526.0
    }, {
      "activity" : "walking",
      "group" : "walking",
      "manual" : false,
      "startTime" : "20180321T073918+0900",
      "endTime" : "20180321T074316+0900",
      "duration" : 238.0,
      "distance" : 198.0,
      "steps" : 397,
      "calories" : 11
    }, {
      "activity" : "transport",
      "group" : "transport",
      "manual" : false,
      "startTime" : "20180321T074317+0900",
      "endTime" : "20180321T075217+0900",
      "duration" : 540.0,
      "distance" : 1870.0
    }, {
      "activity" : "walking",
      "group" : "walking",
      "manual" : false,
      "startTime" : "20180321T075218+0900",
      "endTime" : "20180321T075652+0900",
      "duration" : 274.0,
      "distance" : 464.0,
      "steps" : 386,
      "calories" : 26
    } ],
    "lastUpdate" : "20180321T001157Z"
  }, {
    "type" : "place",
    "startTime" : "20180321T130532+0900",
    "endTime" : "20180322T112418+0900",
    "activities" : [ {
      "activity" : "walking",
      "group" : "walking",
      "manual" : false,
      "startTime" : "20180321T162426+0900",
      "endTime" : "20180321T162426+0900",
      "duration" : 0.0,
      "distance" : 0.0,
      "steps" : 0,
      "calories" : 0
    }, {
      "activity" : "walking",
      "group" : "walking",
      "manual" : false,
      "startTime" : "20180321T172003+0900",
      "endTime" : "20180321T172032+0900",
      "duration" : 29.0,
      "distance" : 14.0,
      "steps" : 0,
      "calories" : 1
    } ],
    "lastUpdate" : "20180322T040547Z"
  } ],
  "caloriesIdle" : 1591,
  "lastUpdate" : "20180322T040547Z"
}, {
  "date" : "20180322",
  "summary" : [ {
    "activity" : "walking",
    "group" : "walking",
    "duration" : 2717.0,
    "distance" : 3278.0,
    "steps" : 4380,
    "calories" : 181
  }, {
    "activity" : "transport",
    "group" : "transport",
    "duration" : 3539.0,
    "distance" : 13498.0
  } ],
  "segments" : [ {
    "type" : "place",
    "startTime" : "20180321T130532+0900",
    "endTime" : "20180322T112418+0900",
    "activities" : [ {
      "activity" : "walking",
      "group" : "walking",
      "manual" : false,
      "startTime" : "20180322T112223+0900",
      "endTime" : "20180322T112253+0900",
      "duration" : 30.0,
      "distance" : 22.0,
      "steps" : 45,
      "calories" : 1
    } ],
    "lastUpdate" : "20180322T040547Z"
  }, {
    "type" : "move",
    "startTime" : "20180322T112418+0900",
    "endTime" : "20180322T115432+0900",
    "activities" : [ {
      "activity" : "walking",
      "group" : "walking",
      "manual" : false,
      "startTime" : "20180322T112418+0900",
      "endTime" : "20180322T112658+0900",
      "duration" : 160.0,
      "distance" : 157.0,
      "steps" : 286,
      "calories" : 9
    }, {
      "activity" : "transport",
      "group" : "transport",
      "manual" : false,
      "startTime" : "20180322T112659+0900",
      "endTime" : "20180322T115432+0900",
      "duration" : 1653.0,
      "distance" : 5856.0
    } ],
    "lastUpdate" : "20180322T040547Z"
  }, {
    "type" : "place",
    "startTime" : "20180322T115432+0900",
    "endTime" : "20180322T125115+0900",
    "activities" : [ {
      "activity" : "walking",
      "group" : "walking",
      "manual" : false,
      "startTime" : "20180322T115500+0900",
      "endTime" : "20180322T115701+0900",
      "duration" : 121.0,
      "distance" : 137.0,
      "steps" : 183,
      "calories" : 8
    }, {
      "activity" : "walking",
      "group" : "walking",
      "manual" : false,
      "startTime" : "20180322T125101+0900",
      "endTime" : "20180322T125114+0900",
      "duration" : 13.0,
      "distance" : 11.0,
      "steps" : 22,
      "calories" : 1
    } ],
    "lastUpdate" : "20180322T053829Z"
  }, {
    "type" : "move",
    "startTime" : "20180322T125115+0900",
    "endTime" : "20180322T132835+0900",
    "activities" : [ {
      "activity" : "walking",
      "group" : "walking",
      "manual" : false,
      "startTime" : "20180322T125115+0900",
      "endTime" : "20180322T132835+0900",
      "duration" : 2240.0,
      "distance" : 2836.0,
      "steps" : 3658,
      "calories" : 157
    } ],
    "lastUpdate" : "20180322T053829Z"
  }, {
    "type" : "place",
    "startTime" : "20180322T132835+0900",
    "endTime" : "20180322T133801+0900",
    "activities" : [ {
      "activity" : "walking",
      "group" : "walking",
      "manual" : false,
      "startTime" : "20180322T132835+0900",
      "endTime" : "20180322T132854+0900",
      "duration" : 19.0,
      "distance" : 14.0,
      "steps" : 29,
      "calories" : 1
    } ],
    "lastUpdate" : "20180322T053829Z"
  }, {
    "type" : "move",
    "startTime" : "20180322T133801+0900",
    "endTime" : "20180322T141142+0900",
    "activities" : [ {
      "activity" : "transport",
      "group" : "transport",
      "manual" : false,
      "startTime" : "20180322T133801+0900",
      "endTime" : "20180322T140927+0900",
      "duration" : 1886.0,
      "distance" : 7642.0
    }, {
      "activity" : "walking",
      "group" : "walking",
      "manual" : false,
      "startTime" : "20180322T140927+0900",
      "endTime" : "20180322T141141+0900",
      "duration" : 134.0,
      "distance" : 101.0,
      "steps" : 157,
      "calories" : 6
    } ],
    "lastUpdate" : "20180322T053829Z"
  } ],
  "caloriesIdle" : 1591,
  "lastUpdate" : "20180322T053829Z"
}, {
  "date" : "20180324",
  "summary" : [ {
    "activity" : "walking",
    "group" : "walking",
    "duration" : 7.0,
    "distance" : 6.0,
    "steps" : 13,
    "calories" : 0
  } ],
  "segments" : [ {
    "type" : "place",
    "startTime" : "20180324T104329+0900",
    "endTime" : "20180325T093333+0900",
    "activities" : [ {
      "activity" : "walking",
      "group" : "walking",
      "manual" : false,
      "startTime" : "20180324T185655+0900",
      "endTime" : "20180324T185700+0900",
      "duration" : 5.0,
      "distance" : 4.0,
      "steps" : 9,
      "calories" : 0
    }, {
      "activity" : "walking",
      "group" : "walking",
      "manual" : false,
      "startTime" : "20180324T231738+0900",
      "endTime" : "20180324T231740+0900",
      "duration" : 2.0,
      "distance" : 2.0,
      "steps" : 4,
      "calories" : 0
    } ],
    "lastUpdate" : "20180325T014343Z"
  } ],
  "caloriesIdle" : 1591,
  "lastUpdate" : "20180325T014343Z"
}, {
  "date" : "20180325",
  "summary" : [ {
    "activity" : "walking",
    "group" : "walking",
    "duration" : 13095.0,
    "distance" : 15647.0,
    "steps" : 19875,
    "calories" : 865
  }, {
    "activity" : "transport",
    "group" : "transport",
    "duration" : 20068.0,
    "distance" : 417951.0
  } ],
  "segments" : [ {
    "type" : "place",
    "startTime" : "20180324T104329+0900",
    "endTime" : "20180325T093333+0900",
    "activities" : [ {
      "activity" : "walking",
      "group" : "walking",
      "manual" : false,
      "startTime" : "20180325T092605+0900",
      "endTime" : "20180325T092653+0900",
      "duration" : 48.0,
      "distance" : 35.0,
      "steps" : 71,
      "calories" : 2
    } ],
    "lastUpdate" : "20180325T014343Z"
  }, {
    "type" : "move",
    "startTime" : "20180325T093333+0900",
    "endTime" : "20180325T101738+0900",
    "activities" : [ {
      "activity" : "walking",
      "group" : "walking",
      "manual" : false,
      "startTime" : "20180325T093333+0900",
      "endTime" : "20180325T093811+0900",
      "duration" : 278.0,
      "distance" : 290.0,
      "steps" : 580,
      "calories" : 16
    }, {
      "activity" : "transport",
      "group" : "transport",
      "manual" : false,
      "startTime" : "20180325T093812+0900",
      "endTime" : "20180325T094618+0900",
      "duration" : 486.0,
      "distance" : 2326.0
    }, {
      "activity" : "walking",
      "group" : "walking",
      "manual" : false,
      "startTime" : "20180325T094618+0900",
      "endTime" : "20180325T094948+0900",
      "duration" : 210.0,
      "distance" : 244.0,
      "steps" : 411,
      "calories" : 13
    }, {
      "activity" : "transport",
      "group" : "transport",
      "manual" : false,
      "startTime" : "20180325T094948+0900",
      "endTime" : "20180325T100849+0900",
      "duration" : 1141.0,
      "distance" : 5173.0
    }, {
      "activity" : "walking",
      "group" : "walking",
      "manual" : false,
      "startTime" : "20180325T100849+0900",
      "endTime" : "20180325T101738+0900",
      "duration" : 529.0,
      "distance" : 471.0,
      "steps" : 854,
      "calories" : 26
    } ],
    "lastUpdate" : "20180325T014343Z"
  }, {
    "type" : "place",
    "startTime" : "20180325T101738+0900",
    "endTime" : "20180325T102424+0900",
    "activities" : [ {
      "activity" : "walking",
      "group" : "walking",
      "manual" : false,
      "startTime" : "20180325T102020+0900",
      "endTime" : "20180325T102020+0900",
      "duration" : 0.0,
      "distance" : 0.0,
      "steps" : 0,
      "calories" : 0
    } ],
    "lastUpdate" : "20180325T033104Z"
  }, {
    "type" : "move",
    "startTime" : "20180325T102424+0900",
    "endTime" : "20180325T114600+0900",
    "activities" : [ {
      "activity" : "transport",
      "group" : "transport",
      "manual" : false,
      "startTime" : "20180325T102424+0900",
      "endTime" : "20180325T113614+0900",
      "duration" : 4310.0,
      "distance" : 94405.0
    }, {
      "activity" : "walking",
      "group" : "walking",
      "manual" : false,
      "startTime" : "20180325T113614+0900",
      "endTime" : "20180325T114600+0900",
      "duration" : 586.0,
      "distance" : 389.0,
      "steps" : 778,
      "calories" : 21
    } ],
    "lastUpdate" : "20180325T033104Z"
  }, {
    "type" : "place",
    "startTime" : "20180325T114600+0900",
    "endTime" : "20180325T115004+0900",
    "activities" : [ {
      "activity" : "walking",
      "group" : "walking",
      "manual" : false,
      "startTime" : "20180325T114607+0900",
      "endTime" : "20180325T114612+0900",
      "duration" : 5.0,
      "distance" : 4.0,
      "steps" : 8,
      "calories" : 0
    } ],
    "lastUpdate" : "20180325T050259Z"
  }, {
    "type" : "move",
    "startTime" : "20180325T115004+0900",
    "endTime" : "20180325T135142+0900",
    "activities" : [ {
      "activity" : "transport",
      "group" : "transport",
      "manual" : false,
      "startTime" : "20180325T115004+0900",
      "endTime" : "20180325T135142+0900",
      "duration" : 7298.0,
      "distance" : 185279.0
    } ],
    "lastUpdate" : "20180325T050259Z"
  }, {
    "type" : "place",
    "startTime" : "20180325T135143+0900",
    "endTime" : "20180325T140608+0900",
    "activities" : [ {
      "activity" : "walking",
      "group" : "walking",
      "manual" : false,
      "startTime" : "20180325T135207+0900",
      "endTime" : "20180325T135734+0900",
      "duration" : 327.0,
      "distance" : 368.0,
      "steps" : 491,
      "calories" : 20
    }, {
      "activity" : "walking",
      "group" : "walking",
      "manual" : false,
      "startTime" : "20180325T140413+0900",
      "endTime" : "20180325T140415+0900",
      "duration" : 2.0,
      "distance" : 1.0,
      "steps" : 3,
      "calories" : 0
    } ],
    "lastUpdate" : "20180325T081005Z"
  }, {
    "type" : "move",
    "startTime" : "20180325T140608+0900",
    "endTime" : "20180325T153800+0900",
    "activities" : [ {
      "activity" : "transport",
      "group" : "transport",
      "manual" : false,
      "startTime" : "20180325T140608+0900",
      "endTime" : "20180325T153800+0900",
      "duration" : 5512.0,
      "distance" : 127051.0
    } ],
    "lastUpdate" : "20180325T081005Z"
  }, {
    "type" : "place",
    "startTime" : "20180325T153800+0900",
    "endTime" : "20180325T160124+0900",
    "activities" : [ {
      "activity" : "walking",
      "group" : "walking",
      "manual" : false,
      "startTime" : "20180325T154045+0900",
      "endTime" : "20180325T155428+0900",
      "duration" : 823.0,
      "distance" : 926.0,
      "steps" : 1235,
      "calories" : 51
    }, {
      "activity" : "walking",
      "group" : "walking",
      "manual" : false,
      "startTime" : "20180325T160000+0900",
      "endTime" : "20180325T160106+0900",
      "duration" : 66.0,
      "distance" : 54.0,
      "steps" : 108,
      "calories" : 3
    } ],
    "lastUpdate" : "20180325T081005Z"
  }, {
    "type" : "move",
    "startTime" : "20180325T160124+0900",
    "endTime" : "20180325T160221+0900",
    "activities" : [ {
      "activity" : "walking",
      "group" : "walking",
      "manual" : false,
      "startTime" : "20180325T160155+0900",
      "endTime" : "20180325T160221+0900",
      "duration" : 26.0,
      "distance" : 64.0,
      "steps" : 53,
      "calories" : 4
    } ],
    "lastUpdate" : "20180325T081005Z"
  }, {
    "type" : "place",
    "startTime" : "20180325T160221+0900",
    "endTime" : "20180325T161135+0900",
    "activities" : [ {
      "activity" : "walking",
      "group" : "walking",
      "manual" : false,
      "startTime" : "20180325T160221+0900",
      "endTime" : "20180325T160940+0900",
      "duration" : 439.0,
      "distance" : 494.0,
      "steps" : 659,
      "calories" : 27
    } ],
    "lastUpdate" : "20180325T081005Z"
  }, {
    "type" : "move",
    "startTime" : "20180325T161135+0900",
    "endTime" : "20180325T161603+0900",
    "activities" : [ {
      "activity" : "walking",
      "group" : "walking",
      "manual" : false,
      "startTime" : "20180325T161135+0900",
      "endTime" : "20180325T161603+0900",
      "duration" : 268.0,
      "distance" : 177.0,
      "steps" : 286,
      "calories" : 10
    } ],
    "lastUpdate" : "20180325T081005Z"
  }, {
    "type" : "place",
    "startTime" : "20180325T161603+0900",
    "endTime" : "20180325T163155+0900",
    "activities" : [ {
      "activity" : "walking",
      "group" : "walking",
      "manual" : false,
      "startTime" : "20180325T161604+0900",
      "endTime" : "20180325T161629+0900",
      "duration" : 25.0,
      "distance" : 19.0,
      "steps" : 38,
      "calories" : 1
    } ],
    "lastUpdate" : "20180325T081005Z"
  }, {
    "type" : "move",
    "startTime" : "20180325T163155+0900",
    "endTime" : "20180325T164015+0900",
    "activities" : [ {
      "activity" : "walking",
      "group" : "walking",
      "manual" : false,
      "startTime" : "20180325T163155+0900",
      "endTime" : "20180325T164015+0900",
      "duration" : 500.0,
      "distance" : 990.0,
      "steps" : 825,
      "calories" : 55
    } ],
    "lastUpdate" : "20180325T081005Z"
  }, {
    "type" : "place",
    "startTime" : "20180325T164015+0900",
    "endTime" : "20180325T165004+0900",
    "activities" : [ {
      "activity" : "walking",
      "group" : "walking",
      "manual" : false,
      "startTime" : "20180325T164015+0900",
      "endTime" : "20180325T164115+0900",
      "duration" : 60.0,
      "distance" : 45.0,
      "steps" : 90,
      "calories" : 2
    } ],
    "lastUpdate" : "20180325T081005Z"
  }, {
    "type" : "move",
    "startTime" : "20180325T165004+0900",
    "endTime" : "20180325T165616+0900",
    "activities" : [ {
      "activity" : "walking",
      "group" : "walking",
      "manual" : false,
      "startTime" : "20180325T165310+0900",
      "endTime" : "20180325T165616+0900",
      "duration" : 186.0,
      "distance" : 402.0,
      "steps" : 260,
      "calories" : 22
    } ],
    "lastUpdate" : "20180325T081005Z"
  }, {
    "type" : "place",
    "startTime" : "20180325T165616+0900",
    "endTime" : "20180325T170442+0900",
    "activities" : [ {
      "activity" : "walking",
      "group" : "walking",
      "manual" : false,
      "startTime" : "20180325T170207+0900",
      "endTime" : "20180325T170303+0900",
      "duration" : 56.0,
      "distance" : 42.0,
      "steps" : 84,
      "calories" : 2
    } ],
    "lastUpdate" : "20180325T093948Z"
  }, {
    "type" : "move",
    "startTime" : "20180325T170442+0900",
    "endTime" : "20180325T171510+0900",
    "activities" : [ {
      "activity" : "walking",
      "group" : "walking",
      "manual" : false,
      "startTime" : "20180325T170442+0900",
      "endTime" : "20180325T171510+0900",
      "duration" : 628.0,
      "distance" : 557.0,
      "steps" : 862,
      "calories" : 31
    } ],
    "lastUpdate" : "20180325T093948Z"
  }, {
    "type" : "place",
    "startTime" : "20180325T171511+0900",
    "endTime" : "20180325T172013+0900",
    "activities" : [ {
      "activity" : "walking",
      "group" : "walking",
      "manual" : false,
      "startTime" : "20180325T171511+0900",
      "endTime" : "20180325T171748+0900",
      "duration" : 157.0,
      "distance" : 177.0,
      "steps" : 236,
      "calories" : 10
    } ],
    "lastUpdate" : "20180325T093948Z"
  }, {
    "type" : "move",
    "startTime" : "20180325T172013+0900",
    "endTime" : "20180325T180246+0900",
    "activities" : [ {
      "activity" : "transport",
      "group" : "transport",
      "manual" : false,
      "startTime" : "20180325T172013+0900",
      "endTime" : "20180325T173338+0900",
      "duration" : 805.0,
      "distance" : 2422.0
    }, {
      "activity" : "walking",
      "group" : "walking",
      "manual" : false,
      "startTime" : "20180325T173338+0900",
      "endTime" : "20180325T180246+0900",
      "duration" : 1748.0,
      "distance" : 2688.0,
      "steps" : 2676,
      "calories" : 149
    } ],
    "lastUpdate" : "20180325T093948Z"
  }, {
    "type" : "place",
    "startTime" : "20180325T180246+0900",
    "endTime" : "20180325T180901+0900",
    "activities" : [ {
      "activity" : "walking",
      "group" : "walking",
      "manual" : false,
      "startTime" : "20180325T180343+0900",
      "endTime" : "20180325T180602+0900",
      "duration" : 139.0,
      "distance" : 157.0,
      "steps" : 210,
      "calories" : 9
    } ],
    "lastUpdate" : "20180325T093948Z"
  }, {
    "type" : "move",
    "startTime" : "20180325T180901+0900",
    "endTime" : "20180325T183613+0900",
    "activities" : [ {
      "activity" : "walking",
      "group" : "walking",
      "manual" : false,
      "startTime" : "20180325T180901+0900",
      "endTime" : "20180325T183613+0900",
      "duration" : 1632.0,
      "distance" : 1844.0,
      "steps" : 2641,
      "calories" : 102
    } ],
    "lastUpdate" : "20180325T093948Z"
  }, {
    "type" : "move",
    "startTime" : "20180325T183613+0900",
    "endTime" : "20180325T185922+0900",
    "activities" : [ {
      "activity" : "walking",
      "group" : "walking",
      "manual" : false,
      "startTime" : "20180325T183613+0900",
      "endTime" : "20180325T184525+0900",
      "duration" : 552.0,
      "distance" : 502.0,
      "steps" : 704,
      "calories" : 28
    }, {
      "activity" : "transport",
      "group" : "transport",
      "manual" : false,
      "startTime" : "20180325T184526+0900",
      "endTime" : "20180325T185402+0900",
      "duration" : 516.0,
      "distance" : 1295.0
    }, {
      "activity" : "walking",
      "group" : "walking",
      "manual" : false,
      "startTime" : "20180325T185403+0900",
      "endTime" : "20180325T185921+0900",
      "duration" : 318.0,
      "distance" : 336.0,
      "steps" : 506,
      "calories" : 19
    } ],
    "lastUpdate" : "20180325T111116Z"
  }, {
    "type" : "place",
    "startTime" : "20180325T185922+0900",
    "endTime" : "20180325T190257+0900",
    "activities" : [ {
      "activity" : "walking",
      "group" : "walking",
      "manual" : false,
      "startTime" : "20180325T185929+0900",
      "endTime" : "20180325T185931+0900",
      "duration" : 2.0,
      "distance" : 2.0,
      "steps" : 4,
      "calories" : 0
    }, {
      "activity" : "walking",
      "group" : "walking",
      "manual" : false,
      "startTime" : "20180325T190128+0900",
      "endTime" : "20180325T190142+0900",
      "duration" : 14.0,
      "distance" : 10.0,
      "steps" : 20,
      "calories" : 1
    } ],
    "lastUpdate" : "20180325T111116Z"
  }, {
    "type" : "move",
    "startTime" : "20180325T190257+0900",
    "endTime" : "20180325T190704+0900",
    "activities" : [ {
      "activity" : "walking",
      "group" : "walking",
      "manual" : false,
      "startTime" : "20180325T190257+0900",
      "endTime" : "20180325T190703+0900",
      "duration" : 246.0,
      "distance" : 181.0,
      "steps" : 243,
      "calories" : 10
    } ],
    "lastUpdate" : "20180325T111116Z"
  }, {
    "type" : "place",
    "startTime" : "20180325T190704+0900",
    "endTime" : "20180325T205236+0900",
    "activities" : [ {
      "activity" : "walking",
      "group" : "walking",
      "manual" : false,
      "startTime" : "20180325T190704+0900",
      "endTime" : "20180325T190758+0900",
      "duration" : 54.0,
      "distance" : 41.0,
      "steps" : 82,
      "calories" : 2
    }, {
      "activity" : "walking",
      "group" : "walking",
      "manual" : false,
      "startTime" : "20180325T204444+0900",
      "endTime" : "20180325T204628+0900",
      "duration" : 104.0,
      "distance" : 55.0,
      "steps" : 111,
      "calories" : 3
    } ],
    "lastUpdate" : "20180325T124448Z"
  }, {
    "type" : "move",
    "startTime" : "20180325T205236+0900",
    "endTime" : "20180325T211048+0900",
    "activities" : [ {
      "activity" : "walking",
      "group" : "walking",
      "manual" : false,
      "startTime" : "20180325T205236+0900",
      "endTime" : "20180325T211048+0900",
      "duration" : 1092.0,
      "distance" : 1293.0,
      "steps" : 1640,
      "calories" : 71
    } ],
    "lastUpdate" : "20180325T124448Z"
  }, {
    "type" : "place",
    "startTime" : "20180325T211048+0900",
    "endTime" : "20180325T230705+0900",
    "activities" : [ {
      "activity" : "walking",
      "group" : "walking",
      "manual" : false,
      "startTime" : "20180325T211048+0900",
      "endTime" : "20180325T211454+0900",
      "duration" : 246.0,
      "distance" : 276.0,
      "steps" : 369,
      "calories" : 15
    }, {
      "activity" : "walking",
      "group" : "walking",
      "manual" : false,
      "startTime" : "20180325T230611+0900",
      "endTime" : "20180325T230657+0900",
      "duration" : 46.0,
      "distance" : 33.0,
      "steps" : 67,
      "calories" : 2
    } ],
    "lastUpdate" : "20180325T155020Z"
  }, {
    "type" : "move",
    "startTime" : "20180325T230705+0900",
    "endTime" : "20180325T232054+0900",
    "activities" : [ {
      "activity" : "walking",
      "group" : "walking",
      "manual" : false,
      "startTime" : "20180325T230705+0900",
      "endTime" : "20180325T232054+0900",
      "duration" : 829.0,
      "distance" : 1322.0,
      "steps" : 1168,
      "calories" : 73
    } ],
    "lastUpdate" : "20180325T155020Z"
  }, {
    "type" : "place",
    "startTime" : "20180325T232054+0900",
    "endTime" : "20180325T233236+0900",
    "activities" : [ {
      "activity" : "walking",
      "group" : "walking",
      "manual" : false,
      "startTime" : "20180325T232054+0900",
      "endTime" : "20180325T232102+0900",
      "duration" : 8.0,
      "distance" : 6.0,
      "steps" : 13,
      "calories" : 0
    } ],
    "lastUpdate" : "20180325T155020Z"
  }, {
    "type" : "move",
    "startTime" : "20180325T233236+0900",
    "endTime" : "20180325T234553+0900",
    "activities" : [ {
      "activity" : "walking",
      "group" : "walking",
      "manual" : false,
      "startTime" : "20180325T233236+0900",
      "endTime" : "20180325T234552+0900",
      "duration" : 796.0,
      "distance" : 1115.0,
      "steps" : 1414,
      "calories" : 62
    } ],
    "lastUpdate" : "20180325T155020Z"
  }, {
    "type" : "place",
    "startTime" : "20180325T234553+0900",
    "endTime" : "20180326T095427+0900",
    "activities" : [ {
      "activity" : "walking",
      "group" : "walking",
      "manual" : false,
      "startTime" : "20180325T234553+0900",
      "endTime" : "20180325T234643+0900",
      "duration" : 50.0,
      "distance" : 37.0,
      "steps" : 75,
      "calories" : 2
    } ],
    "lastUpdate" : "20180326T023912Z"
  } ],
  "caloriesIdle" : 1591,
  "lastUpdate" : "20180326T023912Z"
} ]