[ {
  "date" : "20180430",
  "summary" : [ {
    "activity" : "cycling",
    "group" : "cycling",
    "duration" : 542.0,
    "distance" : 1905.0,
    "calories" : 48
  }, {
    "activity" : "walking",
    "group" : "walking",
    "duration" : 760.0,
    "distance" : 903.0,
    "steps" : 1047,
    "calories" : 50
  } ],
  "segments" : [ {
    "type" : "move",
    "startTime" : "20180430T131014+0900",
    "endTime" : "20180430T131503+0900",
    "activities" : [ {
      "activity" : "cycling",
      "group" : "cycling",
      "manual" : false,
      "startTime" : "20180430T131014+0900",
      "endTime" : "20180430T131503+0900",
      "duration" : 289.0,
      "distance" : 1109.0,
      "calories" : 28
    } ],
    "lastUpdate" : "20180430T065243Z"
  }, {
    "type" : "place",
    "startTime" : "20180430T131503+0900",
    "endTime" : "20180430T200951+0900",
    "activities" : [ {
      "activity" : "walking",
      "group" : "walking",
      "manual" : false,
      "startTime" : "20180430T131503+0900",
      "endTime" : "20180430T131647+0900",
      "duration" : 104.0,
      "distance" : 78.0,
      "steps" : 156,
      "calories" : 4
    }, {
      "activity" : "walking",
      "group" : "walking",
      "manual" : false,
      "startTime" : "20180430T200820+0900",
      "endTime" : "20180430T200950+0900",
      "duration" : 90.0,
      "distance" : 49.0,
      "steps" : 99,
      "calories" : 3
    } ],
    "lastUpdate" : "20180430T120346Z"
  }, {
    "type" : "move",
    "startTime" : "20180430T200951+0900",
    "endTime" : "20180430T201535+0900",
    "activities" : [ {
      "activity" : "walking",
      "group" : "walking",
      "manual" : false,
      "startTime" : "20180430T200951+0900",
      "endTime" : "20180430T201121+0900",
      "duration" : 90.0,
      "distance" : 119.0,
      "steps" : 99,
      "calories" : 7
    }, {
      "activity" : "cycling",
      "group" : "cycling",
      "manual" : false,
      "startTime" : "20180430T201121+0900",
      "endTime" : "20180430T201534+0900",
      "duration" : 253.0,
      "distance" : 796.0,
      "calories" : 20
    } ],
    "lastUpdate" : "20180430T120346Z"
  }, {
    "type" : "place",
    "startTime" : "20180430T201535+0900",
    "endTime" : "20180430T202806+0900",
    "activities" : [ {
      "activity" : "walking",
      "group" : "walking",
      "manual" : false,
      "startTime" : "20180430T201535+0900",
      "endTime" : "20180430T201843+0900",
      "duration" : 188.0,
      "distance" : 212.0,
      "steps" : 283,
      "calories" : 12
    } ],
    "lastUpdate" : "20180501T063713Z"
  }, {
    "type" : "move",
    "startTime" : "20180430T202806+0900",
    "endTime" : "20180430T203153+0900",
    "activities" : [ {
      "activity" : "walking",
      "group" : "walking",
      "manual" : false,
      "startTime" : "20180430T202806+0900",
      "endTime" : "20180430T203153+0900",
      "duration" : 227.0,
      "distance" : 399.0,
      "steps" : 317,
      "calories" : 22
    } ],
    "lastUpdate" : "20180501T063713Z"
  }, {
    "type" : "place",
    "startTime" : "20180430T210330+0900",
    "endTime" : "20180501T153513+0900",
    "activities" : [ {
      "activity" : "walking",
      "group" : "walking",
      "manual" : false,
      "startTime" : "20180430T210402+0900",
      "endTime" : "20180430T210503+0900",
      "duration" : 61.0,
      "distance" : 46.0,
      "steps" : 93,
      "calories" : 3
    } ],
    "lastUpdate" : "20180501T084109Z"
  } ],
  "caloriesIdle" : 1591,
  "lastUpdate" : "20180501T084109Z"
}, {
  "date" : "20180501",
  "summary" : [ {
    "activity" : "walking",
    "group" : "walking",
    "duration" : 1028.0,
    "distance" : 1004.0,
    "steps" : 1105,
    "calories" : 55
  }, {
    "activity" : "cycling",
    "group" : "cycling",
    "duration" : 609.0,
    "distance" : 2326.0,
    "calories" : 58
  } ],
  "segments" : [ {
    "type" : "place",
    "startTime" : "20180430T210330+0900",
    "endTime" : "20180501T153513+0900",
    "activities" : [ {
      "activity" : "walking",
      "group" : "walking",
      "manual" : false,
      "startTime" : "20180501T153312+0900",
      "endTime" : "20180501T153513+0900",
      "duration" : 121.0,
      "distance" : 91.0,
      "steps" : 92,
      "calories" : 5
    } ],
    "lastUpdate" : "20180501T084109Z"
  }, {
    "type" : "move",
    "startTime" : "20180501T153513+0900",
    "endTime" : "20180501T154039+0900",
    "activities" : [ {
      "activity" : "walking",
      "group" : "walking",
      "manual" : false,
      "startTime" : "20180501T153513+0900",
      "endTime" : "20180501T153714+0900",
      "duration" : 121.0,
      "distance" : 330.0,
      "steps" : 169,
      "calories" : 18
    }, {
      "activity" : "cycling",
      "group" : "cycling",
      "manual" : false,
      "startTime" : "20180501T153715+0900",
      "endTime" : "20180501T154039+0900",
      "duration" : 204.0,
      "distance" : 905.0,
      "calories" : 22
    } ],
    "lastUpdate" : "20180501T084109Z"
  }, {
    "type" : "place",
    "startTime" : "20180501T154039+0900",
    "endTime" : "20180501T202042+0900",
    "activities" : [ {
      "activity" : "walking",
      "group" : "walking",
      "manual" : false,
      "startTime" : "20180501T154050+0900",
      "endTime" : "20180501T154203+0900",
      "duration" : 73.0,
      "distance" : 55.0,
      "steps" : 111,
      "calories" : 3
    }, {
      "activity" : "walking",
      "group" : "walking",
      "manual" : false,
      "startTime" : "20180501T164352+0900",
      "endTime" : "20180501T165354+0900",
      "duration" : 602.0,
      "distance" : 451.0,
      "steps" : 596,
      "calories" : 25
    }, {
      "activity" : "walking",
      "group" : "walking",
      "manual" : false,
      "startTime" : "20180501T182929+0900",
      "endTime" : "20180501T182947+0900",
      "duration" : 18.0,
      "distance" : 9.0,
      "steps" : 0,
      "calories" : 0
    }, {
      "activity" : "walking",
      "group" : "walking",
      "manual" : false,
      "startTime" : "20180501T201910+0900",
      "endTime" : "20180501T202002+0900",
      "duration" : 52.0,
      "distance" : 37.0,
      "steps" : 75,
      "calories" : 2
    } ],
    "lastUpdate" : "20180502T051150Z"
  }, {
    "type" : "move",
    "startTime" : "20180501T202042+0900",
    "endTime" : "20180501T202727+0900",
    "activities" : [ {
      "activity" : "cycling",
      "group" : "cycling",
      "manual" : false,
      "startTime" : "20180501T202042+0900",
      "endTime" : "20180501T202727+0900",
      "duration" : 405.0,
      "distance" : 1421.0,
      "calories" : 36
    } ],
    "lastUpdate" : "20180502T051150Z"
  }, {
    "type" : "place",
    "startTime" : "20180501T202728+0900",
    "endTime" : "20180502T141036+0900",
    "activities" : [ {
      "activity" : "walking",
      "group" : "walking",
      "manual" : false,
      "startTime" : "20180501T202728+0900",
      "endTime" : "20180501T202809+0900",
      "duration" : 41.0,
      "distance" : 31.0,
      "steps" : 62,
      "calories" : 2
    } ],
    "lastUpdate" : "20180502T094338Z"
  } ],
  "caloriesIdle" : 1591,
  "lastUpdate" : "20180502T094338Z"
}, {
  "date" : "20180502",
  "summary" : [ {
    "activity" : "walking",
    "group" : "walking",
    "duration" : 1249.0,
    "distance" : 1252.0,
    "steps" : 961,
    "calories" : 69
  }, {
    "activity" : "cycling",
    "group" : "cycling",
    "duration" : 164.0,
    "distance" : 740.0,
    "calories" : 18
  } ],
  "segments" : [ {
    "type" : "place",
    "startTime" : "20180501T202728+0900",
    "endTime" : "20180502T141036+0900",
    "activities" : [ {
      "activity" : "walking",
      "group" : "walking",
      "manual" : false,
      "startTime" : "20180502T060227+0900",
      "endTime" : "20180502T060247+0900",
      "duration" : 20.0,
      "distance" : 10.0,
      "steps" : 0,
      "calories" : 1
    }, {
      "activity" : "walking",
      "group" : "walking",
      "manual" : false,
      "startTime" : "20180502T123757+0900",
      "endTime" : "20180502T124728+0900",
      "duration" : 571.0,
      "distance" : 428.0,
      "steps" : 0,
      "calories" : 24
    }, {
      "activity" : "walking",
      "group" : "walking",
      "manual" : false,
      "startTime" : "20180502T140901+0900",
      "endTime" : "20180502T140952+0900",
      "duration" : 51.0,
      "distance" : 38.0,
      "steps" : 76,
      "calories" : 2
    } ],
    "lastUpdate" : "20180502T094338Z"
  }, {
    "type" : "move",
    "startTime" : "20180502T141036+0900",
    "endTime" : "20180502T141530+0900",
    "activities" : [ {
      "activity" : "walking",
      "group" : "walking",
      "manual" : false,
      "startTime" : "20180502T141036+0900",
      "endTime" : "20180502T141148+0900",
      "duration" : 72.0,
      "distance" : 92.0,
      "steps" : 76,
      "calories" : 5
    }, {
      "activity" : "cycling",
      "group" : "cycling",
      "manual" : false,
      "startTime" : "20180502T141148+0900",
      "endTime" : "20180502T141432+0900",
      "duration" : 164.0,
      "distance" : 740.0,
      "calories" : 18
    }, {
      "activity" : "walking",
      "group" : "walking",
      "manual" : false,
      "startTime" : "20180502T141433+0900",
      "endTime" : "20180502T141530+0900",
      "duration" : 57.0,
      "distance" : 74.0,
      "steps" : 117,
      "calories" : 4
    } ],
    "lastUpdate" : "20180502T094338Z"
  }, {
    "type" : "place",
    "startTime" : "20180502T141531+0900",
    "endTime" : "20180502T142357+0900",
    "activities" : [ {
      "activity" : "walking",
      "group" : "walking",
      "manual" : false,
      "startTime" : "20180502T141531+0900",
      "endTime" : "20180502T141840+0900",
      "duration" : 189.0,
      "distance" : 213.0,
      "steps" : 284,
      "calories" : 12
    } ],
    "lastUpdate" : "20180502T094338Z"
  }, {
    "type" : "move",
    "startTime" : "20180502T142357+0900",
    "endTime" : "20180502T142816+0900",
    "activities" : [ {
      "activity" : "walking",
      "group" : "walking",
      "manual" : false,
      "startTime" : "20180502T142357+0900",
      "endTime" : "20180502T142816+0900",
      "duration" : 259.0,
      "distance" : 374.0,
      "steps" : 362,
      "calories" : 21
    } ],
    "lastUpdate" : "20180502T094338Z"
  }, {
    "type" : "place",
    "startTime" : "20180502T142817+0900",
    "endTime" : "20180502T184331+0900",
    "activities" : [ {
      "activity" : "walking",
      "group" : "walking",
      "manual" : false,
      "startTime" : "20180502T142833+0900",
      "endTime" : "20180502T142903+0900",
      "duration" : 30.0,
      "distance" : 23.0,
      "steps" : 46,
      "calories" : 1
    } ],
    "lastUpdate" : "20180502T094338Z"
  } ],
  "caloriesIdle" : 1591,
  "lastUpdate" : "20180502T094338Z"
}, {
  "date" : "20180504",
  "summary" : [ {
    "activity" : "cycling",
    "group" : "cycling",
    "duration" : 320.0,
    "distance" : 1262.0,
    "calories" : 32
  }, {
    "activity" : "walking",
    "group" : "walking",
    "duration" : 239.0,
    "distance" : 239.0,
    "steps" : 357,
    "calories" : 13
  } ],
  "segments" : [ {
    "type" : "move",
    "startTime" : "20180504T141909+0900",
    "endTime" : "20180504T142429+0900",
    "activities" : [ {
      "activity" : "cycling",
      "group" : "cycling",
      "manual" : false,
      "startTime" : "20180504T141909+0900",
      "endTime" : "20180504T142429+0900",
      "duration" : 320.0,
      "distance" : 1262.0,
      "calories" : 32
    } ],
    "lastUpdate" : "20180504T055327Z"
  }, {
    "type" : "place",
    "startTime" : "20180504T142429+0900",
    "endTime" : "20180504T201144+0900",
    "activities" : [ {
      "activity" : "walking",
      "group" : "walking",
      "manual" : false,
      "startTime" : "20180504T142429+0900",
      "endTime" : "20180504T142545+0900",
      "duration" : 76.0,
      "distance" : 57.0,
      "steps" : 114,
      "calories" : 3
    }, {
      "activity" : "walking",
      "group" : "walking",
      "manual" : false,
      "startTime" : "20180504T173342+0900",
      "endTime" : "20180504T173625+0900",
      "duration" : 163.0,
      "distance" : 182.0,
      "steps" : 243,
      "calories" : 10
    } ],
    "lastUpdate" : "20180504T111147Z"
  } ],
  "caloriesIdle" : 1591,
  "lastUpdate" : "20180504T111147Z"
} ]