[ {
  "date" : "20141124",
  "summary" : [ {
    "activity" : "walking",
    "group" : "walking",
    "duration" : 8217.0,
    "distance" : 9183.0,
    "steps" : 12595,
    "calories" : 546
  }, {
    "activity" : "transport",
    "group" : "transport",
    "duration" : 4899.0,
    "distance" : 29924.0
  } ],
  "segments" : [ {
    "type" : "move",
    "startTime" : "20141124T074807+0900",
    "endTime" : "20141124T084316+0900",
    "activities" : [ {
      "activity" : "transport",
      "group" : "transport",
      "manual" : false,
      "startTime" : "20141124T074807+0900",
      "endTime" : "20141124T081446+0900",
      "duration" : 1599.0,
      "distance" : 7914.0
    }, {
      "activity" : "walking",
      "group" : "walking",
      "manual" : false,
      "startTime" : "20141124T081445+0900",
      "endTime" : "20141124T081745+0900",
      "duration" : 180.0,
      "distance" : 162.0,
      "steps" : 325,
      "calories" : 10
    }, {
      "activity" : "transport",
      "group" : "transport",
      "manual" : false,
      "startTime" : "20141124T081746+0900",
      "endTime" : "20141124T083047+0900",
      "duration" : 781.0,
      "distance" : 4672.0
    }, {
      "activity" : "walking",
      "group" : "walking",
      "manual" : false,
      "startTime" : "20141124T083047+0900",
      "endTime" : "20141124T084317+0900",
      "duration" : 750.0,
      "distance" : 1112.0,
      "steps" : 1389,
      "calories" : 66
    } ],
    "lastUpdate" : "20141124T045943Z"
  }, {
    "type" : "move",
    "startTime" : "20141124T090325+0900",
    "endTime" : "20141124T090702+0900",
    "activities" : [ {
      "activity" : "walking",
      "group" : "walking",
      "manual" : false,
      "startTime" : "20141124T090325+0900",
      "endTime" : "20141124T090702+0900",
      "duration" : 217.0,
      "distance" : 241.0,
      "steps" : 380,
      "calories" : 14
    } ],
    "lastUpdate" : "20141124T045943Z"
  }, {
    "type" : "move",
    "startTime" : "20141124T091049+0900",
    "endTime" : "20141124T091411+0900",
    "activities" : [ {
      "activity" : "walking",
      "group" : "walking",
      "manual" : false,
      "startTime" : "20141124T091049+0900",
      "endTime" : "20141124T091412+0900",
      "duration" : 203.0,
      "distance" : 229.0,
      "steps" : 350,
      "calories" : 14
    } ],
    "lastUpdate" : "20141124T045943Z"
  }, {
    "type" : "place",
    "startTime" : "20141124T091411+0900",
    "endTime" : "20141124T114330+0900",
    "activities" : [ {
      "activity" : "walking",
      "group" : "walking",
      "manual" : false,
      "startTime" : "20141124T092135+0900",
      "endTime" : "20141124T092305+0900",
      "duration" : 90.0,
      "distance" : 56.0,
      "steps" : 112,
      "calories" : 3
    }, {
      "activity" : "walking",
      "group" : "walking",
      "manual" : false,
      "startTime" : "20141124T102101+0900",
      "endTime" : "20141124T103932+0900",
      "duration" : 1111.0,
      "distance" : 1134.0,
      "steps" : 1513,
      "calories" : 67
    }, {
      "activity" : "walking",
      "group" : "walking",
      "manual" : false,
      "startTime" : "20141124T110331+0900",
      "endTime" : "20141124T111131+0900",
      "duration" : 480.0,
      "distance" : 533.0,
      "steps" : 710,
      "calories" : 32
    } ],
    "lastUpdate" : "20141124T045943Z"
  }, {
    "type" : "move",
    "startTime" : "20141124T114330+0900",
    "endTime" : "20141124T114900+0900",
    "activities" : [ {
      "activity" : "walking",
      "group" : "walking",
      "manual" : false,
      "startTime" : "20141124T114330+0900",
      "endTime" : "20141124T114900+0900",
      "duration" : 330.0,
      "distance" : 432.0,
      "steps" : 396,
      "calories" : 26
    } ],
    "lastUpdate" : "20141124T045943Z"
  }, {
    "type" : "place",
    "startTime" : "20141124T114901+0900",
    "endTime" : "20141124T120613+0900",
    "activities" : [ {
      "activity" : "walking",
      "group" : "walking",
      "manual" : false,
      "startTime" : "20141124T115419+0900",
      "endTime" : "20141124T115549+0900",
      "duration" : 90.0,
      "distance" : 91.0,
      "steps" : 182,
      "calories" : 5
    }, {
      "activity" : "walking",
      "group" : "walking",
      "manual" : false,
      "startTime" : "20141124T120149+0900",
      "endTime" : "20141124T120219+0900",
      "duration" : 30.0,
      "distance" : 15.0,
      "steps" : 20,
      "calories" : 1
    } ],
    "lastUpdate" : "20141124T045943Z"
  }, {
    "type" : "move",
    "startTime" : "20141124T120613+0900",
    "endTime" : "20141124T121051+0900",
    "activities" : [ {
      "activity" : "walking",
      "group" : "walking",
      "manual" : false,
      "startTime" : "20141124T120613+0900",
      "endTime" : "20141124T121052+0900",
      "duration" : 279.0,
      "distance" : 238.0,
      "steps" : 188,
      "calories" : 14
    } ],
    "lastUpdate" : "20141124T045943Z"
  }, {
    "type" : "place",
    "startTime" : "20141124T121052+0900",
    "endTime" : "20141124T125711+0900",
    "activities" : [ {
      "activity" : "walking",
      "group" : "walking",
      "manual" : false,
      "startTime" : "20141124T121756+0900",
      "endTime" : "20141124T121826+0900",
      "duration" : 30.0,
      "distance" : 30.0,
      "steps" : 61,
      "calories" : 2
    } ],
    "lastUpdate" : "20141124T045945Z"
  }, {
    "type" : "place",
    "startTime" : "20141124T130118+0900",
    "endTime" : "20141124T152756+0900",
    "activities" : [ {
      "activity" : "walking",
      "group" : "walking",
      "manual" : false,
      "startTime" : "20141124T130147+0900",
      "endTime" : "20141124T132722+0900",
      "duration" : 1535.0,
      "distance" : 1670.0,
      "steps" : 2226,
      "calories" : 99
    }, {
      "activity" : "walking",
      "group" : "walking",
      "manual" : false,
      "startTime" : "20141124T140000+0900",
      "endTime" : "20141124T140700+0900",
      "duration" : 420.0,
      "distance" : 540.0,
      "steps" : 720,
      "calories" : 32
    }, {
      "activity" : "walking",
      "group" : "walking",
      "manual" : false,
      "startTime" : "20141124T150226+0900",
      "endTime" : "20141124T150556+0900",
      "duration" : 210.0,
      "distance" : 220.0,
      "steps" : 294,
      "calories" : 13
    } ],
    "lastUpdate" : "20141124T111213Z"
  }, {
    "type" : "move",
    "startTime" : "20141124T152756+0900",
    "endTime" : "20141124T153601+0900",
    "activities" : [ {
      "activity" : "walking",
      "group" : "walking",
      "manual" : false,
      "startTime" : "20141124T152756+0900",
      "endTime" : "20141124T153601+0900",
      "duration" : 485.0,
      "distance" : 450.0,
      "steps" : 800,
      "calories" : 27
    } ],
    "lastUpdate" : "20141124T111213Z"
  }, {
    "type" : "place",
    "startTime" : "20141124T153601+0900",
    "endTime" : "20141124T163825+0900",
    "activities" : [ {
      "activity" : "walking",
      "group" : "walking",
      "manual" : false,
      "startTime" : "20141124T160203+0900",
      "endTime" : "20141124T160503+0900",
      "duration" : 180.0,
      "distance" : 197.0,
      "steps" : 263,
      "calories" : 12
    } ],
    "lastUpdate" : "20141124T111213Z"
  }, {
    "type" : "move",
    "startTime" : "20141124T163825+0900",
    "endTime" : "20141124T174631+0900",
    "activities" : [ {
      "activity" : "walking",
      "group" : "walking",
      "manual" : false,
      "startTime" : "20141124T163825+0900",
      "endTime" : "20141124T165706+0900",
      "duration" : 1121.0,
      "distance" : 1282.0,
      "steps" : 1888,
      "calories" : 76
    }, {
      "activity" : "transport",
      "group" : "transport",
      "manual" : false,
      "startTime" : "20141124T165707+0900",
      "endTime" : "20141124T170634+0900",
      "duration" : 567.0,
      "distance" : 3974.0
    }, {
      "activity" : "walking",
      "group" : "walking",
      "manual" : false,
      "startTime" : "20141124T170633+0900",
      "endTime" : "20141124T170903+0900",
      "duration" : 150.0,
      "distance" : 162.0,
      "steps" : 325,
      "calories" : 10
    }, {
      "activity" : "transport",
      "group" : "transport",
      "manual" : false,
      "startTime" : "20141124T170903+0900",
      "endTime" : "20141124T174135+0900",
      "duration" : 1952.0,
      "distance" : 13364.0
    }, {
      "activity" : "walking",
      "group" : "walking",
      "manual" : false,
      "startTime" : "20141124T174135+0900",
      "endTime" : "20141124T174631+0900",
      "duration" : 296.0,
      "distance" : 374.0,
      "steps" : 433,
      "calories" : 22
    } ],
    "lastUpdate" : "20141124T111213Z"
  }, {
    "type" : "place",
    "startTime" : "20141124T174632+0900",
    "endTime" : "20141125T152236+0900",
    "activities" : [ {
      "activity" : "walking",
      "group" : "walking",
      "manual" : false,
      "startTime" : "20141124T210430+0900",
      "endTime" : "20141124T210500+0900",
      "duration" : 30.0,
      "distance" : 15.0,
      "steps" : 20,
      "calories" : 1
    } ],
    "lastUpdate" : "20141125T125523Z"
  } ],
  "caloriesIdle" : 1711,
  "lastUpdate" : "20141125T125523Z"
}, {
  "date" : "20141125",
  "summary" : [ {
    "activity" : "transport",
    "group" : "transport",
    "duration" : 8910.0,
    "distance" : 112331.0
  }, {
    "activity" : "walking",
    "group" : "walking",
    "duration" : 2648.0,
    "distance" : 2437.0,
    "steps" : 4295,
    "calories" : 145
  } ],
  "segments" : [ {
    "type" : "move",
    "startTime" : "20141125T152236+0900",
    "endTime" : "20141125T155722+0900",
    "activities" : [ {
      "activity" : "transport",
      "group" : "transport",
      "manual" : false,
      "startTime" : "20141125T152236+0900",
      "endTime" : "20141125T155722+0900",
      "duration" : 2086.0,
      "distance" : 35991.0
    } ],
    "lastUpdate" : "20141125T125523Z"
  }, {
    "type" : "move",
    "startTime" : "20141125T165622+0900",
    "endTime" : "20141125T175756+0900",
    "activities" : [ {
      "activity" : "transport",
      "group" : "transport",
      "manual" : false,
      "startTime" : "20141125T165622+0900",
      "endTime" : "20141125T165844+0900",
      "duration" : 142.0,
      "distance" : 727.0
    }, {
      "activity" : "walking",
      "group" : "walking",
      "manual" : false,
      "startTime" : "20141125T165844+0900",
      "endTime" : "20141125T170114+0900",
      "duration" : 150.0,
      "distance" : 100.0,
      "steps" : 184,
      "calories" : 6
    }, {
      "activity" : "transport",
      "group" : "transport",
      "manual" : false,
      "startTime" : "20141125T170114+0900",
      "endTime" : "20141125T171745+0900",
      "duration" : 991.0,
      "distance" : 9892.0
    }, {
      "activity" : "walking",
      "group" : "walking",
      "manual" : false,
      "startTime" : "20141125T171744+0900",
      "endTime" : "20141125T172214+0900",
      "duration" : 270.0,
      "distance" : 329.0,
      "steps" : 546,
      "calories" : 20
    }, {
      "activity" : "transport",
      "group" : "transport",
      "manual" : false,
      "startTime" : "20141125T172215+0900",
      "endTime" : "20141125T175756+0900",
      "duration" : 2141.0,
      "distance" : 22689.0
    } ],
    "lastUpdate" : "20141125T125523Z"
  }, {
    "type" : "place",
    "startTime" : "20141125T175756+0900",
    "endTime" : "20141125T180140+0900",
    "activities" : [ {
      "activity" : "walking",
      "group" : "walking",
      "manual" : false,
      "startTime" : "20141125T175946+0900",
      "endTime" : "20141125T180017+0900",
      "duration" : 31.0,
      "distance" : 31.0,
      "steps" : 61,
      "calories" : 2
    } ],
    "lastUpdate" : "20141125T125523Z"
  }, {
    "type" : "move",
    "startTime" : "20141125T180140+0900",
    "endTime" : "20141125T180823+0900",
    "activities" : [ {
      "activity" : "walking",
      "group" : "walking",
      "manual" : false,
      "startTime" : "20141125T180140+0900",
      "endTime" : "20141125T180822+0900",
      "duration" : 402.0,
      "distance" : 491.0,
      "steps" : 701,
      "calories" : 29
    } ],
    "lastUpdate" : "20141125T125523Z"
  }, {
    "type" : "place",
    "startTime" : "20141125T180823+0900",
    "endTime" : "20141125T200802+0900",
    "activities" : [ {
      "activity" : "walking",
      "group" : "walking",
      "manual" : false,
      "startTime" : "20141125T193513+0900",
      "endTime" : "20141125T193543+0900",
      "duration" : 30.0,
      "distance" : 15.0,
      "steps" : 30,
      "calories" : 1
    }, {
      "activity" : "walking",
      "group" : "walking",
      "manual" : false,
      "startTime" : "20141125T200520+0900",
      "endTime" : "20141125T200620+0900",
      "duration" : 60.0,
      "distance" : 56.0,
      "steps" : 112,
      "calories" : 3
    } ],
    "lastUpdate" : "20141125T133940Z"
  }, {
    "type" : "move",
    "startTime" : "20141125T200802+0900",
    "endTime" : "20141125T201621+0900",
    "activities" : [ {
      "activity" : "walking",
      "group" : "walking",
      "manual" : false,
      "startTime" : "20141125T200802+0900",
      "endTime" : "20141125T201621+0900",
      "duration" : 499.0,
      "distance" : 399.0,
      "steps" : 735,
      "calories" : 24
    } ],
    "lastUpdate" : "20141125T133940Z"
  }, {
    "type" : "place",
    "startTime" : "20141125T201622+0900",
    "endTime" : "20141125T212837+0900",
    "activities" : [ {
      "activity" : "walking",
      "group" : "walking",
      "manual" : false,
      "startTime" : "20141125T202051+0900",
      "endTime" : "20141125T202251+0900",
      "duration" : 120.0,
      "distance" : 81.0,
      "steps" : 162,
      "calories" : 5
    }, {
      "activity" : "walking",
      "group" : "walking",
      "manual" : false,
      "startTime" : "20141125T210358+0900",
      "endTime" : "20141125T210558+0900",
      "duration" : 120.0,
      "distance" : 152.0,
      "steps" : 203,
      "calories" : 9
    } ],
    "lastUpdate" : "20141125T151313Z"
  }, {
    "type" : "move",
    "startTime" : "20141125T212837+0900",
    "endTime" : "20141125T213512+0900",
    "activities" : [ {
      "activity" : "walking",
      "group" : "walking",
      "manual" : false,
      "startTime" : "20141125T212837+0900",
      "endTime" : "20141125T213512+0900",
      "duration" : 395.0,
      "distance" : 265.0,
      "steps" : 524,
      "calories" : 16
    } ],
    "lastUpdate" : "20141125T151313Z"
  }, {
    "type" : "move",
    "startTime" : "20141125T214233+0900",
    "endTime" : "20141125T225043+0900",
    "activities" : [ {
      "activity" : "transport",
      "group" : "transport",
      "manual" : false,
      "startTime" : "20141125T214233+0900",
      "endTime" : "20141125T222543+0900",
      "duration" : 2590.0,
      "distance" : 36780.0
    }, {
      "activity" : "walking",
      "group" : "walking",
      "manual" : false,
      "startTime" : "20141125T222542+0900",
      "endTime" : "20141125T223012+0900",
      "duration" : 270.0,
      "distance" : 294.0,
      "steps" : 588,
      "calories" : 17
    }, {
      "activity" : "transport",
      "group" : "transport",
      "manual" : false,
      "startTime" : "20141125T223013+0900",
      "endTime" : "20141125T224613+0900",
      "duration" : 960.0,
      "distance" : 6252.0
    }, {
      "activity" : "walking",
      "group" : "walking",
      "manual" : false,
      "startTime" : "20141125T224612+0900",
      "endTime" : "20141125T225043+0900",
      "duration" : 271.0,
      "distance" : 204.0,
      "steps" : 408,
      "calories" : 12
    } ],
    "lastUpdate" : "20141125T151313Z"
  }, {
    "type" : "place",
    "startTime" : "20141125T225043+0900",
    "endTime" : "20141126T073207+0900",
    "activities" : [ {
      "activity" : "walking",
      "group" : "walking",
      "manual" : false,
      "startTime" : "20141125T225213+0900",
      "endTime" : "20141125T225243+0900",
      "duration" : 30.0,
      "distance" : 20.0,
      "steps" : 41,
      "calories" : 1
    } ],
    "lastUpdate" : "20141126T045253Z"
  } ],
  "caloriesIdle" : 1711,
  "lastUpdate" : "20141126T045253Z"
}, {
  "date" : "20141126",
  "summary" : [ {
    "activity" : "walking",
    "group" : "walking",
    "duration" : 4944.0,
    "distance" : 5820.0,
    "steps" : 8547,
    "calories" : 346
  }, {
    "activity" : "transport",
    "group" : "transport",
    "duration" : 12084.0,
    "distance" : 124130.0
  } ],
  "segments" : [ {
    "type" : "move",
    "startTime" : "20141126T073207+0900",
    "endTime" : "20141126T085605+0900",
    "activities" : [ {
      "activity" : "walking",
      "group" : "walking",
      "manual" : false,
      "startTime" : "20141126T073207+0900",
      "endTime" : "20141126T073458+0900",
      "duration" : 171.0,
      "distance" : 181.0,
      "steps" : 345,
      "calories" : 11
    }, {
      "activity" : "transport",
      "group" : "transport",
      "manual" : false,
      "startTime" : "20141126T073458+0900",
      "endTime" : "20141126T074626+0900",
      "duration" : 688.0,
      "distance" : 2409.0
    }, {
      "activity" : "walking",
      "group" : "walking",
      "manual" : false,
      "startTime" : "20141126T074626+0900",
      "endTime" : "20141126T075057+0900",
      "duration" : 271.0,
      "distance" : 385.0,
      "steps" : 552,
      "calories" : 23
    }, {
      "activity" : "transport",
      "group" : "transport",
      "manual" : false,
      "startTime" : "20141126T075057+0900",
      "endTime" : "20141126T075926+0900",
      "duration" : 509.0,
      "distance" : 3047.0
    }, {
      "activity" : "walking",
      "group" : "walking",
      "manual" : false,
      "startTime" : "20141126T075927+0900",
      "endTime" : "20141126T080357+0900",
      "duration" : 270.0,
      "distance" : 402.0,
      "steps" : 548,
      "calories" : 24
    }, {
      "activity" : "transport",
      "group" : "transport",
      "manual" : false,
      "startTime" : "20141126T080357+0900",
      "endTime" : "20141126T083258+0900",
      "duration" : 1741.0,
      "distance" : 27916.0
    }, {
      "activity" : "walking",
      "group" : "walking",
      "manual" : false,
      "startTime" : "20141126T083258+0900",
      "endTime" : "20141126T083528+0900",
      "duration" : 150.0,
      "distance" : 147.0,
      "steps" : 293,
      "calories" : 9
    }, {
      "activity" : "transport",
      "group" : "transport",
      "manual" : false,
      "startTime" : "20141126T083528+0900",
      "endTime" : "20141126T084729+0900",
      "duration" : 721.0,
      "distance" : 5993.0
    }, {
      "activity" : "walking",
      "group" : "walking",
      "manual" : false,
      "startTime" : "20141126T084729+0900",
      "endTime" : "20141126T085605+0900",
      "duration" : 516.0,
      "distance" : 671.0,
      "steps" : 860,
      "calories" : 40
    } ],
    "lastUpdate" : "20141126T045253Z"
  }, {
    "type" : "place",
    "startTime" : "20141126T085605+0900",
    "endTime" : "20141126T144204+0900",
    "activities" : [ {
      "activity" : "walking",
      "group" : "walking",
      "manual" : false,
      "startTime" : "20141126T094750+0900",
      "endTime" : "20141126T095140+0900",
      "duration" : 230.0,
      "distance" : 203.0,
      "steps" : 271,
      "calories" : 12
    }, {
      "activity" : "walking",
      "group" : "walking",
      "manual" : false,
      "startTime" : "20141126T101243+0900",
      "endTime" : "20141126T101346+0900",
      "duration" : 63.0,
      "distance" : 69.0,
      "steps" : 139,
      "calories" : 4
    }, {
      "activity" : "walking",
      "group" : "walking",
      "manual" : false,
      "startTime" : "20141126T121005+0900",
      "endTime" : "20141126T121453+0900",
      "duration" : 288.0,
      "distance" : 316.0,
      "steps" : 422,
      "calories" : 19
    } ],
    "lastUpdate" : "20141126T093754Z"
  }, {
    "type" : "move",
    "startTime" : "20141126T144204+0900",
    "endTime" : "20141126T145813+0900",
    "activities" : [ {
      "activity" : "walking",
      "group" : "walking",
      "manual" : false,
      "startTime" : "20141126T144204+0900",
      "endTime" : "20141126T145813+0900",
      "duration" : 969.0,
      "distance" : 887.0,
      "steps" : 1474,
      "calories" : 53
    } ],
    "lastUpdate" : "20141126T093754Z"
  }, {
    "type" : "place",
    "startTime" : "20141126T145813+0900",
    "endTime" : "20141126T150559+0900",
    "activities" : [ {
      "activity" : "walking",
      "group" : "walking",
      "manual" : false,
      "startTime" : "20141126T150443+0900",
      "endTime" : "20141126T150513+0900",
      "duration" : 30.0,
      "distance" : 25.0,
      "steps" : 51,
      "calories" : 1
    } ],
    "lastUpdate" : "20141126T093754Z"
  }, {
    "type" : "move",
    "startTime" : "20141126T150559+0900",
    "endTime" : "20141126T151835+0900",
    "activities" : [ {
      "activity" : "transport",
      "group" : "transport",
      "manual" : false,
      "startTime" : "20141126T150559+0900",
      "endTime" : "20141126T151835+0900",
      "duration" : 756.0,
      "distance" : 10789.0
    } ],
    "lastUpdate" : "20141126T093754Z"
  }, {
    "type" : "place",
    "startTime" : "20141126T151835+0900",
    "endTime" : "20141126T152415+0900",
    "activities" : [ {
      "activity" : "walking",
      "group" : "walking",
      "manual" : false,
      "startTime" : "20141126T151851+0900",
      "endTime" : "20141126T152021+0900",
      "duration" : 90.0,
      "distance" : 86.0,
      "steps" : 173,
      "calories" : 5
    } ],
    "lastUpdate" : "20141126T093754Z"
  }, {
    "type" : "move",
    "startTime" : "20141126T152415+0900",
    "endTime" : "20141126T162924+0900",
    "activities" : [ {
      "activity" : "transport",
      "group" : "transport",
      "manual" : false,
      "startTime" : "20141126T152415+0900",
      "endTime" : "20141126T155421+0900",
      "duration" : 1806.0,
      "distance" : 22241.0
    }, {
      "activity" : "walking",
      "group" : "walking",
      "manual" : false,
      "startTime" : "20141126T155422+0900",
      "endTime" : "20141126T155922+0900",
      "duration" : 300.0,
      "distance" : 416.0,
      "steps" : 560,
      "calories" : 25
    }, {
      "activity" : "transport",
      "group" : "transport",
      "manual" : false,
      "startTime" : "20141126T155922+0900",
      "endTime" : "20141126T161723+0900",
      "duration" : 1081.0,
      "distance" : 9795.0
    }, {
      "activity" : "walking",
      "group" : "walking",
      "manual" : false,
      "startTime" : "20141126T161723+0900",
      "endTime" : "20141126T162924+0900",
      "duration" : 721.0,
      "distance" : 1023.0,
      "steps" : 1322,
      "calories" : 61
    } ],
    "lastUpdate" : "20141126T093754Z"
  }, {
    "type" : "move",
    "startTime" : "20141126T183447+0900",
    "endTime" : "20141126T200834+0900",
    "activities" : [ {
      "activity" : "transport",
      "group" : "transport",
      "manual" : false,
      "startTime" : "20141126T183447+0900",
      "endTime" : "20141126T185750+0900",
      "duration" : 1383.0,
      "distance" : 10850.0
    }, {
      "activity" : "walking",
      "group" : "walking",
      "manual" : false,
      "startTime" : "20141126T185750+0900",
      "endTime" : "20141126T190121+0900",
      "duration" : 211.0,
      "distance" : 209.0,
      "steps" : 397,
      "calories" : 12
    }, {
      "activity" : "transport",
      "group" : "transport",
      "manual" : false,
      "startTime" : "20141126T190120+0900",
      "endTime" : "20141126T195129+0900",
      "duration" : 3009.0,
      "distance" : 28502.0
    }, {
      "activity" : "walking",
      "group" : "walking",
      "manual" : false,
      "startTime" : "20141126T195129+0900",
      "endTime" : "20141126T195659+0900",
      "duration" : 330.0,
      "distance" : 474.0,
      "steps" : 709,
      "calories" : 28
    }, {
      "activity" : "transport",
      "group" : "transport",
      "manual" : false,
      "startTime" : "20141126T195700+0900",
      "endTime" : "20141126T200330+0900",
      "duration" : 390.0,
      "distance" : 2588.0
    }, {
      "activity" : "walking",
      "group" : "walking",
      "manual" : false,
      "startTime" : "20141126T200330+0900",
      "endTime" : "20141126T200834+0900",
      "duration" : 304.0,
      "distance" : 301.0,
      "steps" : 380,
      "calories" : 18
    } ],
    "lastUpdate" : "20141126T144352Z"
  }, {
    "type" : "place",
    "startTime" : "20141126T200834+0900",
    "endTime" : "20141126T213302+0900",
    "activities" : [ {
      "activity" : "walking",
      "group" : "walking",
      "manual" : false,
      "startTime" : "20141126T200900+0900",
      "endTime" : "20141126T200930+0900",
      "duration" : 30.0,
      "distance" : 25.0,
      "steps" : 51,
      "calories" : 1
    } ],
    "lastUpdate" : "20141126T161702Z"
  } ],
  "caloriesIdle" : 1711,
  "lastUpdate" : "20141127T013350Z"
}, {
  "date" : "20141127",
  "summary" : [ {
    "activity" : "walking",
    "group" : "walking",
    "duration" : 2387.0,
    "distance" : 2572.0,
    "steps" : 3980,
    "calories" : 153
  }, {
    "activity" : "transport",
    "group" : "transport",
    "duration" : 6706.0,
    "distance" : 71334.0
  }, {
    "activity" : "running",
    "group" : "running",
    "duration" : 120.0,
    "distance" : 290.0,
    "steps" : 314,
    "calories" : 21
  } ],
  "segments" : [ {
    "type" : "place",
    "startTime" : "20141126T234417+0900",
    "endTime" : "20141127T081017+0900",
    "activities" : [ {
      "activity" : "walking",
      "group" : "walking",
      "manual" : false,
      "startTime" : "20141127T080727+0900",
      "endTime" : "20141127T080830+0900",
      "duration" : 63.0,
      "distance" : 48.0,
      "steps" : 96,
      "calories" : 3
    } ],
    "lastUpdate" : "20141127T013350Z"
  }, {
    "type" : "move",
    "startTime" : "20141127T081017+0900",
    "endTime" : "20141127T082208+0900",
    "activities" : [ {
      "activity" : "walking",
      "group" : "walking",
      "manual" : false,
      "startTime" : "20141127T081017+0900",
      "endTime" : "20141127T081330+0900",
      "duration" : 193.0,
      "distance" : 234.0,
      "steps" : 467,
      "calories" : 14
    }, {
      "activity" : "transport",
      "group" : "transport",
      "manual" : false,
      "startTime" : "20141127T081331+0900",
      "endTime" : "20141127T082008+0900",
      "duration" : 397.0,
      "distance" : 2426.0
    }, {
      "activity" : "walking",
      "group" : "walking",
      "manual" : false,
      "startTime" : "20141127T082008+0900",
      "endTime" : "20141127T082208+0900",
      "duration" : 120.0,
      "distance" : 229.0,
      "steps" : 223,
      "calories" : 14
    } ],
    "lastUpdate" : "20141127T013350Z"
  }, {
    "type" : "place",
    "startTime" : "20141127T082208+0900",
    "endTime" : "20141127T083805+0900",
    "activities" : [ {
      "activity" : "walking",
      "group" : "walking",
      "manual" : false,
      "startTime" : "20141127T082608+0900",
      "endTime" : "20141127T083108+0900",
      "duration" : 300.0,
      "distance" : 320.0,
      "steps" : 426,
      "calories" : 19
    } ],
    "lastUpdate" : "20141127T013350Z"
  }, {
    "type" : "move",
    "startTime" : "20141127T083805+0900",
    "endTime" : "20141127T084321+0900",
    "activities" : [ {
      "activity" : "transport",
      "group" : "transport",
      "manual" : false,
      "startTime" : "20141127T083805+0900",
      "endTime" : "20141127T084321+0900",
      "duration" : 316.0,
      "distance" : 3117.0
    } ],
    "lastUpdate" : "20141127T013350Z"
  }, {
    "type" : "move",
    "startTime" : "20141127T084321+0900",
    "endTime" : "20141127T093937+0900",
    "activities" : [ {
      "activity" : "walking",
      "group" : "walking",
      "manual" : false,
      "startTime" : "20141127T084321+0900",
      "endTime" : "20141127T084846+0900",
      "duration" : 325.0,
      "distance" : 239.0,
      "steps" : 479,
      "calories" : 14
    }, {
      "activity" : "transport",
      "group" : "transport",
      "manual" : false,
      "startTime" : "20141127T084846+0900",
      "endTime" : "20141127T092446+0900",
      "duration" : 2160.0,
      "distance" : 27984.0
    }, {
      "activity" : "walking",
      "group" : "walking",
      "manual" : false,
      "startTime" : "20141127T092445+0900",
      "endTime" : "20141127T092645+0900",
      "duration" : 120.0,
      "distance" : 117.0,
      "steps" : 233,
      "calories" : 7
    }, {
      "activity" : "transport",
      "group" : "transport",
      "manual" : false,
      "startTime" : "20141127T092645+0900",
      "endTime" : "20141127T093646+0900",
      "duration" : 601.0,
      "distance" : 5908.0
    }, {
      "activity" : "running",
      "group" : "running",
      "manual" : false,
      "startTime" : "20141127T093646+0900",
      "endTime" : "20141127T093846+0900",
      "duration" : 120.0,
      "distance" : 290.0,
      "steps" : 314,
      "calories" : 21
    }, {
      "activity" : "walking",
      "group" : "walking",
      "manual" : false,
      "startTime" : "20141127T093846+0900",
      "endTime" : "20141127T093937+0900",
      "duration" : 51.0,
      "distance" : 133.0,
      "steps" : 111,
      "calories" : 8
    } ],
    "lastUpdate" : "20141127T043636Z"
  }, {
    "type" : "place",
    "startTime" : "20141127T093937+0900",
    "endTime" : "20141127T122307+0900",
    "activities" : [ {
      "activity" : "walking",
      "group" : "walking",
      "manual" : false,
      "startTime" : "20141127T093937+0900",
      "endTime" : "20141127T094217+0900",
      "duration" : 160.0,
      "distance" : 252.0,
      "steps" : 337,
      "calories" : 15
    }, {
      "activity" : "walking",
      "group" : "walking",
      "manual" : false,
      "startTime" : "20141127T111314+0900",
      "endTime" : "20141127T111414+0900",
      "duration" : 60.0,
      "distance" : 51.0,
      "steps" : 101,
      "calories" : 3
    } ],
    "lastUpdate" : "20141127T043638Z"
  }, {
    "type" : "move",
    "startTime" : "20141127T122307+0900",
    "endTime" : "20141127T122712+0900",
    "activities" : [ {
      "activity" : "walking",
      "group" : "walking",
      "manual" : false,
      "startTime" : "20141127T122307+0900",
      "endTime" : "20141127T122712+0900",
      "duration" : 245.0,
      "distance" : 198.0,
      "steps" : 280,
      "calories" : 12
    } ],
    "lastUpdate" : "20141127T043638Z"
  }, {
    "type" : "place",
    "startTime" : "20141127T122712+0900",
    "endTime" : "20141127T185637+0900",
    "activities" : [ {
      "activity" : "walking",
      "group" : "walking",
      "manual" : false,
      "startTime" : "20141127T130625+0900",
      "endTime" : "20141127T130725+0900",
      "duration" : 60.0,
      "distance" : 41.0,
      "steps" : 81,
      "calories" : 2
    }, {
      "activity" : "walking",
      "group" : "walking",
      "manual" : false,
      "startTime" : "20141127T143820+0900",
      "endTime" : "20141127T144050+0900",
      "duration" : 150.0,
      "distance" : 213.0,
      "steps" : 284,
      "calories" : 13
    }, {
      "activity" : "walking",
      "group" : "walking",
      "manual" : false,
      "startTime" : "20141127T162257+0900",
      "endTime" : "20141127T162557+0900",
      "duration" : 180.0,
      "distance" : 198.0,
      "steps" : 264,
      "calories" : 12
    } ],
    "lastUpdate" : "20141127T114845Z"
  }, {
    "type" : "move",
    "startTime" : "20141127T185637+0900",
    "endTime" : "20141127T195628+0900",
    "activities" : [ {
      "activity" : "transport",
      "group" : "transport",
      "manual" : false,
      "startTime" : "20141127T185637+0900",
      "endTime" : "20141127T192040+0900",
      "duration" : 1443.0,
      "distance" : 24879.0
    }, {
      "activity" : "walking",
      "group" : "walking",
      "manual" : false,
      "startTime" : "20141127T192039+0900",
      "endTime" : "20141127T192639+0900",
      "duration" : 360.0,
      "distance" : 299.0,
      "steps" : 598,
      "calories" : 18
    }, {
      "activity" : "transport",
      "group" : "transport",
      "manual" : false,
      "startTime" : "20141127T192639+0900",
      "endTime" : "20141127T195628+0900",
      "duration" : 1789.0,
      "distance" : 7020.0
    } ],
    "lastUpdate" : "20141127T114845Z"
  } ],
  "caloriesIdle" : 1711,
  "lastUpdate" : "20141128T092802Z"
}, {
  "date" : "20141128",
  "summary" : [ {
    "activity" : "walking",
    "group" : "walking",
    "duration" : 3341.0,
    "distance" : 3960.0,
    "steps" : 6230,
    "calories" : 235
  }, {
    "activity" : "transport",
    "group" : "transport",
    "duration" : 10956.0,
    "distance" : 132125.0
  } ],
  "segments" : [ {
    "type" : "move",
    "startTime" : "20141128T120446+0900",
    "endTime" : "20141128T130432+0900",
    "activities" : [ {
      "activity" : "transport",
      "group" : "transport",
      "manual" : false,
      "startTime" : "20141128T120446+0900",
      "endTime" : "20141128T124155+0900",
      "duration" : 2229.0,
      "distance" : 40579.0
    }, {
      "activity" : "walking",
      "group" : "walking",
      "manual" : false,
      "startTime" : "20141128T124155+0900",
      "endTime" : "20141128T124526+0900",
      "duration" : 211.0,
      "distance" : 164.0,
      "steps" : 329,
      "calories" : 10
    }, {
      "activity" : "transport",
      "group" : "transport",
      "manual" : false,
      "startTime" : "20141128T124526+0900",
      "endTime" : "20141128T125627+0900",
      "duration" : 661.0,
      "distance" : 5886.0
    }, {
      "activity" : "walking",
      "group" : "walking",
      "manual" : false,
      "startTime" : "20141128T125627+0900",
      "endTime" : "20141128T130432+0900",
      "duration" : 485.0,
      "distance" : 691.0,
      "steps" : 933,
      "calories" : 41
    } ],
    "lastUpdate" : "20141128T092802Z"
  }, {
    "type" : "place",
    "startTime" : "20141128T130432+0900",
    "endTime" : "20141128T143548+0900",
    "activities" : [ {
      "activity" : "walking",
      "group" : "walking",
      "manual" : false,
      "startTime" : "20141128T130557+0900",
      "endTime" : "20141128T130957+0900",
      "duration" : 240.0,
      "distance" : 236.0,
      "steps" : 315,
      "calories" : 14
    }, {
      "activity" : "walking",
      "group" : "walking",
      "manual" : false,
      "startTime" : "20141128T142254+0900",
      "endTime" : "20141128T142354+0900",
      "duration" : 60.0,
      "distance" : 76.0,
      "steps" : 152,
      "calories" : 5
    } ],
    "lastUpdate" : "20141128T092802Z"
  }, {
    "type" : "move",
    "startTime" : "20141128T143548+0900",
    "endTime" : "20141128T160844+0900",
    "activities" : [ {
      "activity" : "walking",
      "group" : "walking",
      "manual" : false,
      "startTime" : "20141128T143548+0900",
      "endTime" : "20141128T144504+0900",
      "duration" : 556.0,
      "distance" : 704.0,
      "steps" : 1082,
      "calories" : 42
    }, {
      "activity" : "transport",
      "group" : "transport",
      "manual" : false,
      "startTime" : "20141128T144504+0900",
      "endTime" : "20141128T153333+0900",
      "duration" : 2909.0,
      "distance" : 33332.0
    }, {
      "activity" : "walking",
      "group" : "walking",
      "manual" : false,
      "startTime" : "20141128T153333+0900",
      "endTime" : "20141128T153903+0900",
      "duration" : 330.0,
      "distance" : 352.0,
      "steps" : 580,
      "calories" : 21
    }, {
      "activity" : "transport",
      "group" : "transport",
      "manual" : false,
      "startTime" : "20141128T153903+0900",
      "endTime" : "20141128T155704+0900",
      "duration" : 1081.0,
      "distance" : 9844.0
    }, {
      "activity" : "walking",
      "group" : "walking",
      "manual" : false,
      "startTime" : "20141128T155704+0900",
      "endTime" : "20141128T160844+0900",
      "duration" : 700.0,
      "distance" : 945.0,
      "steps" : 1398,
      "calories" : 56
    } ],
    "lastUpdate" : "20141128T092802Z"
  }, {
    "type" : "place",
    "startTime" : "20141128T160844+0900",
    "endTime" : "20141128T185917+0900",
    "activities" : [ {
      "activity" : "walking",
      "group" : "walking",
      "manual" : false,
      "startTime" : "20141128T185823+0900",
      "endTime" : "20141128T185853+0900",
      "duration" : 30.0,
      "distance" : 25.0,
      "steps" : 51,
      "calories" : 1
    } ],
    "lastUpdate" : "20141128T124356Z"
  }, {
    "type" : "move",
    "startTime" : "20141128T185917+0900",
    "endTime" : "20141128T201850+0900",
    "activities" : [ {
      "activity" : "transport",
      "group" : "transport",
      "manual" : false,
      "startTime" : "20141128T185917+0900",
      "endTime" : "20141128T191955+0900",
      "duration" : 1238.0,
      "distance" : 10994.0
    }, {
      "activity" : "walking",
      "group" : "walking",
      "manual" : false,
      "startTime" : "20141128T191954+0900",
      "endTime" : "20141128T192224+0900",
      "duration" : 150.0,
      "distance" : 171.0,
      "steps" : 273,
      "calories" : 10
    }, {
      "activity" : "transport",
      "group" : "transport",
      "manual" : false,
      "startTime" : "20141128T192224+0900",
      "endTime" : "20141128T200023+0900",
      "duration" : 2279.0,
      "distance" : 28661.0
    }, {
      "activity" : "walking",
      "group" : "walking",
      "manual" : false,
      "startTime" : "20141128T200022+0900",
      "endTime" : "20141128T200452+0900",
      "duration" : 270.0,
      "distance" : 322.0,
      "steps" : 567,
      "calories" : 19
    }, {
      "activity" : "transport",
      "group" : "transport",
      "manual" : false,
      "startTime" : "20141128T200452+0900",
      "endTime" : "20141128T201411+0900",
      "duration" : 559.0,
      "distance" : 2829.0
    }, {
      "activity" : "walking",
      "group" : "walking",
      "manual" : false,
      "startTime" : "20141128T201411+0900",
      "endTime" : "20141128T201850+0900",
      "duration" : 279.0,
      "distance" : 254.0,
      "steps" : 509,
      "calories" : 15
    } ],
    "lastUpdate" : "20141128T124356Z"
  }, {
    "type" : "place",
    "startTime" : "20141128T201850+0900",
    "endTime" : "20141129T210116+0900",
    "activities" : [ {
      "activity" : "walking",
      "group" : "walking",
      "manual" : false,
      "startTime" : "20141128T202442+0900",
      "endTime" : "20141128T202512+0900",
      "duration" : 30.0,
      "distance" : 20.0,
      "steps" : 41,
      "calories" : 1
    } ],
    "lastUpdate" : "20141130T124348Z"
  } ],
  "caloriesIdle" : 1711,
  "lastUpdate" : "20141130T124348Z"
}, {
  "date" : "20141129",
  "summary" : [ {
    "activity" : "walking",
    "group" : "walking",
    "duration" : 216.0,
    "distance" : 231.0,
    "steps" : 332,
    "calories" : 14
  } ],
  "segments" : [ {
    "type" : "place",
    "startTime" : "20141128T201850+0900",
    "endTime" : "20141129T210116+0900",
    "activities" : [ {
      "activity" : "walking",
      "group" : "walking",
      "manual" : false,
      "startTime" : "20141129T125808+0900",
      "endTime" : "20141129T125838+0900",
      "duration" : 30.0,
      "distance" : 35.0,
      "steps" : 71,
      "calories" : 2
    }, {
      "activity" : "walking",
      "group" : "walking",
      "manual" : false,
      "startTime" : "20141129T130051+0900",
      "endTime" : "20141129T130357+0900",
      "duration" : 186.0,
      "distance" : 196.0,
      "steps" : 261,
      "calories" : 12
    } ],
    "lastUpdate" : "20141130T124348Z"
  } ],
  "caloriesIdle" : 1711,
  "lastUpdate" : "20141201T064910Z"
}, {
  "date" : "20141130",
  "summary" : [ {
    "activity" : "walking",
    "group" : "walking",
    "duration" : 30.0,
    "distance" : 15.0,
    "steps" : 31,
    "calories" : 1
  } ],
  "segments" : [ {
    "type" : "place",
    "startTime" : "20141129T210116+0900",
    "endTime" : "20141201T114628+0900",
    "activities" : [ {
      "activity" : "walking",
      "group" : "walking",
      "manual" : false,
      "startTime" : "20141130T035337+0900",
      "endTime" : "20141130T035407+0900",
      "duration" : 30.0,
      "distance" : 15.0,
      "steps" : 31,
      "calories" : 1
    } ],
    "lastUpdate" : "20141201T064910Z"
  } ],
  "caloriesIdle" : 1711,
  "lastUpdate" : "20141201T064910Z"
} ]