[ {
  "date" : "20150518",
  "summary" : [ {
    "activity" : "walking",
    "group" : "walking",
    "duration" : 3026.0,
    "distance" : 3182.0,
    "steps" : 4473,
    "calories" : 189
  }, {
    "activity" : "transport",
    "group" : "transport",
    "duration" : 596.0,
    "distance" : 1432.0
  }, {
    "activity" : "cycling",
    "group" : "cycling",
    "duration" : 1017.0,
    "distance" : 5111.0,
    "calories" : 134
  } ],
  "segments" : [ {
    "type" : "move",
    "startTime" : "20150517T235142+0900",
    "endTime" : "20150518T001515+0900",
    "activities" : [ {
      "activity" : "walking",
      "group" : "walking",
      "manual" : false,
      "startTime" : "20150518T000000+0900",
      "endTime" : "20150518T000520+0900",
      "duration" : 320.0,
      "distance" : 373.0,
      "steps" : 492,
      "calories" : 22
    }, {
      "activity" : "transport",
      "group" : "transport",
      "manual" : false,
      "startTime" : "20150518T000519+0900",
      "endTime" : "20150518T001515+0900",
      "duration" : 596.0,
      "distance" : 1432.0
    } ],
    "lastUpdate" : "20150517T173622Z"
  }, {
    "type" : "place",
    "startTime" : "20150518T001515+0900",
    "endTime" : "20150518T125757+0900",
    "activities" : [ {
      "activity" : "walking",
      "group" : "walking",
      "manual" : false,
      "startTime" : "20150518T001626+0900",
      "endTime" : "20150518T001726+0900",
      "duration" : 60.0,
      "distance" : 41.0,
      "steps" : 81,
      "calories" : 2
    }, {
      "activity" : "walking",
      "group" : "walking",
      "manual" : false,
      "startTime" : "20150518T125739+0900",
      "endTime" : "20150518T132302+0900",
      "duration" : 1523.0,
      "distance" : 1555.0,
      "steps" : 2074,
      "calories" : 92
    } ],
    "lastUpdate" : "20150518T043401Z"
  }, {
    "type" : "move",
    "startTime" : "20150518T125757+0900",
    "endTime" : "20150518T130105+0900",
    "activities" : [ {
      "activity" : "cycling",
      "group" : "cycling",
      "manual" : false,
      "startTime" : "20150518T125757+0900",
      "endTime" : "20150518T130106+0900",
      "duration" : 189.0,
      "distance" : 977.0,
      "calories" : 26
    } ],
    "lastUpdate" : "20150518T043401Z"
  }, {
    "type" : "place",
    "startTime" : "20150518T130105+0900",
    "endTime" : "20150518T143551+0900",
    "activities" : [ {
      "activity" : "walking",
      "group" : "walking",
      "manual" : false,
      "startTime" : "20150518T130109+0900",
      "endTime" : "20150518T130309+0900",
      "duration" : 120.0,
      "distance" : 205.0,
      "steps" : 274,
      "calories" : 12
    }, {
      "activity" : "walking",
      "group" : "walking",
      "manual" : false,
      "startTime" : "20150518T142805+0900",
      "endTime" : "20150518T143153+0900",
      "duration" : 228.0,
      "distance" : 248.0,
      "steps" : 330,
      "calories" : 15
    } ],
    "lastUpdate" : "20150518T090222Z"
  }, {
    "type" : "move",
    "startTime" : "20150518T143551+0900",
    "endTime" : "20150518T144224+0900",
    "activities" : [ {
      "activity" : "walking",
      "group" : "walking",
      "manual" : false,
      "startTime" : "20150518T143551+0900",
      "endTime" : "20150518T144224+0900",
      "duration" : 393.0,
      "distance" : 365.0,
      "steps" : 551,
      "calories" : 22
    } ],
    "lastUpdate" : "20150518T090222Z"
  }, {
    "type" : "place",
    "startTime" : "20150518T144224+0900",
    "endTime" : "20150518T145338+0900",
    "activities" : [ {
      "activity" : "walking",
      "group" : "walking",
      "manual" : false,
      "startTime" : "20150518T144624+0900",
      "endTime" : "20150518T144824+0900",
      "duration" : 120.0,
      "distance" : 175.0,
      "steps" : 233,
      "calories" : 10
    } ],
    "lastUpdate" : "20150518T090222Z"
  }, {
    "type" : "move",
    "startTime" : "20150518T145338+0900",
    "endTime" : "20150518T145715+0900",
    "activities" : [ {
      "activity" : "cycling",
      "group" : "cycling",
      "manual" : false,
      "startTime" : "20150518T145338+0900",
      "endTime" : "20150518T145716+0900",
      "duration" : 218.0,
      "distance" : 1162.0,
      "calories" : 30
    } ],
    "lastUpdate" : "20150518T090222Z"
  }, {
    "type" : "place",
    "startTime" : "20150518T145715+0900",
    "endTime" : "20150518T150007+0900",
    "activities" : [ {
      "activity" : "walking",
      "group" : "walking",
      "manual" : false,
      "startTime" : "20150518T145742+0900",
      "endTime" : "20150518T145842+0900",
      "duration" : 60.0,
      "distance" : 51.0,
      "steps" : 102,
      "calories" : 3
    } ],
    "lastUpdate" : "20150518T090222Z"
  }, {
    "type" : "move",
    "startTime" : "20150518T150007+0900",
    "endTime" : "20150518T150509+0900",
    "activities" : [ {
      "activity" : "cycling",
      "group" : "cycling",
      "manual" : false,
      "startTime" : "20150518T150007+0900",
      "endTime" : "20150518T150509+0900",
      "duration" : 302.0,
      "distance" : 1789.0,
      "calories" : 46
    } ],
    "lastUpdate" : "20150518T090222Z"
  }, {
    "type" : "place",
    "startTime" : "20150518T150509+0900",
    "endTime" : "20150518T172202+0900",
    "activities" : [ {
      "activity" : "walking",
      "group" : "walking",
      "manual" : false,
      "startTime" : "20150518T150522+0900",
      "endTime" : "20150518T150622+0900",
      "duration" : 60.0,
      "distance" : 56.0,
      "steps" : 111,
      "calories" : 3
    } ],
    "lastUpdate" : "20150518T090222Z"
  }, {
    "type" : "move",
    "startTime" : "20150518T172202+0900",
    "endTime" : "20150518T173327+0900",
    "activities" : [ {
      "activity" : "cycling",
      "group" : "cycling",
      "manual" : false,
      "startTime" : "20150518T172819+0900",
      "endTime" : "20150518T173327+0900",
      "duration" : 308.0,
      "distance" : 1183.0,
      "calories" : 32
    } ],
    "lastUpdate" : "20150518T090222Z"
  }, {
    "type" : "place",
    "startTime" : "20150518T173327+0900",
    "endTime" : "20150518T174335+0900",
    "activities" : [ {
      "activity" : "walking",
      "group" : "walking",
      "manual" : false,
      "startTime" : "20150518T173327+0900",
      "endTime" : "20150518T173449+0900",
      "duration" : 82.0,
      "distance" : 52.0,
      "steps" : 103,
      "calories" : 3
    } ],
    "lastUpdate" : "20150518T090222Z"
  }, {
    "type" : "place",
    "startTime" : "20150518T174425+0900",
    "endTime" : "20150519T083716+0900",
    "activities" : [ {
      "activity" : "walking",
      "group" : "walking",
      "manual" : false,
      "startTime" : "20150518T174526+0900",
      "endTime" : "20150518T174626+0900",
      "duration" : 60.0,
      "distance" : 61.0,
      "steps" : 122,
      "calories" : 4
    } ],
    "lastUpdate" : "20150519T020008Z"
  } ],
  "caloriesIdle" : 1706,
  "lastUpdate" : "20150519T020008Z"
}, {
  "date" : "20150519",
  "summary" : [ {
    "activity" : "walking",
    "group" : "walking",
    "duration" : 2221.0,
    "distance" : 2354.0,
    "steps" : 3378,
    "calories" : 139
  }, {
    "activity" : "cycling",
    "group" : "cycling",
    "duration" : 1175.0,
    "distance" : 4613.0,
    "calories" : 124
  }, {
    "activity" : "transport",
    "group" : "transport",
    "duration" : 209.0,
    "distance" : 924.0
  } ],
  "segments" : [ {
    "type" : "place",
    "startTime" : "20150518T174425+0900",
    "endTime" : "20150519T083716+0900",
    "activities" : [ {
      "activity" : "walking",
      "group" : "walking",
      "manual" : false,
      "startTime" : "20150519T083418+0900",
      "endTime" : "20150519T083518+0900",
      "duration" : 60.0,
      "distance" : 56.0,
      "steps" : 112,
      "calories" : 3
    } ],
    "lastUpdate" : "20150519T020008Z"
  }, {
    "type" : "move",
    "startTime" : "20150519T083716+0900",
    "endTime" : "20150519T083948+0900",
    "activities" : [ {
      "activity" : "cycling",
      "group" : "cycling",
      "manual" : false,
      "startTime" : "20150519T083716+0900",
      "endTime" : "20150519T083947+0900",
      "duration" : 151.0,
      "distance" : 818.0,
      "calories" : 21
    } ],
    "lastUpdate" : "20150519T020008Z"
  }, {
    "type" : "place",
    "startTime" : "20150519T083948+0900",
    "endTime" : "20150519T121832+0900",
    "activities" : [ {
      "activity" : "walking",
      "group" : "walking",
      "manual" : false,
      "startTime" : "20150519T083948+0900",
      "endTime" : "20150519T084218+0900",
      "duration" : 150.0,
      "distance" : 175.0,
      "steps" : 233,
      "calories" : 10
    }, {
      "activity" : "walking",
      "group" : "walking",
      "manual" : false,
      "startTime" : "20150519T101142+0900",
      "endTime" : "20150519T101712+0900",
      "duration" : 330.0,
      "distance" : 335.0,
      "steps" : 447,
      "calories" : 20
    }, {
      "activity" : "walking",
      "group" : "walking",
      "manual" : false,
      "startTime" : "20150519T120027+0900",
      "endTime" : "20150519T120718+0900",
      "duration" : 411.0,
      "distance" : 407.0,
      "steps" : 543,
      "calories" : 24
    } ],
    "lastUpdate" : "20150519T062559Z"
  }, {
    "type" : "move",
    "startTime" : "20150519T121832+0900",
    "endTime" : "20150519T122229+0900",
    "activities" : [ {
      "activity" : "cycling",
      "group" : "cycling",
      "manual" : false,
      "startTime" : "20150519T121832+0900",
      "endTime" : "20150519T122229+0900",
      "duration" : 237.0,
      "distance" : 846.0,
      "calories" : 23
    } ],
    "lastUpdate" : "20150519T062559Z"
  }, {
    "type" : "place",
    "startTime" : "20150519T122229+0900",
    "endTime" : "20150519T143639+0900",
    "activities" : [ {
      "activity" : "walking",
      "group" : "walking",
      "manual" : false,
      "startTime" : "20150519T122229+0900",
      "endTime" : "20150519T122321+0900",
      "duration" : 52.0,
      "distance" : 52.0,
      "steps" : 104,
      "calories" : 3
    }, {
      "activity" : "walking",
      "group" : "walking",
      "manual" : false,
      "startTime" : "20150519T143538+0900",
      "endTime" : "20150519T143608+0900",
      "duration" : 30.0,
      "distance" : 25.0,
      "steps" : 51,
      "calories" : 1
    } ],
    "lastUpdate" : "20150519T062559Z"
  }, {
    "type" : "move",
    "startTime" : "20150519T143639+0900",
    "endTime" : "20150519T144208+0900",
    "activities" : [ {
      "activity" : "transport",
      "group" : "transport",
      "manual" : false,
      "startTime" : "20150519T143639+0900",
      "endTime" : "20150519T144008+0900",
      "duration" : 209.0,
      "distance" : 924.0
    }, {
      "activity" : "walking",
      "group" : "walking",
      "manual" : false,
      "startTime" : "20150519T144008+0900",
      "endTime" : "20150519T144208+0900",
      "duration" : 120.0,
      "distance" : 127.0,
      "steps" : 254,
      "calories" : 8
    } ],
    "lastUpdate" : "20150519T062559Z"
  }, {
    "type" : "place",
    "startTime" : "20150519T144208+0900",
    "endTime" : "20150519T204342+0900",
    "activities" : [ {
      "activity" : "walking",
      "group" : "walking",
      "manual" : false,
      "startTime" : "20150519T160351+0900",
      "endTime" : "20150519T160650+0900",
      "duration" : 179.0,
      "distance" : 234.0,
      "steps" : 313,
      "calories" : 14
    }, {
      "activity" : "walking",
      "group" : "walking",
      "manual" : false,
      "startTime" : "20150519T202454+0900",
      "endTime" : "20150519T203413+0900",
      "duration" : 559.0,
      "distance" : 626.0,
      "steps" : 834,
      "calories" : 37
    } ],
    "lastUpdate" : "20150519T140733Z"
  }, {
    "type" : "move",
    "startTime" : "20150519T204342+0900",
    "endTime" : "20150519T205008+0900",
    "activities" : [ {
      "activity" : "cycling",
      "group" : "cycling",
      "manual" : false,
      "startTime" : "20150519T204342+0900",
      "endTime" : "20150519T205008+0900",
      "duration" : 386.0,
      "distance" : 1579.0,
      "calories" : 42
    } ],
    "lastUpdate" : "20150519T140733Z"
  }, {
    "type" : "place",
    "startTime" : "20150519T205008+0900",
    "endTime" : "20150519T211245+0900",
    "activities" : [ {
      "activity" : "walking",
      "group" : "walking",
      "manual" : false,
      "startTime" : "20150519T205044+0900",
      "endTime" : "20150519T205414+0900",
      "duration" : 210.0,
      "distance" : 221.0,
      "steps" : 295,
      "calories" : 13
    }, {
      "activity" : "walking",
      "group" : "walking",
      "manual" : false,
      "startTime" : "20150519T210314+0900",
      "endTime" : "20150519T210514+0900",
      "duration" : 120.0,
      "distance" : 96.0,
      "steps" : 192,
      "calories" : 6
    } ],
    "lastUpdate" : "20150519T140733Z"
  }, {
    "type" : "move",
    "startTime" : "20150519T211245+0900",
    "endTime" : "20150519T211926+0900",
    "activities" : [ {
      "activity" : "cycling",
      "group" : "cycling",
      "manual" : false,
      "startTime" : "20150519T211245+0900",
      "endTime" : "20150519T211926+0900",
      "duration" : 401.0,
      "distance" : 1370.0,
      "calories" : 37
    } ],
    "lastUpdate" : "20150519T140733Z"
  } ],
  "caloriesIdle" : 1706,
  "lastUpdate" : "20150520T023003Z"
}, {
  "date" : "20150520",
  "summary" : [ {
    "activity" : "cycling",
    "group" : "cycling",
    "duration" : 645.0,
    "distance" : 3595.0,
    "calories" : 94
  }, {
    "activity" : "walking",
    "group" : "walking",
    "duration" : 1802.0,
    "distance" : 1868.0,
    "steps" : 2674,
    "calories" : 111
  } ],
  "segments" : [ {
    "type" : "move",
    "startTime" : "20150520T084145+0900",
    "endTime" : "20150520T084352+0900",
    "activities" : [ {
      "activity" : "cycling",
      "group" : "cycling",
      "manual" : false,
      "startTime" : "20150520T084145+0900",
      "endTime" : "20150520T084351+0900",
      "duration" : 126.0,
      "distance" : 898.0,
      "calories" : 23
    } ],
    "lastUpdate" : "20150520T023003Z"
  }, {
    "type" : "place",
    "startTime" : "20150520T084352+0900",
    "endTime" : "20150520T120945+0900",
    "activities" : [ {
      "activity" : "walking",
      "group" : "walking",
      "manual" : false,
      "startTime" : "20150520T084352+0900",
      "endTime" : "20150520T084546+0900",
      "duration" : 114.0,
      "distance" : 125.0,
      "steps" : 251,
      "calories" : 7
    }, {
      "activity" : "walking",
      "group" : "walking",
      "manual" : false,
      "startTime" : "20150520T100844+0900",
      "endTime" : "20150520T101949+0900",
      "duration" : 665.0,
      "distance" : 711.0,
      "steps" : 948,
      "calories" : 42
    }, {
      "activity" : "walking",
      "group" : "walking",
      "manual" : false,
      "startTime" : "20150520T110911+0900",
      "endTime" : "20150520T111011+0900",
      "duration" : 60.0,
      "distance" : 30.0,
      "steps" : 61,
      "calories" : 2
    }, {
      "activity" : "walking",
      "group" : "walking",
      "manual" : false,
      "startTime" : "20150520T120720+0900",
      "endTime" : "20150520T120938+0900",
      "duration" : 138.0,
      "distance" : 211.0,
      "steps" : 281,
      "calories" : 13
    } ],
    "lastUpdate" : "20150520T053716Z"
  }, {
    "type" : "move",
    "startTime" : "20150520T120945+0900",
    "endTime" : "20150520T121240+0900",
    "activities" : [ {
      "activity" : "cycling",
      "group" : "cycling",
      "manual" : false,
      "startTime" : "20150520T120945+0900",
      "endTime" : "20150520T121240+0900",
      "duration" : 175.0,
      "distance" : 971.0,
      "calories" : 25
    } ],
    "lastUpdate" : "20150520T053716Z"
  }, {
    "type" : "place",
    "startTime" : "20150520T121240+0900",
    "endTime" : "20150520T125020+0900",
    "activities" : [ {
      "activity" : "walking",
      "group" : "walking",
      "manual" : false,
      "startTime" : "20150520T121508+0900",
      "endTime" : "20150520T121811+0900",
      "duration" : 183.0,
      "distance" : 171.0,
      "steps" : 228,
      "calories" : 10
    } ],
    "lastUpdate" : "20150520T132842Z"
  }, {
    "type" : "move",
    "startTime" : "20150520T125020+0900",
    "endTime" : "20150520T125314+0900",
    "activities" : [ {
      "activity" : "cycling",
      "group" : "cycling",
      "manual" : false,
      "startTime" : "20150520T125020+0900",
      "endTime" : "20150520T125314+0900",
      "duration" : 174.0,
      "distance" : 870.0,
      "calories" : 23
    } ],
    "lastUpdate" : "20150520T132842Z"
  }, {
    "type" : "place",
    "startTime" : "20150520T125314+0900",
    "endTime" : "20150520T162449+0900",
    "activities" : [ {
      "activity" : "walking",
      "group" : "walking",
      "manual" : false,
      "startTime" : "20150520T125314+0900",
      "endTime" : "20150520T125424+0900",
      "duration" : 70.0,
      "distance" : 70.0,
      "steps" : 141,
      "calories" : 4
    }, {
      "activity" : "walking",
      "group" : "walking",
      "manual" : false,
      "startTime" : "20150520T143227+0900",
      "endTime" : "20150520T143629+0900",
      "duration" : 242.0,
      "distance" : 261.0,
      "steps" : 348,
      "calories" : 15
    }, {
      "activity" : "walking",
      "group" : "walking",
      "manual" : false,
      "startTime" : "20150520T155220+0900",
      "endTime" : "20150520T155250+0900",
      "duration" : 30.0,
      "distance" : 15.0,
      "steps" : 30,
      "calories" : 1
    }, {
      "activity" : "walking",
      "group" : "walking",
      "manual" : false,
      "startTime" : "20150520T161633+0900",
      "endTime" : "20150520T162103+0900",
      "duration" : 270.0,
      "distance" : 244.0,
      "steps" : 325,
      "calories" : 14
    } ],
    "lastUpdate" : "20150520T132842Z"
  }, {
    "type" : "move",
    "startTime" : "20150520T162449+0900",
    "endTime" : "20150520T162738+0900",
    "activities" : [ {
      "activity" : "cycling",
      "group" : "cycling",
      "manual" : false,
      "startTime" : "20150520T162449+0900",
      "endTime" : "20150520T162739+0900",
      "duration" : 170.0,
      "distance" : 856.0,
      "calories" : 22
    } ],
    "lastUpdate" : "20150520T132842Z"
  }, {
    "type" : "place",
    "startTime" : "20150520T162738+0900",
    "endTime" : "20150521T143807+0900",
    "activities" : [ {
      "activity" : "walking",
      "group" : "walking",
      "manual" : false,
      "startTime" : "20150520T162804+0900",
      "endTime" : "20150520T162834+0900",
      "duration" : 30.0,
      "distance" : 30.0,
      "steps" : 61,
      "calories" : 2
    } ],
    "lastUpdate" : "20150521T080949Z"
  } ],
  "caloriesIdle" : 1706,
  "lastUpdate" : "20150521T080949Z"
}, {
  "date" : "20150521",
  "summary" : [ {
    "activity" : "cycling",
    "group" : "cycling",
    "duration" : 338.0,
    "distance" : 1277.0,
    "calories" : 34
  }, {
    "activity" : "walking",
    "group" : "walking",
    "duration" : 1082.0,
    "distance" : 1450.0,
    "steps" : 1965,
    "calories" : 86
  }, {
    "activity" : "transport",
    "group" : "transport",
    "duration" : 512.0,
    "distance" : 352.0
  } ],
  "segments" : [ {
    "type" : "move",
    "startTime" : "20150521T143807+0900",
    "endTime" : "20150521T144227+0900",
    "activities" : [ {
      "activity" : "cycling",
      "group" : "cycling",
      "manual" : false,
      "startTime" : "20150521T143807+0900",
      "endTime" : "20150521T144144+0900",
      "duration" : 217.0,
      "distance" : 719.0,
      "calories" : 20
    }, {
      "activity" : "walking",
      "group" : "walking",
      "manual" : false,
      "startTime" : "20150521T144144+0900",
      "endTime" : "20150521T144228+0900",
      "duration" : 44.0,
      "distance" : 72.0,
      "steps" : 60,
      "calories" : 4
    } ],
    "lastUpdate" : "20150521T080949Z"
  }, {
    "type" : "place",
    "startTime" : "20150521T144227+0900",
    "endTime" : "20150521T175411+0900",
    "activities" : [ {
      "activity" : "walking",
      "group" : "walking",
      "manual" : false,
      "startTime" : "20150521T144227+0900",
      "endTime" : "20150521T144414+0900",
      "duration" : 107.0,
      "distance" : 100.0,
      "steps" : 201,
      "calories" : 6
    }, {
      "activity" : "walking",
      "group" : "walking",
      "manual" : false,
      "startTime" : "20150521T152557+0900",
      "endTime" : "20150521T152857+0900",
      "duration" : 180.0,
      "distance" : 236.0,
      "steps" : 314,
      "calories" : 14
    }, {
      "activity" : "walking",
      "group" : "walking",
      "manual" : false,
      "startTime" : "20150521T161006+0900",
      "endTime" : "20150521T161206+0900",
      "duration" : 120.0,
      "distance" : 167.0,
      "steps" : 223,
      "calories" : 10
    }, {
      "activity" : "walking",
      "group" : "walking",
      "manual" : false,
      "startTime" : "20150521T170328+0900",
      "endTime" : "20150521T171329+0900",
      "duration" : 601.0,
      "distance" : 860.0,
      "steps" : 1147,
      "calories" : 51
    } ],
    "lastUpdate" : "20150521T094207Z"
  }, {
    "type" : "move",
    "startTime" : "20150521T175411+0900",
    "endTime" : "20150521T180444+0900",
    "activities" : [ {
      "activity" : "cycling",
      "group" : "cycling",
      "manual" : false,
      "startTime" : "20150521T175411+0900",
      "endTime" : "20150521T175612+0900",
      "duration" : 121.0,
      "distance" : 558.0,
      "calories" : 15
    }, {
      "activity" : "transport",
      "group" : "transport",
      "manual" : false,
      "startTime" : "20150521T175612+0900",
      "endTime" : "20150521T180444+0900",
      "duration" : 512.0,
      "distance" : 352.0
    } ],
    "lastUpdate" : "20150521T094207Z"
  }, {
    "type" : "place",
    "startTime" : "20150521T180444+0900",
    "endTime" : "20150522T125852+0900",
    "activities" : [ {
      "activity" : "walking",
      "group" : "walking",
      "manual" : false,
      "startTime" : "20150521T181419+0900",
      "endTime" : "20150521T181449+0900",
      "duration" : 30.0,
      "distance" : 15.0,
      "steps" : 20,
      "calories" : 1
    } ],
    "lastUpdate" : "20150522T055704Z"
  } ],
  "caloriesIdle" : 1706,
  "lastUpdate" : "20150522T055704Z"
}, {
  "date" : "20150522",
  "summary" : [ {
    "activity" : "cycling",
    "group" : "cycling",
    "duration" : 230.0,
    "distance" : 1064.0,
    "calories" : 28
  }, {
    "activity" : "walking",
    "group" : "walking",
    "duration" : 1466.0,
    "distance" : 1995.0,
    "steps" : 2317,
    "calories" : 118
  }, {
    "activity" : "transport",
    "group" : "transport",
    "duration" : 217.0,
    "distance" : 829.0
  } ],
  "segments" : [ {
    "type" : "move",
    "startTime" : "20150522T125852+0900",
    "endTime" : "20150522T130241+0900",
    "activities" : [ {
      "activity" : "cycling",
      "group" : "cycling",
      "manual" : false,
      "startTime" : "20150522T125852+0900",
      "endTime" : "20150522T130242+0900",
      "duration" : 230.0,
      "distance" : 1064.0,
      "calories" : 28
    } ],
    "lastUpdate" : "20150522T055704Z"
  }, {
    "type" : "place",
    "startTime" : "20150522T130241+0900",
    "endTime" : "20150522T161705+0900",
    "activities" : [ {
      "activity" : "walking",
      "group" : "walking",
      "manual" : false,
      "startTime" : "20150522T130241+0900",
      "endTime" : "20150522T130259+0900",
      "duration" : 18.0,
      "distance" : 15.0,
      "steps" : 30,
      "calories" : 1
    }, {
      "activity" : "walking",
      "group" : "walking",
      "manual" : false,
      "startTime" : "20150522T141849+0900",
      "endTime" : "20150522T142750+0900",
      "duration" : 541.0,
      "distance" : 685.0,
      "steps" : 913,
      "calories" : 41
    }, {
      "activity" : "walking",
      "group" : "walking",
      "manual" : false,
      "startTime" : "20150522T160344+0900",
      "endTime" : "20150522T160744+0900",
      "duration" : 240.0,
      "distance" : 251.0,
      "steps" : 334,
      "calories" : 15
    } ],
    "lastUpdate" : "20150522T104019Z"
  }, {
    "type" : "move",
    "startTime" : "20150522T161705+0900",
    "endTime" : "20150522T162208+0900",
    "activities" : [ {
      "activity" : "walking",
      "group" : "walking",
      "manual" : false,
      "startTime" : "20150522T161705+0900",
      "endTime" : "20150522T162209+0900",
      "duration" : 304.0,
      "distance" : 666.0,
      "steps" : 425,
      "calories" : 39
    } ],
    "lastUpdate" : "20150522T104019Z"
  }, {
    "type" : "place",
    "startTime" : "20150522T162208+0900",
    "endTime" : "20150522T175259+0900",
    "activities" : [ {
      "activity" : "walking",
      "group" : "walking",
      "manual" : false,
      "startTime" : "20150522T162252+0900",
      "endTime" : "20150522T162552+0900",
      "duration" : 180.0,
      "distance" : 213.0,
      "steps" : 284,
      "calories" : 13
    }, {
      "activity" : "walking",
      "group" : "walking",
      "manual" : false,
      "startTime" : "20150522T175022+0900",
      "endTime" : "20150522T175155+0900",
      "duration" : 93.0,
      "distance" : 89.0,
      "steps" : 179,
      "calories" : 5
    } ],
    "lastUpdate" : "20150522T104019Z"
  }, {
    "type" : "move",
    "startTime" : "20150522T175259+0900",
    "endTime" : "20150522T175636+0900",
    "activities" : [ {
      "activity" : "transport",
      "group" : "transport",
      "manual" : false,
      "startTime" : "20150522T175259+0900",
      "endTime" : "20150522T175636+0900",
      "duration" : 217.0,
      "distance" : 829.0
    } ],
    "lastUpdate" : "20150522T104019Z"
  }, {
    "type" : "place",
    "startTime" : "20150522T175636+0900",
    "endTime" : "20150523T084152+0900",
    "activities" : [ {
      "activity" : "walking",
      "group" : "walking",
      "manual" : false,
      "startTime" : "20150522T180326+0900",
      "endTime" : "20150522T180456+0900",
      "duration" : 90.0,
      "distance" : 76.0,
      "steps" : 152,
      "calories" : 5
    } ],
    "lastUpdate" : "20150523T020812Z"
  } ],
  "caloriesIdle" : 1706,
  "lastUpdate" : "20150523T020812Z"
}, {
  "date" : "20150523",
  "summary" : [ {
    "activity" : "walking",
    "group" : "walking",
    "duration" : 1989.0,
    "distance" : 1659.0,
    "steps" : 2703,
    "calories" : 98
  }, {
    "activity" : "cycling",
    "group" : "cycling",
    "duration" : 537.0,
    "distance" : 3134.0,
    "calories" : 81
  }, {
    "activity" : "transport",
    "group" : "transport",
    "duration" : 967.0,
    "distance" : 1827.0
  } ],
  "segments" : [ {
    "type" : "place",
    "startTime" : "20150522T175636+0900",
    "endTime" : "20150523T084152+0900",
    "activities" : [ {
      "activity" : "walking",
      "group" : "walking",
      "manual" : false,
      "startTime" : "20150523T074244+0900",
      "endTime" : "20150523T074314+0900",
      "duration" : 30.0,
      "distance" : 20.0,
      "steps" : 40,
      "calories" : 1
    }, {
      "activity" : "walking",
      "group" : "walking",
      "manual" : false,
      "startTime" : "20150523T080313+0900",
      "endTime" : "20150523T080443+0900",
      "duration" : 90.0,
      "distance" : 76.0,
      "steps" : 152,
      "calories" : 5
    } ],
    "lastUpdate" : "20150523T020812Z"
  }, {
    "type" : "move",
    "startTime" : "20150523T084152+0900",
    "endTime" : "20150523T084608+0900",
    "activities" : [ {
      "activity" : "cycling",
      "group" : "cycling",
      "manual" : false,
      "startTime" : "20150523T084152+0900",
      "endTime" : "20150523T084608+0900",
      "duration" : 256.0,
      "distance" : 1741.0,
      "calories" : 45
    } ],
    "lastUpdate" : "20150523T020812Z"
  }, {
    "type" : "place",
    "startTime" : "20150523T084608+0900",
    "endTime" : "20150523T114307+0900",
    "activities" : [ {
      "activity" : "walking",
      "group" : "walking",
      "manual" : false,
      "startTime" : "20150523T084658+0900",
      "endTime" : "20150523T084858+0900",
      "duration" : 120.0,
      "distance" : 137.0,
      "steps" : 183,
      "calories" : 8
    }, {
      "activity" : "walking",
      "group" : "walking",
      "manual" : false,
      "startTime" : "20150523T092852+0900",
      "endTime" : "20150523T092952+0900",
      "duration" : 60.0,
      "distance" : 45.0,
      "steps" : 91,
      "calories" : 3
    }, {
      "activity" : "walking",
      "group" : "walking",
      "manual" : false,
      "startTime" : "20150523T103048+0900",
      "endTime" : "20150523T103221+0900",
      "duration" : 93.0,
      "distance" : 75.0,
      "steps" : 149,
      "calories" : 4
    }, {
      "activity" : "walking",
      "group" : "walking",
      "manual" : false,
      "startTime" : "20150523T111325+0900",
      "endTime" : "20150523T111525+0900",
      "duration" : 120.0,
      "distance" : 66.0,
      "steps" : 132,
      "calories" : 4
    } ],
    "lastUpdate" : "20150523T051305Z"
  }, {
    "type" : "move",
    "startTime" : "20150523T114307+0900",
    "endTime" : "20150523T114835+0900",
    "activities" : [ {
      "activity" : "walking",
      "group" : "walking",
      "manual" : false,
      "startTime" : "20150523T114307+0900",
      "endTime" : "20150523T114835+0900",
      "duration" : 328.0,
      "distance" : 224.0,
      "steps" : 433,
      "calories" : 13
    } ],
    "lastUpdate" : "20150523T051305Z"
  }, {
    "type" : "move",
    "startTime" : "20150523T121006+0900",
    "endTime" : "20150523T121442+0900",
    "activities" : [ {
      "activity" : "walking",
      "group" : "walking",
      "manual" : false,
      "startTime" : "20150523T121006+0900",
      "endTime" : "20150523T121442+0900",
      "duration" : 276.0,
      "distance" : 259.0,
      "steps" : 405,
      "calories" : 15
    } ],
    "lastUpdate" : "20150523T051305Z"
  }, {
    "type" : "place",
    "startTime" : "20150523T121442+0900",
    "endTime" : "20150523T161322+0900",
    "activities" : [ {
      "activity" : "walking",
      "group" : "walking",
      "manual" : false,
      "startTime" : "20150523T121841+0900",
      "endTime" : "20150523T121941+0900",
      "duration" : 60.0,
      "distance" : 40.0,
      "steps" : 81,
      "calories" : 2
    }, {
      "activity" : "walking",
      "group" : "walking",
      "manual" : false,
      "startTime" : "20150523T130426+0900",
      "endTime" : "20150523T130726+0900",
      "duration" : 180.0,
      "distance" : 236.0,
      "steps" : 315,
      "calories" : 14
    }, {
      "activity" : "walking",
      "group" : "walking",
      "manual" : false,
      "startTime" : "20150523T142248+0900",
      "endTime" : "20150523T142348+0900",
      "duration" : 60.0,
      "distance" : 41.0,
      "steps" : 81,
      "calories" : 2
    }, {
      "activity" : "walking",
      "group" : "walking",
      "manual" : false,
      "startTime" : "20150523T152849+0900",
      "endTime" : "20150523T153019+0900",
      "duration" : 90.0,
      "distance" : 86.0,
      "steps" : 173,
      "calories" : 5
    }, {
      "activity" : "walking",
      "group" : "walking",
      "manual" : false,
      "startTime" : "20150523T160631+0900",
      "endTime" : "20150523T161403+0900",
      "duration" : 452.0,
      "distance" : 339.0,
      "steps" : 448,
      "calories" : 20
    } ],
    "lastUpdate" : "20150523T094858Z"
  }, {
    "type" : "move",
    "startTime" : "20150523T161322+0900",
    "endTime" : "20150523T163411+0900",
    "activities" : [ {
      "activity" : "cycling",
      "group" : "cycling",
      "manual" : false,
      "startTime" : "20150523T161322+0900",
      "endTime" : "20150523T161803+0900",
      "duration" : 281.0,
      "distance" : 1393.0,
      "calories" : 37
    }, {
      "activity" : "transport",
      "group" : "transport",
      "manual" : false,
      "startTime" : "20150523T161803+0900",
      "endTime" : "20150523T163410+0900",
      "duration" : 967.0,
      "distance" : 1827.0
    } ],
    "lastUpdate" : "20150523T094858Z"
  }, {
    "type" : "place",
    "startTime" : "20150523T163411+0900",
    "endTime" : "20150524T113655+0900",
    "activities" : [ {
      "activity" : "walking",
      "group" : "walking",
      "manual" : false,
      "startTime" : "20150523T165906+0900",
      "endTime" : "20150523T165936+0900",
      "duration" : 30.0,
      "distance" : 15.0,
      "steps" : 20,
      "calories" : 1
    } ],
    "lastUpdate" : "20150524T042003Z"
  } ],
  "caloriesIdle" : 1706,
  "lastUpdate" : "20150524T042003Z"
}, {
  "date" : "20150524",
  "summary" : [ {
    "activity" : "walking",
    "group" : "walking",
    "duration" : 2808.0,
    "distance" : 2518.0,
    "steps" : 3532,
    "calories" : 149
  }, {
    "activity" : "cycling",
    "group" : "cycling",
    "duration" : 1123.0,
    "distance" : 4425.0,
    "calories" : 119
  }, {
    "activity" : "transport",
    "group" : "transport",
    "duration" : 108.0,
    "distance" : 569.0
  } ],
  "segments" : [ {
    "type" : "place",
    "startTime" : "20150523T163411+0900",
    "endTime" : "20150524T113655+0900",
    "activities" : [ {
      "activity" : "walking",
      "group" : "walking",
      "manual" : false,
      "startTime" : "20150524T102908+0900",
      "endTime" : "20150524T102938+0900",
      "duration" : 30.0,
      "distance" : 15.0,
      "steps" : 30,
      "calories" : 1
    }, {
      "activity" : "walking",
      "group" : "walking",
      "manual" : false,
      "startTime" : "20150524T113404+0900",
      "endTime" : "20150524T120944+0900",
      "duration" : 2140.0,
      "distance" : 1903.0,
      "steps" : 2537,
      "calories" : 113
    } ],
    "lastUpdate" : "20150524T042003Z"
  }, {
    "type" : "move",
    "startTime" : "20150524T113655+0900",
    "endTime" : "20150524T114217+0900",
    "activities" : [ {
      "activity" : "cycling",
      "group" : "cycling",
      "manual" : false,
      "startTime" : "20150524T113655+0900",
      "endTime" : "20150524T114217+0900",
      "duration" : 322.0,
      "distance" : 1606.0,
      "calories" : 42
    } ],
    "lastUpdate" : "20150524T042003Z"
  }, {
    "type" : "place",
    "startTime" : "20150524T114217+0900",
    "endTime" : "20150524T140652+0900",
    "activities" : [ {
      "activity" : "walking",
      "group" : "walking",
      "manual" : false,
      "startTime" : "20150524T114217+0900",
      "endTime" : "20150524T114534+0900",
      "duration" : 197.0,
      "distance" : 156.0,
      "steps" : 208,
      "calories" : 9
    }, {
      "activity" : "walking",
      "group" : "walking",
      "manual" : false,
      "startTime" : "20150524T122954+0900",
      "endTime" : "20150524T123054+0900",
      "duration" : 60.0,
      "distance" : 36.0,
      "steps" : 71,
      "calories" : 2
    }, {
      "activity" : "walking",
      "group" : "walking",
      "manual" : false,
      "startTime" : "20150524T131341+0900",
      "endTime" : "20150524T131411+0900",
      "duration" : 30.0,
      "distance" : 25.0,
      "steps" : 51,
      "calories" : 1
    }, {
      "activity" : "walking",
      "group" : "walking",
      "manual" : false,
      "startTime" : "20150524T140303+0900",
      "endTime" : "20150524T140403+0900",
      "duration" : 60.0,
      "distance" : 56.0,
      "steps" : 112,
      "calories" : 3
    } ],
    "lastUpdate" : "20150524T053334Z"
  }, {
    "type" : "move",
    "startTime" : "20150524T140652+0900",
    "endTime" : "20150524T141236+0900",
    "activities" : [ {
      "activity" : "cycling",
      "group" : "cycling",
      "manual" : false,
      "startTime" : "20150524T140652+0900",
      "endTime" : "20150524T141236+0900",
      "duration" : 344.0,
      "distance" : 1317.0,
      "calories" : 35
    } ],
    "lastUpdate" : "20150524T053334Z"
  }, {
    "type" : "place",
    "startTime" : "20150524T141236+0900",
    "endTime" : "20150524T143930+0900",
    "activities" : [ {
      "activity" : "walking",
      "group" : "walking",
      "manual" : false,
      "startTime" : "20150524T141236+0900",
      "endTime" : "20150524T141404+0900",
      "duration" : 88.0,
      "distance" : 74.0,
      "steps" : 148,
      "calories" : 4
    } ],
    "lastUpdate" : "20150524T070325Z"
  }, {
    "type" : "move",
    "startTime" : "20150524T143930+0900",
    "endTime" : "20150524T144708+0900",
    "activities" : [ {
      "activity" : "cycling",
      "group" : "cycling",
      "manual" : false,
      "startTime" : "20150524T143930+0900",
      "endTime" : "20150524T144707+0900",
      "duration" : 457.0,
      "distance" : 1502.0,
      "calories" : 41
    } ],
    "lastUpdate" : "20150524T070325Z"
  }, {
    "type" : "place",
    "startTime" : "20150524T144708+0900",
    "endTime" : "20150524T145914+0900",
    "activities" : [ {
      "activity" : "walking",
      "group" : "walking",
      "manual" : false,
      "startTime" : "20150524T144708+0900",
      "endTime" : "20150524T144931+0900",
      "duration" : 143.0,
      "distance" : 197.0,
      "steps" : 263,
      "calories" : 12
    } ],
    "lastUpdate" : "20150524T070325Z"
  }, {
    "type" : "move",
    "startTime" : "20150524T145914+0900",
    "endTime" : "20150524T150101+0900",
    "activities" : [ {
      "activity" : "transport",
      "group" : "transport",
      "manual" : false,
      "startTime" : "20150524T145914+0900",
      "endTime" : "20150524T150102+0900",
      "duration" : 108.0,
      "distance" : 569.0
    } ],
    "lastUpdate" : "20150524T070325Z"
  }, {
    "type" : "place",
    "startTime" : "20150524T150102+0900",
    "endTime" : "20150525T125348+0900",
    "activities" : [ {
      "activity" : "walking",
      "group" : "walking",
      "manual" : false,
      "startTime" : "20150524T150202+0900",
      "endTime" : "20150524T150302+0900",
      "duration" : 60.0,
      "distance" : 56.0,
      "steps" : 112,
      "calories" : 3
    } ],
    "lastUpdate" : "20150525T073827Z"
  } ],
  "caloriesIdle" : 1706,
  "lastUpdate" : "20150525T073827Z"
} ]