[ {
  "date" : "20141110",
  "summary" : [ {
    "activity" : "walking",
    "group" : "walking",
    "duration" : 4641.0,
    "distance" : 5199.0,
    "steps" : 7338,
    "calories" : 309
  }, {
    "activity" : "transport",
    "group" : "transport",
    "duration" : 6527.0,
    "distance" : 78727.0
  }, {
    "activity" : "running",
    "group" : "running",
    "duration" : 129.0,
    "distance" : 210.0,
    "steps" : 300,
    "calories" : 16
  } ],
  "segments" : [ {
    "type" : "place",
    "startTime" : "20141108T213939+0900",
    "endTime" : "20141110T131635+0900",
    "activities" : [ {
      "activity" : "walking",
      "group" : "walking",
      "manual" : false,
      "startTime" : "20141110T110131+0900",
      "endTime" : "20141110T110301+0900",
      "duration" : 90.0,
      "distance" : 46.0,
      "steps" : 91,
      "calories" : 3
    }, {
      "activity" : "walking",
      "group" : "walking",
      "manual" : false,
      "startTime" : "20141110T130505+0900",
      "endTime" : "20141110T130656+0900",
      "duration" : 111.0,
      "distance" : 70.0,
      "steps" : 139,
      "calories" : 4
    } ],
    "lastUpdate" : "20141110T082558Z"
  }, {
    "type" : "move",
    "startTime" : "20141110T131636+0900",
    "endTime" : "20141110T143357+0900",
    "activities" : [ {
      "activity" : "running",
      "group" : "running",
      "manual" : false,
      "startTime" : "20141110T131636+0900",
      "endTime" : "20141110T131845+0900",
      "duration" : 129.0,
      "distance" : 210.0,
      "steps" : 300,
      "calories" : 16
    }, {
      "activity" : "transport",
      "group" : "transport",
      "manual" : false,
      "startTime" : "20141110T131845+0900",
      "endTime" : "20141110T132846+0900",
      "duration" : 601.0,
      "distance" : 2600.0
    }, {
      "activity" : "walking",
      "group" : "walking",
      "manual" : false,
      "startTime" : "20141110T132845+0900",
      "endTime" : "20141110T133245+0900",
      "duration" : 240.0,
      "distance" : 249.0,
      "steps" : 499,
      "calories" : 15
    }, {
      "activity" : "transport",
      "group" : "transport",
      "manual" : false,
      "startTime" : "20141110T133246+0900",
      "endTime" : "20141110T133916+0900",
      "duration" : 390.0,
      "distance" : 3046.0
    }, {
      "activity" : "walking",
      "group" : "walking",
      "manual" : false,
      "startTime" : "20141110T133916+0900",
      "endTime" : "20141110T134316+0900",
      "duration" : 240.0,
      "distance" : 291.0,
      "steps" : 583,
      "calories" : 17
    }, {
      "activity" : "transport",
      "group" : "transport",
      "manual" : false,
      "startTime" : "20141110T134316+0900",
      "endTime" : "20141110T141216+0900",
      "duration" : 1740.0,
      "distance" : 27877.0
    }, {
      "activity" : "walking",
      "group" : "walking",
      "manual" : false,
      "startTime" : "20141110T141215+0900",
      "endTime" : "20141110T141445+0900",
      "duration" : 150.0,
      "distance" : 133.0,
      "steps" : 266,
      "calories" : 8
    }, {
      "activity" : "transport",
      "group" : "transport",
      "manual" : false,
      "startTime" : "20141110T141446+0900",
      "endTime" : "20141110T142543+0900",
      "duration" : 657.0,
      "distance" : 5790.0
    }, {
      "activity" : "walking",
      "group" : "walking",
      "manual" : false,
      "startTime" : "20141110T142542+0900",
      "endTime" : "20141110T143357+0900",
      "duration" : 495.0,
      "distance" : 1115.0,
      "steps" : 929,
      "calories" : 66
    } ],
    "lastUpdate" : "20141110T082558Z"
  }, {
    "type" : "place",
    "startTime" : "20141110T143357+0900",
    "endTime" : "20141110T210230+0900",
    "activities" : [ {
      "activity" : "walking",
      "group" : "walking",
      "manual" : false,
      "startTime" : "20141110T143819+0900",
      "endTime" : "20141110T144049+0900",
      "duration" : 150.0,
      "distance" : 122.0,
      "steps" : 162,
      "calories" : 7
    }, {
      "activity" : "walking",
      "group" : "walking",
      "manual" : false,
      "startTime" : "20141110T155814+0900",
      "endTime" : "20141110T155919+0900",
      "duration" : 65.0,
      "distance" : 50.0,
      "steps" : 100,
      "calories" : 3
    }, {
      "activity" : "walking",
      "group" : "walking",
      "manual" : false,
      "startTime" : "20141110T160220+0900",
      "endTime" : "20141110T160750+0900",
      "duration" : 330.0,
      "distance" : 304.0,
      "steps" : 406,
      "calories" : 18
    }, {
      "activity" : "walking",
      "group" : "walking",
      "manual" : false,
      "startTime" : "20141110T170901+0900",
      "endTime" : "20141110T171301+0900",
      "duration" : 240.0,
      "distance" : 320.0,
      "steps" : 427,
      "calories" : 19
    }, {
      "activity" : "walking",
      "group" : "walking",
      "manual" : false,
      "startTime" : "20141110T180117+0900",
      "endTime" : "20141110T181251+0900",
      "duration" : 694.0,
      "distance" : 612.0,
      "steps" : 815,
      "calories" : 36
    }, {
      "activity" : "walking",
      "group" : "walking",
      "manual" : false,
      "startTime" : "20141110T194432+0900",
      "endTime" : "20141110T194502+0900",
      "duration" : 30.0,
      "distance" : 15.0,
      "steps" : 20,
      "calories" : 1
    }, {
      "activity" : "walking",
      "group" : "walking",
      "manual" : false,
      "startTime" : "20141110T204944+0900",
      "endTime" : "20141110T205214+0900",
      "duration" : 150.0,
      "distance" : 190.0,
      "steps" : 254,
      "calories" : 11
    } ],
    "lastUpdate" : "20141110T161021Z"
  }, {
    "type" : "move",
    "startTime" : "20141110T210230+0900",
    "endTime" : "20141110T215556+0900",
    "activities" : [ {
      "activity" : "walking",
      "group" : "walking",
      "manual" : false,
      "startTime" : "20141110T210230+0900",
      "endTime" : "20141110T211421+0900",
      "duration" : 711.0,
      "distance" : 756.0,
      "steps" : 1108,
      "calories" : 45
    }, {
      "activity" : "transport",
      "group" : "transport",
      "manual" : false,
      "startTime" : "20141110T211422+0900",
      "endTime" : "20141110T212153+0900",
      "duration" : 451.0,
      "distance" : 5737.0
    }, {
      "activity" : "walking",
      "group" : "walking",
      "manual" : false,
      "startTime" : "20141110T212152+0900",
      "endTime" : "20141110T212352+0900",
      "duration" : 120.0,
      "distance" : 92.0,
      "steps" : 184,
      "calories" : 5
    }, {
      "activity" : "transport",
      "group" : "transport",
      "manual" : false,
      "startTime" : "20141110T212352+0900",
      "endTime" : "20141110T215354+0900",
      "duration" : 1802.0,
      "distance" : 28019.0
    }, {
      "activity" : "walking",
      "group" : "walking",
      "manual" : false,
      "startTime" : "20141110T215354+0900",
      "endTime" : "20141110T215556+0900",
      "duration" : 122.0,
      "distance" : 135.0,
      "steps" : 168,
      "calories" : 8
    } ],
    "lastUpdate" : "20141110T161021Z"
  }, {
    "type" : "place",
    "startTime" : "20141110T215556+0900",
    "endTime" : "20141110T220413+0900",
    "activities" : [ {
      "activity" : "walking",
      "group" : "walking",
      "manual" : false,
      "startTime" : "20141110T215725+0900",
      "endTime" : "20141110T215925+0900",
      "duration" : 120.0,
      "distance" : 138.0,
      "steps" : 183,
      "calories" : 8
    } ],
    "lastUpdate" : "20141110T161021Z"
  }, {
    "type" : "move",
    "startTime" : "20141110T220413+0900",
    "endTime" : "20141110T222811+0900",
    "activities" : [ {
      "activity" : "transport",
      "group" : "transport",
      "manual" : false,
      "startTime" : "20141110T220413+0900",
      "endTime" : "20141110T221022+0900",
      "duration" : 369.0,
      "distance" : 2883.0
    }, {
      "activity" : "walking",
      "group" : "walking",
      "manual" : false,
      "startTime" : "20141110T221021+0900",
      "endTime" : "20141110T221451+0900",
      "duration" : 270.0,
      "distance" : 267.0,
      "steps" : 535,
      "calories" : 16
    }, {
      "activity" : "transport",
      "group" : "transport",
      "manual" : false,
      "startTime" : "20141110T221451+0900",
      "endTime" : "20141110T222328+0900",
      "duration" : 517.0,
      "distance" : 2775.0
    }, {
      "activity" : "walking",
      "group" : "walking",
      "manual" : false,
      "startTime" : "20141110T222328+0900",
      "endTime" : "20141110T222811+0900",
      "duration" : 283.0,
      "distance" : 274.0,
      "steps" : 429,
      "calories" : 16
    } ],
    "lastUpdate" : "20141110T161021Z"
  }, {
    "type" : "place",
    "startTime" : "20141110T222811+0900",
    "endTime" : "20141111T115244+0900",
    "activities" : [ {
      "activity" : "walking",
      "group" : "walking",
      "manual" : false,
      "startTime" : "20141110T223159+0900",
      "endTime" : "20141110T223229+0900",
      "duration" : 30.0,
      "distance" : 20.0,
      "steps" : 40,
      "calories" : 1
    } ],
    "lastUpdate" : "20141111T062200Z"
  } ],
  "caloriesIdle" : 1711,
  "lastUpdate" : "20141111T062200Z"
}, {
  "date" : "20141111",
  "summary" : [ {
    "activity" : "walking",
    "group" : "walking",
    "duration" : 4356.0,
    "distance" : 5340.0,
    "steps" : 7769,
    "calories" : 317
  }, {
    "activity" : "transport",
    "group" : "transport",
    "duration" : 11663.0,
    "distance" : 122867.0
  }, {
    "activity" : "running",
    "group" : "running",
    "duration" : 120.0,
    "distance" : 255.0,
    "steps" : 298,
    "calories" : 19
  } ],
  "segments" : [ {
    "type" : "place",
    "startTime" : "20141110T222811+0900",
    "endTime" : "20141111T115244+0900",
    "activities" : [ {
      "activity" : "walking",
      "group" : "walking",
      "manual" : false,
      "startTime" : "20141111T104337+0900",
      "endTime" : "20141111T104407+0900",
      "duration" : 30.0,
      "distance" : 15.0,
      "steps" : 20,
      "calories" : 1
    } ],
    "lastUpdate" : "20141111T062200Z"
  }, {
    "type" : "move",
    "startTime" : "20141111T115244+0900",
    "endTime" : "20141111T125314+0900",
    "activities" : [ {
      "activity" : "walking",
      "group" : "walking",
      "manual" : false,
      "startTime" : "20141111T115244+0900",
      "endTime" : "20141111T115625+0900",
      "duration" : 221.0,
      "distance" : 261.0,
      "steps" : 422,
      "calories" : 16
    }, {
      "activity" : "transport",
      "group" : "transport",
      "manual" : false,
      "startTime" : "20141111T115625+0900",
      "endTime" : "20141111T120526+0900",
      "duration" : 541.0,
      "distance" : 2535.0
    }, {
      "activity" : "walking",
      "group" : "walking",
      "manual" : false,
      "startTime" : "20141111T120526+0900",
      "endTime" : "20141111T120856+0900",
      "duration" : 210.0,
      "distance" : 219.0,
      "steps" : 430,
      "calories" : 13
    }, {
      "activity" : "transport",
      "group" : "transport",
      "manual" : false,
      "startTime" : "20141111T120856+0900",
      "endTime" : "20141111T121733+0900",
      "duration" : 517.0,
      "distance" : 3012.0
    }, {
      "activity" : "running",
      "group" : "running",
      "manual" : false,
      "startTime" : "20141111T121733+0900",
      "endTime" : "20141111T121933+0900",
      "duration" : 120.0,
      "distance" : 255.0,
      "steps" : 298,
      "calories" : 19
    }, {
      "activity" : "transport",
      "group" : "transport",
      "manual" : false,
      "startTime" : "20141111T121933+0900",
      "endTime" : "20141111T125314+0900",
      "duration" : 2021.0,
      "distance" : 27859.0
    } ],
    "lastUpdate" : "20141111T062200Z"
  }, {
    "type" : "place",
    "startTime" : "20141111T125314+0900",
    "endTime" : "20141111T130935+0900",
    "activities" : [ {
      "activity" : "walking",
      "group" : "walking",
      "manual" : false,
      "startTime" : "20141111T125314+0900",
      "endTime" : "20141111T125423+0900",
      "duration" : 69.0,
      "distance" : 66.0,
      "steps" : 131,
      "calories" : 4
    } ],
    "lastUpdate" : "20141111T062200Z"
  }, {
    "type" : "move",
    "startTime" : "20141111T130935+0900",
    "endTime" : "20141111T132349+0900",
    "activities" : [ {
      "activity" : "transport",
      "group" : "transport",
      "manual" : false,
      "startTime" : "20141111T130935+0900",
      "endTime" : "20141111T131648+0900",
      "duration" : 433.0,
      "distance" : 5671.0
    }, {
      "activity" : "walking",
      "group" : "walking",
      "manual" : false,
      "startTime" : "20141111T131648+0900",
      "endTime" : "20141111T132349+0900",
      "duration" : 421.0,
      "distance" : 781.0,
      "steps" : 880,
      "calories" : 46
    } ],
    "lastUpdate" : "20141111T062200Z"
  }, {
    "type" : "place",
    "startTime" : "20141111T132349+0900",
    "endTime" : "20141111T174913+0900",
    "activities" : [ {
      "activity" : "walking",
      "group" : "walking",
      "manual" : false,
      "startTime" : "20141111T132349+0900",
      "endTime" : "20141111T132449+0900",
      "duration" : 60.0,
      "distance" : 46.0,
      "steps" : 91,
      "calories" : 3
    }, {
      "activity" : "walking",
      "group" : "walking",
      "manual" : false,
      "startTime" : "20141111T142155+0900",
      "endTime" : "20141111T142355+0900",
      "duration" : 120.0,
      "distance" : 175.0,
      "steps" : 233,
      "calories" : 10
    }, {
      "activity" : "walking",
      "group" : "walking",
      "manual" : false,
      "startTime" : "20141111T152743+0900",
      "endTime" : "20141111T153013+0900",
      "duration" : 150.0,
      "distance" : 129.0,
      "steps" : 172,
      "calories" : 8
    }, {
      "activity" : "walking",
      "group" : "walking",
      "manual" : false,
      "startTime" : "20141111T171708+0900",
      "endTime" : "20141111T172208+0900",
      "duration" : 300.0,
      "distance" : 319.0,
      "steps" : 425,
      "calories" : 19
    } ],
    "lastUpdate" : "20141111T123058Z"
  }, {
    "type" : "move",
    "startTime" : "20141111T174913+0900",
    "endTime" : "20141111T192740+0900",
    "activities" : [ {
      "activity" : "walking",
      "group" : "walking",
      "manual" : false,
      "startTime" : "20141111T174913+0900",
      "endTime" : "20141111T180246+0900",
      "duration" : 813.0,
      "distance" : 902.0,
      "steps" : 1333,
      "calories" : 54
    }, {
      "activity" : "transport",
      "group" : "transport",
      "manual" : false,
      "startTime" : "20141111T180246+0900",
      "endTime" : "20141111T181823+0900",
      "duration" : 937.0,
      "distance" : 10985.0
    }, {
      "activity" : "walking",
      "group" : "walking",
      "manual" : false,
      "startTime" : "20141111T181823+0900",
      "endTime" : "20141111T182123+0900",
      "duration" : 180.0,
      "distance" : 162.0,
      "steps" : 325,
      "calories" : 10
    }, {
      "activity" : "transport",
      "group" : "transport",
      "manual" : false,
      "startTime" : "20141111T182123+0900",
      "endTime" : "20141111T185537+0900",
      "duration" : 2054.0,
      "distance" : 21867.0
    }, {
      "activity" : "walking",
      "group" : "walking",
      "manual" : false,
      "startTime" : "20141111T185537+0900",
      "endTime" : "20141111T190008+0900",
      "duration" : 271.0,
      "distance" : 351.0,
      "steps" : 535,
      "calories" : 21
    }, {
      "activity" : "transport",
      "group" : "transport",
      "manual" : false,
      "startTime" : "20141111T190007+0900",
      "endTime" : "20141111T191638+0900",
      "duration" : 991.0,
      "distance" : 9814.0
    }, {
      "activity" : "walking",
      "group" : "walking",
      "manual" : false,
      "startTime" : "20141111T191639+0900",
      "endTime" : "20141111T192740+0900",
      "duration" : 661.0,
      "distance" : 1014.0,
      "steps" : 1281,
      "calories" : 60
    } ],
    "lastUpdate" : "20141111T123058Z"
  }, {
    "type" : "move",
    "startTime" : "20141111T213728+0900",
    "endTime" : "20141111T230106+0900",
    "activities" : [ {
      "activity" : "transport",
      "group" : "transport",
      "manual" : false,
      "startTime" : "20141111T213728+0900",
      "endTime" : "20141111T215818+0900",
      "duration" : 1250.0,
      "distance" : 10791.0
    }, {
      "activity" : "walking",
      "group" : "walking",
      "manual" : false,
      "startTime" : "20141111T215817+0900",
      "endTime" : "20141111T220148+0900",
      "duration" : 211.0,
      "distance" : 237.0,
      "steps" : 433,
      "calories" : 14
    }, {
      "activity" : "transport",
      "group" : "transport",
      "manual" : false,
      "startTime" : "20141111T220147+0900",
      "endTime" : "20141111T224456+0900",
      "duration" : 2589.0,
      "distance" : 27774.0
    }, {
      "activity" : "walking",
      "group" : "walking",
      "manual" : false,
      "startTime" : "20141111T224456+0900",
      "endTime" : "20141111T224926+0900",
      "duration" : 270.0,
      "distance" : 355.0,
      "steps" : 512,
      "calories" : 21
    }, {
      "activity" : "transport",
      "group" : "transport",
      "manual" : false,
      "startTime" : "20141111T224926+0900",
      "endTime" : "20141111T225456+0900",
      "duration" : 330.0,
      "distance" : 2559.0
    }, {
      "activity" : "walking",
      "group" : "walking",
      "manual" : false,
      "startTime" : "20141111T225457+0900",
      "endTime" : "20141111T230106+0900",
      "duration" : 369.0,
      "distance" : 308.0,
      "steps" : 546,
      "calories" : 18
    } ],
    "lastUpdate" : "20141111T153827Z"
  } ],
  "caloriesIdle" : 1711,
  "lastUpdate" : "20141112T054230Z"
}, {
  "date" : "20141112",
  "summary" : [ {
    "activity" : "walking",
    "group" : "walking",
    "duration" : 7049.0,
    "distance" : 8538.0,
    "steps" : 12765,
    "calories" : 507
  }, {
    "activity" : "transport",
    "group" : "transport",
    "duration" : 10706.0,
    "distance" : 123714.0
  }, {
    "activity" : "running",
    "group" : "running",
    "duration" : 151.0,
    "distance" : 372.0,
    "steps" : 370,
    "calories" : 27
  } ],
  "segments" : [ {
    "type" : "move",
    "startTime" : "20141112T091555+0900",
    "endTime" : "20141112T101440+0900",
    "activities" : [ {
      "activity" : "walking",
      "group" : "walking",
      "manual" : false,
      "startTime" : "20141112T091555+0900",
      "endTime" : "20141112T091929+0900",
      "duration" : 214.0,
      "distance" : 421.0,
      "steps" : 515,
      "calories" : 25
    }, {
      "activity" : "transport",
      "group" : "transport",
      "manual" : false,
      "startTime" : "20141112T091929+0900",
      "endTime" : "20141112T092900+0900",
      "duration" : 571.0,
      "distance" : 2545.0
    }, {
      "activity" : "walking",
      "group" : "walking",
      "manual" : false,
      "startTime" : "20141112T092900+0900",
      "endTime" : "20141112T093230+0900",
      "duration" : 210.0,
      "distance" : 226.0,
      "steps" : 451,
      "calories" : 13
    }, {
      "activity" : "transport",
      "group" : "transport",
      "manual" : false,
      "startTime" : "20141112T093230+0900",
      "endTime" : "20141112T093800+0900",
      "duration" : 330.0,
      "distance" : 2770.0
    }, {
      "activity" : "walking",
      "group" : "walking",
      "manual" : false,
      "startTime" : "20141112T093800+0900",
      "endTime" : "20141112T094130+0900",
      "duration" : 210.0,
      "distance" : 223.0,
      "steps" : 446,
      "calories" : 13
    }, {
      "activity" : "transport",
      "group" : "transport",
      "manual" : false,
      "startTime" : "20141112T094130+0900",
      "endTime" : "20141112T101200+0900",
      "duration" : 1830.0,
      "distance" : 27090.0
    }, {
      "activity" : "walking",
      "group" : "walking",
      "manual" : false,
      "startTime" : "20141112T101159+0900",
      "endTime" : "20141112T101439+0900",
      "duration" : 160.0,
      "distance" : 164.0,
      "steps" : 328,
      "calories" : 10
    } ],
    "lastUpdate" : "20141112T054230Z"
  }, {
    "type" : "move",
    "startTime" : "20141112T101925+0900",
    "endTime" : "20141112T103738+0900",
    "activities" : [ {
      "activity" : "transport",
      "group" : "transport",
      "manual" : false,
      "startTime" : "20141112T101925+0900",
      "endTime" : "20141112T102636+0900",
      "duration" : 431.0,
      "distance" : 5680.0
    }, {
      "activity" : "walking",
      "group" : "walking",
      "manual" : false,
      "startTime" : "20141112T102636+0900",
      "endTime" : "20141112T103737+0900",
      "duration" : 661.0,
      "distance" : 831.0,
      "steps" : 1368,
      "calories" : 49
    } ],
    "lastUpdate" : "20141112T054230Z"
  }, {
    "type" : "place",
    "startTime" : "20141112T103738+0900",
    "endTime" : "20141112T144101+0900",
    "activities" : [ {
      "activity" : "walking",
      "group" : "walking",
      "manual" : false,
      "startTime" : "20141112T104007+0900",
      "endTime" : "20141112T104040+0900",
      "duration" : 33.0,
      "distance" : 34.0,
      "steps" : 68,
      "calories" : 2
    }, {
      "activity" : "walking",
      "group" : "walking",
      "manual" : false,
      "startTime" : "20141112T120832+0900",
      "endTime" : "20141112T121350+0900",
      "duration" : 318.0,
      "distance" : 367.0,
      "steps" : 490,
      "calories" : 22
    }, {
      "activity" : "walking",
      "group" : "walking",
      "manual" : false,
      "startTime" : "20141112T142841+0900",
      "endTime" : "20141112T143341+0900",
      "duration" : 300.0,
      "distance" : 334.0,
      "steps" : 446,
      "calories" : 20
    } ],
    "lastUpdate" : "20141112T072941Z"
  }, {
    "type" : "move",
    "startTime" : "20141112T144101+0900",
    "endTime" : "20141112T145416+0900",
    "activities" : [ {
      "activity" : "walking",
      "group" : "walking",
      "manual" : false,
      "startTime" : "20141112T144101+0900",
      "endTime" : "20141112T145416+0900",
      "duration" : 795.0,
      "distance" : 873.0,
      "steps" : 1276,
      "calories" : 52
    } ],
    "lastUpdate" : "20141112T072941Z"
  }, {
    "type" : "move",
    "startTime" : "20141112T154420+0900",
    "endTime" : "20141112T155655+0900",
    "activities" : [ {
      "activity" : "walking",
      "group" : "walking",
      "manual" : false,
      "startTime" : "20141112T154420+0900",
      "endTime" : "20141112T155656+0900",
      "duration" : 756.0,
      "distance" : 872.0,
      "steps" : 1340,
      "calories" : 52
    } ],
    "lastUpdate" : "20141112T072941Z"
  }, {
    "type" : "place",
    "startTime" : "20141112T155655+0900",
    "endTime" : "20141112T163150+0900",
    "activities" : [ {
      "activity" : "walking",
      "group" : "walking",
      "manual" : false,
      "startTime" : "20141112T161831+0900",
      "endTime" : "20141112T162001+0900",
      "duration" : 90.0,
      "distance" : 71.0,
      "steps" : 143,
      "calories" : 4
    } ],
    "lastUpdate" : "20141112T093759Z"
  }, {
    "type" : "move",
    "startTime" : "20141112T163150+0900",
    "endTime" : "20141112T164159+0900",
    "activities" : [ {
      "activity" : "walking",
      "group" : "walking",
      "manual" : false,
      "startTime" : "20141112T163150+0900",
      "endTime" : "20141112T164159+0900",
      "duration" : 609.0,
      "distance" : 731.0,
      "steps" : 1042,
      "calories" : 43
    } ],
    "lastUpdate" : "20141112T093759Z"
  }, {
    "type" : "place",
    "startTime" : "20141112T164159+0900",
    "endTime" : "20141112T174942+0900",
    "activities" : [ {
      "activity" : "walking",
      "group" : "walking",
      "manual" : false,
      "startTime" : "20141112T172309+0900",
      "endTime" : "20141112T172439+0900",
      "duration" : 90.0,
      "distance" : 45.0,
      "steps" : 81,
      "calories" : 3
    } ],
    "lastUpdate" : "20141112T113831Z"
  }, {
    "type" : "move",
    "startTime" : "20141112T174942+0900",
    "endTime" : "20141112T192637+0900",
    "activities" : [ {
      "activity" : "walking",
      "group" : "walking",
      "manual" : false,
      "startTime" : "20141112T174942+0900",
      "endTime" : "20141112T175747+0900",
      "duration" : 485.0,
      "distance" : 788.0,
      "steps" : 1057,
      "calories" : 47
    }, {
      "activity" : "running",
      "group" : "running",
      "manual" : false,
      "startTime" : "20141112T175747+0900",
      "endTime" : "20141112T180018+0900",
      "duration" : 151.0,
      "distance" : 372.0,
      "steps" : 370,
      "calories" : 27
    }, {
      "activity" : "walking",
      "group" : "walking",
      "manual" : false,
      "startTime" : "20141112T180018+0900",
      "endTime" : "20141112T180517+0900",
      "duration" : 299.0,
      "distance" : 205.0,
      "steps" : 410,
      "calories" : 12
    }, {
      "activity" : "transport",
      "group" : "transport",
      "manual" : false,
      "startTime" : "20141112T180517+0900",
      "endTime" : "20141112T185513+0900",
      "duration" : 2996.0,
      "distance" : 33224.0
    }, {
      "activity" : "walking",
      "group" : "walking",
      "manual" : false,
      "startTime" : "20141112T185513+0900",
      "endTime" : "20141112T190014+0900",
      "duration" : 301.0,
      "distance" : 361.0,
      "steps" : 503,
      "calories" : 21
    }, {
      "activity" : "transport",
      "group" : "transport",
      "manual" : false,
      "startTime" : "20141112T190013+0900",
      "endTime" : "20141112T191444+0900",
      "duration" : 871.0,
      "distance" : 9978.0
    }, {
      "activity" : "walking",
      "group" : "walking",
      "manual" : false,
      "startTime" : "20141112T191444+0900",
      "endTime" : "20141112T192637+0900",
      "duration" : 713.0,
      "distance" : 908.0,
      "steps" : 1296,
      "calories" : 54
    } ],
    "lastUpdate" : "20141112T113831Z"
  }, {
    "type" : "move",
    "startTime" : "20141112T213746+0900",
    "endTime" : "20141112T220138+0900",
    "activities" : [ {
      "activity" : "transport",
      "group" : "transport",
      "manual" : false,
      "startTime" : "20141112T213746+0900",
      "endTime" : "20141112T214023+0900",
      "duration" : 157.0,
      "distance" : 922.0
    }, {
      "activity" : "walking",
      "group" : "walking",
      "manual" : false,
      "startTime" : "20141112T214023+0900",
      "endTime" : "20141112T214223+0900",
      "duration" : 120.0,
      "distance" : 96.0,
      "steps" : 193,
      "calories" : 6
    }, {
      "activity" : "transport",
      "group" : "transport",
      "manual" : false,
      "startTime" : "20141112T214223+0900",
      "endTime" : "20141112T215837+0900",
      "duration" : 974.0,
      "distance" : 9778.0
    }, {
      "activity" : "walking",
      "group" : "walking",
      "manual" : false,
      "startTime" : "20141112T215837+0900",
      "endTime" : "20141112T220138+0900",
      "duration" : 181.0,
      "distance" : 227.0,
      "steps" : 368,
      "calories" : 13
    } ],
    "lastUpdate" : "20141112T142524Z"
  }, {
    "type" : "move",
    "startTime" : "20141112T220702+0900",
    "endTime" : "20141112T225552+0900",
    "activities" : [ {
      "activity" : "transport",
      "group" : "transport",
      "manual" : false,
      "startTime" : "20141112T220702+0900",
      "endTime" : "20141112T224410+0900",
      "duration" : 2228.0,
      "distance" : 27764.0
    }, {
      "activity" : "walking",
      "group" : "walking",
      "manual" : false,
      "startTime" : "20141112T224410+0900",
      "endTime" : "20141112T224810+0900",
      "duration" : 240.0,
      "distance" : 290.0,
      "steps" : 472,
      "calories" : 17
    }, {
      "activity" : "transport",
      "group" : "transport",
      "manual" : false,
      "startTime" : "20141112T224810+0900",
      "endTime" : "20141112T225328+0900",
      "duration" : 318.0,
      "distance" : 3963.0
    }, {
      "activity" : "walking",
      "group" : "walking",
      "manual" : false,
      "startTime" : "20141112T225328+0900",
      "endTime" : "20141112T225552+0900",
      "duration" : 144.0,
      "distance" : 311.0,
      "steps" : 259,
      "calories" : 18
    } ],
    "lastUpdate" : "20141112T142524Z"
  }, {
    "type" : "place",
    "startTime" : "20141112T225552+0900",
    "endTime" : "20141113T082002+0900",
    "activities" : [ {
      "activity" : "walking",
      "group" : "walking",
      "manual" : false,
      "startTime" : "20141112T225716+0900",
      "endTime" : "20141112T225916+0900",
      "duration" : 120.0,
      "distance" : 160.0,
      "steps" : 213,
      "calories" : 10
    } ],
    "lastUpdate" : "20141113T042340Z"
  } ],
  "caloriesIdle" : 1711,
  "lastUpdate" : "20141113T042340Z"
}, {
  "date" : "20141113",
  "summary" : [ {
    "activity" : "walking",
    "group" : "walking",
    "duration" : 4400.0,
    "distance" : 4782.0,
    "steps" : 7190,
    "calories" : 284
  }, {
    "activity" : "transport",
    "group" : "transport",
    "duration" : 6421.0,
    "distance" : 78276.0
  }, {
    "activity" : "running",
    "group" : "running",
    "duration" : 158.0,
    "distance" : 289.0,
    "steps" : 413,
    "calories" : 21
  } ],
  "segments" : [ {
    "type" : "place",
    "startTime" : "20141112T225552+0900",
    "endTime" : "20141113T082002+0900",
    "activities" : [ {
      "activity" : "walking",
      "group" : "walking",
      "manual" : false,
      "startTime" : "20141113T081910+0900",
      "endTime" : "20141113T082003+0900",
      "duration" : 53.0,
      "distance" : 40.0,
      "steps" : 80,
      "calories" : 2
    } ],
    "lastUpdate" : "20141113T042340Z"
  }, {
    "type" : "move",
    "startTime" : "20141113T082002+0900",
    "endTime" : "20141113T093823+0900",
    "activities" : [ {
      "activity" : "running",
      "group" : "running",
      "manual" : false,
      "startTime" : "20141113T082002+0900",
      "endTime" : "20141113T082240+0900",
      "duration" : 158.0,
      "distance" : 289.0,
      "steps" : 413,
      "calories" : 21
    }, {
      "activity" : "transport",
      "group" : "transport",
      "manual" : false,
      "startTime" : "20141113T082240+0900",
      "endTime" : "20141113T082817+0900",
      "duration" : 337.0,
      "distance" : 2476.0
    }, {
      "activity" : "walking",
      "group" : "walking",
      "manual" : false,
      "startTime" : "20141113T082817+0900",
      "endTime" : "20141113T083417+0900",
      "duration" : 360.0,
      "distance" : 341.0,
      "steps" : 611,
      "calories" : 20
    }, {
      "activity" : "transport",
      "group" : "transport",
      "manual" : false,
      "startTime" : "20141113T083417+0900",
      "endTime" : "20141113T084104+0900",
      "duration" : 407.0,
      "distance" : 2997.0
    }, {
      "activity" : "walking",
      "group" : "walking",
      "manual" : false,
      "startTime" : "20141113T084104+0900",
      "endTime" : "20141113T084523+0900",
      "duration" : 259.0,
      "distance" : 264.0,
      "steps" : 466,
      "calories" : 16
    }, {
      "activity" : "transport",
      "group" : "transport",
      "manual" : false,
      "startTime" : "20141113T084523+0900",
      "endTime" : "20141113T091639+0900",
      "duration" : 1876.0,
      "distance" : 27732.0
    }, {
      "activity" : "walking",
      "group" : "walking",
      "manual" : false,
      "startTime" : "20141113T091638+0900",
      "endTime" : "20141113T091908+0900",
      "duration" : 150.0,
      "distance" : 153.0,
      "steps" : 306,
      "calories" : 9
    }, {
      "activity" : "transport",
      "group" : "transport",
      "manual" : false,
      "startTime" : "20141113T091908+0900",
      "endTime" : "20141113T092815+0900",
      "duration" : 547.0,
      "distance" : 5663.0
    }, {
      "activity" : "walking",
      "group" : "walking",
      "manual" : false,
      "startTime" : "20141113T092815+0900",
      "endTime" : "20141113T093823+0900",
      "duration" : 608.0,
      "distance" : 647.0,
      "steps" : 1048,
      "calories" : 38
    } ],
    "lastUpdate" : "20141113T042340Z"
  }, {
    "type" : "place",
    "startTime" : "20141113T093823+0900",
    "endTime" : "20141113T120413+0900",
    "activities" : [ {
      "activity" : "walking",
      "group" : "walking",
      "manual" : false,
      "startTime" : "20141113T093946+0900",
      "endTime" : "20141113T094046+0900",
      "duration" : 60.0,
      "distance" : 61.0,
      "steps" : 122,
      "calories" : 4
    }, {
      "activity" : "walking",
      "group" : "walking",
      "manual" : false,
      "startTime" : "20141113T110427+0900",
      "endTime" : "20141113T110457+0900",
      "duration" : 30.0,
      "distance" : 25.0,
      "steps" : 51,
      "calories" : 1
    } ],
    "lastUpdate" : "20141113T042340Z"
  }, {
    "type" : "move",
    "startTime" : "20141113T120413+0900",
    "endTime" : "20141113T120927+0900",
    "activities" : [ {
      "activity" : "walking",
      "group" : "walking",
      "manual" : false,
      "startTime" : "20141113T120413+0900",
      "endTime" : "20141113T120928+0900",
      "duration" : 315.0,
      "distance" : 252.0,
      "steps" : 352,
      "calories" : 15
    } ],
    "lastUpdate" : "20141113T042340Z"
  }, {
    "type" : "place",
    "startTime" : "20141113T120927+0900",
    "endTime" : "20141113T195258+0900",
    "activities" : [ {
      "activity" : "walking",
      "group" : "walking",
      "manual" : false,
      "startTime" : "20141113T120949+0900",
      "endTime" : "20141113T121049+0900",
      "duration" : 60.0,
      "distance" : 56.0,
      "steps" : 111,
      "calories" : 3
    }, {
      "activity" : "walking",
      "group" : "walking",
      "manual" : false,
      "startTime" : "20141113T130139+0900",
      "endTime" : "20141113T130209+0900",
      "duration" : 30.0,
      "distance" : 25.0,
      "steps" : 51,
      "calories" : 1
    }, {
      "activity" : "walking",
      "group" : "walking",
      "manual" : false,
      "startTime" : "20141113T142424+0900",
      "endTime" : "20141113T143054+0900",
      "duration" : 390.0,
      "distance" : 426.0,
      "steps" : 568,
      "calories" : 25
    }, {
      "activity" : "walking",
      "group" : "walking",
      "manual" : false,
      "startTime" : "20141113T161420+0900",
      "endTime" : "20141113T161750+0900",
      "duration" : 210.0,
      "distance" : 229.0,
      "steps" : 305,
      "calories" : 14
    }, {
      "activity" : "walking",
      "group" : "walking",
      "manual" : false,
      "startTime" : "20141113T180113+0900",
      "endTime" : "20141113T180513+0900",
      "duration" : 240.0,
      "distance" : 320.0,
      "steps" : 427,
      "calories" : 19
    }, {
      "activity" : "walking",
      "group" : "walking",
      "manual" : false,
      "startTime" : "20141113T191550+0900",
      "endTime" : "20141113T191650+0900",
      "duration" : 60.0,
      "distance" : 46.0,
      "steps" : 91,
      "calories" : 3
    } ],
    "lastUpdate" : "20141113T150935Z"
  }, {
    "type" : "move",
    "startTime" : "20141113T195258+0900",
    "endTime" : "20141113T200000+0900",
    "activities" : [ {
      "activity" : "walking",
      "group" : "walking",
      "manual" : false,
      "startTime" : "20141113T195258+0900",
      "endTime" : "20141113T200001+0900",
      "duration" : 423.0,
      "distance" : 766.0,
      "steps" : 756,
      "calories" : 46
    } ],
    "lastUpdate" : "20141113T150935Z"
  }, {
    "type" : "place",
    "startTime" : "20141113T200000+0900",
    "endTime" : "20141113T200525+0900",
    "activities" : [ {
      "activity" : "walking",
      "group" : "walking",
      "manual" : false,
      "startTime" : "20141113T200129+0900",
      "endTime" : "20141113T200259+0900",
      "duration" : 90.0,
      "distance" : 81.0,
      "steps" : 162,
      "calories" : 5
    } ],
    "lastUpdate" : "20141113T150935Z"
  }, {
    "type" : "move",
    "startTime" : "20141113T200525+0900",
    "endTime" : "20141113T205009+0900",
    "activities" : [ {
      "activity" : "transport",
      "group" : "transport",
      "manual" : false,
      "startTime" : "20141113T200525+0900",
      "endTime" : "20141113T201230+0900",
      "duration" : 425.0,
      "distance" : 5874.0
    }, {
      "activity" : "walking",
      "group" : "walking",
      "manual" : false,
      "startTime" : "20141113T201230+0900",
      "endTime" : "20141113T201500+0900",
      "duration" : 150.0,
      "distance" : 101.0,
      "steps" : 203,
      "calories" : 6
    }, {
      "activity" : "transport",
      "group" : "transport",
      "manual" : false,
      "startTime" : "20141113T201500+0900",
      "endTime" : "20141113T204808+0900",
      "duration" : 1988.0,
      "distance" : 28029.0
    }, {
      "activity" : "walking",
      "group" : "walking",
      "manual" : false,
      "startTime" : "20141113T204808+0900",
      "endTime" : "20141113T205009+0900",
      "duration" : 121.0,
      "distance" : 63.0,
      "steps" : 126,
      "calories" : 4
    } ],
    "lastUpdate" : "20141113T150935Z"
  }, {
    "type" : "move",
    "startTime" : "20141113T205136+0900",
    "endTime" : "20141113T211847+0900",
    "activities" : [ {
      "activity" : "walking",
      "group" : "walking",
      "manual" : false,
      "startTime" : "20141113T205136+0900",
      "endTime" : "20141113T205338+0900",
      "duration" : 122.0,
      "distance" : 119.0,
      "steps" : 238,
      "calories" : 7
    }, {
      "activity" : "transport",
      "group" : "transport",
      "manual" : false,
      "startTime" : "20141113T205338+0900",
      "endTime" : "20141113T210209+0900",
      "duration" : 511.0,
      "distance" : 2979.0
    }, {
      "activity" : "walking",
      "group" : "walking",
      "manual" : false,
      "startTime" : "20141113T210208+0900",
      "endTime" : "20141113T210608+0900",
      "duration" : 240.0,
      "distance" : 265.0,
      "steps" : 530,
      "calories" : 16
    }, {
      "activity" : "transport",
      "group" : "transport",
      "manual" : false,
      "startTime" : "20141113T210608+0900",
      "endTime" : "20141113T211138+0900",
      "duration" : 330.0,
      "distance" : 2526.0
    }, {
      "activity" : "walking",
      "group" : "walking",
      "manual" : false,
      "startTime" : "20141113T211138+0900",
      "endTime" : "20141113T211847+0900",
      "duration" : 429.0,
      "distance" : 502.0,
      "steps" : 586,
      "calories" : 30
    } ],
    "lastUpdate" : "20141113T150935Z"
  } ],
  "caloriesIdle" : 1711,
  "lastUpdate" : "20141114T065339Z"
}, {
  "date" : "20141114",
  "summary" : [ {
    "activity" : "walking",
    "group" : "walking",
    "duration" : 4441.0,
    "distance" : 6239.0,
    "steps" : 7415,
    "calories" : 371
  }, {
    "activity" : "transport",
    "group" : "transport",
    "duration" : 11610.0,
    "distance" : 140337.0
  }, {
    "activity" : "running",
    "group" : "running",
    "duration" : 270.0,
    "distance" : 649.0,
    "steps" : 703,
    "calories" : 47
  } ],
  "segments" : [ {
    "type" : "move",
    "startTime" : "20141114T114309+0900",
    "endTime" : "20141114T120833+0900",
    "activities" : [ {
      "activity" : "walking",
      "group" : "walking",
      "manual" : false,
      "startTime" : "20141114T114309+0900",
      "endTime" : "20141114T114753+0900",
      "duration" : 284.0,
      "distance" : 520.0,
      "steps" : 486,
      "calories" : 31
    }, {
      "activity" : "transport",
      "group" : "transport",
      "manual" : false,
      "startTime" : "20141114T114754+0900",
      "endTime" : "20141114T115930+0900",
      "duration" : 696.0,
      "distance" : 21121.0
    }, {
      "activity" : "walking",
      "group" : "walking",
      "manual" : false,
      "startTime" : "20141114T115930+0900",
      "endTime" : "20141114T120301+0900",
      "duration" : 211.0,
      "distance" : 258.0,
      "steps" : 432,
      "calories" : 15
    }, {
      "activity" : "transport",
      "group" : "transport",
      "manual" : false,
      "startTime" : "20141114T120300+0900",
      "endTime" : "20141114T120833+0900",
      "duration" : 333.0,
      "distance" : 2999.0
    } ],
    "lastUpdate" : "20141114T065339Z"
  }, {
    "type" : "move",
    "startTime" : "20141114T121108+0900",
    "endTime" : "20141114T131309+0900",
    "activities" : [ {
      "activity" : "walking",
      "group" : "walking",
      "manual" : false,
      "startTime" : "20141114T121108+0900",
      "endTime" : "20141114T121538+0900",
      "duration" : 270.0,
      "distance" : 297.0,
      "steps" : 586,
      "calories" : 18
    }, {
      "activity" : "transport",
      "group" : "transport",
      "manual" : false,
      "startTime" : "20141114T121537+0900",
      "endTime" : "20141114T125244+0900",
      "duration" : 2227.0,
      "distance" : 27822.0
    }, {
      "activity" : "walking",
      "group" : "walking",
      "manual" : false,
      "startTime" : "20141114T125245+0900",
      "endTime" : "20141114T125515+0900",
      "duration" : 150.0,
      "distance" : 154.0,
      "steps" : 307,
      "calories" : 9
    }, {
      "activity" : "transport",
      "group" : "transport",
      "manual" : false,
      "startTime" : "20141114T125515+0900",
      "endTime" : "20141114T130552+0900",
      "duration" : 637.0,
      "distance" : 5830.0
    }, {
      "activity" : "running",
      "group" : "running",
      "manual" : false,
      "startTime" : "20141114T130552+0900",
      "endTime" : "20141114T131022+0900",
      "duration" : 270.0,
      "distance" : 649.0,
      "steps" : 703,
      "calories" : 47
    }, {
      "activity" : "walking",
      "group" : "walking",
      "manual" : false,
      "startTime" : "20141114T131022+0900",
      "endTime" : "20141114T131309+0900",
      "duration" : 167.0,
      "distance" : 224.0,
      "steps" : 227,
      "calories" : 13
    } ],
    "lastUpdate" : "20141114T065339Z"
  }, {
    "type" : "place",
    "startTime" : "20141114T131309+0900",
    "endTime" : "20141114T154638+0900",
    "activities" : [ {
      "activity" : "walking",
      "group" : "walking",
      "manual" : false,
      "startTime" : "20141114T140114+0900",
      "endTime" : "20141114T140708+0900",
      "duration" : 354.0,
      "distance" : 455.0,
      "steps" : 607,
      "calories" : 27
    }, {
      "activity" : "walking",
      "group" : "walking",
      "manual" : false,
      "startTime" : "20141114T150000+0900",
      "endTime" : "20141114T150209+0900",
      "duration" : 129.0,
      "distance" : 172.0,
      "steps" : 229,
      "calories" : 10
    } ],
    "lastUpdate" : "20141114T112537Z"
  }, {
    "type" : "move",
    "startTime" : "20141114T154638+0900",
    "endTime" : "20141114T165503+0900",
    "activities" : [ {
      "activity" : "walking",
      "group" : "walking",
      "manual" : false,
      "startTime" : "20141114T154638+0900",
      "endTime" : "20141114T155516+0900",
      "duration" : 518.0,
      "distance" : 694.0,
      "steps" : 760,
      "calories" : 41
    }, {
      "activity" : "transport",
      "group" : "transport",
      "manual" : false,
      "startTime" : "20141114T155515+0900",
      "endTime" : "20141114T164355+0900",
      "duration" : 2920.0,
      "distance" : 32683.0
    }, {
      "activity" : "walking",
      "group" : "walking",
      "manual" : false,
      "startTime" : "20141114T164354+0900",
      "endTime" : "20141114T165503+0900",
      "duration" : 669.0,
      "distance" : 441.0,
      "steps" : 838,
      "calories" : 26
    } ],
    "lastUpdate" : "20141114T112537Z"
  }, {
    "type" : "move",
    "startTime" : "20141114T165719+0900",
    "endTime" : "20141114T170403+0900",
    "activities" : [ {
      "activity" : "transport",
      "group" : "transport",
      "manual" : false,
      "startTime" : "20141114T165719+0900",
      "endTime" : "20141114T170404+0900",
      "duration" : 405.0,
      "distance" : 5187.0
    } ],
    "lastUpdate" : "20141114T112537Z"
  }, {
    "type" : "place",
    "startTime" : "20141114T170403+0900",
    "endTime" : "20141114T171156+0900",
    "activities" : [ {
      "activity" : "walking",
      "group" : "walking",
      "manual" : false,
      "startTime" : "20141114T170632+0900",
      "endTime" : "20141114T170702+0900",
      "duration" : 30.0,
      "distance" : 25.0,
      "steps" : 50,
      "calories" : 1
    } ],
    "lastUpdate" : "20141114T112537Z"
  }, {
    "type" : "move",
    "startTime" : "20141114T171156+0900",
    "endTime" : "20141114T173004+0900",
    "activities" : [ {
      "activity" : "transport",
      "group" : "transport",
      "manual" : false,
      "startTime" : "20141114T171156+0900",
      "endTime" : "20141114T171802+0900",
      "duration" : 366.0,
      "distance" : 4660.0
    }, {
      "activity" : "walking",
      "group" : "walking",
      "manual" : false,
      "startTime" : "20141114T171802+0900",
      "endTime" : "20141114T173004+0900",
      "duration" : 722.0,
      "distance" : 955.0,
      "steps" : 1279,
      "calories" : 57
    } ],
    "lastUpdate" : "20141114T112537Z"
  }, {
    "type" : "place",
    "startTime" : "20141114T173004+0900",
    "endTime" : "20141114T193708+0900",
    "activities" : [ {
      "activity" : "walking",
      "group" : "walking",
      "manual" : false,
      "startTime" : "20141114T173103+0900",
      "endTime" : "20141114T173133+0900",
      "duration" : 30.0,
      "distance" : 15.0,
      "steps" : 20,
      "calories" : 1
    } ],
    "lastUpdate" : "20141114T142613Z"
  }, {
    "type" : "move",
    "startTime" : "20141114T193708+0900",
    "endTime" : "20141114T205919+0900",
    "activities" : [ {
      "activity" : "transport",
      "group" : "transport",
      "manual" : false,
      "startTime" : "20141114T193708+0900",
      "endTime" : "20141114T195713+0900",
      "duration" : 1205.0,
      "distance" : 10909.0
    }, {
      "activity" : "walking",
      "group" : "walking",
      "manual" : false,
      "startTime" : "20141114T195713+0900",
      "endTime" : "20141114T200144+0900",
      "duration" : 271.0,
      "distance" : 258.0,
      "steps" : 500,
      "calories" : 15
    }, {
      "activity" : "transport",
      "group" : "transport",
      "manual" : false,
      "startTime" : "20141114T200143+0900",
      "endTime" : "20141114T204213+0900",
      "duration" : 2430.0,
      "distance" : 27730.0
    }, {
      "activity" : "walking",
      "group" : "walking",
      "manual" : false,
      "startTime" : "20141114T204213+0900",
      "endTime" : "20141114T204713+0900",
      "duration" : 300.0,
      "distance" : 748.0,
      "steps" : 624,
      "calories" : 44
    }, {
      "activity" : "transport",
      "group" : "transport",
      "manual" : false,
      "startTime" : "20141114T204713+0900",
      "endTime" : "20141114T205344+0900",
      "duration" : 391.0,
      "distance" : 1396.0
    }, {
      "activity" : "walking",
      "group" : "walking",
      "manual" : false,
      "startTime" : "20141114T205344+0900",
      "endTime" : "20141114T205920+0900",
      "duration" : 336.0,
      "distance" : 1023.0,
      "steps" : 470,
      "calories" : 61
    } ],
    "lastUpdate" : "20141114T142613Z"
  } ],
  "caloriesIdle" : 1711,
  "lastUpdate" : "20141116T101339Z"
}, {
  "date" : "20141115",
  "summary" : null,
  "segments" : null,
  "caloriesIdle" : 1711,
  "lastUpdate" : "20141116T101339Z"
}, {
  "date" : "20141116",
  "summary" : [ {
    "activity" : "walking",
    "group" : "walking",
    "duration" : 1551.0,
    "distance" : 2020.0,
    "steps" : 2177,
    "calories" : 120
  } ],
  "segments" : [ {
    "type" : "place",
    "startTime" : "20141114T205919+0900",
    "endTime" : "20141116T152714+0900",
    "activities" : [ {
      "activity" : "walking",
      "group" : "walking",
      "manual" : false,
      "startTime" : "20141116T143425+0900",
      "endTime" : "20141116T143455+0900",
      "duration" : 30.0,
      "distance" : 15.0,
      "steps" : 30,
      "calories" : 1
    } ],
    "lastUpdate" : "20141116T101339Z"
  }, {
    "type" : "move",
    "startTime" : "20141116T152714+0900",
    "endTime" : "20141116T153433+0900",
    "activities" : [ {
      "activity" : "walking",
      "group" : "walking",
      "manual" : false,
      "startTime" : "20141116T152714+0900",
      "endTime" : "20141116T153434+0900",
      "duration" : 440.0,
      "distance" : 705.0,
      "steps" : 722,
      "calories" : 42
    } ],
    "lastUpdate" : "20141116T101339Z"
  }, {
    "type" : "place",
    "startTime" : "20141116T153433+0900",
    "endTime" : "20141116T160849+0900",
    "activities" : [ {
      "activity" : "walking",
      "group" : "walking",
      "manual" : false,
      "startTime" : "20141116T154431+0900",
      "endTime" : "20141116T154501+0900",
      "duration" : 30.0,
      "distance" : 25.0,
      "steps" : 51,
      "calories" : 1
    } ],
    "lastUpdate" : "20141116T101339Z"
  }, {
    "type" : "move",
    "startTime" : "20141116T160849+0900",
    "endTime" : "20141116T161215+0900",
    "activities" : [ {
      "activity" : "walking",
      "group" : "walking",
      "manual" : false,
      "startTime" : "20141116T160849+0900",
      "endTime" : "20141116T161215+0900",
      "duration" : 206.0,
      "distance" : 227.0,
      "steps" : 261,
      "calories" : 13
    } ],
    "lastUpdate" : "20141116T101339Z"
  }, {
    "type" : "place",
    "startTime" : "20141116T161215+0900",
    "endTime" : "20141116T161811+0900",
    "activities" : [ {
      "activity" : "walking",
      "group" : "walking",
      "manual" : false,
      "startTime" : "20141116T161343+0900",
      "endTime" : "20141116T161743+0900",
      "duration" : 240.0,
      "distance" : 180.0,
      "steps" : 218,
      "calories" : 11
    } ],
    "lastUpdate" : "20141116T101339Z"
  }, {
    "type" : "move",
    "startTime" : "20141116T161811+0900",
    "endTime" : "20141116T162816+0900",
    "activities" : [ {
      "activity" : "walking",
      "group" : "walking",
      "manual" : false,
      "startTime" : "20141116T161811+0900",
      "endTime" : "20141116T162816+0900",
      "duration" : 605.0,
      "distance" : 868.0,
      "steps" : 895,
      "calories" : 52
    } ],
    "lastUpdate" : "20141116T101339Z"
  } ],
  "caloriesIdle" : 1711,
  "lastUpdate" : "20141117T092748Z"
} ]