[ {
  "date" : "20180709",
  "summary" : [ {
    "activity" : "cycling",
    "group" : "cycling",
    "duration" : 229.0,
    "distance" : 999.0,
    "calories" : 25
  }, {
    "activity" : "walking",
    "group" : "walking",
    "duration" : 77.0,
    "distance" : 57.0,
    "steps" : 115,
    "calories" : 3
  } ],
  "segments" : [ {
    "type" : "move",
    "startTime" : "20180709T145235+0900",
    "endTime" : "20180709T145624+0900",
    "activities" : [ {
      "activity" : "cycling",
      "group" : "cycling",
      "manual" : false,
      "startTime" : "20180709T145235+0900",
      "endTime" : "20180709T145624+0900",
      "duration" : 229.0,
      "distance" : 999.0,
      "calories" : 25
    } ],
    "lastUpdate" : "20180709T100744Z"
  }, {
    "type" : "place",
    "startTime" : "20180709T145624+0900",
    "endTime" : "20180709T190744+0900",
    "activities" : [ {
      "activity" : "walking",
      "group" : "walking",
      "manual" : false,
      "startTime" : "20180709T145624+0900",
      "endTime" : "20180709T145741+0900",
      "duration" : 77.0,
      "distance" : 57.0,
      "steps" : 115,
      "calories" : 3
    } ],
    "lastUpdate" : "20180709T100746Z"
  } ],
  "caloriesIdle" : 1591,
  "lastUpdate" : "20180709T100746Z"
}, {
  "date" : "20180711",
  "summary" : [ {
    "activity" : "cycling",
    "group" : "cycling",
    "duration" : 287.0,
    "distance" : 1091.0,
    "calories" : 27
  }, {
    "activity" : "walking",
    "group" : "walking",
    "duration" : 175.0,
    "distance" : 176.0,
    "steps" : 274,
    "calories" : 10
  } ],
  "segments" : [ {
    "type" : "move",
    "startTime" : "20180711T162745+0900",
    "endTime" : "20180711T163300+0900",
    "activities" : [ {
      "activity" : "cycling",
      "group" : "cycling",
      "manual" : false,
      "startTime" : "20180711T162745+0900",
      "endTime" : "20180711T163232+0900",
      "duration" : 287.0,
      "distance" : 1091.0,
      "calories" : 27
    }, {
      "activity" : "walking",
      "group" : "walking",
      "manual" : false,
      "startTime" : "20180711T163232+0900",
      "endTime" : "20180711T163259+0900",
      "duration" : 27.0,
      "distance" : 68.0,
      "steps" : 56,
      "calories" : 4
    } ],
    "lastUpdate" : "20180711T154033Z"
  }, {
    "type" : "place",
    "startTime" : "20180711T163300+0900",
    "endTime" : "20180712T003935+0900",
    "activities" : [ {
      "activity" : "walking",
      "group" : "walking",
      "manual" : false,
      "startTime" : "20180711T163300+0900",
      "endTime" : "20180711T163400+0900",
      "duration" : 60.0,
      "distance" : 45.0,
      "steps" : 90,
      "calories" : 2
    }, {
      "activity" : "walking",
      "group" : "walking",
      "manual" : false,
      "startTime" : "20180711T183349+0900",
      "endTime" : "20180711T183406+0900",
      "duration" : 17.0,
      "distance" : 12.0,
      "steps" : 25,
      "calories" : 1
    }, {
      "activity" : "walking",
      "group" : "walking",
      "manual" : false,
      "startTime" : "20180711T193647+0900",
      "endTime" : "20180711T193724+0900",
      "duration" : 37.0,
      "distance" : 27.0,
      "steps" : 55,
      "calories" : 1
    }, {
      "activity" : "walking",
      "group" : "walking",
      "manual" : false,
      "startTime" : "20180711T232840+0900",
      "endTime" : "20180711T232914+0900",
      "duration" : 34.0,
      "distance" : 24.0,
      "steps" : 48,
      "calories" : 1
    } ],
    "lastUpdate" : "20180712T050503Z"
  } ],
  "caloriesIdle" : 1591,
  "lastUpdate" : "20180712T050503Z"
}, {
  "date" : "20180712",
  "summary" : [ {
    "activity" : "walking",
    "group" : "walking",
    "duration" : 2145.0,
    "distance" : 1680.0,
    "steps" : 1055,
    "calories" : 93
  }, {
    "activity" : "cycling",
    "group" : "cycling",
    "duration" : 936.0,
    "distance" : 3591.0,
    "calories" : 90
  } ],
  "segments" : [ {
    "type" : "place",
    "startTime" : "20180711T163300+0900",
    "endTime" : "20180712T003935+0900",
    "activities" : [ {
      "activity" : "walking",
      "group" : "walking",
      "manual" : false,
      "startTime" : "20180712T003641+0900",
      "endTime" : "20180712T003757+0900",
      "duration" : 76.0,
      "distance" : 56.0,
      "steps" : 113,
      "calories" : 3
    } ],
    "lastUpdate" : "20180712T050503Z"
  }, {
    "type" : "move",
    "startTime" : "20180712T003935+0900",
    "endTime" : "20180712T004454+0900",
    "activities" : [ {
      "activity" : "cycling",
      "group" : "cycling",
      "manual" : false,
      "startTime" : "20180712T003935+0900",
      "endTime" : "20180712T004454+0900",
      "duration" : 319.0,
      "distance" : 1242.0,
      "calories" : 31
    } ],
    "lastUpdate" : "20180712T050503Z"
  }, {
    "type" : "place",
    "startTime" : "20180712T004454+0900",
    "endTime" : "20180712T140338+0900",
    "activities" : [ {
      "activity" : "walking",
      "group" : "walking",
      "manual" : false,
      "startTime" : "20180712T004513+0900",
      "endTime" : "20180712T004612+0900",
      "duration" : 59.0,
      "distance" : 44.0,
      "steps" : 89,
      "calories" : 2
    }, {
      "activity" : "walking",
      "group" : "walking",
      "manual" : false,
      "startTime" : "20180712T090725+0900",
      "endTime" : "20180712T090755+0900",
      "duration" : 30.0,
      "distance" : 15.0,
      "steps" : 0,
      "calories" : 1
    }, {
      "activity" : "walking",
      "group" : "walking",
      "manual" : false,
      "startTime" : "20180712T140220+0900",
      "endTime" : "20180712T140338+0900",
      "duration" : 78.0,
      "distance" : 40.0,
      "steps" : 81,
      "calories" : 2
    } ],
    "lastUpdate" : "20180712T121028Z"
  }, {
    "type" : "move",
    "startTime" : "20180712T140338+0900",
    "endTime" : "20180712T140829+0900",
    "activities" : [ {
      "activity" : "cycling",
      "group" : "cycling",
      "manual" : false,
      "startTime" : "20180712T140338+0900",
      "endTime" : "20180712T140828+0900",
      "duration" : 290.0,
      "distance" : 1341.0,
      "calories" : 33
    } ],
    "lastUpdate" : "20180712T121028Z"
  }, {
    "type" : "place",
    "startTime" : "20180712T140829+0900",
    "endTime" : "20180712T210945+0900",
    "activities" : [ {
      "activity" : "walking",
      "group" : "walking",
      "manual" : false,
      "startTime" : "20180712T140835+0900",
      "endTime" : "20180712T141204+0900",
      "duration" : 209.0,
      "distance" : 235.0,
      "steps" : 314,
      "calories" : 13
    }, {
      "activity" : "walking",
      "group" : "walking",
      "manual" : false,
      "startTime" : "20180712T150157+0900",
      "endTime" : "20180712T150220+0900",
      "duration" : 23.0,
      "distance" : 11.0,
      "steps" : 0,
      "calories" : 1
    }, {
      "activity" : "walking",
      "group" : "walking",
      "manual" : false,
      "startTime" : "20180712T162738+0900",
      "endTime" : "20180712T163849+0900",
      "duration" : 671.0,
      "distance" : 503.0,
      "steps" : 0,
      "calories" : 28
    }, {
      "activity" : "walking",
      "group" : "walking",
      "manual" : false,
      "startTime" : "20180712T172143+0900",
      "endTime" : "20180712T172924+0900",
      "duration" : 461.0,
      "distance" : 346.0,
      "steps" : 0,
      "calories" : 19
    }, {
      "activity" : "walking",
      "group" : "walking",
      "manual" : false,
      "startTime" : "20180712T185858+0900",
      "endTime" : "20180712T185916+0900",
      "duration" : 18.0,
      "distance" : 13.0,
      "steps" : 26,
      "calories" : 1
    }, {
      "activity" : "walking",
      "group" : "walking",
      "manual" : false,
      "startTime" : "20180712T190000+0900",
      "endTime" : "20180712T190117+0900",
      "duration" : 77.0,
      "distance" : 38.0,
      "steps" : 36,
      "calories" : 2
    }, {
      "activity" : "walking",
      "group" : "walking",
      "manual" : false,
      "startTime" : "20180712T210532+0900",
      "endTime" : "20180712T210944+0900",
      "duration" : 252.0,
      "distance" : 189.0,
      "steps" : 179,
      "calories" : 10
    } ],
    "lastUpdate" : "20180712T124440Z"
  }, {
    "type" : "move",
    "startTime" : "20180712T210945+0900",
    "endTime" : "20180712T211512+0900",
    "activities" : [ {
      "activity" : "cycling",
      "group" : "cycling",
      "manual" : false,
      "startTime" : "20180712T210945+0900",
      "endTime" : "20180712T211512+0900",
      "duration" : 327.0,
      "distance" : 1008.0,
      "calories" : 26
    } ],
    "lastUpdate" : "20180712T124440Z"
  }, {
    "type" : "place",
    "startTime" : "20180712T211512+0900",
    "endTime" : "20180712T214154+0900",
    "activities" : [ {
      "activity" : "walking",
      "group" : "walking",
      "manual" : false,
      "startTime" : "20180712T211512+0900",
      "endTime" : "20180712T211638+0900",
      "duration" : 86.0,
      "distance" : 64.0,
      "steps" : 129,
      "calories" : 4
    } ],
    "lastUpdate" : "20180713T052525Z"
  }, {
    "type" : "move",
    "startTime" : "20180712T214154+0900",
    "endTime" : "20180712T214339+0900",
    "activities" : [ {
      "activity" : "walking",
      "group" : "walking",
      "manual" : false,
      "startTime" : "20180712T214154+0900",
      "endTime" : "20180712T214339+0900",
      "duration" : 105.0,
      "distance" : 126.0,
      "steps" : 88,
      "calories" : 7
    } ],
    "lastUpdate" : "20180713T052525Z"
  } ],
  "caloriesIdle" : 1591,
  "lastUpdate" : "20180713T120828Z"
}, {
  "date" : "20180713",
  "summary" : [ {
    "activity" : "walking",
    "group" : "walking",
    "duration" : 2174.0,
    "distance" : 2249.0,
    "steps" : 2730,
    "calories" : 124
  }, {
    "activity" : "cycling",
    "group" : "cycling",
    "duration" : 218.0,
    "distance" : 990.0,
    "calories" : 24
  }, {
    "activity" : "running",
    "group" : "running",
    "duration" : 110.0,
    "distance" : 116.0,
    "steps" : 166,
    "calories" : 9
  }, {
    "activity" : "transport",
    "group" : "transport",
    "duration" : 769.0,
    "distance" : 1215.0
  } ],
  "segments" : [ {
    "type" : "place",
    "startTime" : "20180712T214430+0900",
    "endTime" : "20180713T142342+0900",
    "activities" : [ {
      "activity" : "walking",
      "group" : "walking",
      "manual" : false,
      "startTime" : "20180713T142152+0900",
      "endTime" : "20180713T142230+0900",
      "duration" : 38.0,
      "distance" : 28.0,
      "steps" : 57,
      "calories" : 2
    } ],
    "lastUpdate" : "20180713T120828Z"
  }, {
    "type" : "move",
    "startTime" : "20180713T142342+0900",
    "endTime" : "20180713T142910+0900",
    "activities" : [ {
      "activity" : "walking",
      "group" : "walking",
      "manual" : false,
      "startTime" : "20180713T142342+0900",
      "endTime" : "20180713T142531+0900",
      "duration" : 109.0,
      "distance" : 131.0,
      "steps" : 57,
      "calories" : 7
    }, {
      "activity" : "cycling",
      "group" : "cycling",
      "manual" : false,
      "startTime" : "20180713T142532+0900",
      "endTime" : "20180713T142910+0900",
      "duration" : 218.0,
      "distance" : 990.0,
      "calories" : 24
    } ],
    "lastUpdate" : "20180713T120828Z"
  }, {
    "type" : "place",
    "startTime" : "20180713T142911+0900",
    "endTime" : "20180713T150613+0900",
    "activities" : [ {
      "activity" : "walking",
      "group" : "walking",
      "manual" : false,
      "startTime" : "20180713T142911+0900",
      "endTime" : "20180713T143045+0900",
      "duration" : 94.0,
      "distance" : 71.0,
      "steps" : 142,
      "calories" : 4
    }, {
      "activity" : "walking",
      "group" : "walking",
      "manual" : false,
      "startTime" : "20180713T150359+0900",
      "endTime" : "20180713T150613+0900",
      "duration" : 134.0,
      "distance" : 135.0,
      "steps" : 180,
      "calories" : 7
    } ],
    "lastUpdate" : "20180713T120833Z"
  }, {
    "type" : "move",
    "startTime" : "20180713T150613+0900",
    "endTime" : "20180713T151350+0900",
    "activities" : [ {
      "activity" : "walking",
      "group" : "walking",
      "manual" : false,
      "startTime" : "20180713T150613+0900",
      "endTime" : "20180713T151350+0900",
      "duration" : 457.0,
      "distance" : 459.0,
      "steps" : 653,
      "calories" : 25
    } ],
    "lastUpdate" : "20180713T120833Z"
  }, {
    "type" : "place",
    "startTime" : "20180713T151350+0900",
    "endTime" : "20180713T210632+0900",
    "activities" : [ {
      "activity" : "walking",
      "group" : "walking",
      "manual" : false,
      "startTime" : "20180713T151350+0900",
      "endTime" : "20180713T151354+0900",
      "duration" : 4.0,
      "distance" : 3.0,
      "steps" : 7,
      "calories" : 0
    }, {
      "activity" : "walking",
      "group" : "walking",
      "manual" : false,
      "startTime" : "20180713T162825+0900",
      "endTime" : "20180713T163053+0900",
      "duration" : 148.0,
      "distance" : 111.0,
      "steps" : 0,
      "calories" : 6
    }, {
      "activity" : "walking",
      "group" : "walking",
      "manual" : false,
      "startTime" : "20180713T181956+0900",
      "endTime" : "20180713T182522+0900",
      "duration" : 326.0,
      "distance" : 366.0,
      "steps" : 488,
      "calories" : 20
    }, {
      "activity" : "walking",
      "group" : "walking",
      "manual" : false,
      "startTime" : "20180713T192453+0900",
      "endTime" : "20180713T192607+0900",
      "duration" : 74.0,
      "distance" : 54.0,
      "steps" : 109,
      "calories" : 3
    }, {
      "activity" : "walking",
      "group" : "walking",
      "manual" : false,
      "startTime" : "20180713T210154+0900",
      "endTime" : "20180713T210414+0900",
      "duration" : 140.0,
      "distance" : 145.0,
      "steps" : 193,
      "calories" : 8
    }, {
      "activity" : "running",
      "group" : "running",
      "manual" : false,
      "startTime" : "20180713T210312+0900",
      "endTime" : "20180713T210502+0900",
      "duration" : 110.0,
      "distance" : 116.0,
      "steps" : 166,
      "calories" : 9
    } ],
    "lastUpdate" : "20180713T133749Z"
  }, {
    "type" : "move",
    "startTime" : "20180713T210632+0900",
    "endTime" : "20180713T212110+0900",
    "activities" : [ {
      "activity" : "walking",
      "group" : "walking",
      "manual" : false,
      "startTime" : "20180713T210632+0900",
      "endTime" : "20180713T210820+0900",
      "duration" : 108.0,
      "distance" : 130.0,
      "steps" : 94,
      "calories" : 7
    }, {
      "activity" : "transport",
      "group" : "transport",
      "manual" : false,
      "startTime" : "20180713T210820+0900",
      "endTime" : "20180713T212109+0900",
      "duration" : 769.0,
      "distance" : 1215.0
    } ],
    "lastUpdate" : "20180713T133749Z"
  }, {
    "type" : "place",
    "startTime" : "20180713T212110+0900",
    "endTime" : "20180713T223128+0900",
    "activities" : [ {
      "activity" : "walking",
      "group" : "walking",
      "manual" : false,
      "startTime" : "20180713T212315+0900",
      "endTime" : "20180713T212527+0900",
      "duration" : 132.0,
      "distance" : 149.0,
      "steps" : 199,
      "calories" : 8
    } ],
    "lastUpdate" : "20180713T143808Z"
  }, {
    "type" : "move",
    "startTime" : "20180713T223128+0900",
    "endTime" : "20180713T223804+0900",
    "activities" : [ {
      "activity" : "walking",
      "group" : "walking",
      "manual" : false,
      "startTime" : "20180713T223128+0900",
      "endTime" : "20180713T223804+0900",
      "duration" : 396.0,
      "distance" : 456.0,
      "steps" : 528,
      "calories" : 25
    } ],
    "lastUpdate" : "20180713T143808Z"
  }, {
    "type" : "place",
    "startTime" : "20180713T223855+0900",
    "endTime" : "20180714T023414+0900",
    "activities" : [ {
      "activity" : "walking",
      "group" : "walking",
      "manual" : false,
      "startTime" : "20180713T223916+0900",
      "endTime" : "20180713T223929+0900",
      "duration" : 13.0,
      "distance" : 10.0,
      "steps" : 21,
      "calories" : 1
    }, {
      "activity" : "walking",
      "group" : "walking",
      "manual" : false,
      "startTime" : "20180713T233839+0900",
      "endTime" : "20180713T233840+0900",
      "duration" : 1.0,
      "distance" : 1.0,
      "steps" : 2,
      "calories" : 0
    } ],
    "lastUpdate" : "20180713T173416Z"
  } ],
  "caloriesIdle" : 1591,
  "lastUpdate" : "20180713T173416Z"
}, {
  "date" : "20180714",
  "summary" : null,
  "segments" : null,
  "caloriesIdle" : 1591,
  "lastUpdate" : "20180713T173416Z"
} ]