[ {
  "date" : "20150615",
  "summary" : [ {
    "activity" : "walking",
    "group" : "walking",
    "duration" : 1485.0,
    "distance" : 1438.0,
    "steps" : 2193,
    "calories" : 85
  }, {
    "activity" : "cycling",
    "group" : "cycling",
    "duration" : 728.0,
    "distance" : 3725.0,
    "calories" : 98
  } ],
  "segments" : [ {
    "type" : "place",
    "startTime" : "20150614T212504+0900",
    "endTime" : "20150615T125611+0900",
    "activities" : [ {
      "activity" : "walking",
      "group" : "walking",
      "manual" : false,
      "startTime" : "20150615T121130+0900",
      "endTime" : "20150615T121300+0900",
      "duration" : 90.0,
      "distance" : 61.0,
      "steps" : 122,
      "calories" : 4
    } ],
    "lastUpdate" : "20150615T053622Z"
  }, {
    "type" : "move",
    "startTime" : "20150615T125611+0900",
    "endTime" : "20150615T125928+0900",
    "activities" : [ {
      "activity" : "cycling",
      "group" : "cycling",
      "manual" : false,
      "startTime" : "20150615T125611+0900",
      "endTime" : "20150615T125852+0900",
      "duration" : 161.0,
      "distance" : 842.0,
      "calories" : 22
    }, {
      "activity" : "walking",
      "group" : "walking",
      "manual" : false,
      "startTime" : "20150615T125852+0900",
      "endTime" : "20150615T125929+0900",
      "duration" : 37.0,
      "distance" : 60.0,
      "steps" : 50,
      "calories" : 4
    } ],
    "lastUpdate" : "20150615T053622Z"
  }, {
    "type" : "place",
    "startTime" : "20150615T125929+0900",
    "endTime" : "20150615T143105+0900",
    "activities" : [ {
      "activity" : "walking",
      "group" : "walking",
      "manual" : false,
      "startTime" : "20150615T125929+0900",
      "endTime" : "20150615T130152+0900",
      "duration" : 143.0,
      "distance" : 145.0,
      "steps" : 290,
      "calories" : 9
    } ],
    "lastUpdate" : "20150615T085453Z"
  }, {
    "type" : "move",
    "startTime" : "20150615T143105+0900",
    "endTime" : "20150615T143801+0900",
    "activities" : [ {
      "activity" : "walking",
      "group" : "walking",
      "manual" : false,
      "startTime" : "20150615T143105+0900",
      "endTime" : "20150615T143801+0900",
      "duration" : 416.0,
      "distance" : 309.0,
      "steps" : 617,
      "calories" : 18
    } ],
    "lastUpdate" : "20150615T085453Z"
  }, {
    "type" : "place",
    "startTime" : "20150615T143801+0900",
    "endTime" : "20150615T161045+0900",
    "activities" : [ {
      "activity" : "walking",
      "group" : "walking",
      "manual" : false,
      "startTime" : "20150615T152904+0900",
      "endTime" : "20150615T152934+0900",
      "duration" : 30.0,
      "distance" : 35.0,
      "steps" : 71,
      "calories" : 2
    }, {
      "activity" : "walking",
      "group" : "walking",
      "manual" : false,
      "startTime" : "20150615T160553+0900",
      "endTime" : "20150615T160855+0900",
      "duration" : 182.0,
      "distance" : 161.0,
      "steps" : 215,
      "calories" : 10
    } ],
    "lastUpdate" : "20150615T120040Z"
  }, {
    "type" : "move",
    "startTime" : "20150615T161045+0900",
    "endTime" : "20150615T161301+0900",
    "activities" : [ {
      "activity" : "cycling",
      "group" : "cycling",
      "manual" : false,
      "startTime" : "20150615T161045+0900",
      "endTime" : "20150615T161301+0900",
      "duration" : 136.0,
      "distance" : 1123.0,
      "calories" : 29
    } ],
    "lastUpdate" : "20150615T120040Z"
  }, {
    "type" : "place",
    "startTime" : "20150615T161301+0900",
    "endTime" : "20150615T161853+0900",
    "activities" : [ {
      "activity" : "walking",
      "group" : "walking",
      "manual" : false,
      "startTime" : "20150615T161301+0900",
      "endTime" : "20150615T161355+0900",
      "duration" : 54.0,
      "distance" : 54.0,
      "steps" : 108,
      "calories" : 3
    } ],
    "lastUpdate" : "20150615T120040Z"
  }, {
    "type" : "move",
    "startTime" : "20150615T161853+0900",
    "endTime" : "20150615T162459+0900",
    "activities" : [ {
      "activity" : "walking",
      "group" : "walking",
      "manual" : false,
      "startTime" : "20150615T161853+0900",
      "endTime" : "20150615T162458+0900",
      "duration" : 365.0,
      "distance" : 508.0,
      "steps" : 510,
      "calories" : 30
    } ],
    "lastUpdate" : "20150615T120040Z"
  }, {
    "type" : "place",
    "startTime" : "20150615T162459+0900",
    "endTime" : "20150615T162806+0900",
    "activities" : [ {
      "activity" : "walking",
      "group" : "walking",
      "manual" : false,
      "startTime" : "20150615T162625+0900",
      "endTime" : "20150615T162701+0900",
      "duration" : 36.0,
      "distance" : 33.0,
      "steps" : 67,
      "calories" : 2
    } ],
    "lastUpdate" : "20150615T120040Z"
  }, {
    "type" : "place",
    "startTime" : "20150615T175514+0900",
    "endTime" : "20150615T180244+0900",
    "activities" : [ {
      "activity" : "walking",
      "group" : "walking",
      "manual" : false,
      "startTime" : "20150615T180020+0900",
      "endTime" : "20150615T180035+0900",
      "duration" : 15.0,
      "distance" : 8.0,
      "steps" : 15,
      "calories" : 0
    } ],
    "lastUpdate" : "20150615T120040Z"
  }, {
    "type" : "move",
    "startTime" : "20150615T180244+0900",
    "endTime" : "20150615T180955+0900",
    "activities" : [ {
      "activity" : "cycling",
      "group" : "cycling",
      "manual" : false,
      "startTime" : "20150615T180244+0900",
      "endTime" : "20150615T180955+0900",
      "duration" : 431.0,
      "distance" : 1760.0,
      "calories" : 47
    } ],
    "lastUpdate" : "20150615T120040Z"
  }, {
    "type" : "place",
    "startTime" : "20150615T180955+0900",
    "endTime" : "20150616T103835+0900",
    "activities" : [ {
      "activity" : "walking",
      "group" : "walking",
      "manual" : false,
      "startTime" : "20150615T180955+0900",
      "endTime" : "20150615T181152+0900",
      "duration" : 117.0,
      "distance" : 64.0,
      "steps" : 128,
      "calories" : 4
    } ],
    "lastUpdate" : "20150616T053441Z"
  } ],
  "caloriesIdle" : 1706,
  "lastUpdate" : "20150616T053441Z"
}, {
  "date" : "20150616",
  "summary" : [ {
    "activity" : "walking",
    "group" : "walking",
    "duration" : 2552.0,
    "distance" : 3027.0,
    "steps" : 3820,
    "calories" : 179
  }, {
    "activity" : "cycling",
    "group" : "cycling",
    "duration" : 832.0,
    "distance" : 3747.0,
    "calories" : 99
  }, {
    "activity" : "transport",
    "group" : "transport",
    "duration" : 415.0,
    "distance" : 1131.0
  } ],
  "segments" : [ {
    "type" : "place",
    "startTime" : "20150615T180955+0900",
    "endTime" : "20150616T103835+0900",
    "activities" : [ {
      "activity" : "walking",
      "group" : "walking",
      "manual" : false,
      "startTime" : "20150616T103105+0900",
      "endTime" : "20150616T103135+0900",
      "duration" : 30.0,
      "distance" : 20.0,
      "steps" : 41,
      "calories" : 1
    } ],
    "lastUpdate" : "20150616T053441Z"
  }, {
    "type" : "move",
    "startTime" : "20150616T103835+0900",
    "endTime" : "20150616T104228+0900",
    "activities" : [ {
      "activity" : "cycling",
      "group" : "cycling",
      "manual" : false,
      "startTime" : "20150616T103835+0900",
      "endTime" : "20150616T104203+0900",
      "duration" : 208.0,
      "distance" : 767.0,
      "calories" : 21
    }, {
      "activity" : "walking",
      "group" : "walking",
      "manual" : false,
      "startTime" : "20150616T104202+0900",
      "endTime" : "20150616T104228+0900",
      "duration" : 26.0,
      "distance" : 63.0,
      "steps" : 53,
      "calories" : 4
    } ],
    "lastUpdate" : "20150616T053441Z"
  }, {
    "type" : "place",
    "startTime" : "20150616T104228+0900",
    "endTime" : "20150616T115603+0900",
    "activities" : [ {
      "activity" : "walking",
      "group" : "walking",
      "manual" : false,
      "startTime" : "20150616T104228+0900",
      "endTime" : "20150616T105107+0900",
      "duration" : 519.0,
      "distance" : 580.0,
      "steps" : 774,
      "calories" : 34
    }, {
      "activity" : "walking",
      "group" : "walking",
      "manual" : false,
      "startTime" : "20150616T110208+0900",
      "endTime" : "20150616T110556+0900",
      "duration" : 228.0,
      "distance" : 258.0,
      "steps" : 343,
      "calories" : 15
    } ],
    "lastUpdate" : "20150616T053441Z"
  }, {
    "type" : "move",
    "startTime" : "20150616T115603+0900",
    "endTime" : "20150616T120618+0900",
    "activities" : [ {
      "activity" : "walking",
      "group" : "walking",
      "manual" : false,
      "startTime" : "20150616T115603+0900",
      "endTime" : "20150616T120618+0900",
      "duration" : 615.0,
      "distance" : 832.0,
      "steps" : 810,
      "calories" : 49
    } ],
    "lastUpdate" : "20150616T053441Z"
  }, {
    "type" : "place",
    "startTime" : "20150616T120618+0900",
    "endTime" : "20150616T124609+0900",
    "activities" : [ {
      "activity" : "walking",
      "group" : "walking",
      "manual" : false,
      "startTime" : "20150616T124418+0900",
      "endTime" : "20150616T124518+0900",
      "duration" : 60.0,
      "distance" : 76.0,
      "steps" : 152,
      "calories" : 5
    } ],
    "lastUpdate" : "20150616T053441Z"
  }, {
    "type" : "move",
    "startTime" : "20150616T124609+0900",
    "endTime" : "20150616T125055+0900",
    "activities" : [ {
      "activity" : "transport",
      "group" : "transport",
      "manual" : false,
      "startTime" : "20150616T124609+0900",
      "endTime" : "20150616T124749+0900",
      "duration" : 100.0,
      "distance" : 436.0
    }, {
      "activity" : "walking",
      "group" : "walking",
      "manual" : false,
      "startTime" : "20150616T124749+0900",
      "endTime" : "20150616T125056+0900",
      "duration" : 187.0,
      "distance" : 211.0,
      "steps" : 232,
      "calories" : 13
    } ],
    "lastUpdate" : "20150616T053441Z"
  }, {
    "type" : "place",
    "startTime" : "20150616T125055+0900",
    "endTime" : "20150616T125513+0900",
    "activities" : [ {
      "activity" : "walking",
      "group" : "walking",
      "manual" : false,
      "startTime" : "20150616T125119+0900",
      "endTime" : "20150616T125228+0900",
      "duration" : 69.0,
      "distance" : 60.0,
      "steps" : 120,
      "calories" : 4
    } ],
    "lastUpdate" : "20150616T053441Z"
  }, {
    "type" : "move",
    "startTime" : "20150616T125513+0900",
    "endTime" : "20150616T130223+0900",
    "activities" : [ {
      "activity" : "cycling",
      "group" : "cycling",
      "manual" : false,
      "startTime" : "20150616T125513+0900",
      "endTime" : "20150616T130223+0900",
      "duration" : 430.0,
      "distance" : 2103.0,
      "calories" : 55
    } ],
    "lastUpdate" : "20150616T053441Z"
  }, {
    "type" : "place",
    "startTime" : "20150616T130223+0900",
    "endTime" : "20150616T142948+0900",
    "activities" : [ {
      "activity" : "walking",
      "group" : "walking",
      "manual" : false,
      "startTime" : "20150616T130223+0900",
      "endTime" : "20150616T130250+0900",
      "duration" : 27.0,
      "distance" : 27.0,
      "steps" : 54,
      "calories" : 2
    }, {
      "activity" : "walking",
      "group" : "walking",
      "manual" : false,
      "startTime" : "20150616T142850+0900",
      "endTime" : "20150616T143145+0900",
      "duration" : 175.0,
      "distance" : 267.0,
      "steps" : 356,
      "calories" : 16
    } ],
    "lastUpdate" : "20150616T093849Z"
  }, {
    "type" : "move",
    "startTime" : "20150616T142948+0900",
    "endTime" : "20150616T143302+0900",
    "activities" : [ {
      "activity" : "cycling",
      "group" : "cycling",
      "manual" : false,
      "startTime" : "20150616T142948+0900",
      "endTime" : "20150616T143302+0900",
      "duration" : 194.0,
      "distance" : 877.0,
      "calories" : 23
    } ],
    "lastUpdate" : "20150616T093849Z"
  }, {
    "type" : "place",
    "startTime" : "20150616T143302+0900",
    "endTime" : "20150616T161327+0900",
    "activities" : [ {
      "activity" : "walking",
      "group" : "walking",
      "manual" : false,
      "startTime" : "20150616T143302+0900",
      "endTime" : "20150616T143551+0900",
      "duration" : 169.0,
      "distance" : 150.0,
      "steps" : 200,
      "calories" : 9
    }, {
      "activity" : "walking",
      "group" : "walking",
      "manual" : false,
      "startTime" : "20150616T160653+0900",
      "endTime" : "20150616T160923+0900",
      "duration" : 150.0,
      "distance" : 228.0,
      "steps" : 304,
      "calories" : 14
    } ],
    "lastUpdate" : "20150616T093858Z"
  }, {
    "type" : "move",
    "startTime" : "20150616T161327+0900",
    "endTime" : "20150616T162138+0900",
    "activities" : [ {
      "activity" : "walking",
      "group" : "walking",
      "manual" : false,
      "startTime" : "20150616T161327+0900",
      "endTime" : "20150616T161624+0900",
      "duration" : 177.0,
      "distance" : 88.0,
      "steps" : 159,
      "calories" : 5
    }, {
      "activity" : "transport",
      "group" : "transport",
      "manual" : false,
      "startTime" : "20150616T161623+0900",
      "endTime" : "20150616T162138+0900",
      "duration" : 315.0,
      "distance" : 695.0
    } ],
    "lastUpdate" : "20150616T093858Z"
  }, {
    "type" : "place",
    "startTime" : "20150616T162139+0900",
    "endTime" : "20150617T083905+0900",
    "activities" : [ {
      "activity" : "walking",
      "group" : "walking",
      "manual" : false,
      "startTime" : "20150616T162253+0900",
      "endTime" : "20150616T162453+0900",
      "duration" : 120.0,
      "distance" : 167.0,
      "steps" : 222,
      "calories" : 10
    } ],
    "lastUpdate" : "20150617T053739Z"
  } ],
  "caloriesIdle" : 1706,
  "lastUpdate" : "20150617T053739Z"
}, {
  "date" : "20150617",
  "summary" : [ {
    "activity" : "transport",
    "group" : "transport",
    "duration" : 414.0,
    "distance" : 523.0
  }, {
    "activity" : "walking",
    "group" : "walking",
    "duration" : 2056.0,
    "distance" : 1999.0,
    "steps" : 2984,
    "calories" : 118
  }, {
    "activity" : "cycling",
    "group" : "cycling",
    "duration" : 1004.0,
    "distance" : 4210.0,
    "calories" : 112
  } ],
  "segments" : [ {
    "type" : "move",
    "startTime" : "20150617T083905+0900",
    "endTime" : "20150617T084558+0900",
    "activities" : [ {
      "activity" : "transport",
      "group" : "transport",
      "manual" : false,
      "startTime" : "20150617T083905+0900",
      "endTime" : "20150617T084559+0900",
      "duration" : 414.0,
      "distance" : 523.0
    } ],
    "lastUpdate" : "20150617T053739Z"
  }, {
    "type" : "place",
    "startTime" : "20150617T084558+0900",
    "endTime" : "20150617T090501+0900",
    "activities" : [ {
      "activity" : "walking",
      "group" : "walking",
      "manual" : false,
      "startTime" : "20150617T084558+0900",
      "endTime" : "20150617T084731+0900",
      "duration" : 93.0,
      "distance" : 78.0,
      "steps" : 156,
      "calories" : 5
    } ],
    "lastUpdate" : "20150617T053739Z"
  }, {
    "type" : "place",
    "startTime" : "20150617T090502+0900",
    "endTime" : "20150617T121529+0900",
    "activities" : [ {
      "activity" : "walking",
      "group" : "walking",
      "manual" : false,
      "startTime" : "20150617T092748+0900",
      "endTime" : "20150617T092851+0900",
      "duration" : 63.0,
      "distance" : 64.0,
      "steps" : 128,
      "calories" : 4
    }, {
      "activity" : "walking",
      "group" : "walking",
      "manual" : false,
      "startTime" : "20150617T100358+0900",
      "endTime" : "20150617T101328+0900",
      "duration" : 570.0,
      "distance" : 517.0,
      "steps" : 690,
      "calories" : 31
    }, {
      "activity" : "walking",
      "group" : "walking",
      "manual" : false,
      "startTime" : "20150617T114751+0900",
      "endTime" : "20150617T114821+0900",
      "duration" : 30.0,
      "distance" : 30.0,
      "steps" : 61,
      "calories" : 2
    }, {
      "activity" : "walking",
      "group" : "walking",
      "manual" : false,
      "startTime" : "20150617T120256+0900",
      "endTime" : "20150617T121231+0900",
      "duration" : 575.0,
      "distance" : 658.0,
      "steps" : 878,
      "calories" : 39
    } ],
    "lastUpdate" : "20150617T053739Z"
  }, {
    "type" : "move",
    "startTime" : "20150617T121529+0900",
    "endTime" : "20150617T121807+0900",
    "activities" : [ {
      "activity" : "cycling",
      "group" : "cycling",
      "manual" : false,
      "startTime" : "20150617T121529+0900",
      "endTime" : "20150617T121807+0900",
      "duration" : 158.0,
      "distance" : 896.0,
      "calories" : 23
    } ],
    "lastUpdate" : "20150617T053739Z"
  }, {
    "type" : "place",
    "startTime" : "20150617T121807+0900",
    "endTime" : "20150617T124749+0900",
    "activities" : [ {
      "activity" : "walking",
      "group" : "walking",
      "manual" : false,
      "startTime" : "20150617T124736+0900",
      "endTime" : "20150617T124811+0900",
      "duration" : 35.0,
      "distance" : 18.0,
      "steps" : 35,
      "calories" : 1
    } ],
    "lastUpdate" : "20150617T101724Z"
  }, {
    "type" : "move",
    "startTime" : "20150617T124749+0900",
    "endTime" : "20150617T125051+0900",
    "activities" : [ {
      "activity" : "cycling",
      "group" : "cycling",
      "manual" : false,
      "startTime" : "20150617T124749+0900",
      "endTime" : "20150617T125050+0900",
      "duration" : 181.0,
      "distance" : 910.0,
      "calories" : 24
    } ],
    "lastUpdate" : "20150617T101724Z"
  }, {
    "type" : "place",
    "startTime" : "20150617T125051+0900",
    "endTime" : "20150617T161954+0900",
    "activities" : [ {
      "activity" : "walking",
      "group" : "walking",
      "manual" : false,
      "startTime" : "20150617T125107+0900",
      "endTime" : "20150617T125207+0900",
      "duration" : 60.0,
      "distance" : 56.0,
      "steps" : 112,
      "calories" : 3
    }, {
      "activity" : "walking",
      "group" : "walking",
      "manual" : false,
      "startTime" : "20150617T143710+0900",
      "endTime" : "20150617T144010+0900",
      "duration" : 180.0,
      "distance" : 145.0,
      "steps" : 194,
      "calories" : 9
    }, {
      "activity" : "walking",
      "group" : "walking",
      "manual" : false,
      "startTime" : "20150617T161604+0900",
      "endTime" : "20150617T161934+0900",
      "duration" : 210.0,
      "distance" : 205.0,
      "steps" : 274,
      "calories" : 12
    } ],
    "lastUpdate" : "20150617T101724Z"
  }, {
    "type" : "move",
    "startTime" : "20150617T161954+0900",
    "endTime" : "20150617T162321+0900",
    "activities" : [ {
      "activity" : "cycling",
      "group" : "cycling",
      "manual" : false,
      "startTime" : "20150617T161954+0900",
      "endTime" : "20150617T162322+0900",
      "duration" : 208.0,
      "distance" : 845.0,
      "calories" : 23
    } ],
    "lastUpdate" : "20150617T101724Z"
  }, {
    "type" : "place",
    "startTime" : "20150617T162321+0900",
    "endTime" : "20150617T173004+0900",
    "activities" : [ {
      "activity" : "walking",
      "group" : "walking",
      "manual" : false,
      "startTime" : "20150617T162335+0900",
      "endTime" : "20150617T162505+0900",
      "duration" : 90.0,
      "distance" : 81.0,
      "steps" : 162,
      "calories" : 5
    }, {
      "activity" : "walking",
      "group" : "walking",
      "manual" : false,
      "startTime" : "20150617T172543+0900",
      "endTime" : "20150617T172713+0900",
      "duration" : 90.0,
      "distance" : 96.0,
      "steps" : 193,
      "calories" : 6
    } ],
    "lastUpdate" : "20150617T131948Z"
  }, {
    "type" : "move",
    "startTime" : "20150617T173004+0900",
    "endTime" : "20150617T173740+0900",
    "activities" : [ {
      "activity" : "cycling",
      "group" : "cycling",
      "manual" : false,
      "startTime" : "20150617T173004+0900",
      "endTime" : "20150617T173741+0900",
      "duration" : 457.0,
      "distance" : 1559.0,
      "calories" : 42
    } ],
    "lastUpdate" : "20150617T131948Z"
  }, {
    "type" : "place",
    "startTime" : "20150617T173740+0900",
    "endTime" : "20150618T132338+0900",
    "activities" : [ {
      "activity" : "walking",
      "group" : "walking",
      "manual" : false,
      "startTime" : "20150617T173743+0900",
      "endTime" : "20150617T173843+0900",
      "duration" : 60.0,
      "distance" : 51.0,
      "steps" : 101,
      "calories" : 3
    } ],
    "lastUpdate" : "20150618T105749Z"
  } ],
  "caloriesIdle" : 1706,
  "lastUpdate" : "20150618T105749Z"
}, {
  "date" : "20150618",
  "summary" : [ {
    "activity" : "cycling",
    "group" : "cycling",
    "duration" : 1076.0,
    "distance" : 3186.0,
    "calories" : 88
  }, {
    "activity" : "walking",
    "group" : "walking",
    "duration" : 452.0,
    "distance" : 495.0,
    "steps" : 828,
    "calories" : 29
  }, {
    "activity" : "transport",
    "group" : "transport",
    "duration" : 583.0,
    "distance" : 746.0
  } ],
  "segments" : [ {
    "type" : "move",
    "startTime" : "20150618T132338+0900",
    "endTime" : "20150618T133045+0900",
    "activities" : [ {
      "activity" : "cycling",
      "group" : "cycling",
      "manual" : false,
      "startTime" : "20150618T132338+0900",
      "endTime" : "20150618T133046+0900",
      "duration" : 428.0,
      "distance" : 670.0,
      "calories" : 21
    } ],
    "lastUpdate" : "20150618T105749Z"
  }, {
    "type" : "place",
    "startTime" : "20150618T133046+0900",
    "endTime" : "20150618T171404+0900",
    "activities" : [ {
      "activity" : "walking",
      "group" : "walking",
      "manual" : false,
      "startTime" : "20150618T143408+0900",
      "endTime" : "20150618T143708+0900",
      "duration" : 180.0,
      "distance" : 243.0,
      "steps" : 324,
      "calories" : 14
    }, {
      "activity" : "walking",
      "group" : "walking",
      "manual" : false,
      "startTime" : "20150618T153855+0900",
      "endTime" : "20150618T153925+0900",
      "duration" : 30.0,
      "distance" : 20.0,
      "steps" : 41,
      "calories" : 1
    }, {
      "activity" : "walking",
      "group" : "walking",
      "manual" : false,
      "startTime" : "20150618T171208+0900",
      "endTime" : "20150618T171308+0900",
      "duration" : 60.0,
      "distance" : 56.0,
      "steps" : 112,
      "calories" : 3
    } ],
    "lastUpdate" : "20150618T105749Z"
  }, {
    "type" : "move",
    "startTime" : "20150618T171404+0900",
    "endTime" : "20150618T171731+0900",
    "activities" : [ {
      "activity" : "cycling",
      "group" : "cycling",
      "manual" : false,
      "startTime" : "20150618T171404+0900",
      "endTime" : "20150618T171732+0900",
      "duration" : 208.0,
      "distance" : 1321.0,
      "calories" : 34
    } ],
    "lastUpdate" : "20150618T105749Z"
  }, {
    "type" : "place",
    "startTime" : "20150618T171731+0900",
    "endTime" : "20150618T172834+0900",
    "activities" : [ {
      "activity" : "walking",
      "group" : "walking",
      "manual" : false,
      "startTime" : "20150618T171809+0900",
      "endTime" : "20150618T171909+0900",
      "duration" : 60.0,
      "distance" : 61.0,
      "steps" : 122,
      "calories" : 4
    } ],
    "lastUpdate" : "20150618T105749Z"
  }, {
    "type" : "move",
    "startTime" : "20150618T172834+0900",
    "endTime" : "20150618T173816+0900",
    "activities" : [ {
      "activity" : "transport",
      "group" : "transport",
      "manual" : false,
      "startTime" : "20150618T172834+0900",
      "endTime" : "20150618T173817+0900",
      "duration" : 583.0,
      "distance" : 746.0
    } ],
    "lastUpdate" : "20150618T105749Z"
  }, {
    "type" : "place",
    "startTime" : "20150618T173817+0900",
    "endTime" : "20150618T174059+0900",
    "activities" : [ {
      "activity" : "walking",
      "group" : "walking",
      "manual" : false,
      "startTime" : "20150618T173917+0900",
      "endTime" : "20150618T174020+0900",
      "duration" : 63.0,
      "distance" : 60.0,
      "steps" : 120,
      "calories" : 4
    } ],
    "lastUpdate" : "20150618T105749Z"
  }, {
    "type" : "move",
    "startTime" : "20150618T174059+0900",
    "endTime" : "20150618T174448+0900",
    "activities" : [ {
      "activity" : "cycling",
      "group" : "cycling",
      "manual" : false,
      "startTime" : "20150618T174059+0900",
      "endTime" : "20150618T174449+0900",
      "duration" : 230.0,
      "distance" : 341.0,
      "calories" : 11
    } ],
    "lastUpdate" : "20150618T105749Z"
  }, {
    "type" : "place",
    "startTime" : "20150618T174449+0900",
    "endTime" : "20150618T174748+0900",
    "activities" : [ {
      "activity" : "walking",
      "group" : "walking",
      "manual" : false,
      "startTime" : "20150618T174449+0900",
      "endTime" : "20150618T174548+0900",
      "duration" : 59.0,
      "distance" : 55.0,
      "steps" : 109,
      "calories" : 3
    } ],
    "lastUpdate" : "20150618T105749Z"
  }, {
    "type" : "move",
    "startTime" : "20150618T174748+0900",
    "endTime" : "20150618T175118+0900",
    "activities" : [ {
      "activity" : "cycling",
      "group" : "cycling",
      "manual" : false,
      "startTime" : "20150618T174748+0900",
      "endTime" : "20150618T175118+0900",
      "duration" : 210.0,
      "distance" : 854.0,
      "calories" : 23
    } ],
    "lastUpdate" : "20150618T105749Z"
  } ],
  "caloriesIdle" : 1706,
  "lastUpdate" : "20150619T025125Z"
}, {
  "date" : "20150619",
  "summary" : [ {
    "activity" : "walking",
    "group" : "walking",
    "duration" : 1734.0,
    "distance" : 1692.0,
    "steps" : 2585,
    "calories" : 100
  }, {
    "activity" : "transport",
    "group" : "transport",
    "duration" : 1001.0,
    "distance" : 2440.0
  }, {
    "activity" : "cycling",
    "group" : "cycling",
    "duration" : 736.0,
    "distance" : 2561.0,
    "calories" : 69
  } ],
  "segments" : [ {
    "type" : "place",
    "startTime" : "20150618T175118+0900",
    "endTime" : "20150619T084025+0900",
    "activities" : [ {
      "activity" : "walking",
      "group" : "walking",
      "manual" : false,
      "startTime" : "20150619T083855+0900",
      "endTime" : "20150619T083925+0900",
      "duration" : 30.0,
      "distance" : 30.0,
      "steps" : 61,
      "calories" : 2
    } ],
    "lastUpdate" : "20150619T025125Z"
  }, {
    "type" : "place",
    "startTime" : "20150619T084151+0900",
    "endTime" : "20150619T095957+0900",
    "activities" : [ {
      "activity" : "walking",
      "group" : "walking",
      "manual" : false,
      "startTime" : "20150619T084355+0900",
      "endTime" : "20150619T084455+0900",
      "duration" : 60.0,
      "distance" : 61.0,
      "steps" : 122,
      "calories" : 4
    } ],
    "lastUpdate" : "20150619T025129Z"
  }, {
    "type" : "move",
    "startTime" : "20150619T095957+0900",
    "endTime" : "20150619T100626+0900",
    "activities" : [ {
      "activity" : "transport",
      "group" : "transport",
      "manual" : false,
      "startTime" : "20150619T095957+0900",
      "endTime" : "20150619T100627+0900",
      "duration" : 390.0,
      "distance" : 681.0
    } ],
    "lastUpdate" : "20150619T025129Z"
  }, {
    "type" : "place",
    "startTime" : "20150619T100627+0900",
    "endTime" : "20150619T102748+0900",
    "activities" : [ {
      "activity" : "walking",
      "group" : "walking",
      "manual" : false,
      "startTime" : "20150619T101616+0900",
      "endTime" : "20150619T102116+0900",
      "duration" : 300.0,
      "distance" : 251.0,
      "steps" : 335,
      "calories" : 15
    } ],
    "lastUpdate" : "20150619T070845Z"
  }, {
    "type" : "move",
    "startTime" : "20150619T124936+0900",
    "endTime" : "20150619T125402+0900",
    "activities" : [ {
      "activity" : "cycling",
      "group" : "cycling",
      "manual" : false,
      "startTime" : "20150619T124936+0900",
      "endTime" : "20150619T125403+0900",
      "duration" : 267.0,
      "distance" : 666.0,
      "calories" : 19
    } ],
    "lastUpdate" : "20150619T070845Z"
  }, {
    "type" : "place",
    "startTime" : "20150619T125402+0900",
    "endTime" : "20150619T134436+0900",
    "activities" : [ {
      "activity" : "walking",
      "group" : "walking",
      "manual" : false,
      "startTime" : "20150619T125540+0900",
      "endTime" : "20150619T125710+0900",
      "duration" : 90.0,
      "distance" : 76.0,
      "steps" : 152,
      "calories" : 5
    } ],
    "lastUpdate" : "20150619T070845Z"
  }, {
    "type" : "move",
    "startTime" : "20150619T134436+0900",
    "endTime" : "20150619T135000+0900",
    "activities" : [ {
      "activity" : "transport",
      "group" : "transport",
      "manual" : false,
      "startTime" : "20150619T134436+0900",
      "endTime" : "20150619T135001+0900",
      "duration" : 325.0,
      "distance" : 509.0
    } ],
    "lastUpdate" : "20150619T070845Z"
  }, {
    "type" : "place",
    "startTime" : "20150619T135001+0900",
    "endTime" : "20150619T160329+0900",
    "activities" : [ {
      "activity" : "walking",
      "group" : "walking",
      "manual" : false,
      "startTime" : "20150619T143026+0900",
      "endTime" : "20150619T143426+0900",
      "duration" : 240.0,
      "distance" : 252.0,
      "steps" : 336,
      "calories" : 15
    }, {
      "activity" : "walking",
      "group" : "walking",
      "manual" : false,
      "startTime" : "20150619T160012+0900",
      "endTime" : "20150619T160338+0900",
      "duration" : 206.0,
      "distance" : 330.0,
      "steps" : 440,
      "calories" : 20
    } ],
    "lastUpdate" : "20150619T101237Z"
  }, {
    "type" : "move",
    "startTime" : "20150619T160329+0900",
    "endTime" : "20150619T160639+0900",
    "activities" : [ {
      "activity" : "cycling",
      "group" : "cycling",
      "manual" : false,
      "startTime" : "20150619T160329+0900",
      "endTime" : "20150619T160640+0900",
      "duration" : 191.0,
      "distance" : 898.0,
      "calories" : 24
    } ],
    "lastUpdate" : "20150619T101237Z"
  }, {
    "type" : "place",
    "startTime" : "20150619T160639+0900",
    "endTime" : "20150619T162411+0900",
    "activities" : [ {
      "activity" : "walking",
      "group" : "walking",
      "manual" : false,
      "startTime" : "20150619T160800+0900",
      "endTime" : "20150619T160930+0900",
      "duration" : 90.0,
      "distance" : 71.0,
      "steps" : 142,
      "calories" : 4
    } ],
    "lastUpdate" : "20150619T101239Z"
  }, {
    "type" : "move",
    "startTime" : "20150619T162411+0900",
    "endTime" : "20150619T162741+0900",
    "activities" : [ {
      "activity" : "transport",
      "group" : "transport",
      "manual" : false,
      "startTime" : "20150619T162411+0900",
      "endTime" : "20150619T162537+0900",
      "duration" : 86.0,
      "distance" : 577.0
    }, {
      "activity" : "walking",
      "group" : "walking",
      "manual" : false,
      "startTime" : "20150619T162537+0900",
      "endTime" : "20150619T162741+0900",
      "duration" : 124.0,
      "distance" : 159.0,
      "steps" : 241,
      "calories" : 9
    } ],
    "lastUpdate" : "20150619T101239Z"
  }, {
    "type" : "move",
    "startTime" : "20150619T172216+0900",
    "endTime" : "20150619T172818+0900",
    "activities" : [ {
      "activity" : "walking",
      "group" : "walking",
      "manual" : false,
      "startTime" : "20150619T172216+0900",
      "endTime" : "20150619T172459+0900",
      "duration" : 163.0,
      "distance" : 160.0,
      "steps" : 319,
      "calories" : 9
    }, {
      "activity" : "transport",
      "group" : "transport",
      "manual" : false,
      "startTime" : "20150619T172459+0900",
      "endTime" : "20150619T172819+0900",
      "duration" : 200.0,
      "distance" : 673.0
    } ],
    "lastUpdate" : "20150619T101239Z"
  }, {
    "type" : "place",
    "startTime" : "20150619T172833+0900",
    "endTime" : "20150619T191452+0900",
    "activities" : [ {
      "activity" : "walking",
      "group" : "walking",
      "manual" : false,
      "startTime" : "20150619T172959+0900",
      "endTime" : "20150619T173029+0900",
      "duration" : 30.0,
      "distance" : 15.0,
      "steps" : 30,
      "calories" : 1
    }, {
      "activity" : "walking",
      "group" : "walking",
      "manual" : false,
      "startTime" : "20150619T185416+0900",
      "endTime" : "20150619T185446+0900",
      "duration" : 30.0,
      "distance" : 15.0,
      "steps" : 21,
      "calories" : 1
    }, {
      "activity" : "walking",
      "group" : "walking",
      "manual" : false,
      "startTime" : "20150619T191034+0900",
      "endTime" : "20150619T191322+0900",
      "duration" : 168.0,
      "distance" : 128.0,
      "steps" : 171,
      "calories" : 8
    } ],
    "lastUpdate" : "20150619T120043Z"
  }, {
    "type" : "move",
    "startTime" : "20150619T191452+0900",
    "endTime" : "20150619T191931+0900",
    "activities" : [ {
      "activity" : "cycling",
      "group" : "cycling",
      "manual" : false,
      "startTime" : "20150619T191452+0900",
      "endTime" : "20150619T191930+0900",
      "duration" : 278.0,
      "distance" : 997.0,
      "calories" : 27
    } ],
    "lastUpdate" : "20150619T120043Z"
  }, {
    "type" : "place",
    "startTime" : "20150619T191931+0900",
    "endTime" : "20150620T094140+0900",
    "activities" : [ {
      "activity" : "walking",
      "group" : "walking",
      "manual" : false,
      "startTime" : "20150619T191931+0900",
      "endTime" : "20150619T192154+0900",
      "duration" : 143.0,
      "distance" : 108.0,
      "steps" : 144,
      "calories" : 6
    }, {
      "activity" : "walking",
      "group" : "walking",
      "manual" : false,
      "startTime" : "20150619T223351+0900",
      "endTime" : "20150619T223451+0900",
      "duration" : 60.0,
      "distance" : 36.0,
      "steps" : 71,
      "calories" : 2
    } ],
    "lastUpdate" : "20150620T034701Z"
  } ],
  "caloriesIdle" : 1706,
  "lastUpdate" : "20150620T034701Z"
}, {
  "date" : "20150620",
  "summary" : [ {
    "activity" : "walking",
    "group" : "walking",
    "duration" : 2141.0,
    "distance" : 2201.0,
    "steps" : 3126,
    "calories" : 130
  }, {
    "activity" : "cycling",
    "group" : "cycling",
    "duration" : 974.0,
    "distance" : 2659.0,
    "calories" : 74
  }, {
    "activity" : "transport",
    "group" : "transport",
    "duration" : 741.0,
    "distance" : 2493.0
  } ],
  "segments" : [ {
    "type" : "place",
    "startTime" : "20150619T191931+0900",
    "endTime" : "20150620T094140+0900",
    "activities" : [ {
      "activity" : "walking",
      "group" : "walking",
      "manual" : false,
      "startTime" : "20150620T062621+0900",
      "endTime" : "20150620T062651+0900",
      "duration" : 30.0,
      "distance" : 25.0,
      "steps" : 51,
      "calories" : 1
    }, {
      "activity" : "walking",
      "group" : "walking",
      "manual" : false,
      "startTime" : "20150620T090139+0900",
      "endTime" : "20150620T090309+0900",
      "duration" : 90.0,
      "distance" : 61.0,
      "steps" : 122,
      "calories" : 4
    } ],
    "lastUpdate" : "20150620T034701Z"
  }, {
    "type" : "move",
    "startTime" : "20150620T094140+0900",
    "endTime" : "20150620T094445+0900",
    "activities" : [ {
      "activity" : "cycling",
      "group" : "cycling",
      "manual" : false,
      "startTime" : "20150620T094140+0900",
      "endTime" : "20150620T094445+0900",
      "duration" : 185.0,
      "distance" : 828.0,
      "calories" : 22
    } ],
    "lastUpdate" : "20150620T034701Z"
  }, {
    "type" : "place",
    "startTime" : "20150620T094445+0900",
    "endTime" : "20150620T100006+0900",
    "activities" : [ {
      "activity" : "walking",
      "group" : "walking",
      "manual" : false,
      "startTime" : "20150620T094445+0900",
      "endTime" : "20150620T095013+0900",
      "duration" : 328.0,
      "distance" : 401.0,
      "steps" : 535,
      "calories" : 24
    } ],
    "lastUpdate" : "20150620T052946Z"
  }, {
    "type" : "place",
    "startTime" : "20150620T124423+0900",
    "endTime" : "20150620T124652+0900",
    "activities" : [ {
      "activity" : "walking",
      "group" : "walking",
      "manual" : false,
      "startTime" : "20150620T124507+0900",
      "endTime" : "20150620T124537+0900",
      "duration" : 30.0,
      "distance" : 25.0,
      "steps" : 50,
      "calories" : 1
    } ],
    "lastUpdate" : "20150620T052946Z"
  }, {
    "type" : "move",
    "startTime" : "20150620T124652+0900",
    "endTime" : "20150620T125441+0900",
    "activities" : [ {
      "activity" : "cycling",
      "group" : "cycling",
      "manual" : false,
      "startTime" : "20150620T124652+0900",
      "endTime" : "20150620T125026+0900",
      "duration" : 214.0,
      "distance" : 1223.0,
      "calories" : 32
    }, {
      "activity" : "walking",
      "group" : "walking",
      "manual" : false,
      "startTime" : "20150620T125025+0900",
      "endTime" : "20150620T125237+0900",
      "duration" : 132.0,
      "distance" : 128.0,
      "steps" : 257,
      "calories" : 8
    }, {
      "activity" : "cycling",
      "group" : "cycling",
      "manual" : false,
      "startTime" : "20150620T125237+0900",
      "endTime" : "20150620T125441+0900",
      "duration" : 124.0,
      "distance" : 469.0,
      "calories" : 13
    } ],
    "lastUpdate" : "20150620T052946Z"
  }, {
    "type" : "place",
    "startTime" : "20150620T125441+0900",
    "endTime" : "20150620T140711+0900",
    "activities" : [ {
      "activity" : "walking",
      "group" : "walking",
      "manual" : false,
      "startTime" : "20150620T125538+0900",
      "endTime" : "20150620T125638+0900",
      "duration" : 60.0,
      "distance" : 46.0,
      "steps" : 91,
      "calories" : 3
    }, {
      "activity" : "walking",
      "group" : "walking",
      "manual" : false,
      "startTime" : "20150620T130138+0900",
      "endTime" : "20150620T132609+0900",
      "duration" : 1471.0,
      "distance" : 1515.0,
      "steps" : 2020,
      "calories" : 90
    } ],
    "lastUpdate" : "20150620T065946Z"
  }, {
    "type" : "move",
    "startTime" : "20150620T140711+0900",
    "endTime" : "20150620T142703+0900",
    "activities" : [ {
      "activity" : "cycling",
      "group" : "cycling",
      "manual" : false,
      "startTime" : "20150620T140711+0900",
      "endTime" : "20150620T141442+0900",
      "duration" : 451.0,
      "distance" : 139.0,
      "calories" : 8
    }, {
      "activity" : "transport",
      "group" : "transport",
      "manual" : false,
      "startTime" : "20150620T141442+0900",
      "endTime" : "20150620T142703+0900",
      "duration" : 741.0,
      "distance" : 2493.0
    } ],
    "lastUpdate" : "20150620T065946Z"
  } ],
  "caloriesIdle" : 1706,
  "lastUpdate" : "20150621T053419Z"
}, {
  "date" : "20150621",
  "summary" : [ {
    "activity" : "walking",
    "group" : "walking",
    "duration" : 7207.0,
    "distance" : 8202.0,
    "steps" : 10752,
    "calories" : 486
  }, {
    "activity" : "transport",
    "group" : "transport",
    "duration" : 1650.0,
    "distance" : 8511.0
  }, {
    "activity" : "running",
    "group" : "running",
    "duration" : 151.0,
    "distance" : 430.0,
    "steps" : 408,
    "calories" : 31
  }, {
    "activity" : "cycling",
    "group" : "cycling",
    "duration" : 516.0,
    "distance" : 1755.0,
    "calories" : 48
  } ],
  "segments" : [ {
    "type" : "place",
    "startTime" : "20150620T142703+0900",
    "endTime" : "20150621T121549+0900",
    "activities" : [ {
      "activity" : "walking",
      "group" : "walking",
      "manual" : false,
      "startTime" : "20150621T113218+0900",
      "endTime" : "20150621T113248+0900",
      "duration" : 30.0,
      "distance" : 20.0,
      "steps" : 41,
      "calories" : 1
    }, {
      "activity" : "walking",
      "group" : "walking",
      "manual" : false,
      "startTime" : "20150621T121449+0900",
      "endTime" : "20150621T125056+0900",
      "duration" : 2167.0,
      "distance" : 2472.0,
      "steps" : 3296,
      "calories" : 146
    } ],
    "lastUpdate" : "20150621T053419Z"
  }, {
    "type" : "move",
    "startTime" : "20150621T121549+0900",
    "endTime" : "20150621T130225+0900",
    "activities" : [ {
      "activity" : "running",
      "group" : "running",
      "manual" : false,
      "startTime" : "20150621T121549+0900",
      "endTime" : "20150621T121820+0900",
      "duration" : 151.0,
      "distance" : 430.0,
      "steps" : 408,
      "calories" : 31
    }, {
      "activity" : "transport",
      "group" : "transport",
      "manual" : false,
      "startTime" : "20150621T121819+0900",
      "endTime" : "20150621T123150+0900",
      "duration" : 811.0,
      "distance" : 5539.0
    }, {
      "activity" : "walking",
      "group" : "walking",
      "manual" : false,
      "startTime" : "20150621T123150+0900",
      "endTime" : "20150621T124923+0900",
      "duration" : 1053.0,
      "distance" : 1676.0,
      "steps" : 1842,
      "calories" : 99
    }, {
      "activity" : "transport",
      "group" : "transport",
      "manual" : false,
      "startTime" : "20150621T124923+0900",
      "endTime" : "20150621T125253+0900",
      "duration" : 210.0,
      "distance" : 1576.0
    }, {
      "activity" : "walking",
      "group" : "walking",
      "manual" : false,
      "startTime" : "20150621T125253+0900",
      "endTime" : "20150621T130225+0900",
      "duration" : 572.0,
      "distance" : 788.0,
      "steps" : 783,
      "calories" : 47
    } ],
    "lastUpdate" : "20150621T053419Z"
  }, {
    "type" : "place",
    "startTime" : "20150621T130225+0900",
    "endTime" : "20150621T180158+0900",
    "activities" : [ {
      "activity" : "walking",
      "group" : "walking",
      "manual" : false,
      "startTime" : "20150621T130254+0900",
      "endTime" : "20150621T130754+0900",
      "duration" : 300.0,
      "distance" : 357.0,
      "steps" : 476,
      "calories" : 21
    }, {
      "activity" : "walking",
      "group" : "walking",
      "manual" : false,
      "startTime" : "20150621T140739+0900",
      "endTime" : "20150621T141715+0900",
      "duration" : 576.0,
      "distance" : 651.0,
      "steps" : 868,
      "calories" : 39
    }, {
      "activity" : "walking",
      "group" : "walking",
      "manual" : false,
      "startTime" : "20150621T150054+0900",
      "endTime" : "20150621T151444+0900",
      "duration" : 830.0,
      "distance" : 857.0,
      "steps" : 1142,
      "calories" : 51
    }, {
      "activity" : "walking",
      "group" : "walking",
      "manual" : false,
      "startTime" : "20150621T161905+0900",
      "endTime" : "20150621T162623+0900",
      "duration" : 438.0,
      "distance" : 523.0,
      "steps" : 697,
      "calories" : 31
    }, {
      "activity" : "walking",
      "group" : "walking",
      "manual" : false,
      "startTime" : "20150621T175741+0900",
      "endTime" : "20150621T175941+0900",
      "duration" : 120.0,
      "distance" : 167.0,
      "steps" : 223,
      "calories" : 10
    } ],
    "lastUpdate" : "20150621T135232Z"
  }, {
    "type" : "move",
    "startTime" : "20150621T211551+0900",
    "endTime" : "20150621T212216+0900",
    "activities" : [ {
      "activity" : "cycling",
      "group" : "cycling",
      "manual" : false,
      "startTime" : "20150621T211551+0900",
      "endTime" : "20150621T212216+0900",
      "duration" : 385.0,
      "distance" : 1330.0,
      "calories" : 36
    } ],
    "lastUpdate" : "20150621T135233Z"
  }, {
    "type" : "place",
    "startTime" : "20150621T212216+0900",
    "endTime" : "20150621T213226+0900",
    "activities" : [ {
      "activity" : "walking",
      "group" : "walking",
      "manual" : false,
      "startTime" : "20150621T213106+0900",
      "endTime" : "20150621T213136+0900",
      "duration" : 30.0,
      "distance" : 25.0,
      "steps" : 51,
      "calories" : 1
    } ],
    "lastUpdate" : "20150621T135233Z"
  }, {
    "type" : "move",
    "startTime" : "20150621T213226+0900",
    "endTime" : "20150621T220006+0900",
    "activities" : [ {
      "activity" : "walking",
      "group" : "walking",
      "manual" : false,
      "startTime" : "20150621T213226+0900",
      "endTime" : "20150621T214937+0900",
      "duration" : 1031.0,
      "distance" : 615.0,
      "steps" : 1231,
      "calories" : 36
    }, {
      "activity" : "transport",
      "group" : "transport",
      "manual" : false,
      "startTime" : "20150621T214937+0900",
      "endTime" : "20150621T220006+0900",
      "duration" : 629.0,
      "distance" : 1396.0
    } ],
    "lastUpdate" : "20150621T135233Z"
  }, {
    "type" : "move",
    "startTime" : "20150621T224126+0900",
    "endTime" : "20150621T224337+0900",
    "activities" : [ {
      "activity" : "cycling",
      "group" : "cycling",
      "manual" : false,
      "startTime" : "20150621T224126+0900",
      "endTime" : "20150621T224337+0900",
      "duration" : 131.0,
      "distance" : 425.0,
      "calories" : 12
    } ],
    "lastUpdate" : "20150621T165250Z"
  }, {
    "type" : "place",
    "startTime" : "20150621T224337+0900",
    "endTime" : "20150623T075716+0900",
    "activities" : [ {
      "activity" : "walking",
      "group" : "walking",
      "manual" : false,
      "startTime" : "20150621T224358+0900",
      "endTime" : "20150621T224458+0900",
      "duration" : 60.0,
      "distance" : 51.0,
      "steps" : 102,
      "calories" : 3
    } ],
    "lastUpdate" : "20150623T003237Z"
  } ],
  "caloriesIdle" : 1706,
  "lastUpdate" : "20150623T003237Z"
} ]