[ {
  "date" : "20180521",
  "summary" : [ {
    "activity" : "cycling",
    "group" : "cycling",
    "duration" : 528.0,
    "distance" : 2170.0,
    "calories" : 54
  }, {
    "activity" : "walking",
    "group" : "walking",
    "duration" : 709.0,
    "distance" : 697.0,
    "steps" : 582,
    "calories" : 39
  } ],
  "segments" : [ {
    "type" : "move",
    "startTime" : "20180521T125904+0900",
    "endTime" : "20180521T130257+0900",
    "activities" : [ {
      "activity" : "cycling",
      "group" : "cycling",
      "manual" : false,
      "startTime" : "20180521T125904+0900",
      "endTime" : "20180521T130257+0900",
      "duration" : 233.0,
      "distance" : 1044.0,
      "calories" : 26
    } ],
    "lastUpdate" : "20180521T075617Z"
  }, {
    "type" : "place",
    "startTime" : "20180521T130257+0900",
    "endTime" : "20180521T165354+0900",
    "activities" : [ {
      "activity" : "walking",
      "group" : "walking",
      "manual" : false,
      "startTime" : "20180521T130257+0900",
      "endTime" : "20180521T130430+0900",
      "duration" : 93.0,
      "distance" : 70.0,
      "steps" : 140,
      "calories" : 4
    }, {
      "activity" : "walking",
      "group" : "walking",
      "manual" : false,
      "startTime" : "20180521T143007+0900",
      "endTime" : "20180521T143042+0900",
      "duration" : 35.0,
      "distance" : 25.0,
      "steps" : 51,
      "calories" : 1
    }, {
      "activity" : "walking",
      "group" : "walking",
      "manual" : false,
      "startTime" : "20180521T150911+0900",
      "endTime" : "20180521T151422+0900",
      "duration" : 311.0,
      "distance" : 233.0,
      "steps" : 0,
      "calories" : 13
    }, {
      "activity" : "walking",
      "group" : "walking",
      "manual" : false,
      "startTime" : "20180521T164912+0900",
      "endTime" : "20180521T165024+0900",
      "duration" : 72.0,
      "distance" : 54.0,
      "steps" : 108,
      "calories" : 3
    } ],
    "lastUpdate" : "20180522T002221Z"
  }, {
    "type" : "move",
    "startTime" : "20180521T165354+0900",
    "endTime" : "20180521T170114+0900",
    "activities" : [ {
      "activity" : "walking",
      "group" : "walking",
      "manual" : false,
      "startTime" : "20180521T165354+0900",
      "endTime" : "20180521T165619+0900",
      "duration" : 145.0,
      "distance" : 275.0,
      "steps" : 203,
      "calories" : 15
    }, {
      "activity" : "cycling",
      "group" : "cycling",
      "manual" : false,
      "startTime" : "20180521T165619+0900",
      "endTime" : "20180521T170114+0900",
      "duration" : 295.0,
      "distance" : 1126.0,
      "calories" : 28
    } ],
    "lastUpdate" : "20180522T002221Z"
  }, {
    "type" : "place",
    "startTime" : "20180521T170114+0900",
    "endTime" : "20180522T092103+0900",
    "activities" : [ {
      "activity" : "walking",
      "group" : "walking",
      "manual" : false,
      "startTime" : "20180521T170114+0900",
      "endTime" : "20180521T170207+0900",
      "duration" : 53.0,
      "distance" : 40.0,
      "steps" : 80,
      "calories" : 2
    } ],
    "lastUpdate" : "20180522T012246Z"
  } ],
  "caloriesIdle" : 1591,
  "lastUpdate" : "20180522T012246Z"
}, {
  "date" : "20180522",
  "summary" : [ {
    "activity" : "walking",
    "group" : "walking",
    "duration" : 981.0,
    "distance" : 921.0,
    "steps" : 819,
    "calories" : 51
  }, {
    "activity" : "cycling",
    "group" : "cycling",
    "duration" : 309.0,
    "distance" : 1027.0,
    "calories" : 26
  } ],
  "segments" : [ {
    "type" : "place",
    "startTime" : "20180521T170114+0900",
    "endTime" : "20180522T092103+0900",
    "activities" : [ {
      "activity" : "walking",
      "group" : "walking",
      "manual" : false,
      "startTime" : "20180522T092012+0900",
      "endTime" : "20180522T092103+0900",
      "duration" : 51.0,
      "distance" : 25.0,
      "steps" : 35,
      "calories" : 1
    } ],
    "lastUpdate" : "20180522T012246Z"
  }, {
    "type" : "move",
    "startTime" : "20180522T092103+0900",
    "endTime" : "20180522T092613+0900",
    "activities" : [ {
      "activity" : "cycling",
      "group" : "cycling",
      "manual" : false,
      "startTime" : "20180522T092103+0900",
      "endTime" : "20180522T092612+0900",
      "duration" : 309.0,
      "distance" : 1027.0,
      "calories" : 26
    } ],
    "lastUpdate" : "20180522T012246Z"
  }, {
    "type" : "place",
    "startTime" : "20180522T092613+0900",
    "endTime" : "20180522T101846+0900",
    "activities" : [ {
      "activity" : "walking",
      "group" : "walking",
      "manual" : false,
      "startTime" : "20180522T092613+0900",
      "endTime" : "20180522T092812+0900",
      "duration" : 119.0,
      "distance" : 89.0,
      "steps" : 179,
      "calories" : 5
    }, {
      "activity" : "walking",
      "group" : "walking",
      "manual" : false,
      "startTime" : "20180522T100218+0900",
      "endTime" : "20180522T101056+0900",
      "duration" : 518.0,
      "distance" : 388.0,
      "steps" : 183,
      "calories" : 21
    } ],
    "lastUpdate" : "20180522T040033Z"
  }, {
    "type" : "move",
    "startTime" : "20180522T101846+0900",
    "endTime" : "20180522T102142+0900",
    "activities" : [ {
      "activity" : "walking",
      "group" : "walking",
      "manual" : false,
      "startTime" : "20180522T101846+0900",
      "endTime" : "20180522T102142+0900",
      "duration" : 176.0,
      "distance" : 331.0,
      "steps" : 246,
      "calories" : 18
    } ],
    "lastUpdate" : "20180522T040033Z"
  }, {
    "type" : "place",
    "startTime" : "20180522T102202+0900",
    "endTime" : "20180522T144834+0900",
    "activities" : [ {
      "activity" : "walking",
      "group" : "walking",
      "manual" : false,
      "startTime" : "20180522T144548+0900",
      "endTime" : "20180522T144745+0900",
      "duration" : 117.0,
      "distance" : 88.0,
      "steps" : 176,
      "calories" : 5
    } ],
    "lastUpdate" : "20180522T054837Z"
  } ],
  "caloriesIdle" : 1591,
  "lastUpdate" : "20180522T054837Z"
}, {
  "date" : "20180524",
  "summary" : [ {
    "activity" : "cycling",
    "group" : "cycling",
    "duration" : 492.0,
    "distance" : 2210.0,
    "calories" : 55
  }, {
    "activity" : "walking",
    "group" : "walking",
    "duration" : 94.0,
    "distance" : 71.0,
    "steps" : 142,
    "calories" : 4
  } ],
  "segments" : [ {
    "type" : "move",
    "startTime" : "20180524T132220+0900",
    "endTime" : "20180524T132638+0900",
    "activities" : [ {
      "activity" : "cycling",
      "group" : "cycling",
      "manual" : false,
      "startTime" : "20180524T132220+0900",
      "endTime" : "20180524T132638+0900",
      "duration" : 258.0,
      "distance" : 1078.0,
      "calories" : 27
    } ],
    "lastUpdate" : "20180524T092040Z"
  }, {
    "type" : "move",
    "startTime" : "20180524T182036+0900",
    "endTime" : "20180524T182430+0900",
    "activities" : [ {
      "activity" : "cycling",
      "group" : "cycling",
      "manual" : false,
      "startTime" : "20180524T182036+0900",
      "endTime" : "20180524T182430+0900",
      "duration" : 234.0,
      "distance" : 1132.0,
      "calories" : 28
    } ],
    "lastUpdate" : "20180525T071851Z"
  }, {
    "type" : "place",
    "startTime" : "20180524T182430+0900",
    "endTime" : "20180524T183508+0900",
    "activities" : [ {
      "activity" : "walking",
      "group" : "walking",
      "manual" : false,
      "startTime" : "20180524T182430+0900",
      "endTime" : "20180524T182604+0900",
      "duration" : 94.0,
      "distance" : 71.0,
      "steps" : 142,
      "calories" : 4
    } ],
    "lastUpdate" : "20180525T091319Z"
  }, {
    "type" : "place",
    "startTime" : "20180524T183508+0900",
    "endTime" : "20180525T161752+0900",
    "activities" : [ {
      "activity" : "walking",
      "group" : "walking",
      "manual" : false,
      "startTime" : "20180524T183623+0900",
      "endTime" : "20180524T183623+0900",
      "duration" : 0.0,
      "distance" : 0.0,
      "steps" : 0,
      "calories" : 0
    } ],
    "lastUpdate" : "20180525T091319Z"
  } ],
  "caloriesIdle" : 1591,
  "lastUpdate" : "20180525T091319Z"
}, {
  "date" : "20180525",
  "summary" : [ {
    "activity" : "walking",
    "group" : "walking",
    "duration" : 1005.0,
    "distance" : 1107.0,
    "steps" : 1512,
    "calories" : 61
  }, {
    "activity" : "cycling",
    "group" : "cycling",
    "duration" : 715.0,
    "distance" : 3261.0,
    "calories" : 80
  } ],
  "segments" : [ {
    "type" : "place",
    "startTime" : "20180524T183508+0900",
    "endTime" : "20180525T161752+0900",
    "activities" : [ {
      "activity" : "walking",
      "group" : "walking",
      "manual" : false,
      "startTime" : "20180525T161654+0900",
      "endTime" : "20180525T161752+0900",
      "duration" : 58.0,
      "distance" : 35.0,
      "steps" : 70,
      "calories" : 2
    } ],
    "lastUpdate" : "20180525T091319Z"
  }, {
    "type" : "move",
    "startTime" : "20180525T161752+0900",
    "endTime" : "20180525T162241+0900",
    "activities" : [ {
      "activity" : "walking",
      "group" : "walking",
      "manual" : false,
      "startTime" : "20180525T161752+0900",
      "endTime" : "20180525T161850+0900",
      "duration" : 58.0,
      "distance" : 84.0,
      "steps" : 70,
      "calories" : 5
    }, {
      "activity" : "cycling",
      "group" : "cycling",
      "manual" : false,
      "startTime" : "20180525T161851+0900",
      "endTime" : "20180525T162241+0900",
      "duration" : 230.0,
      "distance" : 1101.0,
      "calories" : 27
    } ],
    "lastUpdate" : "20180525T091319Z"
  }, {
    "type" : "place",
    "startTime" : "20180525T162241+0900",
    "endTime" : "20180525T181043+0900",
    "activities" : [ {
      "activity" : "walking",
      "group" : "walking",
      "manual" : false,
      "startTime" : "20180525T162241+0900",
      "endTime" : "20180525T162434+0900",
      "duration" : 113.0,
      "distance" : 85.0,
      "steps" : 170,
      "calories" : 5
    }, {
      "activity" : "walking",
      "group" : "walking",
      "manual" : false,
      "startTime" : "20180525T180733+0900",
      "endTime" : "20180525T181042+0900",
      "duration" : 189.0,
      "distance" : 247.0,
      "steps" : 329,
      "calories" : 14
    } ],
    "lastUpdate" : "20180525T095226Z"
  }, {
    "type" : "move",
    "startTime" : "20180525T181043+0900",
    "endTime" : "20180525T181404+0900",
    "activities" : [ {
      "activity" : "walking",
      "group" : "walking",
      "manual" : false,
      "startTime" : "20180525T181043+0900",
      "endTime" : "20180525T181403+0900",
      "duration" : 200.0,
      "distance" : 284.0,
      "steps" : 291,
      "calories" : 16
    } ],
    "lastUpdate" : "20180525T095226Z"
  }, {
    "type" : "place",
    "startTime" : "20180525T181404+0900",
    "endTime" : "20180525T181745+0900",
    "activities" : [ {
      "activity" : "walking",
      "group" : "walking",
      "manual" : false,
      "startTime" : "20180525T181616+0900",
      "endTime" : "20180525T181741+0900",
      "duration" : 85.0,
      "distance" : 64.0,
      "steps" : 128,
      "calories" : 4
    } ],
    "lastUpdate" : "20180525T095226Z"
  }, {
    "type" : "move",
    "startTime" : "20180525T181745+0900",
    "endTime" : "20180525T182138+0900",
    "activities" : [ {
      "activity" : "cycling",
      "group" : "cycling",
      "manual" : false,
      "startTime" : "20180525T181745+0900",
      "endTime" : "20180525T182138+0900",
      "duration" : 233.0,
      "distance" : 1040.0,
      "calories" : 26
    } ],
    "lastUpdate" : "20180525T095226Z"
  }, {
    "type" : "place",
    "startTime" : "20180525T182138+0900",
    "endTime" : "20180525T185128+0900",
    "activities" : [ {
      "activity" : "walking",
      "group" : "walking",
      "manual" : false,
      "startTime" : "20180525T182146+0900",
      "endTime" : "20180525T182521+0900",
      "duration" : 215.0,
      "distance" : 243.0,
      "steps" : 324,
      "calories" : 13
    } ],
    "lastUpdate" : "20180525T113629Z"
  }, {
    "type" : "move",
    "startTime" : "20180525T185128+0900",
    "endTime" : "20180525T185540+0900",
    "activities" : [ {
      "activity" : "cycling",
      "group" : "cycling",
      "manual" : false,
      "startTime" : "20180525T185128+0900",
      "endTime" : "20180525T185540+0900",
      "duration" : 252.0,
      "distance" : 1120.0,
      "calories" : 28
    } ],
    "lastUpdate" : "20180525T113629Z"
  }, {
    "type" : "place",
    "startTime" : "20180525T185540+0900",
    "endTime" : "20180525T203614+0900",
    "activities" : [ {
      "activity" : "walking",
      "group" : "walking",
      "manual" : false,
      "startTime" : "20180525T185540+0900",
      "endTime" : "20180525T185707+0900",
      "duration" : 87.0,
      "distance" : 65.0,
      "steps" : 130,
      "calories" : 4
    } ],
    "lastUpdate" : "20180525T113630Z"
  } ],
  "caloriesIdle" : 1591,
  "lastUpdate" : "20180525T113630Z"
} ]