[ {
  "date" : "20170717",
  "summary" : null,
  "segments" : null,
  "caloriesIdle" : 1596,
  "lastUpdate" : "20170718T005457Z"
}, {
  "date" : "20170718",
  "summary" : [ {
    "activity" : "walking",
    "group" : "walking",
    "duration" : 2668.0,
    "distance" : 2455.0,
    "steps" : 3663,
    "calories" : 136
  }, {
    "activity" : "cycling",
    "group" : "cycling",
    "duration" : 1364.0,
    "distance" : 6571.0,
    "calories" : 162
  }, {
    "activity" : "transport",
    "group" : "transport",
    "duration" : 569.0,
    "distance" : 858.0
  } ],
  "segments" : [ {
    "type" : "place",
    "startTime" : "20170717T095455+0900",
    "endTime" : "20170718T091828+0900",
    "activities" : [ {
      "activity" : "walking",
      "group" : "walking",
      "manual" : false,
      "startTime" : "20170718T050724+0900",
      "endTime" : "20170718T050727+0900",
      "duration" : 3.0,
      "distance" : 2.0,
      "steps" : 4,
      "calories" : 0
    }, {
      "activity" : "walking",
      "group" : "walking",
      "manual" : false,
      "startTime" : "20170718T091638+0900",
      "endTime" : "20170718T093030+0900",
      "duration" : 832.0,
      "distance" : 832.0,
      "steps" : 1109,
      "calories" : 46
    } ],
    "lastUpdate" : "20170718T005457Z"
  }, {
    "type" : "move",
    "startTime" : "20170718T091828+0900",
    "endTime" : "20170718T092236+0900",
    "activities" : [ {
      "activity" : "cycling",
      "group" : "cycling",
      "manual" : false,
      "startTime" : "20170718T091828+0900",
      "endTime" : "20170718T092236+0900",
      "duration" : 248.0,
      "distance" : 1390.0,
      "calories" : 34
    } ],
    "lastUpdate" : "20170718T005457Z"
  }, {
    "type" : "place",
    "startTime" : "20170718T092236+0900",
    "endTime" : "20170718T125716+0900",
    "activities" : [ {
      "activity" : "walking",
      "group" : "walking",
      "manual" : false,
      "startTime" : "20170718T092236+0900",
      "endTime" : "20170718T092432+0900",
      "duration" : 116.0,
      "distance" : 88.0,
      "steps" : 177,
      "calories" : 5
    }, {
      "activity" : "walking",
      "group" : "walking",
      "manual" : false,
      "startTime" : "20170718T100307+0900",
      "endTime" : "20170718T100319+0900",
      "duration" : 12.0,
      "distance" : 8.0,
      "steps" : 16,
      "calories" : 0
    }, {
      "activity" : "walking",
      "group" : "walking",
      "manual" : false,
      "startTime" : "20170718T124740+0900",
      "endTime" : "20170718T125123+0900",
      "duration" : 223.0,
      "distance" : 254.0,
      "steps" : 339,
      "calories" : 14
    } ],
    "lastUpdate" : "20170718T053043Z"
  }, {
    "type" : "move",
    "startTime" : "20170718T125716+0900",
    "endTime" : "20170718T131235+0900",
    "activities" : [ {
      "activity" : "walking",
      "group" : "walking",
      "manual" : false,
      "startTime" : "20170718T125716+0900",
      "endTime" : "20170718T130654+0900",
      "duration" : 578.0,
      "distance" : 541.0,
      "steps" : 749,
      "calories" : 30
    }, {
      "activity" : "cycling",
      "group" : "cycling",
      "manual" : false,
      "startTime" : "20170718T130654+0900",
      "endTime" : "20170718T131234+0900",
      "duration" : 340.0,
      "distance" : 1400.0,
      "calories" : 35
    } ],
    "lastUpdate" : "20170718T053043Z"
  }, {
    "type" : "place",
    "startTime" : "20170718T131235+0900",
    "endTime" : "20170718T144255+0900",
    "activities" : [ {
      "activity" : "walking",
      "group" : "walking",
      "manual" : false,
      "startTime" : "20170718T131235+0900",
      "endTime" : "20170718T131318+0900",
      "duration" : 43.0,
      "distance" : 28.0,
      "steps" : 57,
      "calories" : 2
    }, {
      "activity" : "walking",
      "group" : "walking",
      "manual" : false,
      "startTime" : "20170718T144106+0900",
      "endTime" : "20170718T144314+0900",
      "duration" : 128.0,
      "distance" : 128.0,
      "steps" : 171,
      "calories" : 7
    } ],
    "lastUpdate" : "20170718T070542Z"
  }, {
    "type" : "move",
    "startTime" : "20170718T144255+0900",
    "endTime" : "20170718T144734+0900",
    "activities" : [ {
      "activity" : "cycling",
      "group" : "cycling",
      "manual" : false,
      "startTime" : "20170718T144255+0900",
      "endTime" : "20170718T144734+0900",
      "duration" : 279.0,
      "distance" : 1397.0,
      "calories" : 34
    } ],
    "lastUpdate" : "20170718T070542Z"
  }, {
    "type" : "place",
    "startTime" : "20170718T144735+0900",
    "endTime" : "20170718T160021+0900",
    "activities" : [ {
      "activity" : "walking",
      "group" : "walking",
      "manual" : false,
      "startTime" : "20170718T144735+0900",
      "endTime" : "20170718T144908+0900",
      "duration" : 93.0,
      "distance" : 68.0,
      "steps" : 136,
      "calories" : 4
    }, {
      "activity" : "walking",
      "group" : "walking",
      "manual" : false,
      "startTime" : "20170718T155819+0900",
      "endTime" : "20170718T155943+0900",
      "duration" : 84.0,
      "distance" : 61.0,
      "steps" : 122,
      "calories" : 3
    }, {
      "activity" : "walking",
      "group" : "walking",
      "manual" : false,
      "startTime" : "20170718T160000+0900",
      "endTime" : "20170718T160108+0900",
      "duration" : 68.0,
      "distance" : 45.0,
      "steps" : 90,
      "calories" : 2
    } ],
    "lastUpdate" : "20170718T083616Z"
  }, {
    "type" : "move",
    "startTime" : "20170718T160021+0900",
    "endTime" : "20170718T160430+0900",
    "activities" : [ {
      "activity" : "cycling",
      "group" : "cycling",
      "manual" : false,
      "startTime" : "20170718T160021+0900",
      "endTime" : "20170718T160430+0900",
      "duration" : 249.0,
      "distance" : 1335.0,
      "calories" : 33
    } ],
    "lastUpdate" : "20170718T083616Z"
  }, {
    "type" : "place",
    "startTime" : "20170718T160430+0900",
    "endTime" : "20170718T181009+0900",
    "activities" : [ {
      "activity" : "walking",
      "group" : "walking",
      "manual" : false,
      "startTime" : "20170718T160450+0900",
      "endTime" : "20170718T160613+0900",
      "duration" : 83.0,
      "distance" : 55.0,
      "steps" : 111,
      "calories" : 3
    }, {
      "activity" : "walking",
      "group" : "walking",
      "manual" : false,
      "startTime" : "20170718T180857+0900",
      "endTime" : "20170718T181047+0900",
      "duration" : 110.0,
      "distance" : 73.0,
      "steps" : 147,
      "calories" : 4
    } ],
    "lastUpdate" : "20170718T100813Z"
  }, {
    "type" : "move",
    "startTime" : "20170718T181009+0900",
    "endTime" : "20170718T181417+0900",
    "activities" : [ {
      "activity" : "cycling",
      "group" : "cycling",
      "manual" : false,
      "startTime" : "20170718T181009+0900",
      "endTime" : "20170718T181417+0900",
      "duration" : 248.0,
      "distance" : 1049.0,
      "calories" : 26
    } ],
    "lastUpdate" : "20170718T100813Z"
  }, {
    "type" : "place",
    "startTime" : "20170718T181417+0900",
    "endTime" : "20170718T200905+0900",
    "activities" : [ {
      "activity" : "walking",
      "group" : "walking",
      "manual" : false,
      "startTime" : "20170718T181417+0900",
      "endTime" : "20170718T181635+0900",
      "duration" : 138.0,
      "distance" : 165.0,
      "steps" : 220,
      "calories" : 9
    }, {
      "activity" : "walking",
      "group" : "walking",
      "manual" : false,
      "startTime" : "20170718T200343+0900",
      "endTime" : "20170718T200525+0900",
      "duration" : 102.0,
      "distance" : 70.0,
      "steps" : 141,
      "calories" : 4
    } ],
    "lastUpdate" : "20170718T113858Z"
  }, {
    "type" : "move",
    "startTime" : "20170718T200905+0900",
    "endTime" : "20170718T201834+0900",
    "activities" : [ {
      "activity" : "transport",
      "group" : "transport",
      "manual" : false,
      "startTime" : "20170718T200905+0900",
      "endTime" : "20170718T201834+0900",
      "duration" : 569.0,
      "distance" : 858.0
    } ],
    "lastUpdate" : "20170718T113858Z"
  }, {
    "type" : "place",
    "startTime" : "20170718T201835+0900",
    "endTime" : "20170719T102706+0900",
    "activities" : [ {
      "activity" : "walking",
      "group" : "walking",
      "manual" : false,
      "startTime" : "20170718T201836+0900",
      "endTime" : "20170718T201931+0900",
      "duration" : 55.0,
      "distance" : 37.0,
      "steps" : 74,
      "calories" : 2
    } ],
    "lastUpdate" : "20170719T025810Z"
  } ],
  "caloriesIdle" : 1596,
  "lastUpdate" : "20170719T025810Z"
}, {
  "date" : "20170719",
  "summary" : [ {
    "activity" : "walking",
    "group" : "walking",
    "duration" : 2413.0,
    "distance" : 2439.0,
    "steps" : 3514,
    "calories" : 135
  }, {
    "activity" : "cycling",
    "group" : "cycling",
    "duration" : 1472.0,
    "distance" : 5829.0,
    "calories" : 146
  }, {
    "activity" : "transport",
    "group" : "transport",
    "duration" : 2935.0,
    "distance" : 11264.0
  } ],
  "segments" : [ {
    "type" : "place",
    "startTime" : "20170718T201835+0900",
    "endTime" : "20170719T102706+0900",
    "activities" : [ {
      "activity" : "walking",
      "group" : "walking",
      "manual" : false,
      "startTime" : "20170719T102639+0900",
      "endTime" : "20170719T103435+0900",
      "duration" : 476.0,
      "distance" : 476.0,
      "steps" : 634,
      "calories" : 26
    } ],
    "lastUpdate" : "20170719T025810Z"
  }, {
    "type" : "move",
    "startTime" : "20170719T102706+0900",
    "endTime" : "20170719T103108+0900",
    "activities" : [ {
      "activity" : "cycling",
      "group" : "cycling",
      "manual" : false,
      "startTime" : "20170719T102706+0900",
      "endTime" : "20170719T103108+0900",
      "duration" : 242.0,
      "distance" : 524.0,
      "calories" : 14
    } ],
    "lastUpdate" : "20170719T025810Z"
  }, {
    "type" : "place",
    "startTime" : "20170719T103108+0900",
    "endTime" : "20170719T104011+0900",
    "activities" : [ {
      "activity" : "walking",
      "group" : "walking",
      "manual" : false,
      "startTime" : "20170719T103108+0900",
      "endTime" : "20170719T103335+0900",
      "duration" : 147.0,
      "distance" : 168.0,
      "steps" : 224,
      "calories" : 9
    } ],
    "lastUpdate" : "20170719T025810Z"
  }, {
    "type" : "move",
    "startTime" : "20170719T104011+0900",
    "endTime" : "20170719T104535+0900",
    "activities" : [ {
      "activity" : "transport",
      "group" : "transport",
      "manual" : false,
      "startTime" : "20170719T104011+0900",
      "endTime" : "20170719T104535+0900",
      "duration" : 324.0,
      "distance" : 560.0
    } ],
    "lastUpdate" : "20170719T025810Z"
  }, {
    "type" : "place",
    "startTime" : "20170719T104536+0900",
    "endTime" : "20170719T120217+0900",
    "activities" : [ {
      "activity" : "walking",
      "group" : "walking",
      "manual" : false,
      "startTime" : "20170719T120047+0900",
      "endTime" : "20170719T120205+0900",
      "duration" : 78.0,
      "distance" : 62.0,
      "steps" : 125,
      "calories" : 3
    } ],
    "lastUpdate" : "20170719T043231Z"
  }, {
    "type" : "move",
    "startTime" : "20170719T120217+0900",
    "endTime" : "20170719T120705+0900",
    "activities" : [ {
      "activity" : "cycling",
      "group" : "cycling",
      "manual" : false,
      "startTime" : "20170719T120217+0900",
      "endTime" : "20170719T120704+0900",
      "duration" : 287.0,
      "distance" : 1389.0,
      "calories" : 34
    } ],
    "lastUpdate" : "20170719T043231Z"
  }, {
    "type" : "place",
    "startTime" : "20170719T120705+0900",
    "endTime" : "20170719T130308+0900",
    "activities" : [ {
      "activity" : "walking",
      "group" : "walking",
      "manual" : false,
      "startTime" : "20170719T120705+0900",
      "endTime" : "20170719T120802+0900",
      "duration" : 57.0,
      "distance" : 38.0,
      "steps" : 76,
      "calories" : 2
    }, {
      "activity" : "walking",
      "group" : "walking",
      "manual" : false,
      "startTime" : "20170719T130225+0900",
      "endTime" : "20170719T130336+0900",
      "duration" : 71.0,
      "distance" : 47.0,
      "steps" : 95,
      "calories" : 3
    } ],
    "lastUpdate" : "20170719T043231Z"
  }, {
    "type" : "move",
    "startTime" : "20170719T130308+0900",
    "endTime" : "20170719T130742+0900",
    "activities" : [ {
      "activity" : "cycling",
      "group" : "cycling",
      "manual" : false,
      "startTime" : "20170719T130308+0900",
      "endTime" : "20170719T130741+0900",
      "duration" : 273.0,
      "distance" : 1232.0,
      "calories" : 31
    } ],
    "lastUpdate" : "20170719T043231Z"
  }, {
    "type" : "place",
    "startTime" : "20170719T130742+0900",
    "endTime" : "20170719T175234+0900",
    "activities" : [ {
      "activity" : "walking",
      "group" : "walking",
      "manual" : false,
      "startTime" : "20170719T130742+0900",
      "endTime" : "20170719T130920+0900",
      "duration" : 98.0,
      "distance" : 71.0,
      "steps" : 142,
      "calories" : 4
    }, {
      "activity" : "walking",
      "group" : "walking",
      "manual" : false,
      "startTime" : "20170719T141407+0900",
      "endTime" : "20170719T141628+0900",
      "duration" : 141.0,
      "distance" : 151.0,
      "steps" : 202,
      "calories" : 8
    }, {
      "activity" : "walking",
      "group" : "walking",
      "manual" : false,
      "startTime" : "20170719T155549+0900",
      "endTime" : "20170719T155916+0900",
      "duration" : 207.0,
      "distance" : 252.0,
      "steps" : 336,
      "calories" : 14
    }, {
      "activity" : "walking",
      "group" : "walking",
      "manual" : false,
      "startTime" : "20170719T162036+0900",
      "endTime" : "20170719T162106+0900",
      "duration" : 30.0,
      "distance" : 20.0,
      "steps" : 40,
      "calories" : 1
    }, {
      "activity" : "walking",
      "group" : "walking",
      "manual" : false,
      "startTime" : "20170719T174954+0900",
      "endTime" : "20170719T175535+0900",
      "duration" : 341.0,
      "distance" : 364.0,
      "steps" : 485,
      "calories" : 20
    } ],
    "lastUpdate" : "20170719T090525Z"
  }, {
    "type" : "move",
    "startTime" : "20170719T175234+0900",
    "endTime" : "20170719T175813+0900",
    "activities" : [ {
      "activity" : "cycling",
      "group" : "cycling",
      "manual" : false,
      "startTime" : "20170719T175234+0900",
      "endTime" : "20170719T175812+0900",
      "duration" : 338.0,
      "distance" : 1396.0,
      "calories" : 35
    } ],
    "lastUpdate" : "20170719T090525Z"
  }, {
    "type" : "place",
    "startTime" : "20170719T175813+0900",
    "endTime" : "20170719T183041+0900",
    "activities" : [ {
      "activity" : "walking",
      "group" : "walking",
      "manual" : false,
      "startTime" : "20170719T175813+0900",
      "endTime" : "20170719T175901+0900",
      "duration" : 48.0,
      "distance" : 32.0,
      "steps" : 64,
      "calories" : 2
    }, {
      "activity" : "walking",
      "group" : "walking",
      "manual" : false,
      "startTime" : "20170719T182851+0900",
      "endTime" : "20170719T183002+0900",
      "duration" : 71.0,
      "distance" : 47.0,
      "steps" : 95,
      "calories" : 3
    } ],
    "lastUpdate" : "20170719T103840Z"
  }, {
    "type" : "move",
    "startTime" : "20170719T183041+0900",
    "endTime" : "20170719T185937+0900",
    "activities" : [ {
      "activity" : "cycling",
      "group" : "cycling",
      "manual" : false,
      "startTime" : "20170719T183041+0900",
      "endTime" : "20170719T183243+0900",
      "duration" : 122.0,
      "distance" : 626.0,
      "calories" : 15
    }, {
      "activity" : "transport",
      "group" : "transport",
      "manual" : false,
      "startTime" : "20170719T183244+0900",
      "endTime" : "20170719T185445+0900",
      "duration" : 1321.0,
      "distance" : 5445.0
    }, {
      "activity" : "walking",
      "group" : "walking",
      "manual" : false,
      "startTime" : "20170719T185445+0900",
      "endTime" : "20170719T185937+0900",
      "duration" : 292.0,
      "distance" : 336.0,
      "steps" : 430,
      "calories" : 19
    } ],
    "lastUpdate" : "20170719T103840Z"
  }, {
    "type" : "place",
    "startTime" : "20170719T185937+0900",
    "endTime" : "20170719T212444+0900",
    "activities" : [ {
      "activity" : "walking",
      "group" : "walking",
      "manual" : false,
      "startTime" : "20170719T212435+0900",
      "endTime" : "20170719T212558+0900",
      "duration" : 83.0,
      "distance" : 55.0,
      "steps" : 110,
      "calories" : 3
    } ],
    "lastUpdate" : "20170719T134608Z"
  }, {
    "type" : "move",
    "startTime" : "20170719T212444+0900",
    "endTime" : "20170719T215313+0900",
    "activities" : [ {
      "activity" : "walking",
      "group" : "walking",
      "manual" : false,
      "startTime" : "20170719T212444+0900",
      "endTime" : "20170719T212811+0900",
      "duration" : 207.0,
      "distance" : 276.0,
      "steps" : 368,
      "calories" : 15
    }, {
      "activity" : "transport",
      "group" : "transport",
      "manual" : false,
      "startTime" : "20170719T212811+0900",
      "endTime" : "20170719T214941+0900",
      "duration" : 1290.0,
      "distance" : 5259.0
    }, {
      "activity" : "cycling",
      "group" : "cycling",
      "manual" : false,
      "startTime" : "20170719T214942+0900",
      "endTime" : "20170719T215312+0900",
      "duration" : 210.0,
      "distance" : 662.0,
      "calories" : 17
    } ],
    "lastUpdate" : "20170719T134608Z"
  }, {
    "type" : "place",
    "startTime" : "20170719T215313+0900",
    "endTime" : "20170720T162901+0900",
    "activities" : [ {
      "activity" : "walking",
      "group" : "walking",
      "manual" : false,
      "startTime" : "20170719T215313+0900",
      "endTime" : "20170719T215419+0900",
      "duration" : 66.0,
      "distance" : 44.0,
      "steps" : 88,
      "calories" : 2
    } ],
    "lastUpdate" : "20170720T082111Z"
  } ],
  "caloriesIdle" : 1596,
  "lastUpdate" : "20170720T082111Z"
}, {
  "date" : "20170720",
  "summary" : [ {
    "activity" : "walking",
    "group" : "walking",
    "duration" : 1166.0,
    "distance" : 1242.0,
    "steps" : 1725,
    "calories" : 69
  }, {
    "activity" : "cycling",
    "group" : "cycling",
    "duration" : 719.0,
    "distance" : 2769.0,
    "calories" : 70
  } ],
  "segments" : [ {
    "type" : "place",
    "startTime" : "20170719T215313+0900",
    "endTime" : "20170720T162901+0900",
    "activities" : [ {
      "activity" : "walking",
      "group" : "walking",
      "manual" : false,
      "startTime" : "20170720T023929+0900",
      "endTime" : "20170720T023936+0900",
      "duration" : 7.0,
      "distance" : 5.0,
      "steps" : 10,
      "calories" : 0
    }, {
      "activity" : "walking",
      "group" : "walking",
      "manual" : false,
      "startTime" : "20170720T162150+0900",
      "endTime" : "20170720T163319+0900",
      "duration" : 689.0,
      "distance" : 783.0,
      "steps" : 1045,
      "calories" : 43
    } ],
    "lastUpdate" : "20170720T082111Z"
  }, {
    "type" : "move",
    "startTime" : "20170720T162901+0900",
    "endTime" : "20170720T163352+0900",
    "activities" : [ {
      "activity" : "cycling",
      "group" : "cycling",
      "manual" : false,
      "startTime" : "20170720T162901+0900",
      "endTime" : "20170720T163351+0900",
      "duration" : 290.0,
      "distance" : 1372.0,
      "calories" : 34
    } ],
    "lastUpdate" : "20170720T082111Z"
  }, {
    "type" : "place",
    "startTime" : "20170720T163352+0900",
    "endTime" : "20170720T182010+0900",
    "activities" : [ {
      "activity" : "walking",
      "group" : "walking",
      "manual" : false,
      "startTime" : "20170720T163352+0900",
      "endTime" : "20170720T163454+0900",
      "duration" : 62.0,
      "distance" : 50.0,
      "steps" : 101,
      "calories" : 3
    }, {
      "activity" : "walking",
      "group" : "walking",
      "manual" : false,
      "startTime" : "20170720T181907+0900",
      "endTime" : "20170720T182004+0900",
      "duration" : 57.0,
      "distance" : 45.0,
      "steps" : 91,
      "calories" : 2
    } ],
    "lastUpdate" : "20170720T095114Z"
  }, {
    "type" : "move",
    "startTime" : "20170720T182010+0900",
    "endTime" : "20170720T182720+0900",
    "activities" : [ {
      "activity" : "cycling",
      "group" : "cycling",
      "manual" : false,
      "startTime" : "20170720T182010+0900",
      "endTime" : "20170720T182719+0900",
      "duration" : 429.0,
      "distance" : 1397.0,
      "calories" : 36
    } ],
    "lastUpdate" : "20170720T095114Z"
  }, {
    "type" : "place",
    "startTime" : "20170720T182720+0900",
    "endTime" : "20170721T085248+0900",
    "activities" : [ {
      "activity" : "walking",
      "group" : "walking",
      "manual" : false,
      "startTime" : "20170720T182720+0900",
      "endTime" : "20170720T183311+0900",
      "duration" : 351.0,
      "distance" : 359.0,
      "steps" : 478,
      "calories" : 20
    } ],
    "lastUpdate" : "20170721T011938Z"
  } ],
  "caloriesIdle" : 1596,
  "lastUpdate" : "20170721T011938Z"
}, {
  "date" : "20170721",
  "summary" : [ {
    "activity" : "walking",
    "group" : "walking",
    "duration" : 1720.0,
    "distance" : 1757.0,
    "steps" : 2496,
    "calories" : 97
  }, {
    "activity" : "cycling",
    "group" : "cycling",
    "duration" : 2546.0,
    "distance" : 8067.0,
    "calories" : 207
  }, {
    "activity" : "transport",
    "group" : "transport",
    "duration" : 930.0,
    "distance" : 1206.0
  } ],
  "segments" : [ {
    "type" : "place",
    "startTime" : "20170720T182720+0900",
    "endTime" : "20170721T085248+0900",
    "activities" : [ {
      "activity" : "walking",
      "group" : "walking",
      "manual" : false,
      "startTime" : "20170721T085143+0900",
      "endTime" : "20170721T085946+0900",
      "duration" : 483.0,
      "distance" : 506.0,
      "steps" : 674,
      "calories" : 28
    }, {
      "activity" : "walking",
      "group" : "walking",
      "manual" : false,
      "startTime" : "20170721T090000+0900",
      "endTime" : "20170721T090146+0900",
      "duration" : 106.0,
      "distance" : 74.0,
      "steps" : 149,
      "calories" : 4
    } ],
    "lastUpdate" : "20170721T011938Z"
  }, {
    "type" : "move",
    "startTime" : "20170721T085248+0900",
    "endTime" : "20170721T085659+0900",
    "activities" : [ {
      "activity" : "cycling",
      "group" : "cycling",
      "manual" : false,
      "startTime" : "20170721T085248+0900",
      "endTime" : "20170721T085658+0900",
      "duration" : 250.0,
      "distance" : 1323.0,
      "calories" : 32
    } ],
    "lastUpdate" : "20170721T011938Z"
  }, {
    "type" : "place",
    "startTime" : "20170721T085659+0900",
    "endTime" : "20170721T114832+0900",
    "activities" : [ {
      "activity" : "walking",
      "group" : "walking",
      "manual" : false,
      "startTime" : "20170721T085659+0900",
      "endTime" : "20170721T085813+0900",
      "duration" : 74.0,
      "distance" : 54.0,
      "steps" : 108,
      "calories" : 3
    }, {
      "activity" : "walking",
      "group" : "walking",
      "manual" : false,
      "startTime" : "20170721T101632+0900",
      "endTime" : "20170721T102055+0900",
      "duration" : 263.0,
      "distance" : 284.0,
      "steps" : 379,
      "calories" : 16
    }, {
      "activity" : "walking",
      "group" : "walking",
      "manual" : false,
      "startTime" : "20170721T114701+0900",
      "endTime" : "20170721T115041+0900",
      "duration" : 220.0,
      "distance" : 232.0,
      "steps" : 310,
      "calories" : 13
    } ],
    "lastUpdate" : "20170721T042738Z"
  }, {
    "type" : "move",
    "startTime" : "20170721T114832+0900",
    "endTime" : "20170721T120743+0900",
    "activities" : [ {
      "activity" : "cycling",
      "group" : "cycling",
      "manual" : false,
      "startTime" : "20170721T114832+0900",
      "endTime" : "20170721T120639+0900",
      "duration" : 1087.0,
      "distance" : 2812.0,
      "calories" : 74
    }, {
      "activity" : "walking",
      "group" : "walking",
      "manual" : false,
      "startTime" : "20170721T120639+0900",
      "endTime" : "20170721T120742+0900",
      "duration" : 63.0,
      "distance" : 128.0,
      "steps" : 107,
      "calories" : 7
    } ],
    "lastUpdate" : "20170721T042738Z"
  }, {
    "type" : "place",
    "startTime" : "20170721T120744+0900",
    "endTime" : "20170721T122512+0900",
    "activities" : [ {
      "activity" : "walking",
      "group" : "walking",
      "manual" : false,
      "startTime" : "20170721T120744+0900",
      "endTime" : "20170721T120955+0900",
      "duration" : 131.0,
      "distance" : 142.0,
      "steps" : 189,
      "calories" : 8
    } ],
    "lastUpdate" : "20170721T042738Z"
  }, {
    "type" : "move",
    "startTime" : "20170721T122512+0900",
    "endTime" : "20170721T124209+0900",
    "activities" : [ {
      "activity" : "cycling",
      "group" : "cycling",
      "manual" : false,
      "startTime" : "20170721T122512+0900",
      "endTime" : "20170721T124209+0900",
      "duration" : 1017.0,
      "distance" : 3197.0,
      "calories" : 82
    } ],
    "lastUpdate" : "20170721T042738Z"
  }, {
    "type" : "place",
    "startTime" : "20170721T124210+0900",
    "endTime" : "20170721T130136+0900",
    "activities" : [ {
      "activity" : "walking",
      "group" : "walking",
      "manual" : false,
      "startTime" : "20170721T124226+0900",
      "endTime" : "20170721T124442+0900",
      "duration" : 136.0,
      "distance" : 144.0,
      "steps" : 193,
      "calories" : 8
    }, {
      "activity" : "walking",
      "group" : "walking",
      "manual" : false,
      "startTime" : "20170721T130000+0900",
      "endTime" : "20170721T130032+0900",
      "duration" : 32.0,
      "distance" : 27.0,
      "steps" : 54,
      "calories" : 1
    } ],
    "lastUpdate" : "20170721T042738Z"
  }, {
    "type" : "move",
    "startTime" : "20170721T130136+0900",
    "endTime" : "20170721T130448+0900",
    "activities" : [ {
      "activity" : "cycling",
      "group" : "cycling",
      "manual" : false,
      "startTime" : "20170721T130136+0900",
      "endTime" : "20170721T130448+0900",
      "duration" : 192.0,
      "distance" : 735.0,
      "calories" : 18
    } ],
    "lastUpdate" : "20170721T042738Z"
  }, {
    "type" : "place",
    "startTime" : "20170721T130449+0900",
    "endTime" : "20170721T180116+0900",
    "activities" : [ {
      "activity" : "walking",
      "group" : "walking",
      "manual" : false,
      "startTime" : "20170721T130449+0900",
      "endTime" : "20170721T130628+0900",
      "duration" : 99.0,
      "distance" : 77.0,
      "steps" : 154,
      "calories" : 4
    }, {
      "activity" : "walking",
      "group" : "walking",
      "manual" : false,
      "startTime" : "20170721T175900+0900",
      "endTime" : "20170721T175952+0900",
      "duration" : 52.0,
      "distance" : 40.0,
      "steps" : 81,
      "calories" : 2
    }, {
      "activity" : "walking",
      "group" : "walking",
      "manual" : false,
      "startTime" : "20170721T180000+0900",
      "endTime" : "20170721T180101+0900",
      "duration" : 61.0,
      "distance" : 49.0,
      "steps" : 98,
      "calories" : 3
    } ],
    "lastUpdate" : "20170721T103807Z"
  }, {
    "type" : "move",
    "startTime" : "20170721T180116+0900",
    "endTime" : "20170721T181646+0900",
    "activities" : [ {
      "activity" : "transport",
      "group" : "transport",
      "manual" : false,
      "startTime" : "20170721T180116+0900",
      "endTime" : "20170721T181646+0900",
      "duration" : 930.0,
      "distance" : 1206.0
    } ],
    "lastUpdate" : "20170721T103807Z"
  } ],
  "caloriesIdle" : 1596,
  "lastUpdate" : "20170721T103807Z"
}, {
  "date" : "20170722",
  "summary" : [ {
    "activity" : "walking",
    "group" : "walking",
    "duration" : 270.0,
    "distance" : 271.0,
    "steps" : 363,
    "calories" : 15
  } ],
  "segments" : [ {
    "type" : "place",
    "startTime" : "20170722T101226+0900",
    "endTime" : "20170723T075249+0900",
    "activities" : [ {
      "activity" : "walking",
      "group" : "walking",
      "manual" : false,
      "startTime" : "20170722T135159+0900",
      "endTime" : "20170722T135202+0900",
      "duration" : 3.0,
      "distance" : 2.0,
      "steps" : 4,
      "calories" : 0
    }, {
      "activity" : "walking",
      "group" : "walking",
      "manual" : false,
      "startTime" : "20170722T161742+0900",
      "endTime" : "20170722T162209+0900",
      "duration" : 267.0,
      "distance" : 269.0,
      "steps" : 359,
      "calories" : 15
    } ],
    "lastUpdate" : "20170723T011243Z"
  } ],
  "caloriesIdle" : 1596,
  "lastUpdate" : "20170723T011243Z"
}, {
  "date" : "20170723",
  "summary" : [ {
    "activity" : "walking",
    "group" : "walking",
    "duration" : 3262.0,
    "distance" : 3548.0,
    "steps" : 4673,
    "calories" : 197
  }, {
    "activity" : "cycling",
    "group" : "cycling",
    "duration" : 367.0,
    "distance" : 1980.0,
    "calories" : 48
  }, {
    "activity" : "transport",
    "group" : "transport",
    "duration" : 5367.0,
    "distance" : 95034.0
  } ],
  "segments" : [ {
    "type" : "place",
    "startTime" : "20170722T101226+0900",
    "endTime" : "20170723T075249+0900",
    "activities" : [ {
      "activity" : "walking",
      "group" : "walking",
      "manual" : false,
      "startTime" : "20170723T031112+0900",
      "endTime" : "20170723T031118+0900",
      "duration" : 6.0,
      "distance" : 4.0,
      "steps" : 8,
      "calories" : 0
    }, {
      "activity" : "walking",
      "group" : "walking",
      "manual" : false,
      "startTime" : "20170723T075130+0900",
      "endTime" : "20170723T075928+0900",
      "duration" : 478.0,
      "distance" : 478.0,
      "steps" : 637,
      "calories" : 26
    }, {
      "activity" : "walking",
      "group" : "walking",
      "manual" : false,
      "startTime" : "20170723T080000+0900",
      "endTime" : "20170723T080536+0900",
      "duration" : 336.0,
      "distance" : 336.0,
      "steps" : 448,
      "calories" : 19
    } ],
    "lastUpdate" : "20170723T011243Z"
  }, {
    "type" : "move",
    "startTime" : "20170723T075249+0900",
    "endTime" : "20170723T085915+0900",
    "activities" : [ {
      "activity" : "cycling",
      "group" : "cycling",
      "manual" : false,
      "startTime" : "20170723T075249+0900",
      "endTime" : "20170723T075856+0900",
      "duration" : 367.0,
      "distance" : 1980.0,
      "calories" : 48
    }, {
      "activity" : "walking",
      "group" : "walking",
      "manual" : false,
      "startTime" : "20170723T075857+0900",
      "endTime" : "20170723T080412+0900",
      "duration" : 315.0,
      "distance" : 341.0,
      "steps" : 427,
      "calories" : 19
    }, {
      "activity" : "transport",
      "group" : "transport",
      "manual" : false,
      "startTime" : "20170723T080412+0900",
      "endTime" : "20170723T083513+0900",
      "duration" : 1861.0,
      "distance" : 45774.0
    }, {
      "activity" : "walking",
      "group" : "walking",
      "manual" : false,
      "startTime" : "20170723T083514+0900",
      "endTime" : "20170723T083714+0900",
      "duration" : 120.0,
      "distance" : 237.0,
      "steps" : 197,
      "calories" : 13
    }, {
      "activity" : "transport",
      "group" : "transport",
      "manual" : false,
      "startTime" : "20170723T083714+0900",
      "endTime" : "20170723T085113+0900",
      "duration" : 839.0,
      "distance" : 3248.0
    }, {
      "activity" : "walking",
      "group" : "walking",
      "manual" : false,
      "startTime" : "20170723T085113+0900",
      "endTime" : "20170723T085914+0900",
      "duration" : 481.0,
      "distance" : 635.0,
      "steps" : 746,
      "calories" : 35
    } ],
    "lastUpdate" : "20170723T011243Z"
  }, {
    "type" : "place",
    "startTime" : "20170723T085915+0900",
    "endTime" : "20170723T091226+0900",
    "activities" : [ {
      "activity" : "walking",
      "group" : "walking",
      "manual" : false,
      "startTime" : "20170723T085959+0900",
      "endTime" : "20170723T090457+0900",
      "duration" : 298.0,
      "distance" : 336.0,
      "steps" : 448,
      "calories" : 19
    } ],
    "lastUpdate" : "20170723T011243Z"
  }, {
    "type" : "place",
    "startTime" : "20170723T091227+0900",
    "endTime" : "20170723T092456+0900",
    "activities" : [ {
      "activity" : "walking",
      "group" : "walking",
      "manual" : false,
      "startTime" : "20170723T092128+0900",
      "endTime" : "20170723T092321+0900",
      "duration" : 113.0,
      "distance" : 75.0,
      "steps" : 151,
      "calories" : 4
    } ],
    "lastUpdate" : "20170723T011243Z"
  }, {
    "type" : "move",
    "startTime" : "20170723T092456+0900",
    "endTime" : "20170723T092852+0900",
    "activities" : [ {
      "activity" : "walking",
      "group" : "walking",
      "manual" : false,
      "startTime" : "20170723T092456+0900",
      "endTime" : "20170723T092852+0900",
      "duration" : 236.0,
      "distance" : 186.0,
      "steps" : 356,
      "calories" : 10
    } ],
    "lastUpdate" : "20170723T011243Z"
  }, {
    "type" : "place",
    "startTime" : "20170723T092852+0900",
    "endTime" : "20170723T093956+0900",
    "activities" : [ {
      "activity" : "walking",
      "group" : "walking",
      "manual" : false,
      "startTime" : "20170723T092852+0900",
      "endTime" : "20170723T093308+0900",
      "duration" : 256.0,
      "distance" : 289.0,
      "steps" : 385,
      "calories" : 16
    } ],
    "lastUpdate" : "20170723T011243Z"
  }, {
    "type" : "place",
    "startTime" : "20170723T093957+0900",
    "endTime" : "20170723T170818+0900",
    "activities" : [ {
      "activity" : "walking",
      "group" : "walking",
      "manual" : false,
      "startTime" : "20170723T094010+0900",
      "endTime" : "20170723T094445+0900",
      "duration" : 275.0,
      "distance" : 294.0,
      "steps" : 393,
      "calories" : 16
    }, {
      "activity" : "walking",
      "group" : "walking",
      "manual" : false,
      "startTime" : "20170723T100601+0900",
      "endTime" : "20170723T100815+0900",
      "duration" : 134.0,
      "distance" : 143.0,
      "steps" : 191,
      "calories" : 8
    }, {
      "activity" : "walking",
      "group" : "walking",
      "manual" : false,
      "startTime" : "20170723T123123+0900",
      "endTime" : "20170723T123138+0900",
      "duration" : 15.0,
      "distance" : 10.0,
      "steps" : 20,
      "calories" : 1
    }, {
      "activity" : "walking",
      "group" : "walking",
      "manual" : false,
      "startTime" : "20170723T131740+0900",
      "endTime" : "20170723T131825+0900",
      "duration" : 45.0,
      "distance" : 30.0,
      "steps" : 60,
      "calories" : 2
    }, {
      "activity" : "walking",
      "group" : "walking",
      "manual" : false,
      "startTime" : "20170723T140014+0900",
      "endTime" : "20170723T140248+0900",
      "duration" : 154.0,
      "distance" : 154.0,
      "steps" : 206,
      "calories" : 9
    } ],
    "lastUpdate" : "20170723T102430Z"
  }, {
    "type" : "move",
    "startTime" : "20170723T170818+0900",
    "endTime" : "20170723T175246+0900",
    "activities" : [ {
      "activity" : "transport",
      "group" : "transport",
      "manual" : false,
      "startTime" : "20170723T170818+0900",
      "endTime" : "20170723T175245+0900",
      "duration" : 2667.0,
      "distance" : 46012.0
    } ],
    "lastUpdate" : "20170723T102430Z"
  } ],
  "caloriesIdle" : 1596,
  "lastUpdate" : "20170724T015141Z"
} ]