Date,Activity,Group,Duration,Distance,Steps,Calories
15/05/25,walking,walking,2336,1.616,4026,154
15/05/25,transport,transport,181,0.523,0,0
15/05/25,cycling,cycling,795,2.696,0,113
15/05/26,walking,walking,3249,2.617,6040,249
15/05/26,cycling,cycling,468,1.023,0,45
15/05/27,walking,walking,1644,1.087,2693,104
15/05/27,cycling,cycling,1104,3.132,0,133
15/05/27,transport,transport,94,0.254,0,0
15/05/28,walking,walking,1950,1.199,2815,114
15/05/28,transport,transport,337,0.440,0,0
15/05/28,cycling,cycling,1097,1.721,0,78
15/05/29,walking,walking,1938,1.301,2803,124
15/05/29,cycling,cycling,402,1.179,0,50
15/05/30,walking,walking,636,0.393,1046,38
15/05/30,transport,transport,283,0.458,0,0
15/05/30,cycling,cycling,250,0.736,0,31
15/05/31,walking,walking,60,0.041,132,4
