Date,Activity,Group,Duration,Distance,Steps,Calories
15/04/06,walking,walking,3589,2.231,5335,213
15/04/07,walking,walking,9108,6.194,14302,591
15/04/07,running,running,704,0.954,1541,112
15/04/07,transport,transport,766,3.649,0,0
15/04/08,walking,walking,4836,3.327,7631,317
15/04/08,transport,transport,4312,17.725,0,0
15/04/08,running,running,125,0.210,296,24
15/04/08,cycling,cycling,6406,13.863,0,605
15/04/09,walking,walking,2471,1.424,3434,136
15/04/09,transport,transport,632,1.871,0,0
15/04/09,cycling,cycling,600,1.819,0,77
15/04/10,walking,walking,4694,3.135,7603,299
15/04/10,transport,transport,362,0.844,0,0
15/04/10,cycling,cycling,1281,3.190,0,137
15/04/11,walking,walking,63,0.019,52,2
15/04/12,walking,walking,5896,4.746,10661,453
15/04/12,cycling,cycling,964,2.220,0,96
15/04/12,transport,transport,1579,1.368,0,0
