Date,Activity,Group,Duration,Distance,Steps,Calories
17/07/31,walking,walking,4423,2.727,6024,243
17/07/31,cycling,cycling,819,2.372,0,94
17/08/01,walking,walking,941,0.601,1325,54
17/08/01,cycling,cycling,671,1.678,0,68
17/08/02,walking,walking,1424,0.935,2054,83
17/08/02,cycling,cycling,427,0.889,0,36
17/08/02,transport,transport,2580,6.357,0,0
17/08/04,walking,walking,3298,2.202,4809,196
17/08/04,transport,transport,143,0.398,0,0
17/08/04,cycling,cycling,1876,4.677,0,188
17/08/05,walking,walking,369,0.239,517,21
17/08/05,transport,transport,836,0.791,0,0
17/08/06,walking,walking,195,0.082,265,7
17/08/06,cycling,cycling,451,0.492,0,22
