Date,Activity,Group,Duration,Distance,Steps,Calories
16/11/07,walking,walking,2686,1.946,4162,174
16/11/07,cycling,cycling,718,0.841,0,37
16/11/08,walking,walking,3325,2.284,4677,204
16/11/08,transport,transport,2372,4.892,0,0
16/11/08,cycling,cycling,723,1.114,0,48
16/11/09,cycling,cycling,533,1.232,0,50
16/11/09,walking,walking,1974,1.401,3185,125
16/11/09,transport,transport,3320,7.867,0,0
16/11/10,walking,walking,2219,1.186,2916,106
16/11/10,transport,transport,1186,2.468,0,0
16/11/10,cycling,cycling,306,0.766,0,31
16/11/11,transport,transport,3875,4.465,0,0
16/11/11,walking,walking,2036,1.171,2541,105
16/11/11,cycling,cycling,180,0.203,0,9
16/11/12,walking,walking,11,0.004,15,0
16/11/13,walking,walking,2853,1.688,3863,151
16/11/13,transport,transport,2256,5.109,0,0
16/11/13,cycling,cycling,2126,4.573,0,187
16/11/13,running,running,191,0.228,477,25
