Date,Activity,Group,Duration,Distance,Steps,Calories
17/10/16,walking,walking,2364,1.590,3523,142
17/10/16,cycling,cycling,605,1.421,0,58
17/10/16,transport,transport,1290,1.250,0,0
17/10/17,walking,walking,2437,1.607,3420,143
17/10/17,transport,transport,161,0.636,0,0
17/10/17,cycling,cycling,559,1.167,0,48
17/10/18,transport,transport,583,0.854,0,0
17/10/18,walking,walking,1560,0.927,2142,83
17/10/18,cycling,cycling,235,0.452,0,19
17/10/19,walking,walking,1894,1.207,2761,108
17/10/19,cycling,cycling,774,0.919,0,41
17/10/19,transport,transport,259,0.304,0,0
17/10/20,transport,transport,6405,2.030,0,0
17/10/20,walking,walking,2560,1.747,3833,156
17/10/20,cycling,cycling,1004,1.956,0,81
17/10/21,transport,transport,478,0.514,0,0
17/10/21,walking,walking,313,0.205,440,18
