Date,Activity,Group,Duration,Distance,Steps,Calories
17/10/30,walking,walking,1333,0.812,1841,72
17/10/30,transport,transport,867,1.577,0,0
17/10/31,walking,walking,3092,2.192,4997,195
17/10/31,transport,transport,506,1.040,0,0
17/10/31,cycling,cycling,973,1.719,0,72
17/11/01,walking,walking,3294,2.422,5212,216
17/11/01,transport,transport,898,1.496,0,0
17/11/01,cycling,cycling,414,0.839,0,35
17/11/02,transport,transport,553,0.823,0,0
17/11/02,walking,walking,1529,0.983,2281,88
17/11/02,cycling,cycling,722,1.074,0,46
17/11/03,walking,walking,1350,0.844,1682,75
17/11/04,walking,walking,173,0.053,101,5
