Date,Activity,Group,Duration,Distance,Steps,Calories
18/05/07,cycling,cycling,227,0.739,0,29
18/05/07,walking,walking,79,0.037,118,3
18/05/08,cycling,cycling,584,1.455,0,58
18/05/08,walking,walking,537,0.341,855,30
18/05/09,walking,walking,492,0.333,728,30
18/05/09,cycling,cycling,598,1.688,0,67
18/05/10,cycling,cycling,263,0.614,0,25
18/05/10,walking,walking,4934,2.635,2748,234
18/05/11,walking,walking,2344,1.392,2872,124
18/05/11,cycling,cycling,810,2.277,0,90
18/05/11,transport,transport,256,0.751,0,0
18/05/12,walking,walking,723,0.450,810,40
18/05/12,cycling,cycling,530,1.161,0,47
