Date,Activity,Group,Duration,Distance,Steps,Calories
16/02/08,walking,walking,5145,4.017,8254,382
16/02/08,running,running,595,0.707,1119,84
16/02/08,transport,transport,229,0.815,0,0
16/02/09,walking,walking,2459,1.766,3938,168
16/02/09,transport,transport,847,1.460,0,0
16/02/10,walking,walking,3442,2.284,5017,217
16/02/10,running,running,929,1.322,2262,154
16/02/10,transport,transport,152,0.806,0,0
16/02/11,walking,walking,10328,6.480,14022,616
16/02/11,running,running,81,0.071,163,9
16/02/11,transport,transport,1127,2.084,0,0
16/02/12,walking,walking,3048,1.849,4328,176
16/02/12,transport,transport,4448,20.691,0,0
