Date,Activity,Group,Duration,Distance,Steps,Calories
17/11/13,walking,walking,2752,1.967,4057,175
17/11/13,cycling,cycling,766,1.524,0,63
17/11/13,transport,transport,183,0.421,0,0
17/11/14,transport,transport,1900,2.341,0,0
17/11/14,walking,walking,3856,2.778,6039,248
17/11/14,cycling,cycling,1111,2.183,0,90
17/11/15,walking,walking,3696,2.613,5695,233
17/11/15,transport,transport,721,1.027,0,0
17/11/15,cycling,cycling,1055,2.607,0,105
17/11/16,walking,walking,3090,2.071,4732,185
17/11/16,cycling,cycling,218,0.894,0,35
17/11/16,transport,transport,565,0.769,0,0
17/11/17,walking,walking,877,0.554,1261,49
17/11/17,cycling,cycling,1285,3.415,0,137
