[ {
  "date" : "20171127",
  "segments" : [ {
    "type" : "place",
    "startTime" : "20171126T162451+0900",
    "endTime" : "20171127T143203+0900",
    "place" : {
      "id" : 257240275,
      "type" : "unknown",
      "location" : {
        "lat" : 43.084886,
        "lon" : 141.3453
      }
    },
    "lastUpdate" : "20171127T072454Z"
  }, {
    "type" : "place",
    "startTime" : "20171127T144923+0900",
    "endTime" : "20171127T150947+0900",
    "place" : {
      "id" : 362494857,
      "type" : "unknown",
      "location" : {
        "lat" : 43.076265,
        "lon" : 141.33885
      }
    },
    "lastUpdate" : "20171127T072454Z"
  }, {
    "type" : "place",
    "startTime" : "20171127T153723+0900",
    "endTime" : "20171127T190609+0900",
    "place" : {
      "id" : 362494857,
      "type" : "unknown",
      "location" : {
        "lat" : 43.076265,
        "lon" : 141.33885
      }
    },
    "lastUpdate" : "20171127T102929Z"
  }, {
    "type" : "place",
    "startTime" : "20171127T192202+0900",
    "endTime" : "20171128T102532+0900",
    "place" : {
      "id" : 148006119,
      "type" : "unknown",
      "location" : {
        "lat" : 43.0835941285,
        "lon" : 141.3448409624
      }
    },
    "lastUpdate" : "20171128T020538Z"
  } ],
  "lastUpdate" : "20171128T020538Z"
}, {
  "date" : "20171128",
  "segments" : [ {
    "type" : "place",
    "startTime" : "20171127T192202+0900",
    "endTime" : "20171128T102532+0900",
    "place" : {
      "id" : 148006119,
      "type" : "unknown",
      "location" : {
        "lat" : 43.0835941285,
        "lon" : 141.3448409624
      }
    },
    "lastUpdate" : "20171128T020538Z"
  }, {
    "type" : "place",
    "startTime" : "20171128T104116+0900",
    "endTime" : "20171128T144401+0900",
    "place" : {
      "id" : 362494857,
      "type" : "unknown",
      "location" : {
        "lat" : 43.076265,
        "lon" : 141.33885
      }
    },
    "lastUpdate" : "20171128T081521Z"
  }, {
    "type" : "place",
    "startTime" : "20171128T144402+0900",
    "endTime" : "20171128T164049+0900",
    "place" : {
      "id" : 291137617,
      "type" : "unknown",
      "location" : {
        "lat" : 43.077408,
        "lon" : 141.33975
      }
    },
    "lastUpdate" : "20171128T081521Z"
  }, {
    "type" : "place",
    "startTime" : "20171128T164640+0900",
    "endTime" : "20171128T164941+0900",
    "place" : {
      "id" : 149467634,
      "type" : "unknown",
      "location" : {
        "lat" : 43.0785451373,
        "lon" : 141.341093201
      }
    },
    "lastUpdate" : "20171128T081521Z"
  }, {
    "type" : "place",
    "startTime" : "20171128T165744+0900",
    "endTime" : "20171128T170742+0900",
    "place" : {
      "id" : 251483536,
      "type" : "unknown",
      "location" : {
        "lat" : 43.081012,
        "lon" : 141.34477
      }
    },
    "lastUpdate" : "20171128T224633Z"
  }, {
    "type" : "place",
    "startTime" : "20171128T171405+0900",
    "endTime" : "20171129T115426+0900",
    "place" : {
      "id" : 257240275,
      "type" : "unknown",
      "location" : {
        "lat" : 43.084886,
        "lon" : 141.3453
      }
    },
    "lastUpdate" : "20171129T032948Z"
  } ],
  "lastUpdate" : "20171129T032948Z"
}, {
  "date" : "20171129",
  "segments" : [ {
    "type" : "place",
    "startTime" : "20171128T171405+0900",
    "endTime" : "20171129T115426+0900",
    "place" : {
      "id" : 257240275,
      "type" : "unknown",
      "location" : {
        "lat" : 43.084886,
        "lon" : 141.3453
      }
    },
    "lastUpdate" : "20171129T032948Z"
  }, {
    "type" : "place",
    "startTime" : "20171129T121224+0900",
    "endTime" : "20171129T125336+0900",
    "place" : {
      "id" : 549566680,
      "type" : "unknown",
      "location" : {
        "lat" : 43.075198,
        "lon" : 141.33892
      }
    },
    "lastUpdate" : "20171129T050050Z"
  }, {
    "type" : "place",
    "startTime" : "20171129T130453+0900",
    "endTime" : "20171129T174558+0900",
    "place" : {
      "id" : 362494857,
      "type" : "unknown",
      "location" : {
        "lat" : 43.076265,
        "lon" : 141.33885
      }
    },
    "lastUpdate" : "20171129T094437Z"
  }, {
    "type" : "place",
    "startTime" : "20171129T180212+0900",
    "endTime" : "20171129T223556+0900",
    "place" : {
      "id" : 223269490,
      "type" : "unknown",
      "location" : {
        "lat" : 43.0825413041,
        "lon" : 141.344776408
      }
    },
    "lastUpdate" : "20171129T142736Z"
  }, {
    "type" : "place",
    "startTime" : "20171129T225137+0900",
    "endTime" : "20171130T101732+0900",
    "place" : {
      "id" : 264777759,
      "type" : "unknown",
      "location" : {
        "lat" : 43.083421,
        "lon" : 141.34423
      }
    },
    "lastUpdate" : "20171130T024308Z"
  } ],
  "lastUpdate" : "20171130T024308Z"
}, {
  "date" : "20171130",
  "segments" : [ {
    "type" : "place",
    "startTime" : "20171129T225137+0900",
    "endTime" : "20171130T101732+0900",
    "place" : {
      "id" : 264777759,
      "type" : "unknown",
      "location" : {
        "lat" : 43.083421,
        "lon" : 141.34423
      }
    },
    "lastUpdate" : "20171130T024308Z"
  }, {
    "type" : "place",
    "startTime" : "20171130T102214+0900",
    "endTime" : "20171130T111921+0900",
    "place" : {
      "id" : 261207420,
      "type" : "unknown",
      "location" : {
        "lat" : 43.077054,
        "lon" : 141.33944
      }
    },
    "lastUpdate" : "20171130T024308Z"
  }, {
    "type" : "place",
    "startTime" : "20171130T112237+0900",
    "endTime" : "20171130T112946+0900",
    "place" : {
      "id" : 252154958,
      "type" : "unknown",
      "location" : {
        "lat" : 43.076117,
        "lon" : 141.33848
      }
    },
    "lastUpdate" : "20171130T024308Z"
  }, {
    "type" : "place",
    "startTime" : "20171130T113347+0900",
    "endTime" : "20171130T120222+0900",
    "place" : {
      "id" : 259490388,
      "type" : "unknown",
      "location" : {
        "lat" : 43.075454,
        "lon" : 141.34061
      }
    },
    "lastUpdate" : "20171130T041346Z"
  }, {
    "type" : "place",
    "startTime" : "20171130T120605+0900",
    "endTime" : "20171130T162113+0900",
    "place" : {
      "id" : 362494857,
      "type" : "unknown",
      "location" : {
        "lat" : 43.076265,
        "lon" : 141.33885
      }
    },
    "lastUpdate" : "20171130T085658Z"
  }, {
    "type" : "place",
    "startTime" : "20171130T162649+0900",
    "endTime" : "20171201T104238+0900",
    "place" : {
      "id" : 173148368,
      "type" : "unknown",
      "location" : {
        "lat" : 43.0809136384,
        "lon" : 141.3408606061
      }
    },
    "lastUpdate" : "20171201T030751Z"
  } ],
  "lastUpdate" : "20171201T030751Z"
}, {
  "date" : "20171201",
  "segments" : [ {
    "type" : "place",
    "startTime" : "20171130T162649+0900",
    "endTime" : "20171201T104238+0900",
    "place" : {
      "id" : 173148368,
      "type" : "unknown",
      "location" : {
        "lat" : 43.0809136384,
        "lon" : 141.3408606061
      }
    },
    "lastUpdate" : "20171201T030751Z"
  }, {
    "type" : "place",
    "startTime" : "20171201T105009+0900",
    "endTime" : "20171201T115931+0900",
    "place" : {
      "id" : 362494857,
      "type" : "unknown",
      "location" : {
        "lat" : 43.076265,
        "lon" : 141.33885
      }
    },
    "lastUpdate" : "20171201T030751Z"
  }, {
    "type" : "place",
    "startTime" : "20171201T120541+0900",
    "endTime" : "20171201T125255+0900",
    "place" : {
      "id" : 146950414,
      "type" : "unknown",
      "location" : {
        "lat" : 43.0819789503,
        "lon" : 141.3451437419
      }
    },
    "lastUpdate" : "20171201T044007Z"
  }, {
    "type" : "place",
    "startTime" : "20171201T125759+0900",
    "endTime" : "20171201T175711+0900",
    "place" : {
      "id" : 259240182,
      "type" : "unknown",
      "location" : {
        "lat" : 43.076435,
        "lon" : 141.33918
      }
    },
    "lastUpdate" : "20171201T092028Z"
  }, {
    "type" : "place",
    "startTime" : "20171201T180614+0900",
    "endTime" : "20171202T103439+0900",
    "place" : {
      "id" : 175650310,
      "type" : "unknown",
      "location" : {
        "lat" : 43.0848409544,
        "lon" : 141.3444336513
      }
    },
    "lastUpdate" : "20171202T035604Z"
  } ],
  "lastUpdate" : "20171202T035604Z"
}, {
  "date" : "20171202",
  "segments" : [ {
    "type" : "place",
    "startTime" : "20171201T180614+0900",
    "endTime" : "20171202T103439+0900",
    "place" : {
      "id" : 175650310,
      "type" : "unknown",
      "location" : {
        "lat" : 43.0848409544,
        "lon" : 141.3444336513
      }
    },
    "lastUpdate" : "20171202T035604Z"
  }, {
    "type" : "place",
    "startTime" : "20171202T120105+0900",
    "endTime" : "20171202T122519+0900",
    "place" : {
      "id" : 247070445,
      "type" : "unknown",
      "location" : {
        "lat" : 42.787561,
        "lon" : 141.68163
      }
    },
    "lastUpdate" : "20171202T035604Z"
  }, {
    "type" : "place",
    "startTime" : "20171202T122520+0900",
    "endTime" : "20171202T134759+0900",
    "place" : {
      "id" : 550518604,
      "type" : "unknown",
      "location" : {
        "lat" : 42.789603,
        "lon" : 141.68097
      }
    },
    "lastUpdate" : "20171202T083400Z"
  }, {
    "type" : "place",
    "startTime" : "20171202T162153+0900",
    "endTime" : "20171202T162400+0900",
    "place" : {
      "id" : 550537050,
      "type" : "unknown",
      "location" : {
        "lat" : 33.600467,
        "lon" : 130.44501
      }
    },
    "lastUpdate" : "20171202T083400Z"
  }, {
    "type" : "place",
    "startTime" : "20171202T173137+0900",
    "endTime" : "20171202T174227+0900",
    "place" : {
      "id" : 550537051,
      "type" : "unknown",
      "location" : {
        "lat" : 33.58966,
        "lon" : 130.42135
      }
    },
    "lastUpdate" : "20171202T100645Z"
  }, {
    "type" : "place",
    "startTime" : "20171202T175527+0900",
    "endTime" : "20171202T190726+0900",
    "place" : {
      "id" : 550589633,
      "type" : "unknown",
      "location" : {
        "lat" : 33.591954,
        "lon" : 130.41962
      }
    },
    "lastUpdate" : "20171202T113801Z"
  }, {
    "type" : "place",
    "startTime" : "20171202T194523+0900",
    "endTime" : "20171203T073434+0900",
    "place" : {
      "id" : 550589635,
      "type" : "unknown",
      "location" : {
        "lat" : 33.588096,
        "lon" : 130.45512
      }
    },
    "lastUpdate" : "20171203T030719Z"
  } ],
  "lastUpdate" : "20171203T030719Z"
}, {
  "date" : "20171203",
  "segments" : [ {
    "type" : "place",
    "startTime" : "20171202T194523+0900",
    "endTime" : "20171203T073434+0900",
    "place" : {
      "id" : 550589635,
      "type" : "unknown",
      "location" : {
        "lat" : 33.588096,
        "lon" : 130.45512
      }
    },
    "lastUpdate" : "20171203T030719Z"
  }, {
    "type" : "place",
    "startTime" : "20171203T105026+0900",
    "endTime" : "20171203T111238+0900",
    "place" : {
      "id" : 550882131,
      "type" : "unknown",
      "location" : {
        "lat" : 33.883036,
        "lon" : 130.88769
      }
    },
    "lastUpdate" : "20171203T030719Z"
  }, {
    "type" : "place",
    "startTime" : "20171203T111239+0900",
    "endTime" : "20171203T111449+0900",
    "place" : {
      "id" : 550882132,
      "type" : "unknown",
      "location" : {
        "lat" : 33.884789,
        "lon" : 130.8882
      }
    },
    "lastUpdate" : "20171203T030719Z"
  }, {
    "type" : "place",
    "startTime" : "20171203T112921+0900",
    "endTime" : "20171203T114536+0900",
    "place" : {
      "id" : 550899972,
      "type" : "unknown",
      "location" : {
        "lat" : 33.887031,
        "lon" : 130.88523
      }
    },
    "lastUpdate" : "20171203T043936Z"
  }, {
    "type" : "place",
    "startTime" : "20171203T115128+0900",
    "endTime" : "20171203T160408+0900",
    "place" : {
      "id" : 550882133,
      "type" : "unknown",
      "location" : {
        "lat" : 33.88741,
        "lon" : 130.88432
      }
    },
    "lastUpdate" : "20171203T074615Z"
  }, {
    "type" : "place",
    "startTime" : "20171203T162957+0900",
    "endTime" : "20171203T163401+0900",
    "place" : {
      "id" : 550936444,
      "type" : "unknown",
      "location" : {
        "lat" : 33.887082,
        "lon" : 130.88288
      }
    },
    "lastUpdate" : "20171203T074615Z"
  }, {
    "type" : "place",
    "startTime" : "20171203T164729+0900",
    "endTime" : "20171203T170327+0900",
    "place" : {
      "id" : 550955094,
      "type" : "unknown",
      "location" : {
        "lat" : 33.884509,
        "lon" : 130.87391
      }
    },
    "lastUpdate" : "20171203T091754Z"
  }, {
    "type" : "place",
    "startTime" : "20171203T170344+0900",
    "endTime" : "20171203T175329+0900",
    "place" : {
      "id" : 550955095,
      "type" : "unknown",
      "location" : {
        "lat" : 33.882598,
        "lon" : 130.87286
      }
    },
    "lastUpdate" : "20171203T091754Z"
  }, {
    "type" : "place",
    "startTime" : "20171203T180855+0900",
    "endTime" : "20171203T190127+0900",
    "place" : {
      "id" : 550977018,
      "type" : "unknown",
      "location" : {
        "lat" : 33.883732,
        "lon" : 130.8806
      }
    },
    "lastUpdate" : "20171203T104940Z"
  }, {
    "type" : "place",
    "startTime" : "20171203T191225+0900",
    "endTime" : "20171203T193154+0900",
    "place" : {
      "id" : 550977019,
      "type" : "unknown",
      "location" : {
        "lat" : 33.885906,
        "lon" : 130.88328
      }
    },
    "lastUpdate" : "20171203T104940Z"
  }, {
    "type" : "place",
    "startTime" : "20171203T194658+0900",
    "endTime" : "20171204T083939+0900",
    "place" : {
      "id" : 551191187,
      "type" : "unknown",
      "location" : {
        "lat" : 33.886905,
        "lon" : 130.88366
      }
    },
    "lastUpdate" : "20171204T003912Z"
  } ],
  "lastUpdate" : "20171204T003912Z"
} ]