[ {
  "date" : "20161003",
  "segments" : [ {
    "type" : "place",
    "startTime" : "20161002T091049+0900",
    "endTime" : "20161003T083136+0900",
    "place" : {
      "id" : 257240275,
      "type" : "unknown",
      "location" : {
        "lat" : 43.084886,
        "lon" : 141.3453
      }
    },
    "lastUpdate" : "20161003T001051Z"
  }, {
    "type" : "place",
    "startTime" : "20161003T083737+0900",
    "endTime" : "20161003T101625+0900",
    "place" : {
      "id" : 259240182,
      "type" : "unknown",
      "location" : {
        "lat" : 43.076435,
        "lon" : 141.33918
      }
    },
    "lastUpdate" : "20161003T014327Z"
  }, {
    "type" : "place",
    "startTime" : "20161003T102236+0900",
    "endTime" : "20161003T124924+0900",
    "place" : {
      "id" : 257240275,
      "type" : "unknown",
      "location" : {
        "lat" : 43.084886,
        "lon" : 141.3453
      }
    },
    "lastUpdate" : "20161003T044954Z"
  }, {
    "type" : "place",
    "startTime" : "20161003T125959+0900",
    "endTime" : "20161003T144529+0900",
    "place" : {
      "id" : 264571444,
      "type" : "unknown",
      "location" : {
        "lat" : 43.076536,
        "lon" : 141.3388
      }
    },
    "lastUpdate" : "20161003T062253Z"
  }, {
    "type" : "place",
    "startTime" : "20161003T145107+0900",
    "endTime" : "20161003T200830+0900",
    "place" : {
      "id" : 296366330,
      "type" : "unknown",
      "location" : {
        "lat" : 43.078158,
        "lon" : 141.34046
      }
    },
    "lastUpdate" : "20161003T123826Z"
  }, {
    "type" : "place",
    "startTime" : "20161003T202301+0900",
    "endTime" : "20161003T203838+0900",
    "place" : {
      "id" : 156039869,
      "type" : "unknown",
      "location" : {
        "lat" : 43.0822555033,
        "lon" : 141.3450571746
      }
    },
    "lastUpdate" : "20161003T123826Z"
  }, {
    "type" : "place",
    "startTime" : "20161003T204039+0900",
    "endTime" : "20161004T083908+0900",
    "place" : {
      "id" : 257240275,
      "type" : "unknown",
      "location" : {
        "lat" : 43.084886,
        "lon" : 141.3453
      }
    },
    "lastUpdate" : "20161004T005936Z"
  } ],
  "lastUpdate" : "20161004T005936Z"
}, {
  "date" : "20161004",
  "segments" : [ {
    "type" : "place",
    "startTime" : "20161003T204039+0900",
    "endTime" : "20161004T083908+0900",
    "place" : {
      "id" : 257240275,
      "type" : "unknown",
      "location" : {
        "lat" : 43.084886,
        "lon" : 141.3453
      }
    },
    "lastUpdate" : "20161004T005936Z"
  }, {
    "type" : "place",
    "startTime" : "20161004T084317+0900",
    "endTime" : "20161004T095929+0900",
    "place" : {
      "id" : 259240182,
      "type" : "unknown",
      "location" : {
        "lat" : 43.076435,
        "lon" : 141.33918
      }
    },
    "lastUpdate" : "20161004T023517Z"
  }, {
    "type" : "place",
    "startTime" : "20161004T100426+0900",
    "endTime" : "20161004T124846+0900",
    "place" : {
      "id" : 257240275,
      "type" : "unknown",
      "location" : {
        "lat" : 43.084886,
        "lon" : 141.3453
      }
    },
    "lastUpdate" : "20161004T040825Z"
  }, {
    "type" : "place",
    "startTime" : "20161004T125518+0900",
    "endTime" : "20161004T132519+0900",
    "place" : {
      "id" : 259240182,
      "type" : "unknown",
      "location" : {
        "lat" : 43.076435,
        "lon" : 141.33918
      }
    },
    "lastUpdate" : "20161004T054112Z"
  }, {
    "type" : "place",
    "startTime" : "20161004T132916+0900",
    "endTime" : "20161004T133714+0900",
    "place" : {
      "id" : 263495985,
      "type" : "unknown",
      "location" : {
        "lat" : 43.078254,
        "lon" : 141.33974
      }
    },
    "lastUpdate" : "20161004T071359Z"
  }, {
    "type" : "place",
    "startTime" : "20161004T134027+0900",
    "endTime" : "20161004T151133+0900",
    "place" : {
      "id" : 148673790,
      "type" : "unknown",
      "location" : {
        "lat" : 43.0789002991,
        "lon" : 141.340795592
      }
    },
    "lastUpdate" : "20161004T071359Z"
  }, {
    "type" : "place",
    "startTime" : "20161004T151544+0900",
    "endTime" : "20161005T101835+0900",
    "place" : {
      "id" : 257240275,
      "type" : "unknown",
      "location" : {
        "lat" : 43.084886,
        "lon" : 141.3453
      }
    },
    "lastUpdate" : "20161005T031223Z"
  } ],
  "lastUpdate" : "20161005T031223Z"
}, {
  "date" : "20161005",
  "segments" : [ {
    "type" : "place",
    "startTime" : "20161004T151544+0900",
    "endTime" : "20161005T101835+0900",
    "place" : {
      "id" : 257240275,
      "type" : "unknown",
      "location" : {
        "lat" : 43.084886,
        "lon" : 141.3453
      }
    },
    "lastUpdate" : "20161005T031223Z"
  }, {
    "type" : "place",
    "startTime" : "20161005T102358+0900",
    "endTime" : "20161005T121532+0900",
    "place" : {
      "id" : 267369006,
      "type" : "unknown",
      "location" : {
        "lat" : 43.07611,
        "lon" : 141.34005
      }
    },
    "lastUpdate" : "20161005T044319Z"
  }, {
    "type" : "place",
    "startTime" : "20161005T122042+0900",
    "endTime" : "20161005T174242+0900",
    "place" : {
      "id" : 263473039,
      "type" : "unknown",
      "location" : {
        "lat" : 43.07671,
        "lon" : 141.33921
      }
    },
    "lastUpdate" : "20161005T092152Z"
  }, {
    "type" : "place",
    "startTime" : "20161005T175253+0900",
    "endTime" : "20161005T181713+0900",
    "place" : {
      "id" : 243484427,
      "type" : "unknown",
      "location" : {
        "lat" : 43.085194,
        "lon" : 141.34479
      }
    },
    "lastUpdate" : "20161005T105527Z"
  }, {
    "type" : "place",
    "startTime" : "20161005T185140+0900",
    "endTime" : "20161005T212346+0900",
    "place" : {
      "id" : 348184784,
      "type" : "unknown",
      "location" : {
        "lat" : 43.089606,
        "lon" : 141.39916
      }
    },
    "lastUpdate" : "20161005T140130Z"
  }, {
    "type" : "place",
    "startTime" : "20161005T215006+0900",
    "endTime" : "20161006T104328+0900",
    "place" : {
      "id" : 240320372,
      "type" : "unknown",
      "location" : {
        "lat" : 43.084854,
        "lon" : 141.34483
      }
    },
    "lastUpdate" : "20161006T022406Z"
  } ],
  "lastUpdate" : "20161006T022406Z"
}, {
  "date" : "20161006",
  "segments" : [ {
    "type" : "place",
    "startTime" : "20161005T215006+0900",
    "endTime" : "20161006T104328+0900",
    "place" : {
      "id" : 240320372,
      "type" : "unknown",
      "location" : {
        "lat" : 43.084854,
        "lon" : 141.34483
      }
    },
    "lastUpdate" : "20161006T022406Z"
  }, {
    "type" : "place",
    "startTime" : "20161006T105005+0900",
    "endTime" : "20161006T121523+0900",
    "place" : {
      "id" : 268855885,
      "type" : "unknown",
      "location" : {
        "lat" : 43.081192,
        "lon" : 141.34177
      }
    },
    "lastUpdate" : "20161006T052649Z"
  }, {
    "type" : "place",
    "startTime" : "20161006T121524+0900",
    "endTime" : "20161006T142303+0900",
    "place" : {
      "id" : 175299022,
      "type" : "unknown",
      "location" : {
        "lat" : 43.0812136632,
        "lon" : 141.3438026841
      }
    },
    "lastUpdate" : "20161006T065813Z"
  }, {
    "type" : "place",
    "startTime" : "20161006T142633+0900",
    "endTime" : "20161006T143513+0900",
    "place" : {
      "id" : 165768060,
      "type" : "unknown",
      "location" : {
        "lat" : 43.0804394775,
        "lon" : 141.3408487924
      }
    },
    "lastUpdate" : "20161006T065813Z"
  }, {
    "type" : "place",
    "startTime" : "20161006T144400+0900",
    "endTime" : "20161006T151200+0900",
    "place" : {
      "id" : 291137617,
      "type" : "unknown",
      "location" : {
        "lat" : 43.077408,
        "lon" : 141.33975
      }
    },
    "lastUpdate" : "20161006T065813Z"
  }, {
    "type" : "place",
    "startTime" : "20161006T152040+0900",
    "endTime" : "20161007T102156+0900",
    "place" : {
      "id" : 174606785,
      "type" : "unknown",
      "location" : {
        "lat" : 43.0842510763,
        "lon" : 141.3447211729
      }
    },
    "lastUpdate" : "20161007T013247Z"
  } ],
  "lastUpdate" : "20161007T013247Z"
}, {
  "date" : "20161007",
  "segments" : [ {
    "type" : "place",
    "startTime" : "20161006T152040+0900",
    "endTime" : "20161007T102156+0900",
    "place" : {
      "id" : 174606785,
      "type" : "unknown",
      "location" : {
        "lat" : 43.0842510763,
        "lon" : 141.3447211729
      }
    },
    "lastUpdate" : "20161007T013247Z"
  }, {
    "type" : "place",
    "startTime" : "20161007T102751+0900",
    "endTime" : "20161007T143310+0900",
    "place" : {
      "id" : 348945687,
      "type" : "unknown",
      "location" : {
        "lat" : 43.077537,
        "lon" : 141.33928
      }
    },
    "lastUpdate" : "20161007T073719Z"
  }, {
    "type" : "place",
    "startTime" : "20161007T143310+0900",
    "endTime" : "20161007T151903+0900",
    "place" : {
      "id" : 273049548,
      "type" : "unknown",
      "location" : {
        "lat" : 43.076606,
        "lon" : 141.33991
      }
    },
    "lastUpdate" : "20161007T073719Z"
  }, {
    "type" : "place",
    "startTime" : "20161007T152536+0900",
    "endTime" : "20161007T154636+0900",
    "place" : {
      "id" : 171975605,
      "type" : "unknown",
      "location" : {
        "lat" : 43.0725551249,
        "lon" : 141.343139797
      }
    },
    "lastUpdate" : "20161007T073719Z"
  }, {
    "type" : "place",
    "startTime" : "20161007T155831+0900",
    "endTime" : "20161007T164756+0900",
    "place" : {
      "id" : 136715568,
      "type" : "unknown",
      "location" : {
        "lat" : 43.0684536661,
        "lon" : 141.3483305187
      }
    },
    "lastUpdate" : "20161007T091000Z"
  }, {
    "type" : "place",
    "startTime" : "20161007T165945+0900",
    "endTime" : "20161008T141413+0900",
    "place" : {
      "id" : 148786870,
      "type" : "unknown",
      "location" : {
        "lat" : 43.0832977285,
        "lon" : 141.3446079718
      }
    },
    "lastUpdate" : "20161008T064904Z"
  } ],
  "lastUpdate" : "20161008T064904Z"
}, {
  "date" : "20161008",
  "segments" : [ {
    "type" : "place",
    "startTime" : "20161007T165945+0900",
    "endTime" : "20161008T141413+0900",
    "place" : {
      "id" : 148786870,
      "type" : "unknown",
      "location" : {
        "lat" : 43.0832977285,
        "lon" : 141.3446079718
      }
    },
    "lastUpdate" : "20161008T064904Z"
  }, {
    "type" : "place",
    "startTime" : "20161008T141811+0900",
    "endTime" : "20161008T143034+0900",
    "place" : {
      "id" : 262997484,
      "type" : "unknown",
      "location" : {
        "lat" : 43.080287,
        "lon" : 141.34266
      }
    },
    "lastUpdate" : "20161008T064904Z"
  }, {
    "type" : "place",
    "startTime" : "20161008T144512+0900",
    "endTime" : "20161008T154438+0900",
    "place" : {
      "id" : 258471929,
      "type" : "unknown",
      "location" : {
        "lat" : 43.068581,
        "lon" : 141.3474
      }
    },
    "lastUpdate" : "20161008T082134Z"
  }, {
    "type" : "place",
    "startTime" : "20161008T155025+0900",
    "endTime" : "20161008T161559+0900",
    "place" : {
      "id" : 240665251,
      "type" : "unknown",
      "location" : {
        "lat" : 43.072508,
        "lon" : 141.34271
      }
    },
    "lastUpdate" : "20161008T082134Z"
  }, {
    "type" : "place",
    "startTime" : "20161008T162439+0900",
    "endTime" : "20161008T185153+0900",
    "place" : {
      "id" : 153575117,
      "type" : "unknown",
      "location" : {
        "lat" : 43.0789480864,
        "lon" : 141.3402874001
      }
    },
    "lastUpdate" : "20161008T112827Z"
  }, {
    "type" : "place",
    "startTime" : "20161008T185623+0900",
    "endTime" : "20161008T214137+0900",
    "place" : {
      "id" : 150941205,
      "type" : "unknown",
      "location" : {
        "lat" : 43.0790632738,
        "lon" : 141.3462747755
      }
    },
    "lastUpdate" : "20161008T130306Z"
  }, {
    "type" : "place",
    "startTime" : "20161008T214737+0900",
    "endTime" : "20161008T234129+0900",
    "place" : {
      "id" : 349734953,
      "type" : "unknown",
      "location" : {
        "lat" : 43.078552,
        "lon" : 141.35221
      }
    },
    "lastUpdate" : "20161008T161020Z"
  }, {
    "type" : "place",
    "startTime" : "20161008T234129+0900",
    "endTime" : "20161009T011712+0900",
    "place" : {
      "id" : 257772906,
      "type" : "unknown",
      "location" : {
        "lat" : 43.077956,
        "lon" : 141.35354
      }
    },
    "lastUpdate" : "20161008T174232Z"
  } ],
  "lastUpdate" : "20161008T174232Z"
}, {
  "date" : "20161009",
  "segments" : [ {
    "type" : "place",
    "startTime" : "20161008T234129+0900",
    "endTime" : "20161009T011712+0900",
    "place" : {
      "id" : 257772906,
      "type" : "unknown",
      "location" : {
        "lat" : 43.077956,
        "lon" : 141.35354
      }
    },
    "lastUpdate" : "20161008T174232Z"
  }, {
    "type" : "place",
    "startTime" : "20161009T012246+0900",
    "endTime" : "20161009T202008+0900",
    "place" : {
      "id" : 257240275,
      "type" : "unknown",
      "location" : {
        "lat" : 43.084886,
        "lon" : 141.3453
      }
    },
    "lastUpdate" : "20161009T121848Z"
  }, {
    "type" : "place",
    "startTime" : "20161009T202159+0900",
    "endTime" : "20161009T204408+0900",
    "place" : {
      "id" : 261061610,
      "type" : "unknown",
      "location" : {
        "lat" : 43.082159,
        "lon" : 141.3468
      }
    },
    "lastUpdate" : "20161009T121848Z"
  } ],
  "lastUpdate" : "20161009T121848Z"
} ]