[ {
  "date" : "20170123",
  "segments" : [ {
    "type" : "place",
    "startTime" : "20170122T185830+0900",
    "endTime" : "20170123T175310+0900",
    "place" : {
      "id" : 257240275,
      "type" : "unknown",
      "location" : {
        "lat" : 43.084886,
        "lon" : 141.3453
      }
    },
    "lastUpdate" : "20170123T095838Z"
  }, {
    "type" : "place",
    "startTime" : "20170123T180623+0900",
    "endTime" : "20170123T202826+0900",
    "place" : {
      "id" : 296366330,
      "type" : "unknown",
      "location" : {
        "lat" : 43.078158,
        "lon" : 141.34046
      }
    },
    "lastUpdate" : "20170123T130218Z"
  }, {
    "type" : "place",
    "startTime" : "20170123T204932+0900",
    "endTime" : "20170124T101350+0900",
    "place" : {
      "id" : 257240275,
      "type" : "unknown",
      "location" : {
        "lat" : 43.084886,
        "lon" : 141.3453
      }
    },
    "lastUpdate" : "20170124T013710Z"
  } ],
  "lastUpdate" : "20170124T013710Z"
}, {
  "date" : "20170124",
  "segments" : [ {
    "type" : "place",
    "startTime" : "20170123T204932+0900",
    "endTime" : "20170124T101350+0900",
    "place" : {
      "id" : 257240275,
      "type" : "unknown",
      "location" : {
        "lat" : 43.084886,
        "lon" : 141.3453
      }
    },
    "lastUpdate" : "20170124T013710Z"
  }, {
    "type" : "place",
    "startTime" : "20170124T103108+0900",
    "endTime" : "20170124T143230+0900",
    "place" : {
      "id" : 362494857,
      "type" : "unknown",
      "location" : {
        "lat" : 43.076265,
        "lon" : 141.33885
      }
    },
    "lastUpdate" : "20170124T061643Z"
  }, {
    "type" : "place",
    "startTime" : "20170124T145259+0900",
    "endTime" : "20170125T122938+0900",
    "place" : {
      "id" : 148006119,
      "type" : "unknown",
      "location" : {
        "lat" : 43.0835941285,
        "lon" : 141.3448409624
      }
    },
    "lastUpdate" : "20170125T035655Z"
  } ],
  "lastUpdate" : "20170125T035655Z"
}, {
  "date" : "20170125",
  "segments" : [ {
    "type" : "place",
    "startTime" : "20170124T145259+0900",
    "endTime" : "20170125T122938+0900",
    "place" : {
      "id" : 148006119,
      "type" : "unknown",
      "location" : {
        "lat" : 43.0835941285,
        "lon" : 141.3448409624
      }
    },
    "lastUpdate" : "20170125T035655Z"
  }, {
    "type" : "place",
    "startTime" : "20170125T122939+0900",
    "endTime" : "20170125T125253+0900",
    "place" : {
      "id" : 156039869,
      "type" : "unknown",
      "location" : {
        "lat" : 43.0822555033,
        "lon" : 141.3450571746
      }
    },
    "lastUpdate" : "20170125T052808Z"
  }, {
    "type" : "place",
    "startTime" : "20170125T130213+0900",
    "endTime" : "20170125T130756+0900",
    "place" : {
      "id" : 291137617,
      "type" : "unknown",
      "location" : {
        "lat" : 43.077408,
        "lon" : 141.33975
      }
    },
    "lastUpdate" : "20170125T065922Z"
  }, {
    "type" : "place",
    "startTime" : "20170125T130757+0900",
    "endTime" : "20170125T142917+0900",
    "place" : {
      "id" : 362494857,
      "type" : "unknown",
      "location" : {
        "lat" : 43.076265,
        "lon" : 141.33885
      }
    },
    "lastUpdate" : "20170125T065922Z"
  }, {
    "type" : "place",
    "startTime" : "20170125T143929+0900",
    "endTime" : "20170125T151124+0900",
    "place" : {
      "id" : 148673790,
      "type" : "unknown",
      "location" : {
        "lat" : 43.0789002991,
        "lon" : 141.340795592
      }
    },
    "lastUpdate" : "20170125T065922Z"
  }, {
    "type" : "place",
    "startTime" : "20170125T152818+0900",
    "endTime" : "20170125T181704+0900",
    "place" : {
      "id" : 152143834,
      "type" : "unknown",
      "location" : {
        "lat" : 43.0846321394,
        "lon" : 141.3451669726
      }
    },
    "lastUpdate" : "20170125T100207Z"
  }, {
    "type" : "place",
    "startTime" : "20170125T185136+0900",
    "endTime" : "20170125T212251+0900",
    "place" : {
      "id" : 333849665,
      "type" : "unknown",
      "location" : {
        "lat" : 43.090439,
        "lon" : 141.40017
      }
    },
    "lastUpdate" : "20170125T130858Z"
  }, {
    "type" : "place",
    "startTime" : "20170125T215750+0900",
    "endTime" : "20170126T085721+0900",
    "place" : {
      "id" : 244211019,
      "type" : "unknown",
      "location" : {
        "lat" : 43.084539,
        "lon" : 141.34467
      }
    },
    "lastUpdate" : "20170126T012819Z"
  } ],
  "lastUpdate" : "20170126T012819Z"
}, {
  "date" : "20170126",
  "segments" : [ {
    "type" : "place",
    "startTime" : "20170125T215750+0900",
    "endTime" : "20170126T085721+0900",
    "place" : {
      "id" : 244211019,
      "type" : "unknown",
      "location" : {
        "lat" : 43.084539,
        "lon" : 141.34467
      }
    },
    "lastUpdate" : "20170126T012819Z"
  }, {
    "type" : "place",
    "startTime" : "20170126T091202+0900",
    "endTime" : "20170126T143508+0900",
    "place" : {
      "id" : 264571444,
      "type" : "unknown",
      "location" : {
        "lat" : 43.076536,
        "lon" : 141.3388
      }
    },
    "lastUpdate" : "20170126T060326Z"
  }, {
    "type" : "place",
    "startTime" : "20170126T145247+0900",
    "endTime" : "20170127T102452+0900",
    "place" : {
      "id" : 182267608,
      "type" : "unknown",
      "location" : {
        "lat" : 43.0851258405,
        "lon" : 141.3443117169
      }
    },
    "lastUpdate" : "20170127T021224Z"
  } ],
  "lastUpdate" : "20170127T021224Z"
}, {
  "date" : "20170127",
  "segments" : [ {
    "type" : "place",
    "startTime" : "20170126T145247+0900",
    "endTime" : "20170127T102452+0900",
    "place" : {
      "id" : 182267608,
      "type" : "unknown",
      "location" : {
        "lat" : 43.0851258405,
        "lon" : 141.3443117169
      }
    },
    "lastUpdate" : "20170127T021224Z"
  }, {
    "type" : "place",
    "startTime" : "20170127T103733+0900",
    "endTime" : "20170127T120007+0900",
    "place" : {
      "id" : 348945687,
      "type" : "unknown",
      "location" : {
        "lat" : 43.077537,
        "lon" : 141.33928
      }
    },
    "lastUpdate" : "20170127T034250Z"
  } ],
  "lastUpdate" : "20170127T034250Z"
}, {
  "date" : "20170129",
  "segments" : [ {
    "type" : "place",
    "startTime" : "20170129T115338+0900",
    "endTime" : "20170130T101849+0900",
    "place" : {
      "id" : 257240275,
      "type" : "unknown",
      "location" : {
        "lat" : 43.084886,
        "lon" : 141.3453
      }
    },
    "lastUpdate" : "20170130T025340Z"
  } ],
  "lastUpdate" : "20170130T025340Z"
} ]