[ {
  "date" : "20141229",
  "segments" : [ {
    "type" : "place",
    "startTime" : "20141228T170918+0900",
    "endTime" : "20141229T165220+0900",
    "place" : {
      "id" : 117345858,
      "type" : "unknown",
      "location" : {
        "lat" : 35.7193335133,
        "lon" : 139.7273594442
      }
    },
    "lastUpdate" : "20141229T110313Z"
  }, {
    "type" : "place",
    "startTime" : "20141229T171117+0900",
    "endTime" : "20141229T172244+0900",
    "place" : {
      "id" : 98693802,
      "type" : "unknown",
      "location" : {
        "lat" : 35.6771123703,
        "lon" : 139.7371022881
      }
    },
    "lastUpdate" : "20141229T110313Z"
  }, {
    "type" : "place",
    "startTime" : "20141229T172648+0900",
    "endTime" : "20141229T222712+0900",
    "place" : {
      "id" : 123330222,
      "type" : "unknown",
      "location" : {
        "lat" : 35.6753046892,
        "lon" : 139.7374498773
      }
    },
    "lastUpdate" : "20141229T171451Z"
  }, {
    "type" : "place",
    "startTime" : "20141229T224324+0900",
    "endTime" : "20141229T224710+0900",
    "place" : {
      "id" : 123381052,
      "type" : "unknown",
      "location" : {
        "lat" : 35.6748857434,
        "lon" : 139.7416463411
      }
    },
    "lastUpdate" : "20141229T171451Z"
  }, {
    "type" : "place",
    "startTime" : "20141229T233259+0900",
    "endTime" : "20141230T211638+0900",
    "place" : {
      "id" : 117753095,
      "type" : "unknown",
      "location" : {
        "lat" : 35.7167271665,
        "lon" : 139.7289428743
      }
    },
    "lastUpdate" : "20141230T144455Z"
  } ],
  "lastUpdate" : "20141230T144455Z"
}, {
  "date" : "20141230",
  "segments" : [ {
    "type" : "place",
    "startTime" : "20141229T233259+0900",
    "endTime" : "20141230T211638+0900",
    "place" : {
      "id" : 117753095,
      "type" : "unknown",
      "location" : {
        "lat" : 35.7167271665,
        "lon" : 139.7289428743
      }
    },
    "lastUpdate" : "20141230T144455Z"
  }, {
    "type" : "place",
    "startTime" : "20141230T212325+0900",
    "endTime" : "20141231T050351+0900",
    "place" : {
      "id" : 117345858,
      "type" : "unknown",
      "location" : {
        "lat" : 35.7193335133,
        "lon" : 139.7273594442
      }
    },
    "lastUpdate" : "20141230T235022Z"
  } ],
  "lastUpdate" : "20141230T235022Z"
}, {
  "date" : "20141231",
  "segments" : [ {
    "type" : "place",
    "startTime" : "20141230T212325+0900",
    "endTime" : "20141231T050351+0900",
    "place" : {
      "id" : 117345858,
      "type" : "unknown",
      "location" : {
        "lat" : 35.7193335133,
        "lon" : 139.7273594442
      }
    },
    "lastUpdate" : "20141230T235022Z"
  }, {
    "type" : "place",
    "startTime" : "20141231T050854+0900",
    "endTime" : "20150101T015029+0900",
    "place" : {
      "id" : 120660371,
      "type" : "unknown",
      "location" : {
        "lat" : 35.7170691695,
        "lon" : 139.7285884985
      }
    },
    "lastUpdate" : "20141231T230549Z"
  } ],
  "lastUpdate" : "20141231T230549Z"
}, {
  "date" : "20150101",
  "segments" : [ {
    "type" : "place",
    "startTime" : "20141231T050854+0900",
    "endTime" : "20150101T015029+0900",
    "place" : {
      "id" : 120660371,
      "type" : "unknown",
      "location" : {
        "lat" : 35.7170691695,
        "lon" : 139.7285884985
      }
    },
    "lastUpdate" : "20141231T230549Z"
  }, {
    "type" : "place",
    "startTime" : "20150101T015030+0900",
    "endTime" : "20150101T064635+0900",
    "place" : {
      "id" : 124037187,
      "type" : "unknown",
      "location" : {
        "lat" : 35.7195378491,
        "lon" : 139.7268566997
      }
    },
    "lastUpdate" : "20141231T230549Z"
  }, {
    "type" : "place",
    "startTime" : "20150101T065118+0900",
    "endTime" : "20150101T074348+0900",
    "place" : {
      "id" : 124037188,
      "type" : "unknown",
      "location" : {
        "lat" : 35.7215123393,
        "lon" : 139.725683629
      }
    },
    "lastUpdate" : "20150101T081346Z"
  }, {
    "type" : "place",
    "startTime" : "20150101T080633+0900",
    "endTime" : "20150102T204419+0900",
    "place" : {
      "id" : 117753095,
      "type" : "unknown",
      "location" : {
        "lat" : 35.7167271665,
        "lon" : 139.7289428743
      }
    },
    "lastUpdate" : "20150102T162615Z"
  } ],
  "lastUpdate" : "20150102T162615Z"
}, {
  "date" : "20150101",
  "segments" : [ {
    "type" : "place",
    "startTime" : "20141231T050854+0900",
    "endTime" : "20150101T015029+0900",
    "place" : {
      "id" : 120660371,
      "type" : "unknown",
      "location" : {
        "lat" : 35.7170691695,
        "lon" : 139.7285884985
      }
    },
    "lastUpdate" : "20141231T230549Z"
  }, {
    "type" : "place",
    "startTime" : "20150101T015030+0900",
    "endTime" : "20150101T064635+0900",
    "place" : {
      "id" : 124037187,
      "type" : "unknown",
      "location" : {
        "lat" : 35.7195378491,
        "lon" : 139.7268566997
      }
    },
    "lastUpdate" : "20141231T230549Z"
  }, {
    "type" : "place",
    "startTime" : "20150101T065118+0900",
    "endTime" : "20150101T074348+0900",
    "place" : {
      "id" : 124037188,
      "type" : "unknown",
      "location" : {
        "lat" : 35.7215123393,
        "lon" : 139.725683629
      }
    },
    "lastUpdate" : "20150101T081346Z"
  }, {
    "type" : "place",
    "startTime" : "20150101T080633+0900",
    "endTime" : "20150102T204419+0900",
    "place" : {
      "id" : 117753095,
      "type" : "unknown",
      "location" : {
        "lat" : 35.7167271665,
        "lon" : 139.7289428743
      }
    },
    "lastUpdate" : "20150102T162615Z"
  } ],
  "lastUpdate" : "20150102T162615Z"
}, {
  "date" : "20150102",
  "segments" : [ {
    "type" : "place",
    "startTime" : "20150101T080633+0900",
    "endTime" : "20150102T204419+0900",
    "place" : {
      "id" : 117753095,
      "type" : "unknown",
      "location" : {
        "lat" : 35.7167271665,
        "lon" : 139.7289428743
      }
    },
    "lastUpdate" : "20150102T162615Z"
  }, {
    "type" : "place",
    "startTime" : "20150102T204943+0900",
    "endTime" : "20150103T062156+0900",
    "place" : {
      "id" : 117345858,
      "type" : "unknown",
      "location" : {
        "lat" : 35.7193335133,
        "lon" : 139.7273594442
      }
    },
    "lastUpdate" : "20150103T001201Z"
  } ],
  "lastUpdate" : "20150103T001201Z"
}, {
  "date" : "20150103",
  "segments" : [ {
    "type" : "place",
    "startTime" : "20150102T204943+0900",
    "endTime" : "20150103T062156+0900",
    "place" : {
      "id" : 117345858,
      "type" : "unknown",
      "location" : {
        "lat" : 35.7193335133,
        "lon" : 139.7273594442
      }
    },
    "lastUpdate" : "20150103T001201Z"
  }, {
    "type" : "place",
    "startTime" : "20150103T062156+0900",
    "endTime" : "20150104T205525+0900",
    "place" : {
      "id" : 98345442,
      "type" : "unknown",
      "location" : {
        "lat" : 35.7168392789,
        "lon" : 139.7283806079
      }
    },
    "lastUpdate" : "20150104T151251Z"
  } ],
  "lastUpdate" : "20150104T151251Z"
}, {
  "date" : "20150104",
  "segments" : [ {
    "type" : "place",
    "startTime" : "20150103T062156+0900",
    "endTime" : "20150104T205525+0900",
    "place" : {
      "id" : 98345442,
      "type" : "unknown",
      "location" : {
        "lat" : 35.7168392789,
        "lon" : 139.7283806079
      }
    },
    "lastUpdate" : "20150104T151251Z"
  }, {
    "type" : "place",
    "startTime" : "20150104T210226+0900",
    "endTime" : "20150105T064409+0900",
    "place" : {
      "id" : 117345858,
      "type" : "unknown",
      "location" : {
        "lat" : 35.7193335133,
        "lon" : 139.7273594442
      }
    },
    "lastUpdate" : "20150105T003133Z"
  } ],
  "lastUpdate" : "20150105T003133Z"
} ]