[ {
  "date" : "20160711",
  "segments" : [ {
    "type" : "place",
    "startTime" : "20160711T145216+0900",
    "endTime" : "20160711T170121+0900",
    "place" : {
      "id" : 259240182,
      "type" : "unknown",
      "location" : {
        "lat" : 43.076435,
        "lon" : 141.33918
      }
    },
    "lastUpdate" : "20160711T085050Z"
  }, {
    "type" : "place",
    "startTime" : "20160711T170610+0900",
    "endTime" : "20160712T101503+0900",
    "place" : {
      "id" : 257240275,
      "type" : "unknown",
      "location" : {
        "lat" : 43.084886,
        "lon" : 141.3453
      }
    },
    "lastUpdate" : "20160712T020000Z"
  } ],
  "lastUpdate" : "20160712T020000Z"
}, {
  "date" : "20160712",
  "segments" : [ {
    "type" : "place",
    "startTime" : "20160711T170610+0900",
    "endTime" : "20160712T101503+0900",
    "place" : {
      "id" : 257240275,
      "type" : "unknown",
      "location" : {
        "lat" : 43.084886,
        "lon" : 141.3453
      }
    },
    "lastUpdate" : "20160712T020000Z"
  }, {
    "type" : "place",
    "startTime" : "20160712T102007+0900",
    "endTime" : "20160712T161626+0900",
    "place" : {
      "id" : 259240182,
      "type" : "unknown",
      "location" : {
        "lat" : 43.076435,
        "lon" : 141.33918
      }
    },
    "lastUpdate" : "20160712T080717Z"
  }, {
    "type" : "place",
    "startTime" : "20160712T162953+0900",
    "endTime" : "20160712T175330+0900",
    "place" : {
      "id" : 147930617,
      "type" : "unknown",
      "location" : {
        "lat" : 43.0839664558,
        "lon" : 141.3445236816
      }
    },
    "lastUpdate" : "20160712T093913Z"
  }, {
    "type" : "place",
    "startTime" : "20160712T175855+0900",
    "endTime" : "20160712T210302+0900",
    "place" : {
      "id" : 259007357,
      "type" : "unknown",
      "location" : {
        "lat" : 43.075819,
        "lon" : 141.34081
      }
    },
    "lastUpdate" : "20160712T124143Z"
  }, {
    "type" : "place",
    "startTime" : "20160712T212233+0900",
    "endTime" : "20160712T230104+0900",
    "place" : {
      "id" : 147603132,
      "type" : "unknown",
      "location" : {
        "lat" : 43.0791971362,
        "lon" : 141.3458806039
      }
    },
    "lastUpdate" : "20160712T141149Z"
  }, {
    "type" : "place",
    "startTime" : "20160712T230710+0900",
    "endTime" : "20160713T103507+0900",
    "place" : {
      "id" : 141435006,
      "type" : "unknown",
      "location" : {
        "lat" : 43.0843685253,
        "lon" : 141.345080654
      }
    },
    "lastUpdate" : "20160713T040859Z"
  } ],
  "lastUpdate" : "20160713T040859Z"
}, {
  "date" : "20160713",
  "segments" : [ {
    "type" : "place",
    "startTime" : "20160712T230710+0900",
    "endTime" : "20160713T103507+0900",
    "place" : {
      "id" : 141435006,
      "type" : "unknown",
      "location" : {
        "lat" : 43.0843685253,
        "lon" : 141.345080654
      }
    },
    "lastUpdate" : "20160713T040859Z"
  }, {
    "type" : "place",
    "startTime" : "20160713T103927+0900",
    "endTime" : "20160713T130356+0900",
    "place" : {
      "id" : 265023791,
      "type" : "unknown",
      "location" : {
        "lat" : 43.081043,
        "lon" : 141.34126
      }
    },
    "lastUpdate" : "20160713T071402Z"
  }, {
    "type" : "place",
    "startTime" : "20160713T144949+0900",
    "endTime" : "20160713T145202+0900",
    "place" : {
      "id" : 291137617,
      "type" : "unknown",
      "location" : {
        "lat" : 43.077408,
        "lon" : 141.33975
      }
    },
    "lastUpdate" : "20160714T045453Z"
  }, {
    "type" : "place",
    "startTime" : "20160713T152557+0900",
    "endTime" : "20160714T143400+0900",
    "place" : {
      "id" : 148006119,
      "type" : "unknown",
      "location" : {
        "lat" : 43.0835941285,
        "lon" : 141.3448409624
      }
    },
    "lastUpdate" : "20160714T062559Z"
  } ],
  "lastUpdate" : "20160714T062559Z"
}, {
  "date" : "20160714",
  "segments" : [ {
    "type" : "place",
    "startTime" : "20160713T152557+0900",
    "endTime" : "20160714T143400+0900",
    "place" : {
      "id" : 148006119,
      "type" : "unknown",
      "location" : {
        "lat" : 43.0835941285,
        "lon" : 141.3448409624
      }
    },
    "lastUpdate" : "20160714T062559Z"
  }, {
    "type" : "place",
    "startTime" : "20160714T143909+0900",
    "endTime" : "20160714T163609+0900",
    "place" : {
      "id" : 296366330,
      "type" : "unknown",
      "location" : {
        "lat" : 43.078158,
        "lon" : 141.34046
      }
    },
    "lastUpdate" : "20160714T075655Z"
  }, {
    "type" : "place",
    "startTime" : "20160714T164720+0900",
    "endTime" : "20160714T171135+0900",
    "place" : {
      "id" : 244211019,
      "type" : "unknown",
      "location" : {
        "lat" : 43.084539,
        "lon" : 141.34467
      }
    },
    "lastUpdate" : "20160714T092909Z"
  }, {
    "type" : "place",
    "startTime" : "20160714T171721+0900",
    "endTime" : "20160715T043033+0900",
    "place" : {
      "id" : 141435006,
      "type" : "unknown",
      "location" : {
        "lat" : 43.0843685253,
        "lon" : 141.345080654
      }
    },
    "lastUpdate" : "20160715T005952Z"
  } ],
  "lastUpdate" : "20160715T005952Z"
}, {
  "date" : "20160715",
  "segments" : [ {
    "type" : "place",
    "startTime" : "20160714T171721+0900",
    "endTime" : "20160715T043033+0900",
    "place" : {
      "id" : 141435006,
      "type" : "unknown",
      "location" : {
        "lat" : 43.0843685253,
        "lon" : 141.345080654
      }
    },
    "lastUpdate" : "20160715T005952Z"
  }, {
    "type" : "place",
    "startTime" : "20160715T043348+0900",
    "endTime" : "20160715T090616+0900",
    "place" : {
      "id" : 269370948,
      "type" : "unknown",
      "location" : {
        "lat" : 43.081367,
        "lon" : 141.34339
      }
    },
    "lastUpdate" : "20160715T005952Z"
  }, {
    "type" : "place",
    "startTime" : "20160715T160443+0900",
    "endTime" : "20160715T161233+0900",
    "place" : {
      "id" : 259914648,
      "type" : "unknown",
      "location" : {
        "lat" : 43.076409,
        "lon" : 141.33842
      }
    },
    "lastUpdate" : "20160715T084619Z"
  }, {
    "type" : "place",
    "startTime" : "20160715T162017+0900",
    "endTime" : "20160715T162746+0900",
    "place" : {
      "id" : 269370948,
      "type" : "unknown",
      "location" : {
        "lat" : 43.081367,
        "lon" : 141.34339
      }
    },
    "lastUpdate" : "20160715T084619Z"
  } ],
  "lastUpdate" : "20160715T084619Z"
} ]