[ {
  "date" : "20150525",
  "segments" : [ {
    "type" : "place",
    "startTime" : "20150524T150102+0900",
    "endTime" : "20150525T125348+0900",
    "place" : {
      "id" : 152143834,
      "type" : "unknown",
      "location" : {
        "lat" : 43.0846321394,
        "lon" : 141.3451669726
      }
    },
    "lastUpdate" : "20150525T073827Z"
  }, {
    "type" : "place",
    "startTime" : "20150525T125923+0900",
    "endTime" : "20150525T144032+0900",
    "place" : {
      "id" : 148953360,
      "type" : "unknown",
      "location" : {
        "lat" : 43.0795753946,
        "lon" : 141.3396776382
      }
    },
    "lastUpdate" : "20150525T094631Z"
  }, {
    "type" : "place",
    "startTime" : "20150525T144700+0900",
    "endTime" : "20150525T145254+0900",
    "place" : {
      "id" : 146720426,
      "type" : "unknown",
      "location" : {
        "lat" : 43.0698576843,
        "lon" : 141.3437207813
      }
    },
    "lastUpdate" : "20150525T094631Z"
  }, {
    "type" : "place",
    "startTime" : "20150525T150102+0900",
    "endTime" : "20150525T165905+0900",
    "place" : {
      "id" : 152143834,
      "type" : "unknown",
      "location" : {
        "lat" : 43.0846321394,
        "lon" : 141.3451669726
      }
    },
    "lastUpdate" : "20150525T094631Z"
  }, {
    "type" : "place",
    "startTime" : "20150525T170215+0900",
    "endTime" : "20150525T201057+0900",
    "place" : {
      "id" : 149467634,
      "type" : "unknown",
      "location" : {
        "lat" : 43.0785451373,
        "lon" : 141.341093201
      }
    },
    "lastUpdate" : "20150525T135256Z"
  }, {
    "type" : "place",
    "startTime" : "20150525T202159+0900",
    "endTime" : "20150525T203308+0900",
    "place" : {
      "id" : 156039869,
      "type" : "unknown",
      "location" : {
        "lat" : 43.0822555033,
        "lon" : 141.3450571746
      }
    },
    "lastUpdate" : "20150525T135256Z"
  }, {
    "type" : "place",
    "startTime" : "20150525T203346+0900",
    "endTime" : "20150526T115206+0900",
    "place" : {
      "id" : 152143834,
      "type" : "unknown",
      "location" : {
        "lat" : 43.0846321394,
        "lon" : 141.3451669726
      }
    },
    "lastUpdate" : "20150526T033530Z"
  } ],
  "lastUpdate" : "20150526T033530Z"
}, {
  "date" : "20150526",
  "segments" : [ {
    "type" : "place",
    "startTime" : "20150525T203346+0900",
    "endTime" : "20150526T115206+0900",
    "place" : {
      "id" : 152143834,
      "type" : "unknown",
      "location" : {
        "lat" : 43.0846321394,
        "lon" : 141.3451669726
      }
    },
    "lastUpdate" : "20150526T033530Z"
  }, {
    "type" : "place",
    "startTime" : "20150526T115551+0900",
    "endTime" : "20150526T135051+0900",
    "place" : {
      "id" : 147225741,
      "type" : "unknown",
      "location" : {
        "lat" : 43.0792829071,
        "lon" : 141.3406591161
      }
    },
    "lastUpdate" : "20150526T104258Z"
  }, {
    "type" : "place",
    "startTime" : "20150526T135051+0900",
    "endTime" : "20150526T143233+0900",
    "place" : {
      "id" : 151717400,
      "type" : "unknown",
      "location" : {
        "lat" : 43.0780439296,
        "lon" : 141.3408016412
      }
    },
    "lastUpdate" : "20150526T104258Z"
  }, {
    "type" : "place",
    "startTime" : "20150526T143609+0900",
    "endTime" : "20150526T160341+0900",
    "place" : {
      "id" : 147225741,
      "type" : "unknown",
      "location" : {
        "lat" : 43.0792829071,
        "lon" : 141.3406591161
      }
    },
    "lastUpdate" : "20150526T124640Z"
  }, {
    "type" : "place",
    "startTime" : "20150526T160728+0900",
    "endTime" : "20150526T194753+0900",
    "place" : {
      "id" : 165137977,
      "type" : "unknown",
      "location" : {
        "lat" : 43.0783211827,
        "lon" : 141.340846954
      }
    },
    "lastUpdate" : "20150526T124640Z"
  }, {
    "type" : "place",
    "startTime" : "20150526T195156+0900",
    "endTime" : "20150526T200510+0900",
    "place" : {
      "id" : 146950414,
      "type" : "unknown",
      "location" : {
        "lat" : 43.0819789503,
        "lon" : 141.3451437419
      }
    },
    "lastUpdate" : "20150526T124640Z"
  }, {
    "type" : "place",
    "startTime" : "20150526T200541+0900",
    "endTime" : "20150527T084445+0900",
    "place" : {
      "id" : 152143834,
      "type" : "unknown",
      "location" : {
        "lat" : 43.0846321394,
        "lon" : 141.3451669726
      }
    },
    "lastUpdate" : "20150527T051817Z"
  } ],
  "lastUpdate" : "20150527T051817Z"
}, {
  "date" : "20150527",
  "segments" : [ {
    "type" : "place",
    "startTime" : "20150526T200541+0900",
    "endTime" : "20150527T084445+0900",
    "place" : {
      "id" : 152143834,
      "type" : "unknown",
      "location" : {
        "lat" : 43.0846321394,
        "lon" : 141.3451669726
      }
    },
    "lastUpdate" : "20150527T051817Z"
  }, {
    "type" : "place",
    "startTime" : "20150527T084736+0900",
    "endTime" : "20150527T120639+0900",
    "place" : {
      "id" : 141367537,
      "type" : "unknown",
      "location" : {
        "lat" : 43.0794932905,
        "lon" : 141.3403872229
      }
    },
    "lastUpdate" : "20150527T051817Z"
  }, {
    "type" : "place",
    "startTime" : "20150527T121012+0900",
    "endTime" : "20150527T124935+0900",
    "place" : {
      "id" : 141435006,
      "type" : "unknown",
      "location" : {
        "lat" : 43.0843685253,
        "lon" : 141.345080654
      }
    },
    "lastUpdate" : "20150527T051817Z"
  }, {
    "type" : "place",
    "startTime" : "20150527T125422+0900",
    "endTime" : "20150527T162204+0900",
    "place" : {
      "id" : 147225741,
      "type" : "unknown",
      "location" : {
        "lat" : 43.0792829071,
        "lon" : 141.3406591161
      }
    },
    "lastUpdate" : "20150527T122602Z"
  }, {
    "type" : "place",
    "startTime" : "20150527T163335+0900",
    "endTime" : "20150527T175142+0900",
    "place" : {
      "id" : 148725339,
      "type" : "unknown",
      "location" : {
        "lat" : 43.0789768858,
        "lon" : 141.3332834548
      }
    },
    "lastUpdate" : "20150528T033813Z"
  }, {
    "type" : "place",
    "startTime" : "20150527T212612+0900",
    "endTime" : "20150528T171550+0900",
    "place" : {
      "id" : 165768060,
      "type" : "unknown",
      "location" : {
        "lat" : 43.0804394775,
        "lon" : 141.3408487924
      }
    },
    "lastUpdate" : "20150528T142942Z"
  } ],
  "lastUpdate" : "20150528T142942Z"
}, {
  "date" : "20150528",
  "segments" : [ {
    "type" : "place",
    "startTime" : "20150527T212612+0900",
    "endTime" : "20150528T171550+0900",
    "place" : {
      "id" : 165768060,
      "type" : "unknown",
      "location" : {
        "lat" : 43.0804394775,
        "lon" : 141.3408487924
      }
    },
    "lastUpdate" : "20150528T142942Z"
  }, {
    "type" : "place",
    "startTime" : "20150528T172308+0900",
    "endTime" : "20150528T173057+0900",
    "place" : {
      "id" : 141367536,
      "type" : "unknown",
      "location" : {
        "lat" : 43.0784012398,
        "lon" : 141.340132137
      }
    },
    "lastUpdate" : "20150528T142942Z"
  }, {
    "type" : "place",
    "startTime" : "20150528T173916+0900",
    "endTime" : "20150528T191741+0900",
    "place" : {
      "id" : 156039859,
      "type" : "unknown",
      "location" : {
        "lat" : 43.079009905,
        "lon" : 141.3337467539
      }
    },
    "lastUpdate" : "20150528T142942Z"
  }, {
    "type" : "place",
    "startTime" : "20150528T192805+0900",
    "endTime" : "20150528T195854+0900",
    "place" : {
      "id" : 165768061,
      "type" : "unknown",
      "location" : {
        "lat" : 43.089015204,
        "lon" : 141.3355688529
      }
    },
    "lastUpdate" : "20150528T142942Z"
  }, {
    "type" : "place",
    "startTime" : "20150528T200146+0900",
    "endTime" : "20150528T200346+0900",
    "place" : {
      "id" : 165768062,
      "type" : "unknown",
      "location" : {
        "lat" : 43.0896482803,
        "lon" : 141.3385295705
      }
    },
    "lastUpdate" : "20150528T142942Z"
  }, {
    "type" : "place",
    "startTime" : "20150528T201139+0900",
    "endTime" : "20150529T085448+0900",
    "place" : {
      "id" : 152143834,
      "type" : "unknown",
      "location" : {
        "lat" : 43.0846321394,
        "lon" : 141.3451669726
      }
    },
    "lastUpdate" : "20150529T020353Z"
  } ],
  "lastUpdate" : "20150529T020353Z"
}, {
  "date" : "20150529",
  "segments" : [ {
    "type" : "place",
    "startTime" : "20150528T201139+0900",
    "endTime" : "20150529T085448+0900",
    "place" : {
      "id" : 152143834,
      "type" : "unknown",
      "location" : {
        "lat" : 43.0846321394,
        "lon" : 141.3451669726
      }
    },
    "lastUpdate" : "20150529T020353Z"
  }, {
    "type" : "place",
    "startTime" : "20150529T085654+0900",
    "endTime" : "20150529T102650+0900",
    "place" : {
      "id" : 147225741,
      "type" : "unknown",
      "location" : {
        "lat" : 43.0792829071,
        "lon" : 141.3406591161
      }
    },
    "lastUpdate" : "20150529T033512Z"
  }, {
    "type" : "place",
    "startTime" : "20150529T110349+0900",
    "endTime" : "20150529T161649+0900",
    "place" : {
      "id" : 147225741,
      "type" : "unknown",
      "location" : {
        "lat" : 43.0792829071,
        "lon" : 141.3406591161
      }
    },
    "lastUpdate" : "20150529T094948Z"
  }, {
    "type" : "place",
    "startTime" : "20150529T162308+0900",
    "endTime" : "20150529T171318+0900",
    "place" : {
      "id" : 156546343,
      "type" : "unknown",
      "location" : {
        "lat" : 43.083240679,
        "lon" : 141.3391387825
      }
    },
    "lastUpdate" : "20150529T094953Z"
  }, {
    "type" : "place",
    "startTime" : "20150529T171754+0900",
    "endTime" : "20150530T123507+0900",
    "place" : {
      "id" : 156039869,
      "type" : "unknown",
      "location" : {
        "lat" : 43.0822555033,
        "lon" : 141.3450571746
      }
    },
    "lastUpdate" : "20150530T124350Z"
  } ],
  "lastUpdate" : "20150530T124350Z"
}, {
  "date" : "20150530",
  "segments" : [ {
    "type" : "place",
    "startTime" : "20150529T171754+0900",
    "endTime" : "20150530T123507+0900",
    "place" : {
      "id" : 156039869,
      "type" : "unknown",
      "location" : {
        "lat" : 43.0822555033,
        "lon" : 141.3450571746
      }
    },
    "lastUpdate" : "20150530T124350Z"
  }, {
    "type" : "place",
    "startTime" : "20150530T201433+0900",
    "endTime" : "20150530T203908+0900",
    "place" : {
      "id" : 153402215,
      "type" : "unknown",
      "location" : {
        "lat" : 43.0899688696,
        "lon" : 141.336395042
      }
    },
    "lastUpdate" : "20150530T124350Z"
  }, {
    "type" : "place",
    "startTime" : "20150530T204547+0900",
    "endTime" : "20150601T124731+0900",
    "place" : {
      "id" : 156039869,
      "type" : "unknown",
      "location" : {
        "lat" : 43.0822555033,
        "lon" : 141.3450571746
      }
    },
    "lastUpdate" : "20150601T064306Z"
  } ],
  "lastUpdate" : "20150601T064306Z"
}, {
  "date" : "20150531",
  "segments" : [ {
    "type" : "place",
    "startTime" : "20150530T204547+0900",
    "endTime" : "20150601T124731+0900",
    "place" : {
      "id" : 156039869,
      "type" : "unknown",
      "location" : {
        "lat" : 43.0822555033,
        "lon" : 141.3450571746
      }
    },
    "lastUpdate" : "20150601T064306Z"
  } ],
  "lastUpdate" : "20150601T064306Z"
} ]