[ {
  "date" : "20180219",
  "segments" : [ {
    "type" : "place",
    "startTime" : "20180218T164903+0900",
    "endTime" : "20180219T160957+0900",
    "place" : {
      "id" : 257240275,
      "type" : "unknown",
      "location" : {
        "lat" : 43.084886,
        "lon" : 141.3453
      }
    },
    "lastUpdate" : "20180219T074952Z"
  }, {
    "type" : "place",
    "startTime" : "20180219T162924+0900",
    "endTime" : "20180219T165724+0900",
    "place" : {
      "id" : 259490388,
      "type" : "unknown",
      "location" : {
        "lat" : 43.075454,
        "lon" : 141.34061
      }
    },
    "lastUpdate" : "20180219T092112Z"
  }, {
    "type" : "place",
    "startTime" : "20180219T170023+0900",
    "endTime" : "20180219T210610+0900",
    "place" : {
      "id" : 268906914,
      "type" : "unknown",
      "location" : {
        "lat" : 43.075967,
        "lon" : 141.3395
      }
    },
    "lastUpdate" : "20180219T123120Z"
  }, {
    "type" : "place",
    "startTime" : "20180219T212601+0900",
    "endTime" : "20180220T100146+0900",
    "place" : {
      "id" : 240320372,
      "type" : "unknown",
      "location" : {
        "lat" : 43.084854,
        "lon" : 141.34483
      }
    },
    "lastUpdate" : "20180220T022641Z"
  } ],
  "lastUpdate" : "20180220T022641Z"
}, {
  "date" : "20180220",
  "segments" : [ {
    "type" : "place",
    "startTime" : "20180219T212601+0900",
    "endTime" : "20180220T100146+0900",
    "place" : {
      "id" : 240320372,
      "type" : "unknown",
      "location" : {
        "lat" : 43.084854,
        "lon" : 141.34483
      }
    },
    "lastUpdate" : "20180220T022641Z"
  }, {
    "type" : "place",
    "startTime" : "20180220T100858+0900",
    "endTime" : "20180220T101514+0900",
    "place" : {
      "id" : 247050010,
      "type" : "unknown",
      "location" : {
        "lat" : 43.089765,
        "lon" : 141.3449
      }
    },
    "lastUpdate" : "20180220T040014Z"
  }, {
    "type" : "place",
    "startTime" : "20180220T113000+0900",
    "endTime" : "20180220T114046+0900",
    "place" : {
      "id" : 142113691,
      "type" : "unknown",
      "location" : {
        "lat" : 42.7889466442,
        "lon" : 141.6801833982
      }
    },
    "lastUpdate" : "20180220T040014Z"
  }, {
    "type" : "place",
    "startTime" : "20180220T114620+0900",
    "endTime" : "20180220T123728+0900",
    "place" : {
      "id" : 252352758,
      "type" : "unknown",
      "location" : {
        "lat" : 42.789652,
        "lon" : 141.68003
      }
    },
    "lastUpdate" : "20180220T040014Z"
  }, {
    "type" : "place",
    "startTime" : "20180220T123729+0900",
    "endTime" : "20180220T130858+0900",
    "place" : {
      "id" : 572691283,
      "type" : "unknown",
      "location" : {
        "lat" : 42.790993,
        "lon" : 141.68039
      }
    },
    "lastUpdate" : "20180220T082539Z"
  }, {
    "type" : "place",
    "startTime" : "20180220T130859+0900",
    "endTime" : "20180220T134351+0900",
    "place" : {
      "id" : 413633099,
      "type" : "unknown",
      "location" : {
        "lat" : 42.789773,
        "lon" : 141.68048
      }
    },
    "lastUpdate" : "20180220T130635Z"
  }, {
    "type" : "place",
    "startTime" : "20180220T203756+0900",
    "endTime" : "20180220T212032+0900",
    "place" : {
      "id" : 572783925,
      "type" : "unknown",
      "location" : {
        "lat" : 33.589353,
        "lon" : 130.45303
      }
    },
    "lastUpdate" : "20180220T130635Z"
  }, {
    "type" : "place",
    "startTime" : "20180220T212412+0900",
    "endTime" : "20180221T072717+0900",
    "place" : {
      "id" : 550589635,
      "type" : "unknown",
      "location" : {
        "lat" : 33.588096,
        "lon" : 130.45512
      }
    },
    "lastUpdate" : "20180221T001326Z"
  } ],
  "lastUpdate" : "20180221T001326Z"
}, {
  "date" : "20180221",
  "segments" : [ {
    "type" : "place",
    "startTime" : "20180220T212412+0900",
    "endTime" : "20180221T072717+0900",
    "place" : {
      "id" : 550589635,
      "type" : "unknown",
      "location" : {
        "lat" : 33.588096,
        "lon" : 130.45512
      }
    },
    "lastUpdate" : "20180221T001326Z"
  }, {
    "type" : "place",
    "startTime" : "20180221T075942+0900",
    "endTime" : "20180221T080434+0900",
    "place" : {
      "id" : 572906553,
      "type" : "unknown",
      "location" : {
        "lat" : 33.590547,
        "lon" : 130.42042
      }
    },
    "lastUpdate" : "20180221T001326Z"
  }, {
    "type" : "place",
    "startTime" : "20180221T100117+0900",
    "endTime" : "20180221T100913+0900",
    "place" : {
      "id" : 572916283,
      "type" : "unknown",
      "location" : {
        "lat" : 33.885473,
        "lon" : 130.88231
      }
    },
    "lastUpdate" : "20180221T031541Z"
  }, {
    "type" : "place",
    "startTime" : "20180221T112452+0900",
    "endTime" : "20180221T170639+0900",
    "place" : {
      "id" : 550882133,
      "type" : "unknown",
      "location" : {
        "lat" : 33.88741,
        "lon" : 130.88432
      }
    },
    "lastUpdate" : "20180221T092336Z"
  }, {
    "type" : "place",
    "startTime" : "20180221T172154+0900",
    "endTime" : "20180221T173324+0900",
    "place" : {
      "id" : 551251120,
      "type" : "unknown",
      "location" : {
        "lat" : 33.886856,
        "lon" : 130.88248
      }
    },
    "lastUpdate" : "20180221T092336Z"
  }, {
    "type" : "place",
    "startTime" : "20180221T173905+0900",
    "endTime" : "20180221T183114+0900",
    "place" : {
      "id" : 550882133,
      "type" : "unknown",
      "location" : {
        "lat" : 33.88741,
        "lon" : 130.88432
      }
    },
    "lastUpdate" : "20180221T103824Z"
  }, {
    "type" : "place",
    "startTime" : "20180221T184048+0900",
    "endTime" : "20180221T193128+0900",
    "place" : {
      "id" : 572987547,
      "type" : "unknown",
      "location" : {
        "lat" : 33.884987,
        "lon" : 130.88108
      }
    },
    "lastUpdate" : "20180221T121146Z"
  }, {
    "type" : "place",
    "startTime" : "20180221T193811+0900",
    "endTime" : "20180222T084716+0900",
    "place" : {
      "id" : 550882133,
      "type" : "unknown",
      "location" : {
        "lat" : 33.88741,
        "lon" : 130.88432
      }
    },
    "lastUpdate" : "20180222T004302Z"
  } ],
  "lastUpdate" : "20180222T004302Z"
}, {
  "date" : "20180222",
  "segments" : [ {
    "type" : "place",
    "startTime" : "20180221T193811+0900",
    "endTime" : "20180222T084716+0900",
    "place" : {
      "id" : 550882133,
      "type" : "unknown",
      "location" : {
        "lat" : 33.88741,
        "lon" : 130.88432
      }
    },
    "lastUpdate" : "20180222T004302Z"
  }, {
    "type" : "place",
    "startTime" : "20180222T090037+0900",
    "endTime" : "20180222T090920+0900",
    "place" : {
      "id" : 550936444,
      "type" : "unknown",
      "location" : {
        "lat" : 33.887082,
        "lon" : 130.88288
      }
    },
    "lastUpdate" : "20180222T004303Z"
  }, {
    "type" : "place",
    "startTime" : "20180222T091256+0900",
    "endTime" : "20180222T093316+0900",
    "place" : {
      "id" : 573148508,
      "type" : "unknown",
      "location" : {
        "lat" : 33.88604,
        "lon" : 130.88143
      }
    },
    "lastUpdate" : "20180222T004303Z"
  }, {
    "type" : "place",
    "startTime" : "20180222T093316+0900",
    "endTime" : "20180222T094333+0900",
    "place" : {
      "id" : 573158885,
      "type" : "unknown",
      "location" : {
        "lat" : 33.886005,
        "lon" : 130.88177
      }
    },
    "lastUpdate" : "20180222T021738Z"
  }, {
    "type" : "place",
    "startTime" : "20180222T095958+0900",
    "endTime" : "20180222T102440+0900",
    "place" : {
      "id" : 573158886,
      "type" : "unknown",
      "location" : {
        "lat" : 33.871448,
        "lon" : 130.80669
      }
    },
    "lastUpdate" : "20180222T021738Z"
  }, {
    "type" : "place",
    "startTime" : "20180222T103241+0900",
    "endTime" : "20180222T141142+0900",
    "place" : {
      "id" : 573158887,
      "type" : "unknown",
      "location" : {
        "lat" : 33.869625,
        "lon" : 130.80872
      }
    },
    "lastUpdate" : "20180222T052114Z"
  }, {
    "type" : "place",
    "startTime" : "20180222T141143+0900",
    "endTime" : "20180222T141450+0900",
    "place" : {
      "id" : 573158887,
      "type" : "unknown",
      "location" : {
        "lat" : 33.869625,
        "lon" : 130.80872
      }
    },
    "lastUpdate" : "20180222T065615Z"
  }, {
    "type" : "place",
    "startTime" : "20180222T143008+0900",
    "endTime" : "20180222T150607+0900",
    "place" : {
      "id" : 573189671,
      "type" : "unknown",
      "location" : {
        "lat" : 33.870572,
        "lon" : 130.80997
      }
    },
    "lastUpdate" : "20180222T065615Z"
  }, {
    "type" : "place",
    "startTime" : "20180222T150717+0900",
    "endTime" : "20180222T152503+0900",
    "place" : {
      "id" : 573189672,
      "type" : "unknown",
      "location" : {
        "lat" : 33.871502,
        "lon" : 130.80734
      }
    },
    "lastUpdate" : "20180222T065615Z"
  }, {
    "type" : "place",
    "startTime" : "20180222T153555+0900",
    "endTime" : "20180222T154116+0900",
    "place" : {
      "id" : 573189673,
      "type" : "unknown",
      "location" : {
        "lat" : 33.885661,
        "lon" : 130.88185
      }
    },
    "lastUpdate" : "20180222T065615Z"
  }, {
    "type" : "place",
    "startTime" : "20180222T154811+0900",
    "endTime" : "20180222T163204+0900",
    "place" : {
      "id" : 573189674,
      "type" : "unknown",
      "location" : {
        "lat" : 33.887577,
        "lon" : 130.88261
      }
    },
    "lastUpdate" : "20180222T082925Z"
  }, {
    "type" : "place",
    "startTime" : "20180222T164025+0900",
    "endTime" : "20180222T211323+0900",
    "place" : {
      "id" : 550882133,
      "type" : "unknown",
      "location" : {
        "lat" : 33.88741,
        "lon" : 130.88432
      }
    },
    "lastUpdate" : "20180222T130724Z"
  }, {
    "type" : "place",
    "startTime" : "20180222T212953+0900",
    "endTime" : "20180223T092822+0900",
    "place" : {
      "id" : 550882133,
      "type" : "unknown",
      "location" : {
        "lat" : 33.88741,
        "lon" : 130.88432
      }
    },
    "lastUpdate" : "20180223T013701Z"
  } ],
  "lastUpdate" : "20180223T013701Z"
}, {
  "date" : "20180223",
  "segments" : [ {
    "type" : "place",
    "startTime" : "20180222T212953+0900",
    "endTime" : "20180223T092822+0900",
    "place" : {
      "id" : 550882133,
      "type" : "unknown",
      "location" : {
        "lat" : 33.88741,
        "lon" : 130.88432
      }
    },
    "lastUpdate" : "20180223T013701Z"
  }, {
    "type" : "place",
    "startTime" : "20180223T094324+0900",
    "endTime" : "20180223T095403+0900",
    "place" : {
      "id" : 550936444,
      "type" : "unknown",
      "location" : {
        "lat" : 33.887082,
        "lon" : 130.88288
      }
    },
    "lastUpdate" : "20180223T013701Z"
  }, {
    "type" : "place",
    "startTime" : "20180223T095802+0900",
    "endTime" : "20180223T100426+0900",
    "place" : {
      "id" : 573396737,
      "type" : "unknown",
      "location" : {
        "lat" : 33.886319,
        "lon" : 130.88127
      }
    },
    "lastUpdate" : "20180223T013701Z"
  }, {
    "type" : "place",
    "startTime" : "20180223T101615+0900",
    "endTime" : "20180223T101720+0900",
    "place" : {
      "id" : 573148508,
      "type" : "unknown",
      "location" : {
        "lat" : 33.88604,
        "lon" : 130.88143
      }
    },
    "lastUpdate" : "20180223T030657Z"
  }, {
    "type" : "place",
    "startTime" : "20180223T105629+0900",
    "endTime" : "20180223T110437+0900",
    "place" : {
      "id" : 573406963,
      "type" : "unknown",
      "location" : {
        "lat" : 33.947491,
        "lon" : 130.96258
      }
    },
    "lastUpdate" : "20180223T030657Z"
  }, {
    "type" : "place",
    "startTime" : "20180223T111008+0900",
    "endTime" : "20180223T115010+0900",
    "place" : {
      "id" : 573406964,
      "type" : "unknown",
      "location" : {
        "lat" : 33.945842,
        "lon" : 130.96173
      }
    },
    "lastUpdate" : "20180223T043738Z"
  }, {
    "type" : "place",
    "startTime" : "20180223T122028+0900",
    "endTime" : "20180223T122953+0900",
    "place" : {
      "id" : 573417271,
      "type" : "unknown",
      "location" : {
        "lat" : 33.960838,
        "lon" : 130.96216
      }
    },
    "lastUpdate" : "20180223T043738Z"
  }, {
    "type" : "place",
    "startTime" : "20180223T124445+0900",
    "endTime" : "20180223T132121+0900",
    "place" : {
      "id" : 573417272,
      "type" : "unknown",
      "location" : {
        "lat" : 33.965502,
        "lon" : 130.95675
      }
    },
    "lastUpdate" : "20180223T043738Z"
  }, {
    "type" : "place",
    "startTime" : "20180223T133004+0900",
    "endTime" : "20180223T133410+0900",
    "place" : {
      "id" : 573417273,
      "type" : "unknown",
      "location" : {
        "lat" : 33.962741,
        "lon" : 130.95442
      }
    },
    "lastUpdate" : "20180223T060937Z"
  }, {
    "type" : "place",
    "startTime" : "20180223T134935+0900",
    "endTime" : "20180223T134948+0900",
    "place" : {
      "id" : 573427937,
      "type" : "unknown",
      "location" : {
        "lat" : 33.959582,
        "lon" : 130.94846
      }
    },
    "lastUpdate" : "20180223T060937Z"
  }, {
    "type" : "place",
    "startTime" : "20180223T140442+0900",
    "endTime" : "20180223T141902+0900",
    "place" : {
      "id" : 573427938,
      "type" : "unknown",
      "location" : {
        "lat" : 33.956301,
        "lon" : 130.94556
      }
    },
    "lastUpdate" : "20180223T060937Z"
  }, {
    "type" : "place",
    "startTime" : "20180223T142317+0900",
    "endTime" : "20180223T143000+0900",
    "place" : {
      "id" : 573427939,
      "type" : "unknown",
      "location" : {
        "lat" : 33.956344,
        "lon" : 130.94373
      }
    },
    "lastUpdate" : "20180223T060937Z"
  }, {
    "type" : "place",
    "startTime" : "20180223T143609+0900",
    "endTime" : "20180223T144903+0900",
    "place" : {
      "id" : 573427940,
      "type" : "unknown",
      "location" : {
        "lat" : 33.956769,
        "lon" : 130.94314
      }
    },
    "lastUpdate" : "20180223T060937Z"
  }, {
    "type" : "place",
    "startTime" : "20180223T145243+0900",
    "endTime" : "20180223T150828+0900",
    "place" : {
      "id" : 573427941,
      "type" : "unknown",
      "location" : {
        "lat" : 33.955865,
        "lon" : 130.9431
      }
    },
    "lastUpdate" : "20180223T074804Z"
  }, {
    "type" : "place",
    "startTime" : "20180223T152558+0900",
    "endTime" : "20180223T152839+0900",
    "place" : {
      "id" : 573441119,
      "type" : "unknown",
      "location" : {
        "lat" : 33.933859,
        "lon" : 130.93143
      }
    },
    "lastUpdate" : "20180223T074804Z"
  }, {
    "type" : "place",
    "startTime" : "20180223T154832+0900",
    "endTime" : "20180223T155909+0900",
    "place" : {
      "id" : 573441120,
      "type" : "unknown",
      "location" : {
        "lat" : 33.935772,
        "lon" : 130.92872
      }
    },
    "lastUpdate" : "20180223T074804Z"
  }, {
    "type" : "place",
    "startTime" : "20180223T161330+0900",
    "endTime" : "20180223T162315+0900",
    "place" : {
      "id" : 573441122,
      "type" : "unknown",
      "location" : {
        "lat" : 33.947782,
        "lon" : 130.96276
      }
    },
    "lastUpdate" : "20180223T074804Z"
  }, {
    "type" : "place",
    "startTime" : "20180223T162316+0900",
    "endTime" : "20180223T164146+0900",
    "place" : {
      "id" : 573441123,
      "type" : "unknown",
      "location" : {
        "lat" : 33.948126,
        "lon" : 130.96364
      }
    },
    "lastUpdate" : "20180223T082302Z"
  }, {
    "type" : "place",
    "startTime" : "20180223T164802+0900",
    "endTime" : "20180223T165424+0900",
    "place" : {
      "id" : 573446650,
      "type" : "unknown",
      "location" : {
        "lat" : 33.946314,
        "lon" : 130.96423
      }
    },
    "lastUpdate" : "20180223T082302Z"
  }, {
    "type" : "place",
    "startTime" : "20180223T170238+0900",
    "endTime" : "20180223T185401+0900",
    "place" : {
      "id" : 573446651,
      "type" : "unknown",
      "location" : {
        "lat" : 33.948468,
        "lon" : 130.96399
      }
    },
    "lastUpdate" : "20180223T112953Z"
  }, {
    "type" : "place",
    "startTime" : "20180223T185802+0900",
    "endTime" : "20180223T192156+0900",
    "place" : {
      "id" : 573483841,
      "type" : "unknown",
      "location" : {
        "lat" : 33.949801,
        "lon" : 130.96432
      }
    },
    "lastUpdate" : "20180223T112953Z"
  }, {
    "type" : "place",
    "startTime" : "20180223T200635+0900",
    "endTime" : "20180223T213052+0900",
    "place" : {
      "id" : 573506941,
      "type" : "unknown",
      "location" : {
        "lat" : 33.887223,
        "lon" : 130.88408
      }
    },
    "lastUpdate" : "20180223T130137Z"
  }, {
    "type" : "place",
    "startTime" : "20180223T213052+0900",
    "endTime" : "20180223T214031+0900",
    "place" : {
      "id" : 573506942,
      "type" : "unknown",
      "location" : {
        "lat" : 33.886374,
        "lon" : 130.88301
      }
    },
    "lastUpdate" : "20180223T130137Z"
  }, {
    "type" : "place",
    "startTime" : "20180223T214346+0900",
    "endTime" : "20180223T225726+0900",
    "place" : {
      "id" : 573396737,
      "type" : "unknown",
      "location" : {
        "lat" : 33.886319,
        "lon" : 130.88127
      }
    },
    "lastUpdate" : "20180223T145857Z"
  }, {
    "type" : "place",
    "startTime" : "20180223T231205+0900",
    "endTime" : "20180223T232026+0900",
    "place" : {
      "id" : 550882133,
      "type" : "unknown",
      "location" : {
        "lat" : 33.88741,
        "lon" : 130.88432
      }
    },
    "lastUpdate" : "20180223T145857Z"
  }, {
    "type" : "place",
    "startTime" : "20180223T232733+0900",
    "endTime" : "20180224T000445+0900",
    "place" : {
      "id" : 573537513,
      "type" : "unknown",
      "location" : {
        "lat" : 33.88762,
        "lon" : 130.88312
      }
    },
    "lastUpdate" : "20180223T163300Z"
  } ],
  "lastUpdate" : "20180223T163300Z"
}, {
  "date" : "20180224",
  "segments" : [ {
    "type" : "place",
    "startTime" : "20180223T232733+0900",
    "endTime" : "20180224T000445+0900",
    "place" : {
      "id" : 573537513,
      "type" : "unknown",
      "location" : {
        "lat" : 33.88762,
        "lon" : 130.88312
      }
    },
    "lastUpdate" : "20180223T163300Z"
  }, {
    "type" : "place",
    "startTime" : "20180224T000445+0900",
    "endTime" : "20180224T075735+0900",
    "place" : {
      "id" : 550882133,
      "type" : "unknown",
      "location" : {
        "lat" : 33.88741,
        "lon" : 130.88432
      }
    },
    "lastUpdate" : "20180223T230936Z"
  }, {
    "type" : "place",
    "startTime" : "20180224T075735+0900",
    "endTime" : "20180224T080737+0900",
    "place" : {
      "id" : 550882133,
      "type" : "unknown",
      "location" : {
        "lat" : 33.88741,
        "lon" : 130.88432
      }
    },
    "lastUpdate" : "20180224T004040Z"
  }, {
    "type" : "place",
    "startTime" : "20180224T081055+0900",
    "endTime" : "20180224T082744+0900",
    "place" : {
      "id" : 573158885,
      "type" : "unknown",
      "location" : {
        "lat" : 33.886005,
        "lon" : 130.88177
      }
    },
    "lastUpdate" : "20180224T004040Z"
  }, {
    "type" : "place",
    "startTime" : "20180224T083421+0900",
    "endTime" : "20180224T084840+0900",
    "place" : {
      "id" : 572916283,
      "type" : "unknown",
      "location" : {
        "lat" : 33.885473,
        "lon" : 130.88231
      }
    },
    "lastUpdate" : "20180224T021256Z"
  }, {
    "type" : "place",
    "startTime" : "20180224T102136+0900",
    "endTime" : "20180224T102213+0900",
    "place" : {
      "id" : 573671122,
      "type" : "unknown",
      "location" : {
        "lat" : 33.592413,
        "lon" : 130.39924
      }
    },
    "lastUpdate" : "20180224T021256Z"
  }, {
    "type" : "place",
    "startTime" : "20180224T104045+0900",
    "endTime" : "20180224T104410+0900",
    "place" : {
      "id" : 573671123,
      "type" : "unknown",
      "location" : {
        "lat" : 33.589826,
        "lon" : 130.39765
      }
    },
    "lastUpdate" : "20180224T021256Z"
  }, {
    "type" : "place",
    "startTime" : "20180224T105545+0900",
    "endTime" : "20180224T122503+0900",
    "place" : {
      "id" : 573671124,
      "type" : "unknown",
      "location" : {
        "lat" : 33.592719,
        "lon" : 130.40184
      }
    },
    "lastUpdate" : "20180224T034623Z"
  }, {
    "type" : "place",
    "startTime" : "20180224T122503+0900",
    "endTime" : "20180224T123429+0900",
    "place" : {
      "id" : 573685117,
      "type" : "unknown",
      "location" : {
        "lat" : 33.590927,
        "lon" : 130.40233
      }
    },
    "lastUpdate" : "20180224T034623Z"
  }, {
    "type" : "place",
    "startTime" : "20180224T124102+0900",
    "endTime" : "20180224T130020+0900",
    "place" : {
      "id" : 573685118,
      "type" : "unknown",
      "location" : {
        "lat" : 33.590621,
        "lon" : 130.39991
      }
    },
    "lastUpdate" : "20180224T051903Z"
  }, {
    "type" : "place",
    "startTime" : "20180224T131646+0900",
    "endTime" : "20180224T132928+0900",
    "place" : {
      "id" : 573699499,
      "type" : "unknown",
      "location" : {
        "lat" : 33.587483,
        "lon" : 130.40068
      }
    },
    "lastUpdate" : "20180224T051903Z"
  }, {
    "type" : "place",
    "startTime" : "20180224T134114+0900",
    "endTime" : "20180224T135632+0900",
    "place" : {
      "id" : 573699500,
      "type" : "unknown",
      "location" : {
        "lat" : 33.58665,
        "lon" : 130.39768
      }
    },
    "lastUpdate" : "20180224T051903Z"
  }, {
    "type" : "place",
    "startTime" : "20180224T140742+0900",
    "endTime" : "20180224T142134+0900",
    "place" : {
      "id" : 573699501,
      "type" : "unknown",
      "location" : {
        "lat" : 33.589055,
        "lon" : 130.39787
      }
    },
    "lastUpdate" : "20180224T065139Z"
  }, {
    "type" : "place",
    "startTime" : "20180224T145713+0900",
    "endTime" : "20180224T152529+0900",
    "place" : {
      "id" : 551456832,
      "type" : "unknown",
      "location" : {
        "lat" : 33.598836,
        "lon" : 130.44768
      }
    },
    "lastUpdate" : "20180224T065139Z"
  }, {
    "type" : "place",
    "startTime" : "20180224T152922+0900",
    "endTime" : "20180224T161739+0900",
    "place" : {
      "id" : 551478271,
      "type" : "unknown",
      "location" : {
        "lat" : 33.600083,
        "lon" : 130.44578
      }
    },
    "lastUpdate" : "20180224T095831Z"
  }, {
    "type" : "place",
    "startTime" : "20180224T161739+0900",
    "endTime" : "20180224T170113+0900",
    "place" : {
      "id" : 573748298,
      "type" : "unknown",
      "location" : {
        "lat" : 33.600465,
        "lon" : 130.44578
      }
    },
    "lastUpdate" : "20180224T112850Z"
  }, {
    "type" : "place",
    "startTime" : "20180224T190339+0900",
    "endTime" : "20180224T190607+0900",
    "place" : {
      "id" : 573771640,
      "type" : "unknown",
      "location" : {
        "lat" : 35.76346,
        "lon" : 140.38934
      }
    },
    "lastUpdate" : "20180224T112850Z"
  }, {
    "type" : "place",
    "startTime" : "20180224T191548+0900",
    "endTime" : "20180224T193146+0900",
    "place" : {
      "id" : 252352760,
      "type" : "unknown",
      "location" : {
        "lat" : 35.764234,
        "lon" : 140.38716
      }
    },
    "lastUpdate" : "20180224T143242Z"
  } ],
  "lastUpdate" : "20180224T143242Z"
}, {
  "date" : "20180225",
  "segments" : [ {
    "type" : "place",
    "startTime" : "20180225T020016+0900",
    "endTime" : "20180226T020016+0900",
    "place" : {
      "id" : 105416472,
      "type" : "unknown",
      "location" : {
        "lat" : 35.7167813087,
        "lon" : 139.7280424577
      }
    },
    "lastUpdate" : "20180225T170222Z"
  } ],
  "lastUpdate" : "20180225T170222Z"
} ]