[ {
  "date" : "20141124",
  "segments" : [ {
    "type" : "place",
    "startTime" : "20141123T170916+0900",
    "endTime" : "20141124T074807+0900",
    "place" : {
      "id" : 98345442,
      "type" : "unknown",
      "location" : {
        "lat" : 35.7168392789,
        "lon" : 139.7283806079
      }
    },
    "lastUpdate" : "20141124T045943Z"
  }, {
    "type" : "place",
    "startTime" : "20141124T084317+0900",
    "endTime" : "20141124T090325+0900",
    "place" : {
      "id" : 114628184,
      "type" : "unknown",
      "location" : {
        "lat" : 35.6339104154,
        "lon" : 139.799466666
      }
    },
    "lastUpdate" : "20141124T045943Z"
  }, {
    "type" : "place",
    "startTime" : "20141124T090702+0900",
    "endTime" : "20141124T091049+0900",
    "place" : {
      "id" : 114628185,
      "type" : "unknown",
      "location" : {
        "lat" : 35.6324544041,
        "lon" : 139.7986814432
      }
    },
    "lastUpdate" : "20141124T045943Z"
  }, {
    "type" : "place",
    "startTime" : "20141124T091411+0900",
    "endTime" : "20141124T114330+0900",
    "place" : {
      "id" : 114628184,
      "type" : "unknown",
      "location" : {
        "lat" : 35.6339104154,
        "lon" : 139.799466666
      }
    },
    "lastUpdate" : "20141124T045943Z"
  }, {
    "type" : "place",
    "startTime" : "20141124T114901+0900",
    "endTime" : "20141124T120613+0900",
    "place" : {
      "id" : 114628186,
      "type" : "unknown",
      "location" : {
        "lat" : 35.6328500723,
        "lon" : 139.7983101887
      }
    },
    "lastUpdate" : "20141124T045943Z"
  }, {
    "type" : "place",
    "startTime" : "20141124T121052+0900",
    "endTime" : "20141124T125711+0900",
    "place" : {
      "id" : 114628187,
      "type" : "unknown",
      "location" : {
        "lat" : 35.6326097198,
        "lon" : 139.7963038797
      }
    },
    "lastUpdate" : "20141124T045945Z"
  }, {
    "type" : "place",
    "startTime" : "20141124T130118+0900",
    "endTime" : "20141124T152756+0900",
    "place" : {
      "id" : 114628186,
      "type" : "unknown",
      "location" : {
        "lat" : 35.6328500723,
        "lon" : 139.7983101887
      }
    },
    "lastUpdate" : "20141124T111213Z"
  }, {
    "type" : "place",
    "startTime" : "20141124T153601+0900",
    "endTime" : "20141124T163825+0900",
    "place" : {
      "id" : 114628186,
      "type" : "unknown",
      "location" : {
        "lat" : 35.6328500723,
        "lon" : 139.7983101887
      }
    },
    "lastUpdate" : "20141124T111213Z"
  }, {
    "type" : "place",
    "startTime" : "20141124T174632+0900",
    "endTime" : "20141125T152236+0900",
    "place" : {
      "id" : 98345442,
      "type" : "unknown",
      "location" : {
        "lat" : 35.7168392789,
        "lon" : 139.7283806079
      }
    },
    "lastUpdate" : "20141125T125523Z"
  } ],
  "lastUpdate" : "20141125T125523Z"
}, {
  "date" : "20141125",
  "segments" : [ {
    "type" : "place",
    "startTime" : "20141124T174632+0900",
    "endTime" : "20141125T152236+0900",
    "place" : {
      "id" : 98345442,
      "type" : "unknown",
      "location" : {
        "lat" : 35.7168392789,
        "lon" : 139.7283806079
      }
    },
    "lastUpdate" : "20141125T125523Z"
  }, {
    "type" : "place",
    "startTime" : "20141125T155723+0900",
    "endTime" : "20141125T165622+0900",
    "place" : {
      "id" : 99571412,
      "type" : "unknown",
      "location" : {
        "lat" : 35.6913110976,
        "lon" : 140.0735591589
      }
    },
    "lastUpdate" : "20141125T125523Z"
  }, {
    "type" : "place",
    "startTime" : "20141125T175756+0900",
    "endTime" : "20141125T180140+0900",
    "place" : {
      "id" : 101757264,
      "type" : "unknown",
      "location" : {
        "lat" : 35.86248082,
        "lon" : 139.9716289263
      }
    },
    "lastUpdate" : "20141125T125523Z"
  }, {
    "type" : "place",
    "startTime" : "20141125T180823+0900",
    "endTime" : "20141125T200802+0900",
    "place" : {
      "id" : 114911698,
      "type" : "unknown",
      "location" : {
        "lat" : 35.8594736355,
        "lon" : 139.9745559129
      }
    },
    "lastUpdate" : "20141125T133940Z"
  }, {
    "type" : "place",
    "startTime" : "20141125T201622+0900",
    "endTime" : "20141125T212837+0900",
    "place" : {
      "id" : 101805010,
      "type" : "unknown",
      "location" : {
        "lat" : 35.8613449201,
        "lon" : 139.9725316378
      }
    },
    "lastUpdate" : "20141125T151313Z"
  }, {
    "type" : "place",
    "startTime" : "20141125T213512+0900",
    "endTime" : "20141125T214233+0900",
    "place" : {
      "id" : 114920080,
      "type" : "unknown",
      "location" : {
        "lat" : 35.8626264667,
        "lon" : 139.9713052929
      }
    },
    "lastUpdate" : "20141125T151313Z"
  }, {
    "type" : "place",
    "startTime" : "20141125T225043+0900",
    "endTime" : "20141126T073207+0900",
    "place" : {
      "id" : 98345442,
      "type" : "unknown",
      "location" : {
        "lat" : 35.7168392789,
        "lon" : 139.7283806079
      }
    },
    "lastUpdate" : "20141126T045253Z"
  } ],
  "lastUpdate" : "20141126T045253Z"
}, {
  "date" : "20141126",
  "segments" : [ {
    "type" : "place",
    "startTime" : "20141125T225043+0900",
    "endTime" : "20141126T073207+0900",
    "place" : {
      "id" : 98345442,
      "type" : "unknown",
      "location" : {
        "lat" : 35.7168392789,
        "lon" : 139.7283806079
      }
    },
    "lastUpdate" : "20141126T045253Z"
  }, {
    "type" : "place",
    "startTime" : "20141126T085605+0900",
    "endTime" : "20141126T144204+0900",
    "place" : {
      "id" : 99523782,
      "type" : "unknown",
      "location" : {
        "lat" : 35.917873525,
        "lon" : 139.9090083035
      }
    },
    "lastUpdate" : "20141126T093754Z"
  }, {
    "type" : "place",
    "startTime" : "20141126T145813+0900",
    "endTime" : "20141126T150559+0900",
    "place" : {
      "id" : 109088065,
      "type" : "unknown",
      "location" : {
        "lat" : 35.9137868931,
        "lon" : 139.9061569494
      }
    },
    "lastUpdate" : "20141126T093754Z"
  }, {
    "type" : "place",
    "startTime" : "20141126T151835+0900",
    "endTime" : "20141126T152415+0900",
    "place" : {
      "id" : 105999831,
      "type" : "unknown",
      "location" : {
        "lat" : 35.861954134,
        "lon" : 139.9706900966
      }
    },
    "lastUpdate" : "20141126T093754Z"
  }, {
    "type" : "place",
    "startTime" : "20141126T162924+0900",
    "endTime" : "20141126T183447+0900",
    "place" : {
      "id" : 99571412,
      "type" : "unknown",
      "location" : {
        "lat" : 35.6913110976,
        "lon" : 140.0735591589
      }
    },
    "lastUpdate" : "20141126T144352Z"
  }, {
    "type" : "place",
    "startTime" : "20141126T200834+0900",
    "endTime" : "20141126T213302+0900",
    "place" : {
      "id" : 98345442,
      "type" : "unknown",
      "location" : {
        "lat" : 35.7168392789,
        "lon" : 139.7283806079
      }
    },
    "lastUpdate" : "20141126T161702Z"
  }, {
    "type" : "place",
    "startTime" : "20141126T234417+0900",
    "endTime" : "20141127T081017+0900",
    "place" : {
      "id" : 98345442,
      "type" : "unknown",
      "location" : {
        "lat" : 35.7168392789,
        "lon" : 139.7283806079
      }
    },
    "lastUpdate" : "20141127T013350Z"
  } ],
  "lastUpdate" : "20141127T013350Z"
}, {
  "date" : "20141127",
  "segments" : [ {
    "type" : "place",
    "startTime" : "20141126T234417+0900",
    "endTime" : "20141127T081017+0900",
    "place" : {
      "id" : 98345442,
      "type" : "unknown",
      "location" : {
        "lat" : 35.7168392789,
        "lon" : 139.7283806079
      }
    },
    "lastUpdate" : "20141127T013350Z"
  }, {
    "type" : "place",
    "startTime" : "20141127T082208+0900",
    "endTime" : "20141127T083805+0900",
    "place" : {
      "id" : 102740010,
      "type" : "unknown",
      "location" : {
        "lat" : 35.70198371,
        "lon" : 139.745057749
      }
    },
    "lastUpdate" : "20141127T013350Z"
  }, {
    "type" : "place",
    "startTime" : "20141127T093937+0900",
    "endTime" : "20141127T122307+0900",
    "place" : {
      "id" : 101464332,
      "type" : "unknown",
      "location" : {
        "lat" : 35.9175461037,
        "lon" : 139.907819475
      }
    },
    "lastUpdate" : "20141127T043638Z"
  }, {
    "type" : "place",
    "startTime" : "20141127T122712+0900",
    "endTime" : "20141127T185637+0900",
    "place" : {
      "id" : 99523782,
      "type" : "unknown",
      "location" : {
        "lat" : 35.917873525,
        "lon" : 139.9090083035
      }
    },
    "lastUpdate" : "20141127T114845Z"
  }, {
    "type" : "place",
    "startTime" : "20141127T195629+0900",
    "endTime" : "20141128T120446+0900",
    "place" : {
      "id" : 104196451,
      "type" : "unknown",
      "location" : {
        "lat" : 35.7153167138,
        "lon" : 139.7265351078
      }
    },
    "lastUpdate" : "20141128T092802Z"
  } ],
  "lastUpdate" : "20141128T092802Z"
}, {
  "date" : "20141128",
  "segments" : [ {
    "type" : "place",
    "startTime" : "20141127T195629+0900",
    "endTime" : "20141128T120446+0900",
    "place" : {
      "id" : 104196451,
      "type" : "unknown",
      "location" : {
        "lat" : 35.7153167138,
        "lon" : 139.7265351078
      }
    },
    "lastUpdate" : "20141128T092802Z"
  }, {
    "type" : "place",
    "startTime" : "20141128T130432+0900",
    "endTime" : "20141128T143548+0900",
    "place" : {
      "id" : 99523782,
      "type" : "unknown",
      "location" : {
        "lat" : 35.917873525,
        "lon" : 139.9090083035
      }
    },
    "lastUpdate" : "20141128T092802Z"
  }, {
    "type" : "place",
    "startTime" : "20141128T160844+0900",
    "endTime" : "20141128T185917+0900",
    "place" : {
      "id" : 99571412,
      "type" : "unknown",
      "location" : {
        "lat" : 35.6913110976,
        "lon" : 140.0735591589
      }
    },
    "lastUpdate" : "20141128T124356Z"
  }, {
    "type" : "place",
    "startTime" : "20141128T201850+0900",
    "endTime" : "20141129T210116+0900",
    "place" : {
      "id" : 98345442,
      "type" : "unknown",
      "location" : {
        "lat" : 35.7168392789,
        "lon" : 139.7283806079
      }
    },
    "lastUpdate" : "20141130T124348Z"
  } ],
  "lastUpdate" : "20141130T124348Z"
}, {
  "date" : "20141129",
  "segments" : [ {
    "type" : "place",
    "startTime" : "20141128T201850+0900",
    "endTime" : "20141129T210116+0900",
    "place" : {
      "id" : 98345442,
      "type" : "unknown",
      "location" : {
        "lat" : 35.7168392789,
        "lon" : 139.7283806079
      }
    },
    "lastUpdate" : "20141130T124348Z"
  }, {
    "type" : "place",
    "startTime" : "20141129T210116+0900",
    "endTime" : "20141201T114628+0900",
    "place" : {
      "id" : 104196451,
      "type" : "unknown",
      "location" : {
        "lat" : 35.7153167138,
        "lon" : 139.7265351078
      }
    },
    "lastUpdate" : "20141201T064910Z"
  } ],
  "lastUpdate" : "20141201T064910Z"
}, {
  "date" : "20141130",
  "segments" : [ {
    "type" : "place",
    "startTime" : "20141129T210116+0900",
    "endTime" : "20141201T114628+0900",
    "place" : {
      "id" : 104196451,
      "type" : "unknown",
      "location" : {
        "lat" : 35.7153167138,
        "lon" : 139.7265351078
      }
    },
    "lastUpdate" : "20141201T064910Z"
  } ],
  "lastUpdate" : "20141201T064910Z"
} ]