[ {
  "date" : "20171113",
  "segments" : [ {
    "type" : "place",
    "startTime" : "20171112T163636+0900",
    "endTime" : "20171113T125621+0900",
    "place" : {
      "id" : 257240275,
      "type" : "unknown",
      "location" : {
        "lat" : 43.084886,
        "lon" : 141.3453
      }
    },
    "lastUpdate" : "20171113T073639Z"
  }, {
    "type" : "place",
    "startTime" : "20171113T125945+0900",
    "endTime" : "20171113T180650+0900",
    "place" : {
      "id" : 362494857,
      "type" : "unknown",
      "location" : {
        "lat" : 43.076265,
        "lon" : 141.33885
      }
    },
    "lastUpdate" : "20171113T103950Z"
  }, {
    "type" : "place",
    "startTime" : "20171113T182336+0900",
    "endTime" : "20171113T191447+0900",
    "place" : {
      "id" : 174753796,
      "type" : "unknown",
      "location" : {
        "lat" : 43.0894927489,
        "lon" : 141.3364545648
      }
    },
    "lastUpdate" : "20171113T103950Z"
  }, {
    "type" : "place",
    "startTime" : "20171113T191751+0900",
    "endTime" : "20171114T023751+0900",
    "place" : {
      "id" : 257193309,
      "type" : "unknown",
      "location" : {
        "lat" : 43.087869,
        "lon" : 141.34344
      }
    },
    "lastUpdate" : "20171113T195512Z"
  } ],
  "lastUpdate" : "20171113T195512Z"
}, {
  "date" : "20171114",
  "segments" : [ {
    "type" : "place",
    "startTime" : "20171113T191751+0900",
    "endTime" : "20171114T023751+0900",
    "place" : {
      "id" : 257193309,
      "type" : "unknown",
      "location" : {
        "lat" : 43.087869,
        "lon" : 141.34344
      }
    },
    "lastUpdate" : "20171113T195512Z"
  }, {
    "type" : "place",
    "startTime" : "20171114T024106+0900",
    "endTime" : "20171114T103133+0900",
    "place" : {
      "id" : 141435006,
      "type" : "unknown",
      "location" : {
        "lat" : 43.0843685253,
        "lon" : 141.345080654
      }
    },
    "lastUpdate" : "20171114T020451Z"
  }, {
    "type" : "place",
    "startTime" : "20171114T103702+0900",
    "endTime" : "20171114T115341+0900",
    "place" : {
      "id" : 149890093,
      "type" : "unknown",
      "location" : {
        "lat" : 43.0801360001,
        "lon" : 141.3408799677
      }
    },
    "lastUpdate" : "20171114T033642Z"
  }, {
    "type" : "place",
    "startTime" : "20171114T120556+0900",
    "endTime" : "20171114T151456+0900",
    "place" : {
      "id" : 152143834,
      "type" : "unknown",
      "location" : {
        "lat" : 43.0846321394,
        "lon" : 141.3451669726
      }
    },
    "lastUpdate" : "20171114T064232Z"
  }, {
    "type" : "place",
    "startTime" : "20171114T152111+0900",
    "endTime" : "20171114T164225+0900",
    "place" : {
      "id" : 148673790,
      "type" : "unknown",
      "location" : {
        "lat" : 43.0789002991,
        "lon" : 141.340795592
      }
    },
    "lastUpdate" : "20171114T081414Z"
  }, {
    "type" : "place",
    "startTime" : "20171114T170222+0900",
    "endTime" : "20171114T180426+0900",
    "place" : {
      "id" : 544792818,
      "type" : "unknown",
      "location" : {
        "lat" : 43.066651,
        "lon" : 141.35095
      }
    },
    "lastUpdate" : "20171114T094553Z"
  }, {
    "type" : "place",
    "startTime" : "20171114T182424+0900",
    "endTime" : "20171115T115704+0900",
    "place" : {
      "id" : 257240275,
      "type" : "unknown",
      "location" : {
        "lat" : 43.084886,
        "lon" : 141.3453
      }
    },
    "lastUpdate" : "20171115T042220Z"
  } ],
  "lastUpdate" : "20171115T042220Z"
}, {
  "date" : "20171115",
  "segments" : [ {
    "type" : "place",
    "startTime" : "20171114T182424+0900",
    "endTime" : "20171115T115704+0900",
    "place" : {
      "id" : 257240275,
      "type" : "unknown",
      "location" : {
        "lat" : 43.084886,
        "lon" : 141.3453
      }
    },
    "lastUpdate" : "20171115T042220Z"
  }, {
    "type" : "place",
    "startTime" : "20171115T120222+0900",
    "endTime" : "20171115T132443+0900",
    "place" : {
      "id" : 270809696,
      "type" : "unknown",
      "location" : {
        "lat" : 43.075335,
        "lon" : 141.33859
      }
    },
    "lastUpdate" : "20171115T055439Z"
  }, {
    "type" : "place",
    "startTime" : "20171115T132444+0900",
    "endTime" : "20171115T160132+0900",
    "place" : {
      "id" : 362494857,
      "type" : "unknown",
      "location" : {
        "lat" : 43.076265,
        "lon" : 141.33885
      }
    },
    "lastUpdate" : "20171115T085917Z"
  }, {
    "type" : "place",
    "startTime" : "20171115T162919+0900",
    "endTime" : "20171115T170511+0900",
    "place" : {
      "id" : 141435007,
      "type" : "unknown",
      "location" : {
        "lat" : 43.0671291916,
        "lon" : 141.3530557519
      }
    },
    "lastUpdate" : "20171115T085917Z"
  }, {
    "type" : "place",
    "startTime" : "20171115T171946+0900",
    "endTime" : "20171115T174903+0900",
    "place" : {
      "id" : 263473039,
      "type" : "unknown",
      "location" : {
        "lat" : 43.07671,
        "lon" : 141.33921
      }
    },
    "lastUpdate" : "20171115T085917Z"
  }, {
    "type" : "place",
    "startTime" : "20171115T175431+0900",
    "endTime" : "20171116T125925+0900",
    "place" : {
      "id" : 257240275,
      "type" : "unknown",
      "location" : {
        "lat" : 43.084886,
        "lon" : 141.3453
      }
    },
    "lastUpdate" : "20171116T050642Z"
  } ],
  "lastUpdate" : "20171116T050642Z"
}, {
  "date" : "20171116",
  "segments" : [ {
    "type" : "place",
    "startTime" : "20171115T175431+0900",
    "endTime" : "20171116T125925+0900",
    "place" : {
      "id" : 257240275,
      "type" : "unknown",
      "location" : {
        "lat" : 43.084886,
        "lon" : 141.3453
      }
    },
    "lastUpdate" : "20171116T050642Z"
  }, {
    "type" : "place",
    "startTime" : "20171116T130303+0900",
    "endTime" : "20171116T172536+0900",
    "place" : {
      "id" : 259240182,
      "type" : "unknown",
      "location" : {
        "lat" : 43.076435,
        "lon" : 141.33918
      }
    },
    "lastUpdate" : "20171116T094016Z"
  }, {
    "type" : "place",
    "startTime" : "20171116T172537+0900",
    "endTime" : "20171116T195735+0900",
    "place" : {
      "id" : 141367536,
      "type" : "unknown",
      "location" : {
        "lat" : 43.0784012398,
        "lon" : 141.340132137
      }
    },
    "lastUpdate" : "20171116T130959Z"
  }, {
    "type" : "place",
    "startTime" : "20171116T203744+0900",
    "endTime" : "20171116T230729+0900",
    "place" : {
      "id" : 263092885,
      "type" : "unknown",
      "location" : {
        "lat" : 43.090214,
        "lon" : 141.3436
      }
    },
    "lastUpdate" : "20171116T144222Z"
  }, {
    "type" : "place",
    "startTime" : "20171116T231236+0900",
    "endTime" : "20171117T101028+0900",
    "place" : {
      "id" : 257240275,
      "type" : "unknown",
      "location" : {
        "lat" : 43.084886,
        "lon" : 141.3453
      }
    },
    "lastUpdate" : "20171117T013051Z"
  } ],
  "lastUpdate" : "20171117T013051Z"
}, {
  "date" : "20171117",
  "segments" : [ {
    "type" : "place",
    "startTime" : "20171116T231236+0900",
    "endTime" : "20171117T101028+0900",
    "place" : {
      "id" : 257240275,
      "type" : "unknown",
      "location" : {
        "lat" : 43.084886,
        "lon" : 141.3453
      }
    },
    "lastUpdate" : "20171117T013051Z"
  }, {
    "type" : "place",
    "startTime" : "20171117T101536+0900",
    "endTime" : "20171117T103019+0900",
    "place" : {
      "id" : 264571444,
      "type" : "unknown",
      "location" : {
        "lat" : 43.076536,
        "lon" : 141.3388
      }
    },
    "lastUpdate" : "20171117T030056Z"
  }, {
    "type" : "place",
    "startTime" : "20171117T103519+0900",
    "endTime" : "20171117T162200+0900",
    "place" : {
      "id" : 257240275,
      "type" : "unknown",
      "location" : {
        "lat" : 43.084886,
        "lon" : 141.3453
      }
    },
    "lastUpdate" : "20171117T074021Z"
  }, {
    "type" : "place",
    "startTime" : "20171117T162737+0900",
    "endTime" : "20171117T180401+0900",
    "place" : {
      "id" : 270822334,
      "type" : "unknown",
      "location" : {
        "lat" : 43.075982,
        "lon" : 141.33887
      }
    },
    "lastUpdate" : "20171117T091525Z"
  } ],
  "lastUpdate" : "20171117T091525Z"
}, {
  "date" : "20171119",
  "segments" : [ {
    "type" : "place",
    "startTime" : "20171119T141829+0900",
    "endTime" : "20171120T125805+0900",
    "place" : {
      "id" : 257240275,
      "type" : "unknown",
      "location" : {
        "lat" : 43.084886,
        "lon" : 141.3453
      }
    },
    "lastUpdate" : "20171120T051833Z"
  } ],
  "lastUpdate" : "20171120T051833Z"
} ]