[ {
  "date" : "20151019",
  "summary" : [ {
    "activity" : "walking",
    "group" : "walking",
    "duration" : 2877.0,
    "distance" : 2827.0,
    "steps" : 3808,
    "calories" : 167
  }, {
    "activity" : "cycling",
    "group" : "cycling",
    "duration" : 2912.0,
    "distance" : 9285.0,
    "calories" : 254
  } ],
  "caloriesIdle" : 1706,
  "lastUpdate" : "20151020T001151Z"
}, {
  "date" : "20151020",
  "summary" : [ {
    "activity" : "walking",
    "group" : "walking",
    "duration" : 1263.0,
    "distance" : 1191.0,
    "steps" : 1687,
    "calories" : 71
  }, {
    "activity" : "cycling",
    "group" : "cycling",
    "duration" : 968.0,
    "distance" : 3230.0,
    "calories" : 88
  }, {
    "activity" : "transport",
    "group" : "transport",
    "duration" : 338.0,
    "distance" : 413.0
  } ],
  "caloriesIdle" : 1706,
  "lastUpdate" : "20151021T065044Z"
}, {
  "date" : "20151021",
  "summary" : [ {
    "activity" : "walking",
    "group" : "walking",
    "duration" : 1523.0,
    "distance" : 1635.0,
    "steps" : 2207,
    "calories" : 97
  }, {
    "activity" : "cycling",
    "group" : "cycling",
    "duration" : 1695.0,
    "distance" : 5608.0,
    "calories" : 153
  } ],
  "caloriesIdle" : 1706,
  "lastUpdate" : "20151022T024701Z"
}, {
  "date" : "20151022",
  "summary" : [ {
    "activity" : "walking",
    "group" : "walking",
    "duration" : 2946.0,
    "distance" : 3028.0,
    "steps" : 4012,
    "calories" : 179
  }, {
    "activity" : "cycling",
    "group" : "cycling",
    "duration" : 2068.0,
    "distance" : 7804.0,
    "calories" : 210
  } ],
  "caloriesIdle" : 1706,
  "lastUpdate" : "20151023T034320Z"
}, {
  "date" : "20151023",
  "summary" : [ {
    "activity" : "walking",
    "group" : "walking",
    "duration" : 2261.0,
    "distance" : 2569.0,
    "steps" : 3494,
    "calories" : 152
  }, {
    "activity" : "cycling",
    "group" : "cycling",
    "duration" : 518.0,
    "distance" : 2087.0,
    "calories" : 56
  } ],
  "caloriesIdle" : 1706,
  "lastUpdate" : "20151025T070145Z"
}, {
  "date" : "20151024",
  "summary" : null,
  "caloriesIdle" : 1706,
  "lastUpdate" : "20151026T112446Z"
}, {
  "date" : "20151025",
  "summary" : [ {
    "activity" : "walking",
    "group" : "walking",
    "duration" : 90.0,
    "distance" : 45.0,
    "steps" : 90,
    "calories" : 3
  } ],
  "caloriesIdle" : 1706,
  "lastUpdate" : "20151026T112446Z"
} ]