[ {
  "date" : "20141110",
  "summary" : [ {
    "activity" : "walking",
    "group" : "walking",
    "duration" : 4641.0,
    "distance" : 5199.0,
    "steps" : 7338,
    "calories" : 309
  }, {
    "activity" : "transport",
    "group" : "transport",
    "duration" : 6527.0,
    "distance" : 78727.0
  }, {
    "activity" : "running",
    "group" : "running",
    "duration" : 129.0,
    "distance" : 210.0,
    "steps" : 300,
    "calories" : 16
  } ],
  "caloriesIdle" : 1711,
  "lastUpdate" : "20141111T062200Z"
}, {
  "date" : "20141111",
  "summary" : [ {
    "activity" : "walking",
    "group" : "walking",
    "duration" : 4356.0,
    "distance" : 5340.0,
    "steps" : 7769,
    "calories" : 317
  }, {
    "activity" : "transport",
    "group" : "transport",
    "duration" : 11663.0,
    "distance" : 122867.0
  }, {
    "activity" : "running",
    "group" : "running",
    "duration" : 120.0,
    "distance" : 255.0,
    "steps" : 298,
    "calories" : 19
  } ],
  "caloriesIdle" : 1711,
  "lastUpdate" : "20141112T054230Z"
}, {
  "date" : "20141112",
  "summary" : [ {
    "activity" : "walking",
    "group" : "walking",
    "duration" : 7049.0,
    "distance" : 8538.0,
    "steps" : 12765,
    "calories" : 507
  }, {
    "activity" : "transport",
    "group" : "transport",
    "duration" : 10706.0,
    "distance" : 123714.0
  }, {
    "activity" : "running",
    "group" : "running",
    "duration" : 151.0,
    "distance" : 372.0,
    "steps" : 370,
    "calories" : 27
  } ],
  "caloriesIdle" : 1711,
  "lastUpdate" : "20141113T042340Z"
}, {
  "date" : "20141113",
  "summary" : [ {
    "activity" : "walking",
    "group" : "walking",
    "duration" : 4400.0,
    "distance" : 4782.0,
    "steps" : 7190,
    "calories" : 284
  }, {
    "activity" : "transport",
    "group" : "transport",
    "duration" : 6421.0,
    "distance" : 78276.0
  }, {
    "activity" : "running",
    "group" : "running",
    "duration" : 158.0,
    "distance" : 289.0,
    "steps" : 413,
    "calories" : 21
  } ],
  "caloriesIdle" : 1711,
  "lastUpdate" : "20141114T065339Z"
}, {
  "date" : "20141114",
  "summary" : [ {
    "activity" : "walking",
    "group" : "walking",
    "duration" : 4441.0,
    "distance" : 6239.0,
    "steps" : 7415,
    "calories" : 371
  }, {
    "activity" : "transport",
    "group" : "transport",
    "duration" : 11610.0,
    "distance" : 140337.0
  }, {
    "activity" : "running",
    "group" : "running",
    "duration" : 270.0,
    "distance" : 649.0,
    "steps" : 703,
    "calories" : 47
  } ],
  "caloriesIdle" : 1711,
  "lastUpdate" : "20141116T101339Z"
}, {
  "date" : "20141115",
  "summary" : null,
  "caloriesIdle" : 1711,
  "lastUpdate" : "20141116T101339Z"
}, {
  "date" : "20141116",
  "summary" : [ {
    "activity" : "walking",
    "group" : "walking",
    "duration" : 1551.0,
    "distance" : 2020.0,
    "steps" : 2177,
    "calories" : 120
  } ],
  "caloriesIdle" : 1711,
  "lastUpdate" : "20141117T092748Z"
} ]