[ {
  "date" : "20180528",
  "summary" : [ {
    "activity" : "cycling",
    "group" : "cycling",
    "duration" : 209.0,
    "distance" : 1186.0,
    "calories" : 29
  }, {
    "activity" : "walking",
    "group" : "walking",
    "duration" : 77.0,
    "distance" : 57.0,
    "steps" : 115,
    "calories" : 3
  } ],
  "caloriesIdle" : 1591,
  "lastUpdate" : "20180528T075414Z"
}, {
  "date" : "20180530",
  "summary" : [ {
    "activity" : "walking",
    "group" : "walking",
    "duration" : 779.0,
    "distance" : 712.0,
    "steps" : 677,
    "calories" : 39
  }, {
    "activity" : "cycling",
    "group" : "cycling",
    "duration" : 741.0,
    "distance" : 2635.0,
    "calories" : 67
  } ],
  "caloriesIdle" : 1591,
  "lastUpdate" : "20180531T094719Z"
}, {
  "date" : "20180531",
  "summary" : [ {
    "activity" : "walking",
    "group" : "walking",
    "duration" : 303.0,
    "distance" : 249.0,
    "steps" : 229,
    "calories" : 14
  }, {
    "activity" : "cycling",
    "group" : "cycling",
    "duration" : 538.0,
    "distance" : 2273.0,
    "calories" : 56
  } ],
  "caloriesIdle" : 1591,
  "lastUpdate" : "20180601T074447Z"
}, {
  "date" : "20180601",
  "summary" : [ {
    "activity" : "walking",
    "group" : "walking",
    "duration" : 3272.0,
    "distance" : 3096.0,
    "steps" : 3521,
    "calories" : 171
  }, {
    "activity" : "cycling",
    "group" : "cycling",
    "duration" : 2441.0,
    "distance" : 7208.0,
    "calories" : 186
  } ],
  "caloriesIdle" : 1591,
  "lastUpdate" : "20180601T095405Z"
} ]