[ {
  "date" : "20170919",
  "summary" : null,
  "caloriesIdle" : 1596,
  "lastUpdate" : "20170920T013129Z"
}, {
  "date" : "20170920",
  "summary" : [ {
    "activity" : "walking",
    "group" : "walking",
    "duration" : 2412.0,
    "distance" : 2266.0,
    "steps" : 3163,
    "calories" : 126
  }, {
    "activity" : "transport",
    "group" : "transport",
    "duration" : 480.0,
    "distance" : 2439.0
  } ],
  "caloriesIdle" : 1596,
  "lastUpdate" : "20170921T015742Z"
}, {
  "date" : "20170922",
  "summary" : [ {
    "activity" : "walking",
    "group" : "walking",
    "duration" : 13038.0,
    "distance" : 13800.0,
    "steps" : 18187,
    "calories" : 765
  }, {
    "activity" : "transport",
    "group" : "transport",
    "duration" : 5711.0,
    "distance" : 18491.0
  }, {
    "activity" : "running",
    "group" : "running",
    "duration" : 513.0,
    "distance" : 1011.0,
    "steps" : 1254,
    "calories" : 70
  } ],
  "caloriesIdle" : 1596,
  "lastUpdate" : "20170922T103156Z"
} ]