[ {
  "date" : "20150330",
  "summary" : [ {
    "activity" : "walking",
    "group" : "walking",
    "duration" : 2455.0,
    "distance" : 3595.0,
    "steps" : 4369,
    "calories" : 213
  }, {
    "activity" : "transport",
    "group" : "transport",
    "duration" : 8583.0,
    "distance" : 113282.0
  } ],
  "caloriesIdle" : 1706,
  "lastUpdate" : "20150331T055841Z"
}, {
  "date" : "20150331",
  "summary" : [ {
    "activity" : "walking",
    "group" : "walking",
    "duration" : 7701.0,
    "distance" : 8924.0,
    "steps" : 11319,
    "calories" : 529
  }, {
    "activity" : "transport",
    "group" : "transport",
    "duration" : 14436.0,
    "distance" : 1071807.0
  }, {
    "activity" : "running",
    "group" : "running",
    "duration" : 270.0,
    "distance" : 562.0,
    "steps" : 620,
    "calories" : 41
  } ],
  "caloriesIdle" : 1706,
  "lastUpdate" : "20150401T021006Z"
}, {
  "date" : "20150401",
  "summary" : [ {
    "activity" : "walking",
    "group" : "walking",
    "duration" : 9724.0,
    "distance" : 11877.0,
    "steps" : 15553,
    "calories" : 704
  }, {
    "activity" : "running",
    "group" : "running",
    "duration" : 421.0,
    "distance" : 770.0,
    "steps" : 913,
    "calories" : 57
  } ],
  "caloriesIdle" : 1706,
  "lastUpdate" : "20150402T011736Z"
}, {
  "date" : "20150402",
  "summary" : [ {
    "activity" : "walking",
    "group" : "walking",
    "duration" : 2983.0,
    "distance" : 3387.0,
    "steps" : 4306,
    "calories" : 201
  } ],
  "caloriesIdle" : 1706,
  "lastUpdate" : "20150403T055050Z"
}, {
  "date" : "20150403",
  "summary" : [ {
    "activity" : "walking",
    "group" : "walking",
    "duration" : 4843.0,
    "distance" : 5219.0,
    "steps" : 6972,
    "calories" : 309
  }, {
    "activity" : "transport",
    "group" : "transport",
    "duration" : 195.0,
    "distance" : 349.0
  } ],
  "caloriesIdle" : 1706,
  "lastUpdate" : "20150404T093033Z"
}, {
  "date" : "20150404",
  "summary" : [ {
    "activity" : "walking",
    "group" : "walking",
    "duration" : 4968.0,
    "distance" : 6385.0,
    "steps" : 7902,
    "calories" : 378
  } ],
  "caloriesIdle" : 1706,
  "lastUpdate" : "20150406T130102Z"
}, {
  "date" : "20150405",
  "summary" : [ {
    "activity" : "walking",
    "group" : "walking",
    "duration" : 60.0,
    "distance" : 30.0,
    "steps" : 60,
    "calories" : 2
  } ],
  "caloriesIdle" : 1706,
  "lastUpdate" : "20150406T130102Z"
} ]