[ {
  "date" : "20160815",
  "summary" : [ {
    "activity" : "walking",
    "group" : "walking",
    "duration" : 157.0,
    "distance" : 186.0,
    "steps" : 248,
    "calories" : 10
  } ],
  "caloriesIdle" : 1601,
  "lastUpdate" : "20160815T013608Z"
}, {
  "date" : "20160816",
  "summary" : [ {
    "activity" : "walking",
    "group" : "walking",
    "duration" : 8.0,
    "distance" : 4.0,
    "steps" : 0,
    "calories" : 0
  }, {
    "activity" : "transport",
    "group" : "transport",
    "duration" : 2909.0,
    "distance" : 0.0
  } ],
  "caloriesIdle" : 1601,
  "lastUpdate" : "20160817T073845Z"
}, {
  "date" : "20160817",
  "summary" : [ {
    "activity" : "walking",
    "group" : "walking",
    "duration" : 493.0,
    "distance" : 436.0,
    "steps" : 628,
    "calories" : 24
  }, {
    "activity" : "transport",
    "group" : "transport",
    "duration" : 110.0,
    "distance" : 622.0
  }, {
    "activity" : "cycling",
    "group" : "cycling",
    "duration" : 224.0,
    "distance" : 1230.0,
    "calories" : 30
  } ],
  "caloriesIdle" : 1601,
  "lastUpdate" : "20160818T051745Z"
}, {
  "date" : "20160818",
  "summary" : null,
  "caloriesIdle" : 1601,
  "lastUpdate" : "20160818T051745Z"
}, {
  "date" : "20160819",
  "summary" : [ {
    "activity" : "walking",
    "group" : "walking",
    "duration" : 188.0,
    "distance" : 114.0,
    "steps" : 183,
    "calories" : 6
  }, {
    "activity" : "transport",
    "group" : "transport",
    "duration" : 1325.0,
    "distance" : 766.0
  }, {
    "activity" : "cycling",
    "group" : "cycling",
    "duration" : 285.0,
    "distance" : 1131.0,
    "calories" : 28
  } ],
  "caloriesIdle" : 1601,
  "lastUpdate" : "20160820T032846Z"
}, {
  "date" : "20160820",
  "summary" : [ {
    "activity" : "walking",
    "group" : "walking",
    "duration" : 4339.0,
    "distance" : 4407.0,
    "steps" : 6065,
    "calories" : 245
  }, {
    "activity" : "transport",
    "group" : "transport",
    "duration" : 2792.0,
    "distance" : 21499.0
  }, {
    "activity" : "running",
    "group" : "running",
    "duration" : 137.0,
    "distance" : 217.0,
    "steps" : 310,
    "calories" : 15
  } ],
  "caloriesIdle" : 1601,
  "lastUpdate" : "20160820T154618Z"
}, {
  "date" : "20160821",
  "summary" : null,
  "caloriesIdle" : 1601,
  "lastUpdate" : "20160820T154618Z"
} ]