[ {
  "date" : "20150907",
  "summary" : null,
  "caloriesIdle" : 1706,
  "lastUpdate" : "20150908T115324Z"
}, {
  "date" : "20150908",
  "summary" : [ {
    "activity" : "walking",
    "group" : "walking",
    "duration" : 2019.0,
    "distance" : 2629.0,
    "steps" : 3146,
    "calories" : 156
  }, {
    "activity" : "transport",
    "group" : "transport",
    "duration" : 2121.0,
    "distance" : 9654.0
  } ],
  "caloriesIdle" : 1706,
  "lastUpdate" : "20150910T120652Z"
}, {
  "date" : "20150909",
  "summary" : [ {
    "activity" : "walking",
    "group" : "walking",
    "duration" : 30.0,
    "distance" : 15.0,
    "steps" : 31,
    "calories" : 1
  } ],
  "caloriesIdle" : 1706,
  "lastUpdate" : "20150910T120652Z"
}, {
  "date" : "20150910",
  "summary" : [ {
    "activity" : "walking",
    "group" : "walking",
    "duration" : 2256.0,
    "distance" : 2793.0,
    "steps" : 4052,
    "calories" : 165
  }, {
    "activity" : "transport",
    "group" : "transport",
    "duration" : 8449.0,
    "distance" : 102645.0
  } ],
  "caloriesIdle" : 1706,
  "lastUpdate" : "20150912T144442Z"
}, {
  "date" : "20150911",
  "summary" : [ {
    "activity" : "walking",
    "group" : "walking",
    "duration" : 30.0,
    "distance" : 15.0,
    "steps" : 30,
    "calories" : 1
  } ],
  "caloriesIdle" : 1706,
  "lastUpdate" : "20150913T093253Z"
}, {
  "date" : "20150912",
  "summary" : null,
  "caloriesIdle" : 1706,
  "lastUpdate" : "20150913T093253Z"
}, {
  "date" : "20150913",
  "summary" : [ {
    "activity" : "walking",
    "group" : "walking",
    "duration" : 1899.0,
    "distance" : 2596.0,
    "steps" : 3417,
    "calories" : 154
  }, {
    "activity" : "transport",
    "group" : "transport",
    "duration" : 8263.0,
    "distance" : 84459.0
  } ],
  "caloriesIdle" : 1706,
  "lastUpdate" : "20150915T094221Z"
} ]