[ {
  "date" : "20170227",
  "summary" : [ {
    "activity" : "walking",
    "group" : "walking",
    "duration" : 318.0,
    "distance" : 510.0,
    "steps" : 425,
    "calories" : 28
  }, {
    "activity" : "transport",
    "group" : "transport",
    "duration" : 613.0,
    "distance" : 2601.0
  } ],
  "caloriesIdle" : 1596,
  "lastUpdate" : "20170228T122901Z"
}, {
  "date" : "20170228",
  "summary" : [ {
    "activity" : "walking",
    "group" : "walking",
    "duration" : 3542.0,
    "distance" : 3561.0,
    "steps" : 5071,
    "calories" : 197
  }, {
    "activity" : "transport",
    "group" : "transport",
    "duration" : 2196.0,
    "distance" : 12817.0
  } ],
  "caloriesIdle" : 1596,
  "lastUpdate" : "20170228T214648Z"
}, {
  "date" : "20170301",
  "summary" : [ {
    "activity" : "walking",
    "group" : "walking",
    "duration" : 1144.0,
    "distance" : 971.0,
    "steps" : 1572,
    "calories" : 54
  }, {
    "activity" : "transport",
    "group" : "transport",
    "duration" : 1770.0,
    "distance" : 11938.0
  } ],
  "caloriesIdle" : 1596,
  "lastUpdate" : "20170228T232127Z"
}, {
  "date" : "20170302",
  "summary" : [ {
    "activity" : "walking",
    "group" : "walking",
    "duration" : 15.0,
    "distance" : 10.0,
    "steps" : 20,
    "calories" : 1
  } ],
  "caloriesIdle" : 1596,
  "lastUpdate" : "20170303T083504Z"
}, {
  "date" : "20170303",
  "summary" : [ {
    "activity" : "walking",
    "group" : "walking",
    "duration" : 3270.0,
    "distance" : 3701.0,
    "steps" : 4815,
    "calories" : 205
  }, {
    "activity" : "transport",
    "group" : "transport",
    "duration" : 2592.0,
    "distance" : 26510.0
  }, {
    "activity" : "running",
    "group" : "running",
    "duration" : 120.0,
    "distance" : 385.0,
    "steps" : 266,
    "calories" : 26
  } ],
  "caloriesIdle" : 1596,
  "lastUpdate" : "20170303T223305Z"
}, {
  "date" : "20170304",
  "summary" : [ {
    "activity" : "walking",
    "group" : "walking",
    "duration" : 2452.0,
    "distance" : 2734.0,
    "steps" : 3558,
    "calories" : 152
  }, {
    "activity" : "transport",
    "group" : "transport",
    "duration" : 2671.0,
    "distance" : 26359.0
  } ],
  "caloriesIdle" : 1596,
  "lastUpdate" : "20170305T133020Z"
}, {
  "date" : "20170305",
  "summary" : [ {
    "activity" : "walking",
    "group" : "walking",
    "duration" : 1475.0,
    "distance" : 1554.0,
    "steps" : 2107,
    "calories" : 86
  } ],
  "caloriesIdle" : 1596,
  "lastUpdate" : "20170305T225157Z"
} ]