[ {
  "date" : "20160823",
  "summary" : null,
  "caloriesIdle" : 1601,
  "lastUpdate" : "20160824T111957Z"
}, {
  "date" : "20160824",
  "summary" : [ {
    "activity" : "walking",
    "group" : "walking",
    "duration" : 2539.0,
    "distance" : 3022.0,
    "steps" : 3697,
    "calories" : 168
  } ],
  "caloriesIdle" : 1601,
  "lastUpdate" : "20160825T024916Z"
}, {
  "date" : "20160825",
  "summary" : [ {
    "activity" : "walking",
    "group" : "walking",
    "duration" : 3390.0,
    "distance" : 3682.0,
    "steps" : 4937,
    "calories" : 205
  }, {
    "activity" : "transport",
    "group" : "transport",
    "duration" : 3511.0,
    "distance" : 28315.0
  } ],
  "caloriesIdle" : 1601,
  "lastUpdate" : "20160825T163409Z"
}, {
  "date" : "20160826",
  "summary" : [ {
    "activity" : "walking",
    "group" : "walking",
    "duration" : 381.0,
    "distance" : 380.0,
    "steps" : 497,
    "calories" : 21
  } ],
  "caloriesIdle" : 1601,
  "lastUpdate" : "20160825T163409Z"
}, {
  "date" : "20160828",
  "summary" : [ {
    "activity" : "walking",
    "group" : "walking",
    "duration" : 15.0,
    "distance" : 10.0,
    "steps" : 20,
    "calories" : 1
  } ],
  "caloriesIdle" : 1601,
  "lastUpdate" : "20160829T072538Z"
} ]