[ {
  "date" : "20150525",
  "summary" : [ {
    "activity" : "walking",
    "group" : "walking",
    "duration" : 2336.0,
    "distance" : 2600.0,
    "steps" : 4026,
    "calories" : 154
  }, {
    "activity" : "transport",
    "group" : "transport",
    "duration" : 181.0,
    "distance" : 842.0
  }, {
    "activity" : "cycling",
    "group" : "cycling",
    "duration" : 795.0,
    "distance" : 4339.0,
    "calories" : 113
  } ],
  "caloriesIdle" : 1706,
  "lastUpdate" : "20150526T033530Z"
}, {
  "date" : "20150526",
  "summary" : [ {
    "activity" : "walking",
    "group" : "walking",
    "duration" : 3249.0,
    "distance" : 4211.0,
    "steps" : 6040,
    "calories" : 249
  }, {
    "activity" : "cycling",
    "group" : "cycling",
    "duration" : 468.0,
    "distance" : 1647.0,
    "calories" : 45
  } ],
  "caloriesIdle" : 1706,
  "lastUpdate" : "20150527T051817Z"
}, {
  "date" : "20150527",
  "summary" : [ {
    "activity" : "walking",
    "group" : "walking",
    "duration" : 1644.0,
    "distance" : 1750.0,
    "steps" : 2693,
    "calories" : 104
  }, {
    "activity" : "cycling",
    "group" : "cycling",
    "duration" : 1104.0,
    "distance" : 5040.0,
    "calories" : 133
  }, {
    "activity" : "transport",
    "group" : "transport",
    "duration" : 94.0,
    "distance" : 409.0
  } ],
  "caloriesIdle" : 1706,
  "lastUpdate" : "20150528T142942Z"
}, {
  "date" : "20150528",
  "summary" : [ {
    "activity" : "walking",
    "group" : "walking",
    "duration" : 1950.0,
    "distance" : 1929.0,
    "steps" : 2815,
    "calories" : 114
  }, {
    "activity" : "transport",
    "group" : "transport",
    "duration" : 337.0,
    "distance" : 708.0
  }, {
    "activity" : "cycling",
    "group" : "cycling",
    "duration" : 1097.0,
    "distance" : 2770.0,
    "calories" : 78
  } ],
  "caloriesIdle" : 1706,
  "lastUpdate" : "20150529T020353Z"
}, {
  "date" : "20150529",
  "summary" : [ {
    "activity" : "walking",
    "group" : "walking",
    "duration" : 1938.0,
    "distance" : 2094.0,
    "steps" : 2803,
    "calories" : 124
  }, {
    "activity" : "cycling",
    "group" : "cycling",
    "duration" : 402.0,
    "distance" : 1898.0,
    "calories" : 50
  } ],
  "caloriesIdle" : 1706,
  "lastUpdate" : "20150530T124350Z"
}, {
  "date" : "20150530",
  "summary" : [ {
    "activity" : "walking",
    "group" : "walking",
    "duration" : 636.0,
    "distance" : 633.0,
    "steps" : 1046,
    "calories" : 38
  }, {
    "activity" : "transport",
    "group" : "transport",
    "duration" : 283.0,
    "distance" : 737.0
  }, {
    "activity" : "cycling",
    "group" : "cycling",
    "duration" : 250.0,
    "distance" : 1184.0,
    "calories" : 31
  } ],
  "caloriesIdle" : 1706,
  "lastUpdate" : "20150601T064306Z"
}, {
  "date" : "20150531",
  "summary" : [ {
    "activity" : "walking",
    "group" : "walking",
    "duration" : 60.0,
    "distance" : 66.0,
    "steps" : 132,
    "calories" : 4
  } ],
  "caloriesIdle" : 1706,
  "lastUpdate" : "20150601T064306Z"
} ]